ISO-10303-21;
HEADER;
FILE_DESCRIPTION(('FreeCAD Model'),'2;1');
FILE_NAME('Open CASCADE Shape Model','2026-09-25T08:18:14',(''),(''),
  'Open CASCADE STEP processor 7.8','FreeCAD','Unknown');
FILE_SCHEMA(('AUTOMOTIVE_DESIGN { 1 0 10303 214 1 1 1 1 }'));
ENDSEC;
DATA;
#1 = APPLICATION_PROTOCOL_DEFINITION('international standard',
  'automotive_design',2000,#2);
#2 = APPLICATION_CONTEXT(
  'core data for automotive mechanical design processes');
#3 = SHAPE_DEFINITION_REPRESENTATION(#4,#10);
#4 = PRODUCT_DEFINITION_SHAPE('','',#5);
#5 = PRODUCT_DEFINITION('design','',#6,#9);
#6 = PRODUCT_DEFINITION_FORMATION('','',#7);
#7 = PRODUCT('OakterUPSEnclosure','OakterUPSEnclosure','',(#8));
#8 = PRODUCT_CONTEXT('',#2,'mechanical');
#9 = PRODUCT_DEFINITION_CONTEXT('part definition',#2,'design');
#10 = ADVANCED_BREP_SHAPE_REPRESENTATION('',(#11,#15),#6557);
#11 = AXIS2_PLACEMENT_3D('',#12,#13,#14);
#12 = CARTESIAN_POINT('',(0.,0.,0.));
#13 = DIRECTION('',(0.,0.,1.));
#14 = DIRECTION('',(1.,0.,-0.));
#15 = MANIFOLD_SOLID_BREP('',#16);
#16 = CLOSED_SHELL('',(#17,#66,#97,#122,#316,#510,#573,#591,#616,#640,
    #664,#688,#713,#735,#752,#769,#781,#803,#820,#837,#849,#871,#888,
    #905,#917,#939,#956,#973,#985,#1017,#1041,#1066,#1090,#1107,#1315,
    #1355,#1388,#2375,#2392,#2425,#2589,#2620,#2645,#2669,#2694,#2718,
    #2743,#2767,#2785,#2807,#2824,#2841,#2853,#2870,#2887,#2904,#2916,
    #2941,#3084,#3227,#3252,#3283,#3301,#3485,#3502,#3519,#3536,#3548,
    #3579,#3604,#3629,#3646,#3677,#3702,#3727,#3744,#3775,#3800,#3825,
    #3842,#3873,#3898,#3923,#3940,#3971,#3996,#4021,#4038,#4069,#4094,
    #4119,#4136,#4167,#4192,#4216,#4234,#4265,#4290,#4314,#4332,#4363,
    #4388,#4412,#4430,#4461,#4486,#4510,#4528,#4559,#4584,#4608,#4626,
    #4657,#4682,#4706,#4724,#4755,#4780,#4805,#4822,#4853,#4878,#4903,
    #4920,#4951,#4976,#5001,#5018,#5049,#5074,#5099,#5116,#5147,#5172,
    #5197,#5214,#5245,#5270,#5295,#5312,#5343,#5368,#5392,#5410,#5441,
    #5466,#5490,#5508,#5539,#5564,#5588,#5606,#5637,#5662,#5686,#5704,
    #5735,#5760,#5784,#5802,#5833,#5858,#5882,#5900,#5913,#5935,#5952,
    #5969,#5981,#6003,#6020,#6037,#6049,#6071,#6088,#6105,#6117,#6139,
    #6156,#6173,#6185,#6345,#6354,#6370,#6387,#6398,#6414,#6431,#6442,
    #6451,#6467,#6484,#6495,#6511,#6528,#6539,#6548));
#17 = ADVANCED_FACE('',(#18),#61,.F.);
#18 = FACE_BOUND('',#19,.F.);
#19 = EDGE_LOOP('',(#20,#30,#38,#46,#54));
#20 = ORIENTED_EDGE('',*,*,#21,.T.);
#21 = EDGE_CURVE('',#22,#24,#26,.T.);
#22 = VERTEX_POINT('',#23);
#23 = CARTESIAN_POINT('',(40.,-8.,64.));
#24 = VERTEX_POINT('',#25);
#25 = CARTESIAN_POINT('',(40.,-8.,63.));
#26 = LINE('',#27,#28);
#27 = CARTESIAN_POINT('',(40.,-8.,65.));
#28 = VECTOR('',#29,1.);
#29 = DIRECTION('',(0.,0.,-1.));
#30 = ORIENTED_EDGE('',*,*,#31,.F.);
#31 = EDGE_CURVE('',#32,#24,#34,.T.);
#32 = VERTEX_POINT('',#33);
#33 = CARTESIAN_POINT('',(40.,-12.,63.));
#34 = LINE('',#35,#36);
#35 = CARTESIAN_POINT('',(40.,-18.,63.));
#36 = VECTOR('',#37,1.);
#37 = DIRECTION('',(0.,1.,-2.2E-16));
#38 = ORIENTED_EDGE('',*,*,#39,.F.);
#39 = EDGE_CURVE('',#40,#32,#42,.T.);
#40 = VERTEX_POINT('',#41);
#41 = CARTESIAN_POINT('',(40.,-12.,65.));
#42 = LINE('',#43,#44);
#43 = CARTESIAN_POINT('',(40.,-12.,95.));
#44 = VECTOR('',#45,1.);
#45 = DIRECTION('',(0.,0.,-1.));
#46 = ORIENTED_EDGE('',*,*,#47,.T.);
#47 = EDGE_CURVE('',#40,#48,#50,.T.);
#48 = VERTEX_POINT('',#49);
#49 = CARTESIAN_POINT('',(40.,-9.,65.));
#50 = LINE('',#51,#52);
#51 = CARTESIAN_POINT('',(40.,-18.,65.));
#52 = VECTOR('',#53,1.);
#53 = DIRECTION('',(0.,1.,-2.2E-16));
#54 = ORIENTED_EDGE('',*,*,#55,.T.);
#55 = EDGE_CURVE('',#48,#22,#56,.T.);
#56 = CIRCLE('',#57,1.);
#57 = AXIS2_PLACEMENT_3D('',#58,#59,#60);
#58 = CARTESIAN_POINT('',(40.,-9.,64.));
#59 = DIRECTION('',(-1.,0.,0.));
#60 = DIRECTION('',(0.,0.,1.));
#61 = PLANE('',#62);
#62 = AXIS2_PLACEMENT_3D('',#63,#64,#65);
#63 = CARTESIAN_POINT('',(40.,-18.,65.));
#64 = DIRECTION('',(-1.,0.,0.));
#65 = DIRECTION('',(0.,-2.2E-16,-1.));
#66 = ADVANCED_FACE('',(#67),#92,.T.);
#67 = FACE_BOUND('',#68,.T.);
#68 = EDGE_LOOP('',(#69,#70,#78,#86));
#69 = ORIENTED_EDGE('',*,*,#21,.T.);
#70 = ORIENTED_EDGE('',*,*,#71,.T.);
#71 = EDGE_CURVE('',#24,#72,#74,.T.);
#72 = VERTEX_POINT('',#73);
#73 = CARTESIAN_POINT('',(-40.,-8.,63.));
#74 = LINE('',#75,#76);
#75 = CARTESIAN_POINT('',(40.,-8.,63.));
#76 = VECTOR('',#77,1.);
#77 = DIRECTION('',(-1.,0.,0.));
#78 = ORIENTED_EDGE('',*,*,#79,.T.);
#79 = EDGE_CURVE('',#72,#80,#82,.T.);
#80 = VERTEX_POINT('',#81);
#81 = CARTESIAN_POINT('',(-40.,-8.,64.));
#82 = LINE('',#83,#84);
#83 = CARTESIAN_POINT('',(-40.,-8.,63.));
#84 = VECTOR('',#85,1.);
#85 = DIRECTION('',(0.,0.,1.));
#86 = ORIENTED_EDGE('',*,*,#87,.T.);
#87 = EDGE_CURVE('',#80,#22,#88,.T.);
#88 = LINE('',#89,#90);
#89 = CARTESIAN_POINT('',(-40.,-8.,64.));
#90 = VECTOR('',#91,1.);
#91 = DIRECTION('',(1.,0.,0.));
#92 = PLANE('',#93);
#93 = AXIS2_PLACEMENT_3D('',#94,#95,#96);
#94 = CARTESIAN_POINT('',(0.,-8.,64.));
#95 = DIRECTION('',(0.,1.,0.));
#96 = DIRECTION('',(0.,0.,1.));
#97 = ADVANCED_FACE('',(#98),#117,.T.);
#98 = FACE_BOUND('',#99,.F.);
#99 = EDGE_LOOP('',(#100,#109,#110,#111));
#100 = ORIENTED_EDGE('',*,*,#101,.T.);
#101 = EDGE_CURVE('',#102,#80,#104,.T.);
#102 = VERTEX_POINT('',#103);
#103 = CARTESIAN_POINT('',(-40.,-9.,65.));
#104 = CIRCLE('',#105,1.);
#105 = AXIS2_PLACEMENT_3D('',#106,#107,#108);
#106 = CARTESIAN_POINT('',(-40.,-9.,64.));
#107 = DIRECTION('',(-1.,0.,0.));
#108 = DIRECTION('',(0.,0.,1.));
#109 = ORIENTED_EDGE('',*,*,#87,.T.);
#110 = ORIENTED_EDGE('',*,*,#55,.F.);
#111 = ORIENTED_EDGE('',*,*,#112,.F.);
#112 = EDGE_CURVE('',#102,#48,#113,.T.);
#113 = LINE('',#114,#115);
#114 = CARTESIAN_POINT('',(-40.,-9.,65.));
#115 = VECTOR('',#116,1.);
#116 = DIRECTION('',(1.,0.,0.));
#117 = CYLINDRICAL_SURFACE('',#118,1.);
#118 = AXIS2_PLACEMENT_3D('',#119,#120,#121);
#119 = CARTESIAN_POINT('',(-40.,-9.,64.));
#120 = DIRECTION('',(1.,0.,0.));
#121 = DIRECTION('',(0.,2.2E-16,1.));
#122 = ADVANCED_FACE('',(#123,#175,#209,#243,#277),#311,.F.);
#123 = FACE_BOUND('',#124,.F.);
#124 = EDGE_LOOP('',(#125,#134,#135,#136,#144,#153,#161,#169));
#125 = ORIENTED_EDGE('',*,*,#126,.F.);
#126 = EDGE_CURVE('',#32,#127,#129,.T.);
#127 = VERTEX_POINT('',#128);
#128 = CARTESIAN_POINT('',(37.,-15.,63.));
#129 = CIRCLE('',#130,3.);
#130 = AXIS2_PLACEMENT_3D('',#131,#132,#133);
#131 = CARTESIAN_POINT('',(40.,-15.,63.));
#132 = DIRECTION('',(0.,0.,1.));
#133 = DIRECTION('',(-1.,0.,0.));
#134 = ORIENTED_EDGE('',*,*,#31,.T.);
#135 = ORIENTED_EDGE('',*,*,#71,.T.);
#136 = ORIENTED_EDGE('',*,*,#137,.F.);
#137 = EDGE_CURVE('',#138,#72,#140,.T.);
#138 = VERTEX_POINT('',#139);
#139 = CARTESIAN_POINT('',(-40.,-12.,63.));
#140 = LINE('',#141,#142);
#141 = CARTESIAN_POINT('',(-40.,-18.,63.));
#142 = VECTOR('',#143,1.);
#143 = DIRECTION('',(0.,1.,-2.2E-16));
#144 = ORIENTED_EDGE('',*,*,#145,.F.);
#145 = EDGE_CURVE('',#146,#138,#148,.T.);
#146 = VERTEX_POINT('',#147);
#147 = CARTESIAN_POINT('',(-37.,-15.,63.));
#148 = CIRCLE('',#149,3.);
#149 = AXIS2_PLACEMENT_3D('',#150,#151,#152);
#150 = CARTESIAN_POINT('',(-40.,-15.,63.));
#151 = DIRECTION('',(0.,0.,1.));
#152 = DIRECTION('',(1.,0.,0.));
#153 = ORIENTED_EDGE('',*,*,#154,.F.);
#154 = EDGE_CURVE('',#155,#146,#157,.T.);
#155 = VERTEX_POINT('',#156);
#156 = CARTESIAN_POINT('',(-37.,-18.,63.));
#157 = LINE('',#158,#159);
#158 = CARTESIAN_POINT('',(-37.,-18.,63.));
#159 = VECTOR('',#160,1.);
#160 = DIRECTION('',(0.,1.,-2.2E-16));
#161 = ORIENTED_EDGE('',*,*,#162,.F.);
#162 = EDGE_CURVE('',#163,#155,#165,.T.);
#163 = VERTEX_POINT('',#164);
#164 = CARTESIAN_POINT('',(37.,-18.,63.));
#165 = LINE('',#166,#167);
#166 = CARTESIAN_POINT('',(40.,-18.,63.));
#167 = VECTOR('',#168,1.);
#168 = DIRECTION('',(-1.,0.,0.));
#169 = ORIENTED_EDGE('',*,*,#170,.T.);
#170 = EDGE_CURVE('',#163,#127,#171,.T.);
#171 = LINE('',#172,#173);
#172 = CARTESIAN_POINT('',(37.,-18.,63.));
#173 = VECTOR('',#174,1.);
#174 = DIRECTION('',(0.,1.,-2.2E-16));
#175 = FACE_BOUND('',#176,.F.);
#176 = EDGE_LOOP('',(#177,#187,#195,#203));
#177 = ORIENTED_EDGE('',*,*,#178,.T.);
#178 = EDGE_CURVE('',#179,#181,#183,.T.);
#179 = VERTEX_POINT('',#180);
#180 = CARTESIAN_POINT('',(25.,-10.,63.));
#181 = VERTEX_POINT('',#182);
#182 = CARTESIAN_POINT('',(28.,-10.,63.));
#183 = LINE('',#184,#185);
#184 = CARTESIAN_POINT('',(32.5,-10.,63.));
#185 = VECTOR('',#186,1.);
#186 = DIRECTION('',(1.,0.,0.));
#187 = ORIENTED_EDGE('',*,*,#188,.T.);
#188 = EDGE_CURVE('',#181,#189,#191,.T.);
#189 = VERTEX_POINT('',#190);
#190 = CARTESIAN_POINT('',(28.,-12.,63.));
#191 = LINE('',#192,#193);
#192 = CARTESIAN_POINT('',(28.,-14.,63.));
#193 = VECTOR('',#194,1.);
#194 = DIRECTION('',(0.,-1.,2.2E-16));
#195 = ORIENTED_EDGE('',*,*,#196,.T.);
#196 = EDGE_CURVE('',#189,#197,#199,.T.);
#197 = VERTEX_POINT('',#198);
#198 = CARTESIAN_POINT('',(25.,-12.,63.));
#199 = LINE('',#200,#201);
#200 = CARTESIAN_POINT('',(34.,-12.,63.));
#201 = VECTOR('',#202,1.);
#202 = DIRECTION('',(-1.,0.,0.));
#203 = ORIENTED_EDGE('',*,*,#204,.T.);
#204 = EDGE_CURVE('',#197,#179,#205,.T.);
#205 = LINE('',#206,#207);
#206 = CARTESIAN_POINT('',(25.,-15.,63.));
#207 = VECTOR('',#208,1.);
#208 = DIRECTION('',(0.,1.,-2.2E-16));
#209 = FACE_BOUND('',#210,.F.);
#210 = EDGE_LOOP('',(#211,#221,#229,#237));
#211 = ORIENTED_EDGE('',*,*,#212,.F.);
#212 = EDGE_CURVE('',#213,#215,#217,.T.);
#213 = VERTEX_POINT('',#214);
#214 = CARTESIAN_POINT('',(-28.,-10.,63.));
#215 = VERTEX_POINT('',#216);
#216 = CARTESIAN_POINT('',(-28.,-12.,63.));
#217 = LINE('',#218,#219);
#218 = CARTESIAN_POINT('',(-28.,-14.,63.));
#219 = VECTOR('',#220,1.);
#220 = DIRECTION('',(0.,-1.,2.2E-16));
#221 = ORIENTED_EDGE('',*,*,#222,.F.);
#222 = EDGE_CURVE('',#223,#213,#225,.T.);
#223 = VERTEX_POINT('',#224);
#224 = CARTESIAN_POINT('',(-25.,-10.,63.));
#225 = LINE('',#226,#227);
#226 = CARTESIAN_POINT('',(7.5,-10.,63.));
#227 = VECTOR('',#228,1.);
#228 = DIRECTION('',(-1.,0.,0.));
#229 = ORIENTED_EDGE('',*,*,#230,.F.);
#230 = EDGE_CURVE('',#231,#223,#233,.T.);
#231 = VERTEX_POINT('',#232);
#232 = CARTESIAN_POINT('',(-25.,-12.,63.));
#233 = LINE('',#234,#235);
#234 = CARTESIAN_POINT('',(-25.,-15.,63.));
#235 = VECTOR('',#236,1.);
#236 = DIRECTION('',(0.,1.,-2.2E-16));
#237 = ORIENTED_EDGE('',*,*,#238,.F.);
#238 = EDGE_CURVE('',#215,#231,#239,.T.);
#239 = LINE('',#240,#241);
#240 = CARTESIAN_POINT('',(6.,-12.,63.));
#241 = VECTOR('',#242,1.);
#242 = DIRECTION('',(1.,0.,0.));
#243 = FACE_BOUND('',#244,.F.);
#244 = EDGE_LOOP('',(#245,#255,#263,#271));
#245 = ORIENTED_EDGE('',*,*,#246,.T.);
#246 = EDGE_CURVE('',#247,#249,#251,.T.);
#247 = VERTEX_POINT('',#248);
#248 = CARTESIAN_POINT('',(25.,-15.5,63.));
#249 = VERTEX_POINT('',#250);
#250 = CARTESIAN_POINT('',(28.,-15.5,63.));
#251 = LINE('',#252,#253);
#252 = CARTESIAN_POINT('',(32.5,-15.5,63.));
#253 = VECTOR('',#254,1.);
#254 = DIRECTION('',(1.,0.,0.));
#255 = ORIENTED_EDGE('',*,*,#256,.T.);
#256 = EDGE_CURVE('',#249,#257,#259,.T.);
#257 = VERTEX_POINT('',#258);
#258 = CARTESIAN_POINT('',(28.,-17.5,63.));
#259 = LINE('',#260,#261);
#260 = CARTESIAN_POINT('',(28.,-16.75,63.));
#261 = VECTOR('',#262,1.);
#262 = DIRECTION('',(0.,-1.,2.2E-16));
#263 = ORIENTED_EDGE('',*,*,#264,.T.);
#264 = EDGE_CURVE('',#257,#265,#267,.T.);
#265 = VERTEX_POINT('',#266);
#266 = CARTESIAN_POINT('',(25.,-17.5,63.));
#267 = LINE('',#268,#269);
#268 = CARTESIAN_POINT('',(34.,-17.5,63.));
#269 = VECTOR('',#270,1.);
#270 = DIRECTION('',(-1.,0.,0.));
#271 = ORIENTED_EDGE('',*,*,#272,.T.);
#272 = EDGE_CURVE('',#265,#247,#273,.T.);
#273 = LINE('',#274,#275);
#274 = CARTESIAN_POINT('',(25.,-17.75,63.));
#275 = VECTOR('',#276,1.);
#276 = DIRECTION('',(0.,1.,-2.2E-16));
#277 = FACE_BOUND('',#278,.F.);
#278 = EDGE_LOOP('',(#279,#289,#297,#305));
#279 = ORIENTED_EDGE('',*,*,#280,.F.);
#280 = EDGE_CURVE('',#281,#283,#285,.T.);
#281 = VERTEX_POINT('',#282);
#282 = CARTESIAN_POINT('',(-28.,-15.5,63.));
#283 = VERTEX_POINT('',#284);
#284 = CARTESIAN_POINT('',(-28.,-17.5,63.));
#285 = LINE('',#286,#287);
#286 = CARTESIAN_POINT('',(-28.,-16.75,63.));
#287 = VECTOR('',#288,1.);
#288 = DIRECTION('',(0.,-1.,2.2E-16));
#289 = ORIENTED_EDGE('',*,*,#290,.F.);
#290 = EDGE_CURVE('',#291,#281,#293,.T.);
#291 = VERTEX_POINT('',#292);
#292 = CARTESIAN_POINT('',(-25.,-15.5,63.));
#293 = LINE('',#294,#295);
#294 = CARTESIAN_POINT('',(7.5,-15.5,63.));
#295 = VECTOR('',#296,1.);
#296 = DIRECTION('',(-1.,0.,0.));
#297 = ORIENTED_EDGE('',*,*,#298,.F.);
#298 = EDGE_CURVE('',#299,#291,#301,.T.);
#299 = VERTEX_POINT('',#300);
#300 = CARTESIAN_POINT('',(-25.,-17.5,63.));
#301 = LINE('',#302,#303);
#302 = CARTESIAN_POINT('',(-25.,-17.75,63.));
#303 = VECTOR('',#304,1.);
#304 = DIRECTION('',(0.,1.,-2.2E-16));
#305 = ORIENTED_EDGE('',*,*,#306,.F.);
#306 = EDGE_CURVE('',#283,#299,#307,.T.);
#307 = LINE('',#308,#309);
#308 = CARTESIAN_POINT('',(6.,-17.5,63.));
#309 = VECTOR('',#310,1.);
#310 = DIRECTION('',(1.,0.,0.));
#311 = PLANE('',#312);
#312 = AXIS2_PLACEMENT_3D('',#313,#314,#315);
#313 = CARTESIAN_POINT('',(40.,-18.,63.));
#314 = DIRECTION('',(0.,2.2E-16,1.));
#315 = DIRECTION('',(-1.,0.,0.));
#316 = ADVANCED_FACE('',(#317,#369,#403,#437,#471),#505,.F.);
#317 = FACE_BOUND('',#318,.F.);
#318 = EDGE_LOOP('',(#319,#327,#328,#329,#338,#346,#354,#362));
#319 = ORIENTED_EDGE('',*,*,#320,.T.);
#320 = EDGE_CURVE('',#321,#102,#323,.T.);
#321 = VERTEX_POINT('',#322);
#322 = CARTESIAN_POINT('',(-40.,-12.,65.));
#323 = LINE('',#324,#325);
#324 = CARTESIAN_POINT('',(-40.,-18.,65.));
#325 = VECTOR('',#326,1.);
#326 = DIRECTION('',(0.,1.,-2.2E-16));
#327 = ORIENTED_EDGE('',*,*,#112,.T.);
#328 = ORIENTED_EDGE('',*,*,#47,.F.);
#329 = ORIENTED_EDGE('',*,*,#330,.T.);
#330 = EDGE_CURVE('',#40,#331,#333,.T.);
#331 = VERTEX_POINT('',#332);
#332 = CARTESIAN_POINT('',(37.,-15.,65.));
#333 = CIRCLE('',#334,3.);
#334 = AXIS2_PLACEMENT_3D('',#335,#336,#337);
#335 = CARTESIAN_POINT('',(40.,-15.,65.));
#336 = DIRECTION('',(0.,0.,1.));
#337 = DIRECTION('',(-1.,0.,0.));
#338 = ORIENTED_EDGE('',*,*,#339,.T.);
#339 = EDGE_CURVE('',#331,#340,#342,.T.);
#340 = VERTEX_POINT('',#341);
#341 = CARTESIAN_POINT('',(37.,-18.,65.));
#342 = LINE('',#343,#344);
#343 = CARTESIAN_POINT('',(37.,-18.,65.));
#344 = VECTOR('',#345,1.);
#345 = DIRECTION('',(0.,-1.,2.2E-16));
#346 = ORIENTED_EDGE('',*,*,#347,.F.);
#347 = EDGE_CURVE('',#348,#340,#350,.T.);
#348 = VERTEX_POINT('',#349);
#349 = CARTESIAN_POINT('',(-37.,-18.,65.));
#350 = LINE('',#351,#352);
#351 = CARTESIAN_POINT('',(-40.,-18.,65.));
#352 = VECTOR('',#353,1.);
#353 = DIRECTION('',(1.,0.,0.));
#354 = ORIENTED_EDGE('',*,*,#355,.F.);
#355 = EDGE_CURVE('',#356,#348,#358,.T.);
#356 = VERTEX_POINT('',#357);
#357 = CARTESIAN_POINT('',(-37.,-15.,65.));
#358 = LINE('',#359,#360);
#359 = CARTESIAN_POINT('',(-37.,-18.,65.));
#360 = VECTOR('',#361,1.);
#361 = DIRECTION('',(0.,-1.,2.2E-16));
#362 = ORIENTED_EDGE('',*,*,#363,.T.);
#363 = EDGE_CURVE('',#356,#321,#364,.T.);
#364 = CIRCLE('',#365,3.);
#365 = AXIS2_PLACEMENT_3D('',#366,#367,#368);
#366 = CARTESIAN_POINT('',(-40.,-15.,65.));
#367 = DIRECTION('',(0.,0.,1.));
#368 = DIRECTION('',(1.,0.,0.));
#369 = FACE_BOUND('',#370,.F.);
#370 = EDGE_LOOP('',(#371,#381,#389,#397));
#371 = ORIENTED_EDGE('',*,*,#372,.T.);
#372 = EDGE_CURVE('',#373,#375,#377,.T.);
#373 = VERTEX_POINT('',#374);
#374 = CARTESIAN_POINT('',(-25.,-10.,65.));
#375 = VERTEX_POINT('',#376);
#376 = CARTESIAN_POINT('',(-28.,-10.,65.));
#377 = LINE('',#378,#379);
#378 = CARTESIAN_POINT('',(-25.,-10.,65.));
#379 = VECTOR('',#380,1.);
#380 = DIRECTION('',(-1.,0.,0.));
#381 = ORIENTED_EDGE('',*,*,#382,.T.);
#382 = EDGE_CURVE('',#375,#383,#385,.T.);
#383 = VERTEX_POINT('',#384);
#384 = CARTESIAN_POINT('',(-28.,-12.,65.));
#385 = LINE('',#386,#387);
#386 = CARTESIAN_POINT('',(-28.,-10.,65.));
#387 = VECTOR('',#388,1.);
#388 = DIRECTION('',(0.,-1.,0.));
#389 = ORIENTED_EDGE('',*,*,#390,.T.);
#390 = EDGE_CURVE('',#383,#391,#393,.T.);
#391 = VERTEX_POINT('',#392);
#392 = CARTESIAN_POINT('',(-25.,-12.,65.));
#393 = LINE('',#394,#395);
#394 = CARTESIAN_POINT('',(-28.,-12.,65.));
#395 = VECTOR('',#396,1.);
#396 = DIRECTION('',(1.,0.,0.));
#397 = ORIENTED_EDGE('',*,*,#398,.T.);
#398 = EDGE_CURVE('',#391,#373,#399,.T.);
#399 = LINE('',#400,#401);
#400 = CARTESIAN_POINT('',(-25.,-12.,65.));
#401 = VECTOR('',#402,1.);
#402 = DIRECTION('',(0.,1.,0.));
#403 = FACE_BOUND('',#404,.F.);
#404 = EDGE_LOOP('',(#405,#415,#423,#431));
#405 = ORIENTED_EDGE('',*,*,#406,.F.);
#406 = EDGE_CURVE('',#407,#409,#411,.T.);
#407 = VERTEX_POINT('',#408);
#408 = CARTESIAN_POINT('',(28.,-10.,65.));
#409 = VERTEX_POINT('',#410);
#410 = CARTESIAN_POINT('',(28.,-12.,65.));
#411 = LINE('',#412,#413);
#412 = CARTESIAN_POINT('',(28.,-10.,65.));
#413 = VECTOR('',#414,1.);
#414 = DIRECTION('',(-0.,-1.,-0.));
#415 = ORIENTED_EDGE('',*,*,#416,.F.);
#416 = EDGE_CURVE('',#417,#407,#419,.T.);
#417 = VERTEX_POINT('',#418);
#418 = CARTESIAN_POINT('',(25.,-10.,65.));
#419 = LINE('',#420,#421);
#420 = CARTESIAN_POINT('',(25.,-10.,65.));
#421 = VECTOR('',#422,1.);
#422 = DIRECTION('',(1.,0.,0.));
#423 = ORIENTED_EDGE('',*,*,#424,.F.);
#424 = EDGE_CURVE('',#425,#417,#427,.T.);
#425 = VERTEX_POINT('',#426);
#426 = CARTESIAN_POINT('',(25.,-12.,65.));
#427 = LINE('',#428,#429);
#428 = CARTESIAN_POINT('',(25.,-12.,65.));
#429 = VECTOR('',#430,1.);
#430 = DIRECTION('',(0.,1.,0.));
#431 = ORIENTED_EDGE('',*,*,#432,.F.);
#432 = EDGE_CURVE('',#409,#425,#433,.T.);
#433 = LINE('',#434,#435);
#434 = CARTESIAN_POINT('',(28.,-12.,65.));
#435 = VECTOR('',#436,1.);
#436 = DIRECTION('',(-1.,-0.,-0.));
#437 = FACE_BOUND('',#438,.F.);
#438 = EDGE_LOOP('',(#439,#449,#457,#465));
#439 = ORIENTED_EDGE('',*,*,#440,.T.);
#440 = EDGE_CURVE('',#441,#443,#445,.T.);
#441 = VERTEX_POINT('',#442);
#442 = CARTESIAN_POINT('',(-25.,-15.5,65.));
#443 = VERTEX_POINT('',#444);
#444 = CARTESIAN_POINT('',(-28.,-15.5,65.));
#445 = LINE('',#446,#447);
#446 = CARTESIAN_POINT('',(-25.,-15.5,65.));
#447 = VECTOR('',#448,1.);
#448 = DIRECTION('',(-1.,0.,0.));
#449 = ORIENTED_EDGE('',*,*,#450,.T.);
#450 = EDGE_CURVE('',#443,#451,#453,.T.);
#451 = VERTEX_POINT('',#452);
#452 = CARTESIAN_POINT('',(-28.,-17.5,65.));
#453 = LINE('',#454,#455);
#454 = CARTESIAN_POINT('',(-28.,-15.5,65.));
#455 = VECTOR('',#456,1.);
#456 = DIRECTION('',(0.,-1.,0.));
#457 = ORIENTED_EDGE('',*,*,#458,.T.);
#458 = EDGE_CURVE('',#451,#459,#461,.T.);
#459 = VERTEX_POINT('',#460);
#460 = CARTESIAN_POINT('',(-25.,-17.5,65.));
#461 = LINE('',#462,#463);
#462 = CARTESIAN_POINT('',(-28.,-17.5,65.));
#463 = VECTOR('',#464,1.);
#464 = DIRECTION('',(1.,0.,0.));
#465 = ORIENTED_EDGE('',*,*,#466,.T.);
#466 = EDGE_CURVE('',#459,#441,#467,.T.);
#467 = LINE('',#468,#469);
#468 = CARTESIAN_POINT('',(-25.,-17.5,65.));
#469 = VECTOR('',#470,1.);
#470 = DIRECTION('',(0.,1.,0.));
#471 = FACE_BOUND('',#472,.F.);
#472 = EDGE_LOOP('',(#473,#483,#491,#499));
#473 = ORIENTED_EDGE('',*,*,#474,.F.);
#474 = EDGE_CURVE('',#475,#477,#479,.T.);
#475 = VERTEX_POINT('',#476);
#476 = CARTESIAN_POINT('',(28.,-15.5,65.));
#477 = VERTEX_POINT('',#478);
#478 = CARTESIAN_POINT('',(28.,-17.5,65.));
#479 = LINE('',#480,#481);
#480 = CARTESIAN_POINT('',(28.,-15.5,65.));
#481 = VECTOR('',#482,1.);
#482 = DIRECTION('',(-0.,-1.,-0.));
#483 = ORIENTED_EDGE('',*,*,#484,.F.);
#484 = EDGE_CURVE('',#485,#475,#487,.T.);
#485 = VERTEX_POINT('',#486);
#486 = CARTESIAN_POINT('',(25.,-15.5,65.));
#487 = LINE('',#488,#489);
#488 = CARTESIAN_POINT('',(25.,-15.5,65.));
#489 = VECTOR('',#490,1.);
#490 = DIRECTION('',(1.,0.,0.));
#491 = ORIENTED_EDGE('',*,*,#492,.F.);
#492 = EDGE_CURVE('',#493,#485,#495,.T.);
#493 = VERTEX_POINT('',#494);
#494 = CARTESIAN_POINT('',(25.,-17.5,65.));
#495 = LINE('',#496,#497);
#496 = CARTESIAN_POINT('',(25.,-17.5,65.));
#497 = VECTOR('',#498,1.);
#498 = DIRECTION('',(0.,1.,0.));
#499 = ORIENTED_EDGE('',*,*,#500,.F.);
#500 = EDGE_CURVE('',#477,#493,#501,.T.);
#501 = LINE('',#502,#503);
#502 = CARTESIAN_POINT('',(28.,-17.5,65.));
#503 = VECTOR('',#504,1.);
#504 = DIRECTION('',(-1.,-0.,-0.));
#505 = PLANE('',#506);
#506 = AXIS2_PLACEMENT_3D('',#507,#508,#509);
#507 = CARTESIAN_POINT('',(-40.,-18.,65.));
#508 = DIRECTION('',(0.,-2.2E-16,-1.));
#509 = DIRECTION('',(1.,0.,0.));
#510 = ADVANCED_FACE('',(#511),#568,.T.);
#511 = FACE_BOUND('',#512,.T.);
#512 = EDGE_LOOP('',(#513,#523,#531,#539,#547,#555,#561,#562));
#513 = ORIENTED_EDGE('',*,*,#514,.F.);
#514 = EDGE_CURVE('',#515,#517,#519,.T.);
#515 = VERTEX_POINT('',#516);
#516 = CARTESIAN_POINT('',(43.,-12.,95.));
#517 = VERTEX_POINT('',#518);
#518 = CARTESIAN_POINT('',(40.,-12.,95.));
#519 = LINE('',#520,#521);
#520 = CARTESIAN_POINT('',(43.,-12.,95.));
#521 = VECTOR('',#522,1.);
#522 = DIRECTION('',(-1.,0.,0.));
#523 = ORIENTED_EDGE('',*,*,#524,.T.);
#524 = EDGE_CURVE('',#515,#525,#527,.T.);
#525 = VERTEX_POINT('',#526);
#526 = CARTESIAN_POINT('',(43.,-12.,2.));
#527 = LINE('',#528,#529);
#528 = CARTESIAN_POINT('',(43.,-12.,95.));
#529 = VECTOR('',#530,1.);
#530 = DIRECTION('',(0.,0.,-1.));
#531 = ORIENTED_EDGE('',*,*,#532,.T.);
#532 = EDGE_CURVE('',#525,#533,#535,.T.);
#533 = VERTEX_POINT('',#534);
#534 = CARTESIAN_POINT('',(40.,-12.,2.));
#535 = LINE('',#536,#537);
#536 = CARTESIAN_POINT('',(21.5,-12.,2.));
#537 = VECTOR('',#538,1.);
#538 = DIRECTION('',(-1.,0.,0.));
#539 = ORIENTED_EDGE('',*,*,#540,.F.);
#540 = EDGE_CURVE('',#541,#533,#543,.T.);
#541 = VERTEX_POINT('',#542);
#542 = CARTESIAN_POINT('',(40.,-12.,41.));
#543 = LINE('',#544,#545);
#544 = CARTESIAN_POINT('',(40.,-12.,95.));
#545 = VECTOR('',#546,1.);
#546 = DIRECTION('',(0.,0.,-1.));
#547 = ORIENTED_EDGE('',*,*,#548,.F.);
#548 = EDGE_CURVE('',#549,#541,#551,.T.);
#549 = VERTEX_POINT('',#550);
#550 = CARTESIAN_POINT('',(40.,-12.,43.));
#551 = LINE('',#552,#553);
#552 = CARTESIAN_POINT('',(40.,-12.,95.));
#553 = VECTOR('',#554,1.);
#554 = DIRECTION('',(0.,0.,-1.));
#555 = ORIENTED_EDGE('',*,*,#556,.F.);
#556 = EDGE_CURVE('',#32,#549,#557,.T.);
#557 = LINE('',#558,#559);
#558 = CARTESIAN_POINT('',(40.,-12.,95.));
#559 = VECTOR('',#560,1.);
#560 = DIRECTION('',(0.,0.,-1.));
#561 = ORIENTED_EDGE('',*,*,#39,.F.);
#562 = ORIENTED_EDGE('',*,*,#563,.F.);
#563 = EDGE_CURVE('',#517,#40,#564,.T.);
#564 = LINE('',#565,#566);
#565 = CARTESIAN_POINT('',(40.,-12.,95.));
#566 = VECTOR('',#567,1.);
#567 = DIRECTION('',(0.,0.,-1.));
#568 = PLANE('',#569);
#569 = AXIS2_PLACEMENT_3D('',#570,#571,#572);
#570 = CARTESIAN_POINT('',(43.,-12.,95.));
#571 = DIRECTION('',(0.,1.,0.));
#572 = DIRECTION('',(-1.,0.,0.));
#573 = ADVANCED_FACE('',(#574),#586,.F.);
#574 = FACE_BOUND('',#575,.F.);
#575 = EDGE_LOOP('',(#576,#577,#583,#584,#585));
#576 = ORIENTED_EDGE('',*,*,#320,.F.);
#577 = ORIENTED_EDGE('',*,*,#578,.T.);
#578 = EDGE_CURVE('',#321,#138,#579,.T.);
#579 = LINE('',#580,#581);
#580 = CARTESIAN_POINT('',(-40.,-12.,95.));
#581 = VECTOR('',#582,1.);
#582 = DIRECTION('',(0.,0.,-1.));
#583 = ORIENTED_EDGE('',*,*,#137,.T.);
#584 = ORIENTED_EDGE('',*,*,#79,.T.);
#585 = ORIENTED_EDGE('',*,*,#101,.F.);
#586 = PLANE('',#587);
#587 = AXIS2_PLACEMENT_3D('',#588,#589,#590);
#588 = CARTESIAN_POINT('',(-40.,-18.,63.));
#589 = DIRECTION('',(1.,0.,0.));
#590 = DIRECTION('',(0.,2.2E-16,1.));
#591 = ADVANCED_FACE('',(#592),#611,.T.);
#592 = FACE_BOUND('',#593,.T.);
#593 = EDGE_LOOP('',(#594,#595,#596,#605));
#594 = ORIENTED_EDGE('',*,*,#126,.F.);
#595 = ORIENTED_EDGE('',*,*,#556,.T.);
#596 = ORIENTED_EDGE('',*,*,#597,.T.);
#597 = EDGE_CURVE('',#549,#598,#600,.T.);
#598 = VERTEX_POINT('',#599);
#599 = CARTESIAN_POINT('',(37.,-15.,43.));
#600 = CIRCLE('',#601,3.);
#601 = AXIS2_PLACEMENT_3D('',#602,#603,#604);
#602 = CARTESIAN_POINT('',(40.,-15.,43.));
#603 = DIRECTION('',(0.,0.,1.));
#604 = DIRECTION('',(-1.,0.,0.));
#605 = ORIENTED_EDGE('',*,*,#606,.F.);
#606 = EDGE_CURVE('',#127,#598,#607,.T.);
#607 = LINE('',#608,#609);
#608 = CARTESIAN_POINT('',(37.,-15.,95.));
#609 = VECTOR('',#610,1.);
#610 = DIRECTION('',(0.,0.,-1.));
#611 = CYLINDRICAL_SURFACE('',#612,3.);
#612 = AXIS2_PLACEMENT_3D('',#613,#614,#615);
#613 = CARTESIAN_POINT('',(40.,-15.,95.));
#614 = DIRECTION('',(0.,0.,1.));
#615 = DIRECTION('',(-1.,0.,0.));
#616 = ADVANCED_FACE('',(#617),#635,.F.);
#617 = FACE_BOUND('',#618,.F.);
#618 = EDGE_LOOP('',(#619,#620,#628,#634));
#619 = ORIENTED_EDGE('',*,*,#170,.F.);
#620 = ORIENTED_EDGE('',*,*,#621,.T.);
#621 = EDGE_CURVE('',#163,#622,#624,.T.);
#622 = VERTEX_POINT('',#623);
#623 = CARTESIAN_POINT('',(37.,-18.,43.));
#624 = LINE('',#625,#626);
#625 = CARTESIAN_POINT('',(37.,-18.,95.));
#626 = VECTOR('',#627,1.);
#627 = DIRECTION('',(0.,0.,-1.));
#628 = ORIENTED_EDGE('',*,*,#629,.F.);
#629 = EDGE_CURVE('',#598,#622,#630,.T.);
#630 = LINE('',#631,#632);
#631 = CARTESIAN_POINT('',(37.,-18.,43.));
#632 = VECTOR('',#633,1.);
#633 = DIRECTION('',(0.,-1.,2.2E-16));
#634 = ORIENTED_EDGE('',*,*,#606,.F.);
#635 = PLANE('',#636);
#636 = AXIS2_PLACEMENT_3D('',#637,#638,#639);
#637 = CARTESIAN_POINT('',(37.,-18.,95.));
#638 = DIRECTION('',(1.,0.,0.));
#639 = DIRECTION('',(0.,1.,0.));
#640 = ADVANCED_FACE('',(#641),#659,.T.);
#641 = FACE_BOUND('',#642,.T.);
#642 = EDGE_LOOP('',(#643,#644,#652,#658));
#643 = ORIENTED_EDGE('',*,*,#621,.T.);
#644 = ORIENTED_EDGE('',*,*,#645,.F.);
#645 = EDGE_CURVE('',#646,#622,#648,.T.);
#646 = VERTEX_POINT('',#647);
#647 = CARTESIAN_POINT('',(-37.,-18.,43.));
#648 = LINE('',#649,#650);
#649 = CARTESIAN_POINT('',(-40.,-18.,43.));
#650 = VECTOR('',#651,1.);
#651 = DIRECTION('',(1.,0.,0.));
#652 = ORIENTED_EDGE('',*,*,#653,.F.);
#653 = EDGE_CURVE('',#155,#646,#654,.T.);
#654 = LINE('',#655,#656);
#655 = CARTESIAN_POINT('',(-37.,-18.,95.));
#656 = VECTOR('',#657,1.);
#657 = DIRECTION('',(0.,0.,-1.));
#658 = ORIENTED_EDGE('',*,*,#162,.F.);
#659 = PLANE('',#660);
#660 = AXIS2_PLACEMENT_3D('',#661,#662,#663);
#661 = CARTESIAN_POINT('',(-40.,-18.,0.));
#662 = DIRECTION('',(0.,1.,0.));
#663 = DIRECTION('',(1.,0.,0.));
#664 = ADVANCED_FACE('',(#665),#683,.F.);
#665 = FACE_BOUND('',#666,.T.);
#666 = EDGE_LOOP('',(#667,#668,#669,#677));
#667 = ORIENTED_EDGE('',*,*,#154,.F.);
#668 = ORIENTED_EDGE('',*,*,#653,.T.);
#669 = ORIENTED_EDGE('',*,*,#670,.F.);
#670 = EDGE_CURVE('',#671,#646,#673,.T.);
#671 = VERTEX_POINT('',#672);
#672 = CARTESIAN_POINT('',(-37.,-15.,43.));
#673 = LINE('',#674,#675);
#674 = CARTESIAN_POINT('',(-37.,-18.,43.));
#675 = VECTOR('',#676,1.);
#676 = DIRECTION('',(0.,-1.,2.2E-16));
#677 = ORIENTED_EDGE('',*,*,#678,.F.);
#678 = EDGE_CURVE('',#146,#671,#679,.T.);
#679 = LINE('',#680,#681);
#680 = CARTESIAN_POINT('',(-37.,-15.,95.));
#681 = VECTOR('',#682,1.);
#682 = DIRECTION('',(0.,0.,-1.));
#683 = PLANE('',#684);
#684 = AXIS2_PLACEMENT_3D('',#685,#686,#687);
#685 = CARTESIAN_POINT('',(-37.,-18.,95.));
#686 = DIRECTION('',(-1.,-0.,-0.));
#687 = DIRECTION('',(-0.,-1.,-0.));
#688 = ADVANCED_FACE('',(#689),#708,.T.);
#689 = FACE_BOUND('',#690,.F.);
#690 = EDGE_LOOP('',(#691,#692,#700,#707));
#691 = ORIENTED_EDGE('',*,*,#145,.T.);
#692 = ORIENTED_EDGE('',*,*,#693,.T.);
#693 = EDGE_CURVE('',#138,#694,#696,.T.);
#694 = VERTEX_POINT('',#695);
#695 = CARTESIAN_POINT('',(-40.,-12.,43.));
#696 = LINE('',#697,#698);
#697 = CARTESIAN_POINT('',(-40.,-12.,95.));
#698 = VECTOR('',#699,1.);
#699 = DIRECTION('',(0.,0.,-1.));
#700 = ORIENTED_EDGE('',*,*,#701,.F.);
#701 = EDGE_CURVE('',#671,#694,#702,.T.);
#702 = CIRCLE('',#703,3.);
#703 = AXIS2_PLACEMENT_3D('',#704,#705,#706);
#704 = CARTESIAN_POINT('',(-40.,-15.,43.));
#705 = DIRECTION('',(0.,0.,1.));
#706 = DIRECTION('',(1.,0.,0.));
#707 = ORIENTED_EDGE('',*,*,#678,.F.);
#708 = CYLINDRICAL_SURFACE('',#709,3.);
#709 = AXIS2_PLACEMENT_3D('',#710,#711,#712);
#710 = CARTESIAN_POINT('',(-40.,-15.,95.));
#711 = DIRECTION('',(0.,0.,1.));
#712 = DIRECTION('',(1.,0.,0.));
#713 = ADVANCED_FACE('',(#714),#730,.F.);
#714 = FACE_BOUND('',#715,.T.);
#715 = EDGE_LOOP('',(#716,#717,#723,#724));
#716 = ORIENTED_EDGE('',*,*,#416,.F.);
#717 = ORIENTED_EDGE('',*,*,#718,.T.);
#718 = EDGE_CURVE('',#417,#179,#719,.T.);
#719 = LINE('',#720,#721);
#720 = CARTESIAN_POINT('',(25.,-10.,65.));
#721 = VECTOR('',#722,1.);
#722 = DIRECTION('',(0.,0.,-1.));
#723 = ORIENTED_EDGE('',*,*,#178,.T.);
#724 = ORIENTED_EDGE('',*,*,#725,.F.);
#725 = EDGE_CURVE('',#407,#181,#726,.T.);
#726 = LINE('',#727,#728);
#727 = CARTESIAN_POINT('',(28.,-10.,65.));
#728 = VECTOR('',#729,1.);
#729 = DIRECTION('',(0.,0.,-1.));
#730 = PLANE('',#731);
#731 = AXIS2_PLACEMENT_3D('',#732,#733,#734);
#732 = CARTESIAN_POINT('',(25.,-10.,65.));
#733 = DIRECTION('',(0.,1.,0.));
#734 = DIRECTION('',(-1.,-0.,-0.));
#735 = ADVANCED_FACE('',(#736),#747,.F.);
#736 = FACE_BOUND('',#737,.T.);
#737 = EDGE_LOOP('',(#738,#739,#745,#746));
#738 = ORIENTED_EDGE('',*,*,#424,.F.);
#739 = ORIENTED_EDGE('',*,*,#740,.T.);
#740 = EDGE_CURVE('',#425,#197,#741,.T.);
#741 = LINE('',#742,#743);
#742 = CARTESIAN_POINT('',(25.,-12.,65.));
#743 = VECTOR('',#744,1.);
#744 = DIRECTION('',(0.,0.,-1.));
#745 = ORIENTED_EDGE('',*,*,#204,.T.);
#746 = ORIENTED_EDGE('',*,*,#718,.F.);
#747 = PLANE('',#748);
#748 = AXIS2_PLACEMENT_3D('',#749,#750,#751);
#749 = CARTESIAN_POINT('',(25.,-12.,65.));
#750 = DIRECTION('',(-1.,-0.,-0.));
#751 = DIRECTION('',(-0.,-1.,-0.));
#752 = ADVANCED_FACE('',(#753),#764,.F.);
#753 = FACE_BOUND('',#754,.T.);
#754 = EDGE_LOOP('',(#755,#756,#762,#763));
#755 = ORIENTED_EDGE('',*,*,#432,.F.);
#756 = ORIENTED_EDGE('',*,*,#757,.T.);
#757 = EDGE_CURVE('',#409,#189,#758,.T.);
#758 = LINE('',#759,#760);
#759 = CARTESIAN_POINT('',(28.,-12.,65.));
#760 = VECTOR('',#761,1.);
#761 = DIRECTION('',(0.,0.,-1.));
#762 = ORIENTED_EDGE('',*,*,#196,.T.);
#763 = ORIENTED_EDGE('',*,*,#740,.F.);
#764 = PLANE('',#765);
#765 = AXIS2_PLACEMENT_3D('',#766,#767,#768);
#766 = CARTESIAN_POINT('',(28.,-12.,65.));
#767 = DIRECTION('',(-0.,-1.,-0.));
#768 = DIRECTION('',(1.,0.,0.));
#769 = ADVANCED_FACE('',(#770),#776,.F.);
#770 = FACE_BOUND('',#771,.T.);
#771 = EDGE_LOOP('',(#772,#773,#774,#775));
#772 = ORIENTED_EDGE('',*,*,#406,.F.);
#773 = ORIENTED_EDGE('',*,*,#725,.T.);
#774 = ORIENTED_EDGE('',*,*,#188,.T.);
#775 = ORIENTED_EDGE('',*,*,#757,.F.);
#776 = PLANE('',#777);
#777 = AXIS2_PLACEMENT_3D('',#778,#779,#780);
#778 = CARTESIAN_POINT('',(28.,-10.,65.));
#779 = DIRECTION('',(1.,0.,0.));
#780 = DIRECTION('',(0.,1.,0.));
#781 = ADVANCED_FACE('',(#782),#798,.F.);
#782 = FACE_BOUND('',#783,.F.);
#783 = EDGE_LOOP('',(#784,#785,#791,#792));
#784 = ORIENTED_EDGE('',*,*,#382,.F.);
#785 = ORIENTED_EDGE('',*,*,#786,.T.);
#786 = EDGE_CURVE('',#375,#213,#787,.T.);
#787 = LINE('',#788,#789);
#788 = CARTESIAN_POINT('',(-28.,-10.,65.));
#789 = VECTOR('',#790,1.);
#790 = DIRECTION('',(-0.,-0.,-1.));
#791 = ORIENTED_EDGE('',*,*,#212,.T.);
#792 = ORIENTED_EDGE('',*,*,#793,.F.);
#793 = EDGE_CURVE('',#383,#215,#794,.T.);
#794 = LINE('',#795,#796);
#795 = CARTESIAN_POINT('',(-28.,-12.,65.));
#796 = VECTOR('',#797,1.);
#797 = DIRECTION('',(-0.,-0.,-1.));
#798 = PLANE('',#799);
#799 = AXIS2_PLACEMENT_3D('',#800,#801,#802);
#800 = CARTESIAN_POINT('',(-28.,-10.,65.));
#801 = DIRECTION('',(-1.,0.,0.));
#802 = DIRECTION('',(0.,-1.,0.));
#803 = ADVANCED_FACE('',(#804),#815,.F.);
#804 = FACE_BOUND('',#805,.F.);
#805 = EDGE_LOOP('',(#806,#807,#813,#814));
#806 = ORIENTED_EDGE('',*,*,#372,.F.);
#807 = ORIENTED_EDGE('',*,*,#808,.T.);
#808 = EDGE_CURVE('',#373,#223,#809,.T.);
#809 = LINE('',#810,#811);
#810 = CARTESIAN_POINT('',(-25.,-10.,65.));
#811 = VECTOR('',#812,1.);
#812 = DIRECTION('',(-0.,-0.,-1.));
#813 = ORIENTED_EDGE('',*,*,#222,.T.);
#814 = ORIENTED_EDGE('',*,*,#786,.F.);
#815 = PLANE('',#816);
#816 = AXIS2_PLACEMENT_3D('',#817,#818,#819);
#817 = CARTESIAN_POINT('',(-25.,-10.,65.));
#818 = DIRECTION('',(0.,1.,0.));
#819 = DIRECTION('',(-1.,0.,0.));
#820 = ADVANCED_FACE('',(#821),#832,.F.);
#821 = FACE_BOUND('',#822,.F.);
#822 = EDGE_LOOP('',(#823,#824,#825,#826));
#823 = ORIENTED_EDGE('',*,*,#390,.F.);
#824 = ORIENTED_EDGE('',*,*,#793,.T.);
#825 = ORIENTED_EDGE('',*,*,#238,.T.);
#826 = ORIENTED_EDGE('',*,*,#827,.F.);
#827 = EDGE_CURVE('',#391,#231,#828,.T.);
#828 = LINE('',#829,#830);
#829 = CARTESIAN_POINT('',(-25.,-12.,65.));
#830 = VECTOR('',#831,1.);
#831 = DIRECTION('',(-0.,-0.,-1.));
#832 = PLANE('',#833);
#833 = AXIS2_PLACEMENT_3D('',#834,#835,#836);
#834 = CARTESIAN_POINT('',(-28.,-12.,65.));
#835 = DIRECTION('',(0.,-1.,0.));
#836 = DIRECTION('',(1.,0.,0.));
#837 = ADVANCED_FACE('',(#838),#844,.F.);
#838 = FACE_BOUND('',#839,.F.);
#839 = EDGE_LOOP('',(#840,#841,#842,#843));
#840 = ORIENTED_EDGE('',*,*,#398,.F.);
#841 = ORIENTED_EDGE('',*,*,#827,.T.);
#842 = ORIENTED_EDGE('',*,*,#230,.T.);
#843 = ORIENTED_EDGE('',*,*,#808,.F.);
#844 = PLANE('',#845);
#845 = AXIS2_PLACEMENT_3D('',#846,#847,#848);
#846 = CARTESIAN_POINT('',(-25.,-12.,65.));
#847 = DIRECTION('',(1.,0.,0.));
#848 = DIRECTION('',(0.,1.,0.));
#849 = ADVANCED_FACE('',(#850),#866,.F.);
#850 = FACE_BOUND('',#851,.T.);
#851 = EDGE_LOOP('',(#852,#853,#859,#860));
#852 = ORIENTED_EDGE('',*,*,#484,.F.);
#853 = ORIENTED_EDGE('',*,*,#854,.T.);
#854 = EDGE_CURVE('',#485,#247,#855,.T.);
#855 = LINE('',#856,#857);
#856 = CARTESIAN_POINT('',(25.,-15.5,65.));
#857 = VECTOR('',#858,1.);
#858 = DIRECTION('',(0.,0.,-1.));
#859 = ORIENTED_EDGE('',*,*,#246,.T.);
#860 = ORIENTED_EDGE('',*,*,#861,.F.);
#861 = EDGE_CURVE('',#475,#249,#862,.T.);
#862 = LINE('',#863,#864);
#863 = CARTESIAN_POINT('',(28.,-15.5,65.));
#864 = VECTOR('',#865,1.);
#865 = DIRECTION('',(0.,0.,-1.));
#866 = PLANE('',#867);
#867 = AXIS2_PLACEMENT_3D('',#868,#869,#870);
#868 = CARTESIAN_POINT('',(25.,-15.5,65.));
#869 = DIRECTION('',(0.,1.,0.));
#870 = DIRECTION('',(-1.,-0.,-0.));
#871 = ADVANCED_FACE('',(#872),#883,.F.);
#872 = FACE_BOUND('',#873,.T.);
#873 = EDGE_LOOP('',(#874,#875,#881,#882));
#874 = ORIENTED_EDGE('',*,*,#492,.F.);
#875 = ORIENTED_EDGE('',*,*,#876,.T.);
#876 = EDGE_CURVE('',#493,#265,#877,.T.);
#877 = LINE('',#878,#879);
#878 = CARTESIAN_POINT('',(25.,-17.5,65.));
#879 = VECTOR('',#880,1.);
#880 = DIRECTION('',(0.,0.,-1.));
#881 = ORIENTED_EDGE('',*,*,#272,.T.);
#882 = ORIENTED_EDGE('',*,*,#854,.F.);
#883 = PLANE('',#884);
#884 = AXIS2_PLACEMENT_3D('',#885,#886,#887);
#885 = CARTESIAN_POINT('',(25.,-17.5,65.));
#886 = DIRECTION('',(-1.,-0.,-0.));
#887 = DIRECTION('',(-0.,-1.,-0.));
#888 = ADVANCED_FACE('',(#889),#900,.F.);
#889 = FACE_BOUND('',#890,.T.);
#890 = EDGE_LOOP('',(#891,#892,#898,#899));
#891 = ORIENTED_EDGE('',*,*,#500,.F.);
#892 = ORIENTED_EDGE('',*,*,#893,.T.);
#893 = EDGE_CURVE('',#477,#257,#894,.T.);
#894 = LINE('',#895,#896);
#895 = CARTESIAN_POINT('',(28.,-17.5,65.));
#896 = VECTOR('',#897,1.);
#897 = DIRECTION('',(0.,0.,-1.));
#898 = ORIENTED_EDGE('',*,*,#264,.T.);
#899 = ORIENTED_EDGE('',*,*,#876,.F.);
#900 = PLANE('',#901);
#901 = AXIS2_PLACEMENT_3D('',#902,#903,#904);
#902 = CARTESIAN_POINT('',(28.,-17.5,65.));
#903 = DIRECTION('',(-0.,-1.,-0.));
#904 = DIRECTION('',(1.,0.,0.));
#905 = ADVANCED_FACE('',(#906),#912,.F.);
#906 = FACE_BOUND('',#907,.T.);
#907 = EDGE_LOOP('',(#908,#909,#910,#911));
#908 = ORIENTED_EDGE('',*,*,#474,.F.);
#909 = ORIENTED_EDGE('',*,*,#861,.T.);
#910 = ORIENTED_EDGE('',*,*,#256,.T.);
#911 = ORIENTED_EDGE('',*,*,#893,.F.);
#912 = PLANE('',#913);
#913 = AXIS2_PLACEMENT_3D('',#914,#915,#916);
#914 = CARTESIAN_POINT('',(28.,-15.5,65.));
#915 = DIRECTION('',(1.,0.,0.));
#916 = DIRECTION('',(0.,1.,0.));
#917 = ADVANCED_FACE('',(#918),#934,.F.);
#918 = FACE_BOUND('',#919,.F.);
#919 = EDGE_LOOP('',(#920,#921,#927,#928));
#920 = ORIENTED_EDGE('',*,*,#450,.F.);
#921 = ORIENTED_EDGE('',*,*,#922,.T.);
#922 = EDGE_CURVE('',#443,#281,#923,.T.);
#923 = LINE('',#924,#925);
#924 = CARTESIAN_POINT('',(-28.,-15.5,65.));
#925 = VECTOR('',#926,1.);
#926 = DIRECTION('',(-0.,-0.,-1.));
#927 = ORIENTED_EDGE('',*,*,#280,.T.);
#928 = ORIENTED_EDGE('',*,*,#929,.F.);
#929 = EDGE_CURVE('',#451,#283,#930,.T.);
#930 = LINE('',#931,#932);
#931 = CARTESIAN_POINT('',(-28.,-17.5,65.));
#932 = VECTOR('',#933,1.);
#933 = DIRECTION('',(-0.,-0.,-1.));
#934 = PLANE('',#935);
#935 = AXIS2_PLACEMENT_3D('',#936,#937,#938);
#936 = CARTESIAN_POINT('',(-28.,-15.5,65.));
#937 = DIRECTION('',(-1.,0.,0.));
#938 = DIRECTION('',(0.,-1.,0.));
#939 = ADVANCED_FACE('',(#940),#951,.F.);
#940 = FACE_BOUND('',#941,.F.);
#941 = EDGE_LOOP('',(#942,#943,#949,#950));
#942 = ORIENTED_EDGE('',*,*,#440,.F.);
#943 = ORIENTED_EDGE('',*,*,#944,.T.);
#944 = EDGE_CURVE('',#441,#291,#945,.T.);
#945 = LINE('',#946,#947);
#946 = CARTESIAN_POINT('',(-25.,-15.5,65.));
#947 = VECTOR('',#948,1.);
#948 = DIRECTION('',(-0.,-0.,-1.));
#949 = ORIENTED_EDGE('',*,*,#290,.T.);
#950 = ORIENTED_EDGE('',*,*,#922,.F.);
#951 = PLANE('',#952);
#952 = AXIS2_PLACEMENT_3D('',#953,#954,#955);
#953 = CARTESIAN_POINT('',(-25.,-15.5,65.));
#954 = DIRECTION('',(0.,1.,0.));
#955 = DIRECTION('',(-1.,0.,0.));
#956 = ADVANCED_FACE('',(#957),#968,.F.);
#957 = FACE_BOUND('',#958,.F.);
#958 = EDGE_LOOP('',(#959,#960,#961,#962));
#959 = ORIENTED_EDGE('',*,*,#458,.F.);
#960 = ORIENTED_EDGE('',*,*,#929,.T.);
#961 = ORIENTED_EDGE('',*,*,#306,.T.);
#962 = ORIENTED_EDGE('',*,*,#963,.F.);
#963 = EDGE_CURVE('',#459,#299,#964,.T.);
#964 = LINE('',#965,#966);
#965 = CARTESIAN_POINT('',(-25.,-17.5,65.));
#966 = VECTOR('',#967,1.);
#967 = DIRECTION('',(-0.,-0.,-1.));
#968 = PLANE('',#969);
#969 = AXIS2_PLACEMENT_3D('',#970,#971,#972);
#970 = CARTESIAN_POINT('',(-28.,-17.5,65.));
#971 = DIRECTION('',(0.,-1.,0.));
#972 = DIRECTION('',(1.,0.,0.));
#973 = ADVANCED_FACE('',(#974),#980,.F.);
#974 = FACE_BOUND('',#975,.F.);
#975 = EDGE_LOOP('',(#976,#977,#978,#979));
#976 = ORIENTED_EDGE('',*,*,#466,.F.);
#977 = ORIENTED_EDGE('',*,*,#963,.T.);
#978 = ORIENTED_EDGE('',*,*,#298,.T.);
#979 = ORIENTED_EDGE('',*,*,#944,.F.);
#980 = PLANE('',#981);
#981 = AXIS2_PLACEMENT_3D('',#982,#983,#984);
#982 = CARTESIAN_POINT('',(-25.,-17.5,65.));
#983 = DIRECTION('',(1.,0.,0.));
#984 = DIRECTION('',(0.,1.,0.));
#985 = ADVANCED_FACE('',(#986),#1012,.T.);
#986 = FACE_BOUND('',#987,.F.);
#987 = EDGE_LOOP('',(#988,#999,#1005,#1006));
#988 = ORIENTED_EDGE('',*,*,#989,.F.);
#989 = EDGE_CURVE('',#990,#992,#994,.T.);
#990 = VERTEX_POINT('',#991);
#991 = CARTESIAN_POINT('',(-40.,-12.,95.));
#992 = VERTEX_POINT('',#993);
#993 = CARTESIAN_POINT('',(-37.,-15.,95.));
#994 = CIRCLE('',#995,3.);
#995 = AXIS2_PLACEMENT_3D('',#996,#997,#998);
#996 = CARTESIAN_POINT('',(-40.,-15.,95.));
#997 = DIRECTION('',(0.,0.,-1.));
#998 = DIRECTION('',(1.,0.,0.));
#999 = ORIENTED_EDGE('',*,*,#1000,.T.);
#1000 = EDGE_CURVE('',#990,#321,#1001,.T.);
#1001 = LINE('',#1002,#1003);
#1002 = CARTESIAN_POINT('',(-40.,-12.,95.));
#1003 = VECTOR('',#1004,1.);
#1004 = DIRECTION('',(0.,0.,-1.));
#1005 = ORIENTED_EDGE('',*,*,#363,.F.);
#1006 = ORIENTED_EDGE('',*,*,#1007,.F.);
#1007 = EDGE_CURVE('',#992,#356,#1008,.T.);
#1008 = LINE('',#1009,#1010);
#1009 = CARTESIAN_POINT('',(-37.,-15.,95.));
#1010 = VECTOR('',#1011,1.);
#1011 = DIRECTION('',(0.,0.,-1.));
#1012 = CYLINDRICAL_SURFACE('',#1013,3.);
#1013 = AXIS2_PLACEMENT_3D('',#1014,#1015,#1016);
#1014 = CARTESIAN_POINT('',(-40.,-15.,95.));
#1015 = DIRECTION('',(0.,0.,1.));
#1016 = DIRECTION('',(1.,0.,0.));
#1017 = ADVANCED_FACE('',(#1018),#1036,.F.);
#1018 = FACE_BOUND('',#1019,.T.);
#1019 = EDGE_LOOP('',(#1020,#1028,#1034,#1035));
#1020 = ORIENTED_EDGE('',*,*,#1021,.F.);
#1021 = EDGE_CURVE('',#1022,#992,#1024,.T.);
#1022 = VERTEX_POINT('',#1023);
#1023 = CARTESIAN_POINT('',(-37.,-18.,95.));
#1024 = LINE('',#1025,#1026);
#1025 = CARTESIAN_POINT('',(-37.,-18.,95.));
#1026 = VECTOR('',#1027,1.);
#1027 = DIRECTION('',(0.,1.,0.));
#1028 = ORIENTED_EDGE('',*,*,#1029,.T.);
#1029 = EDGE_CURVE('',#1022,#348,#1030,.T.);
#1030 = LINE('',#1031,#1032);
#1031 = CARTESIAN_POINT('',(-37.,-18.,95.));
#1032 = VECTOR('',#1033,1.);
#1033 = DIRECTION('',(0.,0.,-1.));
#1034 = ORIENTED_EDGE('',*,*,#355,.F.);
#1035 = ORIENTED_EDGE('',*,*,#1007,.F.);
#1036 = PLANE('',#1037);
#1037 = AXIS2_PLACEMENT_3D('',#1038,#1039,#1040);
#1038 = CARTESIAN_POINT('',(-37.,-18.,95.));
#1039 = DIRECTION('',(-1.,-0.,-0.));
#1040 = DIRECTION('',(-0.,-1.,-0.));
#1041 = ADVANCED_FACE('',(#1042),#1061,.T.);
#1042 = FACE_BOUND('',#1043,.T.);
#1043 = EDGE_LOOP('',(#1044,#1053,#1054,#1055));
#1044 = ORIENTED_EDGE('',*,*,#1045,.F.);
#1045 = EDGE_CURVE('',#517,#1046,#1048,.T.);
#1046 = VERTEX_POINT('',#1047);
#1047 = CARTESIAN_POINT('',(37.,-15.,95.));
#1048 = CIRCLE('',#1049,3.);
#1049 = AXIS2_PLACEMENT_3D('',#1050,#1051,#1052);
#1050 = CARTESIAN_POINT('',(40.,-15.,95.));
#1051 = DIRECTION('',(0.,0.,1.));
#1052 = DIRECTION('',(-1.,0.,0.));
#1053 = ORIENTED_EDGE('',*,*,#563,.T.);
#1054 = ORIENTED_EDGE('',*,*,#330,.T.);
#1055 = ORIENTED_EDGE('',*,*,#1056,.F.);
#1056 = EDGE_CURVE('',#1046,#331,#1057,.T.);
#1057 = LINE('',#1058,#1059);
#1058 = CARTESIAN_POINT('',(37.,-15.,95.));
#1059 = VECTOR('',#1060,1.);
#1060 = DIRECTION('',(0.,0.,-1.));
#1061 = CYLINDRICAL_SURFACE('',#1062,3.);
#1062 = AXIS2_PLACEMENT_3D('',#1063,#1064,#1065);
#1063 = CARTESIAN_POINT('',(40.,-15.,95.));
#1064 = DIRECTION('',(0.,0.,1.));
#1065 = DIRECTION('',(-1.,0.,0.));
#1066 = ADVANCED_FACE('',(#1067),#1085,.T.);
#1067 = FACE_BOUND('',#1068,.T.);
#1068 = EDGE_LOOP('',(#1069,#1077,#1078,#1079));
#1069 = ORIENTED_EDGE('',*,*,#1070,.T.);
#1070 = EDGE_CURVE('',#1071,#340,#1073,.T.);
#1071 = VERTEX_POINT('',#1072);
#1072 = CARTESIAN_POINT('',(37.,-18.,95.));
#1073 = LINE('',#1074,#1075);
#1074 = CARTESIAN_POINT('',(37.,-18.,95.));
#1075 = VECTOR('',#1076,1.);
#1076 = DIRECTION('',(0.,0.,-1.));
#1077 = ORIENTED_EDGE('',*,*,#347,.F.);
#1078 = ORIENTED_EDGE('',*,*,#1029,.F.);
#1079 = ORIENTED_EDGE('',*,*,#1080,.T.);
#1080 = EDGE_CURVE('',#1022,#1071,#1081,.T.);
#1081 = LINE('',#1082,#1083);
#1082 = CARTESIAN_POINT('',(-40.,-18.,95.));
#1083 = VECTOR('',#1084,1.);
#1084 = DIRECTION('',(1.,0.,0.));
#1085 = PLANE('',#1086);
#1086 = AXIS2_PLACEMENT_3D('',#1087,#1088,#1089);
#1087 = CARTESIAN_POINT('',(-40.,-18.,0.));
#1088 = DIRECTION('',(0.,1.,0.));
#1089 = DIRECTION('',(1.,0.,0.));
#1090 = ADVANCED_FACE('',(#1091),#1102,.F.);
#1091 = FACE_BOUND('',#1092,.F.);
#1092 = EDGE_LOOP('',(#1093,#1099,#1100,#1101));
#1093 = ORIENTED_EDGE('',*,*,#1094,.F.);
#1094 = EDGE_CURVE('',#1071,#1046,#1095,.T.);
#1095 = LINE('',#1096,#1097);
#1096 = CARTESIAN_POINT('',(37.,-18.,95.));
#1097 = VECTOR('',#1098,1.);
#1098 = DIRECTION('',(0.,1.,0.));
#1099 = ORIENTED_EDGE('',*,*,#1070,.T.);
#1100 = ORIENTED_EDGE('',*,*,#339,.F.);
#1101 = ORIENTED_EDGE('',*,*,#1056,.F.);
#1102 = PLANE('',#1103);
#1103 = AXIS2_PLACEMENT_3D('',#1104,#1105,#1106);
#1104 = CARTESIAN_POINT('',(37.,-18.,95.));
#1105 = DIRECTION('',(1.,0.,0.));
#1106 = DIRECTION('',(0.,1.,0.));
#1107 = ADVANCED_FACE('',(#1108,#1178,#1266,#1277,#1288,#1299),#1310,.T.
  );
#1108 = FACE_BOUND('',#1109,.T.);
#1109 = EDGE_LOOP('',(#1110,#1120,#1129,#1137,#1146,#1154,#1163,#1171));
#1110 = ORIENTED_EDGE('',*,*,#1111,.T.);
#1111 = EDGE_CURVE('',#1112,#1114,#1116,.T.);
#1112 = VERTEX_POINT('',#1113);
#1113 = CARTESIAN_POINT('',(-45.,15.,95.));
#1114 = VERTEX_POINT('',#1115);
#1115 = CARTESIAN_POINT('',(-45.,-15.,95.));
#1116 = LINE('',#1117,#1118);
#1117 = CARTESIAN_POINT('',(-45.,15.,95.));
#1118 = VECTOR('',#1119,1.);
#1119 = DIRECTION('',(0.,-1.,0.));
#1120 = ORIENTED_EDGE('',*,*,#1121,.T.);
#1121 = EDGE_CURVE('',#1114,#1122,#1124,.T.);
#1122 = VERTEX_POINT('',#1123);
#1123 = CARTESIAN_POINT('',(-40.00000000534,-20.,95.));
#1124 = CIRCLE('',#1125,5.);
#1125 = AXIS2_PLACEMENT_3D('',#1126,#1127,#1128);
#1126 = CARTESIAN_POINT('',(-40.,-15.,95.));
#1127 = DIRECTION('',(0.,0.,1.));
#1128 = DIRECTION('',(1.,0.,0.));
#1129 = ORIENTED_EDGE('',*,*,#1130,.T.);
#1130 = EDGE_CURVE('',#1122,#1131,#1133,.T.);
#1131 = VERTEX_POINT('',#1132);
#1132 = CARTESIAN_POINT('',(40.000000005342,-20.,95.));
#1133 = LINE('',#1134,#1135);
#1134 = CARTESIAN_POINT('',(-40.,-20.,95.));
#1135 = VECTOR('',#1136,1.);
#1136 = DIRECTION('',(1.,0.,0.));
#1137 = ORIENTED_EDGE('',*,*,#1138,.T.);
#1138 = EDGE_CURVE('',#1131,#1139,#1141,.T.);
#1139 = VERTEX_POINT('',#1140);
#1140 = CARTESIAN_POINT('',(45.,-15.,95.));
#1141 = CIRCLE('',#1142,5.);
#1142 = AXIS2_PLACEMENT_3D('',#1143,#1144,#1145);
#1143 = CARTESIAN_POINT('',(40.,-15.,95.));
#1144 = DIRECTION('',(0.,0.,1.));
#1145 = DIRECTION('',(1.,0.,0.));
#1146 = ORIENTED_EDGE('',*,*,#1147,.T.);
#1147 = EDGE_CURVE('',#1139,#1148,#1150,.T.);
#1148 = VERTEX_POINT('',#1149);
#1149 = CARTESIAN_POINT('',(45.,15.,95.));
#1150 = LINE('',#1151,#1152);
#1151 = CARTESIAN_POINT('',(45.,-15.,95.));
#1152 = VECTOR('',#1153,1.);
#1153 = DIRECTION('',(0.,1.,0.));
#1154 = ORIENTED_EDGE('',*,*,#1155,.T.);
#1155 = EDGE_CURVE('',#1148,#1156,#1158,.T.);
#1156 = VERTEX_POINT('',#1157);
#1157 = CARTESIAN_POINT('',(40.000000005342,20.,95.));
#1158 = CIRCLE('',#1159,5.);
#1159 = AXIS2_PLACEMENT_3D('',#1160,#1161,#1162);
#1160 = CARTESIAN_POINT('',(40.,15.,95.));
#1161 = DIRECTION('',(0.,0.,1.));
#1162 = DIRECTION('',(1.,0.,0.));
#1163 = ORIENTED_EDGE('',*,*,#1164,.T.);
#1164 = EDGE_CURVE('',#1156,#1165,#1167,.T.);
#1165 = VERTEX_POINT('',#1166);
#1166 = CARTESIAN_POINT('',(-40.00000000534,20.,95.));
#1167 = LINE('',#1168,#1169);
#1168 = CARTESIAN_POINT('',(40.,20.,95.));
#1169 = VECTOR('',#1170,1.);
#1170 = DIRECTION('',(-1.,0.,0.));
#1171 = ORIENTED_EDGE('',*,*,#1172,.T.);
#1172 = EDGE_CURVE('',#1165,#1112,#1173,.T.);
#1173 = CIRCLE('',#1174,5.);
#1174 = AXIS2_PLACEMENT_3D('',#1175,#1176,#1177);
#1175 = CARTESIAN_POINT('',(-40.,15.,95.));
#1176 = DIRECTION('',(0.,0.,1.));
#1177 = DIRECTION('',(1.,0.,0.));
#1178 = FACE_BOUND('',#1179,.T.);
#1179 = EDGE_LOOP('',(#1180,#1190,#1198,#1207,#1215,#1221,#1222,#1223,
    #1224,#1225,#1226,#1227,#1235,#1243,#1251,#1260));
#1180 = ORIENTED_EDGE('',*,*,#1181,.F.);
#1181 = EDGE_CURVE('',#1182,#1184,#1186,.T.);
#1182 = VERTEX_POINT('',#1183);
#1183 = CARTESIAN_POINT('',(37.,18.,95.));
#1184 = VERTEX_POINT('',#1185);
#1185 = CARTESIAN_POINT('',(-37.,18.,95.));
#1186 = LINE('',#1187,#1188);
#1187 = CARTESIAN_POINT('',(40.,18.,95.));
#1188 = VECTOR('',#1189,1.);
#1189 = DIRECTION('',(-1.,0.,0.));
#1190 = ORIENTED_EDGE('',*,*,#1191,.T.);
#1191 = EDGE_CURVE('',#1182,#1192,#1194,.T.);
#1192 = VERTEX_POINT('',#1193);
#1193 = CARTESIAN_POINT('',(37.,15.,95.));
#1194 = LINE('',#1195,#1196);
#1195 = CARTESIAN_POINT('',(37.,18.,95.));
#1196 = VECTOR('',#1197,1.);
#1197 = DIRECTION('',(-0.,-1.,-0.));
#1198 = ORIENTED_EDGE('',*,*,#1199,.F.);
#1199 = EDGE_CURVE('',#1200,#1192,#1202,.T.);
#1200 = VERTEX_POINT('',#1201);
#1201 = CARTESIAN_POINT('',(40.,12.,95.));
#1202 = CIRCLE('',#1203,3.);
#1203 = AXIS2_PLACEMENT_3D('',#1204,#1205,#1206);
#1204 = CARTESIAN_POINT('',(40.,15.,95.));
#1205 = DIRECTION('',(0.,0.,-1.));
#1206 = DIRECTION('',(-1.,-0.,-0.));
#1207 = ORIENTED_EDGE('',*,*,#1208,.F.);
#1208 = EDGE_CURVE('',#1209,#1200,#1211,.T.);
#1209 = VERTEX_POINT('',#1210);
#1210 = CARTESIAN_POINT('',(43.,12.,95.));
#1211 = LINE('',#1212,#1213);
#1212 = CARTESIAN_POINT('',(43.,12.,95.));
#1213 = VECTOR('',#1214,1.);
#1214 = DIRECTION('',(-1.,-0.,-0.));
#1215 = ORIENTED_EDGE('',*,*,#1216,.F.);
#1216 = EDGE_CURVE('',#515,#1209,#1217,.T.);
#1217 = LINE('',#1218,#1219);
#1218 = CARTESIAN_POINT('',(43.,-15.,95.));
#1219 = VECTOR('',#1220,1.);
#1220 = DIRECTION('',(0.,1.,0.));
#1221 = ORIENTED_EDGE('',*,*,#514,.T.);
#1222 = ORIENTED_EDGE('',*,*,#1045,.T.);
#1223 = ORIENTED_EDGE('',*,*,#1094,.F.);
#1224 = ORIENTED_EDGE('',*,*,#1080,.F.);
#1225 = ORIENTED_EDGE('',*,*,#1021,.T.);
#1226 = ORIENTED_EDGE('',*,*,#989,.F.);
#1227 = ORIENTED_EDGE('',*,*,#1228,.F.);
#1228 = EDGE_CURVE('',#1229,#990,#1231,.T.);
#1229 = VERTEX_POINT('',#1230);
#1230 = CARTESIAN_POINT('',(-43.,-12.,95.));
#1231 = LINE('',#1232,#1233);
#1232 = CARTESIAN_POINT('',(-43.,-12.,95.));
#1233 = VECTOR('',#1234,1.);
#1234 = DIRECTION('',(1.,0.,0.));
#1235 = ORIENTED_EDGE('',*,*,#1236,.F.);
#1236 = EDGE_CURVE('',#1237,#1229,#1239,.T.);
#1237 = VERTEX_POINT('',#1238);
#1238 = CARTESIAN_POINT('',(-43.,12.,95.));
#1239 = LINE('',#1240,#1241);
#1240 = CARTESIAN_POINT('',(-43.,15.,95.));
#1241 = VECTOR('',#1242,1.);
#1242 = DIRECTION('',(0.,-1.,0.));
#1243 = ORIENTED_EDGE('',*,*,#1244,.T.);
#1244 = EDGE_CURVE('',#1237,#1245,#1247,.T.);
#1245 = VERTEX_POINT('',#1246);
#1246 = CARTESIAN_POINT('',(-40.,12.,95.));
#1247 = LINE('',#1248,#1249);
#1248 = CARTESIAN_POINT('',(-43.,12.,95.));
#1249 = VECTOR('',#1250,1.);
#1250 = DIRECTION('',(1.,0.,0.));
#1251 = ORIENTED_EDGE('',*,*,#1252,.T.);
#1252 = EDGE_CURVE('',#1245,#1253,#1255,.T.);
#1253 = VERTEX_POINT('',#1254);
#1254 = CARTESIAN_POINT('',(-37.,15.,95.));
#1255 = CIRCLE('',#1256,3.);
#1256 = AXIS2_PLACEMENT_3D('',#1257,#1258,#1259);
#1257 = CARTESIAN_POINT('',(-40.,15.,95.));
#1258 = DIRECTION('',(0.,0.,1.));
#1259 = DIRECTION('',(1.,0.,0.));
#1260 = ORIENTED_EDGE('',*,*,#1261,.F.);
#1261 = EDGE_CURVE('',#1184,#1253,#1262,.T.);
#1262 = LINE('',#1263,#1264);
#1263 = CARTESIAN_POINT('',(-37.,18.,95.));
#1264 = VECTOR('',#1265,1.);
#1265 = DIRECTION('',(0.,-1.,0.));
#1266 = FACE_BOUND('',#1267,.T.);
#1267 = EDGE_LOOP('',(#1268));
#1268 = ORIENTED_EDGE('',*,*,#1269,.F.);
#1269 = EDGE_CURVE('',#1270,#1270,#1272,.T.);
#1270 = VERTEX_POINT('',#1271);
#1271 = CARTESIAN_POINT('',(-37.95,15.,95.));
#1272 = CIRCLE('',#1273,2.05);
#1273 = AXIS2_PLACEMENT_3D('',#1274,#1275,#1276);
#1274 = CARTESIAN_POINT('',(-40.,15.,95.));
#1275 = DIRECTION('',(0.,0.,1.));
#1276 = DIRECTION('',(1.,0.,0.));
#1277 = FACE_BOUND('',#1278,.T.);
#1278 = EDGE_LOOP('',(#1279));
#1279 = ORIENTED_EDGE('',*,*,#1280,.F.);
#1280 = EDGE_CURVE('',#1281,#1281,#1283,.T.);
#1281 = VERTEX_POINT('',#1282);
#1282 = CARTESIAN_POINT('',(37.95,-15.,95.));
#1283 = CIRCLE('',#1284,2.05);
#1284 = AXIS2_PLACEMENT_3D('',#1285,#1286,#1287);
#1285 = CARTESIAN_POINT('',(40.,-15.,95.));
#1286 = DIRECTION('',(0.,0.,1.));
#1287 = DIRECTION('',(-1.,0.,0.));
#1288 = FACE_BOUND('',#1289,.T.);
#1289 = EDGE_LOOP('',(#1290));
#1290 = ORIENTED_EDGE('',*,*,#1291,.T.);
#1291 = EDGE_CURVE('',#1292,#1292,#1294,.T.);
#1292 = VERTEX_POINT('',#1293);
#1293 = CARTESIAN_POINT('',(-37.95,-15.,95.));
#1294 = CIRCLE('',#1295,2.05);
#1295 = AXIS2_PLACEMENT_3D('',#1296,#1297,#1298);
#1296 = CARTESIAN_POINT('',(-40.,-15.,95.));
#1297 = DIRECTION('',(0.,0.,-1.));
#1298 = DIRECTION('',(1.,0.,0.));
#1299 = FACE_BOUND('',#1300,.T.);
#1300 = EDGE_LOOP('',(#1301));
#1301 = ORIENTED_EDGE('',*,*,#1302,.T.);
#1302 = EDGE_CURVE('',#1303,#1303,#1305,.T.);
#1303 = VERTEX_POINT('',#1304);
#1304 = CARTESIAN_POINT('',(37.95,15.,95.));
#1305 = CIRCLE('',#1306,2.05);
#1306 = AXIS2_PLACEMENT_3D('',#1307,#1308,#1309);
#1307 = CARTESIAN_POINT('',(40.,15.,95.));
#1308 = DIRECTION('',(0.,0.,-1.));
#1309 = DIRECTION('',(-1.,-0.,-0.));
#1310 = PLANE('',#1311);
#1311 = AXIS2_PLACEMENT_3D('',#1312,#1313,#1314);
#1312 = CARTESIAN_POINT('',(4.2E-16,2.01E-15,95.));
#1313 = DIRECTION('',(0.,0.,1.));
#1314 = DIRECTION('',(1.,0.,0.));
#1315 = ADVANCED_FACE('',(#1316),#1350,.F.);
#1316 = FACE_BOUND('',#1317,.F.);
#1317 = EDGE_LOOP('',(#1318,#1328,#1334,#1335,#1343));
#1318 = ORIENTED_EDGE('',*,*,#1319,.T.);
#1319 = EDGE_CURVE('',#1320,#1322,#1324,.T.);
#1320 = VERTEX_POINT('',#1321);
#1321 = CARTESIAN_POINT('',(40.,-8.,42.));
#1322 = VERTEX_POINT('',#1323);
#1323 = CARTESIAN_POINT('',(40.,-8.,41.));
#1324 = LINE('',#1325,#1326);
#1325 = CARTESIAN_POINT('',(40.,-8.,43.));
#1326 = VECTOR('',#1327,1.);
#1327 = DIRECTION('',(0.,0.,-1.));
#1328 = ORIENTED_EDGE('',*,*,#1329,.F.);
#1329 = EDGE_CURVE('',#541,#1322,#1330,.T.);
#1330 = LINE('',#1331,#1332);
#1331 = CARTESIAN_POINT('',(40.,-18.,41.));
#1332 = VECTOR('',#1333,1.);
#1333 = DIRECTION('',(0.,1.,-2.2E-16));
#1334 = ORIENTED_EDGE('',*,*,#548,.F.);
#1335 = ORIENTED_EDGE('',*,*,#1336,.T.);
#1336 = EDGE_CURVE('',#549,#1337,#1339,.T.);
#1337 = VERTEX_POINT('',#1338);
#1338 = CARTESIAN_POINT('',(40.,-9.,43.));
#1339 = LINE('',#1340,#1341);
#1340 = CARTESIAN_POINT('',(40.,-18.,43.));
#1341 = VECTOR('',#1342,1.);
#1342 = DIRECTION('',(0.,1.,-2.2E-16));
#1343 = ORIENTED_EDGE('',*,*,#1344,.T.);
#1344 = EDGE_CURVE('',#1337,#1320,#1345,.T.);
#1345 = CIRCLE('',#1346,1.);
#1346 = AXIS2_PLACEMENT_3D('',#1347,#1348,#1349);
#1347 = CARTESIAN_POINT('',(40.,-9.,42.));
#1348 = DIRECTION('',(-1.,0.,0.));
#1349 = DIRECTION('',(0.,0.,1.));
#1350 = PLANE('',#1351);
#1351 = AXIS2_PLACEMENT_3D('',#1352,#1353,#1354);
#1352 = CARTESIAN_POINT('',(40.,-18.,43.));
#1353 = DIRECTION('',(-1.,0.,0.));
#1354 = DIRECTION('',(0.,-2.2E-16,-1.));
#1355 = ADVANCED_FACE('',(#1356),#1383,.T.);
#1356 = FACE_BOUND('',#1357,.T.);
#1357 = EDGE_LOOP('',(#1358,#1367,#1368,#1377));
#1358 = ORIENTED_EDGE('',*,*,#1359,.F.);
#1359 = EDGE_CURVE('',#541,#1360,#1362,.T.);
#1360 = VERTEX_POINT('',#1361);
#1361 = CARTESIAN_POINT('',(37.,-15.,41.));
#1362 = CIRCLE('',#1363,3.);
#1363 = AXIS2_PLACEMENT_3D('',#1364,#1365,#1366);
#1364 = CARTESIAN_POINT('',(40.,-15.,41.));
#1365 = DIRECTION('',(0.,0.,1.));
#1366 = DIRECTION('',(-1.,0.,0.));
#1367 = ORIENTED_EDGE('',*,*,#540,.T.);
#1368 = ORIENTED_EDGE('',*,*,#1369,.T.);
#1369 = EDGE_CURVE('',#533,#1370,#1372,.T.);
#1370 = VERTEX_POINT('',#1371);
#1371 = CARTESIAN_POINT('',(37.,-15.,2.));
#1372 = CIRCLE('',#1373,3.);
#1373 = AXIS2_PLACEMENT_3D('',#1374,#1375,#1376);
#1374 = CARTESIAN_POINT('',(40.,-15.,2.));
#1375 = DIRECTION('',(0.,0.,1.));
#1376 = DIRECTION('',(-1.,0.,0.));
#1377 = ORIENTED_EDGE('',*,*,#1378,.F.);
#1378 = EDGE_CURVE('',#1360,#1370,#1379,.T.);
#1379 = LINE('',#1380,#1381);
#1380 = CARTESIAN_POINT('',(37.,-15.,95.));
#1381 = VECTOR('',#1382,1.);
#1382 = DIRECTION('',(0.,0.,-1.));
#1383 = CYLINDRICAL_SURFACE('',#1384,3.);
#1384 = AXIS2_PLACEMENT_3D('',#1385,#1386,#1387);
#1385 = CARTESIAN_POINT('',(40.,-15.,95.));
#1386 = DIRECTION('',(0.,0.,1.));
#1387 = DIRECTION('',(-1.,0.,0.));
#1388 = ADVANCED_FACE('',(#1389,#1506,#1542,#1578,#1614,#1650,#1686,
    #1722,#1758,#1794,#1830,#1866,#1902,#1938,#1974,#2010,#2046,#2082,
    #2118,#2154,#2190,#2226,#2262,#2298,#2334),#2370,.T.);
#1389 = FACE_BOUND('',#1390,.T.);
#1390 = EDGE_LOOP('',(#1391,#1401,#1409,#1417,#1426,#1434,#1442,#1448,
    #1449,#1450,#1458,#1466,#1475,#1483,#1491,#1499));
#1391 = ORIENTED_EDGE('',*,*,#1392,.F.);
#1392 = EDGE_CURVE('',#1393,#1395,#1397,.T.);
#1393 = VERTEX_POINT('',#1394);
#1394 = CARTESIAN_POINT('',(-43.,12.,2.));
#1395 = VERTEX_POINT('',#1396);
#1396 = CARTESIAN_POINT('',(-40.,12.,2.));
#1397 = LINE('',#1398,#1399);
#1398 = CARTESIAN_POINT('',(-21.5,12.,2.));
#1399 = VECTOR('',#1400,1.);
#1400 = DIRECTION('',(1.,0.,0.));
#1401 = ORIENTED_EDGE('',*,*,#1402,.T.);
#1402 = EDGE_CURVE('',#1393,#1403,#1405,.T.);
#1403 = VERTEX_POINT('',#1404);
#1404 = CARTESIAN_POINT('',(-43.,-12.,2.));
#1405 = LINE('',#1406,#1407);
#1406 = CARTESIAN_POINT('',(-43.,7.5,2.));
#1407 = VECTOR('',#1408,1.);
#1408 = DIRECTION('',(0.,-1.,0.));
#1409 = ORIENTED_EDGE('',*,*,#1410,.T.);
#1410 = EDGE_CURVE('',#1403,#1411,#1413,.T.);
#1411 = VERTEX_POINT('',#1412);
#1412 = CARTESIAN_POINT('',(-40.,-12.,2.));
#1413 = LINE('',#1414,#1415);
#1414 = CARTESIAN_POINT('',(-21.5,-12.,2.));
#1415 = VECTOR('',#1416,1.);
#1416 = DIRECTION('',(1.,0.,0.));
#1417 = ORIENTED_EDGE('',*,*,#1418,.F.);
#1418 = EDGE_CURVE('',#1419,#1411,#1421,.T.);
#1419 = VERTEX_POINT('',#1420);
#1420 = CARTESIAN_POINT('',(-37.,-15.,2.));
#1421 = CIRCLE('',#1422,3.);
#1422 = AXIS2_PLACEMENT_3D('',#1423,#1424,#1425);
#1423 = CARTESIAN_POINT('',(-40.,-15.,2.));
#1424 = DIRECTION('',(0.,0.,1.));
#1425 = DIRECTION('',(1.,0.,0.));
#1426 = ORIENTED_EDGE('',*,*,#1427,.F.);
#1427 = EDGE_CURVE('',#1428,#1419,#1430,.T.);
#1428 = VERTEX_POINT('',#1429);
#1429 = CARTESIAN_POINT('',(-37.,-18.,2.));
#1430 = LINE('',#1431,#1432);
#1431 = CARTESIAN_POINT('',(-37.,-9.,2.));
#1432 = VECTOR('',#1433,1.);
#1433 = DIRECTION('',(0.,1.,0.));
#1434 = ORIENTED_EDGE('',*,*,#1435,.T.);
#1435 = EDGE_CURVE('',#1428,#1436,#1438,.T.);
#1436 = VERTEX_POINT('',#1437);
#1437 = CARTESIAN_POINT('',(37.,-18.,2.));
#1438 = LINE('',#1439,#1440);
#1439 = CARTESIAN_POINT('',(-20.,-18.,2.));
#1440 = VECTOR('',#1441,1.);
#1441 = DIRECTION('',(1.,0.,0.));
#1442 = ORIENTED_EDGE('',*,*,#1443,.T.);
#1443 = EDGE_CURVE('',#1436,#1370,#1444,.T.);
#1444 = LINE('',#1445,#1446);
#1445 = CARTESIAN_POINT('',(37.,-9.,2.));
#1446 = VECTOR('',#1447,1.);
#1447 = DIRECTION('',(0.,1.,0.));
#1448 = ORIENTED_EDGE('',*,*,#1369,.F.);
#1449 = ORIENTED_EDGE('',*,*,#532,.F.);
#1450 = ORIENTED_EDGE('',*,*,#1451,.T.);
#1451 = EDGE_CURVE('',#525,#1452,#1454,.T.);
#1452 = VERTEX_POINT('',#1453);
#1453 = CARTESIAN_POINT('',(43.,12.,2.));
#1454 = LINE('',#1455,#1456);
#1455 = CARTESIAN_POINT('',(43.,-7.5,2.));
#1456 = VECTOR('',#1457,1.);
#1457 = DIRECTION('',(0.,1.,0.));
#1458 = ORIENTED_EDGE('',*,*,#1459,.T.);
#1459 = EDGE_CURVE('',#1452,#1460,#1462,.T.);
#1460 = VERTEX_POINT('',#1461);
#1461 = CARTESIAN_POINT('',(40.,12.,2.));
#1462 = LINE('',#1463,#1464);
#1463 = CARTESIAN_POINT('',(21.5,12.,2.));
#1464 = VECTOR('',#1465,1.);
#1465 = DIRECTION('',(-1.,0.,0.));
#1466 = ORIENTED_EDGE('',*,*,#1467,.F.);
#1467 = EDGE_CURVE('',#1468,#1460,#1470,.T.);
#1468 = VERTEX_POINT('',#1469);
#1469 = CARTESIAN_POINT('',(37.,15.,2.));
#1470 = CIRCLE('',#1471,3.);
#1471 = AXIS2_PLACEMENT_3D('',#1472,#1473,#1474);
#1472 = CARTESIAN_POINT('',(40.,15.,2.));
#1473 = DIRECTION('',(0.,0.,1.));
#1474 = DIRECTION('',(-1.,0.,0.));
#1475 = ORIENTED_EDGE('',*,*,#1476,.F.);
#1476 = EDGE_CURVE('',#1477,#1468,#1479,.T.);
#1477 = VERTEX_POINT('',#1478);
#1478 = CARTESIAN_POINT('',(37.,18.,2.));
#1479 = LINE('',#1480,#1481);
#1480 = CARTESIAN_POINT('',(37.,9.,2.));
#1481 = VECTOR('',#1482,1.);
#1482 = DIRECTION('',(0.,-1.,0.));
#1483 = ORIENTED_EDGE('',*,*,#1484,.T.);
#1484 = EDGE_CURVE('',#1477,#1485,#1487,.T.);
#1485 = VERTEX_POINT('',#1486);
#1486 = CARTESIAN_POINT('',(-37.,18.,2.));
#1487 = LINE('',#1488,#1489);
#1488 = CARTESIAN_POINT('',(20.,18.,2.));
#1489 = VECTOR('',#1490,1.);
#1490 = DIRECTION('',(-1.,0.,0.));
#1491 = ORIENTED_EDGE('',*,*,#1492,.T.);
#1492 = EDGE_CURVE('',#1485,#1493,#1495,.T.);
#1493 = VERTEX_POINT('',#1494);
#1494 = CARTESIAN_POINT('',(-37.,15.,2.));
#1495 = LINE('',#1496,#1497);
#1496 = CARTESIAN_POINT('',(-37.,9.,2.));
#1497 = VECTOR('',#1498,1.);
#1498 = DIRECTION('',(0.,-1.,0.));
#1499 = ORIENTED_EDGE('',*,*,#1500,.F.);
#1500 = EDGE_CURVE('',#1395,#1493,#1501,.T.);
#1501 = CIRCLE('',#1502,3.);
#1502 = AXIS2_PLACEMENT_3D('',#1503,#1504,#1505);
#1503 = CARTESIAN_POINT('',(-40.,15.,2.));
#1504 = DIRECTION('',(0.,0.,1.));
#1505 = DIRECTION('',(1.,0.,0.));
#1506 = FACE_BOUND('',#1507,.T.);
#1507 = EDGE_LOOP('',(#1508,#1518,#1527,#1535));
#1508 = ORIENTED_EDGE('',*,*,#1509,.T.);
#1509 = EDGE_CURVE('',#1510,#1512,#1514,.T.);
#1510 = VERTEX_POINT('',#1511);
#1511 = CARTESIAN_POINT('',(-30.0000000048,-13.5000000048,2.));
#1512 = VERTEX_POINT('',#1513);
#1513 = CARTESIAN_POINT('',(-33.0000000048,-13.5,2.));
#1514 = LINE('',#1515,#1516);
#1515 = CARTESIAN_POINT('',(-16.50000001322,-13.50000002644,2.));
#1516 = VECTOR('',#1517,1.);
#1517 = DIRECTION('',(-1.,1.602550980806E-09,0.));
#1518 = ORIENTED_EDGE('',*,*,#1519,.T.);
#1519 = EDGE_CURVE('',#1512,#1520,#1522,.T.);
#1520 = VERTEX_POINT('',#1521);
#1521 = CARTESIAN_POINT('',(-33.,-10.5,2.));
#1522 = CIRCLE('',#1523,1.5);
#1523 = AXIS2_PLACEMENT_3D('',#1524,#1525,#1526);
#1524 = CARTESIAN_POINT('',(-33.0000000024,-12.,2.));
#1525 = DIRECTION('',(0.,0.,-1.));
#1526 = DIRECTION('',(1.,0.,0.));
#1527 = ORIENTED_EDGE('',*,*,#1528,.F.);
#1528 = EDGE_CURVE('',#1529,#1520,#1531,.T.);
#1529 = VERTEX_POINT('',#1530);
#1530 = CARTESIAN_POINT('',(-30.,-10.5000000048,2.));
#1531 = LINE('',#1532,#1533);
#1532 = CARTESIAN_POINT('',(-16.50000000841,-10.50000002644,2.));
#1533 = VECTOR('',#1534,1.);
#1534 = DIRECTION('',(-1.,1.602550980806E-09,0.));
#1535 = ORIENTED_EDGE('',*,*,#1536,.T.);
#1536 = EDGE_CURVE('',#1529,#1510,#1537,.T.);
#1537 = CIRCLE('',#1538,1.5);
#1538 = AXIS2_PLACEMENT_3D('',#1539,#1540,#1541);
#1539 = CARTESIAN_POINT('',(-30.0000000024,-12.0000000048,2.));
#1540 = DIRECTION('',(0.,0.,-1.));
#1541 = DIRECTION('',(1.,0.,0.));
#1542 = FACE_BOUND('',#1543,.T.);
#1543 = EDGE_LOOP('',(#1544,#1554,#1563,#1571));
#1544 = ORIENTED_EDGE('',*,*,#1545,.T.);
#1545 = EDGE_CURVE('',#1546,#1548,#1550,.T.);
#1546 = VERTEX_POINT('',#1547);
#1547 = CARTESIAN_POINT('',(-20.,-13.5,2.));
#1548 = VERTEX_POINT('',#1549);
#1549 = CARTESIAN_POINT('',(-23.,-13.5,2.));
#1550 = LINE('',#1551,#1552);
#1551 = CARTESIAN_POINT('',(-11.5,-13.5,2.));
#1552 = VECTOR('',#1553,1.);
#1553 = DIRECTION('',(-1.,0.,0.));
#1554 = ORIENTED_EDGE('',*,*,#1555,.T.);
#1555 = EDGE_CURVE('',#1548,#1556,#1558,.T.);
#1556 = VERTEX_POINT('',#1557);
#1557 = CARTESIAN_POINT('',(-23.,-10.5,2.));
#1558 = CIRCLE('',#1559,1.5);
#1559 = AXIS2_PLACEMENT_3D('',#1560,#1561,#1562);
#1560 = CARTESIAN_POINT('',(-23.,-12.,2.));
#1561 = DIRECTION('',(0.,0.,-1.));
#1562 = DIRECTION('',(1.,0.,0.));
#1563 = ORIENTED_EDGE('',*,*,#1564,.F.);
#1564 = EDGE_CURVE('',#1565,#1556,#1567,.T.);
#1565 = VERTEX_POINT('',#1566);
#1566 = CARTESIAN_POINT('',(-20.,-10.5,2.));
#1567 = LINE('',#1568,#1569);
#1568 = CARTESIAN_POINT('',(-11.5,-10.5,2.));
#1569 = VECTOR('',#1570,1.);
#1570 = DIRECTION('',(-1.,0.,0.));
#1571 = ORIENTED_EDGE('',*,*,#1572,.T.);
#1572 = EDGE_CURVE('',#1565,#1546,#1573,.T.);
#1573 = CIRCLE('',#1574,1.5);
#1574 = AXIS2_PLACEMENT_3D('',#1575,#1576,#1577);
#1575 = CARTESIAN_POINT('',(-20.,-12.,2.));
#1576 = DIRECTION('',(0.,0.,-1.));
#1577 = DIRECTION('',(1.,0.,0.));
#1578 = FACE_BOUND('',#1579,.T.);
#1579 = EDGE_LOOP('',(#1580,#1590,#1599,#1607));
#1580 = ORIENTED_EDGE('',*,*,#1581,.T.);
#1581 = EDGE_CURVE('',#1582,#1584,#1586,.T.);
#1582 = VERTEX_POINT('',#1583);
#1583 = CARTESIAN_POINT('',(-10.,-13.5,2.));
#1584 = VERTEX_POINT('',#1585);
#1585 = CARTESIAN_POINT('',(-13.,-13.5,2.));
#1586 = LINE('',#1587,#1588);
#1587 = CARTESIAN_POINT('',(-6.5,-13.5,2.));
#1588 = VECTOR('',#1589,1.);
#1589 = DIRECTION('',(-1.,0.,0.));
#1590 = ORIENTED_EDGE('',*,*,#1591,.T.);
#1591 = EDGE_CURVE('',#1584,#1592,#1594,.T.);
#1592 = VERTEX_POINT('',#1593);
#1593 = CARTESIAN_POINT('',(-13.,-10.5,2.));
#1594 = CIRCLE('',#1595,1.5);
#1595 = AXIS2_PLACEMENT_3D('',#1596,#1597,#1598);
#1596 = CARTESIAN_POINT('',(-13.,-12.,2.));
#1597 = DIRECTION('',(0.,0.,-1.));
#1598 = DIRECTION('',(1.,0.,0.));
#1599 = ORIENTED_EDGE('',*,*,#1600,.F.);
#1600 = EDGE_CURVE('',#1601,#1592,#1603,.T.);
#1601 = VERTEX_POINT('',#1602);
#1602 = CARTESIAN_POINT('',(-10.,-10.5,2.));
#1603 = LINE('',#1604,#1605);
#1604 = CARTESIAN_POINT('',(-6.5,-10.5,2.));
#1605 = VECTOR('',#1606,1.);
#1606 = DIRECTION('',(-1.,0.,0.));
#1607 = ORIENTED_EDGE('',*,*,#1608,.T.);
#1608 = EDGE_CURVE('',#1601,#1582,#1609,.T.);
#1609 = CIRCLE('',#1610,1.5);
#1610 = AXIS2_PLACEMENT_3D('',#1611,#1612,#1613);
#1611 = CARTESIAN_POINT('',(-10.,-12.,2.));
#1612 = DIRECTION('',(0.,0.,-1.));
#1613 = DIRECTION('',(1.,0.,0.));
#1614 = FACE_BOUND('',#1615,.T.);
#1615 = EDGE_LOOP('',(#1616,#1626,#1635,#1643));
#1616 = ORIENTED_EDGE('',*,*,#1617,.T.);
#1617 = EDGE_CURVE('',#1618,#1620,#1622,.T.);
#1618 = VERTEX_POINT('',#1619);
#1619 = CARTESIAN_POINT('',(-30.00000000057,-5.5,2.));
#1620 = VERTEX_POINT('',#1621);
#1621 = CARTESIAN_POINT('',(-33.00000000057,-5.5,2.));
#1622 = LINE('',#1623,#1624);
#1623 = CARTESIAN_POINT('',(-16.50000000028,-5.5,2.));
#1624 = VECTOR('',#1625,1.);
#1625 = DIRECTION('',(-1.,0.,0.));
#1626 = ORIENTED_EDGE('',*,*,#1627,.T.);
#1627 = EDGE_CURVE('',#1620,#1628,#1630,.T.);
#1628 = VERTEX_POINT('',#1629);
#1629 = CARTESIAN_POINT('',(-33.00000000057,-2.5,2.));
#1630 = CIRCLE('',#1631,1.5);
#1631 = AXIS2_PLACEMENT_3D('',#1632,#1633,#1634);
#1632 = CARTESIAN_POINT('',(-33.00000000057,-4.,2.));
#1633 = DIRECTION('',(0.,0.,-1.));
#1634 = DIRECTION('',(1.,0.,0.));
#1635 = ORIENTED_EDGE('',*,*,#1636,.F.);
#1636 = EDGE_CURVE('',#1637,#1628,#1639,.T.);
#1637 = VERTEX_POINT('',#1638);
#1638 = CARTESIAN_POINT('',(-30.00000000057,-2.5,2.));
#1639 = LINE('',#1640,#1641);
#1640 = CARTESIAN_POINT('',(-16.50000000028,-2.5,2.));
#1641 = VECTOR('',#1642,1.);
#1642 = DIRECTION('',(-1.,0.,0.));
#1643 = ORIENTED_EDGE('',*,*,#1644,.T.);
#1644 = EDGE_CURVE('',#1637,#1618,#1645,.T.);
#1645 = CIRCLE('',#1646,1.5);
#1646 = AXIS2_PLACEMENT_3D('',#1647,#1648,#1649);
#1647 = CARTESIAN_POINT('',(-30.00000000057,-4.,2.));
#1648 = DIRECTION('',(0.,0.,-1.));
#1649 = DIRECTION('',(1.,0.,0.));
#1650 = FACE_BOUND('',#1651,.T.);
#1651 = EDGE_LOOP('',(#1652,#1662,#1671,#1679));
#1652 = ORIENTED_EDGE('',*,*,#1653,.T.);
#1653 = EDGE_CURVE('',#1654,#1656,#1658,.T.);
#1654 = VERTEX_POINT('',#1655);
#1655 = CARTESIAN_POINT('',(-20.,-5.5,2.));
#1656 = VERTEX_POINT('',#1657);
#1657 = CARTESIAN_POINT('',(-23.,-5.5,2.));
#1658 = LINE('',#1659,#1660);
#1659 = CARTESIAN_POINT('',(-11.5,-5.5,2.));
#1660 = VECTOR('',#1661,1.);
#1661 = DIRECTION('',(-1.,0.,0.));
#1662 = ORIENTED_EDGE('',*,*,#1663,.T.);
#1663 = EDGE_CURVE('',#1656,#1664,#1666,.T.);
#1664 = VERTEX_POINT('',#1665);
#1665 = CARTESIAN_POINT('',(-23.,-2.5,2.));
#1666 = CIRCLE('',#1667,1.5);
#1667 = AXIS2_PLACEMENT_3D('',#1668,#1669,#1670);
#1668 = CARTESIAN_POINT('',(-23.,-4.,2.));
#1669 = DIRECTION('',(0.,0.,-1.));
#1670 = DIRECTION('',(1.,0.,0.));
#1671 = ORIENTED_EDGE('',*,*,#1672,.F.);
#1672 = EDGE_CURVE('',#1673,#1664,#1675,.T.);
#1673 = VERTEX_POINT('',#1674);
#1674 = CARTESIAN_POINT('',(-20.,-2.5,2.));
#1675 = LINE('',#1676,#1677);
#1676 = CARTESIAN_POINT('',(-11.5,-2.5,2.));
#1677 = VECTOR('',#1678,1.);
#1678 = DIRECTION('',(-1.,0.,0.));
#1679 = ORIENTED_EDGE('',*,*,#1680,.T.);
#1680 = EDGE_CURVE('',#1673,#1654,#1681,.T.);
#1681 = CIRCLE('',#1682,1.5);
#1682 = AXIS2_PLACEMENT_3D('',#1683,#1684,#1685);
#1683 = CARTESIAN_POINT('',(-20.,-4.,2.));
#1684 = DIRECTION('',(0.,0.,-1.));
#1685 = DIRECTION('',(1.,0.,0.));
#1686 = FACE_BOUND('',#1687,.T.);
#1687 = EDGE_LOOP('',(#1688,#1698,#1707,#1715));
#1688 = ORIENTED_EDGE('',*,*,#1689,.T.);
#1689 = EDGE_CURVE('',#1690,#1692,#1694,.T.);
#1690 = VERTEX_POINT('',#1691);
#1691 = CARTESIAN_POINT('',(-10.,-5.5,2.));
#1692 = VERTEX_POINT('',#1693);
#1693 = CARTESIAN_POINT('',(-13.,-5.5,2.));
#1694 = LINE('',#1695,#1696);
#1695 = CARTESIAN_POINT('',(-6.5,-5.5,2.));
#1696 = VECTOR('',#1697,1.);
#1697 = DIRECTION('',(-1.,0.,0.));
#1698 = ORIENTED_EDGE('',*,*,#1699,.T.);
#1699 = EDGE_CURVE('',#1692,#1700,#1702,.T.);
#1700 = VERTEX_POINT('',#1701);
#1701 = CARTESIAN_POINT('',(-13.,-2.5,2.));
#1702 = CIRCLE('',#1703,1.5);
#1703 = AXIS2_PLACEMENT_3D('',#1704,#1705,#1706);
#1704 = CARTESIAN_POINT('',(-13.,-4.,2.));
#1705 = DIRECTION('',(0.,0.,-1.));
#1706 = DIRECTION('',(1.,0.,0.));
#1707 = ORIENTED_EDGE('',*,*,#1708,.F.);
#1708 = EDGE_CURVE('',#1709,#1700,#1711,.T.);
#1709 = VERTEX_POINT('',#1710);
#1710 = CARTESIAN_POINT('',(-10.,-2.5,2.));
#1711 = LINE('',#1712,#1713);
#1712 = CARTESIAN_POINT('',(-6.5,-2.5,2.));
#1713 = VECTOR('',#1714,1.);
#1714 = DIRECTION('',(-1.,0.,0.));
#1715 = ORIENTED_EDGE('',*,*,#1716,.T.);
#1716 = EDGE_CURVE('',#1709,#1690,#1717,.T.);
#1717 = CIRCLE('',#1718,1.5);
#1718 = AXIS2_PLACEMENT_3D('',#1719,#1720,#1721);
#1719 = CARTESIAN_POINT('',(-10.,-4.,2.));
#1720 = DIRECTION('',(0.,0.,-1.));
#1721 = DIRECTION('',(1.,0.,0.));
#1722 = FACE_BOUND('',#1723,.T.);
#1723 = EDGE_LOOP('',(#1724,#1734,#1743,#1751));
#1724 = ORIENTED_EDGE('',*,*,#1725,.T.);
#1725 = EDGE_CURVE('',#1726,#1728,#1730,.T.);
#1726 = VERTEX_POINT('',#1727);
#1727 = CARTESIAN_POINT('',(10.,-10.5,2.));
#1728 = VERTEX_POINT('',#1729);
#1729 = CARTESIAN_POINT('',(13.,-10.5,2.));
#1730 = LINE('',#1731,#1732);
#1731 = CARTESIAN_POINT('',(6.5,-10.5,2.));
#1732 = VECTOR('',#1733,1.);
#1733 = DIRECTION('',(1.,0.,0.));
#1734 = ORIENTED_EDGE('',*,*,#1735,.T.);
#1735 = EDGE_CURVE('',#1728,#1736,#1738,.T.);
#1736 = VERTEX_POINT('',#1737);
#1737 = CARTESIAN_POINT('',(13.,-13.5,2.));
#1738 = CIRCLE('',#1739,1.5);
#1739 = AXIS2_PLACEMENT_3D('',#1740,#1741,#1742);
#1740 = CARTESIAN_POINT('',(13.,-12.,2.));
#1741 = DIRECTION('',(0.,0.,-1.));
#1742 = DIRECTION('',(-1.,0.,0.));
#1743 = ORIENTED_EDGE('',*,*,#1744,.F.);
#1744 = EDGE_CURVE('',#1745,#1736,#1747,.T.);
#1745 = VERTEX_POINT('',#1746);
#1746 = CARTESIAN_POINT('',(10.,-13.5,2.));
#1747 = LINE('',#1748,#1749);
#1748 = CARTESIAN_POINT('',(6.5,-13.5,2.));
#1749 = VECTOR('',#1750,1.);
#1750 = DIRECTION('',(1.,0.,0.));
#1751 = ORIENTED_EDGE('',*,*,#1752,.T.);
#1752 = EDGE_CURVE('',#1745,#1726,#1753,.T.);
#1753 = CIRCLE('',#1754,1.5);
#1754 = AXIS2_PLACEMENT_3D('',#1755,#1756,#1757);
#1755 = CARTESIAN_POINT('',(10.,-12.,2.));
#1756 = DIRECTION('',(0.,0.,-1.));
#1757 = DIRECTION('',(-1.,0.,0.));
#1758 = FACE_BOUND('',#1759,.T.);
#1759 = EDGE_LOOP('',(#1760,#1770,#1779,#1787));
#1760 = ORIENTED_EDGE('',*,*,#1761,.T.);
#1761 = EDGE_CURVE('',#1762,#1764,#1766,.T.);
#1762 = VERTEX_POINT('',#1763);
#1763 = CARTESIAN_POINT('',(20.,-10.5,2.));
#1764 = VERTEX_POINT('',#1765);
#1765 = CARTESIAN_POINT('',(23.,-10.5,2.));
#1766 = LINE('',#1767,#1768);
#1767 = CARTESIAN_POINT('',(11.5,-10.5,2.));
#1768 = VECTOR('',#1769,1.);
#1769 = DIRECTION('',(1.,0.,0.));
#1770 = ORIENTED_EDGE('',*,*,#1771,.T.);
#1771 = EDGE_CURVE('',#1764,#1772,#1774,.T.);
#1772 = VERTEX_POINT('',#1773);
#1773 = CARTESIAN_POINT('',(23.,-13.5,2.));
#1774 = CIRCLE('',#1775,1.5);
#1775 = AXIS2_PLACEMENT_3D('',#1776,#1777,#1778);
#1776 = CARTESIAN_POINT('',(23.,-12.,2.));
#1777 = DIRECTION('',(0.,0.,-1.));
#1778 = DIRECTION('',(-1.,0.,0.));
#1779 = ORIENTED_EDGE('',*,*,#1780,.F.);
#1780 = EDGE_CURVE('',#1781,#1772,#1783,.T.);
#1781 = VERTEX_POINT('',#1782);
#1782 = CARTESIAN_POINT('',(20.,-13.5,2.));
#1783 = LINE('',#1784,#1785);
#1784 = CARTESIAN_POINT('',(11.5,-13.5,2.));
#1785 = VECTOR('',#1786,1.);
#1786 = DIRECTION('',(1.,0.,0.));
#1787 = ORIENTED_EDGE('',*,*,#1788,.T.);
#1788 = EDGE_CURVE('',#1781,#1762,#1789,.T.);
#1789 = CIRCLE('',#1790,1.5);
#1790 = AXIS2_PLACEMENT_3D('',#1791,#1792,#1793);
#1791 = CARTESIAN_POINT('',(20.,-12.,2.));
#1792 = DIRECTION('',(0.,0.,-1.));
#1793 = DIRECTION('',(-1.,0.,0.));
#1794 = FACE_BOUND('',#1795,.T.);
#1795 = EDGE_LOOP('',(#1796,#1806,#1815,#1823));
#1796 = ORIENTED_EDGE('',*,*,#1797,.T.);
#1797 = EDGE_CURVE('',#1798,#1800,#1802,.T.);
#1798 = VERTEX_POINT('',#1799);
#1799 = CARTESIAN_POINT('',(30.,-10.5000000048,2.));
#1800 = VERTEX_POINT('',#1801);
#1801 = CARTESIAN_POINT('',(33.,-10.5,2.));
#1802 = LINE('',#1803,#1804);
#1803 = CARTESIAN_POINT('',(16.500000008413,-10.50000002644,2.));
#1804 = VECTOR('',#1805,1.);
#1805 = DIRECTION('',(1.,1.602550980806E-09,0.));
#1806 = ORIENTED_EDGE('',*,*,#1807,.T.);
#1807 = EDGE_CURVE('',#1800,#1808,#1810,.T.);
#1808 = VERTEX_POINT('',#1809);
#1809 = CARTESIAN_POINT('',(33.000000004808,-13.5,2.));
#1810 = CIRCLE('',#1811,1.5);
#1811 = AXIS2_PLACEMENT_3D('',#1812,#1813,#1814);
#1812 = CARTESIAN_POINT('',(33.000000002404,-12.,2.));
#1813 = DIRECTION('',(0.,0.,-1.));
#1814 = DIRECTION('',(-1.,0.,0.));
#1815 = ORIENTED_EDGE('',*,*,#1816,.F.);
#1816 = EDGE_CURVE('',#1817,#1808,#1819,.T.);
#1817 = VERTEX_POINT('',#1818);
#1818 = CARTESIAN_POINT('',(30.000000004808,-13.5000000048,2.));
#1819 = LINE('',#1820,#1821);
#1820 = CARTESIAN_POINT('',(16.500000013221,-13.50000002644,2.));
#1821 = VECTOR('',#1822,1.);
#1822 = DIRECTION('',(1.,1.602550980806E-09,0.));
#1823 = ORIENTED_EDGE('',*,*,#1824,.T.);
#1824 = EDGE_CURVE('',#1817,#1798,#1825,.T.);
#1825 = CIRCLE('',#1826,1.5);
#1826 = AXIS2_PLACEMENT_3D('',#1827,#1828,#1829);
#1827 = CARTESIAN_POINT('',(30.000000002404,-12.0000000048,2.));
#1828 = DIRECTION('',(0.,0.,-1.));
#1829 = DIRECTION('',(-1.,0.,0.));
#1830 = FACE_BOUND('',#1831,.T.);
#1831 = EDGE_LOOP('',(#1832,#1842,#1851,#1859));
#1832 = ORIENTED_EDGE('',*,*,#1833,.T.);
#1833 = EDGE_CURVE('',#1834,#1836,#1838,.T.);
#1834 = VERTEX_POINT('',#1835);
#1835 = CARTESIAN_POINT('',(10.,-2.5,2.));
#1836 = VERTEX_POINT('',#1837);
#1837 = CARTESIAN_POINT('',(13.,-2.5,2.));
#1838 = LINE('',#1839,#1840);
#1839 = CARTESIAN_POINT('',(6.5,-2.5,2.));
#1840 = VECTOR('',#1841,1.);
#1841 = DIRECTION('',(1.,0.,0.));
#1842 = ORIENTED_EDGE('',*,*,#1843,.T.);
#1843 = EDGE_CURVE('',#1836,#1844,#1846,.T.);
#1844 = VERTEX_POINT('',#1845);
#1845 = CARTESIAN_POINT('',(13.,-5.5,2.));
#1846 = CIRCLE('',#1847,1.5);
#1847 = AXIS2_PLACEMENT_3D('',#1848,#1849,#1850);
#1848 = CARTESIAN_POINT('',(13.,-4.,2.));
#1849 = DIRECTION('',(0.,0.,-1.));
#1850 = DIRECTION('',(-1.,0.,0.));
#1851 = ORIENTED_EDGE('',*,*,#1852,.F.);
#1852 = EDGE_CURVE('',#1853,#1844,#1855,.T.);
#1853 = VERTEX_POINT('',#1854);
#1854 = CARTESIAN_POINT('',(10.,-5.5,2.));
#1855 = LINE('',#1856,#1857);
#1856 = CARTESIAN_POINT('',(6.5,-5.5,2.));
#1857 = VECTOR('',#1858,1.);
#1858 = DIRECTION('',(1.,0.,0.));
#1859 = ORIENTED_EDGE('',*,*,#1860,.T.);
#1860 = EDGE_CURVE('',#1853,#1834,#1861,.T.);
#1861 = CIRCLE('',#1862,1.5);
#1862 = AXIS2_PLACEMENT_3D('',#1863,#1864,#1865);
#1863 = CARTESIAN_POINT('',(10.,-4.,2.));
#1864 = DIRECTION('',(0.,0.,-1.));
#1865 = DIRECTION('',(-1.,0.,0.));
#1866 = FACE_BOUND('',#1867,.T.);
#1867 = EDGE_LOOP('',(#1868,#1878,#1887,#1895));
#1868 = ORIENTED_EDGE('',*,*,#1869,.T.);
#1869 = EDGE_CURVE('',#1870,#1872,#1874,.T.);
#1870 = VERTEX_POINT('',#1871);
#1871 = CARTESIAN_POINT('',(20.,-2.5,2.));
#1872 = VERTEX_POINT('',#1873);
#1873 = CARTESIAN_POINT('',(23.,-2.5,2.));
#1874 = LINE('',#1875,#1876);
#1875 = CARTESIAN_POINT('',(11.5,-2.5,2.));
#1876 = VECTOR('',#1877,1.);
#1877 = DIRECTION('',(1.,0.,0.));
#1878 = ORIENTED_EDGE('',*,*,#1879,.T.);
#1879 = EDGE_CURVE('',#1872,#1880,#1882,.T.);
#1880 = VERTEX_POINT('',#1881);
#1881 = CARTESIAN_POINT('',(23.,-5.5,2.));
#1882 = CIRCLE('',#1883,1.5);
#1883 = AXIS2_PLACEMENT_3D('',#1884,#1885,#1886);
#1884 = CARTESIAN_POINT('',(23.,-4.,2.));
#1885 = DIRECTION('',(0.,0.,-1.));
#1886 = DIRECTION('',(-1.,0.,0.));
#1887 = ORIENTED_EDGE('',*,*,#1888,.F.);
#1888 = EDGE_CURVE('',#1889,#1880,#1891,.T.);
#1889 = VERTEX_POINT('',#1890);
#1890 = CARTESIAN_POINT('',(20.,-5.5,2.));
#1891 = LINE('',#1892,#1893);
#1892 = CARTESIAN_POINT('',(11.5,-5.5,2.));
#1893 = VECTOR('',#1894,1.);
#1894 = DIRECTION('',(1.,0.,0.));
#1895 = ORIENTED_EDGE('',*,*,#1896,.T.);
#1896 = EDGE_CURVE('',#1889,#1870,#1897,.T.);
#1897 = CIRCLE('',#1898,1.5);
#1898 = AXIS2_PLACEMENT_3D('',#1899,#1900,#1901);
#1899 = CARTESIAN_POINT('',(20.,-4.,2.));
#1900 = DIRECTION('',(0.,0.,-1.));
#1901 = DIRECTION('',(-1.,0.,0.));
#1902 = FACE_BOUND('',#1903,.T.);
#1903 = EDGE_LOOP('',(#1904,#1914,#1923,#1931));
#1904 = ORIENTED_EDGE('',*,*,#1905,.T.);
#1905 = EDGE_CURVE('',#1906,#1908,#1910,.T.);
#1906 = VERTEX_POINT('',#1907);
#1907 = CARTESIAN_POINT('',(30.000000000577,-2.5,2.));
#1908 = VERTEX_POINT('',#1909);
#1909 = CARTESIAN_POINT('',(33.000000000577,-2.5,2.));
#1910 = LINE('',#1911,#1912);
#1911 = CARTESIAN_POINT('',(16.500000000289,-2.5,2.));
#1912 = VECTOR('',#1913,1.);
#1913 = DIRECTION('',(1.,0.,0.));
#1914 = ORIENTED_EDGE('',*,*,#1915,.T.);
#1915 = EDGE_CURVE('',#1908,#1916,#1918,.T.);
#1916 = VERTEX_POINT('',#1917);
#1917 = CARTESIAN_POINT('',(33.000000000577,-5.5,2.));
#1918 = CIRCLE('',#1919,1.5);
#1919 = AXIS2_PLACEMENT_3D('',#1920,#1921,#1922);
#1920 = CARTESIAN_POINT('',(33.000000000577,-4.,2.));
#1921 = DIRECTION('',(0.,0.,-1.));
#1922 = DIRECTION('',(-1.,0.,0.));
#1923 = ORIENTED_EDGE('',*,*,#1924,.F.);
#1924 = EDGE_CURVE('',#1925,#1916,#1927,.T.);
#1925 = VERTEX_POINT('',#1926);
#1926 = CARTESIAN_POINT('',(30.000000000577,-5.5,2.));
#1927 = LINE('',#1928,#1929);
#1928 = CARTESIAN_POINT('',(16.500000000289,-5.5,2.));
#1929 = VECTOR('',#1930,1.);
#1930 = DIRECTION('',(1.,0.,0.));
#1931 = ORIENTED_EDGE('',*,*,#1932,.T.);
#1932 = EDGE_CURVE('',#1925,#1906,#1933,.T.);
#1933 = CIRCLE('',#1934,1.5);
#1934 = AXIS2_PLACEMENT_3D('',#1935,#1936,#1937);
#1935 = CARTESIAN_POINT('',(30.000000000577,-4.,2.));
#1936 = DIRECTION('',(0.,0.,-1.));
#1937 = DIRECTION('',(-1.,0.,0.));
#1938 = FACE_BOUND('',#1939,.T.);
#1939 = EDGE_LOOP('',(#1940,#1950,#1959,#1967));
#1940 = ORIENTED_EDGE('',*,*,#1941,.T.);
#1941 = EDGE_CURVE('',#1942,#1944,#1946,.T.);
#1942 = VERTEX_POINT('',#1943);
#1943 = CARTESIAN_POINT('',(-30.,2.5,2.));
#1944 = VERTEX_POINT('',#1945);
#1945 = CARTESIAN_POINT('',(-33.,2.5,2.));
#1946 = LINE('',#1947,#1948);
#1947 = CARTESIAN_POINT('',(-16.5,2.5,2.));
#1948 = VECTOR('',#1949,1.);
#1949 = DIRECTION('',(-1.,0.,0.));
#1950 = ORIENTED_EDGE('',*,*,#1951,.T.);
#1951 = EDGE_CURVE('',#1944,#1952,#1954,.T.);
#1952 = VERTEX_POINT('',#1953);
#1953 = CARTESIAN_POINT('',(-33.,5.5,2.));
#1954 = CIRCLE('',#1955,1.5);
#1955 = AXIS2_PLACEMENT_3D('',#1956,#1957,#1958);
#1956 = CARTESIAN_POINT('',(-33.,4.,2.));
#1957 = DIRECTION('',(0.,0.,-1.));
#1958 = DIRECTION('',(1.,0.,0.));
#1959 = ORIENTED_EDGE('',*,*,#1960,.F.);
#1960 = EDGE_CURVE('',#1961,#1952,#1963,.T.);
#1961 = VERTEX_POINT('',#1962);
#1962 = CARTESIAN_POINT('',(-30.,5.5,2.));
#1963 = LINE('',#1964,#1965);
#1964 = CARTESIAN_POINT('',(-16.5,5.5,2.));
#1965 = VECTOR('',#1966,1.);
#1966 = DIRECTION('',(-1.,0.,0.));
#1967 = ORIENTED_EDGE('',*,*,#1968,.T.);
#1968 = EDGE_CURVE('',#1961,#1942,#1969,.T.);
#1969 = CIRCLE('',#1970,1.5);
#1970 = AXIS2_PLACEMENT_3D('',#1971,#1972,#1973);
#1971 = CARTESIAN_POINT('',(-30.,4.,2.));
#1972 = DIRECTION('',(0.,0.,-1.));
#1973 = DIRECTION('',(1.,0.,0.));
#1974 = FACE_BOUND('',#1975,.T.);
#1975 = EDGE_LOOP('',(#1976,#1986,#1995,#2003));
#1976 = ORIENTED_EDGE('',*,*,#1977,.T.);
#1977 = EDGE_CURVE('',#1978,#1980,#1982,.T.);
#1978 = VERTEX_POINT('',#1979);
#1979 = CARTESIAN_POINT('',(-20.0000000048,2.5,2.));
#1980 = VERTEX_POINT('',#1981);
#1981 = CARTESIAN_POINT('',(-23.0000000048,2.500000004231,2.));
#1982 = LINE('',#1983,#1984);
#1983 = CARTESIAN_POINT('',(-11.50000000064,2.499999988013,2.));
#1984 = VECTOR('',#1985,1.);
#1985 = DIRECTION('',(-1.,1.410207062236E-09,0.));
#1986 = ORIENTED_EDGE('',*,*,#1987,.T.);
#1987 = EDGE_CURVE('',#1980,#1988,#1990,.T.);
#1988 = VERTEX_POINT('',#1989);
#1989 = CARTESIAN_POINT('',(-23.00000000057,5.500000004231,2.));
#1990 = CIRCLE('',#1991,1.5);
#1991 = AXIS2_PLACEMENT_3D('',#1992,#1993,#1994);
#1992 = CARTESIAN_POINT('',(-23.00000000269,4.000000004231,2.));
#1993 = DIRECTION('',(0.,0.,-1.));
#1994 = DIRECTION('',(1.,0.,0.));
#1995 = ORIENTED_EDGE('',*,*,#1996,.F.);
#1996 = EDGE_CURVE('',#1997,#1988,#1999,.T.);
#1997 = VERTEX_POINT('',#1998);
#1998 = CARTESIAN_POINT('',(-20.00000000057,5.5,2.));
#1999 = LINE('',#2000,#2001);
#2000 = CARTESIAN_POINT('',(-11.49999999641,5.499999988013,2.));
#2001 = VECTOR('',#2002,1.);
#2002 = DIRECTION('',(-1.,1.410207062236E-09,0.));
#2003 = ORIENTED_EDGE('',*,*,#2004,.T.);
#2004 = EDGE_CURVE('',#1997,#1978,#2005,.T.);
#2005 = CIRCLE('',#2006,1.5);
#2006 = AXIS2_PLACEMENT_3D('',#2007,#2008,#2009);
#2007 = CARTESIAN_POINT('',(-20.00000000269,4.,2.));
#2008 = DIRECTION('',(0.,0.,-1.));
#2009 = DIRECTION('',(1.,0.,0.));
#2010 = FACE_BOUND('',#2011,.T.);
#2011 = EDGE_LOOP('',(#2012,#2022,#2031,#2039));
#2012 = ORIENTED_EDGE('',*,*,#2013,.T.);
#2013 = EDGE_CURVE('',#2014,#2016,#2018,.T.);
#2014 = VERTEX_POINT('',#2015);
#2015 = CARTESIAN_POINT('',(-9.999999994038,2.500000006539,2.));
#2016 = VERTEX_POINT('',#2017);
#2017 = CARTESIAN_POINT('',(-12.99999999403,2.5,2.));
#2018 = LINE('',#2019,#2020);
#2019 = CARTESIAN_POINT('',(-6.499999999744,2.500000014167,2.));
#2020 = VECTOR('',#2021,1.);
#2021 = DIRECTION('',(-1.,-2.179586881349E-09,0.));
#2022 = ORIENTED_EDGE('',*,*,#2023,.T.);
#2023 = EDGE_CURVE('',#2016,#2024,#2026,.T.);
#2024 = VERTEX_POINT('',#2025);
#2025 = CARTESIAN_POINT('',(-13.00000000057,5.5,2.));
#2026 = CIRCLE('',#2027,1.5);
#2027 = AXIS2_PLACEMENT_3D('',#2028,#2029,#2030);
#2028 = CARTESIAN_POINT('',(-12.9999999973,4.,2.));
#2029 = DIRECTION('',(0.,0.,-1.));
#2030 = DIRECTION('',(1.,0.,0.));
#2031 = ORIENTED_EDGE('',*,*,#2032,.F.);
#2032 = EDGE_CURVE('',#2033,#2024,#2035,.T.);
#2033 = VERTEX_POINT('',#2034);
#2034 = CARTESIAN_POINT('',(-10.00000000057,5.500000006539,2.));
#2035 = LINE('',#2036,#2037);
#2036 = CARTESIAN_POINT('',(-6.500000006282,5.500000014167,2.));
#2037 = VECTOR('',#2038,1.);
#2038 = DIRECTION('',(-1.,-2.179586881349E-09,0.));
#2039 = ORIENTED_EDGE('',*,*,#2040,.T.);
#2040 = EDGE_CURVE('',#2033,#2014,#2041,.T.);
#2041 = CIRCLE('',#2042,1.5);
#2042 = AXIS2_PLACEMENT_3D('',#2043,#2044,#2045);
#2043 = CARTESIAN_POINT('',(-9.999999997308,4.000000006539,2.));
#2044 = DIRECTION('',(0.,0.,-1.));
#2045 = DIRECTION('',(1.,0.,0.));
#2046 = FACE_BOUND('',#2047,.T.);
#2047 = EDGE_LOOP('',(#2048,#2058,#2067,#2075));
#2048 = ORIENTED_EDGE('',*,*,#2049,.T.);
#2049 = EDGE_CURVE('',#2050,#2052,#2054,.T.);
#2050 = VERTEX_POINT('',#2051);
#2051 = CARTESIAN_POINT('',(-30.,10.5,2.));
#2052 = VERTEX_POINT('',#2053);
#2053 = CARTESIAN_POINT('',(-33.,10.499999999423,2.));
#2054 = LINE('',#2055,#2056);
#2055 = CARTESIAN_POINT('',(-16.50000000101,10.500000002597,2.));
#2056 = VECTOR('',#2057,1.);
#2057 = DIRECTION('',(-1.,-1.923439185703E-10,0.));
#2058 = ORIENTED_EDGE('',*,*,#2059,.T.);
#2059 = EDGE_CURVE('',#2052,#2060,#2062,.T.);
#2060 = VERTEX_POINT('',#2061);
#2061 = CARTESIAN_POINT('',(-33.00000000057,13.499999999423,2.));
#2062 = CIRCLE('',#2063,1.5);
#2063 = AXIS2_PLACEMENT_3D('',#2064,#2065,#2066);
#2064 = CARTESIAN_POINT('',(-33.00000000028,11.999999999423,2.));
#2065 = DIRECTION('',(0.,0.,-1.));
#2066 = DIRECTION('',(1.,0.,0.));
#2067 = ORIENTED_EDGE('',*,*,#2068,.F.);
#2068 = EDGE_CURVE('',#2069,#2060,#2071,.T.);
#2069 = VERTEX_POINT('',#2070);
#2070 = CARTESIAN_POINT('',(-30.00000000057,13.5,2.));
#2071 = LINE('',#2072,#2073);
#2072 = CARTESIAN_POINT('',(-16.50000000158,13.500000002597,2.));
#2073 = VECTOR('',#2074,1.);
#2074 = DIRECTION('',(-1.,-1.923439185703E-10,0.));
#2075 = ORIENTED_EDGE('',*,*,#2076,.T.);
#2076 = EDGE_CURVE('',#2069,#2050,#2077,.T.);
#2077 = CIRCLE('',#2078,1.5);
#2078 = AXIS2_PLACEMENT_3D('',#2079,#2080,#2081);
#2079 = CARTESIAN_POINT('',(-30.00000000028,12.,2.));
#2080 = DIRECTION('',(0.,0.,-1.));
#2081 = DIRECTION('',(1.,0.,0.));
#2082 = FACE_BOUND('',#2083,.T.);
#2083 = EDGE_LOOP('',(#2084,#2094,#2103,#2111));
#2084 = ORIENTED_EDGE('',*,*,#2085,.T.);
#2085 = EDGE_CURVE('',#2086,#2088,#2090,.T.);
#2086 = VERTEX_POINT('',#2087);
#2087 = CARTESIAN_POINT('',(-20.,10.5,2.));
#2088 = VERTEX_POINT('',#2089);
#2089 = CARTESIAN_POINT('',(-23.,10.5,2.));
#2090 = LINE('',#2091,#2092);
#2091 = CARTESIAN_POINT('',(-11.5,10.5,2.));
#2092 = VECTOR('',#2093,1.);
#2093 = DIRECTION('',(-1.,0.,0.));
#2094 = ORIENTED_EDGE('',*,*,#2095,.T.);
#2095 = EDGE_CURVE('',#2088,#2096,#2098,.T.);
#2096 = VERTEX_POINT('',#2097);
#2097 = CARTESIAN_POINT('',(-23.,13.5,2.));
#2098 = CIRCLE('',#2099,1.5);
#2099 = AXIS2_PLACEMENT_3D('',#2100,#2101,#2102);
#2100 = CARTESIAN_POINT('',(-23.,12.,2.));
#2101 = DIRECTION('',(0.,0.,-1.));
#2102 = DIRECTION('',(1.,0.,0.));
#2103 = ORIENTED_EDGE('',*,*,#2104,.F.);
#2104 = EDGE_CURVE('',#2105,#2096,#2107,.T.);
#2105 = VERTEX_POINT('',#2106);
#2106 = CARTESIAN_POINT('',(-20.,13.5,2.));
#2107 = LINE('',#2108,#2109);
#2108 = CARTESIAN_POINT('',(-11.5,13.5,2.));
#2109 = VECTOR('',#2110,1.);
#2110 = DIRECTION('',(-1.,0.,0.));
#2111 = ORIENTED_EDGE('',*,*,#2112,.T.);
#2112 = EDGE_CURVE('',#2105,#2086,#2113,.T.);
#2113 = CIRCLE('',#2114,1.5);
#2114 = AXIS2_PLACEMENT_3D('',#2115,#2116,#2117);
#2115 = CARTESIAN_POINT('',(-20.,12.,2.));
#2116 = DIRECTION('',(0.,0.,-1.));
#2117 = DIRECTION('',(1.,0.,0.));
#2118 = FACE_BOUND('',#2119,.T.);
#2119 = EDGE_LOOP('',(#2120,#2130,#2139,#2147));
#2120 = ORIENTED_EDGE('',*,*,#2121,.T.);
#2121 = EDGE_CURVE('',#2122,#2124,#2126,.T.);
#2122 = VERTEX_POINT('',#2123);
#2123 = CARTESIAN_POINT('',(-10.,10.5,2.));
#2124 = VERTEX_POINT('',#2125);
#2125 = CARTESIAN_POINT('',(-13.,10.5,2.));
#2126 = LINE('',#2127,#2128);
#2127 = CARTESIAN_POINT('',(-6.5,10.5,2.));
#2128 = VECTOR('',#2129,1.);
#2129 = DIRECTION('',(-1.,0.,0.));
#2130 = ORIENTED_EDGE('',*,*,#2131,.T.);
#2131 = EDGE_CURVE('',#2124,#2132,#2134,.T.);
#2132 = VERTEX_POINT('',#2133);
#2133 = CARTESIAN_POINT('',(-13.,13.5,2.));
#2134 = CIRCLE('',#2135,1.5);
#2135 = AXIS2_PLACEMENT_3D('',#2136,#2137,#2138);
#2136 = CARTESIAN_POINT('',(-13.,12.,2.));
#2137 = DIRECTION('',(0.,0.,-1.));
#2138 = DIRECTION('',(1.,0.,0.));
#2139 = ORIENTED_EDGE('',*,*,#2140,.F.);
#2140 = EDGE_CURVE('',#2141,#2132,#2143,.T.);
#2141 = VERTEX_POINT('',#2142);
#2142 = CARTESIAN_POINT('',(-10.,13.5,2.));
#2143 = LINE('',#2144,#2145);
#2144 = CARTESIAN_POINT('',(-6.5,13.5,2.));
#2145 = VECTOR('',#2146,1.);
#2146 = DIRECTION('',(-1.,0.,0.));
#2147 = ORIENTED_EDGE('',*,*,#2148,.T.);
#2148 = EDGE_CURVE('',#2141,#2122,#2149,.T.);
#2149 = CIRCLE('',#2150,1.5);
#2150 = AXIS2_PLACEMENT_3D('',#2151,#2152,#2153);
#2151 = CARTESIAN_POINT('',(-10.,12.,2.));
#2152 = DIRECTION('',(0.,0.,-1.));
#2153 = DIRECTION('',(1.,0.,0.));
#2154 = FACE_BOUND('',#2155,.T.);
#2155 = EDGE_LOOP('',(#2156,#2166,#2175,#2183));
#2156 = ORIENTED_EDGE('',*,*,#2157,.T.);
#2157 = EDGE_CURVE('',#2158,#2160,#2162,.T.);
#2158 = VERTEX_POINT('',#2159);
#2159 = CARTESIAN_POINT('',(10.000000000577,5.500000006539,2.));
#2160 = VERTEX_POINT('',#2161);
#2161 = CARTESIAN_POINT('',(13.000000000577,5.5,2.));
#2162 = LINE('',#2163,#2164);
#2163 = CARTESIAN_POINT('',(6.500000006282,5.500000014167,2.));
#2164 = VECTOR('',#2165,1.);
#2165 = DIRECTION('',(1.,-2.179586881349E-09,0.));
#2166 = ORIENTED_EDGE('',*,*,#2167,.T.);
#2167 = EDGE_CURVE('',#2160,#2168,#2170,.T.);
#2168 = VERTEX_POINT('',#2169);
#2169 = CARTESIAN_POINT('',(12.999999994038,2.5,2.));
#2170 = CIRCLE('',#2171,1.5);
#2171 = AXIS2_PLACEMENT_3D('',#2172,#2173,#2174);
#2172 = CARTESIAN_POINT('',(12.999999997308,4.,2.));
#2173 = DIRECTION('',(0.,0.,-1.));
#2174 = DIRECTION('',(-1.,0.,0.));
#2175 = ORIENTED_EDGE('',*,*,#2176,.F.);
#2176 = EDGE_CURVE('',#2177,#2168,#2179,.T.);
#2177 = VERTEX_POINT('',#2178);
#2178 = CARTESIAN_POINT('',(9.999999994038,2.500000006539,2.));
#2179 = LINE('',#2180,#2181);
#2180 = CARTESIAN_POINT('',(6.499999999744,2.500000014167,2.));
#2181 = VECTOR('',#2182,1.);
#2182 = DIRECTION('',(1.,-2.179586881349E-09,0.));
#2183 = ORIENTED_EDGE('',*,*,#2184,.T.);
#2184 = EDGE_CURVE('',#2177,#2158,#2185,.T.);
#2185 = CIRCLE('',#2186,1.5);
#2186 = AXIS2_PLACEMENT_3D('',#2187,#2188,#2189);
#2187 = CARTESIAN_POINT('',(9.999999997308,4.000000006539,2.));
#2188 = DIRECTION('',(0.,0.,-1.));
#2189 = DIRECTION('',(-1.,0.,0.));
#2190 = FACE_BOUND('',#2191,.T.);
#2191 = EDGE_LOOP('',(#2192,#2202,#2211,#2219));
#2192 = ORIENTED_EDGE('',*,*,#2193,.T.);
#2193 = EDGE_CURVE('',#2194,#2196,#2198,.T.);
#2194 = VERTEX_POINT('',#2195);
#2195 = CARTESIAN_POINT('',(20.000000000577,5.5,2.));
#2196 = VERTEX_POINT('',#2197);
#2197 = CARTESIAN_POINT('',(23.000000000577,5.500000004231,2.));
#2198 = LINE('',#2199,#2200);
#2199 = CARTESIAN_POINT('',(11.49999999641,5.499999988013,2.));
#2200 = VECTOR('',#2201,1.);
#2201 = DIRECTION('',(1.,1.410207062236E-09,0.));
#2202 = ORIENTED_EDGE('',*,*,#2203,.T.);
#2203 = EDGE_CURVE('',#2196,#2204,#2206,.T.);
#2204 = VERTEX_POINT('',#2205);
#2205 = CARTESIAN_POINT('',(23.000000004808,2.500000004231,2.));
#2206 = CIRCLE('',#2207,1.5);
#2207 = AXIS2_PLACEMENT_3D('',#2208,#2209,#2210);
#2208 = CARTESIAN_POINT('',(23.000000002692,4.000000004231,2.));
#2209 = DIRECTION('',(0.,0.,-1.));
#2210 = DIRECTION('',(-1.,0.,0.));
#2211 = ORIENTED_EDGE('',*,*,#2212,.F.);
#2212 = EDGE_CURVE('',#2213,#2204,#2215,.T.);
#2213 = VERTEX_POINT('',#2214);
#2214 = CARTESIAN_POINT('',(20.000000004808,2.5,2.));
#2215 = LINE('',#2216,#2217);
#2216 = CARTESIAN_POINT('',(11.500000000641,2.499999988013,2.));
#2217 = VECTOR('',#2218,1.);
#2218 = DIRECTION('',(1.,1.410207062236E-09,0.));
#2219 = ORIENTED_EDGE('',*,*,#2220,.T.);
#2220 = EDGE_CURVE('',#2213,#2194,#2221,.T.);
#2221 = CIRCLE('',#2222,1.5);
#2222 = AXIS2_PLACEMENT_3D('',#2223,#2224,#2225);
#2223 = CARTESIAN_POINT('',(20.000000002692,4.,2.));
#2224 = DIRECTION('',(0.,0.,-1.));
#2225 = DIRECTION('',(-1.,0.,0.));
#2226 = FACE_BOUND('',#2227,.T.);
#2227 = EDGE_LOOP('',(#2228,#2238,#2247,#2255));
#2228 = ORIENTED_EDGE('',*,*,#2229,.T.);
#2229 = EDGE_CURVE('',#2230,#2232,#2234,.T.);
#2230 = VERTEX_POINT('',#2231);
#2231 = CARTESIAN_POINT('',(30.,5.5,2.));
#2232 = VERTEX_POINT('',#2233);
#2233 = CARTESIAN_POINT('',(33.,5.5,2.));
#2234 = LINE('',#2235,#2236);
#2235 = CARTESIAN_POINT('',(16.5,5.5,2.));
#2236 = VECTOR('',#2237,1.);
#2237 = DIRECTION('',(1.,0.,0.));
#2238 = ORIENTED_EDGE('',*,*,#2239,.T.);
#2239 = EDGE_CURVE('',#2232,#2240,#2242,.T.);
#2240 = VERTEX_POINT('',#2241);
#2241 = CARTESIAN_POINT('',(33.,2.5,2.));
#2242 = CIRCLE('',#2243,1.5);
#2243 = AXIS2_PLACEMENT_3D('',#2244,#2245,#2246);
#2244 = CARTESIAN_POINT('',(33.,4.,2.));
#2245 = DIRECTION('',(0.,0.,-1.));
#2246 = DIRECTION('',(-1.,0.,0.));
#2247 = ORIENTED_EDGE('',*,*,#2248,.F.);
#2248 = EDGE_CURVE('',#2249,#2240,#2251,.T.);
#2249 = VERTEX_POINT('',#2250);
#2250 = CARTESIAN_POINT('',(30.,2.5,2.));
#2251 = LINE('',#2252,#2253);
#2252 = CARTESIAN_POINT('',(16.5,2.5,2.));
#2253 = VECTOR('',#2254,1.);
#2254 = DIRECTION('',(1.,0.,0.));
#2255 = ORIENTED_EDGE('',*,*,#2256,.T.);
#2256 = EDGE_CURVE('',#2249,#2230,#2257,.T.);
#2257 = CIRCLE('',#2258,1.5);
#2258 = AXIS2_PLACEMENT_3D('',#2259,#2260,#2261);
#2259 = CARTESIAN_POINT('',(30.,4.,2.));
#2260 = DIRECTION('',(0.,0.,-1.));
#2261 = DIRECTION('',(-1.,0.,0.));
#2262 = FACE_BOUND('',#2263,.T.);
#2263 = EDGE_LOOP('',(#2264,#2274,#2283,#2291));
#2264 = ORIENTED_EDGE('',*,*,#2265,.T.);
#2265 = EDGE_CURVE('',#2266,#2268,#2270,.T.);
#2266 = VERTEX_POINT('',#2267);
#2267 = CARTESIAN_POINT('',(10.,13.5,2.));
#2268 = VERTEX_POINT('',#2269);
#2269 = CARTESIAN_POINT('',(13.,13.5,2.));
#2270 = LINE('',#2271,#2272);
#2271 = CARTESIAN_POINT('',(6.5,13.5,2.));
#2272 = VECTOR('',#2273,1.);
#2273 = DIRECTION('',(1.,0.,0.));
#2274 = ORIENTED_EDGE('',*,*,#2275,.T.);
#2275 = EDGE_CURVE('',#2268,#2276,#2278,.T.);
#2276 = VERTEX_POINT('',#2277);
#2277 = CARTESIAN_POINT('',(13.,10.5,2.));
#2278 = CIRCLE('',#2279,1.5);
#2279 = AXIS2_PLACEMENT_3D('',#2280,#2281,#2282);
#2280 = CARTESIAN_POINT('',(13.,12.,2.));
#2281 = DIRECTION('',(0.,0.,-1.));
#2282 = DIRECTION('',(-1.,0.,0.));
#2283 = ORIENTED_EDGE('',*,*,#2284,.F.);
#2284 = EDGE_CURVE('',#2285,#2276,#2287,.T.);
#2285 = VERTEX_POINT('',#2286);
#2286 = CARTESIAN_POINT('',(10.,10.5,2.));
#2287 = LINE('',#2288,#2289);
#2288 = CARTESIAN_POINT('',(6.5,10.5,2.));
#2289 = VECTOR('',#2290,1.);
#2290 = DIRECTION('',(1.,0.,0.));
#2291 = ORIENTED_EDGE('',*,*,#2292,.T.);
#2292 = EDGE_CURVE('',#2285,#2266,#2293,.T.);
#2293 = CIRCLE('',#2294,1.5);
#2294 = AXIS2_PLACEMENT_3D('',#2295,#2296,#2297);
#2295 = CARTESIAN_POINT('',(10.,12.,2.));
#2296 = DIRECTION('',(0.,0.,-1.));
#2297 = DIRECTION('',(-1.,0.,0.));
#2298 = FACE_BOUND('',#2299,.T.);
#2299 = EDGE_LOOP('',(#2300,#2310,#2319,#2327));
#2300 = ORIENTED_EDGE('',*,*,#2301,.T.);
#2301 = EDGE_CURVE('',#2302,#2304,#2306,.T.);
#2302 = VERTEX_POINT('',#2303);
#2303 = CARTESIAN_POINT('',(20.,13.5,2.));
#2304 = VERTEX_POINT('',#2305);
#2305 = CARTESIAN_POINT('',(23.,13.5,2.));
#2306 = LINE('',#2307,#2308);
#2307 = CARTESIAN_POINT('',(11.5,13.5,2.));
#2308 = VECTOR('',#2309,1.);
#2309 = DIRECTION('',(1.,0.,0.));
#2310 = ORIENTED_EDGE('',*,*,#2311,.T.);
#2311 = EDGE_CURVE('',#2304,#2312,#2314,.T.);
#2312 = VERTEX_POINT('',#2313);
#2313 = CARTESIAN_POINT('',(23.,10.5,2.));
#2314 = CIRCLE('',#2315,1.5);
#2315 = AXIS2_PLACEMENT_3D('',#2316,#2317,#2318);
#2316 = CARTESIAN_POINT('',(23.,12.,2.));
#2317 = DIRECTION('',(0.,0.,-1.));
#2318 = DIRECTION('',(-1.,0.,0.));
#2319 = ORIENTED_EDGE('',*,*,#2320,.F.);
#2320 = EDGE_CURVE('',#2321,#2312,#2323,.T.);
#2321 = VERTEX_POINT('',#2322);
#2322 = CARTESIAN_POINT('',(20.,10.5,2.));
#2323 = LINE('',#2324,#2325);
#2324 = CARTESIAN_POINT('',(11.5,10.5,2.));
#2325 = VECTOR('',#2326,1.);
#2326 = DIRECTION('',(1.,0.,0.));
#2327 = ORIENTED_EDGE('',*,*,#2328,.T.);
#2328 = EDGE_CURVE('',#2321,#2302,#2329,.T.);
#2329 = CIRCLE('',#2330,1.5);
#2330 = AXIS2_PLACEMENT_3D('',#2331,#2332,#2333);
#2331 = CARTESIAN_POINT('',(20.,12.,2.));
#2332 = DIRECTION('',(0.,0.,-1.));
#2333 = DIRECTION('',(-1.,0.,0.));
#2334 = FACE_BOUND('',#2335,.T.);
#2335 = EDGE_LOOP('',(#2336,#2346,#2355,#2363));
#2336 = ORIENTED_EDGE('',*,*,#2337,.T.);
#2337 = EDGE_CURVE('',#2338,#2340,#2342,.T.);
#2338 = VERTEX_POINT('',#2339);
#2339 = CARTESIAN_POINT('',(30.000000000577,13.5,2.));
#2340 = VERTEX_POINT('',#2341);
#2341 = CARTESIAN_POINT('',(33.000000000577,13.499999999423,2.));
#2342 = LINE('',#2343,#2344);
#2343 = CARTESIAN_POINT('',(16.500000001587,13.500000002597,2.));
#2344 = VECTOR('',#2345,1.);
#2345 = DIRECTION('',(1.,-1.923439185703E-10,0.));
#2346 = ORIENTED_EDGE('',*,*,#2347,.T.);
#2347 = EDGE_CURVE('',#2340,#2348,#2350,.T.);
#2348 = VERTEX_POINT('',#2349);
#2349 = CARTESIAN_POINT('',(33.,10.499999999423,2.));
#2350 = CIRCLE('',#2351,1.5);
#2351 = AXIS2_PLACEMENT_3D('',#2352,#2353,#2354);
#2352 = CARTESIAN_POINT('',(33.000000000289,11.999999999423,2.));
#2353 = DIRECTION('',(0.,0.,-1.));
#2354 = DIRECTION('',(-1.,0.,0.));
#2355 = ORIENTED_EDGE('',*,*,#2356,.F.);
#2356 = EDGE_CURVE('',#2357,#2348,#2359,.T.);
#2357 = VERTEX_POINT('',#2358);
#2358 = CARTESIAN_POINT('',(30.,10.5,2.));
#2359 = LINE('',#2360,#2361);
#2360 = CARTESIAN_POINT('',(16.50000000101,10.500000002597,2.));
#2361 = VECTOR('',#2362,1.);
#2362 = DIRECTION('',(1.,-1.923439185703E-10,0.));
#2363 = ORIENTED_EDGE('',*,*,#2364,.T.);
#2364 = EDGE_CURVE('',#2357,#2338,#2365,.T.);
#2365 = CIRCLE('',#2366,1.5);
#2366 = AXIS2_PLACEMENT_3D('',#2367,#2368,#2369);
#2367 = CARTESIAN_POINT('',(30.000000000289,12.,2.));
#2368 = DIRECTION('',(0.,0.,-1.));
#2369 = DIRECTION('',(-1.,0.,0.));
#2370 = PLANE('',#2371);
#2371 = AXIS2_PLACEMENT_3D('',#2372,#2373,#2374);
#2372 = CARTESIAN_POINT('',(4.2E-16,2.01E-15,2.));
#2373 = DIRECTION('',(0.,0.,1.));
#2374 = DIRECTION('',(1.,0.,0.));
#2375 = ADVANCED_FACE('',(#2376),#2387,.T.);
#2376 = FACE_BOUND('',#2377,.T.);
#2377 = EDGE_LOOP('',(#2378,#2384,#2385,#2386));
#2378 = ORIENTED_EDGE('',*,*,#2379,.T.);
#2379 = EDGE_CURVE('',#1209,#1452,#2380,.T.);
#2380 = LINE('',#2381,#2382);
#2381 = CARTESIAN_POINT('',(43.,12.,95.));
#2382 = VECTOR('',#2383,1.);
#2383 = DIRECTION('',(0.,0.,-1.));
#2384 = ORIENTED_EDGE('',*,*,#1451,.F.);
#2385 = ORIENTED_EDGE('',*,*,#524,.F.);
#2386 = ORIENTED_EDGE('',*,*,#1216,.T.);
#2387 = PLANE('',#2388);
#2388 = AXIS2_PLACEMENT_3D('',#2389,#2390,#2391);
#2389 = CARTESIAN_POINT('',(43.,-15.,0.));
#2390 = DIRECTION('',(-1.,0.,0.));
#2391 = DIRECTION('',(0.,1.,0.));
#2392 = ADVANCED_FACE('',(#2393),#2420,.T.);
#2393 = FACE_BOUND('',#2394,.F.);
#2394 = EDGE_LOOP('',(#2395,#2396,#2402,#2403,#2411,#2417,#2418,#2419));
#2395 = ORIENTED_EDGE('',*,*,#1228,.F.);
#2396 = ORIENTED_EDGE('',*,*,#2397,.T.);
#2397 = EDGE_CURVE('',#1229,#1403,#2398,.T.);
#2398 = LINE('',#2399,#2400);
#2399 = CARTESIAN_POINT('',(-43.,-12.,95.));
#2400 = VECTOR('',#2401,1.);
#2401 = DIRECTION('',(0.,0.,-1.));
#2402 = ORIENTED_EDGE('',*,*,#1410,.T.);
#2403 = ORIENTED_EDGE('',*,*,#2404,.F.);
#2404 = EDGE_CURVE('',#2405,#1411,#2407,.T.);
#2405 = VERTEX_POINT('',#2406);
#2406 = CARTESIAN_POINT('',(-40.,-12.,41.));
#2407 = LINE('',#2408,#2409);
#2408 = CARTESIAN_POINT('',(-40.,-12.,95.));
#2409 = VECTOR('',#2410,1.);
#2410 = DIRECTION('',(0.,0.,-1.));
#2411 = ORIENTED_EDGE('',*,*,#2412,.F.);
#2412 = EDGE_CURVE('',#694,#2405,#2413,.T.);
#2413 = LINE('',#2414,#2415);
#2414 = CARTESIAN_POINT('',(-40.,-12.,95.));
#2415 = VECTOR('',#2416,1.);
#2416 = DIRECTION('',(0.,0.,-1.));
#2417 = ORIENTED_EDGE('',*,*,#693,.F.);
#2418 = ORIENTED_EDGE('',*,*,#578,.F.);
#2419 = ORIENTED_EDGE('',*,*,#1000,.F.);
#2420 = PLANE('',#2421);
#2421 = AXIS2_PLACEMENT_3D('',#2422,#2423,#2424);
#2422 = CARTESIAN_POINT('',(-43.,-12.,95.));
#2423 = DIRECTION('',(0.,1.,0.));
#2424 = DIRECTION('',(-1.,-0.,-0.));
#2425 = ADVANCED_FACE('',(#2426,#2448,#2482,#2516,#2550),#2584,.F.);
#2426 = FACE_BOUND('',#2427,.F.);
#2427 = EDGE_LOOP('',(#2428,#2436,#2442,#2443,#2444,#2445,#2446,#2447));
#2428 = ORIENTED_EDGE('',*,*,#2429,.T.);
#2429 = EDGE_CURVE('',#694,#2430,#2432,.T.);
#2430 = VERTEX_POINT('',#2431);
#2431 = CARTESIAN_POINT('',(-40.,-9.,43.));
#2432 = LINE('',#2433,#2434);
#2433 = CARTESIAN_POINT('',(-40.,-18.,43.));
#2434 = VECTOR('',#2435,1.);
#2435 = DIRECTION('',(0.,1.,-2.2E-16));
#2436 = ORIENTED_EDGE('',*,*,#2437,.T.);
#2437 = EDGE_CURVE('',#2430,#1337,#2438,.T.);
#2438 = LINE('',#2439,#2440);
#2439 = CARTESIAN_POINT('',(-40.,-9.,43.));
#2440 = VECTOR('',#2441,1.);
#2441 = DIRECTION('',(1.,0.,0.));
#2442 = ORIENTED_EDGE('',*,*,#1336,.F.);
#2443 = ORIENTED_EDGE('',*,*,#597,.T.);
#2444 = ORIENTED_EDGE('',*,*,#629,.T.);
#2445 = ORIENTED_EDGE('',*,*,#645,.F.);
#2446 = ORIENTED_EDGE('',*,*,#670,.F.);
#2447 = ORIENTED_EDGE('',*,*,#701,.T.);
#2448 = FACE_BOUND('',#2449,.F.);
#2449 = EDGE_LOOP('',(#2450,#2460,#2468,#2476));
#2450 = ORIENTED_EDGE('',*,*,#2451,.F.);
#2451 = EDGE_CURVE('',#2452,#2454,#2456,.T.);
#2452 = VERTEX_POINT('',#2453);
#2453 = CARTESIAN_POINT('',(-28.,-12.,43.));
#2454 = VERTEX_POINT('',#2455);
#2455 = CARTESIAN_POINT('',(-28.,-10.,43.));
#2456 = LINE('',#2457,#2458);
#2457 = CARTESIAN_POINT('',(-28.,-14.,43.));
#2458 = VECTOR('',#2459,1.);
#2459 = DIRECTION('',(0.,1.,-2.2E-16));
#2460 = ORIENTED_EDGE('',*,*,#2461,.F.);
#2461 = EDGE_CURVE('',#2462,#2452,#2464,.T.);
#2462 = VERTEX_POINT('',#2463);
#2463 = CARTESIAN_POINT('',(-25.,-12.,43.));
#2464 = LINE('',#2465,#2466);
#2465 = CARTESIAN_POINT('',(-34.,-12.,43.));
#2466 = VECTOR('',#2467,1.);
#2467 = DIRECTION('',(-1.,0.,0.));
#2468 = ORIENTED_EDGE('',*,*,#2469,.F.);
#2469 = EDGE_CURVE('',#2470,#2462,#2472,.T.);
#2470 = VERTEX_POINT('',#2471);
#2471 = CARTESIAN_POINT('',(-25.,-10.,43.));
#2472 = LINE('',#2473,#2474);
#2473 = CARTESIAN_POINT('',(-25.,-15.,43.));
#2474 = VECTOR('',#2475,1.);
#2475 = DIRECTION('',(0.,-1.,2.2E-16));
#2476 = ORIENTED_EDGE('',*,*,#2477,.F.);
#2477 = EDGE_CURVE('',#2454,#2470,#2478,.T.);
#2478 = LINE('',#2479,#2480);
#2479 = CARTESIAN_POINT('',(-32.5,-10.,43.));
#2480 = VECTOR('',#2481,1.);
#2481 = DIRECTION('',(1.,0.,0.));
#2482 = FACE_BOUND('',#2483,.F.);
#2483 = EDGE_LOOP('',(#2484,#2494,#2502,#2510));
#2484 = ORIENTED_EDGE('',*,*,#2485,.T.);
#2485 = EDGE_CURVE('',#2486,#2488,#2490,.T.);
#2486 = VERTEX_POINT('',#2487);
#2487 = CARTESIAN_POINT('',(25.,-12.,43.));
#2488 = VERTEX_POINT('',#2489);
#2489 = CARTESIAN_POINT('',(28.,-12.,43.));
#2490 = LINE('',#2491,#2492);
#2491 = CARTESIAN_POINT('',(-6.,-12.,43.));
#2492 = VECTOR('',#2493,1.);
#2493 = DIRECTION('',(1.,0.,0.));
#2494 = ORIENTED_EDGE('',*,*,#2495,.T.);
#2495 = EDGE_CURVE('',#2488,#2496,#2498,.T.);
#2496 = VERTEX_POINT('',#2497);
#2497 = CARTESIAN_POINT('',(28.,-10.,43.));
#2498 = LINE('',#2499,#2500);
#2499 = CARTESIAN_POINT('',(28.,-14.,43.));
#2500 = VECTOR('',#2501,1.);
#2501 = DIRECTION('',(0.,1.,-2.2E-16));
#2502 = ORIENTED_EDGE('',*,*,#2503,.T.);
#2503 = EDGE_CURVE('',#2496,#2504,#2506,.T.);
#2504 = VERTEX_POINT('',#2505);
#2505 = CARTESIAN_POINT('',(25.,-10.,43.));
#2506 = LINE('',#2507,#2508);
#2507 = CARTESIAN_POINT('',(-7.5,-10.,43.));
#2508 = VECTOR('',#2509,1.);
#2509 = DIRECTION('',(-1.,0.,0.));
#2510 = ORIENTED_EDGE('',*,*,#2511,.T.);
#2511 = EDGE_CURVE('',#2504,#2486,#2512,.T.);
#2512 = LINE('',#2513,#2514);
#2513 = CARTESIAN_POINT('',(25.,-15.,43.));
#2514 = VECTOR('',#2515,1.);
#2515 = DIRECTION('',(0.,-1.,2.2E-16));
#2516 = FACE_BOUND('',#2517,.F.);
#2517 = EDGE_LOOP('',(#2518,#2528,#2536,#2544));
#2518 = ORIENTED_EDGE('',*,*,#2519,.F.);
#2519 = EDGE_CURVE('',#2520,#2522,#2524,.T.);
#2520 = VERTEX_POINT('',#2521);
#2521 = CARTESIAN_POINT('',(-28.,-17.5,43.));
#2522 = VERTEX_POINT('',#2523);
#2523 = CARTESIAN_POINT('',(-28.,-15.5,43.));
#2524 = LINE('',#2525,#2526);
#2525 = CARTESIAN_POINT('',(-28.,-16.75,43.));
#2526 = VECTOR('',#2527,1.);
#2527 = DIRECTION('',(0.,1.,-2.2E-16));
#2528 = ORIENTED_EDGE('',*,*,#2529,.F.);
#2529 = EDGE_CURVE('',#2530,#2520,#2532,.T.);
#2530 = VERTEX_POINT('',#2531);
#2531 = CARTESIAN_POINT('',(-25.,-17.5,43.));
#2532 = LINE('',#2533,#2534);
#2533 = CARTESIAN_POINT('',(-34.,-17.5,43.));
#2534 = VECTOR('',#2535,1.);
#2535 = DIRECTION('',(-1.,0.,0.));
#2536 = ORIENTED_EDGE('',*,*,#2537,.F.);
#2537 = EDGE_CURVE('',#2538,#2530,#2540,.T.);
#2538 = VERTEX_POINT('',#2539);
#2539 = CARTESIAN_POINT('',(-25.,-15.5,43.));
#2540 = LINE('',#2541,#2542);
#2541 = CARTESIAN_POINT('',(-25.,-17.75,43.));
#2542 = VECTOR('',#2543,1.);
#2543 = DIRECTION('',(0.,-1.,2.2E-16));
#2544 = ORIENTED_EDGE('',*,*,#2545,.F.);
#2545 = EDGE_CURVE('',#2522,#2538,#2546,.T.);
#2546 = LINE('',#2547,#2548);
#2547 = CARTESIAN_POINT('',(-32.5,-15.5,43.));
#2548 = VECTOR('',#2549,1.);
#2549 = DIRECTION('',(1.,0.,0.));
#2550 = FACE_BOUND('',#2551,.F.);
#2551 = EDGE_LOOP('',(#2552,#2562,#2570,#2578));
#2552 = ORIENTED_EDGE('',*,*,#2553,.T.);
#2553 = EDGE_CURVE('',#2554,#2556,#2558,.T.);
#2554 = VERTEX_POINT('',#2555);
#2555 = CARTESIAN_POINT('',(25.,-17.5,43.));
#2556 = VERTEX_POINT('',#2557);
#2557 = CARTESIAN_POINT('',(28.,-17.5,43.));
#2558 = LINE('',#2559,#2560);
#2559 = CARTESIAN_POINT('',(-6.,-17.5,43.));
#2560 = VECTOR('',#2561,1.);
#2561 = DIRECTION('',(1.,0.,0.));
#2562 = ORIENTED_EDGE('',*,*,#2563,.T.);
#2563 = EDGE_CURVE('',#2556,#2564,#2566,.T.);
#2564 = VERTEX_POINT('',#2565);
#2565 = CARTESIAN_POINT('',(28.,-15.5,43.));
#2566 = LINE('',#2567,#2568);
#2567 = CARTESIAN_POINT('',(28.,-16.75,43.));
#2568 = VECTOR('',#2569,1.);
#2569 = DIRECTION('',(0.,1.,-2.2E-16));
#2570 = ORIENTED_EDGE('',*,*,#2571,.T.);
#2571 = EDGE_CURVE('',#2564,#2572,#2574,.T.);
#2572 = VERTEX_POINT('',#2573);
#2573 = CARTESIAN_POINT('',(25.,-15.5,43.));
#2574 = LINE('',#2575,#2576);
#2575 = CARTESIAN_POINT('',(-7.5,-15.5,43.));
#2576 = VECTOR('',#2577,1.);
#2577 = DIRECTION('',(-1.,0.,0.));
#2578 = ORIENTED_EDGE('',*,*,#2579,.T.);
#2579 = EDGE_CURVE('',#2572,#2554,#2580,.T.);
#2580 = LINE('',#2581,#2582);
#2581 = CARTESIAN_POINT('',(25.,-17.75,43.));
#2582 = VECTOR('',#2583,1.);
#2583 = DIRECTION('',(0.,-1.,2.2E-16));
#2584 = PLANE('',#2585);
#2585 = AXIS2_PLACEMENT_3D('',#2586,#2587,#2588);
#2586 = CARTESIAN_POINT('',(-40.,-18.,43.));
#2587 = DIRECTION('',(0.,-2.2E-16,-1.));
#2588 = DIRECTION('',(1.,0.,0.));
#2589 = ADVANCED_FACE('',(#2590),#2615,.F.);
#2590 = FACE_BOUND('',#2591,.F.);
#2591 = EDGE_LOOP('',(#2592,#2600,#2601,#2609));
#2592 = ORIENTED_EDGE('',*,*,#2593,.T.);
#2593 = EDGE_CURVE('',#2594,#1112,#2596,.T.);
#2594 = VERTEX_POINT('',#2595);
#2595 = CARTESIAN_POINT('',(-45.,15.,0.));
#2596 = LINE('',#2597,#2598);
#2597 = CARTESIAN_POINT('',(-45.,15.,0.));
#2598 = VECTOR('',#2599,1.);
#2599 = DIRECTION('',(0.,0.,1.));
#2600 = ORIENTED_EDGE('',*,*,#1111,.T.);
#2601 = ORIENTED_EDGE('',*,*,#2602,.F.);
#2602 = EDGE_CURVE('',#2603,#1114,#2605,.T.);
#2603 = VERTEX_POINT('',#2604);
#2604 = CARTESIAN_POINT('',(-45.,-15.,0.));
#2605 = LINE('',#2606,#2607);
#2606 = CARTESIAN_POINT('',(-45.,-15.,0.));
#2607 = VECTOR('',#2608,1.);
#2608 = DIRECTION('',(0.,0.,1.));
#2609 = ORIENTED_EDGE('',*,*,#2610,.F.);
#2610 = EDGE_CURVE('',#2594,#2603,#2611,.T.);
#2611 = LINE('',#2612,#2613);
#2612 = CARTESIAN_POINT('',(-45.,15.,0.));
#2613 = VECTOR('',#2614,1.);
#2614 = DIRECTION('',(0.,-1.,0.));
#2615 = PLANE('',#2616);
#2616 = AXIS2_PLACEMENT_3D('',#2617,#2618,#2619);
#2617 = CARTESIAN_POINT('',(-45.,15.,0.));
#2618 = DIRECTION('',(1.,0.,0.));
#2619 = DIRECTION('',(0.,-1.,0.));
#2620 = ADVANCED_FACE('',(#2621),#2640,.T.);
#2621 = FACE_BOUND('',#2622,.F.);
#2622 = EDGE_LOOP('',(#2623,#2624,#2625,#2633));
#2623 = ORIENTED_EDGE('',*,*,#2602,.T.);
#2624 = ORIENTED_EDGE('',*,*,#1121,.T.);
#2625 = ORIENTED_EDGE('',*,*,#2626,.F.);
#2626 = EDGE_CURVE('',#2627,#1122,#2629,.T.);
#2627 = VERTEX_POINT('',#2628);
#2628 = CARTESIAN_POINT('',(-40.00000000801,-20.,0.));
#2629 = LINE('',#2630,#2631);
#2630 = CARTESIAN_POINT('',(-40.,-20.,0.));
#2631 = VECTOR('',#2632,1.);
#2632 = DIRECTION('',(0.,0.,1.));
#2633 = ORIENTED_EDGE('',*,*,#2634,.F.);
#2634 = EDGE_CURVE('',#2603,#2627,#2635,.T.);
#2635 = CIRCLE('',#2636,5.);
#2636 = AXIS2_PLACEMENT_3D('',#2637,#2638,#2639);
#2637 = CARTESIAN_POINT('',(-40.,-15.,0.));
#2638 = DIRECTION('',(0.,0.,1.));
#2639 = DIRECTION('',(1.,0.,0.));
#2640 = CYLINDRICAL_SURFACE('',#2641,5.);
#2641 = AXIS2_PLACEMENT_3D('',#2642,#2643,#2644);
#2642 = CARTESIAN_POINT('',(-40.,-15.,0.));
#2643 = DIRECTION('',(-0.,-0.,-1.));
#2644 = DIRECTION('',(1.,0.,0.));
#2645 = ADVANCED_FACE('',(#2646),#2664,.F.);
#2646 = FACE_BOUND('',#2647,.F.);
#2647 = EDGE_LOOP('',(#2648,#2649,#2650,#2658));
#2648 = ORIENTED_EDGE('',*,*,#2626,.T.);
#2649 = ORIENTED_EDGE('',*,*,#1130,.T.);
#2650 = ORIENTED_EDGE('',*,*,#2651,.F.);
#2651 = EDGE_CURVE('',#2652,#1131,#2654,.T.);
#2652 = VERTEX_POINT('',#2653);
#2653 = CARTESIAN_POINT('',(40.000000008013,-20.,0.));
#2654 = LINE('',#2655,#2656);
#2655 = CARTESIAN_POINT('',(40.,-20.,0.));
#2656 = VECTOR('',#2657,1.);
#2657 = DIRECTION('',(0.,0.,1.));
#2658 = ORIENTED_EDGE('',*,*,#2659,.F.);
#2659 = EDGE_CURVE('',#2627,#2652,#2660,.T.);
#2660 = LINE('',#2661,#2662);
#2661 = CARTESIAN_POINT('',(-40.,-20.,0.));
#2662 = VECTOR('',#2663,1.);
#2663 = DIRECTION('',(1.,0.,0.));
#2664 = PLANE('',#2665);
#2665 = AXIS2_PLACEMENT_3D('',#2666,#2667,#2668);
#2666 = CARTESIAN_POINT('',(-40.,-20.,0.));
#2667 = DIRECTION('',(0.,1.,0.));
#2668 = DIRECTION('',(1.,0.,0.));
#2669 = ADVANCED_FACE('',(#2670),#2689,.T.);
#2670 = FACE_BOUND('',#2671,.F.);
#2671 = EDGE_LOOP('',(#2672,#2673,#2674,#2682));
#2672 = ORIENTED_EDGE('',*,*,#2651,.T.);
#2673 = ORIENTED_EDGE('',*,*,#1138,.T.);
#2674 = ORIENTED_EDGE('',*,*,#2675,.F.);
#2675 = EDGE_CURVE('',#2676,#1139,#2678,.T.);
#2676 = VERTEX_POINT('',#2677);
#2677 = CARTESIAN_POINT('',(45.,-15.,0.));
#2678 = LINE('',#2679,#2680);
#2679 = CARTESIAN_POINT('',(45.,-15.,0.));
#2680 = VECTOR('',#2681,1.);
#2681 = DIRECTION('',(0.,0.,1.));
#2682 = ORIENTED_EDGE('',*,*,#2683,.F.);
#2683 = EDGE_CURVE('',#2652,#2676,#2684,.T.);
#2684 = CIRCLE('',#2685,5.);
#2685 = AXIS2_PLACEMENT_3D('',#2686,#2687,#2688);
#2686 = CARTESIAN_POINT('',(40.,-15.,0.));
#2687 = DIRECTION('',(0.,0.,1.));
#2688 = DIRECTION('',(1.,0.,0.));
#2689 = CYLINDRICAL_SURFACE('',#2690,5.);
#2690 = AXIS2_PLACEMENT_3D('',#2691,#2692,#2693);
#2691 = CARTESIAN_POINT('',(40.,-15.,0.));
#2692 = DIRECTION('',(-0.,-0.,-1.));
#2693 = DIRECTION('',(1.,0.,0.));
#2694 = ADVANCED_FACE('',(#2695),#2713,.F.);
#2695 = FACE_BOUND('',#2696,.F.);
#2696 = EDGE_LOOP('',(#2697,#2698,#2699,#2707));
#2697 = ORIENTED_EDGE('',*,*,#2675,.T.);
#2698 = ORIENTED_EDGE('',*,*,#1147,.T.);
#2699 = ORIENTED_EDGE('',*,*,#2700,.F.);
#2700 = EDGE_CURVE('',#2701,#1148,#2703,.T.);
#2701 = VERTEX_POINT('',#2702);
#2702 = CARTESIAN_POINT('',(45.,15.,0.));
#2703 = LINE('',#2704,#2705);
#2704 = CARTESIAN_POINT('',(45.,15.,0.));
#2705 = VECTOR('',#2706,1.);
#2706 = DIRECTION('',(0.,0.,1.));
#2707 = ORIENTED_EDGE('',*,*,#2708,.F.);
#2708 = EDGE_CURVE('',#2676,#2701,#2709,.T.);
#2709 = LINE('',#2710,#2711);
#2710 = CARTESIAN_POINT('',(45.,-15.,0.));
#2711 = VECTOR('',#2712,1.);
#2712 = DIRECTION('',(0.,1.,0.));
#2713 = PLANE('',#2714);
#2714 = AXIS2_PLACEMENT_3D('',#2715,#2716,#2717);
#2715 = CARTESIAN_POINT('',(45.,-15.,0.));
#2716 = DIRECTION('',(-1.,0.,0.));
#2717 = DIRECTION('',(0.,1.,0.));
#2718 = ADVANCED_FACE('',(#2719),#2738,.T.);
#2719 = FACE_BOUND('',#2720,.F.);
#2720 = EDGE_LOOP('',(#2721,#2722,#2723,#2731));
#2721 = ORIENTED_EDGE('',*,*,#2700,.T.);
#2722 = ORIENTED_EDGE('',*,*,#1155,.T.);
#2723 = ORIENTED_EDGE('',*,*,#2724,.F.);
#2724 = EDGE_CURVE('',#2725,#1156,#2727,.T.);
#2725 = VERTEX_POINT('',#2726);
#2726 = CARTESIAN_POINT('',(40.000000008013,20.,0.));
#2727 = LINE('',#2728,#2729);
#2728 = CARTESIAN_POINT('',(40.,20.,0.));
#2729 = VECTOR('',#2730,1.);
#2730 = DIRECTION('',(0.,0.,1.));
#2731 = ORIENTED_EDGE('',*,*,#2732,.F.);
#2732 = EDGE_CURVE('',#2701,#2725,#2733,.T.);
#2733 = CIRCLE('',#2734,5.);
#2734 = AXIS2_PLACEMENT_3D('',#2735,#2736,#2737);
#2735 = CARTESIAN_POINT('',(40.,15.,0.));
#2736 = DIRECTION('',(0.,0.,1.));
#2737 = DIRECTION('',(1.,0.,0.));
#2738 = CYLINDRICAL_SURFACE('',#2739,5.);
#2739 = AXIS2_PLACEMENT_3D('',#2740,#2741,#2742);
#2740 = CARTESIAN_POINT('',(40.,15.,0.));
#2741 = DIRECTION('',(-0.,-0.,-1.));
#2742 = DIRECTION('',(1.,0.,0.));
#2743 = ADVANCED_FACE('',(#2744),#2762,.F.);
#2744 = FACE_BOUND('',#2745,.F.);
#2745 = EDGE_LOOP('',(#2746,#2747,#2748,#2756));
#2746 = ORIENTED_EDGE('',*,*,#2724,.T.);
#2747 = ORIENTED_EDGE('',*,*,#1164,.T.);
#2748 = ORIENTED_EDGE('',*,*,#2749,.F.);
#2749 = EDGE_CURVE('',#2750,#1165,#2752,.T.);
#2750 = VERTEX_POINT('',#2751);
#2751 = CARTESIAN_POINT('',(-40.00000000801,20.,0.));
#2752 = LINE('',#2753,#2754);
#2753 = CARTESIAN_POINT('',(-40.,20.,0.));
#2754 = VECTOR('',#2755,1.);
#2755 = DIRECTION('',(0.,0.,1.));
#2756 = ORIENTED_EDGE('',*,*,#2757,.F.);
#2757 = EDGE_CURVE('',#2725,#2750,#2758,.T.);
#2758 = LINE('',#2759,#2760);
#2759 = CARTESIAN_POINT('',(40.,20.,0.));
#2760 = VECTOR('',#2761,1.);
#2761 = DIRECTION('',(-1.,0.,0.));
#2762 = PLANE('',#2763);
#2763 = AXIS2_PLACEMENT_3D('',#2764,#2765,#2766);
#2764 = CARTESIAN_POINT('',(40.,20.,0.));
#2765 = DIRECTION('',(0.,-1.,0.));
#2766 = DIRECTION('',(-1.,0.,0.));
#2767 = ADVANCED_FACE('',(#2768),#2780,.T.);
#2768 = FACE_BOUND('',#2769,.F.);
#2769 = EDGE_LOOP('',(#2770,#2771,#2772,#2773));
#2770 = ORIENTED_EDGE('',*,*,#2749,.T.);
#2771 = ORIENTED_EDGE('',*,*,#1172,.T.);
#2772 = ORIENTED_EDGE('',*,*,#2593,.F.);
#2773 = ORIENTED_EDGE('',*,*,#2774,.F.);
#2774 = EDGE_CURVE('',#2750,#2594,#2775,.T.);
#2775 = CIRCLE('',#2776,5.);
#2776 = AXIS2_PLACEMENT_3D('',#2777,#2778,#2779);
#2777 = CARTESIAN_POINT('',(-40.,15.,0.));
#2778 = DIRECTION('',(0.,0.,1.));
#2779 = DIRECTION('',(1.,0.,0.));
#2780 = CYLINDRICAL_SURFACE('',#2781,5.);
#2781 = AXIS2_PLACEMENT_3D('',#2782,#2783,#2784);
#2782 = CARTESIAN_POINT('',(-40.,15.,0.));
#2783 = DIRECTION('',(-0.,-0.,-1.));
#2784 = DIRECTION('',(1.,0.,0.));
#2785 = ADVANCED_FACE('',(#2786),#2802,.T.);
#2786 = FACE_BOUND('',#2787,.T.);
#2787 = EDGE_LOOP('',(#2788,#2789,#2795,#2796));
#2788 = ORIENTED_EDGE('',*,*,#1181,.T.);
#2789 = ORIENTED_EDGE('',*,*,#2790,.T.);
#2790 = EDGE_CURVE('',#1184,#1485,#2791,.T.);
#2791 = LINE('',#2792,#2793);
#2792 = CARTESIAN_POINT('',(-37.,18.,95.));
#2793 = VECTOR('',#2794,1.);
#2794 = DIRECTION('',(-0.,-0.,-1.));
#2795 = ORIENTED_EDGE('',*,*,#1484,.F.);
#2796 = ORIENTED_EDGE('',*,*,#2797,.F.);
#2797 = EDGE_CURVE('',#1182,#1477,#2798,.T.);
#2798 = LINE('',#2799,#2800);
#2799 = CARTESIAN_POINT('',(37.,18.,95.));
#2800 = VECTOR('',#2801,1.);
#2801 = DIRECTION('',(0.,0.,-1.));
#2802 = PLANE('',#2803);
#2803 = AXIS2_PLACEMENT_3D('',#2804,#2805,#2806);
#2804 = CARTESIAN_POINT('',(40.,18.,0.));
#2805 = DIRECTION('',(0.,-1.,0.));
#2806 = DIRECTION('',(-1.,0.,0.));
#2807 = ADVANCED_FACE('',(#2808),#2819,.F.);
#2808 = FACE_BOUND('',#2809,.T.);
#2809 = EDGE_LOOP('',(#2810,#2811,#2812,#2813));
#2810 = ORIENTED_EDGE('',*,*,#1191,.F.);
#2811 = ORIENTED_EDGE('',*,*,#2797,.T.);
#2812 = ORIENTED_EDGE('',*,*,#1476,.T.);
#2813 = ORIENTED_EDGE('',*,*,#2814,.F.);
#2814 = EDGE_CURVE('',#1192,#1468,#2815,.T.);
#2815 = LINE('',#2816,#2817);
#2816 = CARTESIAN_POINT('',(37.,15.,95.));
#2817 = VECTOR('',#2818,1.);
#2818 = DIRECTION('',(0.,0.,-1.));
#2819 = PLANE('',#2820);
#2820 = AXIS2_PLACEMENT_3D('',#2821,#2822,#2823);
#2821 = CARTESIAN_POINT('',(37.,18.,95.));
#2822 = DIRECTION('',(1.,0.,0.));
#2823 = DIRECTION('',(0.,1.,0.));
#2824 = ADVANCED_FACE('',(#2825),#2836,.T.);
#2825 = FACE_BOUND('',#2826,.F.);
#2826 = EDGE_LOOP('',(#2827,#2828,#2834,#2835));
#2827 = ORIENTED_EDGE('',*,*,#1199,.F.);
#2828 = ORIENTED_EDGE('',*,*,#2829,.T.);
#2829 = EDGE_CURVE('',#1200,#1460,#2830,.T.);
#2830 = LINE('',#2831,#2832);
#2831 = CARTESIAN_POINT('',(40.,12.,95.));
#2832 = VECTOR('',#2833,1.);
#2833 = DIRECTION('',(0.,0.,-1.));
#2834 = ORIENTED_EDGE('',*,*,#1467,.F.);
#2835 = ORIENTED_EDGE('',*,*,#2814,.F.);
#2836 = CYLINDRICAL_SURFACE('',#2837,3.);
#2837 = AXIS2_PLACEMENT_3D('',#2838,#2839,#2840);
#2838 = CARTESIAN_POINT('',(40.,15.,95.));
#2839 = DIRECTION('',(0.,0.,1.));
#2840 = DIRECTION('',(-1.,-0.,-0.));
#2841 = ADVANCED_FACE('',(#2842),#2848,.T.);
#2842 = FACE_BOUND('',#2843,.F.);
#2843 = EDGE_LOOP('',(#2844,#2845,#2846,#2847));
#2844 = ORIENTED_EDGE('',*,*,#1208,.F.);
#2845 = ORIENTED_EDGE('',*,*,#2379,.T.);
#2846 = ORIENTED_EDGE('',*,*,#1459,.T.);
#2847 = ORIENTED_EDGE('',*,*,#2829,.F.);
#2848 = PLANE('',#2849);
#2849 = AXIS2_PLACEMENT_3D('',#2850,#2851,#2852);
#2850 = CARTESIAN_POINT('',(43.,12.,95.));
#2851 = DIRECTION('',(-0.,-1.,-0.));
#2852 = DIRECTION('',(1.,0.,0.));
#2853 = ADVANCED_FACE('',(#2854),#2865,.T.);
#2854 = FACE_BOUND('',#2855,.T.);
#2855 = EDGE_LOOP('',(#2856,#2857,#2863,#2864));
#2856 = ORIENTED_EDGE('',*,*,#1402,.F.);
#2857 = ORIENTED_EDGE('',*,*,#2858,.F.);
#2858 = EDGE_CURVE('',#1237,#1393,#2859,.T.);
#2859 = LINE('',#2860,#2861);
#2860 = CARTESIAN_POINT('',(-43.,12.,95.));
#2861 = VECTOR('',#2862,1.);
#2862 = DIRECTION('',(-0.,-0.,-1.));
#2863 = ORIENTED_EDGE('',*,*,#1236,.T.);
#2864 = ORIENTED_EDGE('',*,*,#2397,.T.);
#2865 = PLANE('',#2866);
#2866 = AXIS2_PLACEMENT_3D('',#2867,#2868,#2869);
#2867 = CARTESIAN_POINT('',(-43.,15.,0.));
#2868 = DIRECTION('',(1.,0.,0.));
#2869 = DIRECTION('',(0.,-1.,0.));
#2870 = ADVANCED_FACE('',(#2871),#2882,.T.);
#2871 = FACE_BOUND('',#2872,.T.);
#2872 = EDGE_LOOP('',(#2873,#2874,#2875,#2876));
#2873 = ORIENTED_EDGE('',*,*,#1244,.F.);
#2874 = ORIENTED_EDGE('',*,*,#2858,.T.);
#2875 = ORIENTED_EDGE('',*,*,#1392,.T.);
#2876 = ORIENTED_EDGE('',*,*,#2877,.F.);
#2877 = EDGE_CURVE('',#1245,#1395,#2878,.T.);
#2878 = LINE('',#2879,#2880);
#2879 = CARTESIAN_POINT('',(-40.,12.,95.));
#2880 = VECTOR('',#2881,1.);
#2881 = DIRECTION('',(-0.,-0.,-1.));
#2882 = PLANE('',#2883);
#2883 = AXIS2_PLACEMENT_3D('',#2884,#2885,#2886);
#2884 = CARTESIAN_POINT('',(-43.,12.,95.));
#2885 = DIRECTION('',(0.,-1.,0.));
#2886 = DIRECTION('',(1.,0.,0.));
#2887 = ADVANCED_FACE('',(#2888),#2899,.T.);
#2888 = FACE_BOUND('',#2889,.T.);
#2889 = EDGE_LOOP('',(#2890,#2891,#2892,#2893));
#2890 = ORIENTED_EDGE('',*,*,#1252,.F.);
#2891 = ORIENTED_EDGE('',*,*,#2877,.T.);
#2892 = ORIENTED_EDGE('',*,*,#1500,.T.);
#2893 = ORIENTED_EDGE('',*,*,#2894,.F.);
#2894 = EDGE_CURVE('',#1253,#1493,#2895,.T.);
#2895 = LINE('',#2896,#2897);
#2896 = CARTESIAN_POINT('',(-37.,15.,95.));
#2897 = VECTOR('',#2898,1.);
#2898 = DIRECTION('',(-0.,-0.,-1.));
#2899 = CYLINDRICAL_SURFACE('',#2900,3.);
#2900 = AXIS2_PLACEMENT_3D('',#2901,#2902,#2903);
#2901 = CARTESIAN_POINT('',(-40.,15.,95.));
#2902 = DIRECTION('',(0.,0.,1.));
#2903 = DIRECTION('',(1.,0.,0.));
#2904 = ADVANCED_FACE('',(#2905),#2911,.F.);
#2905 = FACE_BOUND('',#2906,.F.);
#2906 = EDGE_LOOP('',(#2907,#2908,#2909,#2910));
#2907 = ORIENTED_EDGE('',*,*,#1261,.F.);
#2908 = ORIENTED_EDGE('',*,*,#2790,.T.);
#2909 = ORIENTED_EDGE('',*,*,#1492,.T.);
#2910 = ORIENTED_EDGE('',*,*,#2894,.F.);
#2911 = PLANE('',#2912);
#2912 = AXIS2_PLACEMENT_3D('',#2913,#2914,#2915);
#2913 = CARTESIAN_POINT('',(-37.,18.,95.));
#2914 = DIRECTION('',(-1.,0.,0.));
#2915 = DIRECTION('',(0.,-1.,0.));
#2916 = ADVANCED_FACE('',(#2917),#2936,.F.);
#2917 = FACE_BOUND('',#2918,.F.);
#2918 = EDGE_LOOP('',(#2919,#2927,#2928,#2929));
#2919 = ORIENTED_EDGE('',*,*,#2920,.F.);
#2920 = EDGE_CURVE('',#1270,#2921,#2923,.T.);
#2921 = VERTEX_POINT('',#2922);
#2922 = CARTESIAN_POINT('',(-37.95,15.,2.));
#2923 = LINE('',#2924,#2925);
#2924 = CARTESIAN_POINT('',(-37.95,15.,95.));
#2925 = VECTOR('',#2926,1.);
#2926 = DIRECTION('',(-0.,-0.,-1.));
#2927 = ORIENTED_EDGE('',*,*,#1269,.F.);
#2928 = ORIENTED_EDGE('',*,*,#2920,.T.);
#2929 = ORIENTED_EDGE('',*,*,#2930,.T.);
#2930 = EDGE_CURVE('',#2921,#2921,#2931,.T.);
#2931 = CIRCLE('',#2932,2.05);
#2932 = AXIS2_PLACEMENT_3D('',#2933,#2934,#2935);
#2933 = CARTESIAN_POINT('',(-40.,15.,2.));
#2934 = DIRECTION('',(0.,0.,1.));
#2935 = DIRECTION('',(1.,0.,0.));
#2936 = CYLINDRICAL_SURFACE('',#2937,2.05);
#2937 = AXIS2_PLACEMENT_3D('',#2938,#2939,#2940);
#2938 = CARTESIAN_POINT('',(-40.,15.,95.));
#2939 = DIRECTION('',(0.,0.,1.));
#2940 = DIRECTION('',(1.,0.,0.));
#2941 = ADVANCED_FACE('',(#2942),#3079,.F.);
#2942 = FACE_BOUND('',#2943,.F.);
#2943 = EDGE_LOOP('',(#2944,#2952,#2953,#2954,#2963,#2971,#2980,#2988,
    #2997,#3005,#3014,#3022,#3029,#3030,#3039,#3047,#3054,#3055,#3064,
    #3072));
#2944 = ORIENTED_EDGE('',*,*,#2945,.F.);
#2945 = EDGE_CURVE('',#1281,#2946,#2948,.T.);
#2946 = VERTEX_POINT('',#2947);
#2947 = CARTESIAN_POINT('',(37.95,-15.,65.));
#2948 = LINE('',#2949,#2950);
#2949 = CARTESIAN_POINT('',(37.95,-15.,95.));
#2950 = VECTOR('',#2951,1.);
#2951 = DIRECTION('',(0.,0.,-1.));
#2952 = ORIENTED_EDGE('',*,*,#1280,.F.);
#2953 = ORIENTED_EDGE('',*,*,#2945,.T.);
#2954 = ORIENTED_EDGE('',*,*,#2955,.T.);
#2955 = EDGE_CURVE('',#2946,#2956,#2958,.T.);
#2956 = VERTEX_POINT('',#2957);
#2957 = CARTESIAN_POINT('',(40.,-17.05,65.));
#2958 = CIRCLE('',#2959,2.05);
#2959 = AXIS2_PLACEMENT_3D('',#2960,#2961,#2962);
#2960 = CARTESIAN_POINT('',(40.,-15.,65.));
#2961 = DIRECTION('',(0.,0.,1.));
#2962 = DIRECTION('',(-1.,0.,0.));
#2963 = ORIENTED_EDGE('',*,*,#2964,.F.);
#2964 = EDGE_CURVE('',#2965,#2956,#2967,.T.);
#2965 = VERTEX_POINT('',#2966);
#2966 = CARTESIAN_POINT('',(40.,-17.05,63.));
#2967 = LINE('',#2968,#2969);
#2968 = CARTESIAN_POINT('',(40.,-17.05,95.));
#2969 = VECTOR('',#2970,1.);
#2970 = DIRECTION('',(0.,0.,1.));
#2971 = ORIENTED_EDGE('',*,*,#2972,.F.);
#2972 = EDGE_CURVE('',#2973,#2965,#2975,.T.);
#2973 = VERTEX_POINT('',#2974);
#2974 = CARTESIAN_POINT('',(37.95,-15.,63.));
#2975 = CIRCLE('',#2976,2.05);
#2976 = AXIS2_PLACEMENT_3D('',#2977,#2978,#2979);
#2977 = CARTESIAN_POINT('',(40.,-15.,63.));
#2978 = DIRECTION('',(0.,0.,1.));
#2979 = DIRECTION('',(-1.,0.,0.));
#2980 = ORIENTED_EDGE('',*,*,#2981,.T.);
#2981 = EDGE_CURVE('',#2973,#2982,#2984,.T.);
#2982 = VERTEX_POINT('',#2983);
#2983 = CARTESIAN_POINT('',(37.95,-15.,43.));
#2984 = LINE('',#2985,#2986);
#2985 = CARTESIAN_POINT('',(37.95,-15.,95.));
#2986 = VECTOR('',#2987,1.);
#2987 = DIRECTION('',(0.,0.,-1.));
#2988 = ORIENTED_EDGE('',*,*,#2989,.T.);
#2989 = EDGE_CURVE('',#2982,#2990,#2992,.T.);
#2990 = VERTEX_POINT('',#2991);
#2991 = CARTESIAN_POINT('',(40.,-17.05,43.));
#2992 = CIRCLE('',#2993,2.05);
#2993 = AXIS2_PLACEMENT_3D('',#2994,#2995,#2996);
#2994 = CARTESIAN_POINT('',(40.,-15.,43.));
#2995 = DIRECTION('',(0.,0.,1.));
#2996 = DIRECTION('',(-1.,0.,0.));
#2997 = ORIENTED_EDGE('',*,*,#2998,.F.);
#2998 = EDGE_CURVE('',#2999,#2990,#3001,.T.);
#2999 = VERTEX_POINT('',#3000);
#3000 = CARTESIAN_POINT('',(40.,-17.05,41.));
#3001 = LINE('',#3002,#3003);
#3002 = CARTESIAN_POINT('',(40.,-17.05,95.));
#3003 = VECTOR('',#3004,1.);
#3004 = DIRECTION('',(0.,0.,1.));
#3005 = ORIENTED_EDGE('',*,*,#3006,.F.);
#3006 = EDGE_CURVE('',#3007,#2999,#3009,.T.);
#3007 = VERTEX_POINT('',#3008);
#3008 = CARTESIAN_POINT('',(37.95,-15.,41.));
#3009 = CIRCLE('',#3010,2.05);
#3010 = AXIS2_PLACEMENT_3D('',#3011,#3012,#3013);
#3011 = CARTESIAN_POINT('',(40.,-15.,41.));
#3012 = DIRECTION('',(0.,0.,1.));
#3013 = DIRECTION('',(-1.,0.,0.));
#3014 = ORIENTED_EDGE('',*,*,#3015,.T.);
#3015 = EDGE_CURVE('',#3007,#3016,#3018,.T.);
#3016 = VERTEX_POINT('',#3017);
#3017 = CARTESIAN_POINT('',(37.95,-15.,2.));
#3018 = LINE('',#3019,#3020);
#3019 = CARTESIAN_POINT('',(37.95,-15.,95.));
#3020 = VECTOR('',#3021,1.);
#3021 = DIRECTION('',(0.,0.,-1.));
#3022 = ORIENTED_EDGE('',*,*,#3023,.T.);
#3023 = EDGE_CURVE('',#3016,#3016,#3024,.T.);
#3024 = CIRCLE('',#3025,2.05);
#3025 = AXIS2_PLACEMENT_3D('',#3026,#3027,#3028);
#3026 = CARTESIAN_POINT('',(40.,-15.,2.));
#3027 = DIRECTION('',(0.,0.,1.));
#3028 = DIRECTION('',(-1.,0.,0.));
#3029 = ORIENTED_EDGE('',*,*,#3015,.F.);
#3030 = ORIENTED_EDGE('',*,*,#3031,.F.);
#3031 = EDGE_CURVE('',#3032,#3007,#3034,.T.);
#3032 = VERTEX_POINT('',#3033);
#3033 = CARTESIAN_POINT('',(40.,-12.95,41.));
#3034 = CIRCLE('',#3035,2.05);
#3035 = AXIS2_PLACEMENT_3D('',#3036,#3037,#3038);
#3036 = CARTESIAN_POINT('',(40.,-15.,41.));
#3037 = DIRECTION('',(0.,0.,1.));
#3038 = DIRECTION('',(-1.,0.,0.));
#3039 = ORIENTED_EDGE('',*,*,#3040,.T.);
#3040 = EDGE_CURVE('',#3032,#3041,#3043,.T.);
#3041 = VERTEX_POINT('',#3042);
#3042 = CARTESIAN_POINT('',(40.,-12.95,43.));
#3043 = LINE('',#3044,#3045);
#3044 = CARTESIAN_POINT('',(40.,-12.95,95.));
#3045 = VECTOR('',#3046,1.);
#3046 = DIRECTION('',(0.,0.,1.));
#3047 = ORIENTED_EDGE('',*,*,#3048,.T.);
#3048 = EDGE_CURVE('',#3041,#2982,#3049,.T.);
#3049 = CIRCLE('',#3050,2.05);
#3050 = AXIS2_PLACEMENT_3D('',#3051,#3052,#3053);
#3051 = CARTESIAN_POINT('',(40.,-15.,43.));
#3052 = DIRECTION('',(0.,0.,1.));
#3053 = DIRECTION('',(-1.,0.,0.));
#3054 = ORIENTED_EDGE('',*,*,#2981,.F.);
#3055 = ORIENTED_EDGE('',*,*,#3056,.F.);
#3056 = EDGE_CURVE('',#3057,#2973,#3059,.T.);
#3057 = VERTEX_POINT('',#3058);
#3058 = CARTESIAN_POINT('',(40.,-12.95,63.));
#3059 = CIRCLE('',#3060,2.05);
#3060 = AXIS2_PLACEMENT_3D('',#3061,#3062,#3063);
#3061 = CARTESIAN_POINT('',(40.,-15.,63.));
#3062 = DIRECTION('',(0.,0.,1.));
#3063 = DIRECTION('',(-1.,0.,0.));
#3064 = ORIENTED_EDGE('',*,*,#3065,.T.);
#3065 = EDGE_CURVE('',#3057,#3066,#3068,.T.);
#3066 = VERTEX_POINT('',#3067);
#3067 = CARTESIAN_POINT('',(40.,-12.95,65.));
#3068 = LINE('',#3069,#3070);
#3069 = CARTESIAN_POINT('',(40.,-12.95,95.));
#3070 = VECTOR('',#3071,1.);
#3071 = DIRECTION('',(0.,0.,1.));
#3072 = ORIENTED_EDGE('',*,*,#3073,.T.);
#3073 = EDGE_CURVE('',#3066,#2946,#3074,.T.);
#3074 = CIRCLE('',#3075,2.05);
#3075 = AXIS2_PLACEMENT_3D('',#3076,#3077,#3078);
#3076 = CARTESIAN_POINT('',(40.,-15.,65.));
#3077 = DIRECTION('',(0.,0.,1.));
#3078 = DIRECTION('',(-1.,0.,0.));
#3079 = CYLINDRICAL_SURFACE('',#3080,2.05);
#3080 = AXIS2_PLACEMENT_3D('',#3081,#3082,#3083);
#3081 = CARTESIAN_POINT('',(40.,-15.,95.));
#3082 = DIRECTION('',(0.,0.,1.));
#3083 = DIRECTION('',(-1.,0.,0.));
#3084 = ADVANCED_FACE('',(#3085),#3222,.F.);
#3085 = FACE_BOUND('',#3086,.T.);
#3086 = EDGE_LOOP('',(#3087,#3095,#3096,#3097,#3106,#3114,#3123,#3131,
    #3140,#3148,#3157,#3165,#3172,#3173,#3182,#3190,#3197,#3198,#3207,
    #3215));
#3087 = ORIENTED_EDGE('',*,*,#3088,.F.);
#3088 = EDGE_CURVE('',#1292,#3089,#3091,.T.);
#3089 = VERTEX_POINT('',#3090);
#3090 = CARTESIAN_POINT('',(-37.95,-15.,65.));
#3091 = LINE('',#3092,#3093);
#3092 = CARTESIAN_POINT('',(-37.95,-15.,95.));
#3093 = VECTOR('',#3094,1.);
#3094 = DIRECTION('',(0.,0.,-1.));
#3095 = ORIENTED_EDGE('',*,*,#1291,.F.);
#3096 = ORIENTED_EDGE('',*,*,#3088,.T.);
#3097 = ORIENTED_EDGE('',*,*,#3098,.F.);
#3098 = EDGE_CURVE('',#3099,#3089,#3101,.T.);
#3099 = VERTEX_POINT('',#3100);
#3100 = CARTESIAN_POINT('',(-40.,-17.05,65.));
#3101 = CIRCLE('',#3102,2.05);
#3102 = AXIS2_PLACEMENT_3D('',#3103,#3104,#3105);
#3103 = CARTESIAN_POINT('',(-40.,-15.,65.));
#3104 = DIRECTION('',(0.,0.,1.));
#3105 = DIRECTION('',(1.,0.,0.));
#3106 = ORIENTED_EDGE('',*,*,#3107,.F.);
#3107 = EDGE_CURVE('',#3108,#3099,#3110,.T.);
#3108 = VERTEX_POINT('',#3109);
#3109 = CARTESIAN_POINT('',(-40.,-17.05,63.));
#3110 = LINE('',#3111,#3112);
#3111 = CARTESIAN_POINT('',(-40.,-17.05,95.));
#3112 = VECTOR('',#3113,1.);
#3113 = DIRECTION('',(0.,0.,1.));
#3114 = ORIENTED_EDGE('',*,*,#3115,.T.);
#3115 = EDGE_CURVE('',#3108,#3116,#3118,.T.);
#3116 = VERTEX_POINT('',#3117);
#3117 = CARTESIAN_POINT('',(-37.95,-15.,63.));
#3118 = CIRCLE('',#3119,2.05);
#3119 = AXIS2_PLACEMENT_3D('',#3120,#3121,#3122);
#3120 = CARTESIAN_POINT('',(-40.,-15.,63.));
#3121 = DIRECTION('',(0.,0.,1.));
#3122 = DIRECTION('',(1.,0.,0.));
#3123 = ORIENTED_EDGE('',*,*,#3124,.T.);
#3124 = EDGE_CURVE('',#3116,#3125,#3127,.T.);
#3125 = VERTEX_POINT('',#3126);
#3126 = CARTESIAN_POINT('',(-37.95,-15.,43.));
#3127 = LINE('',#3128,#3129);
#3128 = CARTESIAN_POINT('',(-37.95,-15.,95.));
#3129 = VECTOR('',#3130,1.);
#3130 = DIRECTION('',(0.,0.,-1.));
#3131 = ORIENTED_EDGE('',*,*,#3132,.F.);
#3132 = EDGE_CURVE('',#3133,#3125,#3135,.T.);
#3133 = VERTEX_POINT('',#3134);
#3134 = CARTESIAN_POINT('',(-40.,-17.05,43.));
#3135 = CIRCLE('',#3136,2.05);
#3136 = AXIS2_PLACEMENT_3D('',#3137,#3138,#3139);
#3137 = CARTESIAN_POINT('',(-40.,-15.,43.));
#3138 = DIRECTION('',(0.,0.,1.));
#3139 = DIRECTION('',(1.,0.,0.));
#3140 = ORIENTED_EDGE('',*,*,#3141,.F.);
#3141 = EDGE_CURVE('',#3142,#3133,#3144,.T.);
#3142 = VERTEX_POINT('',#3143);
#3143 = CARTESIAN_POINT('',(-40.,-17.05,41.));
#3144 = LINE('',#3145,#3146);
#3145 = CARTESIAN_POINT('',(-40.,-17.05,95.));
#3146 = VECTOR('',#3147,1.);
#3147 = DIRECTION('',(0.,0.,1.));
#3148 = ORIENTED_EDGE('',*,*,#3149,.T.);
#3149 = EDGE_CURVE('',#3142,#3150,#3152,.T.);
#3150 = VERTEX_POINT('',#3151);
#3151 = CARTESIAN_POINT('',(-37.95,-15.,41.));
#3152 = CIRCLE('',#3153,2.05);
#3153 = AXIS2_PLACEMENT_3D('',#3154,#3155,#3156);
#3154 = CARTESIAN_POINT('',(-40.,-15.,41.));
#3155 = DIRECTION('',(0.,0.,1.));
#3156 = DIRECTION('',(1.,0.,0.));
#3157 = ORIENTED_EDGE('',*,*,#3158,.T.);
#3158 = EDGE_CURVE('',#3150,#3159,#3161,.T.);
#3159 = VERTEX_POINT('',#3160);
#3160 = CARTESIAN_POINT('',(-37.95,-15.,2.));
#3161 = LINE('',#3162,#3163);
#3162 = CARTESIAN_POINT('',(-37.95,-15.,95.));
#3163 = VECTOR('',#3164,1.);
#3164 = DIRECTION('',(0.,0.,-1.));
#3165 = ORIENTED_EDGE('',*,*,#3166,.F.);
#3166 = EDGE_CURVE('',#3159,#3159,#3167,.T.);
#3167 = CIRCLE('',#3168,2.05);
#3168 = AXIS2_PLACEMENT_3D('',#3169,#3170,#3171);
#3169 = CARTESIAN_POINT('',(-40.,-15.,2.));
#3170 = DIRECTION('',(0.,0.,1.));
#3171 = DIRECTION('',(1.,0.,0.));
#3172 = ORIENTED_EDGE('',*,*,#3158,.F.);
#3173 = ORIENTED_EDGE('',*,*,#3174,.T.);
#3174 = EDGE_CURVE('',#3150,#3175,#3177,.T.);
#3175 = VERTEX_POINT('',#3176);
#3176 = CARTESIAN_POINT('',(-40.,-12.95,41.));
#3177 = CIRCLE('',#3178,2.05);
#3178 = AXIS2_PLACEMENT_3D('',#3179,#3180,#3181);
#3179 = CARTESIAN_POINT('',(-40.,-15.,41.));
#3180 = DIRECTION('',(0.,0.,1.));
#3181 = DIRECTION('',(1.,0.,0.));
#3182 = ORIENTED_EDGE('',*,*,#3183,.T.);
#3183 = EDGE_CURVE('',#3175,#3184,#3186,.T.);
#3184 = VERTEX_POINT('',#3185);
#3185 = CARTESIAN_POINT('',(-40.,-12.95,43.));
#3186 = LINE('',#3187,#3188);
#3187 = CARTESIAN_POINT('',(-40.,-12.95,95.));
#3188 = VECTOR('',#3189,1.);
#3189 = DIRECTION('',(0.,0.,1.));
#3190 = ORIENTED_EDGE('',*,*,#3191,.F.);
#3191 = EDGE_CURVE('',#3125,#3184,#3192,.T.);
#3192 = CIRCLE('',#3193,2.05);
#3193 = AXIS2_PLACEMENT_3D('',#3194,#3195,#3196);
#3194 = CARTESIAN_POINT('',(-40.,-15.,43.));
#3195 = DIRECTION('',(0.,0.,1.));
#3196 = DIRECTION('',(1.,0.,0.));
#3197 = ORIENTED_EDGE('',*,*,#3124,.F.);
#3198 = ORIENTED_EDGE('',*,*,#3199,.T.);
#3199 = EDGE_CURVE('',#3116,#3200,#3202,.T.);
#3200 = VERTEX_POINT('',#3201);
#3201 = CARTESIAN_POINT('',(-40.,-12.95,63.));
#3202 = CIRCLE('',#3203,2.05);
#3203 = AXIS2_PLACEMENT_3D('',#3204,#3205,#3206);
#3204 = CARTESIAN_POINT('',(-40.,-15.,63.));
#3205 = DIRECTION('',(0.,0.,1.));
#3206 = DIRECTION('',(1.,0.,0.));
#3207 = ORIENTED_EDGE('',*,*,#3208,.T.);
#3208 = EDGE_CURVE('',#3200,#3209,#3211,.T.);
#3209 = VERTEX_POINT('',#3210);
#3210 = CARTESIAN_POINT('',(-40.,-12.95,65.));
#3211 = LINE('',#3212,#3213);
#3212 = CARTESIAN_POINT('',(-40.,-12.95,95.));
#3213 = VECTOR('',#3214,1.);
#3214 = DIRECTION('',(0.,0.,1.));
#3215 = ORIENTED_EDGE('',*,*,#3216,.F.);
#3216 = EDGE_CURVE('',#3089,#3209,#3217,.T.);
#3217 = CIRCLE('',#3218,2.05);
#3218 = AXIS2_PLACEMENT_3D('',#3219,#3220,#3221);
#3219 = CARTESIAN_POINT('',(-40.,-15.,65.));
#3220 = DIRECTION('',(0.,0.,1.));
#3221 = DIRECTION('',(1.,0.,0.));
#3222 = CYLINDRICAL_SURFACE('',#3223,2.05);
#3223 = AXIS2_PLACEMENT_3D('',#3224,#3225,#3226);
#3224 = CARTESIAN_POINT('',(-40.,-15.,95.));
#3225 = DIRECTION('',(0.,0.,1.));
#3226 = DIRECTION('',(1.,0.,0.));
#3227 = ADVANCED_FACE('',(#3228),#3247,.F.);
#3228 = FACE_BOUND('',#3229,.T.);
#3229 = EDGE_LOOP('',(#3230,#3238,#3239,#3240));
#3230 = ORIENTED_EDGE('',*,*,#3231,.F.);
#3231 = EDGE_CURVE('',#1303,#3232,#3234,.T.);
#3232 = VERTEX_POINT('',#3233);
#3233 = CARTESIAN_POINT('',(37.95,15.,2.));
#3234 = LINE('',#3235,#3236);
#3235 = CARTESIAN_POINT('',(37.95,15.,95.));
#3236 = VECTOR('',#3237,1.);
#3237 = DIRECTION('',(0.,0.,-1.));
#3238 = ORIENTED_EDGE('',*,*,#1302,.F.);
#3239 = ORIENTED_EDGE('',*,*,#3231,.T.);
#3240 = ORIENTED_EDGE('',*,*,#3241,.F.);
#3241 = EDGE_CURVE('',#3232,#3232,#3242,.T.);
#3242 = CIRCLE('',#3243,2.05);
#3243 = AXIS2_PLACEMENT_3D('',#3244,#3245,#3246);
#3244 = CARTESIAN_POINT('',(40.,15.,2.));
#3245 = DIRECTION('',(0.,0.,1.));
#3246 = DIRECTION('',(-1.,0.,0.));
#3247 = CYLINDRICAL_SURFACE('',#3248,2.05);
#3248 = AXIS2_PLACEMENT_3D('',#3249,#3250,#3251);
#3249 = CARTESIAN_POINT('',(40.,15.,95.));
#3250 = DIRECTION('',(0.,0.,1.));
#3251 = DIRECTION('',(-1.,-0.,-0.));
#3252 = ADVANCED_FACE('',(#3253),#3278,.T.);
#3253 = FACE_BOUND('',#3254,.T.);
#3254 = EDGE_LOOP('',(#3255,#3256,#3264,#3272));
#3255 = ORIENTED_EDGE('',*,*,#1319,.T.);
#3256 = ORIENTED_EDGE('',*,*,#3257,.T.);
#3257 = EDGE_CURVE('',#1322,#3258,#3260,.T.);
#3258 = VERTEX_POINT('',#3259);
#3259 = CARTESIAN_POINT('',(-40.,-8.,41.));
#3260 = LINE('',#3261,#3262);
#3261 = CARTESIAN_POINT('',(40.,-8.,41.));
#3262 = VECTOR('',#3263,1.);
#3263 = DIRECTION('',(-1.,0.,0.));
#3264 = ORIENTED_EDGE('',*,*,#3265,.T.);
#3265 = EDGE_CURVE('',#3258,#3266,#3268,.T.);
#3266 = VERTEX_POINT('',#3267);
#3267 = CARTESIAN_POINT('',(-40.,-8.,42.));
#3268 = LINE('',#3269,#3270);
#3269 = CARTESIAN_POINT('',(-40.,-8.,41.));
#3270 = VECTOR('',#3271,1.);
#3271 = DIRECTION('',(0.,0.,1.));
#3272 = ORIENTED_EDGE('',*,*,#3273,.T.);
#3273 = EDGE_CURVE('',#3266,#1320,#3274,.T.);
#3274 = LINE('',#3275,#3276);
#3275 = CARTESIAN_POINT('',(-40.,-8.,42.));
#3276 = VECTOR('',#3277,1.);
#3277 = DIRECTION('',(1.,0.,0.));
#3278 = PLANE('',#3279);
#3279 = AXIS2_PLACEMENT_3D('',#3280,#3281,#3282);
#3280 = CARTESIAN_POINT('',(0.,-8.,42.));
#3281 = DIRECTION('',(0.,1.,0.));
#3282 = DIRECTION('',(0.,0.,1.));
#3283 = ADVANCED_FACE('',(#3284),#3296,.T.);
#3284 = FACE_BOUND('',#3285,.F.);
#3285 = EDGE_LOOP('',(#3286,#3293,#3294,#3295));
#3286 = ORIENTED_EDGE('',*,*,#3287,.T.);
#3287 = EDGE_CURVE('',#2430,#3266,#3288,.T.);
#3288 = CIRCLE('',#3289,1.);
#3289 = AXIS2_PLACEMENT_3D('',#3290,#3291,#3292);
#3290 = CARTESIAN_POINT('',(-40.,-9.,42.));
#3291 = DIRECTION('',(-1.,0.,0.));
#3292 = DIRECTION('',(0.,0.,1.));
#3293 = ORIENTED_EDGE('',*,*,#3273,.T.);
#3294 = ORIENTED_EDGE('',*,*,#1344,.F.);
#3295 = ORIENTED_EDGE('',*,*,#2437,.F.);
#3296 = CYLINDRICAL_SURFACE('',#3297,1.);
#3297 = AXIS2_PLACEMENT_3D('',#3298,#3299,#3300);
#3298 = CARTESIAN_POINT('',(-40.,-9.,42.));
#3299 = DIRECTION('',(1.,0.,0.));
#3300 = DIRECTION('',(0.,2.2E-16,1.));
#3301 = ADVANCED_FACE('',(#3302,#3344,#3378,#3412,#3446),#3480,.F.);
#3302 = FACE_BOUND('',#3303,.F.);
#3303 = EDGE_LOOP('',(#3304,#3305,#3306,#3307,#3313,#3322,#3330,#3338));
#3304 = ORIENTED_EDGE('',*,*,#1359,.F.);
#3305 = ORIENTED_EDGE('',*,*,#1329,.T.);
#3306 = ORIENTED_EDGE('',*,*,#3257,.T.);
#3307 = ORIENTED_EDGE('',*,*,#3308,.F.);
#3308 = EDGE_CURVE('',#2405,#3258,#3309,.T.);
#3309 = LINE('',#3310,#3311);
#3310 = CARTESIAN_POINT('',(-40.,-18.,41.));
#3311 = VECTOR('',#3312,1.);
#3312 = DIRECTION('',(0.,1.,-2.2E-16));
#3313 = ORIENTED_EDGE('',*,*,#3314,.F.);
#3314 = EDGE_CURVE('',#3315,#2405,#3317,.T.);
#3315 = VERTEX_POINT('',#3316);
#3316 = CARTESIAN_POINT('',(-37.,-15.,41.));
#3317 = CIRCLE('',#3318,3.);
#3318 = AXIS2_PLACEMENT_3D('',#3319,#3320,#3321);
#3319 = CARTESIAN_POINT('',(-40.,-15.,41.));
#3320 = DIRECTION('',(0.,0.,1.));
#3321 = DIRECTION('',(1.,0.,0.));
#3322 = ORIENTED_EDGE('',*,*,#3323,.F.);
#3323 = EDGE_CURVE('',#3324,#3315,#3326,.T.);
#3324 = VERTEX_POINT('',#3325);
#3325 = CARTESIAN_POINT('',(-37.,-18.,41.));
#3326 = LINE('',#3327,#3328);
#3327 = CARTESIAN_POINT('',(-37.,-18.,41.));
#3328 = VECTOR('',#3329,1.);
#3329 = DIRECTION('',(0.,1.,-2.2E-16));
#3330 = ORIENTED_EDGE('',*,*,#3331,.F.);
#3331 = EDGE_CURVE('',#3332,#3324,#3334,.T.);
#3332 = VERTEX_POINT('',#3333);
#3333 = CARTESIAN_POINT('',(37.,-18.,41.));
#3334 = LINE('',#3335,#3336);
#3335 = CARTESIAN_POINT('',(40.,-18.,41.));
#3336 = VECTOR('',#3337,1.);
#3337 = DIRECTION('',(-1.,0.,0.));
#3338 = ORIENTED_EDGE('',*,*,#3339,.T.);
#3339 = EDGE_CURVE('',#3332,#1360,#3340,.T.);
#3340 = LINE('',#3341,#3342);
#3341 = CARTESIAN_POINT('',(37.,-18.,41.));
#3342 = VECTOR('',#3343,1.);
#3343 = DIRECTION('',(0.,1.,-2.2E-16));
#3344 = FACE_BOUND('',#3345,.F.);
#3345 = EDGE_LOOP('',(#3346,#3356,#3364,#3372));
#3346 = ORIENTED_EDGE('',*,*,#3347,.T.);
#3347 = EDGE_CURVE('',#3348,#3350,#3352,.T.);
#3348 = VERTEX_POINT('',#3349);
#3349 = CARTESIAN_POINT('',(25.,-10.,41.));
#3350 = VERTEX_POINT('',#3351);
#3351 = CARTESIAN_POINT('',(28.,-10.,41.));
#3352 = LINE('',#3353,#3354);
#3353 = CARTESIAN_POINT('',(32.5,-10.,41.));
#3354 = VECTOR('',#3355,1.);
#3355 = DIRECTION('',(1.,0.,0.));
#3356 = ORIENTED_EDGE('',*,*,#3357,.T.);
#3357 = EDGE_CURVE('',#3350,#3358,#3360,.T.);
#3358 = VERTEX_POINT('',#3359);
#3359 = CARTESIAN_POINT('',(28.,-12.,41.));
#3360 = LINE('',#3361,#3362);
#3361 = CARTESIAN_POINT('',(28.,-14.,41.));
#3362 = VECTOR('',#3363,1.);
#3363 = DIRECTION('',(0.,-1.,2.2E-16));
#3364 = ORIENTED_EDGE('',*,*,#3365,.T.);
#3365 = EDGE_CURVE('',#3358,#3366,#3368,.T.);
#3366 = VERTEX_POINT('',#3367);
#3367 = CARTESIAN_POINT('',(25.,-12.,41.));
#3368 = LINE('',#3369,#3370);
#3369 = CARTESIAN_POINT('',(34.,-12.,41.));
#3370 = VECTOR('',#3371,1.);
#3371 = DIRECTION('',(-1.,0.,0.));
#3372 = ORIENTED_EDGE('',*,*,#3373,.T.);
#3373 = EDGE_CURVE('',#3366,#3348,#3374,.T.);
#3374 = LINE('',#3375,#3376);
#3375 = CARTESIAN_POINT('',(25.,-15.,41.));
#3376 = VECTOR('',#3377,1.);
#3377 = DIRECTION('',(0.,1.,-2.2E-16));
#3378 = FACE_BOUND('',#3379,.F.);
#3379 = EDGE_LOOP('',(#3380,#3390,#3398,#3406));
#3380 = ORIENTED_EDGE('',*,*,#3381,.F.);
#3381 = EDGE_CURVE('',#3382,#3384,#3386,.T.);
#3382 = VERTEX_POINT('',#3383);
#3383 = CARTESIAN_POINT('',(-28.,-10.,41.));
#3384 = VERTEX_POINT('',#3385);
#3385 = CARTESIAN_POINT('',(-28.,-12.,41.));
#3386 = LINE('',#3387,#3388);
#3387 = CARTESIAN_POINT('',(-28.,-14.,41.));
#3388 = VECTOR('',#3389,1.);
#3389 = DIRECTION('',(0.,-1.,2.2E-16));
#3390 = ORIENTED_EDGE('',*,*,#3391,.F.);
#3391 = EDGE_CURVE('',#3392,#3382,#3394,.T.);
#3392 = VERTEX_POINT('',#3393);
#3393 = CARTESIAN_POINT('',(-25.,-10.,41.));
#3394 = LINE('',#3395,#3396);
#3395 = CARTESIAN_POINT('',(7.5,-10.,41.));
#3396 = VECTOR('',#3397,1.);
#3397 = DIRECTION('',(-1.,0.,0.));
#3398 = ORIENTED_EDGE('',*,*,#3399,.F.);
#3399 = EDGE_CURVE('',#3400,#3392,#3402,.T.);
#3400 = VERTEX_POINT('',#3401);
#3401 = CARTESIAN_POINT('',(-25.,-12.,41.));
#3402 = LINE('',#3403,#3404);
#3403 = CARTESIAN_POINT('',(-25.,-15.,41.));
#3404 = VECTOR('',#3405,1.);
#3405 = DIRECTION('',(0.,1.,-2.2E-16));
#3406 = ORIENTED_EDGE('',*,*,#3407,.F.);
#3407 = EDGE_CURVE('',#3384,#3400,#3408,.T.);
#3408 = LINE('',#3409,#3410);
#3409 = CARTESIAN_POINT('',(6.,-12.,41.));
#3410 = VECTOR('',#3411,1.);
#3411 = DIRECTION('',(1.,0.,0.));
#3412 = FACE_BOUND('',#3413,.F.);
#3413 = EDGE_LOOP('',(#3414,#3424,#3432,#3440));
#3414 = ORIENTED_EDGE('',*,*,#3415,.T.);
#3415 = EDGE_CURVE('',#3416,#3418,#3420,.T.);
#3416 = VERTEX_POINT('',#3417);
#3417 = CARTESIAN_POINT('',(25.,-15.5,41.));
#3418 = VERTEX_POINT('',#3419);
#3419 = CARTESIAN_POINT('',(28.,-15.5,41.));
#3420 = LINE('',#3421,#3422);
#3421 = CARTESIAN_POINT('',(32.5,-15.5,41.));
#3422 = VECTOR('',#3423,1.);
#3423 = DIRECTION('',(1.,0.,0.));
#3424 = ORIENTED_EDGE('',*,*,#3425,.T.);
#3425 = EDGE_CURVE('',#3418,#3426,#3428,.T.);
#3426 = VERTEX_POINT('',#3427);
#3427 = CARTESIAN_POINT('',(28.,-17.5,41.));
#3428 = LINE('',#3429,#3430);
#3429 = CARTESIAN_POINT('',(28.,-16.75,41.));
#3430 = VECTOR('',#3431,1.);
#3431 = DIRECTION('',(0.,-1.,2.2E-16));
#3432 = ORIENTED_EDGE('',*,*,#3433,.T.);
#3433 = EDGE_CURVE('',#3426,#3434,#3436,.T.);
#3434 = VERTEX_POINT('',#3435);
#3435 = CARTESIAN_POINT('',(25.,-17.5,41.));
#3436 = LINE('',#3437,#3438);
#3437 = CARTESIAN_POINT('',(34.,-17.5,41.));
#3438 = VECTOR('',#3439,1.);
#3439 = DIRECTION('',(-1.,0.,0.));
#3440 = ORIENTED_EDGE('',*,*,#3441,.T.);
#3441 = EDGE_CURVE('',#3434,#3416,#3442,.T.);
#3442 = LINE('',#3443,#3444);
#3443 = CARTESIAN_POINT('',(25.,-17.75,41.));
#3444 = VECTOR('',#3445,1.);
#3445 = DIRECTION('',(0.,1.,-2.2E-16));
#3446 = FACE_BOUND('',#3447,.F.);
#3447 = EDGE_LOOP('',(#3448,#3458,#3466,#3474));
#3448 = ORIENTED_EDGE('',*,*,#3449,.F.);
#3449 = EDGE_CURVE('',#3450,#3452,#3454,.T.);
#3450 = VERTEX_POINT('',#3451);
#3451 = CARTESIAN_POINT('',(-28.,-15.5,41.));
#3452 = VERTEX_POINT('',#3453);
#3453 = CARTESIAN_POINT('',(-28.,-17.5,41.));
#3454 = LINE('',#3455,#3456);
#3455 = CARTESIAN_POINT('',(-28.,-16.75,41.));
#3456 = VECTOR('',#3457,1.);
#3457 = DIRECTION('',(0.,-1.,2.2E-16));
#3458 = ORIENTED_EDGE('',*,*,#3459,.F.);
#3459 = EDGE_CURVE('',#3460,#3450,#3462,.T.);
#3460 = VERTEX_POINT('',#3461);
#3461 = CARTESIAN_POINT('',(-25.,-15.5,41.));
#3462 = LINE('',#3463,#3464);
#3463 = CARTESIAN_POINT('',(7.5,-15.5,41.));
#3464 = VECTOR('',#3465,1.);
#3465 = DIRECTION('',(-1.,0.,0.));
#3466 = ORIENTED_EDGE('',*,*,#3467,.F.);
#3467 = EDGE_CURVE('',#3468,#3460,#3470,.T.);
#3468 = VERTEX_POINT('',#3469);
#3469 = CARTESIAN_POINT('',(-25.,-17.5,41.));
#3470 = LINE('',#3471,#3472);
#3471 = CARTESIAN_POINT('',(-25.,-17.75,41.));
#3472 = VECTOR('',#3473,1.);
#3473 = DIRECTION('',(0.,1.,-2.2E-16));
#3474 = ORIENTED_EDGE('',*,*,#3475,.F.);
#3475 = EDGE_CURVE('',#3452,#3468,#3476,.T.);
#3476 = LINE('',#3477,#3478);
#3477 = CARTESIAN_POINT('',(6.,-17.5,41.));
#3478 = VECTOR('',#3479,1.);
#3479 = DIRECTION('',(1.,0.,0.));
#3480 = PLANE('',#3481);
#3481 = AXIS2_PLACEMENT_3D('',#3482,#3483,#3484);
#3482 = CARTESIAN_POINT('',(40.,-18.,41.));
#3483 = DIRECTION('',(0.,2.2E-16,1.));
#3484 = DIRECTION('',(-1.,0.,0.));
#3485 = ADVANCED_FACE('',(#3486),#3497,.F.);
#3486 = FACE_BOUND('',#3487,.F.);
#3487 = EDGE_LOOP('',(#3488,#3489,#3495,#3496));
#3488 = ORIENTED_EDGE('',*,*,#3339,.F.);
#3489 = ORIENTED_EDGE('',*,*,#3490,.T.);
#3490 = EDGE_CURVE('',#3332,#1436,#3491,.T.);
#3491 = LINE('',#3492,#3493);
#3492 = CARTESIAN_POINT('',(37.,-18.,95.));
#3493 = VECTOR('',#3494,1.);
#3494 = DIRECTION('',(0.,0.,-1.));
#3495 = ORIENTED_EDGE('',*,*,#1443,.T.);
#3496 = ORIENTED_EDGE('',*,*,#1378,.F.);
#3497 = PLANE('',#3498);
#3498 = AXIS2_PLACEMENT_3D('',#3499,#3500,#3501);
#3499 = CARTESIAN_POINT('',(37.,-18.,95.));
#3500 = DIRECTION('',(1.,0.,0.));
#3501 = DIRECTION('',(0.,1.,0.));
#3502 = ADVANCED_FACE('',(#3503),#3514,.T.);
#3503 = FACE_BOUND('',#3504,.F.);
#3504 = EDGE_LOOP('',(#3505,#3506,#3507,#3508));
#3505 = ORIENTED_EDGE('',*,*,#3314,.T.);
#3506 = ORIENTED_EDGE('',*,*,#2404,.T.);
#3507 = ORIENTED_EDGE('',*,*,#1418,.F.);
#3508 = ORIENTED_EDGE('',*,*,#3509,.F.);
#3509 = EDGE_CURVE('',#3315,#1419,#3510,.T.);
#3510 = LINE('',#3511,#3512);
#3511 = CARTESIAN_POINT('',(-37.,-15.,95.));
#3512 = VECTOR('',#3513,1.);
#3513 = DIRECTION('',(0.,0.,-1.));
#3514 = CYLINDRICAL_SURFACE('',#3515,3.);
#3515 = AXIS2_PLACEMENT_3D('',#3516,#3517,#3518);
#3516 = CARTESIAN_POINT('',(-40.,-15.,95.));
#3517 = DIRECTION('',(0.,0.,1.));
#3518 = DIRECTION('',(1.,0.,0.));
#3519 = ADVANCED_FACE('',(#3520),#3531,.F.);
#3520 = FACE_BOUND('',#3521,.T.);
#3521 = EDGE_LOOP('',(#3522,#3523,#3529,#3530));
#3522 = ORIENTED_EDGE('',*,*,#3323,.F.);
#3523 = ORIENTED_EDGE('',*,*,#3524,.T.);
#3524 = EDGE_CURVE('',#3324,#1428,#3525,.T.);
#3525 = LINE('',#3526,#3527);
#3526 = CARTESIAN_POINT('',(-37.,-18.,95.));
#3527 = VECTOR('',#3528,1.);
#3528 = DIRECTION('',(0.,0.,-1.));
#3529 = ORIENTED_EDGE('',*,*,#1427,.T.);
#3530 = ORIENTED_EDGE('',*,*,#3509,.F.);
#3531 = PLANE('',#3532);
#3532 = AXIS2_PLACEMENT_3D('',#3533,#3534,#3535);
#3533 = CARTESIAN_POINT('',(-37.,-18.,95.));
#3534 = DIRECTION('',(-1.,-0.,-0.));
#3535 = DIRECTION('',(-0.,-1.,-0.));
#3536 = ADVANCED_FACE('',(#3537),#3543,.T.);
#3537 = FACE_BOUND('',#3538,.T.);
#3538 = EDGE_LOOP('',(#3539,#3540,#3541,#3542));
#3539 = ORIENTED_EDGE('',*,*,#3490,.T.);
#3540 = ORIENTED_EDGE('',*,*,#1435,.F.);
#3541 = ORIENTED_EDGE('',*,*,#3524,.F.);
#3542 = ORIENTED_EDGE('',*,*,#3331,.F.);
#3543 = PLANE('',#3544);
#3544 = AXIS2_PLACEMENT_3D('',#3545,#3546,#3547);
#3545 = CARTESIAN_POINT('',(-40.,-18.,0.));
#3546 = DIRECTION('',(0.,1.,0.));
#3547 = DIRECTION('',(1.,0.,0.));
#3548 = ADVANCED_FACE('',(#3549),#3574,.T.);
#3549 = FACE_BOUND('',#3550,.T.);
#3550 = EDGE_LOOP('',(#3551,#3561,#3567,#3568));
#3551 = ORIENTED_EDGE('',*,*,#3552,.F.);
#3552 = EDGE_CURVE('',#3553,#3555,#3557,.T.);
#3553 = VERTEX_POINT('',#3554);
#3554 = CARTESIAN_POINT('',(-33.0000000048,-13.5,0.));
#3555 = VERTEX_POINT('',#3556);
#3556 = CARTESIAN_POINT('',(-30.0000000048,-13.5000000048,0.));
#3557 = LINE('',#3558,#3559);
#3558 = CARTESIAN_POINT('',(-33.0000000048,-13.5,0.));
#3559 = VECTOR('',#3560,1.);
#3560 = DIRECTION('',(1.,-1.602550980806E-09,0.));
#3561 = ORIENTED_EDGE('',*,*,#3562,.T.);
#3562 = EDGE_CURVE('',#3553,#1512,#3563,.T.);
#3563 = LINE('',#3564,#3565);
#3564 = CARTESIAN_POINT('',(-33.0000000048,-13.5,0.));
#3565 = VECTOR('',#3566,1.);
#3566 = DIRECTION('',(0.,0.,1.));
#3567 = ORIENTED_EDGE('',*,*,#1509,.F.);
#3568 = ORIENTED_EDGE('',*,*,#3569,.F.);
#3569 = EDGE_CURVE('',#3555,#1510,#3570,.T.);
#3570 = LINE('',#3571,#3572);
#3571 = CARTESIAN_POINT('',(-30.0000000048,-13.5000000048,0.));
#3572 = VECTOR('',#3573,1.);
#3573 = DIRECTION('',(0.,0.,1.));
#3574 = PLANE('',#3575);
#3575 = AXIS2_PLACEMENT_3D('',#3576,#3577,#3578);
#3576 = CARTESIAN_POINT('',(-33.0000000048,-13.5,0.));
#3577 = DIRECTION('',(1.602550980806E-09,1.,0.));
#3578 = DIRECTION('',(1.,-1.602550980806E-09,0.));
#3579 = ADVANCED_FACE('',(#3580),#3599,.F.);
#3580 = FACE_BOUND('',#3581,.F.);
#3581 = EDGE_LOOP('',(#3582,#3591,#3597,#3598));
#3582 = ORIENTED_EDGE('',*,*,#3583,.F.);
#3583 = EDGE_CURVE('',#3584,#3555,#3586,.T.);
#3584 = VERTEX_POINT('',#3585);
#3585 = CARTESIAN_POINT('',(-30.,-10.5000000048,0.));
#3586 = CIRCLE('',#3587,1.5);
#3587 = AXIS2_PLACEMENT_3D('',#3588,#3589,#3590);
#3588 = CARTESIAN_POINT('',(-30.0000000024,-12.0000000048,0.));
#3589 = DIRECTION('',(0.,0.,-1.));
#3590 = DIRECTION('',(1.,0.,0.));
#3591 = ORIENTED_EDGE('',*,*,#3592,.T.);
#3592 = EDGE_CURVE('',#3584,#1529,#3593,.T.);
#3593 = LINE('',#3594,#3595);
#3594 = CARTESIAN_POINT('',(-30.,-10.5000000048,0.));
#3595 = VECTOR('',#3596,1.);
#3596 = DIRECTION('',(0.,0.,1.));
#3597 = ORIENTED_EDGE('',*,*,#1536,.T.);
#3598 = ORIENTED_EDGE('',*,*,#3569,.F.);
#3599 = CYLINDRICAL_SURFACE('',#3600,1.5);
#3600 = AXIS2_PLACEMENT_3D('',#3601,#3602,#3603);
#3601 = CARTESIAN_POINT('',(-30.0000000024,-12.0000000048,0.));
#3602 = DIRECTION('',(0.,0.,-1.));
#3603 = DIRECTION('',(1.,0.,0.));
#3604 = ADVANCED_FACE('',(#3605),#3624,.F.);
#3605 = FACE_BOUND('',#3606,.F.);
#3606 = EDGE_LOOP('',(#3607,#3616,#3617,#3618));
#3607 = ORIENTED_EDGE('',*,*,#3608,.F.);
#3608 = EDGE_CURVE('',#3553,#3609,#3611,.T.);
#3609 = VERTEX_POINT('',#3610);
#3610 = CARTESIAN_POINT('',(-33.,-10.5,0.));
#3611 = CIRCLE('',#3612,1.5);
#3612 = AXIS2_PLACEMENT_3D('',#3613,#3614,#3615);
#3613 = CARTESIAN_POINT('',(-33.0000000024,-12.,0.));
#3614 = DIRECTION('',(0.,0.,-1.));
#3615 = DIRECTION('',(1.,0.,0.));
#3616 = ORIENTED_EDGE('',*,*,#3562,.T.);
#3617 = ORIENTED_EDGE('',*,*,#1519,.T.);
#3618 = ORIENTED_EDGE('',*,*,#3619,.F.);
#3619 = EDGE_CURVE('',#3609,#1520,#3620,.T.);
#3620 = LINE('',#3621,#3622);
#3621 = CARTESIAN_POINT('',(-33.,-10.5,0.));
#3622 = VECTOR('',#3623,1.);
#3623 = DIRECTION('',(0.,0.,1.));
#3624 = CYLINDRICAL_SURFACE('',#3625,1.5);
#3625 = AXIS2_PLACEMENT_3D('',#3626,#3627,#3628);
#3626 = CARTESIAN_POINT('',(-33.0000000024,-12.,0.));
#3627 = DIRECTION('',(0.,0.,-1.));
#3628 = DIRECTION('',(1.,0.,0.));
#3629 = ADVANCED_FACE('',(#3630),#3641,.F.);
#3630 = FACE_BOUND('',#3631,.F.);
#3631 = EDGE_LOOP('',(#3632,#3638,#3639,#3640));
#3632 = ORIENTED_EDGE('',*,*,#3633,.F.);
#3633 = EDGE_CURVE('',#3609,#3584,#3634,.T.);
#3634 = LINE('',#3635,#3636);
#3635 = CARTESIAN_POINT('',(-33.,-10.5,0.));
#3636 = VECTOR('',#3637,1.);
#3637 = DIRECTION('',(1.,-1.602550980806E-09,0.));
#3638 = ORIENTED_EDGE('',*,*,#3619,.T.);
#3639 = ORIENTED_EDGE('',*,*,#1528,.F.);
#3640 = ORIENTED_EDGE('',*,*,#3592,.F.);
#3641 = PLANE('',#3642);
#3642 = AXIS2_PLACEMENT_3D('',#3643,#3644,#3645);
#3643 = CARTESIAN_POINT('',(-33.,-10.5,0.));
#3644 = DIRECTION('',(1.602550980806E-09,1.,0.));
#3645 = DIRECTION('',(1.,-1.602550980806E-09,0.));
#3646 = ADVANCED_FACE('',(#3647),#3672,.T.);
#3647 = FACE_BOUND('',#3648,.T.);
#3648 = EDGE_LOOP('',(#3649,#3659,#3665,#3666));
#3649 = ORIENTED_EDGE('',*,*,#3650,.F.);
#3650 = EDGE_CURVE('',#3651,#3653,#3655,.T.);
#3651 = VERTEX_POINT('',#3652);
#3652 = CARTESIAN_POINT('',(-23.,-13.5,0.));
#3653 = VERTEX_POINT('',#3654);
#3654 = CARTESIAN_POINT('',(-20.,-13.5,0.));
#3655 = LINE('',#3656,#3657);
#3656 = CARTESIAN_POINT('',(-23.,-13.5,0.));
#3657 = VECTOR('',#3658,1.);
#3658 = DIRECTION('',(1.,0.,0.));
#3659 = ORIENTED_EDGE('',*,*,#3660,.T.);
#3660 = EDGE_CURVE('',#3651,#1548,#3661,.T.);
#3661 = LINE('',#3662,#3663);
#3662 = CARTESIAN_POINT('',(-23.,-13.5,0.));
#3663 = VECTOR('',#3664,1.);
#3664 = DIRECTION('',(0.,0.,1.));
#3665 = ORIENTED_EDGE('',*,*,#1545,.F.);
#3666 = ORIENTED_EDGE('',*,*,#3667,.F.);
#3667 = EDGE_CURVE('',#3653,#1546,#3668,.T.);
#3668 = LINE('',#3669,#3670);
#3669 = CARTESIAN_POINT('',(-20.,-13.5,0.));
#3670 = VECTOR('',#3671,1.);
#3671 = DIRECTION('',(0.,0.,1.));
#3672 = PLANE('',#3673);
#3673 = AXIS2_PLACEMENT_3D('',#3674,#3675,#3676);
#3674 = CARTESIAN_POINT('',(-23.,-13.5,0.));
#3675 = DIRECTION('',(0.,1.,0.));
#3676 = DIRECTION('',(1.,0.,0.));
#3677 = ADVANCED_FACE('',(#3678),#3697,.F.);
#3678 = FACE_BOUND('',#3679,.F.);
#3679 = EDGE_LOOP('',(#3680,#3689,#3695,#3696));
#3680 = ORIENTED_EDGE('',*,*,#3681,.F.);
#3681 = EDGE_CURVE('',#3682,#3653,#3684,.T.);
#3682 = VERTEX_POINT('',#3683);
#3683 = CARTESIAN_POINT('',(-20.,-10.5,0.));
#3684 = CIRCLE('',#3685,1.5);
#3685 = AXIS2_PLACEMENT_3D('',#3686,#3687,#3688);
#3686 = CARTESIAN_POINT('',(-20.,-12.,0.));
#3687 = DIRECTION('',(0.,0.,-1.));
#3688 = DIRECTION('',(1.,0.,0.));
#3689 = ORIENTED_EDGE('',*,*,#3690,.T.);
#3690 = EDGE_CURVE('',#3682,#1565,#3691,.T.);
#3691 = LINE('',#3692,#3693);
#3692 = CARTESIAN_POINT('',(-20.,-10.5,0.));
#3693 = VECTOR('',#3694,1.);
#3694 = DIRECTION('',(0.,0.,1.));
#3695 = ORIENTED_EDGE('',*,*,#1572,.T.);
#3696 = ORIENTED_EDGE('',*,*,#3667,.F.);
#3697 = CYLINDRICAL_SURFACE('',#3698,1.5);
#3698 = AXIS2_PLACEMENT_3D('',#3699,#3700,#3701);
#3699 = CARTESIAN_POINT('',(-20.,-12.,0.));
#3700 = DIRECTION('',(0.,0.,-1.));
#3701 = DIRECTION('',(1.,0.,0.));
#3702 = ADVANCED_FACE('',(#3703),#3722,.F.);
#3703 = FACE_BOUND('',#3704,.F.);
#3704 = EDGE_LOOP('',(#3705,#3714,#3715,#3716));
#3705 = ORIENTED_EDGE('',*,*,#3706,.F.);
#3706 = EDGE_CURVE('',#3651,#3707,#3709,.T.);
#3707 = VERTEX_POINT('',#3708);
#3708 = CARTESIAN_POINT('',(-23.,-10.5,0.));
#3709 = CIRCLE('',#3710,1.5);
#3710 = AXIS2_PLACEMENT_3D('',#3711,#3712,#3713);
#3711 = CARTESIAN_POINT('',(-23.,-12.,0.));
#3712 = DIRECTION('',(0.,0.,-1.));
#3713 = DIRECTION('',(1.,0.,0.));
#3714 = ORIENTED_EDGE('',*,*,#3660,.T.);
#3715 = ORIENTED_EDGE('',*,*,#1555,.T.);
#3716 = ORIENTED_EDGE('',*,*,#3717,.F.);
#3717 = EDGE_CURVE('',#3707,#1556,#3718,.T.);
#3718 = LINE('',#3719,#3720);
#3719 = CARTESIAN_POINT('',(-23.,-10.5,0.));
#3720 = VECTOR('',#3721,1.);
#3721 = DIRECTION('',(0.,0.,1.));
#3722 = CYLINDRICAL_SURFACE('',#3723,1.5);
#3723 = AXIS2_PLACEMENT_3D('',#3724,#3725,#3726);
#3724 = CARTESIAN_POINT('',(-23.,-12.,0.));
#3725 = DIRECTION('',(0.,0.,-1.));
#3726 = DIRECTION('',(1.,0.,0.));
#3727 = ADVANCED_FACE('',(#3728),#3739,.F.);
#3728 = FACE_BOUND('',#3729,.F.);
#3729 = EDGE_LOOP('',(#3730,#3736,#3737,#3738));
#3730 = ORIENTED_EDGE('',*,*,#3731,.F.);
#3731 = EDGE_CURVE('',#3707,#3682,#3732,.T.);
#3732 = LINE('',#3733,#3734);
#3733 = CARTESIAN_POINT('',(-23.,-10.5,0.));
#3734 = VECTOR('',#3735,1.);
#3735 = DIRECTION('',(1.,0.,0.));
#3736 = ORIENTED_EDGE('',*,*,#3717,.T.);
#3737 = ORIENTED_EDGE('',*,*,#1564,.F.);
#3738 = ORIENTED_EDGE('',*,*,#3690,.F.);
#3739 = PLANE('',#3740);
#3740 = AXIS2_PLACEMENT_3D('',#3741,#3742,#3743);
#3741 = CARTESIAN_POINT('',(-23.,-10.5,0.));
#3742 = DIRECTION('',(0.,1.,0.));
#3743 = DIRECTION('',(1.,0.,0.));
#3744 = ADVANCED_FACE('',(#3745),#3770,.T.);
#3745 = FACE_BOUND('',#3746,.T.);
#3746 = EDGE_LOOP('',(#3747,#3757,#3763,#3764));
#3747 = ORIENTED_EDGE('',*,*,#3748,.F.);
#3748 = EDGE_CURVE('',#3749,#3751,#3753,.T.);
#3749 = VERTEX_POINT('',#3750);
#3750 = CARTESIAN_POINT('',(-13.,-13.5,0.));
#3751 = VERTEX_POINT('',#3752);
#3752 = CARTESIAN_POINT('',(-10.,-13.5,0.));
#3753 = LINE('',#3754,#3755);
#3754 = CARTESIAN_POINT('',(-13.,-13.5,0.));
#3755 = VECTOR('',#3756,1.);
#3756 = DIRECTION('',(1.,0.,0.));
#3757 = ORIENTED_EDGE('',*,*,#3758,.T.);
#3758 = EDGE_CURVE('',#3749,#1584,#3759,.T.);
#3759 = LINE('',#3760,#3761);
#3760 = CARTESIAN_POINT('',(-13.,-13.5,0.));
#3761 = VECTOR('',#3762,1.);
#3762 = DIRECTION('',(0.,0.,1.));
#3763 = ORIENTED_EDGE('',*,*,#1581,.F.);
#3764 = ORIENTED_EDGE('',*,*,#3765,.F.);
#3765 = EDGE_CURVE('',#3751,#1582,#3766,.T.);
#3766 = LINE('',#3767,#3768);
#3767 = CARTESIAN_POINT('',(-10.,-13.5,0.));
#3768 = VECTOR('',#3769,1.);
#3769 = DIRECTION('',(0.,0.,1.));
#3770 = PLANE('',#3771);
#3771 = AXIS2_PLACEMENT_3D('',#3772,#3773,#3774);
#3772 = CARTESIAN_POINT('',(-13.,-13.5,0.));
#3773 = DIRECTION('',(0.,1.,0.));
#3774 = DIRECTION('',(1.,0.,0.));
#3775 = ADVANCED_FACE('',(#3776),#3795,.F.);
#3776 = FACE_BOUND('',#3777,.F.);
#3777 = EDGE_LOOP('',(#3778,#3787,#3793,#3794));
#3778 = ORIENTED_EDGE('',*,*,#3779,.F.);
#3779 = EDGE_CURVE('',#3780,#3751,#3782,.T.);
#3780 = VERTEX_POINT('',#3781);
#3781 = CARTESIAN_POINT('',(-10.,-10.5,0.));
#3782 = CIRCLE('',#3783,1.5);
#3783 = AXIS2_PLACEMENT_3D('',#3784,#3785,#3786);
#3784 = CARTESIAN_POINT('',(-10.,-12.,0.));
#3785 = DIRECTION('',(0.,0.,-1.));
#3786 = DIRECTION('',(1.,0.,0.));
#3787 = ORIENTED_EDGE('',*,*,#3788,.T.);
#3788 = EDGE_CURVE('',#3780,#1601,#3789,.T.);
#3789 = LINE('',#3790,#3791);
#3790 = CARTESIAN_POINT('',(-10.,-10.5,0.));
#3791 = VECTOR('',#3792,1.);
#3792 = DIRECTION('',(0.,0.,1.));
#3793 = ORIENTED_EDGE('',*,*,#1608,.T.);
#3794 = ORIENTED_EDGE('',*,*,#3765,.F.);
#3795 = CYLINDRICAL_SURFACE('',#3796,1.5);
#3796 = AXIS2_PLACEMENT_3D('',#3797,#3798,#3799);
#3797 = CARTESIAN_POINT('',(-10.,-12.,0.));
#3798 = DIRECTION('',(0.,0.,-1.));
#3799 = DIRECTION('',(1.,0.,0.));
#3800 = ADVANCED_FACE('',(#3801),#3820,.F.);
#3801 = FACE_BOUND('',#3802,.F.);
#3802 = EDGE_LOOP('',(#3803,#3812,#3813,#3814));
#3803 = ORIENTED_EDGE('',*,*,#3804,.F.);
#3804 = EDGE_CURVE('',#3749,#3805,#3807,.T.);
#3805 = VERTEX_POINT('',#3806);
#3806 = CARTESIAN_POINT('',(-13.,-10.5,0.));
#3807 = CIRCLE('',#3808,1.5);
#3808 = AXIS2_PLACEMENT_3D('',#3809,#3810,#3811);
#3809 = CARTESIAN_POINT('',(-13.,-12.,0.));
#3810 = DIRECTION('',(0.,0.,-1.));
#3811 = DIRECTION('',(1.,0.,0.));
#3812 = ORIENTED_EDGE('',*,*,#3758,.T.);
#3813 = ORIENTED_EDGE('',*,*,#1591,.T.);
#3814 = ORIENTED_EDGE('',*,*,#3815,.F.);
#3815 = EDGE_CURVE('',#3805,#1592,#3816,.T.);
#3816 = LINE('',#3817,#3818);
#3817 = CARTESIAN_POINT('',(-13.,-10.5,0.));
#3818 = VECTOR('',#3819,1.);
#3819 = DIRECTION('',(0.,0.,1.));
#3820 = CYLINDRICAL_SURFACE('',#3821,1.5);
#3821 = AXIS2_PLACEMENT_3D('',#3822,#3823,#3824);
#3822 = CARTESIAN_POINT('',(-13.,-12.,0.));
#3823 = DIRECTION('',(0.,0.,-1.));
#3824 = DIRECTION('',(1.,0.,0.));
#3825 = ADVANCED_FACE('',(#3826),#3837,.F.);
#3826 = FACE_BOUND('',#3827,.F.);
#3827 = EDGE_LOOP('',(#3828,#3834,#3835,#3836));
#3828 = ORIENTED_EDGE('',*,*,#3829,.F.);
#3829 = EDGE_CURVE('',#3805,#3780,#3830,.T.);
#3830 = LINE('',#3831,#3832);
#3831 = CARTESIAN_POINT('',(-13.,-10.5,0.));
#3832 = VECTOR('',#3833,1.);
#3833 = DIRECTION('',(1.,0.,0.));
#3834 = ORIENTED_EDGE('',*,*,#3815,.T.);
#3835 = ORIENTED_EDGE('',*,*,#1600,.F.);
#3836 = ORIENTED_EDGE('',*,*,#3788,.F.);
#3837 = PLANE('',#3838);
#3838 = AXIS2_PLACEMENT_3D('',#3839,#3840,#3841);
#3839 = CARTESIAN_POINT('',(-13.,-10.5,0.));
#3840 = DIRECTION('',(0.,1.,0.));
#3841 = DIRECTION('',(1.,0.,0.));
#3842 = ADVANCED_FACE('',(#3843),#3868,.T.);
#3843 = FACE_BOUND('',#3844,.T.);
#3844 = EDGE_LOOP('',(#3845,#3855,#3861,#3862));
#3845 = ORIENTED_EDGE('',*,*,#3846,.F.);
#3846 = EDGE_CURVE('',#3847,#3849,#3851,.T.);
#3847 = VERTEX_POINT('',#3848);
#3848 = CARTESIAN_POINT('',(-33.00000000057,-5.5,0.));
#3849 = VERTEX_POINT('',#3850);
#3850 = CARTESIAN_POINT('',(-30.00000000057,-5.5,0.));
#3851 = LINE('',#3852,#3853);
#3852 = CARTESIAN_POINT('',(-33.00000000057,-5.5,0.));
#3853 = VECTOR('',#3854,1.);
#3854 = DIRECTION('',(1.,0.,0.));
#3855 = ORIENTED_EDGE('',*,*,#3856,.T.);
#3856 = EDGE_CURVE('',#3847,#1620,#3857,.T.);
#3857 = LINE('',#3858,#3859);
#3858 = CARTESIAN_POINT('',(-33.00000000057,-5.5,0.));
#3859 = VECTOR('',#3860,1.);
#3860 = DIRECTION('',(0.,0.,1.));
#3861 = ORIENTED_EDGE('',*,*,#1617,.F.);
#3862 = ORIENTED_EDGE('',*,*,#3863,.F.);
#3863 = EDGE_CURVE('',#3849,#1618,#3864,.T.);
#3864 = LINE('',#3865,#3866);
#3865 = CARTESIAN_POINT('',(-30.00000000057,-5.5,0.));
#3866 = VECTOR('',#3867,1.);
#3867 = DIRECTION('',(0.,0.,1.));
#3868 = PLANE('',#3869);
#3869 = AXIS2_PLACEMENT_3D('',#3870,#3871,#3872);
#3870 = CARTESIAN_POINT('',(-33.00000000057,-5.5,0.));
#3871 = DIRECTION('',(0.,1.,0.));
#3872 = DIRECTION('',(1.,0.,0.));
#3873 = ADVANCED_FACE('',(#3874),#3893,.F.);
#3874 = FACE_BOUND('',#3875,.F.);
#3875 = EDGE_LOOP('',(#3876,#3885,#3891,#3892));
#3876 = ORIENTED_EDGE('',*,*,#3877,.F.);
#3877 = EDGE_CURVE('',#3878,#3849,#3880,.T.);
#3878 = VERTEX_POINT('',#3879);
#3879 = CARTESIAN_POINT('',(-30.00000000057,-2.5,0.));
#3880 = CIRCLE('',#3881,1.5);
#3881 = AXIS2_PLACEMENT_3D('',#3882,#3883,#3884);
#3882 = CARTESIAN_POINT('',(-30.00000000057,-4.,0.));
#3883 = DIRECTION('',(0.,0.,-1.));
#3884 = DIRECTION('',(1.,0.,0.));
#3885 = ORIENTED_EDGE('',*,*,#3886,.T.);
#3886 = EDGE_CURVE('',#3878,#1637,#3887,.T.);
#3887 = LINE('',#3888,#3889);
#3888 = CARTESIAN_POINT('',(-30.00000000057,-2.5,0.));
#3889 = VECTOR('',#3890,1.);
#3890 = DIRECTION('',(0.,0.,1.));
#3891 = ORIENTED_EDGE('',*,*,#1644,.T.);
#3892 = ORIENTED_EDGE('',*,*,#3863,.F.);
#3893 = CYLINDRICAL_SURFACE('',#3894,1.5);
#3894 = AXIS2_PLACEMENT_3D('',#3895,#3896,#3897);
#3895 = CARTESIAN_POINT('',(-30.00000000057,-4.,0.));
#3896 = DIRECTION('',(0.,0.,-1.));
#3897 = DIRECTION('',(1.,0.,0.));
#3898 = ADVANCED_FACE('',(#3899),#3918,.F.);
#3899 = FACE_BOUND('',#3900,.F.);
#3900 = EDGE_LOOP('',(#3901,#3910,#3911,#3912));
#3901 = ORIENTED_EDGE('',*,*,#3902,.F.);
#3902 = EDGE_CURVE('',#3847,#3903,#3905,.T.);
#3903 = VERTEX_POINT('',#3904);
#3904 = CARTESIAN_POINT('',(-33.00000000057,-2.5,0.));
#3905 = CIRCLE('',#3906,1.5);
#3906 = AXIS2_PLACEMENT_3D('',#3907,#3908,#3909);
#3907 = CARTESIAN_POINT('',(-33.00000000057,-4.,0.));
#3908 = DIRECTION('',(0.,0.,-1.));
#3909 = DIRECTION('',(1.,0.,0.));
#3910 = ORIENTED_EDGE('',*,*,#3856,.T.);
#3911 = ORIENTED_EDGE('',*,*,#1627,.T.);
#3912 = ORIENTED_EDGE('',*,*,#3913,.F.);
#3913 = EDGE_CURVE('',#3903,#1628,#3914,.T.);
#3914 = LINE('',#3915,#3916);
#3915 = CARTESIAN_POINT('',(-33.00000000057,-2.5,0.));
#3916 = VECTOR('',#3917,1.);
#3917 = DIRECTION('',(0.,0.,1.));
#3918 = CYLINDRICAL_SURFACE('',#3919,1.5);
#3919 = AXIS2_PLACEMENT_3D('',#3920,#3921,#3922);
#3920 = CARTESIAN_POINT('',(-33.00000000057,-4.,0.));
#3921 = DIRECTION('',(0.,0.,-1.));
#3922 = DIRECTION('',(1.,0.,0.));
#3923 = ADVANCED_FACE('',(#3924),#3935,.F.);
#3924 = FACE_BOUND('',#3925,.F.);
#3925 = EDGE_LOOP('',(#3926,#3932,#3933,#3934));
#3926 = ORIENTED_EDGE('',*,*,#3927,.F.);
#3927 = EDGE_CURVE('',#3903,#3878,#3928,.T.);
#3928 = LINE('',#3929,#3930);
#3929 = CARTESIAN_POINT('',(-33.00000000057,-2.5,0.));
#3930 = VECTOR('',#3931,1.);
#3931 = DIRECTION('',(1.,0.,0.));
#3932 = ORIENTED_EDGE('',*,*,#3913,.T.);
#3933 = ORIENTED_EDGE('',*,*,#1636,.F.);
#3934 = ORIENTED_EDGE('',*,*,#3886,.F.);
#3935 = PLANE('',#3936);
#3936 = AXIS2_PLACEMENT_3D('',#3937,#3938,#3939);
#3937 = CARTESIAN_POINT('',(-33.00000000057,-2.5,0.));
#3938 = DIRECTION('',(0.,1.,0.));
#3939 = DIRECTION('',(1.,0.,0.));
#3940 = ADVANCED_FACE('',(#3941),#3966,.T.);
#3941 = FACE_BOUND('',#3942,.T.);
#3942 = EDGE_LOOP('',(#3943,#3953,#3959,#3960));
#3943 = ORIENTED_EDGE('',*,*,#3944,.F.);
#3944 = EDGE_CURVE('',#3945,#3947,#3949,.T.);
#3945 = VERTEX_POINT('',#3946);
#3946 = CARTESIAN_POINT('',(-23.,-5.5,0.));
#3947 = VERTEX_POINT('',#3948);
#3948 = CARTESIAN_POINT('',(-20.,-5.5,0.));
#3949 = LINE('',#3950,#3951);
#3950 = CARTESIAN_POINT('',(-23.,-5.5,0.));
#3951 = VECTOR('',#3952,1.);
#3952 = DIRECTION('',(1.,0.,0.));
#3953 = ORIENTED_EDGE('',*,*,#3954,.T.);
#3954 = EDGE_CURVE('',#3945,#1656,#3955,.T.);
#3955 = LINE('',#3956,#3957);
#3956 = CARTESIAN_POINT('',(-23.,-5.5,0.));
#3957 = VECTOR('',#3958,1.);
#3958 = DIRECTION('',(0.,0.,1.));
#3959 = ORIENTED_EDGE('',*,*,#1653,.F.);
#3960 = ORIENTED_EDGE('',*,*,#3961,.F.);
#3961 = EDGE_CURVE('',#3947,#1654,#3962,.T.);
#3962 = LINE('',#3963,#3964);
#3963 = CARTESIAN_POINT('',(-20.,-5.5,0.));
#3964 = VECTOR('',#3965,1.);
#3965 = DIRECTION('',(0.,0.,1.));
#3966 = PLANE('',#3967);
#3967 = AXIS2_PLACEMENT_3D('',#3968,#3969,#3970);
#3968 = CARTESIAN_POINT('',(-23.,-5.5,0.));
#3969 = DIRECTION('',(0.,1.,0.));
#3970 = DIRECTION('',(1.,0.,0.));
#3971 = ADVANCED_FACE('',(#3972),#3991,.F.);
#3972 = FACE_BOUND('',#3973,.F.);
#3973 = EDGE_LOOP('',(#3974,#3983,#3989,#3990));
#3974 = ORIENTED_EDGE('',*,*,#3975,.F.);
#3975 = EDGE_CURVE('',#3976,#3947,#3978,.T.);
#3976 = VERTEX_POINT('',#3977);
#3977 = CARTESIAN_POINT('',(-20.,-2.5,0.));
#3978 = CIRCLE('',#3979,1.5);
#3979 = AXIS2_PLACEMENT_3D('',#3980,#3981,#3982);
#3980 = CARTESIAN_POINT('',(-20.,-4.,0.));
#3981 = DIRECTION('',(0.,0.,-1.));
#3982 = DIRECTION('',(1.,0.,0.));
#3983 = ORIENTED_EDGE('',*,*,#3984,.T.);
#3984 = EDGE_CURVE('',#3976,#1673,#3985,.T.);
#3985 = LINE('',#3986,#3987);
#3986 = CARTESIAN_POINT('',(-20.,-2.5,0.));
#3987 = VECTOR('',#3988,1.);
#3988 = DIRECTION('',(0.,0.,1.));
#3989 = ORIENTED_EDGE('',*,*,#1680,.T.);
#3990 = ORIENTED_EDGE('',*,*,#3961,.F.);
#3991 = CYLINDRICAL_SURFACE('',#3992,1.5);
#3992 = AXIS2_PLACEMENT_3D('',#3993,#3994,#3995);
#3993 = CARTESIAN_POINT('',(-20.,-4.,0.));
#3994 = DIRECTION('',(0.,0.,-1.));
#3995 = DIRECTION('',(1.,0.,0.));
#3996 = ADVANCED_FACE('',(#3997),#4016,.F.);
#3997 = FACE_BOUND('',#3998,.F.);
#3998 = EDGE_LOOP('',(#3999,#4008,#4009,#4010));
#3999 = ORIENTED_EDGE('',*,*,#4000,.F.);
#4000 = EDGE_CURVE('',#3945,#4001,#4003,.T.);
#4001 = VERTEX_POINT('',#4002);
#4002 = CARTESIAN_POINT('',(-23.,-2.5,0.));
#4003 = CIRCLE('',#4004,1.5);
#4004 = AXIS2_PLACEMENT_3D('',#4005,#4006,#4007);
#4005 = CARTESIAN_POINT('',(-23.,-4.,0.));
#4006 = DIRECTION('',(0.,0.,-1.));
#4007 = DIRECTION('',(1.,0.,0.));
#4008 = ORIENTED_EDGE('',*,*,#3954,.T.);
#4009 = ORIENTED_EDGE('',*,*,#1663,.T.);
#4010 = ORIENTED_EDGE('',*,*,#4011,.F.);
#4011 = EDGE_CURVE('',#4001,#1664,#4012,.T.);
#4012 = LINE('',#4013,#4014);
#4013 = CARTESIAN_POINT('',(-23.,-2.5,0.));
#4014 = VECTOR('',#4015,1.);
#4015 = DIRECTION('',(0.,0.,1.));
#4016 = CYLINDRICAL_SURFACE('',#4017,1.5);
#4017 = AXIS2_PLACEMENT_3D('',#4018,#4019,#4020);
#4018 = CARTESIAN_POINT('',(-23.,-4.,0.));
#4019 = DIRECTION('',(0.,0.,-1.));
#4020 = DIRECTION('',(1.,0.,0.));
#4021 = ADVANCED_FACE('',(#4022),#4033,.F.);
#4022 = FACE_BOUND('',#4023,.F.);
#4023 = EDGE_LOOP('',(#4024,#4030,#4031,#4032));
#4024 = ORIENTED_EDGE('',*,*,#4025,.F.);
#4025 = EDGE_CURVE('',#4001,#3976,#4026,.T.);
#4026 = LINE('',#4027,#4028);
#4027 = CARTESIAN_POINT('',(-23.,-2.5,0.));
#4028 = VECTOR('',#4029,1.);
#4029 = DIRECTION('',(1.,0.,0.));
#4030 = ORIENTED_EDGE('',*,*,#4011,.T.);
#4031 = ORIENTED_EDGE('',*,*,#1672,.F.);
#4032 = ORIENTED_EDGE('',*,*,#3984,.F.);
#4033 = PLANE('',#4034);
#4034 = AXIS2_PLACEMENT_3D('',#4035,#4036,#4037);
#4035 = CARTESIAN_POINT('',(-23.,-2.5,0.));
#4036 = DIRECTION('',(0.,1.,0.));
#4037 = DIRECTION('',(1.,0.,0.));
#4038 = ADVANCED_FACE('',(#4039),#4064,.T.);
#4039 = FACE_BOUND('',#4040,.T.);
#4040 = EDGE_LOOP('',(#4041,#4051,#4057,#4058));
#4041 = ORIENTED_EDGE('',*,*,#4042,.F.);
#4042 = EDGE_CURVE('',#4043,#4045,#4047,.T.);
#4043 = VERTEX_POINT('',#4044);
#4044 = CARTESIAN_POINT('',(-13.,-5.5,0.));
#4045 = VERTEX_POINT('',#4046);
#4046 = CARTESIAN_POINT('',(-10.,-5.5,0.));
#4047 = LINE('',#4048,#4049);
#4048 = CARTESIAN_POINT('',(-13.,-5.5,0.));
#4049 = VECTOR('',#4050,1.);
#4050 = DIRECTION('',(1.,0.,0.));
#4051 = ORIENTED_EDGE('',*,*,#4052,.T.);
#4052 = EDGE_CURVE('',#4043,#1692,#4053,.T.);
#4053 = LINE('',#4054,#4055);
#4054 = CARTESIAN_POINT('',(-13.,-5.5,0.));
#4055 = VECTOR('',#4056,1.);
#4056 = DIRECTION('',(0.,0.,1.));
#4057 = ORIENTED_EDGE('',*,*,#1689,.F.);
#4058 = ORIENTED_EDGE('',*,*,#4059,.F.);
#4059 = EDGE_CURVE('',#4045,#1690,#4060,.T.);
#4060 = LINE('',#4061,#4062);
#4061 = CARTESIAN_POINT('',(-10.,-5.5,0.));
#4062 = VECTOR('',#4063,1.);
#4063 = DIRECTION('',(0.,0.,1.));
#4064 = PLANE('',#4065);
#4065 = AXIS2_PLACEMENT_3D('',#4066,#4067,#4068);
#4066 = CARTESIAN_POINT('',(-13.,-5.5,0.));
#4067 = DIRECTION('',(0.,1.,0.));
#4068 = DIRECTION('',(1.,0.,0.));
#4069 = ADVANCED_FACE('',(#4070),#4089,.F.);
#4070 = FACE_BOUND('',#4071,.F.);
#4071 = EDGE_LOOP('',(#4072,#4081,#4087,#4088));
#4072 = ORIENTED_EDGE('',*,*,#4073,.F.);
#4073 = EDGE_CURVE('',#4074,#4045,#4076,.T.);
#4074 = VERTEX_POINT('',#4075);
#4075 = CARTESIAN_POINT('',(-10.,-2.5,0.));
#4076 = CIRCLE('',#4077,1.5);
#4077 = AXIS2_PLACEMENT_3D('',#4078,#4079,#4080);
#4078 = CARTESIAN_POINT('',(-10.,-4.,0.));
#4079 = DIRECTION('',(0.,0.,-1.));
#4080 = DIRECTION('',(1.,0.,0.));
#4081 = ORIENTED_EDGE('',*,*,#4082,.T.);
#4082 = EDGE_CURVE('',#4074,#1709,#4083,.T.);
#4083 = LINE('',#4084,#4085);
#4084 = CARTESIAN_POINT('',(-10.,-2.5,0.));
#4085 = VECTOR('',#4086,1.);
#4086 = DIRECTION('',(0.,0.,1.));
#4087 = ORIENTED_EDGE('',*,*,#1716,.T.);
#4088 = ORIENTED_EDGE('',*,*,#4059,.F.);
#4089 = CYLINDRICAL_SURFACE('',#4090,1.5);
#4090 = AXIS2_PLACEMENT_3D('',#4091,#4092,#4093);
#4091 = CARTESIAN_POINT('',(-10.,-4.,0.));
#4092 = DIRECTION('',(0.,0.,-1.));
#4093 = DIRECTION('',(1.,0.,0.));
#4094 = ADVANCED_FACE('',(#4095),#4114,.F.);
#4095 = FACE_BOUND('',#4096,.F.);
#4096 = EDGE_LOOP('',(#4097,#4106,#4107,#4108));
#4097 = ORIENTED_EDGE('',*,*,#4098,.F.);
#4098 = EDGE_CURVE('',#4043,#4099,#4101,.T.);
#4099 = VERTEX_POINT('',#4100);
#4100 = CARTESIAN_POINT('',(-13.,-2.5,0.));
#4101 = CIRCLE('',#4102,1.5);
#4102 = AXIS2_PLACEMENT_3D('',#4103,#4104,#4105);
#4103 = CARTESIAN_POINT('',(-13.,-4.,0.));
#4104 = DIRECTION('',(0.,0.,-1.));
#4105 = DIRECTION('',(1.,0.,0.));
#4106 = ORIENTED_EDGE('',*,*,#4052,.T.);
#4107 = ORIENTED_EDGE('',*,*,#1699,.T.);
#4108 = ORIENTED_EDGE('',*,*,#4109,.F.);
#4109 = EDGE_CURVE('',#4099,#1700,#4110,.T.);
#4110 = LINE('',#4111,#4112);
#4111 = CARTESIAN_POINT('',(-13.,-2.5,0.));
#4112 = VECTOR('',#4113,1.);
#4113 = DIRECTION('',(0.,0.,1.));
#4114 = CYLINDRICAL_SURFACE('',#4115,1.5);
#4115 = AXIS2_PLACEMENT_3D('',#4116,#4117,#4118);
#4116 = CARTESIAN_POINT('',(-13.,-4.,0.));
#4117 = DIRECTION('',(0.,0.,-1.));
#4118 = DIRECTION('',(1.,0.,0.));
#4119 = ADVANCED_FACE('',(#4120),#4131,.F.);
#4120 = FACE_BOUND('',#4121,.F.);
#4121 = EDGE_LOOP('',(#4122,#4128,#4129,#4130));
#4122 = ORIENTED_EDGE('',*,*,#4123,.F.);
#4123 = EDGE_CURVE('',#4099,#4074,#4124,.T.);
#4124 = LINE('',#4125,#4126);
#4125 = CARTESIAN_POINT('',(-13.,-2.5,0.));
#4126 = VECTOR('',#4127,1.);
#4127 = DIRECTION('',(1.,0.,0.));
#4128 = ORIENTED_EDGE('',*,*,#4109,.T.);
#4129 = ORIENTED_EDGE('',*,*,#1708,.F.);
#4130 = ORIENTED_EDGE('',*,*,#4082,.F.);
#4131 = PLANE('',#4132);
#4132 = AXIS2_PLACEMENT_3D('',#4133,#4134,#4135);
#4133 = CARTESIAN_POINT('',(-13.,-2.5,0.));
#4134 = DIRECTION('',(0.,1.,0.));
#4135 = DIRECTION('',(1.,0.,0.));
#4136 = ADVANCED_FACE('',(#4137),#4162,.F.);
#4137 = FACE_BOUND('',#4138,.T.);
#4138 = EDGE_LOOP('',(#4139,#4149,#4155,#4156));
#4139 = ORIENTED_EDGE('',*,*,#4140,.F.);
#4140 = EDGE_CURVE('',#4141,#4143,#4145,.T.);
#4141 = VERTEX_POINT('',#4142);
#4142 = CARTESIAN_POINT('',(13.,-10.5,0.));
#4143 = VERTEX_POINT('',#4144);
#4144 = CARTESIAN_POINT('',(10.,-10.5,0.));
#4145 = LINE('',#4146,#4147);
#4146 = CARTESIAN_POINT('',(13.,-10.5,0.));
#4147 = VECTOR('',#4148,1.);
#4148 = DIRECTION('',(-1.,0.,0.));
#4149 = ORIENTED_EDGE('',*,*,#4150,.T.);
#4150 = EDGE_CURVE('',#4141,#1728,#4151,.T.);
#4151 = LINE('',#4152,#4153);
#4152 = CARTESIAN_POINT('',(13.,-10.5,0.));
#4153 = VECTOR('',#4154,1.);
#4154 = DIRECTION('',(0.,0.,1.));
#4155 = ORIENTED_EDGE('',*,*,#1725,.F.);
#4156 = ORIENTED_EDGE('',*,*,#4157,.F.);
#4157 = EDGE_CURVE('',#4143,#1726,#4158,.T.);
#4158 = LINE('',#4159,#4160);
#4159 = CARTESIAN_POINT('',(10.,-10.5,0.));
#4160 = VECTOR('',#4161,1.);
#4161 = DIRECTION('',(0.,0.,1.));
#4162 = PLANE('',#4163);
#4163 = AXIS2_PLACEMENT_3D('',#4164,#4165,#4166);
#4164 = CARTESIAN_POINT('',(13.,-10.5,0.));
#4165 = DIRECTION('',(0.,1.,0.));
#4166 = DIRECTION('',(1.,0.,0.));
#4167 = ADVANCED_FACE('',(#4168),#4187,.F.);
#4168 = FACE_BOUND('',#4169,.T.);
#4169 = EDGE_LOOP('',(#4170,#4179,#4180,#4181));
#4170 = ORIENTED_EDGE('',*,*,#4171,.F.);
#4171 = EDGE_CURVE('',#4143,#4172,#4174,.T.);
#4172 = VERTEX_POINT('',#4173);
#4173 = CARTESIAN_POINT('',(10.,-13.5,0.));
#4174 = CIRCLE('',#4175,1.5);
#4175 = AXIS2_PLACEMENT_3D('',#4176,#4177,#4178);
#4176 = CARTESIAN_POINT('',(10.,-12.,0.));
#4177 = DIRECTION('',(0.,0.,1.));
#4178 = DIRECTION('',(-1.,0.,0.));
#4179 = ORIENTED_EDGE('',*,*,#4157,.T.);
#4180 = ORIENTED_EDGE('',*,*,#1752,.F.);
#4181 = ORIENTED_EDGE('',*,*,#4182,.F.);
#4182 = EDGE_CURVE('',#4172,#1745,#4183,.T.);
#4183 = LINE('',#4184,#4185);
#4184 = CARTESIAN_POINT('',(10.,-13.5,0.));
#4185 = VECTOR('',#4186,1.);
#4186 = DIRECTION('',(0.,0.,1.));
#4187 = CYLINDRICAL_SURFACE('',#4188,1.5);
#4188 = AXIS2_PLACEMENT_3D('',#4189,#4190,#4191);
#4189 = CARTESIAN_POINT('',(10.,-12.,0.));
#4190 = DIRECTION('',(-0.,-0.,-1.));
#4191 = DIRECTION('',(-1.,-0.,-0.));
#4192 = ADVANCED_FACE('',(#4193),#4211,.T.);
#4193 = FACE_BOUND('',#4194,.F.);
#4194 = EDGE_LOOP('',(#4195,#4203,#4209,#4210));
#4195 = ORIENTED_EDGE('',*,*,#4196,.F.);
#4196 = EDGE_CURVE('',#4197,#4172,#4199,.T.);
#4197 = VERTEX_POINT('',#4198);
#4198 = CARTESIAN_POINT('',(13.,-13.5,0.));
#4199 = LINE('',#4200,#4201);
#4200 = CARTESIAN_POINT('',(13.,-13.5,0.));
#4201 = VECTOR('',#4202,1.);
#4202 = DIRECTION('',(-1.,0.,0.));
#4203 = ORIENTED_EDGE('',*,*,#4204,.T.);
#4204 = EDGE_CURVE('',#4197,#1736,#4205,.T.);
#4205 = LINE('',#4206,#4207);
#4206 = CARTESIAN_POINT('',(13.,-13.5,0.));
#4207 = VECTOR('',#4208,1.);
#4208 = DIRECTION('',(0.,0.,1.));
#4209 = ORIENTED_EDGE('',*,*,#1744,.F.);
#4210 = ORIENTED_EDGE('',*,*,#4182,.F.);
#4211 = PLANE('',#4212);
#4212 = AXIS2_PLACEMENT_3D('',#4213,#4214,#4215);
#4213 = CARTESIAN_POINT('',(13.,-13.5,0.));
#4214 = DIRECTION('',(0.,1.,0.));
#4215 = DIRECTION('',(1.,0.,0.));
#4216 = ADVANCED_FACE('',(#4217),#4229,.F.);
#4217 = FACE_BOUND('',#4218,.T.);
#4218 = EDGE_LOOP('',(#4219,#4226,#4227,#4228));
#4219 = ORIENTED_EDGE('',*,*,#4220,.F.);
#4220 = EDGE_CURVE('',#4197,#4141,#4221,.T.);
#4221 = CIRCLE('',#4222,1.5);
#4222 = AXIS2_PLACEMENT_3D('',#4223,#4224,#4225);
#4223 = CARTESIAN_POINT('',(13.,-12.,0.));
#4224 = DIRECTION('',(0.,0.,1.));
#4225 = DIRECTION('',(-1.,0.,0.));
#4226 = ORIENTED_EDGE('',*,*,#4204,.T.);
#4227 = ORIENTED_EDGE('',*,*,#1735,.F.);
#4228 = ORIENTED_EDGE('',*,*,#4150,.F.);
#4229 = CYLINDRICAL_SURFACE('',#4230,1.5);
#4230 = AXIS2_PLACEMENT_3D('',#4231,#4232,#4233);
#4231 = CARTESIAN_POINT('',(13.,-12.,0.));
#4232 = DIRECTION('',(-0.,-0.,-1.));
#4233 = DIRECTION('',(-1.,-0.,-0.));
#4234 = ADVANCED_FACE('',(#4235),#4260,.F.);
#4235 = FACE_BOUND('',#4236,.T.);
#4236 = EDGE_LOOP('',(#4237,#4247,#4253,#4254));
#4237 = ORIENTED_EDGE('',*,*,#4238,.F.);
#4238 = EDGE_CURVE('',#4239,#4241,#4243,.T.);
#4239 = VERTEX_POINT('',#4240);
#4240 = CARTESIAN_POINT('',(23.,-10.5,0.));
#4241 = VERTEX_POINT('',#4242);
#4242 = CARTESIAN_POINT('',(20.,-10.5,0.));
#4243 = LINE('',#4244,#4245);
#4244 = CARTESIAN_POINT('',(23.,-10.5,0.));
#4245 = VECTOR('',#4246,1.);
#4246 = DIRECTION('',(-1.,0.,0.));
#4247 = ORIENTED_EDGE('',*,*,#4248,.T.);
#4248 = EDGE_CURVE('',#4239,#1764,#4249,.T.);
#4249 = LINE('',#4250,#4251);
#4250 = CARTESIAN_POINT('',(23.,-10.5,0.));
#4251 = VECTOR('',#4252,1.);
#4252 = DIRECTION('',(0.,0.,1.));
#4253 = ORIENTED_EDGE('',*,*,#1761,.F.);
#4254 = ORIENTED_EDGE('',*,*,#4255,.F.);
#4255 = EDGE_CURVE('',#4241,#1762,#4256,.T.);
#4256 = LINE('',#4257,#4258);
#4257 = CARTESIAN_POINT('',(20.,-10.5,0.));
#4258 = VECTOR('',#4259,1.);
#4259 = DIRECTION('',(0.,0.,1.));
#4260 = PLANE('',#4261);
#4261 = AXIS2_PLACEMENT_3D('',#4262,#4263,#4264);
#4262 = CARTESIAN_POINT('',(23.,-10.5,0.));
#4263 = DIRECTION('',(0.,1.,0.));
#4264 = DIRECTION('',(1.,0.,0.));
#4265 = ADVANCED_FACE('',(#4266),#4285,.F.);
#4266 = FACE_BOUND('',#4267,.T.);
#4267 = EDGE_LOOP('',(#4268,#4277,#4278,#4279));
#4268 = ORIENTED_EDGE('',*,*,#4269,.F.);
#4269 = EDGE_CURVE('',#4241,#4270,#4272,.T.);
#4270 = VERTEX_POINT('',#4271);
#4271 = CARTESIAN_POINT('',(20.,-13.5,0.));
#4272 = CIRCLE('',#4273,1.5);
#4273 = AXIS2_PLACEMENT_3D('',#4274,#4275,#4276);
#4274 = CARTESIAN_POINT('',(20.,-12.,0.));
#4275 = DIRECTION('',(0.,0.,1.));
#4276 = DIRECTION('',(-1.,0.,0.));
#4277 = ORIENTED_EDGE('',*,*,#4255,.T.);
#4278 = ORIENTED_EDGE('',*,*,#1788,.F.);
#4279 = ORIENTED_EDGE('',*,*,#4280,.F.);
#4280 = EDGE_CURVE('',#4270,#1781,#4281,.T.);
#4281 = LINE('',#4282,#4283);
#4282 = CARTESIAN_POINT('',(20.,-13.5,0.));
#4283 = VECTOR('',#4284,1.);
#4284 = DIRECTION('',(0.,0.,1.));
#4285 = CYLINDRICAL_SURFACE('',#4286,1.5);
#4286 = AXIS2_PLACEMENT_3D('',#4287,#4288,#4289);
#4287 = CARTESIAN_POINT('',(20.,-12.,0.));
#4288 = DIRECTION('',(-0.,-0.,-1.));
#4289 = DIRECTION('',(-1.,-0.,-0.));
#4290 = ADVANCED_FACE('',(#4291),#4309,.T.);
#4291 = FACE_BOUND('',#4292,.F.);
#4292 = EDGE_LOOP('',(#4293,#4301,#4307,#4308));
#4293 = ORIENTED_EDGE('',*,*,#4294,.F.);
#4294 = EDGE_CURVE('',#4295,#4270,#4297,.T.);
#4295 = VERTEX_POINT('',#4296);
#4296 = CARTESIAN_POINT('',(23.,-13.5,0.));
#4297 = LINE('',#4298,#4299);
#4298 = CARTESIAN_POINT('',(23.,-13.5,0.));
#4299 = VECTOR('',#4300,1.);
#4300 = DIRECTION('',(-1.,0.,0.));
#4301 = ORIENTED_EDGE('',*,*,#4302,.T.);
#4302 = EDGE_CURVE('',#4295,#1772,#4303,.T.);
#4303 = LINE('',#4304,#4305);
#4304 = CARTESIAN_POINT('',(23.,-13.5,0.));
#4305 = VECTOR('',#4306,1.);
#4306 = DIRECTION('',(0.,0.,1.));
#4307 = ORIENTED_EDGE('',*,*,#1780,.F.);
#4308 = ORIENTED_EDGE('',*,*,#4280,.F.);
#4309 = PLANE('',#4310);
#4310 = AXIS2_PLACEMENT_3D('',#4311,#4312,#4313);
#4311 = CARTESIAN_POINT('',(23.,-13.5,0.));
#4312 = DIRECTION('',(0.,1.,0.));
#4313 = DIRECTION('',(1.,0.,0.));
#4314 = ADVANCED_FACE('',(#4315),#4327,.F.);
#4315 = FACE_BOUND('',#4316,.T.);
#4316 = EDGE_LOOP('',(#4317,#4324,#4325,#4326));
#4317 = ORIENTED_EDGE('',*,*,#4318,.F.);
#4318 = EDGE_CURVE('',#4295,#4239,#4319,.T.);
#4319 = CIRCLE('',#4320,1.5);
#4320 = AXIS2_PLACEMENT_3D('',#4321,#4322,#4323);
#4321 = CARTESIAN_POINT('',(23.,-12.,0.));
#4322 = DIRECTION('',(0.,0.,1.));
#4323 = DIRECTION('',(-1.,0.,0.));
#4324 = ORIENTED_EDGE('',*,*,#4302,.T.);
#4325 = ORIENTED_EDGE('',*,*,#1771,.F.);
#4326 = ORIENTED_EDGE('',*,*,#4248,.F.);
#4327 = CYLINDRICAL_SURFACE('',#4328,1.5);
#4328 = AXIS2_PLACEMENT_3D('',#4329,#4330,#4331);
#4329 = CARTESIAN_POINT('',(23.,-12.,0.));
#4330 = DIRECTION('',(-0.,-0.,-1.));
#4331 = DIRECTION('',(-1.,-0.,-0.));
#4332 = ADVANCED_FACE('',(#4333),#4358,.F.);
#4333 = FACE_BOUND('',#4334,.T.);
#4334 = EDGE_LOOP('',(#4335,#4345,#4351,#4352));
#4335 = ORIENTED_EDGE('',*,*,#4336,.F.);
#4336 = EDGE_CURVE('',#4337,#4339,#4341,.T.);
#4337 = VERTEX_POINT('',#4338);
#4338 = CARTESIAN_POINT('',(33.,-10.5,0.));
#4339 = VERTEX_POINT('',#4340);
#4340 = CARTESIAN_POINT('',(30.,-10.5000000048,0.));
#4341 = LINE('',#4342,#4343);
#4342 = CARTESIAN_POINT('',(33.,-10.5,0.));
#4343 = VECTOR('',#4344,1.);
#4344 = DIRECTION('',(-1.,-1.602550980806E-09,0.));
#4345 = ORIENTED_EDGE('',*,*,#4346,.T.);
#4346 = EDGE_CURVE('',#4337,#1800,#4347,.T.);
#4347 = LINE('',#4348,#4349);
#4348 = CARTESIAN_POINT('',(33.,-10.5,0.));
#4349 = VECTOR('',#4350,1.);
#4350 = DIRECTION('',(0.,0.,1.));
#4351 = ORIENTED_EDGE('',*,*,#1797,.F.);
#4352 = ORIENTED_EDGE('',*,*,#4353,.F.);
#4353 = EDGE_CURVE('',#4339,#1798,#4354,.T.);
#4354 = LINE('',#4355,#4356);
#4355 = CARTESIAN_POINT('',(30.,-10.5000000048,0.));
#4356 = VECTOR('',#4357,1.);
#4357 = DIRECTION('',(0.,0.,1.));
#4358 = PLANE('',#4359);
#4359 = AXIS2_PLACEMENT_3D('',#4360,#4361,#4362);
#4360 = CARTESIAN_POINT('',(33.,-10.5,0.));
#4361 = DIRECTION('',(-1.602550980806E-09,1.,0.));
#4362 = DIRECTION('',(1.,1.602550980806E-09,0.));
#4363 = ADVANCED_FACE('',(#4364),#4383,.F.);
#4364 = FACE_BOUND('',#4365,.T.);
#4365 = EDGE_LOOP('',(#4366,#4375,#4376,#4377));
#4366 = ORIENTED_EDGE('',*,*,#4367,.F.);
#4367 = EDGE_CURVE('',#4339,#4368,#4370,.T.);
#4368 = VERTEX_POINT('',#4369);
#4369 = CARTESIAN_POINT('',(30.000000004808,-13.5000000048,0.));
#4370 = CIRCLE('',#4371,1.5);
#4371 = AXIS2_PLACEMENT_3D('',#4372,#4373,#4374);
#4372 = CARTESIAN_POINT('',(30.000000002404,-12.0000000048,0.));
#4373 = DIRECTION('',(0.,0.,1.));
#4374 = DIRECTION('',(-1.,0.,0.));
#4375 = ORIENTED_EDGE('',*,*,#4353,.T.);
#4376 = ORIENTED_EDGE('',*,*,#1824,.F.);
#4377 = ORIENTED_EDGE('',*,*,#4378,.F.);
#4378 = EDGE_CURVE('',#4368,#1817,#4379,.T.);
#4379 = LINE('',#4380,#4381);
#4380 = CARTESIAN_POINT('',(30.000000004808,-13.5000000048,0.));
#4381 = VECTOR('',#4382,1.);
#4382 = DIRECTION('',(0.,0.,1.));
#4383 = CYLINDRICAL_SURFACE('',#4384,1.5);
#4384 = AXIS2_PLACEMENT_3D('',#4385,#4386,#4387);
#4385 = CARTESIAN_POINT('',(30.000000002404,-12.0000000048,0.));
#4386 = DIRECTION('',(-0.,-0.,-1.));
#4387 = DIRECTION('',(-1.,-0.,-0.));
#4388 = ADVANCED_FACE('',(#4389),#4407,.T.);
#4389 = FACE_BOUND('',#4390,.F.);
#4390 = EDGE_LOOP('',(#4391,#4399,#4405,#4406));
#4391 = ORIENTED_EDGE('',*,*,#4392,.F.);
#4392 = EDGE_CURVE('',#4393,#4368,#4395,.T.);
#4393 = VERTEX_POINT('',#4394);
#4394 = CARTESIAN_POINT('',(33.000000004808,-13.5,0.));
#4395 = LINE('',#4396,#4397);
#4396 = CARTESIAN_POINT('',(33.000000004808,-13.5,0.));
#4397 = VECTOR('',#4398,1.);
#4398 = DIRECTION('',(-1.,-1.602550980806E-09,0.));
#4399 = ORIENTED_EDGE('',*,*,#4400,.T.);
#4400 = EDGE_CURVE('',#4393,#1808,#4401,.T.);
#4401 = LINE('',#4402,#4403);
#4402 = CARTESIAN_POINT('',(33.000000004808,-13.5,0.));
#4403 = VECTOR('',#4404,1.);
#4404 = DIRECTION('',(0.,0.,1.));
#4405 = ORIENTED_EDGE('',*,*,#1816,.F.);
#4406 = ORIENTED_EDGE('',*,*,#4378,.F.);
#4407 = PLANE('',#4408);
#4408 = AXIS2_PLACEMENT_3D('',#4409,#4410,#4411);
#4409 = CARTESIAN_POINT('',(33.000000004808,-13.5,0.));
#4410 = DIRECTION('',(-1.602550980806E-09,1.,0.));
#4411 = DIRECTION('',(1.,1.602550980806E-09,0.));
#4412 = ADVANCED_FACE('',(#4413),#4425,.F.);
#4413 = FACE_BOUND('',#4414,.T.);
#4414 = EDGE_LOOP('',(#4415,#4422,#4423,#4424));
#4415 = ORIENTED_EDGE('',*,*,#4416,.F.);
#4416 = EDGE_CURVE('',#4393,#4337,#4417,.T.);
#4417 = CIRCLE('',#4418,1.5);
#4418 = AXIS2_PLACEMENT_3D('',#4419,#4420,#4421);
#4419 = CARTESIAN_POINT('',(33.000000002404,-12.,0.));
#4420 = DIRECTION('',(0.,0.,1.));
#4421 = DIRECTION('',(-1.,0.,0.));
#4422 = ORIENTED_EDGE('',*,*,#4400,.T.);
#4423 = ORIENTED_EDGE('',*,*,#1807,.F.);
#4424 = ORIENTED_EDGE('',*,*,#4346,.F.);
#4425 = CYLINDRICAL_SURFACE('',#4426,1.5);
#4426 = AXIS2_PLACEMENT_3D('',#4427,#4428,#4429);
#4427 = CARTESIAN_POINT('',(33.000000002404,-12.,0.));
#4428 = DIRECTION('',(-0.,-0.,-1.));
#4429 = DIRECTION('',(-1.,-0.,-0.));
#4430 = ADVANCED_FACE('',(#4431),#4456,.F.);
#4431 = FACE_BOUND('',#4432,.T.);
#4432 = EDGE_LOOP('',(#4433,#4443,#4449,#4450));
#4433 = ORIENTED_EDGE('',*,*,#4434,.F.);
#4434 = EDGE_CURVE('',#4435,#4437,#4439,.T.);
#4435 = VERTEX_POINT('',#4436);
#4436 = CARTESIAN_POINT('',(13.,-2.5,0.));
#4437 = VERTEX_POINT('',#4438);
#4438 = CARTESIAN_POINT('',(10.,-2.5,0.));
#4439 = LINE('',#4440,#4441);
#4440 = CARTESIAN_POINT('',(13.,-2.5,0.));
#4441 = VECTOR('',#4442,1.);
#4442 = DIRECTION('',(-1.,0.,0.));
#4443 = ORIENTED_EDGE('',*,*,#4444,.T.);
#4444 = EDGE_CURVE('',#4435,#1836,#4445,.T.);
#4445 = LINE('',#4446,#4447);
#4446 = CARTESIAN_POINT('',(13.,-2.5,0.));
#4447 = VECTOR('',#4448,1.);
#4448 = DIRECTION('',(0.,0.,1.));
#4449 = ORIENTED_EDGE('',*,*,#1833,.F.);
#4450 = ORIENTED_EDGE('',*,*,#4451,.F.);
#4451 = EDGE_CURVE('',#4437,#1834,#4452,.T.);
#4452 = LINE('',#4453,#4454);
#4453 = CARTESIAN_POINT('',(10.,-2.5,0.));
#4454 = VECTOR('',#4455,1.);
#4455 = DIRECTION('',(0.,0.,1.));
#4456 = PLANE('',#4457);
#4457 = AXIS2_PLACEMENT_3D('',#4458,#4459,#4460);
#4458 = CARTESIAN_POINT('',(13.,-2.5,0.));
#4459 = DIRECTION('',(0.,1.,0.));
#4460 = DIRECTION('',(1.,0.,0.));
#4461 = ADVANCED_FACE('',(#4462),#4481,.F.);
#4462 = FACE_BOUND('',#4463,.T.);
#4463 = EDGE_LOOP('',(#4464,#4473,#4474,#4475));
#4464 = ORIENTED_EDGE('',*,*,#4465,.F.);
#4465 = EDGE_CURVE('',#4437,#4466,#4468,.T.);
#4466 = VERTEX_POINT('',#4467);
#4467 = CARTESIAN_POINT('',(10.,-5.5,0.));
#4468 = CIRCLE('',#4469,1.5);
#4469 = AXIS2_PLACEMENT_3D('',#4470,#4471,#4472);
#4470 = CARTESIAN_POINT('',(10.,-4.,0.));
#4471 = DIRECTION('',(0.,0.,1.));
#4472 = DIRECTION('',(-1.,0.,0.));
#4473 = ORIENTED_EDGE('',*,*,#4451,.T.);
#4474 = ORIENTED_EDGE('',*,*,#1860,.F.);
#4475 = ORIENTED_EDGE('',*,*,#4476,.F.);
#4476 = EDGE_CURVE('',#4466,#1853,#4477,.T.);
#4477 = LINE('',#4478,#4479);
#4478 = CARTESIAN_POINT('',(10.,-5.5,0.));
#4479 = VECTOR('',#4480,1.);
#4480 = DIRECTION('',(0.,0.,1.));
#4481 = CYLINDRICAL_SURFACE('',#4482,1.5);
#4482 = AXIS2_PLACEMENT_3D('',#4483,#4484,#4485);
#4483 = CARTESIAN_POINT('',(10.,-4.,0.));
#4484 = DIRECTION('',(-0.,-0.,-1.));
#4485 = DIRECTION('',(-1.,-0.,-0.));
#4486 = ADVANCED_FACE('',(#4487),#4505,.T.);
#4487 = FACE_BOUND('',#4488,.F.);
#4488 = EDGE_LOOP('',(#4489,#4497,#4503,#4504));
#4489 = ORIENTED_EDGE('',*,*,#4490,.F.);
#4490 = EDGE_CURVE('',#4491,#4466,#4493,.T.);
#4491 = VERTEX_POINT('',#4492);
#4492 = CARTESIAN_POINT('',(13.,-5.5,0.));
#4493 = LINE('',#4494,#4495);
#4494 = CARTESIAN_POINT('',(13.,-5.5,0.));
#4495 = VECTOR('',#4496,1.);
#4496 = DIRECTION('',(-1.,0.,0.));
#4497 = ORIENTED_EDGE('',*,*,#4498,.T.);
#4498 = EDGE_CURVE('',#4491,#1844,#4499,.T.);
#4499 = LINE('',#4500,#4501);
#4500 = CARTESIAN_POINT('',(13.,-5.5,0.));
#4501 = VECTOR('',#4502,1.);
#4502 = DIRECTION('',(0.,0.,1.));
#4503 = ORIENTED_EDGE('',*,*,#1852,.F.);
#4504 = ORIENTED_EDGE('',*,*,#4476,.F.);
#4505 = PLANE('',#4506);
#4506 = AXIS2_PLACEMENT_3D('',#4507,#4508,#4509);
#4507 = CARTESIAN_POINT('',(13.,-5.5,0.));
#4508 = DIRECTION('',(0.,1.,0.));
#4509 = DIRECTION('',(1.,0.,0.));
#4510 = ADVANCED_FACE('',(#4511),#4523,.F.);
#4511 = FACE_BOUND('',#4512,.T.);
#4512 = EDGE_LOOP('',(#4513,#4520,#4521,#4522));
#4513 = ORIENTED_EDGE('',*,*,#4514,.F.);
#4514 = EDGE_CURVE('',#4491,#4435,#4515,.T.);
#4515 = CIRCLE('',#4516,1.5);
#4516 = AXIS2_PLACEMENT_3D('',#4517,#4518,#4519);
#4517 = CARTESIAN_POINT('',(13.,-4.,0.));
#4518 = DIRECTION('',(0.,0.,1.));
#4519 = DIRECTION('',(-1.,0.,0.));
#4520 = ORIENTED_EDGE('',*,*,#4498,.T.);
#4521 = ORIENTED_EDGE('',*,*,#1843,.F.);
#4522 = ORIENTED_EDGE('',*,*,#4444,.F.);
#4523 = CYLINDRICAL_SURFACE('',#4524,1.5);
#4524 = AXIS2_PLACEMENT_3D('',#4525,#4526,#4527);
#4525 = CARTESIAN_POINT('',(13.,-4.,0.));
#4526 = DIRECTION('',(-0.,-0.,-1.));
#4527 = DIRECTION('',(-1.,-0.,-0.));
#4528 = ADVANCED_FACE('',(#4529),#4554,.F.);
#4529 = FACE_BOUND('',#4530,.T.);
#4530 = EDGE_LOOP('',(#4531,#4541,#4547,#4548));
#4531 = ORIENTED_EDGE('',*,*,#4532,.F.);
#4532 = EDGE_CURVE('',#4533,#4535,#4537,.T.);
#4533 = VERTEX_POINT('',#4534);
#4534 = CARTESIAN_POINT('',(23.,-2.5,0.));
#4535 = VERTEX_POINT('',#4536);
#4536 = CARTESIAN_POINT('',(20.,-2.5,0.));
#4537 = LINE('',#4538,#4539);
#4538 = CARTESIAN_POINT('',(23.,-2.5,0.));
#4539 = VECTOR('',#4540,1.);
#4540 = DIRECTION('',(-1.,0.,0.));
#4541 = ORIENTED_EDGE('',*,*,#4542,.T.);
#4542 = EDGE_CURVE('',#4533,#1872,#4543,.T.);
#4543 = LINE('',#4544,#4545);
#4544 = CARTESIAN_POINT('',(23.,-2.5,0.));
#4545 = VECTOR('',#4546,1.);
#4546 = DIRECTION('',(0.,0.,1.));
#4547 = ORIENTED_EDGE('',*,*,#1869,.F.);
#4548 = ORIENTED_EDGE('',*,*,#4549,.F.);
#4549 = EDGE_CURVE('',#4535,#1870,#4550,.T.);
#4550 = LINE('',#4551,#4552);
#4551 = CARTESIAN_POINT('',(20.,-2.5,0.));
#4552 = VECTOR('',#4553,1.);
#4553 = DIRECTION('',(0.,0.,1.));
#4554 = PLANE('',#4555);
#4555 = AXIS2_PLACEMENT_3D('',#4556,#4557,#4558);
#4556 = CARTESIAN_POINT('',(23.,-2.5,0.));
#4557 = DIRECTION('',(0.,1.,0.));
#4558 = DIRECTION('',(1.,0.,0.));
#4559 = ADVANCED_FACE('',(#4560),#4579,.F.);
#4560 = FACE_BOUND('',#4561,.T.);
#4561 = EDGE_LOOP('',(#4562,#4571,#4572,#4573));
#4562 = ORIENTED_EDGE('',*,*,#4563,.F.);
#4563 = EDGE_CURVE('',#4535,#4564,#4566,.T.);
#4564 = VERTEX_POINT('',#4565);
#4565 = CARTESIAN_POINT('',(20.,-5.5,0.));
#4566 = CIRCLE('',#4567,1.5);
#4567 = AXIS2_PLACEMENT_3D('',#4568,#4569,#4570);
#4568 = CARTESIAN_POINT('',(20.,-4.,0.));
#4569 = DIRECTION('',(0.,0.,1.));
#4570 = DIRECTION('',(-1.,0.,0.));
#4571 = ORIENTED_EDGE('',*,*,#4549,.T.);
#4572 = ORIENTED_EDGE('',*,*,#1896,.F.);
#4573 = ORIENTED_EDGE('',*,*,#4574,.F.);
#4574 = EDGE_CURVE('',#4564,#1889,#4575,.T.);
#4575 = LINE('',#4576,#4577);
#4576 = CARTESIAN_POINT('',(20.,-5.5,0.));
#4577 = VECTOR('',#4578,1.);
#4578 = DIRECTION('',(0.,0.,1.));
#4579 = CYLINDRICAL_SURFACE('',#4580,1.5);
#4580 = AXIS2_PLACEMENT_3D('',#4581,#4582,#4583);
#4581 = CARTESIAN_POINT('',(20.,-4.,0.));
#4582 = DIRECTION('',(-0.,-0.,-1.));
#4583 = DIRECTION('',(-1.,-0.,-0.));
#4584 = ADVANCED_FACE('',(#4585),#4603,.T.);
#4585 = FACE_BOUND('',#4586,.F.);
#4586 = EDGE_LOOP('',(#4587,#4595,#4601,#4602));
#4587 = ORIENTED_EDGE('',*,*,#4588,.F.);
#4588 = EDGE_CURVE('',#4589,#4564,#4591,.T.);
#4589 = VERTEX_POINT('',#4590);
#4590 = CARTESIAN_POINT('',(23.,-5.5,0.));
#4591 = LINE('',#4592,#4593);
#4592 = CARTESIAN_POINT('',(23.,-5.5,0.));
#4593 = VECTOR('',#4594,1.);
#4594 = DIRECTION('',(-1.,0.,0.));
#4595 = ORIENTED_EDGE('',*,*,#4596,.T.);
#4596 = EDGE_CURVE('',#4589,#1880,#4597,.T.);
#4597 = LINE('',#4598,#4599);
#4598 = CARTESIAN_POINT('',(23.,-5.5,0.));
#4599 = VECTOR('',#4600,1.);
#4600 = DIRECTION('',(0.,0.,1.));
#4601 = ORIENTED_EDGE('',*,*,#1888,.F.);
#4602 = ORIENTED_EDGE('',*,*,#4574,.F.);
#4603 = PLANE('',#4604);
#4604 = AXIS2_PLACEMENT_3D('',#4605,#4606,#4607);
#4605 = CARTESIAN_POINT('',(23.,-5.5,0.));
#4606 = DIRECTION('',(0.,1.,0.));
#4607 = DIRECTION('',(1.,0.,0.));
#4608 = ADVANCED_FACE('',(#4609),#4621,.F.);
#4609 = FACE_BOUND('',#4610,.T.);
#4610 = EDGE_LOOP('',(#4611,#4618,#4619,#4620));
#4611 = ORIENTED_EDGE('',*,*,#4612,.F.);
#4612 = EDGE_CURVE('',#4589,#4533,#4613,.T.);
#4613 = CIRCLE('',#4614,1.5);
#4614 = AXIS2_PLACEMENT_3D('',#4615,#4616,#4617);
#4615 = CARTESIAN_POINT('',(23.,-4.,0.));
#4616 = DIRECTION('',(0.,0.,1.));
#4617 = DIRECTION('',(-1.,0.,0.));
#4618 = ORIENTED_EDGE('',*,*,#4596,.T.);
#4619 = ORIENTED_EDGE('',*,*,#1879,.F.);
#4620 = ORIENTED_EDGE('',*,*,#4542,.F.);
#4621 = CYLINDRICAL_SURFACE('',#4622,1.5);
#4622 = AXIS2_PLACEMENT_3D('',#4623,#4624,#4625);
#4623 = CARTESIAN_POINT('',(23.,-4.,0.));
#4624 = DIRECTION('',(-0.,-0.,-1.));
#4625 = DIRECTION('',(-1.,-0.,-0.));
#4626 = ADVANCED_FACE('',(#4627),#4652,.F.);
#4627 = FACE_BOUND('',#4628,.T.);
#4628 = EDGE_LOOP('',(#4629,#4639,#4645,#4646));
#4629 = ORIENTED_EDGE('',*,*,#4630,.F.);
#4630 = EDGE_CURVE('',#4631,#4633,#4635,.T.);
#4631 = VERTEX_POINT('',#4632);
#4632 = CARTESIAN_POINT('',(33.000000000577,-2.5,0.));
#4633 = VERTEX_POINT('',#4634);
#4634 = CARTESIAN_POINT('',(30.000000000577,-2.5,0.));
#4635 = LINE('',#4636,#4637);
#4636 = CARTESIAN_POINT('',(33.000000000577,-2.5,0.));
#4637 = VECTOR('',#4638,1.);
#4638 = DIRECTION('',(-1.,0.,0.));
#4639 = ORIENTED_EDGE('',*,*,#4640,.T.);
#4640 = EDGE_CURVE('',#4631,#1908,#4641,.T.);
#4641 = LINE('',#4642,#4643);
#4642 = CARTESIAN_POINT('',(33.000000000577,-2.5,0.));
#4643 = VECTOR('',#4644,1.);
#4644 = DIRECTION('',(0.,0.,1.));
#4645 = ORIENTED_EDGE('',*,*,#1905,.F.);
#4646 = ORIENTED_EDGE('',*,*,#4647,.F.);
#4647 = EDGE_CURVE('',#4633,#1906,#4648,.T.);
#4648 = LINE('',#4649,#4650);
#4649 = CARTESIAN_POINT('',(30.000000000577,-2.5,0.));
#4650 = VECTOR('',#4651,1.);
#4651 = DIRECTION('',(0.,0.,1.));
#4652 = PLANE('',#4653);
#4653 = AXIS2_PLACEMENT_3D('',#4654,#4655,#4656);
#4654 = CARTESIAN_POINT('',(33.000000000577,-2.5,0.));
#4655 = DIRECTION('',(0.,1.,0.));
#4656 = DIRECTION('',(1.,0.,0.));
#4657 = ADVANCED_FACE('',(#4658),#4677,.F.);
#4658 = FACE_BOUND('',#4659,.T.);
#4659 = EDGE_LOOP('',(#4660,#4669,#4670,#4671));
#4660 = ORIENTED_EDGE('',*,*,#4661,.F.);
#4661 = EDGE_CURVE('',#4633,#4662,#4664,.T.);
#4662 = VERTEX_POINT('',#4663);
#4663 = CARTESIAN_POINT('',(30.000000000577,-5.5,0.));
#4664 = CIRCLE('',#4665,1.5);
#4665 = AXIS2_PLACEMENT_3D('',#4666,#4667,#4668);
#4666 = CARTESIAN_POINT('',(30.000000000577,-4.,0.));
#4667 = DIRECTION('',(0.,0.,1.));
#4668 = DIRECTION('',(-1.,0.,0.));
#4669 = ORIENTED_EDGE('',*,*,#4647,.T.);
#4670 = ORIENTED_EDGE('',*,*,#1932,.F.);
#4671 = ORIENTED_EDGE('',*,*,#4672,.F.);
#4672 = EDGE_CURVE('',#4662,#1925,#4673,.T.);
#4673 = LINE('',#4674,#4675);
#4674 = CARTESIAN_POINT('',(30.000000000577,-5.5,0.));
#4675 = VECTOR('',#4676,1.);
#4676 = DIRECTION('',(0.,0.,1.));
#4677 = CYLINDRICAL_SURFACE('',#4678,1.5);
#4678 = AXIS2_PLACEMENT_3D('',#4679,#4680,#4681);
#4679 = CARTESIAN_POINT('',(30.000000000577,-4.,0.));
#4680 = DIRECTION('',(-0.,-0.,-1.));
#4681 = DIRECTION('',(-1.,-0.,-0.));
#4682 = ADVANCED_FACE('',(#4683),#4701,.T.);
#4683 = FACE_BOUND('',#4684,.F.);
#4684 = EDGE_LOOP('',(#4685,#4693,#4699,#4700));
#4685 = ORIENTED_EDGE('',*,*,#4686,.F.);
#4686 = EDGE_CURVE('',#4687,#4662,#4689,.T.);
#4687 = VERTEX_POINT('',#4688);
#4688 = CARTESIAN_POINT('',(33.000000000577,-5.5,0.));
#4689 = LINE('',#4690,#4691);
#4690 = CARTESIAN_POINT('',(33.000000000577,-5.5,0.));
#4691 = VECTOR('',#4692,1.);
#4692 = DIRECTION('',(-1.,0.,0.));
#4693 = ORIENTED_EDGE('',*,*,#4694,.T.);
#4694 = EDGE_CURVE('',#4687,#1916,#4695,.T.);
#4695 = LINE('',#4696,#4697);
#4696 = CARTESIAN_POINT('',(33.000000000577,-5.5,0.));
#4697 = VECTOR('',#4698,1.);
#4698 = DIRECTION('',(0.,0.,1.));
#4699 = ORIENTED_EDGE('',*,*,#1924,.F.);
#4700 = ORIENTED_EDGE('',*,*,#4672,.F.);
#4701 = PLANE('',#4702);
#4702 = AXIS2_PLACEMENT_3D('',#4703,#4704,#4705);
#4703 = CARTESIAN_POINT('',(33.000000000577,-5.5,0.));
#4704 = DIRECTION('',(0.,1.,0.));
#4705 = DIRECTION('',(1.,0.,0.));
#4706 = ADVANCED_FACE('',(#4707),#4719,.F.);
#4707 = FACE_BOUND('',#4708,.T.);
#4708 = EDGE_LOOP('',(#4709,#4716,#4717,#4718));
#4709 = ORIENTED_EDGE('',*,*,#4710,.F.);
#4710 = EDGE_CURVE('',#4687,#4631,#4711,.T.);
#4711 = CIRCLE('',#4712,1.5);
#4712 = AXIS2_PLACEMENT_3D('',#4713,#4714,#4715);
#4713 = CARTESIAN_POINT('',(33.000000000577,-4.,0.));
#4714 = DIRECTION('',(0.,0.,1.));
#4715 = DIRECTION('',(-1.,0.,0.));
#4716 = ORIENTED_EDGE('',*,*,#4694,.T.);
#4717 = ORIENTED_EDGE('',*,*,#1915,.F.);
#4718 = ORIENTED_EDGE('',*,*,#4640,.F.);
#4719 = CYLINDRICAL_SURFACE('',#4720,1.5);
#4720 = AXIS2_PLACEMENT_3D('',#4721,#4722,#4723);
#4721 = CARTESIAN_POINT('',(33.000000000577,-4.,0.));
#4722 = DIRECTION('',(-0.,-0.,-1.));
#4723 = DIRECTION('',(-1.,-0.,-0.));
#4724 = ADVANCED_FACE('',(#4725),#4750,.T.);
#4725 = FACE_BOUND('',#4726,.T.);
#4726 = EDGE_LOOP('',(#4727,#4737,#4743,#4744));
#4727 = ORIENTED_EDGE('',*,*,#4728,.F.);
#4728 = EDGE_CURVE('',#4729,#4731,#4733,.T.);
#4729 = VERTEX_POINT('',#4730);
#4730 = CARTESIAN_POINT('',(-33.,2.5,0.));
#4731 = VERTEX_POINT('',#4732);
#4732 = CARTESIAN_POINT('',(-30.,2.5,0.));
#4733 = LINE('',#4734,#4735);
#4734 = CARTESIAN_POINT('',(-33.,2.5,0.));
#4735 = VECTOR('',#4736,1.);
#4736 = DIRECTION('',(1.,0.,0.));
#4737 = ORIENTED_EDGE('',*,*,#4738,.T.);
#4738 = EDGE_CURVE('',#4729,#1944,#4739,.T.);
#4739 = LINE('',#4740,#4741);
#4740 = CARTESIAN_POINT('',(-33.,2.5,0.));
#4741 = VECTOR('',#4742,1.);
#4742 = DIRECTION('',(0.,0.,1.));
#4743 = ORIENTED_EDGE('',*,*,#1941,.F.);
#4744 = ORIENTED_EDGE('',*,*,#4745,.F.);
#4745 = EDGE_CURVE('',#4731,#1942,#4746,.T.);
#4746 = LINE('',#4747,#4748);
#4747 = CARTESIAN_POINT('',(-30.,2.5,0.));
#4748 = VECTOR('',#4749,1.);
#4749 = DIRECTION('',(0.,0.,1.));
#4750 = PLANE('',#4751);
#4751 = AXIS2_PLACEMENT_3D('',#4752,#4753,#4754);
#4752 = CARTESIAN_POINT('',(-33.,2.5,0.));
#4753 = DIRECTION('',(0.,1.,0.));
#4754 = DIRECTION('',(1.,0.,0.));
#4755 = ADVANCED_FACE('',(#4756),#4775,.F.);
#4756 = FACE_BOUND('',#4757,.F.);
#4757 = EDGE_LOOP('',(#4758,#4767,#4773,#4774));
#4758 = ORIENTED_EDGE('',*,*,#4759,.F.);
#4759 = EDGE_CURVE('',#4760,#4731,#4762,.T.);
#4760 = VERTEX_POINT('',#4761);
#4761 = CARTESIAN_POINT('',(-30.,5.5,0.));
#4762 = CIRCLE('',#4763,1.5);
#4763 = AXIS2_PLACEMENT_3D('',#4764,#4765,#4766);
#4764 = CARTESIAN_POINT('',(-30.,4.,0.));
#4765 = DIRECTION('',(0.,0.,-1.));
#4766 = DIRECTION('',(1.,0.,0.));
#4767 = ORIENTED_EDGE('',*,*,#4768,.T.);
#4768 = EDGE_CURVE('',#4760,#1961,#4769,.T.);
#4769 = LINE('',#4770,#4771);
#4770 = CARTESIAN_POINT('',(-30.,5.5,0.));
#4771 = VECTOR('',#4772,1.);
#4772 = DIRECTION('',(0.,0.,1.));
#4773 = ORIENTED_EDGE('',*,*,#1968,.T.);
#4774 = ORIENTED_EDGE('',*,*,#4745,.F.);
#4775 = CYLINDRICAL_SURFACE('',#4776,1.5);
#4776 = AXIS2_PLACEMENT_3D('',#4777,#4778,#4779);
#4777 = CARTESIAN_POINT('',(-30.,4.,0.));
#4778 = DIRECTION('',(0.,0.,-1.));
#4779 = DIRECTION('',(1.,0.,0.));
#4780 = ADVANCED_FACE('',(#4781),#4800,.F.);
#4781 = FACE_BOUND('',#4782,.F.);
#4782 = EDGE_LOOP('',(#4783,#4792,#4793,#4794));
#4783 = ORIENTED_EDGE('',*,*,#4784,.F.);
#4784 = EDGE_CURVE('',#4729,#4785,#4787,.T.);
#4785 = VERTEX_POINT('',#4786);
#4786 = CARTESIAN_POINT('',(-33.,5.5,0.));
#4787 = CIRCLE('',#4788,1.5);
#4788 = AXIS2_PLACEMENT_3D('',#4789,#4790,#4791);
#4789 = CARTESIAN_POINT('',(-33.,4.,0.));
#4790 = DIRECTION('',(0.,0.,-1.));
#4791 = DIRECTION('',(1.,0.,0.));
#4792 = ORIENTED_EDGE('',*,*,#4738,.T.);
#4793 = ORIENTED_EDGE('',*,*,#1951,.T.);
#4794 = ORIENTED_EDGE('',*,*,#4795,.F.);
#4795 = EDGE_CURVE('',#4785,#1952,#4796,.T.);
#4796 = LINE('',#4797,#4798);
#4797 = CARTESIAN_POINT('',(-33.,5.5,0.));
#4798 = VECTOR('',#4799,1.);
#4799 = DIRECTION('',(0.,0.,1.));
#4800 = CYLINDRICAL_SURFACE('',#4801,1.5);
#4801 = AXIS2_PLACEMENT_3D('',#4802,#4803,#4804);
#4802 = CARTESIAN_POINT('',(-33.,4.,0.));
#4803 = DIRECTION('',(0.,0.,-1.));
#4804 = DIRECTION('',(1.,0.,0.));
#4805 = ADVANCED_FACE('',(#4806),#4817,.F.);
#4806 = FACE_BOUND('',#4807,.F.);
#4807 = EDGE_LOOP('',(#4808,#4814,#4815,#4816));
#4808 = ORIENTED_EDGE('',*,*,#4809,.F.);
#4809 = EDGE_CURVE('',#4785,#4760,#4810,.T.);
#4810 = LINE('',#4811,#4812);
#4811 = CARTESIAN_POINT('',(-33.,5.5,0.));
#4812 = VECTOR('',#4813,1.);
#4813 = DIRECTION('',(1.,0.,0.));
#4814 = ORIENTED_EDGE('',*,*,#4795,.T.);
#4815 = ORIENTED_EDGE('',*,*,#1960,.F.);
#4816 = ORIENTED_EDGE('',*,*,#4768,.F.);
#4817 = PLANE('',#4818);
#4818 = AXIS2_PLACEMENT_3D('',#4819,#4820,#4821);
#4819 = CARTESIAN_POINT('',(-33.,5.5,0.));
#4820 = DIRECTION('',(0.,1.,0.));
#4821 = DIRECTION('',(1.,0.,0.));
#4822 = ADVANCED_FACE('',(#4823),#4848,.T.);
#4823 = FACE_BOUND('',#4824,.T.);
#4824 = EDGE_LOOP('',(#4825,#4835,#4841,#4842));
#4825 = ORIENTED_EDGE('',*,*,#4826,.F.);
#4826 = EDGE_CURVE('',#4827,#4829,#4831,.T.);
#4827 = VERTEX_POINT('',#4828);
#4828 = CARTESIAN_POINT('',(-23.0000000048,2.500000004231,0.));
#4829 = VERTEX_POINT('',#4830);
#4830 = CARTESIAN_POINT('',(-20.0000000048,2.5,0.));
#4831 = LINE('',#4832,#4833);
#4832 = CARTESIAN_POINT('',(-23.0000000048,2.500000004231,0.));
#4833 = VECTOR('',#4834,1.);
#4834 = DIRECTION('',(1.,-1.410207062236E-09,0.));
#4835 = ORIENTED_EDGE('',*,*,#4836,.T.);
#4836 = EDGE_CURVE('',#4827,#1980,#4837,.T.);
#4837 = LINE('',#4838,#4839);
#4838 = CARTESIAN_POINT('',(-23.0000000048,2.500000004231,0.));
#4839 = VECTOR('',#4840,1.);
#4840 = DIRECTION('',(0.,0.,1.));
#4841 = ORIENTED_EDGE('',*,*,#1977,.F.);
#4842 = ORIENTED_EDGE('',*,*,#4843,.F.);
#4843 = EDGE_CURVE('',#4829,#1978,#4844,.T.);
#4844 = LINE('',#4845,#4846);
#4845 = CARTESIAN_POINT('',(-20.0000000048,2.5,0.));
#4846 = VECTOR('',#4847,1.);
#4847 = DIRECTION('',(0.,0.,1.));
#4848 = PLANE('',#4849);
#4849 = AXIS2_PLACEMENT_3D('',#4850,#4851,#4852);
#4850 = CARTESIAN_POINT('',(-23.0000000048,2.500000004231,0.));
#4851 = DIRECTION('',(1.410207062236E-09,1.,0.));
#4852 = DIRECTION('',(1.,-1.410207062236E-09,0.));
#4853 = ADVANCED_FACE('',(#4854),#4873,.F.);
#4854 = FACE_BOUND('',#4855,.F.);
#4855 = EDGE_LOOP('',(#4856,#4865,#4871,#4872));
#4856 = ORIENTED_EDGE('',*,*,#4857,.F.);
#4857 = EDGE_CURVE('',#4858,#4829,#4860,.T.);
#4858 = VERTEX_POINT('',#4859);
#4859 = CARTESIAN_POINT('',(-20.00000000057,5.5,0.));
#4860 = CIRCLE('',#4861,1.5);
#4861 = AXIS2_PLACEMENT_3D('',#4862,#4863,#4864);
#4862 = CARTESIAN_POINT('',(-20.00000000269,4.,0.));
#4863 = DIRECTION('',(0.,0.,-1.));
#4864 = DIRECTION('',(1.,0.,0.));
#4865 = ORIENTED_EDGE('',*,*,#4866,.T.);
#4866 = EDGE_CURVE('',#4858,#1997,#4867,.T.);
#4867 = LINE('',#4868,#4869);
#4868 = CARTESIAN_POINT('',(-20.00000000057,5.5,0.));
#4869 = VECTOR('',#4870,1.);
#4870 = DIRECTION('',(0.,0.,1.));
#4871 = ORIENTED_EDGE('',*,*,#2004,.T.);
#4872 = ORIENTED_EDGE('',*,*,#4843,.F.);
#4873 = CYLINDRICAL_SURFACE('',#4874,1.5);
#4874 = AXIS2_PLACEMENT_3D('',#4875,#4876,#4877);
#4875 = CARTESIAN_POINT('',(-20.00000000269,4.,0.));
#4876 = DIRECTION('',(0.,0.,-1.));
#4877 = DIRECTION('',(1.,0.,0.));
#4878 = ADVANCED_FACE('',(#4879),#4898,.F.);
#4879 = FACE_BOUND('',#4880,.F.);
#4880 = EDGE_LOOP('',(#4881,#4890,#4891,#4892));
#4881 = ORIENTED_EDGE('',*,*,#4882,.F.);
#4882 = EDGE_CURVE('',#4827,#4883,#4885,.T.);
#4883 = VERTEX_POINT('',#4884);
#4884 = CARTESIAN_POINT('',(-23.00000000057,5.500000004231,0.));
#4885 = CIRCLE('',#4886,1.5);
#4886 = AXIS2_PLACEMENT_3D('',#4887,#4888,#4889);
#4887 = CARTESIAN_POINT('',(-23.00000000269,4.000000004231,0.));
#4888 = DIRECTION('',(0.,0.,-1.));
#4889 = DIRECTION('',(1.,0.,0.));
#4890 = ORIENTED_EDGE('',*,*,#4836,.T.);
#4891 = ORIENTED_EDGE('',*,*,#1987,.T.);
#4892 = ORIENTED_EDGE('',*,*,#4893,.F.);
#4893 = EDGE_CURVE('',#4883,#1988,#4894,.T.);
#4894 = LINE('',#4895,#4896);
#4895 = CARTESIAN_POINT('',(-23.00000000057,5.500000004231,0.));
#4896 = VECTOR('',#4897,1.);
#4897 = DIRECTION('',(0.,0.,1.));
#4898 = CYLINDRICAL_SURFACE('',#4899,1.5);
#4899 = AXIS2_PLACEMENT_3D('',#4900,#4901,#4902);
#4900 = CARTESIAN_POINT('',(-23.00000000269,4.000000004231,0.));
#4901 = DIRECTION('',(0.,0.,-1.));
#4902 = DIRECTION('',(1.,0.,0.));
#4903 = ADVANCED_FACE('',(#4904),#4915,.F.);
#4904 = FACE_BOUND('',#4905,.F.);
#4905 = EDGE_LOOP('',(#4906,#4912,#4913,#4914));
#4906 = ORIENTED_EDGE('',*,*,#4907,.F.);
#4907 = EDGE_CURVE('',#4883,#4858,#4908,.T.);
#4908 = LINE('',#4909,#4910);
#4909 = CARTESIAN_POINT('',(-23.00000000057,5.500000004231,0.));
#4910 = VECTOR('',#4911,1.);
#4911 = DIRECTION('',(1.,-1.410207062236E-09,0.));
#4912 = ORIENTED_EDGE('',*,*,#4893,.T.);
#4913 = ORIENTED_EDGE('',*,*,#1996,.F.);
#4914 = ORIENTED_EDGE('',*,*,#4866,.F.);
#4915 = PLANE('',#4916);
#4916 = AXIS2_PLACEMENT_3D('',#4917,#4918,#4919);
#4917 = CARTESIAN_POINT('',(-23.00000000057,5.500000004231,0.));
#4918 = DIRECTION('',(1.410207062236E-09,1.,0.));
#4919 = DIRECTION('',(1.,-1.410207062236E-09,0.));
#4920 = ADVANCED_FACE('',(#4921),#4946,.T.);
#4921 = FACE_BOUND('',#4922,.T.);
#4922 = EDGE_LOOP('',(#4923,#4933,#4939,#4940));
#4923 = ORIENTED_EDGE('',*,*,#4924,.F.);
#4924 = EDGE_CURVE('',#4925,#4927,#4929,.T.);
#4925 = VERTEX_POINT('',#4926);
#4926 = CARTESIAN_POINT('',(-12.99999999403,2.5,0.));
#4927 = VERTEX_POINT('',#4928);
#4928 = CARTESIAN_POINT('',(-9.999999994038,2.500000006539,0.));
#4929 = LINE('',#4930,#4931);
#4930 = CARTESIAN_POINT('',(-12.99999999403,2.5,0.));
#4931 = VECTOR('',#4932,1.);
#4932 = DIRECTION('',(1.,2.179586881349E-09,0.));
#4933 = ORIENTED_EDGE('',*,*,#4934,.T.);
#4934 = EDGE_CURVE('',#4925,#2016,#4935,.T.);
#4935 = LINE('',#4936,#4937);
#4936 = CARTESIAN_POINT('',(-12.99999999403,2.5,0.));
#4937 = VECTOR('',#4938,1.);
#4938 = DIRECTION('',(0.,0.,1.));
#4939 = ORIENTED_EDGE('',*,*,#2013,.F.);
#4940 = ORIENTED_EDGE('',*,*,#4941,.F.);
#4941 = EDGE_CURVE('',#4927,#2014,#4942,.T.);
#4942 = LINE('',#4943,#4944);
#4943 = CARTESIAN_POINT('',(-9.999999994038,2.500000006539,0.));
#4944 = VECTOR('',#4945,1.);
#4945 = DIRECTION('',(0.,0.,1.));
#4946 = PLANE('',#4947);
#4947 = AXIS2_PLACEMENT_3D('',#4948,#4949,#4950);
#4948 = CARTESIAN_POINT('',(-12.99999999403,2.5,0.));
#4949 = DIRECTION('',(-2.179586881349E-09,1.,0.));
#4950 = DIRECTION('',(1.,2.179586881349E-09,0.));
#4951 = ADVANCED_FACE('',(#4952),#4971,.F.);
#4952 = FACE_BOUND('',#4953,.F.);
#4953 = EDGE_LOOP('',(#4954,#4963,#4969,#4970));
#4954 = ORIENTED_EDGE('',*,*,#4955,.F.);
#4955 = EDGE_CURVE('',#4956,#4927,#4958,.T.);
#4956 = VERTEX_POINT('',#4957);
#4957 = CARTESIAN_POINT('',(-10.00000000057,5.500000006539,0.));
#4958 = CIRCLE('',#4959,1.5);
#4959 = AXIS2_PLACEMENT_3D('',#4960,#4961,#4962);
#4960 = CARTESIAN_POINT('',(-9.999999997308,4.000000006539,0.));
#4961 = DIRECTION('',(0.,0.,-1.));
#4962 = DIRECTION('',(1.,0.,0.));
#4963 = ORIENTED_EDGE('',*,*,#4964,.T.);
#4964 = EDGE_CURVE('',#4956,#2033,#4965,.T.);
#4965 = LINE('',#4966,#4967);
#4966 = CARTESIAN_POINT('',(-10.00000000057,5.500000006539,0.));
#4967 = VECTOR('',#4968,1.);
#4968 = DIRECTION('',(0.,0.,1.));
#4969 = ORIENTED_EDGE('',*,*,#2040,.T.);
#4970 = ORIENTED_EDGE('',*,*,#4941,.F.);
#4971 = CYLINDRICAL_SURFACE('',#4972,1.5);
#4972 = AXIS2_PLACEMENT_3D('',#4973,#4974,#4975);
#4973 = CARTESIAN_POINT('',(-9.999999997308,4.000000006539,0.));
#4974 = DIRECTION('',(0.,0.,-1.));
#4975 = DIRECTION('',(1.,0.,0.));
#4976 = ADVANCED_FACE('',(#4977),#4996,.F.);
#4977 = FACE_BOUND('',#4978,.F.);
#4978 = EDGE_LOOP('',(#4979,#4988,#4989,#4990));
#4979 = ORIENTED_EDGE('',*,*,#4980,.F.);
#4980 = EDGE_CURVE('',#4925,#4981,#4983,.T.);
#4981 = VERTEX_POINT('',#4982);
#4982 = CARTESIAN_POINT('',(-13.00000000057,5.5,0.));
#4983 = CIRCLE('',#4984,1.5);
#4984 = AXIS2_PLACEMENT_3D('',#4985,#4986,#4987);
#4985 = CARTESIAN_POINT('',(-12.9999999973,4.,0.));
#4986 = DIRECTION('',(0.,0.,-1.));
#4987 = DIRECTION('',(1.,0.,0.));
#4988 = ORIENTED_EDGE('',*,*,#4934,.T.);
#4989 = ORIENTED_EDGE('',*,*,#2023,.T.);
#4990 = ORIENTED_EDGE('',*,*,#4991,.F.);
#4991 = EDGE_CURVE('',#4981,#2024,#4992,.T.);
#4992 = LINE('',#4993,#4994);
#4993 = CARTESIAN_POINT('',(-13.00000000057,5.5,0.));
#4994 = VECTOR('',#4995,1.);
#4995 = DIRECTION('',(0.,0.,1.));
#4996 = CYLINDRICAL_SURFACE('',#4997,1.5);
#4997 = AXIS2_PLACEMENT_3D('',#4998,#4999,#5000);
#4998 = CARTESIAN_POINT('',(-12.9999999973,4.,0.));
#4999 = DIRECTION('',(0.,0.,-1.));
#5000 = DIRECTION('',(1.,0.,0.));
#5001 = ADVANCED_FACE('',(#5002),#5013,.F.);
#5002 = FACE_BOUND('',#5003,.F.);
#5003 = EDGE_LOOP('',(#5004,#5010,#5011,#5012));
#5004 = ORIENTED_EDGE('',*,*,#5005,.F.);
#5005 = EDGE_CURVE('',#4981,#4956,#5006,.T.);
#5006 = LINE('',#5007,#5008);
#5007 = CARTESIAN_POINT('',(-13.00000000057,5.5,0.));
#5008 = VECTOR('',#5009,1.);
#5009 = DIRECTION('',(1.,2.179586881349E-09,0.));
#5010 = ORIENTED_EDGE('',*,*,#4991,.T.);
#5011 = ORIENTED_EDGE('',*,*,#2032,.F.);
#5012 = ORIENTED_EDGE('',*,*,#4964,.F.);
#5013 = PLANE('',#5014);
#5014 = AXIS2_PLACEMENT_3D('',#5015,#5016,#5017);
#5015 = CARTESIAN_POINT('',(-13.00000000057,5.5,0.));
#5016 = DIRECTION('',(-2.179586881349E-09,1.,0.));
#5017 = DIRECTION('',(1.,2.179586881349E-09,0.));
#5018 = ADVANCED_FACE('',(#5019),#5044,.T.);
#5019 = FACE_BOUND('',#5020,.T.);
#5020 = EDGE_LOOP('',(#5021,#5031,#5037,#5038));
#5021 = ORIENTED_EDGE('',*,*,#5022,.F.);
#5022 = EDGE_CURVE('',#5023,#5025,#5027,.T.);
#5023 = VERTEX_POINT('',#5024);
#5024 = CARTESIAN_POINT('',(-33.,10.499999999423,0.));
#5025 = VERTEX_POINT('',#5026);
#5026 = CARTESIAN_POINT('',(-30.,10.5,0.));
#5027 = LINE('',#5028,#5029);
#5028 = CARTESIAN_POINT('',(-33.,10.499999999423,0.));
#5029 = VECTOR('',#5030,1.);
#5030 = DIRECTION('',(1.,1.923439185703E-10,0.));
#5031 = ORIENTED_EDGE('',*,*,#5032,.T.);
#5032 = EDGE_CURVE('',#5023,#2052,#5033,.T.);
#5033 = LINE('',#5034,#5035);
#5034 = CARTESIAN_POINT('',(-33.,10.499999999423,0.));
#5035 = VECTOR('',#5036,1.);
#5036 = DIRECTION('',(0.,0.,1.));
#5037 = ORIENTED_EDGE('',*,*,#2049,.F.);
#5038 = ORIENTED_EDGE('',*,*,#5039,.F.);
#5039 = EDGE_CURVE('',#5025,#2050,#5040,.T.);
#5040 = LINE('',#5041,#5042);
#5041 = CARTESIAN_POINT('',(-30.,10.5,0.));
#5042 = VECTOR('',#5043,1.);
#5043 = DIRECTION('',(0.,0.,1.));
#5044 = PLANE('',#5045);
#5045 = AXIS2_PLACEMENT_3D('',#5046,#5047,#5048);
#5046 = CARTESIAN_POINT('',(-33.,10.499999999423,0.));
#5047 = DIRECTION('',(-1.923439185703E-10,1.,0.));
#5048 = DIRECTION('',(1.,1.923439185703E-10,0.));
#5049 = ADVANCED_FACE('',(#5050),#5069,.F.);
#5050 = FACE_BOUND('',#5051,.F.);
#5051 = EDGE_LOOP('',(#5052,#5061,#5067,#5068));
#5052 = ORIENTED_EDGE('',*,*,#5053,.F.);
#5053 = EDGE_CURVE('',#5054,#5025,#5056,.T.);
#5054 = VERTEX_POINT('',#5055);
#5055 = CARTESIAN_POINT('',(-30.00000000057,13.5,0.));
#5056 = CIRCLE('',#5057,1.5);
#5057 = AXIS2_PLACEMENT_3D('',#5058,#5059,#5060);
#5058 = CARTESIAN_POINT('',(-30.00000000028,12.,0.));
#5059 = DIRECTION('',(0.,0.,-1.));
#5060 = DIRECTION('',(1.,0.,0.));
#5061 = ORIENTED_EDGE('',*,*,#5062,.T.);
#5062 = EDGE_CURVE('',#5054,#2069,#5063,.T.);
#5063 = LINE('',#5064,#5065);
#5064 = CARTESIAN_POINT('',(-30.00000000057,13.5,0.));
#5065 = VECTOR('',#5066,1.);
#5066 = DIRECTION('',(0.,0.,1.));
#5067 = ORIENTED_EDGE('',*,*,#2076,.T.);
#5068 = ORIENTED_EDGE('',*,*,#5039,.F.);
#5069 = CYLINDRICAL_SURFACE('',#5070,1.5);
#5070 = AXIS2_PLACEMENT_3D('',#5071,#5072,#5073);
#5071 = CARTESIAN_POINT('',(-30.00000000028,12.,0.));
#5072 = DIRECTION('',(0.,0.,-1.));
#5073 = DIRECTION('',(1.,0.,0.));
#5074 = ADVANCED_FACE('',(#5075),#5094,.F.);
#5075 = FACE_BOUND('',#5076,.F.);
#5076 = EDGE_LOOP('',(#5077,#5086,#5087,#5088));
#5077 = ORIENTED_EDGE('',*,*,#5078,.F.);
#5078 = EDGE_CURVE('',#5023,#5079,#5081,.T.);
#5079 = VERTEX_POINT('',#5080);
#5080 = CARTESIAN_POINT('',(-33.00000000057,13.499999999423,0.));
#5081 = CIRCLE('',#5082,1.5);
#5082 = AXIS2_PLACEMENT_3D('',#5083,#5084,#5085);
#5083 = CARTESIAN_POINT('',(-33.00000000028,11.999999999423,0.));
#5084 = DIRECTION('',(0.,0.,-1.));
#5085 = DIRECTION('',(1.,0.,0.));
#5086 = ORIENTED_EDGE('',*,*,#5032,.T.);
#5087 = ORIENTED_EDGE('',*,*,#2059,.T.);
#5088 = ORIENTED_EDGE('',*,*,#5089,.F.);
#5089 = EDGE_CURVE('',#5079,#2060,#5090,.T.);
#5090 = LINE('',#5091,#5092);
#5091 = CARTESIAN_POINT('',(-33.00000000057,13.499999999423,0.));
#5092 = VECTOR('',#5093,1.);
#5093 = DIRECTION('',(0.,0.,1.));
#5094 = CYLINDRICAL_SURFACE('',#5095,1.5);
#5095 = AXIS2_PLACEMENT_3D('',#5096,#5097,#5098);
#5096 = CARTESIAN_POINT('',(-33.00000000028,11.999999999423,0.));
#5097 = DIRECTION('',(0.,0.,-1.));
#5098 = DIRECTION('',(1.,0.,0.));
#5099 = ADVANCED_FACE('',(#5100),#5111,.F.);
#5100 = FACE_BOUND('',#5101,.F.);
#5101 = EDGE_LOOP('',(#5102,#5108,#5109,#5110));
#5102 = ORIENTED_EDGE('',*,*,#5103,.F.);
#5103 = EDGE_CURVE('',#5079,#5054,#5104,.T.);
#5104 = LINE('',#5105,#5106);
#5105 = CARTESIAN_POINT('',(-33.00000000057,13.499999999423,0.));
#5106 = VECTOR('',#5107,1.);
#5107 = DIRECTION('',(1.,1.923439185703E-10,0.));
#5108 = ORIENTED_EDGE('',*,*,#5089,.T.);
#5109 = ORIENTED_EDGE('',*,*,#2068,.F.);
#5110 = ORIENTED_EDGE('',*,*,#5062,.F.);
#5111 = PLANE('',#5112);
#5112 = AXIS2_PLACEMENT_3D('',#5113,#5114,#5115);
#5113 = CARTESIAN_POINT('',(-33.00000000057,13.499999999423,0.));
#5114 = DIRECTION('',(-1.923439185703E-10,1.,0.));
#5115 = DIRECTION('',(1.,1.923439185703E-10,0.));
#5116 = ADVANCED_FACE('',(#5117),#5142,.T.);
#5117 = FACE_BOUND('',#5118,.T.);
#5118 = EDGE_LOOP('',(#5119,#5129,#5135,#5136));
#5119 = ORIENTED_EDGE('',*,*,#5120,.F.);
#5120 = EDGE_CURVE('',#5121,#5123,#5125,.T.);
#5121 = VERTEX_POINT('',#5122);
#5122 = CARTESIAN_POINT('',(-23.,10.5,0.));
#5123 = VERTEX_POINT('',#5124);
#5124 = CARTESIAN_POINT('',(-20.,10.5,0.));
#5125 = LINE('',#5126,#5127);
#5126 = CARTESIAN_POINT('',(-23.,10.5,0.));
#5127 = VECTOR('',#5128,1.);
#5128 = DIRECTION('',(1.,0.,0.));
#5129 = ORIENTED_EDGE('',*,*,#5130,.T.);
#5130 = EDGE_CURVE('',#5121,#2088,#5131,.T.);
#5131 = LINE('',#5132,#5133);
#5132 = CARTESIAN_POINT('',(-23.,10.5,0.));
#5133 = VECTOR('',#5134,1.);
#5134 = DIRECTION('',(0.,0.,1.));
#5135 = ORIENTED_EDGE('',*,*,#2085,.F.);
#5136 = ORIENTED_EDGE('',*,*,#5137,.F.);
#5137 = EDGE_CURVE('',#5123,#2086,#5138,.T.);
#5138 = LINE('',#5139,#5140);
#5139 = CARTESIAN_POINT('',(-20.,10.5,0.));
#5140 = VECTOR('',#5141,1.);
#5141 = DIRECTION('',(0.,0.,1.));
#5142 = PLANE('',#5143);
#5143 = AXIS2_PLACEMENT_3D('',#5144,#5145,#5146);
#5144 = CARTESIAN_POINT('',(-23.,10.5,0.));
#5145 = DIRECTION('',(0.,1.,0.));
#5146 = DIRECTION('',(1.,0.,0.));
#5147 = ADVANCED_FACE('',(#5148),#5167,.F.);
#5148 = FACE_BOUND('',#5149,.F.);
#5149 = EDGE_LOOP('',(#5150,#5159,#5165,#5166));
#5150 = ORIENTED_EDGE('',*,*,#5151,.F.);
#5151 = EDGE_CURVE('',#5152,#5123,#5154,.T.);
#5152 = VERTEX_POINT('',#5153);
#5153 = CARTESIAN_POINT('',(-20.,13.5,0.));
#5154 = CIRCLE('',#5155,1.5);
#5155 = AXIS2_PLACEMENT_3D('',#5156,#5157,#5158);
#5156 = CARTESIAN_POINT('',(-20.,12.,0.));
#5157 = DIRECTION('',(0.,0.,-1.));
#5158 = DIRECTION('',(1.,0.,0.));
#5159 = ORIENTED_EDGE('',*,*,#5160,.T.);
#5160 = EDGE_CURVE('',#5152,#2105,#5161,.T.);
#5161 = LINE('',#5162,#5163);
#5162 = CARTESIAN_POINT('',(-20.,13.5,0.));
#5163 = VECTOR('',#5164,1.);
#5164 = DIRECTION('',(0.,0.,1.));
#5165 = ORIENTED_EDGE('',*,*,#2112,.T.);
#5166 = ORIENTED_EDGE('',*,*,#5137,.F.);
#5167 = CYLINDRICAL_SURFACE('',#5168,1.5);
#5168 = AXIS2_PLACEMENT_3D('',#5169,#5170,#5171);
#5169 = CARTESIAN_POINT('',(-20.,12.,0.));
#5170 = DIRECTION('',(0.,0.,-1.));
#5171 = DIRECTION('',(1.,0.,0.));
#5172 = ADVANCED_FACE('',(#5173),#5192,.F.);
#5173 = FACE_BOUND('',#5174,.F.);
#5174 = EDGE_LOOP('',(#5175,#5184,#5185,#5186));
#5175 = ORIENTED_EDGE('',*,*,#5176,.F.);
#5176 = EDGE_CURVE('',#5121,#5177,#5179,.T.);
#5177 = VERTEX_POINT('',#5178);
#5178 = CARTESIAN_POINT('',(-23.,13.5,0.));
#5179 = CIRCLE('',#5180,1.5);
#5180 = AXIS2_PLACEMENT_3D('',#5181,#5182,#5183);
#5181 = CARTESIAN_POINT('',(-23.,12.,0.));
#5182 = DIRECTION('',(0.,0.,-1.));
#5183 = DIRECTION('',(1.,0.,0.));
#5184 = ORIENTED_EDGE('',*,*,#5130,.T.);
#5185 = ORIENTED_EDGE('',*,*,#2095,.T.);
#5186 = ORIENTED_EDGE('',*,*,#5187,.F.);
#5187 = EDGE_CURVE('',#5177,#2096,#5188,.T.);
#5188 = LINE('',#5189,#5190);
#5189 = CARTESIAN_POINT('',(-23.,13.5,0.));
#5190 = VECTOR('',#5191,1.);
#5191 = DIRECTION('',(0.,0.,1.));
#5192 = CYLINDRICAL_SURFACE('',#5193,1.5);
#5193 = AXIS2_PLACEMENT_3D('',#5194,#5195,#5196);
#5194 = CARTESIAN_POINT('',(-23.,12.,0.));
#5195 = DIRECTION('',(0.,0.,-1.));
#5196 = DIRECTION('',(1.,0.,0.));
#5197 = ADVANCED_FACE('',(#5198),#5209,.F.);
#5198 = FACE_BOUND('',#5199,.F.);
#5199 = EDGE_LOOP('',(#5200,#5206,#5207,#5208));
#5200 = ORIENTED_EDGE('',*,*,#5201,.F.);
#5201 = EDGE_CURVE('',#5177,#5152,#5202,.T.);
#5202 = LINE('',#5203,#5204);
#5203 = CARTESIAN_POINT('',(-23.,13.5,0.));
#5204 = VECTOR('',#5205,1.);
#5205 = DIRECTION('',(1.,0.,0.));
#5206 = ORIENTED_EDGE('',*,*,#5187,.T.);
#5207 = ORIENTED_EDGE('',*,*,#2104,.F.);
#5208 = ORIENTED_EDGE('',*,*,#5160,.F.);
#5209 = PLANE('',#5210);
#5210 = AXIS2_PLACEMENT_3D('',#5211,#5212,#5213);
#5211 = CARTESIAN_POINT('',(-23.,13.5,0.));
#5212 = DIRECTION('',(0.,1.,0.));
#5213 = DIRECTION('',(1.,0.,0.));
#5214 = ADVANCED_FACE('',(#5215),#5240,.T.);
#5215 = FACE_BOUND('',#5216,.T.);
#5216 = EDGE_LOOP('',(#5217,#5227,#5233,#5234));
#5217 = ORIENTED_EDGE('',*,*,#5218,.F.);
#5218 = EDGE_CURVE('',#5219,#5221,#5223,.T.);
#5219 = VERTEX_POINT('',#5220);
#5220 = CARTESIAN_POINT('',(-13.,10.5,0.));
#5221 = VERTEX_POINT('',#5222);
#5222 = CARTESIAN_POINT('',(-10.,10.5,0.));
#5223 = LINE('',#5224,#5225);
#5224 = CARTESIAN_POINT('',(-13.,10.5,0.));
#5225 = VECTOR('',#5226,1.);
#5226 = DIRECTION('',(1.,0.,0.));
#5227 = ORIENTED_EDGE('',*,*,#5228,.T.);
#5228 = EDGE_CURVE('',#5219,#2124,#5229,.T.);
#5229 = LINE('',#5230,#5231);
#5230 = CARTESIAN_POINT('',(-13.,10.5,0.));
#5231 = VECTOR('',#5232,1.);
#5232 = DIRECTION('',(0.,0.,1.));
#5233 = ORIENTED_EDGE('',*,*,#2121,.F.);
#5234 = ORIENTED_EDGE('',*,*,#5235,.F.);
#5235 = EDGE_CURVE('',#5221,#2122,#5236,.T.);
#5236 = LINE('',#5237,#5238);
#5237 = CARTESIAN_POINT('',(-10.,10.5,0.));
#5238 = VECTOR('',#5239,1.);
#5239 = DIRECTION('',(0.,0.,1.));
#5240 = PLANE('',#5241);
#5241 = AXIS2_PLACEMENT_3D('',#5242,#5243,#5244);
#5242 = CARTESIAN_POINT('',(-13.,10.5,0.));
#5243 = DIRECTION('',(0.,1.,0.));
#5244 = DIRECTION('',(1.,0.,0.));
#5245 = ADVANCED_FACE('',(#5246),#5265,.F.);
#5246 = FACE_BOUND('',#5247,.F.);
#5247 = EDGE_LOOP('',(#5248,#5257,#5263,#5264));
#5248 = ORIENTED_EDGE('',*,*,#5249,.F.);
#5249 = EDGE_CURVE('',#5250,#5221,#5252,.T.);
#5250 = VERTEX_POINT('',#5251);
#5251 = CARTESIAN_POINT('',(-10.,13.5,0.));
#5252 = CIRCLE('',#5253,1.5);
#5253 = AXIS2_PLACEMENT_3D('',#5254,#5255,#5256);
#5254 = CARTESIAN_POINT('',(-10.,12.,0.));
#5255 = DIRECTION('',(0.,0.,-1.));
#5256 = DIRECTION('',(1.,0.,0.));
#5257 = ORIENTED_EDGE('',*,*,#5258,.T.);
#5258 = EDGE_CURVE('',#5250,#2141,#5259,.T.);
#5259 = LINE('',#5260,#5261);
#5260 = CARTESIAN_POINT('',(-10.,13.5,0.));
#5261 = VECTOR('',#5262,1.);
#5262 = DIRECTION('',(0.,0.,1.));
#5263 = ORIENTED_EDGE('',*,*,#2148,.T.);
#5264 = ORIENTED_EDGE('',*,*,#5235,.F.);
#5265 = CYLINDRICAL_SURFACE('',#5266,1.5);
#5266 = AXIS2_PLACEMENT_3D('',#5267,#5268,#5269);
#5267 = CARTESIAN_POINT('',(-10.,12.,0.));
#5268 = DIRECTION('',(0.,0.,-1.));
#5269 = DIRECTION('',(1.,0.,0.));
#5270 = ADVANCED_FACE('',(#5271),#5290,.F.);
#5271 = FACE_BOUND('',#5272,.F.);
#5272 = EDGE_LOOP('',(#5273,#5282,#5283,#5284));
#5273 = ORIENTED_EDGE('',*,*,#5274,.F.);
#5274 = EDGE_CURVE('',#5219,#5275,#5277,.T.);
#5275 = VERTEX_POINT('',#5276);
#5276 = CARTESIAN_POINT('',(-13.,13.5,0.));
#5277 = CIRCLE('',#5278,1.5);
#5278 = AXIS2_PLACEMENT_3D('',#5279,#5280,#5281);
#5279 = CARTESIAN_POINT('',(-13.,12.,0.));
#5280 = DIRECTION('',(0.,0.,-1.));
#5281 = DIRECTION('',(1.,0.,0.));
#5282 = ORIENTED_EDGE('',*,*,#5228,.T.);
#5283 = ORIENTED_EDGE('',*,*,#2131,.T.);
#5284 = ORIENTED_EDGE('',*,*,#5285,.F.);
#5285 = EDGE_CURVE('',#5275,#2132,#5286,.T.);
#5286 = LINE('',#5287,#5288);
#5287 = CARTESIAN_POINT('',(-13.,13.5,0.));
#5288 = VECTOR('',#5289,1.);
#5289 = DIRECTION('',(0.,0.,1.));
#5290 = CYLINDRICAL_SURFACE('',#5291,1.5);
#5291 = AXIS2_PLACEMENT_3D('',#5292,#5293,#5294);
#5292 = CARTESIAN_POINT('',(-13.,12.,0.));
#5293 = DIRECTION('',(0.,0.,-1.));
#5294 = DIRECTION('',(1.,0.,0.));
#5295 = ADVANCED_FACE('',(#5296),#5307,.F.);
#5296 = FACE_BOUND('',#5297,.F.);
#5297 = EDGE_LOOP('',(#5298,#5304,#5305,#5306));
#5298 = ORIENTED_EDGE('',*,*,#5299,.F.);
#5299 = EDGE_CURVE('',#5275,#5250,#5300,.T.);
#5300 = LINE('',#5301,#5302);
#5301 = CARTESIAN_POINT('',(-13.,13.5,0.));
#5302 = VECTOR('',#5303,1.);
#5303 = DIRECTION('',(1.,0.,0.));
#5304 = ORIENTED_EDGE('',*,*,#5285,.T.);
#5305 = ORIENTED_EDGE('',*,*,#2140,.F.);
#5306 = ORIENTED_EDGE('',*,*,#5258,.F.);
#5307 = PLANE('',#5308);
#5308 = AXIS2_PLACEMENT_3D('',#5309,#5310,#5311);
#5309 = CARTESIAN_POINT('',(-13.,13.5,0.));
#5310 = DIRECTION('',(0.,1.,0.));
#5311 = DIRECTION('',(1.,0.,0.));
#5312 = ADVANCED_FACE('',(#5313),#5338,.F.);
#5313 = FACE_BOUND('',#5314,.T.);
#5314 = EDGE_LOOP('',(#5315,#5325,#5331,#5332));
#5315 = ORIENTED_EDGE('',*,*,#5316,.F.);
#5316 = EDGE_CURVE('',#5317,#5319,#5321,.T.);
#5317 = VERTEX_POINT('',#5318);
#5318 = CARTESIAN_POINT('',(13.000000000577,5.5,0.));
#5319 = VERTEX_POINT('',#5320);
#5320 = CARTESIAN_POINT('',(10.000000000577,5.500000006539,0.));
#5321 = LINE('',#5322,#5323);
#5322 = CARTESIAN_POINT('',(13.000000000577,5.5,0.));
#5323 = VECTOR('',#5324,1.);
#5324 = DIRECTION('',(-1.,2.179586881349E-09,0.));
#5325 = ORIENTED_EDGE('',*,*,#5326,.T.);
#5326 = EDGE_CURVE('',#5317,#2160,#5327,.T.);
#5327 = LINE('',#5328,#5329);
#5328 = CARTESIAN_POINT('',(13.000000000577,5.5,0.));
#5329 = VECTOR('',#5330,1.);
#5330 = DIRECTION('',(0.,0.,1.));
#5331 = ORIENTED_EDGE('',*,*,#2157,.F.);
#5332 = ORIENTED_EDGE('',*,*,#5333,.F.);
#5333 = EDGE_CURVE('',#5319,#2158,#5334,.T.);
#5334 = LINE('',#5335,#5336);
#5335 = CARTESIAN_POINT('',(10.000000000577,5.500000006539,0.));
#5336 = VECTOR('',#5337,1.);
#5337 = DIRECTION('',(0.,0.,1.));
#5338 = PLANE('',#5339);
#5339 = AXIS2_PLACEMENT_3D('',#5340,#5341,#5342);
#5340 = CARTESIAN_POINT('',(13.000000000577,5.5,0.));
#5341 = DIRECTION('',(2.179586881349E-09,1.,0.));
#5342 = DIRECTION('',(1.,-2.179586881349E-09,0.));
#5343 = ADVANCED_FACE('',(#5344),#5363,.F.);
#5344 = FACE_BOUND('',#5345,.T.);
#5345 = EDGE_LOOP('',(#5346,#5355,#5356,#5357));
#5346 = ORIENTED_EDGE('',*,*,#5347,.F.);
#5347 = EDGE_CURVE('',#5319,#5348,#5350,.T.);
#5348 = VERTEX_POINT('',#5349);
#5349 = CARTESIAN_POINT('',(9.999999994038,2.500000006539,0.));
#5350 = CIRCLE('',#5351,1.5);
#5351 = AXIS2_PLACEMENT_3D('',#5352,#5353,#5354);
#5352 = CARTESIAN_POINT('',(9.999999997308,4.000000006539,0.));
#5353 = DIRECTION('',(0.,0.,1.));
#5354 = DIRECTION('',(-1.,0.,0.));
#5355 = ORIENTED_EDGE('',*,*,#5333,.T.);
#5356 = ORIENTED_EDGE('',*,*,#2184,.F.);
#5357 = ORIENTED_EDGE('',*,*,#5358,.F.);
#5358 = EDGE_CURVE('',#5348,#2177,#5359,.T.);
#5359 = LINE('',#5360,#5361);
#5360 = CARTESIAN_POINT('',(9.999999994038,2.500000006539,0.));
#5361 = VECTOR('',#5362,1.);
#5362 = DIRECTION('',(0.,0.,1.));
#5363 = CYLINDRICAL_SURFACE('',#5364,1.5);
#5364 = AXIS2_PLACEMENT_3D('',#5365,#5366,#5367);
#5365 = CARTESIAN_POINT('',(9.999999997308,4.000000006539,0.));
#5366 = DIRECTION('',(-0.,-0.,-1.));
#5367 = DIRECTION('',(-1.,-0.,-0.));
#5368 = ADVANCED_FACE('',(#5369),#5387,.T.);
#5369 = FACE_BOUND('',#5370,.F.);
#5370 = EDGE_LOOP('',(#5371,#5379,#5385,#5386));
#5371 = ORIENTED_EDGE('',*,*,#5372,.F.);
#5372 = EDGE_CURVE('',#5373,#5348,#5375,.T.);
#5373 = VERTEX_POINT('',#5374);
#5374 = CARTESIAN_POINT('',(12.999999994038,2.5,0.));
#5375 = LINE('',#5376,#5377);
#5376 = CARTESIAN_POINT('',(12.999999994038,2.5,0.));
#5377 = VECTOR('',#5378,1.);
#5378 = DIRECTION('',(-1.,2.179586881349E-09,0.));
#5379 = ORIENTED_EDGE('',*,*,#5380,.T.);
#5380 = EDGE_CURVE('',#5373,#2168,#5381,.T.);
#5381 = LINE('',#5382,#5383);
#5382 = CARTESIAN_POINT('',(12.999999994038,2.5,0.));
#5383 = VECTOR('',#5384,1.);
#5384 = DIRECTION('',(0.,0.,1.));
#5385 = ORIENTED_EDGE('',*,*,#2176,.F.);
#5386 = ORIENTED_EDGE('',*,*,#5358,.F.);
#5387 = PLANE('',#5388);
#5388 = AXIS2_PLACEMENT_3D('',#5389,#5390,#5391);
#5389 = CARTESIAN_POINT('',(12.999999994038,2.5,0.));
#5390 = DIRECTION('',(2.179586881349E-09,1.,0.));
#5391 = DIRECTION('',(1.,-2.179586881349E-09,0.));
#5392 = ADVANCED_FACE('',(#5393),#5405,.F.);
#5393 = FACE_BOUND('',#5394,.T.);
#5394 = EDGE_LOOP('',(#5395,#5402,#5403,#5404));
#5395 = ORIENTED_EDGE('',*,*,#5396,.F.);
#5396 = EDGE_CURVE('',#5373,#5317,#5397,.T.);
#5397 = CIRCLE('',#5398,1.5);
#5398 = AXIS2_PLACEMENT_3D('',#5399,#5400,#5401);
#5399 = CARTESIAN_POINT('',(12.999999997308,4.,0.));
#5400 = DIRECTION('',(0.,0.,1.));
#5401 = DIRECTION('',(-1.,0.,0.));
#5402 = ORIENTED_EDGE('',*,*,#5380,.T.);
#5403 = ORIENTED_EDGE('',*,*,#2167,.F.);
#5404 = ORIENTED_EDGE('',*,*,#5326,.F.);
#5405 = CYLINDRICAL_SURFACE('',#5406,1.5);
#5406 = AXIS2_PLACEMENT_3D('',#5407,#5408,#5409);
#5407 = CARTESIAN_POINT('',(12.999999997308,4.,0.));
#5408 = DIRECTION('',(-0.,-0.,-1.));
#5409 = DIRECTION('',(-1.,-0.,-0.));
#5410 = ADVANCED_FACE('',(#5411),#5436,.F.);
#5411 = FACE_BOUND('',#5412,.T.);
#5412 = EDGE_LOOP('',(#5413,#5423,#5429,#5430));
#5413 = ORIENTED_EDGE('',*,*,#5414,.F.);
#5414 = EDGE_CURVE('',#5415,#5417,#5419,.T.);
#5415 = VERTEX_POINT('',#5416);
#5416 = CARTESIAN_POINT('',(23.000000000577,5.500000004231,0.));
#5417 = VERTEX_POINT('',#5418);
#5418 = CARTESIAN_POINT('',(20.000000000577,5.5,0.));
#5419 = LINE('',#5420,#5421);
#5420 = CARTESIAN_POINT('',(23.000000000577,5.500000004231,0.));
#5421 = VECTOR('',#5422,1.);
#5422 = DIRECTION('',(-1.,-1.410207062236E-09,0.));
#5423 = ORIENTED_EDGE('',*,*,#5424,.T.);
#5424 = EDGE_CURVE('',#5415,#2196,#5425,.T.);
#5425 = LINE('',#5426,#5427);
#5426 = CARTESIAN_POINT('',(23.000000000577,5.500000004231,0.));
#5427 = VECTOR('',#5428,1.);
#5428 = DIRECTION('',(0.,0.,1.));
#5429 = ORIENTED_EDGE('',*,*,#2193,.F.);
#5430 = ORIENTED_EDGE('',*,*,#5431,.F.);
#5431 = EDGE_CURVE('',#5417,#2194,#5432,.T.);
#5432 = LINE('',#5433,#5434);
#5433 = CARTESIAN_POINT('',(20.000000000577,5.5,0.));
#5434 = VECTOR('',#5435,1.);
#5435 = DIRECTION('',(0.,0.,1.));
#5436 = PLANE('',#5437);
#5437 = AXIS2_PLACEMENT_3D('',#5438,#5439,#5440);
#5438 = CARTESIAN_POINT('',(23.000000000577,5.500000004231,0.));
#5439 = DIRECTION('',(-1.410207062236E-09,1.,0.));
#5440 = DIRECTION('',(1.,1.410207062236E-09,0.));
#5441 = ADVANCED_FACE('',(#5442),#5461,.F.);
#5442 = FACE_BOUND('',#5443,.T.);
#5443 = EDGE_LOOP('',(#5444,#5453,#5454,#5455));
#5444 = ORIENTED_EDGE('',*,*,#5445,.F.);
#5445 = EDGE_CURVE('',#5417,#5446,#5448,.T.);
#5446 = VERTEX_POINT('',#5447);
#5447 = CARTESIAN_POINT('',(20.000000004808,2.5,0.));
#5448 = CIRCLE('',#5449,1.5);
#5449 = AXIS2_PLACEMENT_3D('',#5450,#5451,#5452);
#5450 = CARTESIAN_POINT('',(20.000000002692,4.,0.));
#5451 = DIRECTION('',(0.,0.,1.));
#5452 = DIRECTION('',(-1.,0.,0.));
#5453 = ORIENTED_EDGE('',*,*,#5431,.T.);
#5454 = ORIENTED_EDGE('',*,*,#2220,.F.);
#5455 = ORIENTED_EDGE('',*,*,#5456,.F.);
#5456 = EDGE_CURVE('',#5446,#2213,#5457,.T.);
#5457 = LINE('',#5458,#5459);
#5458 = CARTESIAN_POINT('',(20.000000004808,2.5,0.));
#5459 = VECTOR('',#5460,1.);
#5460 = DIRECTION('',(0.,0.,1.));
#5461 = CYLINDRICAL_SURFACE('',#5462,1.5);
#5462 = AXIS2_PLACEMENT_3D('',#5463,#5464,#5465);
#5463 = CARTESIAN_POINT('',(20.000000002692,4.,0.));
#5464 = DIRECTION('',(-0.,-0.,-1.));
#5465 = DIRECTION('',(-1.,-0.,-0.));
#5466 = ADVANCED_FACE('',(#5467),#5485,.T.);
#5467 = FACE_BOUND('',#5468,.F.);
#5468 = EDGE_LOOP('',(#5469,#5477,#5483,#5484));
#5469 = ORIENTED_EDGE('',*,*,#5470,.F.);
#5470 = EDGE_CURVE('',#5471,#5446,#5473,.T.);
#5471 = VERTEX_POINT('',#5472);
#5472 = CARTESIAN_POINT('',(23.000000004808,2.500000004231,0.));
#5473 = LINE('',#5474,#5475);
#5474 = CARTESIAN_POINT('',(23.000000004808,2.500000004231,0.));
#5475 = VECTOR('',#5476,1.);
#5476 = DIRECTION('',(-1.,-1.410207062236E-09,0.));
#5477 = ORIENTED_EDGE('',*,*,#5478,.T.);
#5478 = EDGE_CURVE('',#5471,#2204,#5479,.T.);
#5479 = LINE('',#5480,#5481);
#5480 = CARTESIAN_POINT('',(23.000000004808,2.500000004231,0.));
#5481 = VECTOR('',#5482,1.);
#5482 = DIRECTION('',(0.,0.,1.));
#5483 = ORIENTED_EDGE('',*,*,#2212,.F.);
#5484 = ORIENTED_EDGE('',*,*,#5456,.F.);
#5485 = PLANE('',#5486);
#5486 = AXIS2_PLACEMENT_3D('',#5487,#5488,#5489);
#5487 = CARTESIAN_POINT('',(23.000000004808,2.500000004231,0.));
#5488 = DIRECTION('',(-1.410207062236E-09,1.,0.));
#5489 = DIRECTION('',(1.,1.410207062236E-09,0.));
#5490 = ADVANCED_FACE('',(#5491),#5503,.F.);
#5491 = FACE_BOUND('',#5492,.T.);
#5492 = EDGE_LOOP('',(#5493,#5500,#5501,#5502));
#5493 = ORIENTED_EDGE('',*,*,#5494,.F.);
#5494 = EDGE_CURVE('',#5471,#5415,#5495,.T.);
#5495 = CIRCLE('',#5496,1.5);
#5496 = AXIS2_PLACEMENT_3D('',#5497,#5498,#5499);
#5497 = CARTESIAN_POINT('',(23.000000002692,4.000000004231,0.));
#5498 = DIRECTION('',(0.,0.,1.));
#5499 = DIRECTION('',(-1.,0.,0.));
#5500 = ORIENTED_EDGE('',*,*,#5478,.T.);
#5501 = ORIENTED_EDGE('',*,*,#2203,.F.);
#5502 = ORIENTED_EDGE('',*,*,#5424,.F.);
#5503 = CYLINDRICAL_SURFACE('',#5504,1.5);
#5504 = AXIS2_PLACEMENT_3D('',#5505,#5506,#5507);
#5505 = CARTESIAN_POINT('',(23.000000002692,4.000000004231,0.));
#5506 = DIRECTION('',(-0.,-0.,-1.));
#5507 = DIRECTION('',(-1.,-0.,-0.));
#5508 = ADVANCED_FACE('',(#5509),#5534,.F.);
#5509 = FACE_BOUND('',#5510,.T.);
#5510 = EDGE_LOOP('',(#5511,#5521,#5527,#5528));
#5511 = ORIENTED_EDGE('',*,*,#5512,.F.);
#5512 = EDGE_CURVE('',#5513,#5515,#5517,.T.);
#5513 = VERTEX_POINT('',#5514);
#5514 = CARTESIAN_POINT('',(33.,5.5,0.));
#5515 = VERTEX_POINT('',#5516);
#5516 = CARTESIAN_POINT('',(30.,5.5,0.));
#5517 = LINE('',#5518,#5519);
#5518 = CARTESIAN_POINT('',(33.,5.5,0.));
#5519 = VECTOR('',#5520,1.);
#5520 = DIRECTION('',(-1.,0.,0.));
#5521 = ORIENTED_EDGE('',*,*,#5522,.T.);
#5522 = EDGE_CURVE('',#5513,#2232,#5523,.T.);
#5523 = LINE('',#5524,#5525);
#5524 = CARTESIAN_POINT('',(33.,5.5,0.));
#5525 = VECTOR('',#5526,1.);
#5526 = DIRECTION('',(0.,0.,1.));
#5527 = ORIENTED_EDGE('',*,*,#2229,.F.);
#5528 = ORIENTED_EDGE('',*,*,#5529,.F.);
#5529 = EDGE_CURVE('',#5515,#2230,#5530,.T.);
#5530 = LINE('',#5531,#5532);
#5531 = CARTESIAN_POINT('',(30.,5.5,0.));
#5532 = VECTOR('',#5533,1.);
#5533 = DIRECTION('',(0.,0.,1.));
#5534 = PLANE('',#5535);
#5535 = AXIS2_PLACEMENT_3D('',#5536,#5537,#5538);
#5536 = CARTESIAN_POINT('',(33.,5.5,0.));
#5537 = DIRECTION('',(0.,1.,0.));
#5538 = DIRECTION('',(1.,0.,0.));
#5539 = ADVANCED_FACE('',(#5540),#5559,.F.);
#5540 = FACE_BOUND('',#5541,.T.);
#5541 = EDGE_LOOP('',(#5542,#5551,#5552,#5553));
#5542 = ORIENTED_EDGE('',*,*,#5543,.F.);
#5543 = EDGE_CURVE('',#5515,#5544,#5546,.T.);
#5544 = VERTEX_POINT('',#5545);
#5545 = CARTESIAN_POINT('',(30.,2.5,0.));
#5546 = CIRCLE('',#5547,1.5);
#5547 = AXIS2_PLACEMENT_3D('',#5548,#5549,#5550);
#5548 = CARTESIAN_POINT('',(30.,4.,0.));
#5549 = DIRECTION('',(0.,0.,1.));
#5550 = DIRECTION('',(-1.,0.,0.));
#5551 = ORIENTED_EDGE('',*,*,#5529,.T.);
#5552 = ORIENTED_EDGE('',*,*,#2256,.F.);
#5553 = ORIENTED_EDGE('',*,*,#5554,.F.);
#5554 = EDGE_CURVE('',#5544,#2249,#5555,.T.);
#5555 = LINE('',#5556,#5557);
#5556 = CARTESIAN_POINT('',(30.,2.5,0.));
#5557 = VECTOR('',#5558,1.);
#5558 = DIRECTION('',(0.,0.,1.));
#5559 = CYLINDRICAL_SURFACE('',#5560,1.5);
#5560 = AXIS2_PLACEMENT_3D('',#5561,#5562,#5563);
#5561 = CARTESIAN_POINT('',(30.,4.,0.));
#5562 = DIRECTION('',(-0.,-0.,-1.));
#5563 = DIRECTION('',(-1.,-0.,-0.));
#5564 = ADVANCED_FACE('',(#5565),#5583,.T.);
#5565 = FACE_BOUND('',#5566,.F.);
#5566 = EDGE_LOOP('',(#5567,#5575,#5581,#5582));
#5567 = ORIENTED_EDGE('',*,*,#5568,.F.);
#5568 = EDGE_CURVE('',#5569,#5544,#5571,.T.);
#5569 = VERTEX_POINT('',#5570);
#5570 = CARTESIAN_POINT('',(33.,2.5,0.));
#5571 = LINE('',#5572,#5573);
#5572 = CARTESIAN_POINT('',(33.,2.5,0.));
#5573 = VECTOR('',#5574,1.);
#5574 = DIRECTION('',(-1.,0.,0.));
#5575 = ORIENTED_EDGE('',*,*,#5576,.T.);
#5576 = EDGE_CURVE('',#5569,#2240,#5577,.T.);
#5577 = LINE('',#5578,#5579);
#5578 = CARTESIAN_POINT('',(33.,2.5,0.));
#5579 = VECTOR('',#5580,1.);
#5580 = DIRECTION('',(0.,0.,1.));
#5581 = ORIENTED_EDGE('',*,*,#2248,.F.);
#5582 = ORIENTED_EDGE('',*,*,#5554,.F.);
#5583 = PLANE('',#5584);
#5584 = AXIS2_PLACEMENT_3D('',#5585,#5586,#5587);
#5585 = CARTESIAN_POINT('',(33.,2.5,0.));
#5586 = DIRECTION('',(0.,1.,0.));
#5587 = DIRECTION('',(1.,0.,0.));
#5588 = ADVANCED_FACE('',(#5589),#5601,.F.);
#5589 = FACE_BOUND('',#5590,.T.);
#5590 = EDGE_LOOP('',(#5591,#5598,#5599,#5600));
#5591 = ORIENTED_EDGE('',*,*,#5592,.F.);
#5592 = EDGE_CURVE('',#5569,#5513,#5593,.T.);
#5593 = CIRCLE('',#5594,1.5);
#5594 = AXIS2_PLACEMENT_3D('',#5595,#5596,#5597);
#5595 = CARTESIAN_POINT('',(33.,4.,0.));
#5596 = DIRECTION('',(0.,0.,1.));
#5597 = DIRECTION('',(-1.,0.,0.));
#5598 = ORIENTED_EDGE('',*,*,#5576,.T.);
#5599 = ORIENTED_EDGE('',*,*,#2239,.F.);
#5600 = ORIENTED_EDGE('',*,*,#5522,.F.);
#5601 = CYLINDRICAL_SURFACE('',#5602,1.5);
#5602 = AXIS2_PLACEMENT_3D('',#5603,#5604,#5605);
#5603 = CARTESIAN_POINT('',(33.,4.,0.));
#5604 = DIRECTION('',(-0.,-0.,-1.));
#5605 = DIRECTION('',(-1.,-0.,-0.));
#5606 = ADVANCED_FACE('',(#5607),#5632,.F.);
#5607 = FACE_BOUND('',#5608,.T.);
#5608 = EDGE_LOOP('',(#5609,#5619,#5625,#5626));
#5609 = ORIENTED_EDGE('',*,*,#5610,.F.);
#5610 = EDGE_CURVE('',#5611,#5613,#5615,.T.);
#5611 = VERTEX_POINT('',#5612);
#5612 = CARTESIAN_POINT('',(13.,13.5,0.));
#5613 = VERTEX_POINT('',#5614);
#5614 = CARTESIAN_POINT('',(10.,13.5,0.));
#5615 = LINE('',#5616,#5617);
#5616 = CARTESIAN_POINT('',(13.,13.5,0.));
#5617 = VECTOR('',#5618,1.);
#5618 = DIRECTION('',(-1.,0.,0.));
#5619 = ORIENTED_EDGE('',*,*,#5620,.T.);
#5620 = EDGE_CURVE('',#5611,#2268,#5621,.T.);
#5621 = LINE('',#5622,#5623);
#5622 = CARTESIAN_POINT('',(13.,13.5,0.));
#5623 = VECTOR('',#5624,1.);
#5624 = DIRECTION('',(0.,0.,1.));
#5625 = ORIENTED_EDGE('',*,*,#2265,.F.);
#5626 = ORIENTED_EDGE('',*,*,#5627,.F.);
#5627 = EDGE_CURVE('',#5613,#2266,#5628,.T.);
#5628 = LINE('',#5629,#5630);
#5629 = CARTESIAN_POINT('',(10.,13.5,0.));
#5630 = VECTOR('',#5631,1.);
#5631 = DIRECTION('',(0.,0.,1.));
#5632 = PLANE('',#5633);
#5633 = AXIS2_PLACEMENT_3D('',#5634,#5635,#5636);
#5634 = CARTESIAN_POINT('',(13.,13.5,0.));
#5635 = DIRECTION('',(0.,1.,0.));
#5636 = DIRECTION('',(1.,0.,0.));
#5637 = ADVANCED_FACE('',(#5638),#5657,.F.);
#5638 = FACE_BOUND('',#5639,.T.);
#5639 = EDGE_LOOP('',(#5640,#5649,#5650,#5651));
#5640 = ORIENTED_EDGE('',*,*,#5641,.F.);
#5641 = EDGE_CURVE('',#5613,#5642,#5644,.T.);
#5642 = VERTEX_POINT('',#5643);
#5643 = CARTESIAN_POINT('',(10.,10.5,0.));
#5644 = CIRCLE('',#5645,1.5);
#5645 = AXIS2_PLACEMENT_3D('',#5646,#5647,#5648);
#5646 = CARTESIAN_POINT('',(10.,12.,0.));
#5647 = DIRECTION('',(0.,0.,1.));
#5648 = DIRECTION('',(-1.,0.,0.));
#5649 = ORIENTED_EDGE('',*,*,#5627,.T.);
#5650 = ORIENTED_EDGE('',*,*,#2292,.F.);
#5651 = ORIENTED_EDGE('',*,*,#5652,.F.);
#5652 = EDGE_CURVE('',#5642,#2285,#5653,.T.);
#5653 = LINE('',#5654,#5655);
#5654 = CARTESIAN_POINT('',(10.,10.5,0.));
#5655 = VECTOR('',#5656,1.);
#5656 = DIRECTION('',(0.,0.,1.));
#5657 = CYLINDRICAL_SURFACE('',#5658,1.5);
#5658 = AXIS2_PLACEMENT_3D('',#5659,#5660,#5661);
#5659 = CARTESIAN_POINT('',(10.,12.,0.));
#5660 = DIRECTION('',(-0.,-0.,-1.));
#5661 = DIRECTION('',(-1.,-0.,-0.));
#5662 = ADVANCED_FACE('',(#5663),#5681,.T.);
#5663 = FACE_BOUND('',#5664,.F.);
#5664 = EDGE_LOOP('',(#5665,#5673,#5679,#5680));
#5665 = ORIENTED_EDGE('',*,*,#5666,.F.);
#5666 = EDGE_CURVE('',#5667,#5642,#5669,.T.);
#5667 = VERTEX_POINT('',#5668);
#5668 = CARTESIAN_POINT('',(13.,10.5,0.));
#5669 = LINE('',#5670,#5671);
#5670 = CARTESIAN_POINT('',(13.,10.5,0.));
#5671 = VECTOR('',#5672,1.);
#5672 = DIRECTION('',(-1.,0.,0.));
#5673 = ORIENTED_EDGE('',*,*,#5674,.T.);
#5674 = EDGE_CURVE('',#5667,#2276,#5675,.T.);
#5675 = LINE('',#5676,#5677);
#5676 = CARTESIAN_POINT('',(13.,10.5,0.));
#5677 = VECTOR('',#5678,1.);
#5678 = DIRECTION('',(0.,0.,1.));
#5679 = ORIENTED_EDGE('',*,*,#2284,.F.);
#5680 = ORIENTED_EDGE('',*,*,#5652,.F.);
#5681 = PLANE('',#5682);
#5682 = AXIS2_PLACEMENT_3D('',#5683,#5684,#5685);
#5683 = CARTESIAN_POINT('',(13.,10.5,0.));
#5684 = DIRECTION('',(0.,1.,0.));
#5685 = DIRECTION('',(1.,0.,0.));
#5686 = ADVANCED_FACE('',(#5687),#5699,.F.);
#5687 = FACE_BOUND('',#5688,.T.);
#5688 = EDGE_LOOP('',(#5689,#5696,#5697,#5698));
#5689 = ORIENTED_EDGE('',*,*,#5690,.F.);
#5690 = EDGE_CURVE('',#5667,#5611,#5691,.T.);
#5691 = CIRCLE('',#5692,1.5);
#5692 = AXIS2_PLACEMENT_3D('',#5693,#5694,#5695);
#5693 = CARTESIAN_POINT('',(13.,12.,0.));
#5694 = DIRECTION('',(0.,0.,1.));
#5695 = DIRECTION('',(-1.,0.,0.));
#5696 = ORIENTED_EDGE('',*,*,#5674,.T.);
#5697 = ORIENTED_EDGE('',*,*,#2275,.F.);
#5698 = ORIENTED_EDGE('',*,*,#5620,.F.);
#5699 = CYLINDRICAL_SURFACE('',#5700,1.5);
#5700 = AXIS2_PLACEMENT_3D('',#5701,#5702,#5703);
#5701 = CARTESIAN_POINT('',(13.,12.,0.));
#5702 = DIRECTION('',(-0.,-0.,-1.));
#5703 = DIRECTION('',(-1.,-0.,-0.));
#5704 = ADVANCED_FACE('',(#5705),#5730,.F.);
#5705 = FACE_BOUND('',#5706,.T.);
#5706 = EDGE_LOOP('',(#5707,#5717,#5723,#5724));
#5707 = ORIENTED_EDGE('',*,*,#5708,.F.);
#5708 = EDGE_CURVE('',#5709,#5711,#5713,.T.);
#5709 = VERTEX_POINT('',#5710);
#5710 = CARTESIAN_POINT('',(23.,13.5,0.));
#5711 = VERTEX_POINT('',#5712);
#5712 = CARTESIAN_POINT('',(20.,13.5,0.));
#5713 = LINE('',#5714,#5715);
#5714 = CARTESIAN_POINT('',(23.,13.5,0.));
#5715 = VECTOR('',#5716,1.);
#5716 = DIRECTION('',(-1.,0.,0.));
#5717 = ORIENTED_EDGE('',*,*,#5718,.T.);
#5718 = EDGE_CURVE('',#5709,#2304,#5719,.T.);
#5719 = LINE('',#5720,#5721);
#5720 = CARTESIAN_POINT('',(23.,13.5,0.));
#5721 = VECTOR('',#5722,1.);
#5722 = DIRECTION('',(0.,0.,1.));
#5723 = ORIENTED_EDGE('',*,*,#2301,.F.);
#5724 = ORIENTED_EDGE('',*,*,#5725,.F.);
#5725 = EDGE_CURVE('',#5711,#2302,#5726,.T.);
#5726 = LINE('',#5727,#5728);
#5727 = CARTESIAN_POINT('',(20.,13.5,0.));
#5728 = VECTOR('',#5729,1.);
#5729 = DIRECTION('',(0.,0.,1.));
#5730 = PLANE('',#5731);
#5731 = AXIS2_PLACEMENT_3D('',#5732,#5733,#5734);
#5732 = CARTESIAN_POINT('',(23.,13.5,0.));
#5733 = DIRECTION('',(0.,1.,0.));
#5734 = DIRECTION('',(1.,0.,0.));
#5735 = ADVANCED_FACE('',(#5736),#5755,.F.);
#5736 = FACE_BOUND('',#5737,.T.);
#5737 = EDGE_LOOP('',(#5738,#5747,#5748,#5749));
#5738 = ORIENTED_EDGE('',*,*,#5739,.F.);
#5739 = EDGE_CURVE('',#5711,#5740,#5742,.T.);
#5740 = VERTEX_POINT('',#5741);
#5741 = CARTESIAN_POINT('',(20.,10.5,0.));
#5742 = CIRCLE('',#5743,1.5);
#5743 = AXIS2_PLACEMENT_3D('',#5744,#5745,#5746);
#5744 = CARTESIAN_POINT('',(20.,12.,0.));
#5745 = DIRECTION('',(0.,0.,1.));
#5746 = DIRECTION('',(-1.,0.,0.));
#5747 = ORIENTED_EDGE('',*,*,#5725,.T.);
#5748 = ORIENTED_EDGE('',*,*,#2328,.F.);
#5749 = ORIENTED_EDGE('',*,*,#5750,.F.);
#5750 = EDGE_CURVE('',#5740,#2321,#5751,.T.);
#5751 = LINE('',#5752,#5753);
#5752 = CARTESIAN_POINT('',(20.,10.5,0.));
#5753 = VECTOR('',#5754,1.);
#5754 = DIRECTION('',(0.,0.,1.));
#5755 = CYLINDRICAL_SURFACE('',#5756,1.5);
#5756 = AXIS2_PLACEMENT_3D('',#5757,#5758,#5759);
#5757 = CARTESIAN_POINT('',(20.,12.,0.));
#5758 = DIRECTION('',(-0.,-0.,-1.));
#5759 = DIRECTION('',(-1.,-0.,-0.));
#5760 = ADVANCED_FACE('',(#5761),#5779,.T.);
#5761 = FACE_BOUND('',#5762,.F.);
#5762 = EDGE_LOOP('',(#5763,#5771,#5777,#5778));
#5763 = ORIENTED_EDGE('',*,*,#5764,.F.);
#5764 = EDGE_CURVE('',#5765,#5740,#5767,.T.);
#5765 = VERTEX_POINT('',#5766);
#5766 = CARTESIAN_POINT('',(23.,10.5,0.));
#5767 = LINE('',#5768,#5769);
#5768 = CARTESIAN_POINT('',(23.,10.5,0.));
#5769 = VECTOR('',#5770,1.);
#5770 = DIRECTION('',(-1.,0.,0.));
#5771 = ORIENTED_EDGE('',*,*,#5772,.T.);
#5772 = EDGE_CURVE('',#5765,#2312,#5773,.T.);
#5773 = LINE('',#5774,#5775);
#5774 = CARTESIAN_POINT('',(23.,10.5,0.));
#5775 = VECTOR('',#5776,1.);
#5776 = DIRECTION('',(0.,0.,1.));
#5777 = ORIENTED_EDGE('',*,*,#2320,.F.);
#5778 = ORIENTED_EDGE('',*,*,#5750,.F.);
#5779 = PLANE('',#5780);
#5780 = AXIS2_PLACEMENT_3D('',#5781,#5782,#5783);
#5781 = CARTESIAN_POINT('',(23.,10.5,0.));
#5782 = DIRECTION('',(0.,1.,0.));
#5783 = DIRECTION('',(1.,0.,0.));
#5784 = ADVANCED_FACE('',(#5785),#5797,.F.);
#5785 = FACE_BOUND('',#5786,.T.);
#5786 = EDGE_LOOP('',(#5787,#5794,#5795,#5796));
#5787 = ORIENTED_EDGE('',*,*,#5788,.F.);
#5788 = EDGE_CURVE('',#5765,#5709,#5789,.T.);
#5789 = CIRCLE('',#5790,1.5);
#5790 = AXIS2_PLACEMENT_3D('',#5791,#5792,#5793);
#5791 = CARTESIAN_POINT('',(23.,12.,0.));
#5792 = DIRECTION('',(0.,0.,1.));
#5793 = DIRECTION('',(-1.,0.,0.));
#5794 = ORIENTED_EDGE('',*,*,#5772,.T.);
#5795 = ORIENTED_EDGE('',*,*,#2311,.F.);
#5796 = ORIENTED_EDGE('',*,*,#5718,.F.);
#5797 = CYLINDRICAL_SURFACE('',#5798,1.5);
#5798 = AXIS2_PLACEMENT_3D('',#5799,#5800,#5801);
#5799 = CARTESIAN_POINT('',(23.,12.,0.));
#5800 = DIRECTION('',(-0.,-0.,-1.));
#5801 = DIRECTION('',(-1.,-0.,-0.));
#5802 = ADVANCED_FACE('',(#5803),#5828,.F.);
#5803 = FACE_BOUND('',#5804,.T.);
#5804 = EDGE_LOOP('',(#5805,#5815,#5821,#5822));
#5805 = ORIENTED_EDGE('',*,*,#5806,.F.);
#5806 = EDGE_CURVE('',#5807,#5809,#5811,.T.);
#5807 = VERTEX_POINT('',#5808);
#5808 = CARTESIAN_POINT('',(33.000000000577,13.499999999423,0.));
#5809 = VERTEX_POINT('',#5810);
#5810 = CARTESIAN_POINT('',(30.000000000577,13.5,0.));
#5811 = LINE('',#5812,#5813);
#5812 = CARTESIAN_POINT('',(33.000000000577,13.499999999423,0.));
#5813 = VECTOR('',#5814,1.);
#5814 = DIRECTION('',(-1.,1.923439185703E-10,0.));
#5815 = ORIENTED_EDGE('',*,*,#5816,.T.);
#5816 = EDGE_CURVE('',#5807,#2340,#5817,.T.);
#5817 = LINE('',#5818,#5819);
#5818 = CARTESIAN_POINT('',(33.000000000577,13.499999999423,0.));
#5819 = VECTOR('',#5820,1.);
#5820 = DIRECTION('',(0.,0.,1.));
#5821 = ORIENTED_EDGE('',*,*,#2337,.F.);
#5822 = ORIENTED_EDGE('',*,*,#5823,.F.);
#5823 = EDGE_CURVE('',#5809,#2338,#5824,.T.);
#5824 = LINE('',#5825,#5826);
#5825 = CARTESIAN_POINT('',(30.000000000577,13.5,0.));
#5826 = VECTOR('',#5827,1.);
#5827 = DIRECTION('',(0.,0.,1.));
#5828 = PLANE('',#5829);
#5829 = AXIS2_PLACEMENT_3D('',#5830,#5831,#5832);
#5830 = CARTESIAN_POINT('',(33.000000000577,13.499999999423,0.));
#5831 = DIRECTION('',(1.923439185703E-10,1.,0.));
#5832 = DIRECTION('',(1.,-1.923439185703E-10,0.));
#5833 = ADVANCED_FACE('',(#5834),#5853,.F.);
#5834 = FACE_BOUND('',#5835,.T.);
#5835 = EDGE_LOOP('',(#5836,#5845,#5846,#5847));
#5836 = ORIENTED_EDGE('',*,*,#5837,.F.);
#5837 = EDGE_CURVE('',#5809,#5838,#5840,.T.);
#5838 = VERTEX_POINT('',#5839);
#5839 = CARTESIAN_POINT('',(30.,10.5,0.));
#5840 = CIRCLE('',#5841,1.5);
#5841 = AXIS2_PLACEMENT_3D('',#5842,#5843,#5844);
#5842 = CARTESIAN_POINT('',(30.000000000289,12.,0.));
#5843 = DIRECTION('',(0.,0.,1.));
#5844 = DIRECTION('',(-1.,0.,0.));
#5845 = ORIENTED_EDGE('',*,*,#5823,.T.);
#5846 = ORIENTED_EDGE('',*,*,#2364,.F.);
#5847 = ORIENTED_EDGE('',*,*,#5848,.F.);
#5848 = EDGE_CURVE('',#5838,#2357,#5849,.T.);
#5849 = LINE('',#5850,#5851);
#5850 = CARTESIAN_POINT('',(30.,10.5,0.));
#5851 = VECTOR('',#5852,1.);
#5852 = DIRECTION('',(0.,0.,1.));
#5853 = CYLINDRICAL_SURFACE('',#5854,1.5);
#5854 = AXIS2_PLACEMENT_3D('',#5855,#5856,#5857);
#5855 = CARTESIAN_POINT('',(30.000000000289,12.,0.));
#5856 = DIRECTION('',(-0.,-0.,-1.));
#5857 = DIRECTION('',(-1.,-0.,-0.));
#5858 = ADVANCED_FACE('',(#5859),#5877,.T.);
#5859 = FACE_BOUND('',#5860,.F.);
#5860 = EDGE_LOOP('',(#5861,#5869,#5875,#5876));
#5861 = ORIENTED_EDGE('',*,*,#5862,.F.);
#5862 = EDGE_CURVE('',#5863,#5838,#5865,.T.);
#5863 = VERTEX_POINT('',#5864);
#5864 = CARTESIAN_POINT('',(33.,10.499999999423,0.));
#5865 = LINE('',#5866,#5867);
#5866 = CARTESIAN_POINT('',(33.,10.499999999423,0.));
#5867 = VECTOR('',#5868,1.);
#5868 = DIRECTION('',(-1.,1.923439185703E-10,0.));
#5869 = ORIENTED_EDGE('',*,*,#5870,.T.);
#5870 = EDGE_CURVE('',#5863,#2348,#5871,.T.);
#5871 = LINE('',#5872,#5873);
#5872 = CARTESIAN_POINT('',(33.,10.499999999423,0.));
#5873 = VECTOR('',#5874,1.);
#5874 = DIRECTION('',(0.,0.,1.));
#5875 = ORIENTED_EDGE('',*,*,#2356,.F.);
#5876 = ORIENTED_EDGE('',*,*,#5848,.F.);
#5877 = PLANE('',#5878);
#5878 = AXIS2_PLACEMENT_3D('',#5879,#5880,#5881);
#5879 = CARTESIAN_POINT('',(33.,10.499999999423,0.));
#5880 = DIRECTION('',(1.923439185703E-10,1.,0.));
#5881 = DIRECTION('',(1.,-1.923439185703E-10,0.));
#5882 = ADVANCED_FACE('',(#5883),#5895,.F.);
#5883 = FACE_BOUND('',#5884,.T.);
#5884 = EDGE_LOOP('',(#5885,#5892,#5893,#5894));
#5885 = ORIENTED_EDGE('',*,*,#5886,.F.);
#5886 = EDGE_CURVE('',#5863,#5807,#5887,.T.);
#5887 = CIRCLE('',#5888,1.5);
#5888 = AXIS2_PLACEMENT_3D('',#5889,#5890,#5891);
#5889 = CARTESIAN_POINT('',(33.000000000289,11.999999999423,0.));
#5890 = DIRECTION('',(0.,0.,1.));
#5891 = DIRECTION('',(-1.,0.,0.));
#5892 = ORIENTED_EDGE('',*,*,#5870,.T.);
#5893 = ORIENTED_EDGE('',*,*,#2347,.F.);
#5894 = ORIENTED_EDGE('',*,*,#5816,.F.);
#5895 = CYLINDRICAL_SURFACE('',#5896,1.5);
#5896 = AXIS2_PLACEMENT_3D('',#5897,#5898,#5899);
#5897 = CARTESIAN_POINT('',(33.000000000289,11.999999999423,0.));
#5898 = DIRECTION('',(-0.,-0.,-1.));
#5899 = DIRECTION('',(-1.,-0.,-0.));
#5900 = ADVANCED_FACE('',(#5901),#5908,.F.);
#5901 = FACE_BOUND('',#5902,.F.);
#5902 = EDGE_LOOP('',(#5903,#5904,#5905,#5906,#5907));
#5903 = ORIENTED_EDGE('',*,*,#2429,.F.);
#5904 = ORIENTED_EDGE('',*,*,#2412,.T.);
#5905 = ORIENTED_EDGE('',*,*,#3308,.T.);
#5906 = ORIENTED_EDGE('',*,*,#3265,.T.);
#5907 = ORIENTED_EDGE('',*,*,#3287,.F.);
#5908 = PLANE('',#5909);
#5909 = AXIS2_PLACEMENT_3D('',#5910,#5911,#5912);
#5910 = CARTESIAN_POINT('',(-40.,-18.,41.));
#5911 = DIRECTION('',(1.,0.,0.));
#5912 = DIRECTION('',(0.,2.2E-16,1.));
#5913 = ADVANCED_FACE('',(#5914),#5930,.F.);
#5914 = FACE_BOUND('',#5915,.F.);
#5915 = EDGE_LOOP('',(#5916,#5917,#5923,#5924));
#5916 = ORIENTED_EDGE('',*,*,#2451,.T.);
#5917 = ORIENTED_EDGE('',*,*,#5918,.T.);
#5918 = EDGE_CURVE('',#2454,#3382,#5919,.T.);
#5919 = LINE('',#5920,#5921);
#5920 = CARTESIAN_POINT('',(-28.,-10.,65.));
#5921 = VECTOR('',#5922,1.);
#5922 = DIRECTION('',(-0.,-0.,-1.));
#5923 = ORIENTED_EDGE('',*,*,#3381,.T.);
#5924 = ORIENTED_EDGE('',*,*,#5925,.F.);
#5925 = EDGE_CURVE('',#2452,#3384,#5926,.T.);
#5926 = LINE('',#5927,#5928);
#5927 = CARTESIAN_POINT('',(-28.,-12.,65.));
#5928 = VECTOR('',#5929,1.);
#5929 = DIRECTION('',(-0.,-0.,-1.));
#5930 = PLANE('',#5931);
#5931 = AXIS2_PLACEMENT_3D('',#5932,#5933,#5934);
#5932 = CARTESIAN_POINT('',(-28.,-10.,65.));
#5933 = DIRECTION('',(-1.,0.,0.));
#5934 = DIRECTION('',(0.,-1.,0.));
#5935 = ADVANCED_FACE('',(#5936),#5947,.F.);
#5936 = FACE_BOUND('',#5937,.F.);
#5937 = EDGE_LOOP('',(#5938,#5939,#5940,#5941));
#5938 = ORIENTED_EDGE('',*,*,#2461,.T.);
#5939 = ORIENTED_EDGE('',*,*,#5925,.T.);
#5940 = ORIENTED_EDGE('',*,*,#3407,.T.);
#5941 = ORIENTED_EDGE('',*,*,#5942,.F.);
#5942 = EDGE_CURVE('',#2462,#3400,#5943,.T.);
#5943 = LINE('',#5944,#5945);
#5944 = CARTESIAN_POINT('',(-25.,-12.,65.));
#5945 = VECTOR('',#5946,1.);
#5946 = DIRECTION('',(-0.,-0.,-1.));
#5947 = PLANE('',#5948);
#5948 = AXIS2_PLACEMENT_3D('',#5949,#5950,#5951);
#5949 = CARTESIAN_POINT('',(-28.,-12.,65.));
#5950 = DIRECTION('',(0.,-1.,0.));
#5951 = DIRECTION('',(1.,0.,0.));
#5952 = ADVANCED_FACE('',(#5953),#5964,.F.);
#5953 = FACE_BOUND('',#5954,.F.);
#5954 = EDGE_LOOP('',(#5955,#5956,#5962,#5963));
#5955 = ORIENTED_EDGE('',*,*,#2477,.T.);
#5956 = ORIENTED_EDGE('',*,*,#5957,.T.);
#5957 = EDGE_CURVE('',#2470,#3392,#5958,.T.);
#5958 = LINE('',#5959,#5960);
#5959 = CARTESIAN_POINT('',(-25.,-10.,65.));
#5960 = VECTOR('',#5961,1.);
#5961 = DIRECTION('',(-0.,-0.,-1.));
#5962 = ORIENTED_EDGE('',*,*,#3391,.T.);
#5963 = ORIENTED_EDGE('',*,*,#5918,.F.);
#5964 = PLANE('',#5965);
#5965 = AXIS2_PLACEMENT_3D('',#5966,#5967,#5968);
#5966 = CARTESIAN_POINT('',(-25.,-10.,65.));
#5967 = DIRECTION('',(0.,1.,0.));
#5968 = DIRECTION('',(-1.,0.,0.));
#5969 = ADVANCED_FACE('',(#5970),#5976,.F.);
#5970 = FACE_BOUND('',#5971,.F.);
#5971 = EDGE_LOOP('',(#5972,#5973,#5974,#5975));
#5972 = ORIENTED_EDGE('',*,*,#2469,.T.);
#5973 = ORIENTED_EDGE('',*,*,#5942,.T.);
#5974 = ORIENTED_EDGE('',*,*,#3399,.T.);
#5975 = ORIENTED_EDGE('',*,*,#5957,.F.);
#5976 = PLANE('',#5977);
#5977 = AXIS2_PLACEMENT_3D('',#5978,#5979,#5980);
#5978 = CARTESIAN_POINT('',(-25.,-12.,65.));
#5979 = DIRECTION('',(1.,0.,0.));
#5980 = DIRECTION('',(0.,1.,0.));
#5981 = ADVANCED_FACE('',(#5982),#5998,.F.);
#5982 = FACE_BOUND('',#5983,.T.);
#5983 = EDGE_LOOP('',(#5984,#5985,#5991,#5992));
#5984 = ORIENTED_EDGE('',*,*,#2485,.T.);
#5985 = ORIENTED_EDGE('',*,*,#5986,.T.);
#5986 = EDGE_CURVE('',#2488,#3358,#5987,.T.);
#5987 = LINE('',#5988,#5989);
#5988 = CARTESIAN_POINT('',(28.,-12.,65.));
#5989 = VECTOR('',#5990,1.);
#5990 = DIRECTION('',(0.,0.,-1.));
#5991 = ORIENTED_EDGE('',*,*,#3365,.T.);
#5992 = ORIENTED_EDGE('',*,*,#5993,.F.);
#5993 = EDGE_CURVE('',#2486,#3366,#5994,.T.);
#5994 = LINE('',#5995,#5996);
#5995 = CARTESIAN_POINT('',(25.,-12.,65.));
#5996 = VECTOR('',#5997,1.);
#5997 = DIRECTION('',(0.,0.,-1.));
#5998 = PLANE('',#5999);
#5999 = AXIS2_PLACEMENT_3D('',#6000,#6001,#6002);
#6000 = CARTESIAN_POINT('',(28.,-12.,65.));
#6001 = DIRECTION('',(-0.,-1.,-0.));
#6002 = DIRECTION('',(1.,0.,0.));
#6003 = ADVANCED_FACE('',(#6004),#6015,.F.);
#6004 = FACE_BOUND('',#6005,.T.);
#6005 = EDGE_LOOP('',(#6006,#6007,#6008,#6009));
#6006 = ORIENTED_EDGE('',*,*,#2511,.T.);
#6007 = ORIENTED_EDGE('',*,*,#5993,.T.);
#6008 = ORIENTED_EDGE('',*,*,#3373,.T.);
#6009 = ORIENTED_EDGE('',*,*,#6010,.F.);
#6010 = EDGE_CURVE('',#2504,#3348,#6011,.T.);
#6011 = LINE('',#6012,#6013);
#6012 = CARTESIAN_POINT('',(25.,-10.,65.));
#6013 = VECTOR('',#6014,1.);
#6014 = DIRECTION('',(0.,0.,-1.));
#6015 = PLANE('',#6016);
#6016 = AXIS2_PLACEMENT_3D('',#6017,#6018,#6019);
#6017 = CARTESIAN_POINT('',(25.,-12.,65.));
#6018 = DIRECTION('',(-1.,-0.,-0.));
#6019 = DIRECTION('',(-0.,-1.,-0.));
#6020 = ADVANCED_FACE('',(#6021),#6032,.F.);
#6021 = FACE_BOUND('',#6022,.T.);
#6022 = EDGE_LOOP('',(#6023,#6024,#6025,#6026));
#6023 = ORIENTED_EDGE('',*,*,#2503,.T.);
#6024 = ORIENTED_EDGE('',*,*,#6010,.T.);
#6025 = ORIENTED_EDGE('',*,*,#3347,.T.);
#6026 = ORIENTED_EDGE('',*,*,#6027,.F.);
#6027 = EDGE_CURVE('',#2496,#3350,#6028,.T.);
#6028 = LINE('',#6029,#6030);
#6029 = CARTESIAN_POINT('',(28.,-10.,65.));
#6030 = VECTOR('',#6031,1.);
#6031 = DIRECTION('',(0.,0.,-1.));
#6032 = PLANE('',#6033);
#6033 = AXIS2_PLACEMENT_3D('',#6034,#6035,#6036);
#6034 = CARTESIAN_POINT('',(25.,-10.,65.));
#6035 = DIRECTION('',(0.,1.,0.));
#6036 = DIRECTION('',(-1.,-0.,-0.));
#6037 = ADVANCED_FACE('',(#6038),#6044,.F.);
#6038 = FACE_BOUND('',#6039,.T.);
#6039 = EDGE_LOOP('',(#6040,#6041,#6042,#6043));
#6040 = ORIENTED_EDGE('',*,*,#2495,.T.);
#6041 = ORIENTED_EDGE('',*,*,#6027,.T.);
#6042 = ORIENTED_EDGE('',*,*,#3357,.T.);
#6043 = ORIENTED_EDGE('',*,*,#5986,.F.);
#6044 = PLANE('',#6045);
#6045 = AXIS2_PLACEMENT_3D('',#6046,#6047,#6048);
#6046 = CARTESIAN_POINT('',(28.,-10.,65.));
#6047 = DIRECTION('',(1.,0.,0.));
#6048 = DIRECTION('',(0.,1.,0.));
#6049 = ADVANCED_FACE('',(#6050),#6066,.F.);
#6050 = FACE_BOUND('',#6051,.F.);
#6051 = EDGE_LOOP('',(#6052,#6053,#6059,#6060));
#6052 = ORIENTED_EDGE('',*,*,#2519,.T.);
#6053 = ORIENTED_EDGE('',*,*,#6054,.T.);
#6054 = EDGE_CURVE('',#2522,#3450,#6055,.T.);
#6055 = LINE('',#6056,#6057);
#6056 = CARTESIAN_POINT('',(-28.,-15.5,65.));
#6057 = VECTOR('',#6058,1.);
#6058 = DIRECTION('',(-0.,-0.,-1.));
#6059 = ORIENTED_EDGE('',*,*,#3449,.T.);
#6060 = ORIENTED_EDGE('',*,*,#6061,.F.);
#6061 = EDGE_CURVE('',#2520,#3452,#6062,.T.);
#6062 = LINE('',#6063,#6064);
#6063 = CARTESIAN_POINT('',(-28.,-17.5,65.));
#6064 = VECTOR('',#6065,1.);
#6065 = DIRECTION('',(-0.,-0.,-1.));
#6066 = PLANE('',#6067);
#6067 = AXIS2_PLACEMENT_3D('',#6068,#6069,#6070);
#6068 = CARTESIAN_POINT('',(-28.,-15.5,65.));
#6069 = DIRECTION('',(-1.,0.,0.));
#6070 = DIRECTION('',(0.,-1.,0.));
#6071 = ADVANCED_FACE('',(#6072),#6083,.F.);
#6072 = FACE_BOUND('',#6073,.F.);
#6073 = EDGE_LOOP('',(#6074,#6075,#6076,#6077));
#6074 = ORIENTED_EDGE('',*,*,#2529,.T.);
#6075 = ORIENTED_EDGE('',*,*,#6061,.T.);
#6076 = ORIENTED_EDGE('',*,*,#3475,.T.);
#6077 = ORIENTED_EDGE('',*,*,#6078,.F.);
#6078 = EDGE_CURVE('',#2530,#3468,#6079,.T.);
#6079 = LINE('',#6080,#6081);
#6080 = CARTESIAN_POINT('',(-25.,-17.5,65.));
#6081 = VECTOR('',#6082,1.);
#6082 = DIRECTION('',(-0.,-0.,-1.));
#6083 = PLANE('',#6084);
#6084 = AXIS2_PLACEMENT_3D('',#6085,#6086,#6087);
#6085 = CARTESIAN_POINT('',(-28.,-17.5,65.));
#6086 = DIRECTION('',(0.,-1.,0.));
#6087 = DIRECTION('',(1.,0.,0.));
#6088 = ADVANCED_FACE('',(#6089),#6100,.F.);
#6089 = FACE_BOUND('',#6090,.F.);
#6090 = EDGE_LOOP('',(#6091,#6092,#6098,#6099));
#6091 = ORIENTED_EDGE('',*,*,#2545,.T.);
#6092 = ORIENTED_EDGE('',*,*,#6093,.T.);
#6093 = EDGE_CURVE('',#2538,#3460,#6094,.T.);
#6094 = LINE('',#6095,#6096);
#6095 = CARTESIAN_POINT('',(-25.,-15.5,65.));
#6096 = VECTOR('',#6097,1.);
#6097 = DIRECTION('',(-0.,-0.,-1.));
#6098 = ORIENTED_EDGE('',*,*,#3459,.T.);
#6099 = ORIENTED_EDGE('',*,*,#6054,.F.);
#6100 = PLANE('',#6101);
#6101 = AXIS2_PLACEMENT_3D('',#6102,#6103,#6104);
#6102 = CARTESIAN_POINT('',(-25.,-15.5,65.));
#6103 = DIRECTION('',(0.,1.,0.));
#6104 = DIRECTION('',(-1.,0.,0.));
#6105 = ADVANCED_FACE('',(#6106),#6112,.F.);
#6106 = FACE_BOUND('',#6107,.F.);
#6107 = EDGE_LOOP('',(#6108,#6109,#6110,#6111));
#6108 = ORIENTED_EDGE('',*,*,#2537,.T.);
#6109 = ORIENTED_EDGE('',*,*,#6078,.T.);
#6110 = ORIENTED_EDGE('',*,*,#3467,.T.);
#6111 = ORIENTED_EDGE('',*,*,#6093,.F.);
#6112 = PLANE('',#6113);
#6113 = AXIS2_PLACEMENT_3D('',#6114,#6115,#6116);
#6114 = CARTESIAN_POINT('',(-25.,-17.5,65.));
#6115 = DIRECTION('',(1.,0.,0.));
#6116 = DIRECTION('',(0.,1.,0.));
#6117 = ADVANCED_FACE('',(#6118),#6134,.F.);
#6118 = FACE_BOUND('',#6119,.T.);
#6119 = EDGE_LOOP('',(#6120,#6121,#6127,#6128));
#6120 = ORIENTED_EDGE('',*,*,#2553,.T.);
#6121 = ORIENTED_EDGE('',*,*,#6122,.T.);
#6122 = EDGE_CURVE('',#2556,#3426,#6123,.T.);
#6123 = LINE('',#6124,#6125);
#6124 = CARTESIAN_POINT('',(28.,-17.5,65.));
#6125 = VECTOR('',#6126,1.);
#6126 = DIRECTION('',(0.,0.,-1.));
#6127 = ORIENTED_EDGE('',*,*,#3433,.T.);
#6128 = ORIENTED_EDGE('',*,*,#6129,.F.);
#6129 = EDGE_CURVE('',#2554,#3434,#6130,.T.);
#6130 = LINE('',#6131,#6132);
#6131 = CARTESIAN_POINT('',(25.,-17.5,65.));
#6132 = VECTOR('',#6133,1.);
#6133 = DIRECTION('',(0.,0.,-1.));
#6134 = PLANE('',#6135);
#6135 = AXIS2_PLACEMENT_3D('',#6136,#6137,#6138);
#6136 = CARTESIAN_POINT('',(28.,-17.5,65.));
#6137 = DIRECTION('',(-0.,-1.,-0.));
#6138 = DIRECTION('',(1.,0.,0.));
#6139 = ADVANCED_FACE('',(#6140),#6151,.F.);
#6140 = FACE_BOUND('',#6141,.T.);
#6141 = EDGE_LOOP('',(#6142,#6143,#6144,#6145));
#6142 = ORIENTED_EDGE('',*,*,#2579,.T.);
#6143 = ORIENTED_EDGE('',*,*,#6129,.T.);
#6144 = ORIENTED_EDGE('',*,*,#3441,.T.);
#6145 = ORIENTED_EDGE('',*,*,#6146,.F.);
#6146 = EDGE_CURVE('',#2572,#3416,#6147,.T.);
#6147 = LINE('',#6148,#6149);
#6148 = CARTESIAN_POINT('',(25.,-15.5,65.));
#6149 = VECTOR('',#6150,1.);
#6150 = DIRECTION('',(0.,0.,-1.));
#6151 = PLANE('',#6152);
#6152 = AXIS2_PLACEMENT_3D('',#6153,#6154,#6155);
#6153 = CARTESIAN_POINT('',(25.,-17.5,65.));
#6154 = DIRECTION('',(-1.,-0.,-0.));
#6155 = DIRECTION('',(-0.,-1.,-0.));
#6156 = ADVANCED_FACE('',(#6157),#6168,.F.);
#6157 = FACE_BOUND('',#6158,.T.);
#6158 = EDGE_LOOP('',(#6159,#6160,#6161,#6162));
#6159 = ORIENTED_EDGE('',*,*,#2571,.T.);
#6160 = ORIENTED_EDGE('',*,*,#6146,.T.);
#6161 = ORIENTED_EDGE('',*,*,#3415,.T.);
#6162 = ORIENTED_EDGE('',*,*,#6163,.F.);
#6163 = EDGE_CURVE('',#2564,#3418,#6164,.T.);
#6164 = LINE('',#6165,#6166);
#6165 = CARTESIAN_POINT('',(28.,-15.5,65.));
#6166 = VECTOR('',#6167,1.);
#6167 = DIRECTION('',(0.,0.,-1.));
#6168 = PLANE('',#6169);
#6169 = AXIS2_PLACEMENT_3D('',#6170,#6171,#6172);
#6170 = CARTESIAN_POINT('',(25.,-15.5,65.));
#6171 = DIRECTION('',(0.,1.,0.));
#6172 = DIRECTION('',(-1.,-0.,-0.));
#6173 = ADVANCED_FACE('',(#6174),#6180,.F.);
#6174 = FACE_BOUND('',#6175,.T.);
#6175 = EDGE_LOOP('',(#6176,#6177,#6178,#6179));
#6176 = ORIENTED_EDGE('',*,*,#2563,.T.);
#6177 = ORIENTED_EDGE('',*,*,#6163,.T.);
#6178 = ORIENTED_EDGE('',*,*,#3425,.T.);
#6179 = ORIENTED_EDGE('',*,*,#6122,.F.);
#6180 = PLANE('',#6181);
#6181 = AXIS2_PLACEMENT_3D('',#6182,#6183,#6184);
#6182 = CARTESIAN_POINT('',(28.,-15.5,65.));
#6183 = DIRECTION('',(1.,0.,0.));
#6184 = DIRECTION('',(0.,1.,0.));
#6185 = ADVANCED_FACE('',(#6186,#6196,#6202,#6208,#6214,#6220,#6226,
    #6232,#6238,#6244,#6250,#6256,#6262,#6268,#6274,#6280,#6286,#6292,
    #6298,#6304,#6310,#6316,#6322,#6328,#6334),#6340,.F.);
#6186 = FACE_BOUND('',#6187,.F.);
#6187 = EDGE_LOOP('',(#6188,#6189,#6190,#6191,#6192,#6193,#6194,#6195));
#6188 = ORIENTED_EDGE('',*,*,#2708,.T.);
#6189 = ORIENTED_EDGE('',*,*,#2732,.T.);
#6190 = ORIENTED_EDGE('',*,*,#2757,.T.);
#6191 = ORIENTED_EDGE('',*,*,#2774,.T.);
#6192 = ORIENTED_EDGE('',*,*,#2610,.T.);
#6193 = ORIENTED_EDGE('',*,*,#2634,.T.);
#6194 = ORIENTED_EDGE('',*,*,#2659,.T.);
#6195 = ORIENTED_EDGE('',*,*,#2683,.T.);
#6196 = FACE_BOUND('',#6197,.F.);
#6197 = EDGE_LOOP('',(#6198,#6199,#6200,#6201));
#6198 = ORIENTED_EDGE('',*,*,#3552,.F.);
#6199 = ORIENTED_EDGE('',*,*,#3608,.T.);
#6200 = ORIENTED_EDGE('',*,*,#3633,.T.);
#6201 = ORIENTED_EDGE('',*,*,#3583,.T.);
#6202 = FACE_BOUND('',#6203,.F.);
#6203 = EDGE_LOOP('',(#6204,#6205,#6206,#6207));
#6204 = ORIENTED_EDGE('',*,*,#3650,.F.);
#6205 = ORIENTED_EDGE('',*,*,#3706,.T.);
#6206 = ORIENTED_EDGE('',*,*,#3731,.T.);
#6207 = ORIENTED_EDGE('',*,*,#3681,.T.);
#6208 = FACE_BOUND('',#6209,.F.);
#6209 = EDGE_LOOP('',(#6210,#6211,#6212,#6213));
#6210 = ORIENTED_EDGE('',*,*,#3748,.F.);
#6211 = ORIENTED_EDGE('',*,*,#3804,.T.);
#6212 = ORIENTED_EDGE('',*,*,#3829,.T.);
#6213 = ORIENTED_EDGE('',*,*,#3779,.T.);
#6214 = FACE_BOUND('',#6215,.F.);
#6215 = EDGE_LOOP('',(#6216,#6217,#6218,#6219));
#6216 = ORIENTED_EDGE('',*,*,#3846,.F.);
#6217 = ORIENTED_EDGE('',*,*,#3902,.T.);
#6218 = ORIENTED_EDGE('',*,*,#3927,.T.);
#6219 = ORIENTED_EDGE('',*,*,#3877,.T.);
#6220 = FACE_BOUND('',#6221,.F.);
#6221 = EDGE_LOOP('',(#6222,#6223,#6224,#6225));
#6222 = ORIENTED_EDGE('',*,*,#3944,.F.);
#6223 = ORIENTED_EDGE('',*,*,#4000,.T.);
#6224 = ORIENTED_EDGE('',*,*,#4025,.T.);
#6225 = ORIENTED_EDGE('',*,*,#3975,.T.);
#6226 = FACE_BOUND('',#6227,.F.);
#6227 = EDGE_LOOP('',(#6228,#6229,#6230,#6231));
#6228 = ORIENTED_EDGE('',*,*,#4042,.F.);
#6229 = ORIENTED_EDGE('',*,*,#4098,.T.);
#6230 = ORIENTED_EDGE('',*,*,#4123,.T.);
#6231 = ORIENTED_EDGE('',*,*,#4073,.T.);
#6232 = FACE_BOUND('',#6233,.F.);
#6233 = EDGE_LOOP('',(#6234,#6235,#6236,#6237));
#6234 = ORIENTED_EDGE('',*,*,#4220,.F.);
#6235 = ORIENTED_EDGE('',*,*,#4196,.T.);
#6236 = ORIENTED_EDGE('',*,*,#4171,.F.);
#6237 = ORIENTED_EDGE('',*,*,#4140,.F.);
#6238 = FACE_BOUND('',#6239,.F.);
#6239 = EDGE_LOOP('',(#6240,#6241,#6242,#6243));
#6240 = ORIENTED_EDGE('',*,*,#4318,.F.);
#6241 = ORIENTED_EDGE('',*,*,#4294,.T.);
#6242 = ORIENTED_EDGE('',*,*,#4269,.F.);
#6243 = ORIENTED_EDGE('',*,*,#4238,.F.);
#6244 = FACE_BOUND('',#6245,.F.);
#6245 = EDGE_LOOP('',(#6246,#6247,#6248,#6249));
#6246 = ORIENTED_EDGE('',*,*,#4416,.F.);
#6247 = ORIENTED_EDGE('',*,*,#4392,.T.);
#6248 = ORIENTED_EDGE('',*,*,#4367,.F.);
#6249 = ORIENTED_EDGE('',*,*,#4336,.F.);
#6250 = FACE_BOUND('',#6251,.F.);
#6251 = EDGE_LOOP('',(#6252,#6253,#6254,#6255));
#6252 = ORIENTED_EDGE('',*,*,#4514,.F.);
#6253 = ORIENTED_EDGE('',*,*,#4490,.T.);
#6254 = ORIENTED_EDGE('',*,*,#4465,.F.);
#6255 = ORIENTED_EDGE('',*,*,#4434,.F.);
#6256 = FACE_BOUND('',#6257,.F.);
#6257 = EDGE_LOOP('',(#6258,#6259,#6260,#6261));
#6258 = ORIENTED_EDGE('',*,*,#4612,.F.);
#6259 = ORIENTED_EDGE('',*,*,#4588,.T.);
#6260 = ORIENTED_EDGE('',*,*,#4563,.F.);
#6261 = ORIENTED_EDGE('',*,*,#4532,.F.);
#6262 = FACE_BOUND('',#6263,.F.);
#6263 = EDGE_LOOP('',(#6264,#6265,#6266,#6267));
#6264 = ORIENTED_EDGE('',*,*,#4710,.F.);
#6265 = ORIENTED_EDGE('',*,*,#4686,.T.);
#6266 = ORIENTED_EDGE('',*,*,#4661,.F.);
#6267 = ORIENTED_EDGE('',*,*,#4630,.F.);
#6268 = FACE_BOUND('',#6269,.F.);
#6269 = EDGE_LOOP('',(#6270,#6271,#6272,#6273));
#6270 = ORIENTED_EDGE('',*,*,#4728,.F.);
#6271 = ORIENTED_EDGE('',*,*,#4784,.T.);
#6272 = ORIENTED_EDGE('',*,*,#4809,.T.);
#6273 = ORIENTED_EDGE('',*,*,#4759,.T.);
#6274 = FACE_BOUND('',#6275,.F.);
#6275 = EDGE_LOOP('',(#6276,#6277,#6278,#6279));
#6276 = ORIENTED_EDGE('',*,*,#4826,.F.);
#6277 = ORIENTED_EDGE('',*,*,#4882,.T.);
#6278 = ORIENTED_EDGE('',*,*,#4907,.T.);
#6279 = ORIENTED_EDGE('',*,*,#4857,.T.);
#6280 = FACE_BOUND('',#6281,.F.);
#6281 = EDGE_LOOP('',(#6282,#6283,#6284,#6285));
#6282 = ORIENTED_EDGE('',*,*,#4924,.F.);
#6283 = ORIENTED_EDGE('',*,*,#4980,.T.);
#6284 = ORIENTED_EDGE('',*,*,#5005,.T.);
#6285 = ORIENTED_EDGE('',*,*,#4955,.T.);
#6286 = FACE_BOUND('',#6287,.F.);
#6287 = EDGE_LOOP('',(#6288,#6289,#6290,#6291));
#6288 = ORIENTED_EDGE('',*,*,#5022,.F.);
#6289 = ORIENTED_EDGE('',*,*,#5078,.T.);
#6290 = ORIENTED_EDGE('',*,*,#5103,.T.);
#6291 = ORIENTED_EDGE('',*,*,#5053,.T.);
#6292 = FACE_BOUND('',#6293,.F.);
#6293 = EDGE_LOOP('',(#6294,#6295,#6296,#6297));
#6294 = ORIENTED_EDGE('',*,*,#5120,.F.);
#6295 = ORIENTED_EDGE('',*,*,#5176,.T.);
#6296 = ORIENTED_EDGE('',*,*,#5201,.T.);
#6297 = ORIENTED_EDGE('',*,*,#5151,.T.);
#6298 = FACE_BOUND('',#6299,.F.);
#6299 = EDGE_LOOP('',(#6300,#6301,#6302,#6303));
#6300 = ORIENTED_EDGE('',*,*,#5218,.F.);
#6301 = ORIENTED_EDGE('',*,*,#5274,.T.);
#6302 = ORIENTED_EDGE('',*,*,#5299,.T.);
#6303 = ORIENTED_EDGE('',*,*,#5249,.T.);
#6304 = FACE_BOUND('',#6305,.F.);
#6305 = EDGE_LOOP('',(#6306,#6307,#6308,#6309));
#6306 = ORIENTED_EDGE('',*,*,#5396,.F.);
#6307 = ORIENTED_EDGE('',*,*,#5372,.T.);
#6308 = ORIENTED_EDGE('',*,*,#5347,.F.);
#6309 = ORIENTED_EDGE('',*,*,#5316,.F.);
#6310 = FACE_BOUND('',#6311,.F.);
#6311 = EDGE_LOOP('',(#6312,#6313,#6314,#6315));
#6312 = ORIENTED_EDGE('',*,*,#5494,.F.);
#6313 = ORIENTED_EDGE('',*,*,#5470,.T.);
#6314 = ORIENTED_EDGE('',*,*,#5445,.F.);
#6315 = ORIENTED_EDGE('',*,*,#5414,.F.);
#6316 = FACE_BOUND('',#6317,.F.);
#6317 = EDGE_LOOP('',(#6318,#6319,#6320,#6321));
#6318 = ORIENTED_EDGE('',*,*,#5592,.F.);
#6319 = ORIENTED_EDGE('',*,*,#5568,.T.);
#6320 = ORIENTED_EDGE('',*,*,#5543,.F.);
#6321 = ORIENTED_EDGE('',*,*,#5512,.F.);
#6322 = FACE_BOUND('',#6323,.F.);
#6323 = EDGE_LOOP('',(#6324,#6325,#6326,#6327));
#6324 = ORIENTED_EDGE('',*,*,#5690,.F.);
#6325 = ORIENTED_EDGE('',*,*,#5666,.T.);
#6326 = ORIENTED_EDGE('',*,*,#5641,.F.);
#6327 = ORIENTED_EDGE('',*,*,#5610,.F.);
#6328 = FACE_BOUND('',#6329,.F.);
#6329 = EDGE_LOOP('',(#6330,#6331,#6332,#6333));
#6330 = ORIENTED_EDGE('',*,*,#5788,.F.);
#6331 = ORIENTED_EDGE('',*,*,#5764,.T.);
#6332 = ORIENTED_EDGE('',*,*,#5739,.F.);
#6333 = ORIENTED_EDGE('',*,*,#5708,.F.);
#6334 = FACE_BOUND('',#6335,.F.);
#6335 = EDGE_LOOP('',(#6336,#6337,#6338,#6339));
#6336 = ORIENTED_EDGE('',*,*,#5886,.F.);
#6337 = ORIENTED_EDGE('',*,*,#5862,.T.);
#6338 = ORIENTED_EDGE('',*,*,#5837,.F.);
#6339 = ORIENTED_EDGE('',*,*,#5806,.F.);
#6340 = PLANE('',#6341);
#6341 = AXIS2_PLACEMENT_3D('',#6342,#6343,#6344);
#6342 = CARTESIAN_POINT('',(4.2E-16,2.01E-15,0.));
#6343 = DIRECTION('',(0.,0.,1.));
#6344 = DIRECTION('',(1.,0.,0.));
#6345 = ADVANCED_FACE('',(#6346),#6349,.T.);
#6346 = FACE_BOUND('',#6347,.T.);
#6347 = EDGE_LOOP('',(#6348));
#6348 = ORIENTED_EDGE('',*,*,#2930,.T.);
#6349 = PLANE('',#6350);
#6350 = AXIS2_PLACEMENT_3D('',#6351,#6352,#6353);
#6351 = CARTESIAN_POINT('',(4.2E-16,2.01E-15,2.));
#6352 = DIRECTION('',(0.,0.,1.));
#6353 = DIRECTION('',(1.,0.,0.));
#6354 = ADVANCED_FACE('',(#6355),#6365,.F.);
#6355 = FACE_BOUND('',#6356,.F.);
#6356 = EDGE_LOOP('',(#6357,#6358,#6364));
#6357 = ORIENTED_EDGE('',*,*,#3073,.F.);
#6358 = ORIENTED_EDGE('',*,*,#6359,.F.);
#6359 = EDGE_CURVE('',#2956,#3066,#6360,.T.);
#6360 = LINE('',#6361,#6362);
#6361 = CARTESIAN_POINT('',(40.,-18.,65.));
#6362 = VECTOR('',#6363,1.);
#6363 = DIRECTION('',(0.,1.,-2.2E-16));
#6364 = ORIENTED_EDGE('',*,*,#2955,.F.);
#6365 = PLANE('',#6366);
#6366 = AXIS2_PLACEMENT_3D('',#6367,#6368,#6369);
#6367 = CARTESIAN_POINT('',(-40.,-18.,65.));
#6368 = DIRECTION('',(0.,-2.2E-16,-1.));
#6369 = DIRECTION('',(1.,0.,0.));
#6370 = ADVANCED_FACE('',(#6371),#6382,.F.);
#6371 = FACE_BOUND('',#6372,.F.);
#6372 = EDGE_LOOP('',(#6373,#6374,#6375,#6381));
#6373 = ORIENTED_EDGE('',*,*,#6359,.T.);
#6374 = ORIENTED_EDGE('',*,*,#3065,.F.);
#6375 = ORIENTED_EDGE('',*,*,#6376,.F.);
#6376 = EDGE_CURVE('',#2965,#3057,#6377,.T.);
#6377 = LINE('',#6378,#6379);
#6378 = CARTESIAN_POINT('',(40.,-18.,63.));
#6379 = VECTOR('',#6380,1.);
#6380 = DIRECTION('',(0.,1.,-2.2E-16));
#6381 = ORIENTED_EDGE('',*,*,#2964,.T.);
#6382 = PLANE('',#6383);
#6383 = AXIS2_PLACEMENT_3D('',#6384,#6385,#6386);
#6384 = CARTESIAN_POINT('',(40.,-18.,65.));
#6385 = DIRECTION('',(-1.,0.,0.));
#6386 = DIRECTION('',(0.,-2.2E-16,-1.));
#6387 = ADVANCED_FACE('',(#6388),#6393,.F.);
#6388 = FACE_BOUND('',#6389,.F.);
#6389 = EDGE_LOOP('',(#6390,#6391,#6392));
#6390 = ORIENTED_EDGE('',*,*,#6376,.T.);
#6391 = ORIENTED_EDGE('',*,*,#3056,.T.);
#6392 = ORIENTED_EDGE('',*,*,#2972,.T.);
#6393 = PLANE('',#6394);
#6394 = AXIS2_PLACEMENT_3D('',#6395,#6396,#6397);
#6395 = CARTESIAN_POINT('',(40.,-18.,63.));
#6396 = DIRECTION('',(0.,2.2E-16,1.));
#6397 = DIRECTION('',(-1.,0.,0.));
#6398 = ADVANCED_FACE('',(#6399),#6409,.F.);
#6399 = FACE_BOUND('',#6400,.F.);
#6400 = EDGE_LOOP('',(#6401,#6402,#6408));
#6401 = ORIENTED_EDGE('',*,*,#3048,.F.);
#6402 = ORIENTED_EDGE('',*,*,#6403,.F.);
#6403 = EDGE_CURVE('',#2990,#3041,#6404,.T.);
#6404 = LINE('',#6405,#6406);
#6405 = CARTESIAN_POINT('',(40.,-18.,43.));
#6406 = VECTOR('',#6407,1.);
#6407 = DIRECTION('',(0.,1.,-2.2E-16));
#6408 = ORIENTED_EDGE('',*,*,#2989,.F.);
#6409 = PLANE('',#6410);
#6410 = AXIS2_PLACEMENT_3D('',#6411,#6412,#6413);
#6411 = CARTESIAN_POINT('',(-40.,-18.,43.));
#6412 = DIRECTION('',(0.,-2.2E-16,-1.));
#6413 = DIRECTION('',(1.,0.,0.));
#6414 = ADVANCED_FACE('',(#6415),#6426,.F.);
#6415 = FACE_BOUND('',#6416,.F.);
#6416 = EDGE_LOOP('',(#6417,#6418,#6419,#6425));
#6417 = ORIENTED_EDGE('',*,*,#6403,.T.);
#6418 = ORIENTED_EDGE('',*,*,#3040,.F.);
#6419 = ORIENTED_EDGE('',*,*,#6420,.F.);
#6420 = EDGE_CURVE('',#2999,#3032,#6421,.T.);
#6421 = LINE('',#6422,#6423);
#6422 = CARTESIAN_POINT('',(40.,-18.,41.));
#6423 = VECTOR('',#6424,1.);
#6424 = DIRECTION('',(0.,1.,-2.2E-16));
#6425 = ORIENTED_EDGE('',*,*,#2998,.T.);
#6426 = PLANE('',#6427);
#6427 = AXIS2_PLACEMENT_3D('',#6428,#6429,#6430);
#6428 = CARTESIAN_POINT('',(40.,-18.,43.));
#6429 = DIRECTION('',(-1.,0.,0.));
#6430 = DIRECTION('',(0.,-2.2E-16,-1.));
#6431 = ADVANCED_FACE('',(#6432),#6437,.F.);
#6432 = FACE_BOUND('',#6433,.F.);
#6433 = EDGE_LOOP('',(#6434,#6435,#6436));
#6434 = ORIENTED_EDGE('',*,*,#6420,.T.);
#6435 = ORIENTED_EDGE('',*,*,#3031,.T.);
#6436 = ORIENTED_EDGE('',*,*,#3006,.T.);
#6437 = PLANE('',#6438);
#6438 = AXIS2_PLACEMENT_3D('',#6439,#6440,#6441);
#6439 = CARTESIAN_POINT('',(40.,-18.,41.));
#6440 = DIRECTION('',(0.,2.2E-16,1.));
#6441 = DIRECTION('',(-1.,0.,0.));
#6442 = ADVANCED_FACE('',(#6443),#6446,.T.);
#6443 = FACE_BOUND('',#6444,.T.);
#6444 = EDGE_LOOP('',(#6445));
#6445 = ORIENTED_EDGE('',*,*,#3023,.T.);
#6446 = PLANE('',#6447);
#6447 = AXIS2_PLACEMENT_3D('',#6448,#6449,#6450);
#6448 = CARTESIAN_POINT('',(4.2E-16,2.01E-15,2.));
#6449 = DIRECTION('',(0.,0.,1.));
#6450 = DIRECTION('',(1.,0.,0.));
#6451 = ADVANCED_FACE('',(#6452),#6462,.F.);
#6452 = FACE_BOUND('',#6453,.F.);
#6453 = EDGE_LOOP('',(#6454,#6460,#6461));
#6454 = ORIENTED_EDGE('',*,*,#6455,.T.);
#6455 = EDGE_CURVE('',#3099,#3209,#6456,.T.);
#6456 = LINE('',#6457,#6458);
#6457 = CARTESIAN_POINT('',(-40.,-18.,65.));
#6458 = VECTOR('',#6459,1.);
#6459 = DIRECTION('',(0.,1.,-2.2E-16));
#6460 = ORIENTED_EDGE('',*,*,#3216,.F.);
#6461 = ORIENTED_EDGE('',*,*,#3098,.F.);
#6462 = PLANE('',#6463);
#6463 = AXIS2_PLACEMENT_3D('',#6464,#6465,#6466);
#6464 = CARTESIAN_POINT('',(-40.,-18.,65.));
#6465 = DIRECTION('',(0.,-2.2E-16,-1.));
#6466 = DIRECTION('',(1.,0.,0.));
#6467 = ADVANCED_FACE('',(#6468),#6479,.F.);
#6468 = FACE_BOUND('',#6469,.F.);
#6469 = EDGE_LOOP('',(#6470,#6476,#6477,#6478));
#6470 = ORIENTED_EDGE('',*,*,#6471,.T.);
#6471 = EDGE_CURVE('',#3108,#3200,#6472,.T.);
#6472 = LINE('',#6473,#6474);
#6473 = CARTESIAN_POINT('',(-40.,-18.,63.));
#6474 = VECTOR('',#6475,1.);
#6475 = DIRECTION('',(0.,1.,-2.2E-16));
#6476 = ORIENTED_EDGE('',*,*,#3208,.T.);
#6477 = ORIENTED_EDGE('',*,*,#6455,.F.);
#6478 = ORIENTED_EDGE('',*,*,#3107,.F.);
#6479 = PLANE('',#6480);
#6480 = AXIS2_PLACEMENT_3D('',#6481,#6482,#6483);
#6481 = CARTESIAN_POINT('',(-40.,-18.,63.));
#6482 = DIRECTION('',(1.,0.,0.));
#6483 = DIRECTION('',(0.,2.2E-16,1.));
#6484 = ADVANCED_FACE('',(#6485),#6490,.F.);
#6485 = FACE_BOUND('',#6486,.F.);
#6486 = EDGE_LOOP('',(#6487,#6488,#6489));
#6487 = ORIENTED_EDGE('',*,*,#3199,.T.);
#6488 = ORIENTED_EDGE('',*,*,#6471,.F.);
#6489 = ORIENTED_EDGE('',*,*,#3115,.T.);
#6490 = PLANE('',#6491);
#6491 = AXIS2_PLACEMENT_3D('',#6492,#6493,#6494);
#6492 = CARTESIAN_POINT('',(40.,-18.,63.));
#6493 = DIRECTION('',(0.,2.2E-16,1.));
#6494 = DIRECTION('',(-1.,0.,0.));
#6495 = ADVANCED_FACE('',(#6496),#6506,.F.);
#6496 = FACE_BOUND('',#6497,.F.);
#6497 = EDGE_LOOP('',(#6498,#6504,#6505));
#6498 = ORIENTED_EDGE('',*,*,#6499,.T.);
#6499 = EDGE_CURVE('',#3133,#3184,#6500,.T.);
#6500 = LINE('',#6501,#6502);
#6501 = CARTESIAN_POINT('',(-40.,-18.,43.));
#6502 = VECTOR('',#6503,1.);
#6503 = DIRECTION('',(0.,1.,-2.2E-16));
#6504 = ORIENTED_EDGE('',*,*,#3191,.F.);
#6505 = ORIENTED_EDGE('',*,*,#3132,.F.);
#6506 = PLANE('',#6507);
#6507 = AXIS2_PLACEMENT_3D('',#6508,#6509,#6510);
#6508 = CARTESIAN_POINT('',(-40.,-18.,43.));
#6509 = DIRECTION('',(0.,-2.2E-16,-1.));
#6510 = DIRECTION('',(1.,0.,0.));
#6511 = ADVANCED_FACE('',(#6512),#6523,.F.);
#6512 = FACE_BOUND('',#6513,.F.);
#6513 = EDGE_LOOP('',(#6514,#6520,#6521,#6522));
#6514 = ORIENTED_EDGE('',*,*,#6515,.T.);
#6515 = EDGE_CURVE('',#3142,#3175,#6516,.T.);
#6516 = LINE('',#6517,#6518);
#6517 = CARTESIAN_POINT('',(-40.,-18.,41.));
#6518 = VECTOR('',#6519,1.);
#6519 = DIRECTION('',(0.,1.,-2.2E-16));
#6520 = ORIENTED_EDGE('',*,*,#3183,.T.);
#6521 = ORIENTED_EDGE('',*,*,#6499,.F.);
#6522 = ORIENTED_EDGE('',*,*,#3141,.F.);
#6523 = PLANE('',#6524);
#6524 = AXIS2_PLACEMENT_3D('',#6525,#6526,#6527);
#6525 = CARTESIAN_POINT('',(-40.,-18.,41.));
#6526 = DIRECTION('',(1.,0.,0.));
#6527 = DIRECTION('',(0.,2.2E-16,1.));
#6528 = ADVANCED_FACE('',(#6529),#6534,.F.);
#6529 = FACE_BOUND('',#6530,.F.);
#6530 = EDGE_LOOP('',(#6531,#6532,#6533));
#6531 = ORIENTED_EDGE('',*,*,#3174,.T.);
#6532 = ORIENTED_EDGE('',*,*,#6515,.F.);
#6533 = ORIENTED_EDGE('',*,*,#3149,.T.);
#6534 = PLANE('',#6535);
#6535 = AXIS2_PLACEMENT_3D('',#6536,#6537,#6538);
#6536 = CARTESIAN_POINT('',(40.,-18.,41.));
#6537 = DIRECTION('',(0.,2.2E-16,1.));
#6538 = DIRECTION('',(-1.,0.,0.));
#6539 = ADVANCED_FACE('',(#6540),#6543,.T.);
#6540 = FACE_BOUND('',#6541,.T.);
#6541 = EDGE_LOOP('',(#6542));
#6542 = ORIENTED_EDGE('',*,*,#3166,.T.);
#6543 = PLANE('',#6544);
#6544 = AXIS2_PLACEMENT_3D('',#6545,#6546,#6547);
#6545 = CARTESIAN_POINT('',(4.2E-16,2.01E-15,2.));
#6546 = DIRECTION('',(0.,0.,1.));
#6547 = DIRECTION('',(1.,0.,0.));
#6548 = ADVANCED_FACE('',(#6549),#6552,.T.);
#6549 = FACE_BOUND('',#6550,.T.);
#6550 = EDGE_LOOP('',(#6551));
#6551 = ORIENTED_EDGE('',*,*,#3241,.T.);
#6552 = PLANE('',#6553);
#6553 = AXIS2_PLACEMENT_3D('',#6554,#6555,#6556);
#6554 = CARTESIAN_POINT('',(4.2E-16,2.01E-15,2.));
#6555 = DIRECTION('',(0.,0.,1.));
#6556 = DIRECTION('',(1.,0.,0.));
#6557 = ( GEOMETRIC_REPRESENTATION_CONTEXT(3) 
GLOBAL_UNCERTAINTY_ASSIGNED_CONTEXT((#6561)) 
GLOBAL_UNIT_ASSIGNED_CONTEXT((#6558,#6559,#6560)) REPRESENTATION_CONTEXT
('Context #1','3D Context with UNIT and UNCERTAINTY') );
#6558 = ( LENGTH_UNIT() NAMED_UNIT(*) SI_UNIT(.MILLI.,.METRE.) );
#6559 = ( NAMED_UNIT(*) PLANE_ANGLE_UNIT() SI_UNIT($,.RADIAN.) );
#6560 = ( NAMED_UNIT(*) SI_UNIT($,.STERADIAN.) SOLID_ANGLE_UNIT() );
#6561 = UNCERTAINTY_MEASURE_WITH_UNIT(LENGTH_MEASURE(2.E-05),#6558,
  'distance_accuracy_value','confusion accuracy');
#6562 = PRODUCT_RELATED_PRODUCT_CATEGORY('part',$,(#7));
#6563 = MECHANICAL_DESIGN_GEOMETRIC_PRESENTATION_REPRESENTATION('',(
    #6564),#6557);
#6564 = STYLED_ITEM('color',(#6565),#15);
#6565 = PRESENTATION_STYLE_ASSIGNMENT((#6566,#6572));
#6566 = SURFACE_STYLE_USAGE(.BOTH.,#6567);
#6567 = SURFACE_SIDE_STYLE('',(#6568));
#6568 = SURFACE_STYLE_FILL_AREA(#6569);
#6569 = FILL_AREA_STYLE('',(#6570));
#6570 = FILL_AREA_STYLE_COLOUR('',#6571);
#6571 = COLOUR_RGB('',0.447058818107,0.474509808674,0.501960817233);
#6572 = CURVE_STYLE('',#6573,POSITIVE_LENGTH_MEASURE(0.1),#6574);
#6573 = DRAUGHTING_PRE_DEFINED_CURVE_FONT('continuous');
#6574 = DRAUGHTING_PRE_DEFINED_COLOUR('black');
ENDSEC;
END-ISO-10303-21;
