ISO-10303-21;
HEADER;
FILE_DESCRIPTION(('FreeCAD Model'),'2;1');
FILE_NAME('Open CASCADE Shape Model','2026-09-26T20:00:14',(''),(''),
  'Open CASCADE STEP processor 7.8','FreeCAD','Unknown');
FILE_SCHEMA(('AUTOMOTIVE_DESIGN { 1 0 10303 214 1 1 1 1 }'));
ENDSEC;
DATA;
#1 = APPLICATION_PROTOCOL_DEFINITION('international standard',
  'automotive_design',2000,#2);
#2 = APPLICATION_CONTEXT(
  'core data for automotive mechanical design processes');
#3 = SHAPE_DEFINITION_REPRESENTATION(#4,#10);
#4 = PRODUCT_DEFINITION_SHAPE('','',#5);
#5 = PRODUCT_DEFINITION('design','',#6,#9);
#6 = PRODUCT_DEFINITION_FORMATION('','',#7);
#7 = PRODUCT('Body','Body','',(#8));
#8 = PRODUCT_CONTEXT('',#2,'mechanical');
#9 = PRODUCT_DEFINITION_CONTEXT('part definition',#2,'design');
#10 = ADVANCED_BREP_SHAPE_REPRESENTATION('',(#11,#15),#4876);
#11 = AXIS2_PLACEMENT_3D('',#12,#13,#14);
#12 = CARTESIAN_POINT('',(0.,0.,0.));
#13 = DIRECTION('',(0.,0.,1.));
#14 = DIRECTION('',(1.,0.,-0.));
#15 = MANIFOLD_SOLID_BREP('',#16);
#16 = CLOSED_SHELL('',(#17,#50,#176,#196,#394,#501,#574,#781,#798,#959,
    #1157,#1229,#1435,#1452,#1494,#1526,#1551,#1583,#1608,#1640,#1665,
    #1697,#1722,#1754,#1779,#1811,#1836,#1868,#1893,#1918,#2110,#2182,
    #2388,#2405,#2433,#2451,#2469,#2487,#2505,#2523,#2541,#2559,#2757,
    #2829,#3035,#3052,#3199,#3404,#3476,#3682,#3699,#3736,#3844,#3951,
    #4108,#4222,#4424,#4496,#4694,#4706,#4808));
#17 = ADVANCED_FACE('',(#18),#45,.T.);
#18 = FACE_BOUND('',#19,.F.);
#19 = EDGE_LOOP('',(#20,#30,#37,#38));
#20 = ORIENTED_EDGE('',*,*,#21,.T.);
#21 = EDGE_CURVE('',#22,#24,#26,.T.);
#22 = VERTEX_POINT('',#23);
#23 = CARTESIAN_POINT('',(22.5,0.,0.));
#24 = VERTEX_POINT('',#25);
#25 = CARTESIAN_POINT('',(22.5,0.,5.));
#26 = LINE('',#27,#28);
#27 = CARTESIAN_POINT('',(22.5,0.,0.));
#28 = VECTOR('',#29,1.);
#29 = DIRECTION('',(0.,0.,1.));
#30 = ORIENTED_EDGE('',*,*,#31,.T.);
#31 = EDGE_CURVE('',#24,#24,#32,.T.);
#32 = CIRCLE('',#33,22.5);
#33 = AXIS2_PLACEMENT_3D('',#34,#35,#36);
#34 = CARTESIAN_POINT('',(0.,0.,5.));
#35 = DIRECTION('',(0.,0.,1.));
#36 = DIRECTION('',(1.,0.,0.));
#37 = ORIENTED_EDGE('',*,*,#21,.F.);
#38 = ORIENTED_EDGE('',*,*,#39,.F.);
#39 = EDGE_CURVE('',#22,#22,#40,.T.);
#40 = CIRCLE('',#41,22.5);
#41 = AXIS2_PLACEMENT_3D('',#42,#43,#44);
#42 = CARTESIAN_POINT('',(0.,0.,0.));
#43 = DIRECTION('',(0.,0.,1.));
#44 = DIRECTION('',(1.,0.,0.));
#45 = CYLINDRICAL_SURFACE('',#46,22.5);
#46 = AXIS2_PLACEMENT_3D('',#47,#48,#49);
#47 = CARTESIAN_POINT('',(0.,0.,0.));
#48 = DIRECTION('',(-0.,-0.,-1.));
#49 = DIRECTION('',(1.,0.,0.));
#50 = ADVANCED_FACE('',(#51,#54),#171,.F.);
#51 = FACE_BOUND('',#52,.F.);
#52 = EDGE_LOOP('',(#53));
#53 = ORIENTED_EDGE('',*,*,#39,.T.);
#54 = FACE_BOUND('',#55,.F.);
#55 = EDGE_LOOP('',(#56,#101,#110,#137,#154));
#56 = ORIENTED_EDGE('',*,*,#57,.F.);
#57 = EDGE_CURVE('',#58,#60,#62,.T.);
#58 = VERTEX_POINT('',#59);
#59 = CARTESIAN_POINT('',(-4.347471936194,0.490012901435,
    1.721004611969E-10));
#60 = VERTEX_POINT('',#61);
#61 = CARTESIAN_POINT('',(0.669026300795,-5.081167302759,
    1.717376241217E-16));
#62 = B_SPLINE_CURVE_WITH_KNOTS('',7,(#63,#64,#65,#66,#67,#68,#69,#70,
    #71,#72,#73,#74,#75,#76,#77,#78,#79,#80,#81,#82,#83,#84,#85,#86,#87,
    #88,#89,#90,#91,#92,#93,#94,#95,#96,#97,#98,#99,#100),
  .UNSPECIFIED.,.F.,.F.,(8,6,6,6,6,6,8),(0.,0.194445742968,
    0.419205995959,0.546533757512,0.683905423698,0.83404998453,1.),
  .UNSPECIFIED.);
#63 = CARTESIAN_POINT('',(-2.009134122711,3.44737599202,0.));
#64 = CARTESIAN_POINT('',(-2.324442078998,3.304893878116,0.));
#65 = CARTESIAN_POINT('',(-2.62554781635,3.130214101779,0.));
#66 = CARTESIAN_POINT('',(-2.908559198979,2.925460453703,0.));
#67 = CARTESIAN_POINT('',(-3.170181206727,2.693254391823,0.));
#68 = CARTESIAN_POINT('',(-3.407603141532,2.436553793337,0.));
#69 = CARTESIAN_POINT('',(-3.618475100882,2.15860300032,0.));
#70 = CARTESIAN_POINT('',(-4.01192426303,1.521299262643,0.));
#71 = CARTESIAN_POINT('',(-4.185075302272,1.155831349109,0.));
#72 = CARTESIAN_POINT('',(-4.317560047484,0.772065101397,0.));
#73 = CARTESIAN_POINT('',(-4.407720221635,0.375596714688,0.));
#74 = CARTESIAN_POINT('',(-4.454753900325,-2.799912089236E-02,0.));
#75 = CARTESIAN_POINT('',(-4.458680563612,-0.433172145264,0.));
#76 = CARTESIAN_POINT('',(-4.398847921298,-1.061713220535,0.));
#77 = CARTESIAN_POINT('',(-4.36368725249,-1.287807289876,0.));
#78 = CARTESIAN_POINT('',(-4.315168564592,-1.511722973241,0.));
#79 = CARTESIAN_POINT('',(-4.253541529679,-1.732533291972,0.));
#80 = CARTESIAN_POINT('',(-4.179128945838,-1.949351344467,0.));
#81 = CARTESIAN_POINT('',(-4.092322294953,-2.161329867939,0.));
#82 = CARTESIAN_POINT('',(-3.887057839217,-2.590271274242,0.));
#83 = CARTESIAN_POINT('',(-3.766636954294,-2.806321845357,0.));
#84 = CARTESIAN_POINT('',(-3.632899406788,-3.014801620745,0.));
#85 = CARTESIAN_POINT('',(-3.48650370166,-3.214783822939,0.));
#86 = CARTESIAN_POINT('',(-3.328175929725,-3.405419430197,0.));
#87 = CARTESIAN_POINT('',(-3.158704709665,-3.585934714332,0.));
#88 = CARTESIAN_POINT('',(-2.782469733302,-3.941112961011,0.));
#89 = CARTESIAN_POINT('',(-2.573688751802,-4.11368513315,0.));
#90 = CARTESIAN_POINT('',(-2.353712436755,-4.27244091012,0.));
#91 = CARTESIAN_POINT('',(-2.123709921455,-4.416613753052,0.));
#92 = CARTESIAN_POINT('',(-1.884895209632,-4.545562931809,0.));
#93 = CARTESIAN_POINT('',(-1.638522064115,-4.658768009461,0.));
#94 = CARTESIAN_POINT('',(-1.106657480764,-4.863121155648,0.));
#95 = CARTESIAN_POINT('',(-0.819750849668,-4.950703311378,0.));
#96 = CARTESIAN_POINT('',(-0.52691334886,-5.018044671284,0.));
#97 = CARTESIAN_POINT('',(-0.229889199058,-5.064820292907,0.));
#98 = CARTESIAN_POINT('',(6.958721112532E-02,-5.090885261307,0.));
#99 = CARTESIAN_POINT('',(0.369794995242,-5.096264866384,0.));
#100 = CARTESIAN_POINT('',(0.669026300794,-5.08116730276,0.));
#101 = ORIENTED_EDGE('',*,*,#102,.T.);
#102 = EDGE_CURVE('',#58,#103,#105,.T.);
#103 = VERTEX_POINT('',#104);
#104 = CARTESIAN_POINT('',(1.750107864902,4.00970665603,
    -1.513235169404E-10));
#105 = CIRCLE('',#106,4.375);
#106 = AXIS2_PLACEMENT_3D('',#107,#108,#109);
#107 = CARTESIAN_POINT('',(0.,0.,0.));
#108 = DIRECTION('',(0.,0.,-1.));
#109 = DIRECTION('',(1.,0.,0.));
#110 = ORIENTED_EDGE('',*,*,#111,.F.);
#111 = EDGE_CURVE('',#112,#103,#114,.T.);
#112 = VERTEX_POINT('',#113);
#113 = CARTESIAN_POINT('',(4.854373022299,-1.673005698629E-07,
    4.718447854657E-16));
#114 = B_SPLINE_CURVE_WITH_KNOTS('',6,(#115,#116,#117,#118,#119,#120,
    #121,#122,#123,#124,#125,#126,#127,#128,#129,#130,#131,#132,#133,
    #134,#135,#136),.UNSPECIFIED.,.F.,.F.,(7,5,5,5,7),(0.,0.299409549231
    ,0.562293997694,0.794346304225,1.),.UNSPECIFIED.);
#115 = CARTESIAN_POINT('',(4.854373022299,-1.673005703575E-07,0.));
#116 = CARTESIAN_POINT('',(4.814849950433,0.46396843226,0.));
#117 = CARTESIAN_POINT('',(4.721747687151,0.923289158751,0.));
#118 = CARTESIAN_POINT('',(4.575107793281,1.369855709087,0.));
#119 = CARTESIAN_POINT('',(4.376683404558,1.795812493862,0.));
#120 = CARTESIAN_POINT('',(4.129525292001,2.193430778625,0.));
#121 = CARTESIAN_POINT('',(3.583313239774,2.873344746329,0.));
#122 = CARTESIAN_POINT('',(3.294165554708,3.163920530511,0.));
#123 = CARTESIAN_POINT('',(2.974615486599,3.422243698484,0.));
#124 = CARTESIAN_POINT('',(2.628914136636,3.644094479394,0.));
#125 = CARTESIAN_POINT('',(2.262044596953,3.825829071679,0.));
#126 = CARTESIAN_POINT('',(1.542679866274,4.08744441687,0.));
#127 = CARTESIAN_POINT('',(1.193448602651,4.176806816319,0.));
#128 = CARTESIAN_POINT('',(0.836355457993,4.231003077836,0.));
#129 = CARTESIAN_POINT('',(0.475767533416,4.248896510635,0.));
#130 = CARTESIAN_POINT('',(0.116301353692,4.229971079783,0.));
#131 = CARTESIAN_POINT('',(-0.550445016055,4.125564873396,0.));
#132 = CARTESIAN_POINT('',(-0.859075548114,4.047890480003,0.));
#133 = CARTESIAN_POINT('',(-1.159670876299,3.941849964606,0.));
#134 = CARTESIAN_POINT('',(-1.448895384848,3.808236644203,0.));
#135 = CARTESIAN_POINT('',(-1.72346132614,3.648323461744,0.));
#136 = CARTESIAN_POINT('',(-1.98021413931,3.464023401979,0.));
#137 = ORIENTED_EDGE('',*,*,#138,.T.);
#138 = EDGE_CURVE('',#112,#139,#141,.T.);
#139 = VERTEX_POINT('',#140);
#140 = CARTESIAN_POINT('',(4.065986776238,-3.11985999768,
    6.71337985203E-16));
#141 = B_SPLINE_CURVE_WITH_KNOTS('',6,(#142,#143,#144,#145,#146,#147,
    #148,#149,#150,#151,#152,#153),.UNSPECIFIED.,.F.,.F.,(7,5,7),(0.,
    0.488427755245,1.),.UNSPECIFIED.);
#142 = CARTESIAN_POINT('',(4.854373022299,-1.673006603864E-07,0.));
#143 = CARTESIAN_POINT('',(4.876983515308,-0.265428991387,0.));
#144 = CARTESIAN_POINT('',(4.882063321682,-0.532432688609,0.));
#145 = CARTESIAN_POINT('',(4.869589117866,-0.799539304604,0.));
#146 = CARTESIAN_POINT('',(4.839700856693,-1.06532068079,0.));
#147 = CARTESIAN_POINT('',(4.792689224139,-1.32839428084,0.));
#148 = CARTESIAN_POINT('',(4.662258208745,-1.858730105391,0.));
#149 = CARTESIAN_POINT('',(4.577216289782,-2.125614266136,0.));
#150 = CARTESIAN_POINT('',(4.474349206525,-2.386544858696,0.));
#151 = CARTESIAN_POINT('',(4.354310358684,-2.640097350408,0.));
#152 = CARTESIAN_POINT('',(4.217882776431,-2.884944238087,0.));
#153 = CARTESIAN_POINT('',(4.065986776238,-3.11985999768,0.));
#154 = ORIENTED_EDGE('',*,*,#155,.F.);
#155 = EDGE_CURVE('',#60,#139,#156,.T.);
#156 = B_SPLINE_CURVE_WITH_KNOTS('',5,(#157,#158,#159,#160,#161,#162,
    #163,#164,#165,#166,#167,#168,#169,#170),.UNSPECIFIED.,.F.,.F.,(6,4,
    4,6),(0.,0.302999890385,0.605999197063,1.),.UNSPECIFIED.);
#157 = CARTESIAN_POINT('',(0.669026300795,-5.081167302759,0.));
#158 = CARTESIAN_POINT('',(0.91086311991,-5.049324922418,0.));
#159 = CARTESIAN_POINT('',(1.150807878432,-5.003094271541,0.));
#160 = CARTESIAN_POINT('',(1.387712307296,-4.942626852733,0.));
#161 = CARTESIAN_POINT('',(1.620462060713,-4.868207076925,0.));
#162 = CARTESIAN_POINT('',(2.075490933347,-4.692297619267,0.));
#163 = CARTESIAN_POINT('',(2.297774576647,-4.590806247847,0.));
#164 = CARTESIAN_POINT('',(2.513747502874,-4.476196171158,0.));
#165 = CARTESIAN_POINT('',(2.722393897018,-4.349006564757,0.));
#166 = CARTESIAN_POINT('',(3.183308415394,-4.029009615541,0.));
#167 = CARTESIAN_POINT('',(3.429867343856,-3.827960306163,0.));
#168 = CARTESIAN_POINT('',(3.660341622519,-3.608208179473,0.));
#169 = CARTESIAN_POINT('',(3.872900245521,-3.371499536493,0.));
#170 = CARTESIAN_POINT('',(4.065986776238,-3.11985999768,0.));
#171 = PLANE('',#172);
#172 = AXIS2_PLACEMENT_3D('',#173,#174,#175);
#173 = CARTESIAN_POINT('',(-9.7E-16,5.E-17,0.));
#174 = DIRECTION('',(0.,0.,1.));
#175 = DIRECTION('',(1.,0.,0.));
#176 = ADVANCED_FACE('',(#177,#180),#191,.T.);
#177 = FACE_BOUND('',#178,.T.);
#178 = EDGE_LOOP('',(#179));
#179 = ORIENTED_EDGE('',*,*,#31,.T.);
#180 = FACE_BOUND('',#181,.T.);
#181 = EDGE_LOOP('',(#182));
#182 = ORIENTED_EDGE('',*,*,#183,.F.);
#183 = EDGE_CURVE('',#184,#184,#186,.T.);
#184 = VERTEX_POINT('',#185);
#185 = CARTESIAN_POINT('',(17.55,0.,5.));
#186 = CIRCLE('',#187,17.55);
#187 = AXIS2_PLACEMENT_3D('',#188,#189,#190);
#188 = CARTESIAN_POINT('',(0.,0.,5.));
#189 = DIRECTION('',(0.,0.,1.));
#190 = DIRECTION('',(1.,0.,0.));
#191 = PLANE('',#192);
#192 = AXIS2_PLACEMENT_3D('',#193,#194,#195);
#193 = CARTESIAN_POINT('',(-9.7E-16,5.E-17,5.));
#194 = DIRECTION('',(0.,0.,1.));
#195 = DIRECTION('',(1.,0.,0.));
#196 = ADVANCED_FACE('',(#197),#331,.F.);
#197 = FACE_BOUND('',#198,.F.);
#198 = EDGE_LOOP('',(#199,#234,#241,#330));
#199 = ORIENTED_EDGE('',*,*,#200,.F.);
#200 = EDGE_CURVE('',#201,#60,#203,.T.);
#201 = VERTEX_POINT('',#202);
#202 = CARTESIAN_POINT('',(5.125020300617,1.436092250538E-07,
    0.343746992252));
#203 = B_SPLINE_CURVE_WITH_KNOTS('',11,(#204,#205,#206,#207,#208,#209,
    #210,#211,#212,#213,#214,#215,#216,#217,#218,#219,#220,#221,#222,
    #223,#224,#225,#226,#227,#228,#229,#230,#231,#232,#233),
  .UNSPECIFIED.,.F.,.F.,(12,9,9,12),(0.,1.614938419963,3.229876839926,
    6.459753679852),.UNSPECIFIED.);
#204 = CARTESIAN_POINT('',(5.125020300617,1.436092262885E-07,
    0.343746992252));
#205 = CARTESIAN_POINT('',(5.125021229544,-0.731847404641,0.309655948557
    ));
#206 = CARTESIAN_POINT('',(5.010092010923,-1.463699562751,0.275564385938
    ));
#207 = CARTESIAN_POINT('',(4.780160484075,-2.175493964853,0.241473694596
    ));
#208 = CARTESIAN_POINT('',(4.439200709578,-2.847152507343,0.207383291965
    ));
#209 = CARTESIAN_POINT('',(3.995113641576,-3.459499222135,0.173292632822
    ));
#210 = CARTESIAN_POINT('',(3.459485904069,-3.99512849473,0.13920165393)
  );
#211 = CARTESIAN_POINT('',(2.847142273428,-4.439206745403,0.105110550781
    ));
#212 = CARTESIAN_POINT('',(2.175489944991,-4.78014392419,
    7.101947979721E-02));
#213 = CARTESIAN_POINT('',(1.463707414774,-5.01006259432,
    3.692847211102E-02));
#214 = CARTESIAN_POINT('',(8.25920032244E-06,-5.239981392735,
    -3.125339034916E-02));
#215 = CARTESIAN_POINT('',(-1.463699832085,-5.010063696476,
    -9.943506329338E-02));
#216 = CARTESIAN_POINT('',(-2.175491008319,-4.780145997668,
    -0.133525875922));
#217 = CARTESIAN_POINT('',(-2.847155117493,-4.439207945141,
    -0.167616726697));
#218 = CARTESIAN_POINT('',(-3.459508259106,-3.995129983502,
    -0.201707645448));
#219 = CARTESIAN_POINT('',(-3.995137414601,-3.459499718507,
    -0.235798615123));
#220 = CARTESIAN_POINT('',(-4.439211889634,-2.847148355096,
    -0.269889591566));
#221 = CARTESIAN_POINT('',(-4.780145480298,-2.17548825555,
    -0.303980535973));
#222 = CARTESIAN_POINT('',(-5.010059433348,-1.463701675478,
    -0.338071441129));
#223 = CARTESIAN_POINT('',(-5.35493055139,0.731850662696,-0.440344113345
    ));
#224 = CARTESIAN_POINT('',(-4.665187371731,2.927402852653,
    -0.542616785559));
#225 = CARTESIAN_POINT('',(-3.745527486303,4.23059299503,-0.610798813883
    ));
#226 = CARTESIAN_POINT('',(-2.429084609179,5.212765785948,
    -0.678980280157));
#227 = CARTESIAN_POINT('',(-0.841782581184,5.741693410768,
    -0.747164514638));
#228 = CARTESIAN_POINT('',(0.841836160986,5.741653346321,-0.815340854334
    ));
#229 = CARTESIAN_POINT('',(2.429119834628,5.212751494993,-0.883525058241
    ));
#230 = CARTESIAN_POINT('',(3.745348599599,4.230615998644,-0.951712177585
    ));
#231 = CARTESIAN_POINT('',(4.665271125825,2.927407627654,-1.019887186937
    ));
#232 = CARTESIAN_POINT('',(5.125021336988,1.463695260626,-1.08807135007)
  );
#233 = CARTESIAN_POINT('',(5.125023200699,1.641267539654E-07,
    -1.156253437467));
#234 = ORIENTED_EDGE('',*,*,#235,.T.);
#235 = EDGE_CURVE('',#201,#236,#238,.T.);
#236 = VERTEX_POINT('',#237);
#237 = CARTESIAN_POINT('',(4.375,-7.180065612297E-07,0.77679547573));
#238 = B_SPLINE_CURVE_WITH_KNOTS('',1,(#239,#240),.UNSPECIFIED.,.F.,.F.,
  (2,2),(0.,1.3105),.PIECEWISE_BEZIER_KNOTS.);
#239 = CARTESIAN_POINT('',(5.125020300617,1.436093163828E-07,
    0.343746992252));
#240 = CARTESIAN_POINT('',(3.990109774624,-1.160164632217E-06,
    0.999024298427));
#241 = ORIENTED_EDGE('',*,*,#242,.T.);
#242 = EDGE_CURVE('',#236,#58,#243,.T.);
#243 = B_SPLINE_CURVE_WITH_KNOTS('',7,(#244,#245,#246,#247,#248,#249,
    #250,#251,#252,#253,#254,#255,#256,#257,#258,#259,#260,#261,#262,
    #263,#264,#265,#266,#267,#268,#269,#270,#271,#272,#273,#274,#275,
    #276,#277,#278,#279,#280,#281,#282,#283,#284,#285,#286,#287,#288,
    #289,#290,#291,#292,#293,#294,#295,#296,#297,#298,#299,#300,#301,
    #302,#303,#304,#305,#306,#307,#308,#309,#310,#311,#312,#313,#314,
    #315,#316,#317,#318,#319,#320,#321,#322,#323,#324,#325,#326,#327,
    #328,#329),.UNSPECIFIED.,.F.,.F.,(8,6,6,6,6,6,6,6,6,6,6,6,6,6,8),(0.
    ,4.742111419472E-02,0.134045702391,0.225732882597,0.287078917457,
    0.37994084084,0.481587702123,0.505985977397,0.607982122179,
    0.63339184594,0.746382623948,0.803448348833,0.867955634531,
    0.959383002952,1.),.UNSPECIFIED.);
#244 = CARTESIAN_POINT('',(4.375,-7.180066505796E-07,0.77679547573));
#245 = CARTESIAN_POINT('',(4.37499996944,-0.18621182,0.766635173304));
#246 = CARTESIAN_POINT('',(4.365753194703,-0.372425450899,0.756476326703
    ));
#247 = CARTESIAN_POINT('',(4.347259955826,-0.558086075233,0.746317719267
    ));
#248 = CARTESIAN_POINT('',(4.319561305701,-0.742643404406,0.73615860926)
  );
#249 = CARTESIAN_POINT('',(4.282738978018,-0.925552972853,0.725998673086
    ));
#250 = CARTESIAN_POINT('',(4.236915295223,-1.106276714197,0.715837948518
    ));
#251 = CARTESIAN_POINT('',(4.082401095525,-1.609450248874,0.687115273529
    ));
#252 = CARTESIAN_POINT('',(3.953037952736,-1.925611747779,0.668548878913
    ));
#253 = CARTESIAN_POINT('',(3.795162296421,-2.229458776027,0.649983581822
    ));
#254 = CARTESIAN_POINT('',(3.610220821524,-2.517945419885,0.631420180228
    ));
#255 = CARTESIAN_POINT('',(3.400022407931,-2.788249942019,0.612856653223
    ));
#256 = CARTESIAN_POINT('',(3.166730941179,-3.037786065789,0.59429189118)
  );
#257 = CARTESIAN_POINT('',(2.644310225559,-3.503979426338,0.556084914363
    ));
#258 = CARTESIAN_POINT('',(2.352614766584,-3.717951712835,0.536435964493
    ));
#259 = CARTESIAN_POINT('',(2.040903928176,-3.90342533864,0.5167903059));
#260 = CARTESIAN_POINT('',(1.712537939715,-4.058230144459,0.497146321684
    ));
#261 = CARTESIAN_POINT('',(1.371111342778,-4.180671552294,0.477500050507
    ));
#262 = CARTESIAN_POINT('',(1.020436370959,-4.269538371131,0.457850476441
    ));
#263 = CARTESIAN_POINT('',(0.426487278202,-4.360821225599,0.425059718242
    ));
#264 = CARTESIAN_POINT('',(0.186032086902,-4.382120437111,0.411914299426
    ));
#265 = CARTESIAN_POINT('',(-5.558763561461E-02,-4.387940516345,
    0.398769180325));
#266 = CARTESIAN_POINT('',(-0.297178068434,-4.378218494232,
    0.385624279891));
#267 = CARTESIAN_POINT('',(-0.537548873727,-4.353002266631,
    0.372479159975));
#268 = CARTESIAN_POINT('',(-0.775515163459,-4.312450515943,
    0.359333720114));
#269 = CARTESIAN_POINT('',(-1.364697436926,-4.172672071295,
    0.326291045639));
#270 = CARTESIAN_POINT('',(-1.711384991453,-4.053981311023,
    0.306389265652));
#271 = CARTESIAN_POINT('',(-2.045795356762,-3.901735177649,
    0.286490764083));
#272 = CARTESIAN_POINT('',(-2.364084910855,-3.717515125676,
    0.266594350977));
#273 = CARTESIAN_POINT('',(-2.662680394404,-3.503389250819,
    0.246695977562));
#274 = CARTESIAN_POINT('',(-2.938295995414,-3.261902474559,
    0.226794347682));
#275 = CARTESIAN_POINT('',(-3.461370047343,-2.705338473345,
    0.185116477865));
#276 = CARTESIAN_POINT('',(-3.703844225849,-2.385304897583,
    0.163329609267));
#277 = CARTESIAN_POINT('',(-3.911545056746,-2.04017384517,0.141547084646
    ));
#278 = CARTESIAN_POINT('',(-4.08148445754,-1.674508493232,0.119767282477
    ));
#279 = CARTESIAN_POINT('',(-4.211380709079,-1.293218498043,
    9.798440756296E-02));
#280 = CARTESIAN_POINT('',(-4.299672370558,-0.901530050311,
    7.619699375089E-02));
#281 = CARTESIAN_POINT('',(-4.356809896198,-0.409891801699,
    4.918836992964E-02));
#282 = CARTESIAN_POINT('',(-4.365438582509,-0.314443826046,
    4.396039019395E-02));
#283 = CARTESIAN_POINT('',(-4.371627293445,-0.21878790174,
    3.873243158096E-02));
#284 = CARTESIAN_POINT('',(-4.375370225451,-0.12299886285,
    3.350449602908E-02));
#285 = CARTESIAN_POINT('',(-4.376664450014,-2.715166709884E-02,
    2.82765854843E-02));
#286 = CARTESIAN_POINT('',(-4.37550991366,6.867860413725E-02,
    2.304870190012E-02));
#287 = CARTESIAN_POINT('',(-4.356857773976,0.564646731415,
    -4.034018120074E-03));
#288 = CARTESIAN_POINT('',(-4.299055033823,0.963391991093,
    -2.589499165902E-02));
#289 = CARTESIAN_POINT('',(-4.198672186252,1.354948091268,
    -4.775071282499E-02));
#290 = CARTESIAN_POINT('',(-4.056873768346,1.733928380716,
    -6.960309742579E-02));
#291 = CARTESIAN_POINT('',(-3.875576655172,2.095209723329,
    -9.145855958558E-02));
#292 = CARTESIAN_POINT('',(-3.657438240551,2.433964059151,
    -0.113319143203));
#293 = CARTESIAN_POINT('',(-3.343453081912,2.823455690902,
    -0.140618031125));
#294 = CARTESIAN_POINT('',(-3.278765206279,2.899469498017,
    -0.146062524637));
#295 = CARTESIAN_POINT('',(-3.212063735769,2.973751063073,
    -0.151507045351));
#296 = CARTESIAN_POINT('',(-3.143404474378,3.046236550293,
    -0.156951593566));
#297 = CARTESIAN_POINT('',(-3.072845696382,3.116864440099,
    -0.162396167977));
#298 = CARTESIAN_POINT('',(-3.000448146332,3.185575529118,-0.16784076568
    ));
#299 = CARTESIAN_POINT('',(-2.596445514869,3.54907770174,-0.197496249569
    ));
#300 = CARTESIAN_POINT('',(-2.231352778192,3.806953305785,
    -0.221718672422));
#301 = CARTESIAN_POINT('',(-1.836758282718,4.020647240921,
    -0.245932372559));
#302 = CARTESIAN_POINT('',(-1.419128139624,4.186330216566,
    -0.270143282991));
#303 = CARTESIAN_POINT('',(-0.985354754403,4.301267825264,
    -0.294356780833));
#304 = CARTESIAN_POINT('',(-0.542770867648,4.363815041928,
    -0.318578986887));
#305 = CARTESIAN_POINT('',(0.124825456321,4.378956098913,-0.355017432908
    ));
#306 = CARTESIAN_POINT('',(0.349160677034,4.370650454449,-0.367245349072
    ));
#307 = CARTESIAN_POINT('',(0.572834398574,4.348934812927,-0.379472916164
    ));
#308 = CARTESIAN_POINT('',(0.794886930292,4.313876215464,-0.391700275856
    ));
#309 = CARTESIAN_POINT('',(1.014370942553,4.265624235211,-0.403927817988
    ));
#310 = CARTESIAN_POINT('',(1.230352785406,4.204410766945,-0.416155665509
    ));
#311 = CARTESIAN_POINT('',(1.681065694163,4.047073724238,-0.442205209245
    ));
#312 = CARTESIAN_POINT('',(1.914589186978,3.947431618779,-0.456027974031
    ));
#313 = CARTESIAN_POINT('',(2.141154006732,3.83209292492,-0.469850304517)
  );
#314 = CARTESIAN_POINT('',(2.359502989912,3.701651296264,-0.483672369959
    ));
#315 = CARTESIAN_POINT('',(2.5684471767,3.556817017,-0.497494766147));
#316 = CARTESIAN_POINT('',(2.766868023008,3.39841566785,-0.511317616101)
  );
#317 = CARTESIAN_POINT('',(3.218567997557,2.985018351709,-0.544729963308
    ));
#318 = CARTESIAN_POINT('',(3.460255763808,2.717232596423,-0.564323844937
    ));
#319 = CARTESIAN_POINT('',(3.675767619429,2.426779572528,-0.583914649305
    ));
#320 = CARTESIAN_POINT('',(3.862625055872,2.116755601579,-0.603503092175
    ));
#321 = CARTESIAN_POINT('',(4.018794002475,1.790535535409,-0.623093126799
    ));
#322 = CARTESIAN_POINT('',(4.142694213849,1.451757187886,-0.64268665429)
  );
#323 = CARTESIAN_POINT('',(4.273579064299,0.950044634186,-0.670980246146
    ));
#324 = CARTESIAN_POINT('',(4.307275868488,0.794003816723,-0.679683596952
    ));
#325 = CARTESIAN_POINT('',(4.334321345527,0.636586550368,-0.688387038392
    ));
#326 = CARTESIAN_POINT('',(4.354649559873,0.47813305394,-0.697090547704)
  );
#327 = CARTESIAN_POINT('',(4.36821647741,0.318986491164,-0.705794060232)
  );
#328 = CARTESIAN_POINT('',(4.374999999996,0.159492713005,-0.714497331189
    ));
#329 = CARTESIAN_POINT('',(4.375,-8.881784197001E-16,-0.723199797402));
#330 = ORIENTED_EDGE('',*,*,#57,.T.);
#331 = B_SPLINE_SURFACE_WITH_KNOTS('',1,9,(
    (#332,#333,#334,#335,#336,#337,#338,#339,#340,#341,#342,#343,#344
      ,#345,#346,#347,#348,#349,#350,#351,#352,#353,#354,#355,#356,#357
      ,#358,#359,#360,#361,#362)
    ,(#363,#364,#365,#366,#367,#368,#369,#370,#371,#372,#373,#374,#375
      ,#376,#377,#378,#379,#380,#381,#382,#383,#384,#385,#386,#387,#388
      ,#389,#390,#391,#392,#393
    )),.UNSPECIFIED.,.F.,.F.,.F.,(2,2),(10,7,7,7,10),(0.,1.3105),(0.,
    1.614938419963,3.229876839926,4.844815259889,6.459753679852),
  .UNSPECIFIED.);
#332 = CARTESIAN_POINT('',(5.125020300617,1.436092262885E-07,
    0.343746992252));
#333 = CARTESIAN_POINT('',(5.125021435972,-0.894480193141,0.302080161069
    ));
#334 = CARTESIAN_POINT('',(4.949434845907,-1.788967572733,0.260412537084
    ));
#335 = CARTESIAN_POINT('',(4.598118786229,-2.644053776496,0.218746851062
    ));
#336 = CARTESIAN_POINT('',(4.081528758904,-3.420289367887,0.177080666929
    ));
#337 = CARTESIAN_POINT('',(3.420279977146,-4.08154922772,0.135413752476)
  );
#338 = CARTESIAN_POINT('',(2.644039402594,-4.598124986028,
    9.374683874903E-02));
#339 = CARTESIAN_POINT('',(1.78897370763,-4.949389601033,
    5.208000105057E-02));
#340 = CARTESIAN_POINT('',(9.438218208626E-06,-5.30065426356,
    -3.125341535423E-02));
#341 = CARTESIAN_POINT('',(-1.788968482976,-4.949390948113,
    -0.114586542223));
#342 = CARTESIAN_POINT('',(-2.644047260675,-4.598127832124,
    -0.156253079493));
#343 = CARTESIAN_POINT('',(-3.42030463169,-4.081548190226,-0.1979197376)
  );
#344 = CARTESIAN_POINT('',(-4.081556179546,-3.420295004292,
    -0.239586505081));
#345 = CARTESIAN_POINT('',(-4.598130294151,-2.644041153591,
    -0.281253261582));
#346 = CARTESIAN_POINT('',(-4.949387653844,-1.788968689912,
    -0.322919934134));
#347 = CARTESIAN_POINT('',(-5.300645338143,-1.080042095922E-07,
    -0.406253222606));
#348 = CARTESIAN_POINT('',(-4.949387141285,1.788968373265,
    -0.489586511078));
#349 = CARTESIAN_POINT('',(-4.598129836945,2.644040665499,-0.53125318363
    ));
#350 = CARTESIAN_POINT('',(-4.08155725028,3.420294863611,-0.572919940131
    ));
#351 = CARTESIAN_POINT('',(-3.420306473482,4.081549327822,
    -0.614586707614));
#352 = CARTESIAN_POINT('',(-2.644048301357,4.598129490542,
    -0.656253365719));
#353 = CARTESIAN_POINT('',(-1.788968910381,4.949390952647,
    -0.697919902989));
#354 = CARTESIAN_POINT('',(9.14979032782E-06,5.300651717607,
    -0.78125302986));
#355 = CARTESIAN_POINT('',(1.788973280223,4.949388189932,-0.864586446264
    ));
#356 = CARTESIAN_POINT('',(2.64403960628,4.598125887894,-0.906253283932)
  );
#357 = CARTESIAN_POINT('',(3.420279944969,4.081552808545,-0.947920197774
    ));
#358 = CARTESIAN_POINT('',(4.081536253972,3.42029721242,-0.989587112035)
  );
#359 = CARTESIAN_POINT('',(4.598120283576,2.644047945829,-1.031253296348
    ));
#360 = CARTESIAN_POINT('',(4.949422595678,1.788967434008,-1.072918982275
    ));
#361 = CARTESIAN_POINT('',(5.125022061765,0.894480500876,-1.114586606281
    ));
#362 = CARTESIAN_POINT('',(5.125023200699,1.641267521332E-07,
    -1.156253437467));
#363 = CARTESIAN_POINT('',(3.990109774624,-1.160164722958E-06,
    0.999024298427));
#364 = CARTESIAN_POINT('',(3.990111544763,-0.696445114708,0.957358960685
    ));
#365 = CARTESIAN_POINT('',(3.853405681407,-1.392778225534,0.915700027041
    ));
#366 = CARTESIAN_POINT('',(3.579917218086,-2.058516302208,0.874025438574
    ));
#367 = CARTESIAN_POINT('',(3.177688871961,-2.662903815633,0.832354875013
    ));
#368 = CARTESIAN_POINT('',(2.662864156622,-3.177707159578,0.790690208963
    ));
#369 = CARTESIAN_POINT('',(2.058525358221,-3.579896577761,0.749025538529
    ));
#370 = CARTESIAN_POINT('',(1.392813196712,-3.853374131188,0.707360253257
    ));
#371 = CARTESIAN_POINT('',(8.308362737077E-06,-4.126853244905,
    0.624027590949));
#372 = CARTESIAN_POINT('',(-1.39281403281,-3.853373379333,0.540692589863
    ));
#373 = CARTESIAN_POINT('',(-2.058543278746,-3.579893455955,
    0.499024877981));
#374 = CARTESIAN_POINT('',(-2.662898934574,-3.177705930282,0.45735814214
    ));
#375 = CARTESIAN_POINT('',(-3.177715070706,-2.662888036928,
    0.415692289856));
#376 = CARTESIAN_POINT('',(-3.579896109983,-2.058537388448,
    0.374026348825));
#377 = CARTESIAN_POINT('',(-3.853370564498,-1.392815089664,
    0.332359729706));
#378 = CARTESIAN_POINT('',(-4.126844356139,1.376479686436E-06,
    0.249026033996));
#379 = CARTESIAN_POINT('',(-3.853368595241,1.392817455967,0.165692338284
    ));
#380 = CARTESIAN_POINT('',(-3.57989373307,2.058539242299,0.124025719167)
  );
#381 = CARTESIAN_POINT('',(-3.177714949002,2.662890202309,
    8.235977813274E-02));
#382 = CARTESIAN_POINT('',(-2.662899791443,3.177709975372,
    4.069392584985E-02));
#383 = CARTESIAN_POINT('',(-2.058542406649,3.579897966984,
    -9.728099903743E-04));
#384 = CARTESIAN_POINT('',(-1.392811863286,3.853374446027,
    -4.264052186958E-02));
#385 = CARTESIAN_POINT('',(1.093266227362E-05,4.12684872169,
    -0.125975522961));
#386 = CARTESIAN_POINT('',(1.392815366234,3.853370565535,-0.209308185269
    ));
#387 = CARTESIAN_POINT('',(2.058528441091,3.579896615388,-0.250973470488
    ));
#388 = CARTESIAN_POINT('',(2.662866514773,3.177711497355,-0.292638141123
    ));
#389 = CARTESIAN_POINT('',(3.177704211869,2.662915337164,-0.334302806835
    ));
#390 = CARTESIAN_POINT('',(3.579921443047,2.058503222352,-0.375973370708
    ));
#391 = CARTESIAN_POINT('',(3.853384976013,1.392775050162,-0.417647959015
    ));
#392 = CARTESIAN_POINT('',(3.990113185774,0.696442628644,-0.459306892693
    ));
#393 = CARTESIAN_POINT('',(3.990114926997,-1.325899210278E-06,
    -0.500972230441));
#394 = ADVANCED_FACE('',(#395),#440,.F.);
#395 = FACE_BOUND('',#396,.F.);
#396 = EDGE_LOOP('',(#397,#433,#438,#439));
#397 = ORIENTED_EDGE('',*,*,#398,.F.);
#398 = EDGE_CURVE('',#399,#139,#401,.T.);
#399 = VERTEX_POINT('',#400);
#400 = CARTESIAN_POINT('',(5.125015789361,1.436066754231E-07,
    0.156246992306));
#401 = B_SPLINE_CURVE_WITH_KNOTS('',9,(#402,#403,#404,#405,#406,#407,
    #408,#409,#410,#411,#412,#413,#414,#415,#416,#417,#418,#419,#420,
    #421,#422,#423,#424,#425,#426,#427,#428,#429,#430,#431,#432),
  .UNSPECIFIED.,.F.,.F.,(10,7,7,7,10),(0.,1.614938419963,3.229876839926,
    4.844815259889,6.459753679852),.UNSPECIFIED.);
#402 = CARTESIAN_POINT('',(5.125015789361,1.436066763283E-07,
    0.156246992306));
#403 = CARTESIAN_POINT('',(5.125016677982,-0.894479349722,0.114580161129
    ));
#404 = CARTESIAN_POINT('',(4.949428828782,-1.788965836955,
    7.291253717911E-02));
#405 = CARTESIAN_POINT('',(4.598114633808,-2.644050604194,
    3.1246851129E-02));
#406 = CARTESIAN_POINT('',(4.081525765144,-3.42028698664,
    -1.041933304161E-02));
#407 = CARTESIAN_POINT('',(3.420276775031,-4.081545753384,
    -5.208624746458E-02));
#408 = CARTESIAN_POINT('',(2.644036962249,-4.598120732041,
    -9.375316119433E-02));
#409 = CARTESIAN_POINT('',(1.788972005948,-4.949384764462,
    -0.135419998883));
#410 = CARTESIAN_POINT('',(9.441533641629E-06,-5.300648981546,
    -0.218753415284));
#411 = CARTESIAN_POINT('',(-1.788966810251,-4.949386292702,
    -0.302086542161));
#412 = CARTESIAN_POINT('',(-2.644044852013,-4.598123697459,
    -0.343753079437));
#413 = CARTESIAN_POINT('',(-3.420301583372,-4.081544490058,
    -0.385419737543));
#414 = CARTESIAN_POINT('',(-4.08155242631,-3.420291790158,
    -0.427086505021));
#415 = CARTESIAN_POINT('',(-4.598125889129,-2.644038636425,
    -0.468753261518));
#416 = CARTESIAN_POINT('',(-4.949382917106,-1.788967000567,
    -0.51041993407));
#417 = CARTESIAN_POINT('',(-5.300640339017,-1.193649272342E-07,
    -0.593753222544));
#418 = CARTESIAN_POINT('',(-4.949382542318,1.788966688249,
    -0.677086511018));
#419 = CARTESIAN_POINT('',(-4.598125568802,2.644038195447,-0.71875318357
    ));
#420 = CARTESIAN_POINT('',(-4.081553304737,3.420291626282,
    -0.760419940067));
#421 = CARTESIAN_POINT('',(-3.420303070334,4.081545329218,
    -0.802086707546));
#422 = CARTESIAN_POINT('',(-2.644045722782,4.59812495206,-0.843753365651
    ));
#423 = CARTESIAN_POINT('',(-1.788967208714,4.949386272359,
    -0.885419902927));
#424 = CARTESIAN_POINT('',(9.146477608618E-06,5.300647001363,
    -0.968753029805));
#425 = CARTESIAN_POINT('',(1.788971607484,4.949383690809,-1.052086446206
    ));
#426 = CARTESIAN_POINT('',(2.644037059321,4.598121468769,-1.093753283871
    ));
#427 = CARTESIAN_POINT('',(3.420276695547,4.081548584102,-1.135420197689
    ));
#428 = CARTESIAN_POINT('',(4.081531549002,3.420293142394,-1.177087111964
    ));
#429 = CARTESIAN_POINT('',(4.59811576313,2.644046130585,-1.218753296274)
  );
#430 = CARTESIAN_POINT('',(4.949419276965,1.788965795096,-1.260418982251
    ));
#431 = CARTESIAN_POINT('',(5.125017152777,0.894479657452,-1.302086606216
    ));
#432 = CARTESIAN_POINT('',(5.125018044978,1.641234174673E-07,
    -1.343753437396));
#433 = ORIENTED_EDGE('',*,*,#434,.T.);
#434 = EDGE_CURVE('',#399,#201,#435,.T.);
#435 = B_SPLINE_CURVE_WITH_KNOTS('',1,(#436,#437),.UNSPECIFIED.,.F.,.F.,
  (2,2),(0.,0.1875),.PIECEWISE_BEZIER_KNOTS.);
#436 = CARTESIAN_POINT('',(5.125015789361,1.436067664784E-07,
    0.156246992306));
#437 = CARTESIAN_POINT('',(5.125020300617,1.436093155505E-07,
    0.343746992252));
#438 = ORIENTED_EDGE('',*,*,#200,.T.);
#439 = ORIENTED_EDGE('',*,*,#155,.T.);
#440 = B_SPLINE_SURFACE_WITH_KNOTS('',1,11,(
    (#441,#442,#443,#444,#445,#446,#447,#448,#449,#450,#451,#452,#453
      ,#454,#455,#456,#457,#458,#459,#460,#461,#462,#463,#464,#465,#466
      ,#467,#468,#469,#470)
    ,(#471,#472,#473,#474,#475,#476,#477,#478,#479,#480,#481,#482,#483
      ,#484,#485,#486,#487,#488,#489,#490,#491,#492,#493,#494,#495,#496
      ,#497,#498,#499,#500
  )),.UNSPECIFIED.,.F.,.F.,.F.,(2,2),(12,9,9,12),(0.,0.1875),(0.,
    1.614938419963,3.229876839926,6.459753679852),.UNSPECIFIED.);
#441 = CARTESIAN_POINT('',(5.125015789361,1.436066767724E-07,
    0.156246992306));
#442 = CARTESIAN_POINT('',(5.125016516415,-0.731846714571,0.122155948616
    ));
#443 = CARTESIAN_POINT('',(5.010086433258,-1.463698150577,
    8.806438602072E-02));
#444 = CARTESIAN_POINT('',(4.780155484934,-2.175491546428,
    5.397369467519E-02));
#445 = CARTESIAN_POINT('',(4.439196796132,-2.847149793791,
    1.988329202056E-02));
#446 = CARTESIAN_POINT('',(3.995110380327,-3.459496398945,
    -1.420736713373E-02));
#447 = CARTESIAN_POINT('',(3.459482897282,-3.995125176753,
    -4.829834601991E-02));
#448 = CARTESIAN_POINT('',(2.847139622807,-4.439202725546,
    -8.23894491595E-02));
#449 = CARTESIAN_POINT('',(2.175487913762,-4.780139372058,
    -0.116480520141));
#450 = CARTESIAN_POINT('',(1.46370602293,-5.010057681632,-0.150571527822
    ));
#451 = CARTESIAN_POINT('',(8.259442257341E-06,-5.239976203307,
    -0.21875339028));
#452 = CARTESIAN_POINT('',(-1.463698463051,-5.01005893201,-0.28693506323
    ));
#453 = CARTESIAN_POINT('',(-2.175489006464,-4.780141590275,
    -0.321025875863));
#454 = CARTESIAN_POINT('',(-2.847152544883,-4.439203919567,
    -0.355116726641));
#455 = CARTESIAN_POINT('',(-3.459505134839,-3.995126336888,
    -0.38920764539));
#456 = CARTESIAN_POINT('',(-3.995133735109,-3.45949649854,
    -0.423298615064));
#457 = CARTESIAN_POINT('',(-4.439207697288,-2.847145662123,
    -0.457389591503));
#458 = CARTESIAN_POINT('',(-4.780140905278,-2.175486191151,
    -0.491480535909));
#459 = CARTESIAN_POINT('',(-5.010054651914,-1.463700295229,
    -0.525571441066));
#460 = CARTESIAN_POINT('',(-5.354925529249,0.731849959034,
    -0.627844113284));
#461 = CARTESIAN_POINT('',(-4.66518308463,2.92740010492,-0.730116785498)
  );
#462 = CARTESIAN_POINT('',(-3.745524472666,4.230588471395,
    -0.798298813822));
#463 = CARTESIAN_POINT('',(-2.429079221069,5.212764058004,
    -0.866480280077));
#464 = CARTESIAN_POINT('',(-0.841785900366,5.74167751545,-0.934664514542
    ));
#465 = CARTESIAN_POINT('',(0.8418359601,5.741664115612,-1.002840854332)
  );
#466 = CARTESIAN_POINT('',(2.429122939818,5.212735538949,-1.071025058268
    ));
#467 = CARTESIAN_POINT('',(3.745337481174,4.230614526286,-1.139212177325
    ));
#468 = CARTESIAN_POINT('',(4.66527029523,2.927404992861,-1.207387186974)
  );
#469 = CARTESIAN_POINT('',(5.125016585013,1.463693880479,-1.27557135001)
  );
#470 = CARTESIAN_POINT('',(5.125018044978,1.641234170791E-07,
    -1.343753437396));
#471 = CARTESIAN_POINT('',(5.125020300617,1.436092262885E-07,
    0.343746992252));
#472 = CARTESIAN_POINT('',(5.125021229544,-0.731847404641,0.309655948557
    ));
#473 = CARTESIAN_POINT('',(5.010092010923,-1.463699562751,0.275564385938
    ));
#474 = CARTESIAN_POINT('',(4.780160484075,-2.175493964853,0.241473694596
    ));
#475 = CARTESIAN_POINT('',(4.439200709578,-2.847152507343,0.207383291965
    ));
#476 = CARTESIAN_POINT('',(3.995113641576,-3.459499222135,0.173292632822
    ));
#477 = CARTESIAN_POINT('',(3.459485904069,-3.99512849473,0.13920165393)
  );
#478 = CARTESIAN_POINT('',(2.847142273428,-4.439206745403,0.105110550781
    ));
#479 = CARTESIAN_POINT('',(2.175489944991,-4.78014392419,
    7.101947979721E-02));
#480 = CARTESIAN_POINT('',(1.463707414774,-5.01006259432,
    3.692847211102E-02));
#481 = CARTESIAN_POINT('',(8.25920032244E-06,-5.239981392735,
    -3.125339034916E-02));
#482 = CARTESIAN_POINT('',(-1.463699832085,-5.010063696476,
    -9.943506329338E-02));
#483 = CARTESIAN_POINT('',(-2.175491008319,-4.780145997668,
    -0.133525875922));
#484 = CARTESIAN_POINT('',(-2.847155117493,-4.439207945141,
    -0.167616726697));
#485 = CARTESIAN_POINT('',(-3.459508259106,-3.995129983502,
    -0.201707645448));
#486 = CARTESIAN_POINT('',(-3.995137414601,-3.459499718507,
    -0.235798615123));
#487 = CARTESIAN_POINT('',(-4.439211889634,-2.847148355096,
    -0.269889591566));
#488 = CARTESIAN_POINT('',(-4.780145480298,-2.17548825555,
    -0.303980535973));
#489 = CARTESIAN_POINT('',(-5.010059433348,-1.463701675478,
    -0.338071441129));
#490 = CARTESIAN_POINT('',(-5.35493055139,0.731850662696,-0.440344113345
    ));
#491 = CARTESIAN_POINT('',(-4.665187371731,2.927402852653,
    -0.542616785559));
#492 = CARTESIAN_POINT('',(-3.745527486303,4.23059299503,-0.610798813883
    ));
#493 = CARTESIAN_POINT('',(-2.429084609179,5.212765785948,
    -0.678980280157));
#494 = CARTESIAN_POINT('',(-0.841782581184,5.741693410768,
    -0.747164514638));
#495 = CARTESIAN_POINT('',(0.841836160986,5.741653346321,-0.815340854334
    ));
#496 = CARTESIAN_POINT('',(2.429119834628,5.212751494993,-0.883525058241
    ));
#497 = CARTESIAN_POINT('',(3.745348599599,4.230615998644,-0.951712177585
    ));
#498 = CARTESIAN_POINT('',(4.665271125825,2.927407627654,-1.019887186937
    ));
#499 = CARTESIAN_POINT('',(5.125021336988,1.463695260626,-1.08807135007)
  );
#500 = CARTESIAN_POINT('',(5.125023200699,1.641267539654E-07,
    -1.156253437467));
#501 = ADVANCED_FACE('',(#502),#511,.F.);
#502 = FACE_BOUND('',#503,.F.);
#503 = EDGE_LOOP('',(#504,#505,#510));
#504 = ORIENTED_EDGE('',*,*,#138,.F.);
#505 = ORIENTED_EDGE('',*,*,#506,.T.);
#506 = EDGE_CURVE('',#112,#399,#507,.T.);
#507 = B_SPLINE_CURVE_WITH_KNOTS('',1,(#508,#509),.UNSPECIFIED.,.F.,.F.,
  (2,2),(0.,1.3105),.PIECEWISE_BEZIER_KNOTS.);
#508 = CARTESIAN_POINT('',(3.990073732693,-1.160185001257E-06,
    -0.49897570114));
#509 = CARTESIAN_POINT('',(5.125015789361,1.436067664225E-07,
    0.156246992306));
#510 = ORIENTED_EDGE('',*,*,#398,.T.);
#511 = B_SPLINE_SURFACE_WITH_KNOTS('',1,9,(
    (#512,#513,#514,#515,#516,#517,#518,#519,#520,#521,#522,#523,#524
      ,#525,#526,#527,#528,#529,#530,#531,#532,#533,#534,#535,#536,#537
      ,#538,#539,#540,#541,#542)
    ,(#543,#544,#545,#546,#547,#548,#549,#550,#551,#552,#553,#554,#555
      ,#556,#557,#558,#559,#560,#561,#562,#563,#564,#565,#566,#567,#568
      ,#569,#570,#571,#572,#573
    )),.UNSPECIFIED.,.F.,.F.,.F.,(2,2),(10,7,7,7,10),(0.,1.3105),(0.,
    1.614938419963,3.229876839926,4.844815259889,6.459753679852),
  .UNSPECIFIED.);
#512 = CARTESIAN_POINT('',(3.990073732694,-1.160185091997E-06,
    -0.49897570114));
#513 = CARTESIAN_POINT('',(3.990073531594,-0.696438376355,
    -0.540641038834));
#514 = CARTESIAN_POINT('',(3.853357608587,-1.392764357824,
    -0.582299972199));
#515 = CARTESIAN_POINT('',(3.579884043007,-2.058490957634,
    -0.623974560887));
#516 = CARTESIAN_POINT('',(3.177664953814,-2.662884791052,
    -0.665645124754));
#517 = CARTESIAN_POINT('',(2.662838573858,-3.177679401944,-0.70730979056
    ));
#518 = CARTESIAN_POINT('',(2.058505861494,-3.579862591241,
    -0.748974461018));
#519 = CARTESIAN_POINT('',(1.392799601408,-3.853335490206,
    -0.790639746211));
#520 = CARTESIAN_POINT('',(8.334851203151E-06,-4.126811045134,
    -0.873972408492));
#521 = CARTESIAN_POINT('',(-1.392800668856,-3.853336185701,
    -0.957307409645));
#522 = CARTESIAN_POINT('',(-2.05852403514,-3.579860422738,
    -0.998975121565));
#523 = CARTESIAN_POINT('',(-2.662874580552,-3.177676368402,
    -1.040641857409));
#524 = CARTESIAN_POINT('',(-3.177685084847,-2.662862358144,
    -1.082307709661));
#525 = CARTESIAN_POINT('',(-3.579860916793,-2.058517277966,
    -1.123973650666));
#526 = CARTESIAN_POINT('',(-3.853332721117,-1.392801592918,
    -1.165640269782));
#527 = CARTESIAN_POINT('',(-4.126804416463,1.285715237738E-06,
    -1.248973965507));
#528 = CARTESIAN_POINT('',(-3.85333185256,1.392803993811,-1.332307661232
    ));
#529 = CARTESIAN_POINT('',(-3.579859633453,2.058519508234,
    -1.373974280348));
#530 = CARTESIAN_POINT('',(-3.177683426741,2.66286433821,-1.415640221353
    ));
#531 = CARTESIAN_POINT('',(-2.662872602556,3.177678029194,
    -1.457306073605));
#532 = CARTESIAN_POINT('',(-2.058521805548,3.579861707544,
    -1.498972809448));
#533 = CARTESIAN_POINT('',(-1.3927982681,3.853337053649,-1.540640521368)
  );
#534 = CARTESIAN_POINT('',(1.090619597674E-05,4.126811042039,
    -1.623975522521));
#535 = CARTESIAN_POINT('',(1.392802002163,3.85333462054,-1.707308184804)
  );
#536 = CARTESIAN_POINT('',(2.05850809259,3.579861309531,-1.748973469997)
  );
#537 = CARTESIAN_POINT('',(2.662840554056,3.177677746871,-1.790638140455
    ));
#538 = CARTESIAN_POINT('',(3.177666622288,2.662882820366,-1.832302806258
    ));
#539 = CARTESIAN_POINT('',(3.579885327697,2.058488719758,-1.873973370124
    ));
#540 = CARTESIAN_POINT('',(3.853358461709,1.392761956343,-1.915647958815
    ));
#541 = CARTESIAN_POINT('',(3.990073966236,0.696435890244,-1.957306892181
    ));
#542 = CARTESIAN_POINT('',(3.99007373622,-1.325925856519E-06,
    -1.998972229874));
#543 = CARTESIAN_POINT('',(5.125015789361,1.436066763283E-07,
    0.156246992306));
#544 = CARTESIAN_POINT('',(5.125016677982,-0.894479349722,0.114580161129
    ));
#545 = CARTESIAN_POINT('',(4.949428828782,-1.788965836955,
    7.291253717911E-02));
#546 = CARTESIAN_POINT('',(4.598114633808,-2.644050604194,
    3.1246851129E-02));
#547 = CARTESIAN_POINT('',(4.081525765144,-3.42028698664,
    -1.041933304161E-02));
#548 = CARTESIAN_POINT('',(3.420276775031,-4.081545753384,
    -5.208624746458E-02));
#549 = CARTESIAN_POINT('',(2.644036962249,-4.598120732041,
    -9.375316119433E-02));
#550 = CARTESIAN_POINT('',(1.788972005948,-4.949384764462,
    -0.135419998883));
#551 = CARTESIAN_POINT('',(9.441533641629E-06,-5.300648981546,
    -0.218753415284));
#552 = CARTESIAN_POINT('',(-1.788966810251,-4.949386292702,
    -0.302086542161));
#553 = CARTESIAN_POINT('',(-2.644044852013,-4.598123697459,
    -0.343753079437));
#554 = CARTESIAN_POINT('',(-3.420301583372,-4.081544490058,
    -0.385419737543));
#555 = CARTESIAN_POINT('',(-4.08155242631,-3.420291790158,
    -0.427086505021));
#556 = CARTESIAN_POINT('',(-4.598125889129,-2.644038636425,
    -0.468753261518));
#557 = CARTESIAN_POINT('',(-4.949382917106,-1.788967000567,
    -0.51041993407));
#558 = CARTESIAN_POINT('',(-5.300640339017,-1.193649272342E-07,
    -0.593753222544));
#559 = CARTESIAN_POINT('',(-4.949382542318,1.788966688249,
    -0.677086511018));
#560 = CARTESIAN_POINT('',(-4.598125568802,2.644038195447,-0.71875318357
    ));
#561 = CARTESIAN_POINT('',(-4.081553304737,3.420291626282,
    -0.760419940067));
#562 = CARTESIAN_POINT('',(-3.420303070334,4.081545329218,
    -0.802086707546));
#563 = CARTESIAN_POINT('',(-2.644045722782,4.59812495206,-0.843753365651
    ));
#564 = CARTESIAN_POINT('',(-1.788967208714,4.949386272359,
    -0.885419902927));
#565 = CARTESIAN_POINT('',(9.146477608618E-06,5.300647001363,
    -0.968753029805));
#566 = CARTESIAN_POINT('',(1.788971607484,4.949383690809,-1.052086446206
    ));
#567 = CARTESIAN_POINT('',(2.644037059321,4.598121468769,-1.093753283871
    ));
#568 = CARTESIAN_POINT('',(3.420276695547,4.081548584102,-1.135420197689
    ));
#569 = CARTESIAN_POINT('',(4.081531549002,3.420293142394,-1.177087111964
    ));
#570 = CARTESIAN_POINT('',(4.59811576313,2.644046130585,-1.218753296274)
  );
#571 = CARTESIAN_POINT('',(4.949419276965,1.788965795096,-1.260418982251
    ));
#572 = CARTESIAN_POINT('',(5.125017152777,0.894479657452,-1.302086606216
    ));
#573 = CARTESIAN_POINT('',(5.125018044978,1.641234174673E-07,
    -1.343753437396));
#574 = ADVANCED_FACE('',(#575),#718,.F.);
#575 = FACE_BOUND('',#576,.F.);
#576 = EDGE_LOOP('',(#577,#675,#682,#716,#717));
#577 = ORIENTED_EDGE('',*,*,#578,.F.);
#578 = EDGE_CURVE('',#579,#103,#581,.T.);
#579 = VERTEX_POINT('',#580);
#580 = CARTESIAN_POINT('',(4.375,-6.154212532512E-07,1.223247529411));
#581 = B_SPLINE_CURVE_WITH_KNOTS('',8,(#582,#583,#584,#585,#586,#587,
    #588,#589,#590,#591,#592,#593,#594,#595,#596,#597,#598,#599,#600,
    #601,#602,#603,#604,#605,#606,#607,#608,#609,#610,#611,#612,#613,
    #614,#615,#616,#617,#618,#619,#620,#621,#622,#623,#624,#625,#626,
    #627,#628,#629,#630,#631,#632,#633,#634,#635,#636,#637,#638,#639,
    #640,#641,#642,#643,#644,#645,#646,#647,#648,#649,#650,#651,#652,
    #653,#654,#655,#656,#657,#658,#659,#660,#661,#662,#663,#664,#665,
    #666,#667,#668,#669,#670,#671,#672,#673,#674),.UNSPECIFIED.,.F.,.F.,
  (9,7,7,7,7,7,7,7,7,7,7,7,7,9),(0.,4.491299146821E-02,0.133111587439,
    0.219605499356,0.271197273348,0.374344643376,0.501573809215,
    0.526371237525,0.626370184426,0.735421028932,0.786058142452,
    0.867901344897,0.954801294378,1.),.UNSPECIFIED.);
#582 = CARTESIAN_POINT('',(4.375,-6.154212517373E-07,1.223247529411));
#583 = CARTESIAN_POINT('',(4.374999978293,-0.154314631655,1.214827405186
    ));
#584 = CARTESIAN_POINT('',(4.368779363434,-0.308629915758,1.206406299957
    ));
#585 = CARTESIAN_POINT('',(4.356338304116,-0.462651859135,1.197984866879
    ));
#586 = CARTESIAN_POINT('',(4.33769334367,-0.616087818903,1.189563452837)
  );
#587 = CARTESIAN_POINT('',(4.312877401631,-0.768647288712,1.181142196916
    ));
#588 = CARTESIAN_POINT('',(4.281939755297,-0.920042069566,1.172721128867
    ));
#589 = CARTESIAN_POINT('',(4.24494602129,-1.069986440643,1.164300267578)
  );
#590 = CARTESIAN_POINT('',(4.117599276328,-1.509248803919,1.13934373542)
  );
#591 = CARTESIAN_POINT('',(4.010168083274,-1.79366380687,1.122806254894)
  );
#592 = CARTESIAN_POINT('',(3.880308868233,-2.069246821688,1.106270535028
    ));
#593 = CARTESIAN_POINT('',(3.728889480631,-2.333941396007,1.089736255687
    ));
#594 = CARTESIAN_POINT('',(3.556985206965,-2.585814363977,1.073201610032
    ));
#595 = CARTESIAN_POINT('',(3.365864798105,-2.823053728328,1.05666512171)
  );
#596 = CARTESIAN_POINT('',(3.156998626003,-3.043980202924,1.040127188725
    ));
#597 = CARTESIAN_POINT('',(2.711526320463,-3.446239304716,1.007375120418
    ));
#598 = CARTESIAN_POINT('',(2.475472076893,-3.62831094012,0.991156415301)
  );
#599 = CARTESIAN_POINT('',(2.225515270069,-3.79183842658,0.974938493782)
  );
#600 = CARTESIAN_POINT('',(1.963369010926,-3.935599352836,0.958721753246
    ));
#601 = CARTESIAN_POINT('',(1.690850493266,-4.058568893239,0.942505109899
    ));
#602 = CARTESIAN_POINT('',(1.409871382444,-4.15991164581,0.926287411908)
  );
#603 = CARTESIAN_POINT('',(1.122438589818,-4.238994206885,0.910068889103
    ));
#604 = CARTESIAN_POINT('',(0.65662896692,-4.329074359419,0.88417999202)
  );
#605 = CARTESIAN_POINT('',(0.481031089963,-4.354671838261,0.874507215127
    ));
#606 = CARTESIAN_POINT('',(0.304311404983,-4.372126171998,0.864834528347
    ));
#607 = CARTESIAN_POINT('',(0.126911072743,-4.381381374561,0.855161934063
    ));
#608 = CARTESIAN_POINT('',(-5.072755163909E-02,-4.382410229981,
    0.845489326956));
#609 = CARTESIAN_POINT('',(-0.228161282229,-4.375214301688,
    0.835816603703));
#610 = CARTESIAN_POINT('',(-0.4049464658,-4.359823941809,0.826143772672)
  );
#611 = CARTESIAN_POINT('',(-0.931901902514,-4.289263514778,
    0.797132428368));
#612 = CARTESIAN_POINT('',(-1.278906434677,-4.209696469877,
    0.777788459515));
#613 = CARTESIAN_POINT('',(-1.617989898893,-4.09805837273,0.75844661828)
  );
#614 = CARTESIAN_POINT('',(-1.945706142108,-3.955312937359,
    0.739107516638));
#615 = CARTESIAN_POINT('',(-2.258794918704,-3.782832221155,
    0.719768370891));
#616 = CARTESIAN_POINT('',(-2.554179603992,-3.582361324104,
    0.700426436241));
#617 = CARTESIAN_POINT('',(-2.828993603683,-3.356041950924,
    0.681082422351));
#618 = CARTESIAN_POINT('',(-3.391028088606,-2.798686006369,
    0.637890394161));
#619 = CARTESIAN_POINT('',(-3.666466924952,-2.455239331718,0.61402232652
    ));
#620 = CARTESIAN_POINT('',(-3.901849188059,-2.081061120851,
    0.590162955966));
#621 = CARTESIAN_POINT('',(-4.093324096702,-1.681693392485,
    0.566310127284));
#622 = CARTESIAN_POINT('',(-4.237913797328,-1.263063323078,0.54245725329
    ));
#623 = CARTESIAN_POINT('',(-4.333569266117,-0.831479851742,
    0.518597985183));
#624 = CARTESIAN_POINT('',(-4.379132434927,-0.393590737983,
    0.494729923224));
#625 = CARTESIAN_POINT('',(-4.373935857021,0.128721093339,0.466227273989
    ));
#626 = CARTESIAN_POINT('',(-4.371192090197,0.213897885644,0.4615781157)
  );
#627 = CARTESIAN_POINT('',(-4.366552679108,0.299006540815,0.456928936842
    ));
#628 = CARTESIAN_POINT('',(-4.360019648576,0.383997823564,0.452279738643
    ));
#629 = CARTESIAN_POINT('',(-4.35159655217,0.46882263691,0.44763052242));
#630 = CARTESIAN_POINT('',(-4.341288472211,0.553432022175,0.442981289586
    ));
#631 = CARTESIAN_POINT('',(-4.329102019769,0.637777158986,0.438332041645
    ));
#632 = CARTESIAN_POINT('',(-4.258359871564,1.060680478421,0.414934011452
    ));
#633 = CARTESIAN_POINT('',(-4.171246156044,1.394546296474,0.396180551471
    ));
#634 = CARTESIAN_POINT('',(-4.05423394626,1.720093013765,0.377428928307)
  );
#635 = CARTESIAN_POINT('',(-3.908287889054,2.034207747077,0.358679776576
    ));
#636 = CARTESIAN_POINT('',(-3.734729780588,2.333950793738,0.339930762691
    ));
#637 = CARTESIAN_POINT('',(-3.535209180948,2.616553053099,0.32117951817)
  );
#638 = CARTESIAN_POINT('',(-3.311722382717,2.879438611405,0.302426581003
    ));
#639 = CARTESIAN_POINT('',(-2.799455840997,3.382906634359,0.263233020182
    ));
#640 = CARTESIAN_POINT('',(-2.50643524283,3.619475106064,0.242781033491)
  );
#641 = CARTESIAN_POINT('',(-2.190713523208,3.826878010963,0.222332896342
    ));
#642 = CARTESIAN_POINT('',(-1.855720506696,4.002625850831,0.201887988273
    ));
#643 = CARTESIAN_POINT('',(-1.505130332495,4.144732055604,0.181442964896
    ));
#644 = CARTESIAN_POINT('',(-1.142833194961,4.25167618236,0.160994554042)
  );
#645 = CARTESIAN_POINT('',(-0.772945221782,4.322449070793,0.14054230947)
  );
#646 = CARTESIAN_POINT('',(-0.2265804937,4.372591395518,0.110603182611)
  );
#647 = CARTESIAN_POINT('',(-5.260264644308E-02,4.380617613662,
    0.101109291949));
#648 = CARTESIAN_POINT('',(0.121679148242,4.38073145563,
    9.161544401069E-02));
#649 = CARTESIAN_POINT('',(0.295844620163,4.372921185943,
    8.212167076017E-02));
#650 = CARTESIAN_POINT('',(0.469474986796,4.357201751384,
    7.262790794494E-02));
#651 = CARTESIAN_POINT('',(0.642153278824,4.333614755053,
    6.313409155105E-02));
#652 = CARTESIAN_POINT('',(0.813464665673,4.302228430437,
    5.364025425578E-02));
#653 = CARTESIAN_POINT('',(1.257006302441,4.199956338722,
    2.880235712299E-02));
#654 = CARTESIAN_POINT('',(1.526404874007,4.116640362793,
    1.345657822052E-02));
#655 = CARTESIAN_POINT('',(1.789420899863,4.013590447935,
    -1.888277672497E-03));
#656 = CARTESIAN_POINT('',(2.044371404603,3.891391668199,
    -1.723203137394E-02));
#657 = CARTESIAN_POINT('',(2.289653588647,3.750789512317,
    -3.257568502977E-02));
#658 = CARTESIAN_POINT('',(2.52374415504,3.592680792696,
    -4.792030961571E-02));
#659 = CARTESIAN_POINT('',(2.745206407681,3.418119362545,
    -6.326589658483E-02));
#660 = CARTESIAN_POINT('',(3.173024306536,3.026828044065,
    -9.49025090393E-02));
#661 = CARTESIAN_POINT('',(3.37765749703,2.808107551091,-0.111197479433)
  );
#662 = CARTESIAN_POINT('',(3.564987775143,2.57363953268,-0.127491948538)
  );
#663 = CARTESIAN_POINT('',(3.733616256229,2.325036159286,-0.143785840636
    ));
#664 = CARTESIAN_POINT('',(3.882334476688,2.064034167077,-0.160080258523
    ));
#665 = CARTESIAN_POINT('',(4.010116980967,1.792484216321,-0.176375902198
    ));
#666 = CARTESIAN_POINT('',(4.116134107226,1.512352842394,-0.192671788326
    ));
#667 = CARTESIAN_POINT('',(4.243293751819,1.076661364845,-0.217438373239
    ));
#668 = CARTESIAN_POINT('',(4.280755342506,0.925819152099,-0.225912245196
    ));
#669 = CARTESIAN_POINT('',(4.312085696786,0.773498762088,-0.234385726126
    ));
#670 = CARTESIAN_POINT('',(4.337217501272,0.619991321839,-0.242858782792
    ));
#671 = CARTESIAN_POINT('',(4.356100200637,0.465590523553,-0.251331512137
    ));
#672 = CARTESIAN_POINT('',(4.368700022105,0.310592463644,-0.259804144516
    ));
#673 = CARTESIAN_POINT('',(4.374999999952,0.155295481795,-0.26827704692)
  );
#674 = CARTESIAN_POINT('',(4.375,-8.881784197001E-16,-0.276750726195));
#675 = ORIENTED_EDGE('',*,*,#676,.T.);
#676 = EDGE_CURVE('',#579,#677,#679,.T.);
#677 = VERTEX_POINT('',#678);
#678 = CARTESIAN_POINT('',(5.125013533743,1.230903835633E-07,1.656247422
    ));
#679 = B_SPLINE_CURVE_WITH_KNOTS('',1,(#680,#681),.UNSPECIFIED.,.F.,.F.,
  (2,2),(0.,1.3105),.PIECEWISE_BEZIER_KNOTS.);
#680 = CARTESIAN_POINT('',(3.990073729179,-9.944444524433E-07,
    1.001020827596));
#681 = CARTESIAN_POINT('',(5.125013533743,1.230903801332E-07,1.656247422
    ));
#682 = ORIENTED_EDGE('',*,*,#683,.T.);
#683 = EDGE_CURVE('',#677,#399,#684,.T.);
#684 = B_SPLINE_CURVE_WITH_KNOTS('',9,(#685,#686,#687,#688,#689,#690,
    #691,#692,#693,#694,#695,#696,#697,#698,#699,#700,#701,#702,#703,
    #704,#705,#706,#707,#708,#709,#710,#711,#712,#713,#714,#715),
  .UNSPECIFIED.,.F.,.F.,(10,7,7,7,10),(0.,1.614938419963,3.229876839926,
    4.844815259889,6.459753679852),.UNSPECIFIED.);
#685 = CARTESIAN_POINT('',(5.125013533743,1.23090380999E-07,1.656247422)
  );
#686 = CARTESIAN_POINT('',(5.125014418785,-0.894478976644,1.614580590826
    ));
#687 = CARTESIAN_POINT('',(4.949426643271,-1.788965069344,1.572912966893
    ));
#688 = CARTESIAN_POINT('',(4.598112599563,-2.644049458848,1.531247280825
    ));
#689 = CARTESIAN_POINT('',(4.081523955089,-3.420285497687,1.489581096647
    ));
#690 = CARTESIAN_POINT('',(3.420275253341,-4.081543970702,1.447914182227
    ));
#691 = CARTESIAN_POINT('',(2.644035780143,-4.59811871891,1.406247268502)
  );
#692 = CARTESIAN_POINT('',(1.788971198773,-4.949382593306,1.364580430817
    ));
#693 = CARTESIAN_POINT('',(9.420314749588E-06,-5.300646648631,
    1.281247014417));
#694 = CARTESIAN_POINT('',(-1.788966042711,-4.949384107221,
    1.197913887536));
#695 = CARTESIAN_POINT('',(-2.644043706737,-4.59812166315,1.156247350258
    ));
#696 = CARTESIAN_POINT('',(-3.420300094377,-4.081542679994,
    1.114580692152));
#697 = CARTESIAN_POINT('',(-4.081550643629,-3.420290268485,
    1.072913924675));
#698 = CARTESIAN_POINT('',(-4.598123875985,-2.644037454339,1.03124716818
    ));
#699 = CARTESIAN_POINT('',(-4.949380745947,-1.788966193406,
    0.989580495628));
#700 = CARTESIAN_POINT('',(-5.300638006104,-9.81453581198E-08,
    0.906247207154));
#701 = CARTESIAN_POINT('',(-4.949380356836,1.788965920715,0.822913918679
    ));
#702 = CARTESIAN_POINT('',(-4.598123534489,2.644037050176,0.781247246127
    ));
#703 = CARTESIAN_POINT('',(-4.081551494672,3.420290137288,0.739580489632
    ));
#704 = CARTESIAN_POINT('',(-3.420301548661,4.081543546539,0.697913722154
    ));
#705 = CARTESIAN_POINT('',(-2.644044540692,4.598122938921,0.656247064049
    ));
#706 = CARTESIAN_POINT('',(-1.788966401547,4.949384101201,0.614580526771
    ));
#707 = CARTESIAN_POINT('',(9.167697793382E-06,5.300644668446,
    0.531247399889));
#708 = CARTESIAN_POINT('',(1.788970839937,4.949381505329,0.44791398349)
  );
#709 = CARTESIAN_POINT('',(2.64403591403,4.598119434469,0.406247145828)
  );
#710 = CARTESIAN_POINT('',(3.420275206536,4.081546774037,0.364580232015)
  );
#711 = CARTESIAN_POINT('',(4.081529766332,3.420291620767,0.322913317743)
  );
#712 = CARTESIAN_POINT('',(4.598113750057,2.644044948422,0.281247133425)
  );
#713 = CARTESIAN_POINT('',(4.949417105773,1.788964987858,0.23958144743)
  );
#714 = CARTESIAN_POINT('',(5.12501490074,0.894479243341,0.197913823482)
  );
#715 = CARTESIAN_POINT('',(5.125015789361,1.436067664225E-07,
    0.156246992306));
#716 = ORIENTED_EDGE('',*,*,#506,.F.);
#717 = ORIENTED_EDGE('',*,*,#111,.T.);
#718 = B_SPLINE_SURFACE_WITH_KNOTS('',1,9,(
    (#719,#720,#721,#722,#723,#724,#725,#726,#727,#728,#729,#730,#731
      ,#732,#733,#734,#735,#736,#737,#738,#739,#740,#741,#742,#743,#744
      ,#745,#746,#747,#748,#749)
    ,(#750,#751,#752,#753,#754,#755,#756,#757,#758,#759,#760,#761,#762
      ,#763,#764,#765,#766,#767,#768,#769,#770,#771,#772,#773,#774,#775
      ,#776,#777,#778,#779,#780
    )),.UNSPECIFIED.,.F.,.F.,.F.,(2,2),(10,7,7,7,10),(0.,1.3105),(0.,
    1.614938419963,3.229876839926,4.844815259889,6.459753679852),
  .UNSPECIFIED.);
#719 = CARTESIAN_POINT('',(3.990073729179,-9.944444503418E-07,
    1.001020827596));
#720 = CARTESIAN_POINT('',(3.990073556996,-0.69643821,0.959355489902));
#721 = CARTESIAN_POINT('',(3.853357663021,-1.39276419653,0.917696556536)
  );
#722 = CARTESIAN_POINT('',(3.579884125364,-2.058490807109,0.876021967849
    ));
#723 = CARTESIAN_POINT('',(3.177665061633,-2.662884656722,0.83435140398)
  );
#724 = CARTESIAN_POINT('',(2.662838703504,-3.177679288535,0.792686738177
    ));
#725 = CARTESIAN_POINT('',(2.058506008379,-3.579862502576,0.751022067717
    ));
#726 = CARTESIAN_POINT('',(1.392799760239,-3.853335428948,0.709356782525
    ));
#727 = CARTESIAN_POINT('',(8.506271791363E-06,-4.126811041487,
    0.626024120243));
#728 = CARTESIAN_POINT('',(-1.392800507567,-3.853336240155,
    0.542689119091));
#729 = CARTESIAN_POINT('',(-2.058523884624,-3.579860505089,0.50102140717
    ));
#730 = CARTESIAN_POINT('',(-2.66287444621,-3.177676476211,0.459354671327
    ));
#731 = CARTESIAN_POINT('',(-3.177684971434,-2.66286248779,0.417688819074
    ));
#732 = CARTESIAN_POINT('',(-3.579860828127,-2.058517424851,0.37602287807
    ));
#733 = CARTESIAN_POINT('',(-3.853332659862,-1.39280175175,0.334356258954
    ));
#734 = CARTESIAN_POINT('',(-4.126804412821,1.114294694039E-06,
    0.251022563229));
#735 = CARTESIAN_POINT('',(-3.853331907014,1.392803832521,0.167688867503
    ));
#736 = CARTESIAN_POINT('',(-3.579859715801,2.058519357717,0.126022248387
    ));
#737 = CARTESIAN_POINT('',(-3.177683534546,2.662864203864,
    8.435630738284E-02));
#738 = CARTESIAN_POINT('',(-2.662872732199,3.177677915777,
    4.269045512985E-02));
#739 = CARTESIAN_POINT('',(-2.058521952432,3.579861618875,
    1.023719288032E-03));
#740 = CARTESIAN_POINT('',(-1.392798426932,3.853336992394,
    -4.064399263305E-02));
#741 = CARTESIAN_POINT('',(1.073477545604E-05,4.126811038402,
    -0.123978993786));
#742 = CARTESIAN_POINT('',(1.392801840873,3.853334674998,-0.207311656069
    ));
#743 = CARTESIAN_POINT('',(2.058507942071,3.579861391879,-0.248976941261
    ));
#744 = CARTESIAN_POINT('',(2.66284041971,3.177677854671,-0.29064161172)
  );
#745 = CARTESIAN_POINT('',(3.17766650886,2.662882949997,-0.332306277522)
  );
#746 = CARTESIAN_POINT('',(3.579885239023,2.05848886665,-0.373976841389)
  );
#747 = CARTESIAN_POINT('',(3.853358400475,1.392762115178,-0.415651430079
    ));
#748 = CARTESIAN_POINT('',(3.990073933792,0.696436055371,-0.457310363445
    ));
#749 = CARTESIAN_POINT('',(3.990073732693,-1.160185001257E-06,
    -0.49897570114));
#750 = CARTESIAN_POINT('',(5.125013533743,1.23090380999E-07,1.656247422)
  );
#751 = CARTESIAN_POINT('',(5.125014418785,-0.894478976644,1.614580590826
    ));
#752 = CARTESIAN_POINT('',(4.949426643271,-1.788965069344,1.572912966893
    ));
#753 = CARTESIAN_POINT('',(4.598112599563,-2.644049458848,1.531247280825
    ));
#754 = CARTESIAN_POINT('',(4.081523955089,-3.420285497687,1.489581096647
    ));
#755 = CARTESIAN_POINT('',(3.420275253341,-4.081543970702,1.447914182227
    ));
#756 = CARTESIAN_POINT('',(2.644035780143,-4.59811871891,1.406247268502)
  );
#757 = CARTESIAN_POINT('',(1.788971198773,-4.949382593306,1.364580430817
    ));
#758 = CARTESIAN_POINT('',(9.420314749588E-06,-5.300646648631,
    1.281247014417));
#759 = CARTESIAN_POINT('',(-1.788966042711,-4.949384107221,
    1.197913887536));
#760 = CARTESIAN_POINT('',(-2.644043706737,-4.59812166315,1.156247350258
    ));
#761 = CARTESIAN_POINT('',(-3.420300094377,-4.081542679994,
    1.114580692152));
#762 = CARTESIAN_POINT('',(-4.081550643629,-3.420290268485,
    1.072913924675));
#763 = CARTESIAN_POINT('',(-4.598123875985,-2.644037454339,1.03124716818
    ));
#764 = CARTESIAN_POINT('',(-4.949380745947,-1.788966193406,
    0.989580495628));
#765 = CARTESIAN_POINT('',(-5.300638006104,-9.81453581198E-08,
    0.906247207154));
#766 = CARTESIAN_POINT('',(-4.949380356836,1.788965920715,0.822913918679
    ));
#767 = CARTESIAN_POINT('',(-4.598123534489,2.644037050176,0.781247246127
    ));
#768 = CARTESIAN_POINT('',(-4.081551494672,3.420290137288,0.739580489632
    ));
#769 = CARTESIAN_POINT('',(-3.420301548661,4.081543546539,0.697913722154
    ));
#770 = CARTESIAN_POINT('',(-2.644044540692,4.598122938921,0.656247064049
    ));
#771 = CARTESIAN_POINT('',(-1.788966401547,4.949384101201,0.614580526771
    ));
#772 = CARTESIAN_POINT('',(9.167697793382E-06,5.300644668446,
    0.531247399889));
#773 = CARTESIAN_POINT('',(1.788970839937,4.949381505329,0.44791398349)
  );
#774 = CARTESIAN_POINT('',(2.64403591403,4.598119434469,0.406247145828)
  );
#775 = CARTESIAN_POINT('',(3.420275206536,4.081546774037,0.364580232015)
  );
#776 = CARTESIAN_POINT('',(4.081529766332,3.420291620767,0.322913317743)
  );
#777 = CARTESIAN_POINT('',(4.598113750057,2.644044948422,0.281247133425)
  );
#778 = CARTESIAN_POINT('',(4.949417105773,1.788964987858,0.23958144743)
  );
#779 = CARTESIAN_POINT('',(5.12501490074,0.894479243341,0.197913823482)
  );
#780 = CARTESIAN_POINT('',(5.125015789361,1.436067664225E-07,
    0.156246992306));
#781 = ADVANCED_FACE('',(#782),#793,.F.);
#782 = FACE_BOUND('',#783,.T.);
#783 = EDGE_LOOP('',(#784,#785,#791,#792));
#784 = ORIENTED_EDGE('',*,*,#578,.F.);
#785 = ORIENTED_EDGE('',*,*,#786,.T.);
#786 = EDGE_CURVE('',#579,#236,#787,.T.);
#787 = LINE('',#788,#789);
#788 = CARTESIAN_POINT('',(4.375,0.,10.));
#789 = VECTOR('',#790,1.);
#790 = DIRECTION('',(-7.105427357601E-17,0.,-1.));
#791 = ORIENTED_EDGE('',*,*,#242,.T.);
#792 = ORIENTED_EDGE('',*,*,#102,.T.);
#793 = CYLINDRICAL_SURFACE('',#794,4.375);
#794 = AXIS2_PLACEMENT_3D('',#795,#796,#797);
#795 = CARTESIAN_POINT('',(0.,0.,10.));
#796 = DIRECTION('',(-0.,-0.,-1.));
#797 = DIRECTION('',(1.,0.,0.));
#798 = ADVANCED_FACE('',(#799),#954,.T.);
#799 = FACE_BOUND('',#800,.F.);
#800 = EDGE_LOOP('',(#801,#809,#810,#811,#820,#828,#837,#845,#854,#862,
    #871,#879,#888,#896,#905,#913,#922,#930,#939,#947));
#801 = ORIENTED_EDGE('',*,*,#802,.F.);
#802 = EDGE_CURVE('',#184,#803,#805,.T.);
#803 = VERTEX_POINT('',#804);
#804 = CARTESIAN_POINT('',(17.55,0.,7.71368));
#805 = LINE('',#806,#807);
#806 = CARTESIAN_POINT('',(17.55,0.,5.));
#807 = VECTOR('',#808,1.);
#808 = DIRECTION('',(0.,0.,1.));
#809 = ORIENTED_EDGE('',*,*,#183,.F.);
#810 = ORIENTED_EDGE('',*,*,#802,.T.);
#811 = ORIENTED_EDGE('',*,*,#812,.F.);
#812 = EDGE_CURVE('',#813,#803,#815,.T.);
#813 = VERTEX_POINT('',#814);
#814 = CARTESIAN_POINT('',(17.548219282879,0.25,7.71368));
#815 = CIRCLE('',#816,17.55);
#816 = AXIS2_PLACEMENT_3D('',#817,#818,#819);
#817 = CARTESIAN_POINT('',(0.,0.,7.71368));
#818 = DIRECTION('',(0.,0.,-1.));
#819 = DIRECTION('',(1.,0.,0.));
#820 = ORIENTED_EDGE('',*,*,#821,.F.);
#821 = EDGE_CURVE('',#822,#813,#824,.T.);
#822 = VERTEX_POINT('',#823);
#823 = CARTESIAN_POINT('',(17.548219282879,0.25,25.));
#824 = LINE('',#825,#826);
#825 = CARTESIAN_POINT('',(17.548219282879,0.25,5.));
#826 = VECTOR('',#827,1.);
#827 = DIRECTION('',(-0.,-0.,-1.));
#828 = ORIENTED_EDGE('',*,*,#829,.T.);
#829 = EDGE_CURVE('',#822,#830,#832,.T.);
#830 = VERTEX_POINT('',#831);
#831 = CARTESIAN_POINT('',(0.25,17.548219282879,25.));
#832 = CIRCLE('',#833,17.55);
#833 = AXIS2_PLACEMENT_3D('',#834,#835,#836);
#834 = CARTESIAN_POINT('',(0.,0.,25.));
#835 = DIRECTION('',(0.,0.,1.));
#836 = DIRECTION('',(1.,0.,0.));
#837 = ORIENTED_EDGE('',*,*,#838,.T.);
#838 = EDGE_CURVE('',#830,#839,#841,.T.);
#839 = VERTEX_POINT('',#840);
#840 = CARTESIAN_POINT('',(0.25,17.548219282879,8.55085));
#841 = LINE('',#842,#843);
#842 = CARTESIAN_POINT('',(0.25,17.548219282879,5.));
#843 = VECTOR('',#844,1.);
#844 = DIRECTION('',(-0.,-0.,-1.));
#845 = ORIENTED_EDGE('',*,*,#846,.F.);
#846 = EDGE_CURVE('',#847,#839,#849,.T.);
#847 = VERTEX_POINT('',#848);
#848 = CARTESIAN_POINT('',(-0.25,17.548219282879,8.55085));
#849 = CIRCLE('',#850,17.55);
#850 = AXIS2_PLACEMENT_3D('',#851,#852,#853);
#851 = CARTESIAN_POINT('',(0.,0.,8.55085));
#852 = DIRECTION('',(0.,0.,-1.));
#853 = DIRECTION('',(1.,0.,0.));
#854 = ORIENTED_EDGE('',*,*,#855,.F.);
#855 = EDGE_CURVE('',#856,#847,#858,.T.);
#856 = VERTEX_POINT('',#857);
#857 = CARTESIAN_POINT('',(-0.25,17.548219282879,25.));
#858 = LINE('',#859,#860);
#859 = CARTESIAN_POINT('',(-0.25,17.548219282879,5.));
#860 = VECTOR('',#861,1.);
#861 = DIRECTION('',(-0.,-0.,-1.));
#862 = ORIENTED_EDGE('',*,*,#863,.T.);
#863 = EDGE_CURVE('',#856,#864,#866,.T.);
#864 = VERTEX_POINT('',#865);
#865 = CARTESIAN_POINT('',(-17.54821928287,0.25,25.));
#866 = CIRCLE('',#867,17.55);
#867 = AXIS2_PLACEMENT_3D('',#868,#869,#870);
#868 = CARTESIAN_POINT('',(0.,0.,25.));
#869 = DIRECTION('',(0.,0.,1.));
#870 = DIRECTION('',(1.,0.,0.));
#871 = ORIENTED_EDGE('',*,*,#872,.T.);
#872 = EDGE_CURVE('',#864,#873,#875,.T.);
#873 = VERTEX_POINT('',#874);
#874 = CARTESIAN_POINT('',(-17.54821928287,0.25,7.71368));
#875 = LINE('',#876,#877);
#876 = CARTESIAN_POINT('',(-17.54821928287,0.25,5.));
#877 = VECTOR('',#878,1.);
#878 = DIRECTION('',(-0.,-0.,-1.));
#879 = ORIENTED_EDGE('',*,*,#880,.F.);
#880 = EDGE_CURVE('',#881,#873,#883,.T.);
#881 = VERTEX_POINT('',#882);
#882 = CARTESIAN_POINT('',(-17.54821928287,-0.25,7.71368));
#883 = CIRCLE('',#884,17.55);
#884 = AXIS2_PLACEMENT_3D('',#885,#886,#887);
#885 = CARTESIAN_POINT('',(0.,0.,7.71368));
#886 = DIRECTION('',(0.,0.,-1.));
#887 = DIRECTION('',(1.,0.,0.));
#888 = ORIENTED_EDGE('',*,*,#889,.F.);
#889 = EDGE_CURVE('',#890,#881,#892,.T.);
#890 = VERTEX_POINT('',#891);
#891 = CARTESIAN_POINT('',(-17.54821928287,-0.25,25.));
#892 = LINE('',#893,#894);
#893 = CARTESIAN_POINT('',(-17.54821928287,-0.25,5.));
#894 = VECTOR('',#895,1.);
#895 = DIRECTION('',(-0.,-0.,-1.));
#896 = ORIENTED_EDGE('',*,*,#897,.T.);
#897 = EDGE_CURVE('',#890,#898,#900,.T.);
#898 = VERTEX_POINT('',#899);
#899 = CARTESIAN_POINT('',(-0.25,-17.54821928287,25.));
#900 = CIRCLE('',#901,17.55);
#901 = AXIS2_PLACEMENT_3D('',#902,#903,#904);
#902 = CARTESIAN_POINT('',(0.,0.,25.));
#903 = DIRECTION('',(0.,0.,1.));
#904 = DIRECTION('',(1.,0.,0.));
#905 = ORIENTED_EDGE('',*,*,#906,.T.);
#906 = EDGE_CURVE('',#898,#907,#909,.T.);
#907 = VERTEX_POINT('',#908);
#908 = CARTESIAN_POINT('',(-0.25,-17.54821928287,8.55085));
#909 = LINE('',#910,#911);
#910 = CARTESIAN_POINT('',(-0.25,-17.54821928287,5.));
#911 = VECTOR('',#912,1.);
#912 = DIRECTION('',(-0.,-0.,-1.));
#913 = ORIENTED_EDGE('',*,*,#914,.F.);
#914 = EDGE_CURVE('',#915,#907,#917,.T.);
#915 = VERTEX_POINT('',#916);
#916 = CARTESIAN_POINT('',(0.25,-17.54821928287,8.55085));
#917 = CIRCLE('',#918,17.55);
#918 = AXIS2_PLACEMENT_3D('',#919,#920,#921);
#919 = CARTESIAN_POINT('',(0.,0.,8.55085));
#920 = DIRECTION('',(0.,0.,-1.));
#921 = DIRECTION('',(1.,0.,0.));
#922 = ORIENTED_EDGE('',*,*,#923,.F.);
#923 = EDGE_CURVE('',#924,#915,#926,.T.);
#924 = VERTEX_POINT('',#925);
#925 = CARTESIAN_POINT('',(0.25,-17.54821928287,25.));
#926 = LINE('',#927,#928);
#927 = CARTESIAN_POINT('',(0.25,-17.54821928287,5.));
#928 = VECTOR('',#929,1.);
#929 = DIRECTION('',(-0.,-0.,-1.));
#930 = ORIENTED_EDGE('',*,*,#931,.T.);
#931 = EDGE_CURVE('',#924,#932,#934,.T.);
#932 = VERTEX_POINT('',#933);
#933 = CARTESIAN_POINT('',(17.548219282879,-0.25,25.));
#934 = CIRCLE('',#935,17.55);
#935 = AXIS2_PLACEMENT_3D('',#936,#937,#938);
#936 = CARTESIAN_POINT('',(0.,0.,25.));
#937 = DIRECTION('',(0.,0.,1.));
#938 = DIRECTION('',(1.,0.,0.));
#939 = ORIENTED_EDGE('',*,*,#940,.T.);
#940 = EDGE_CURVE('',#932,#941,#943,.T.);
#941 = VERTEX_POINT('',#942);
#942 = CARTESIAN_POINT('',(17.548219282879,-0.25,7.71368));
#943 = LINE('',#944,#945);
#944 = CARTESIAN_POINT('',(17.548219282879,-0.25,5.));
#945 = VECTOR('',#946,1.);
#946 = DIRECTION('',(-0.,-0.,-1.));
#947 = ORIENTED_EDGE('',*,*,#948,.F.);
#948 = EDGE_CURVE('',#803,#941,#949,.T.);
#949 = CIRCLE('',#950,17.55);
#950 = AXIS2_PLACEMENT_3D('',#951,#952,#953);
#951 = CARTESIAN_POINT('',(0.,0.,7.71368));
#952 = DIRECTION('',(0.,0.,-1.));
#953 = DIRECTION('',(1.,0.,0.));
#954 = CYLINDRICAL_SURFACE('',#955,17.55);
#955 = AXIS2_PLACEMENT_3D('',#956,#957,#958);
#956 = CARTESIAN_POINT('',(0.,0.,5.));
#957 = DIRECTION('',(-0.,-0.,-1.));
#958 = DIRECTION('',(1.,0.,0.));
#959 = ADVANCED_FACE('',(#960),#1094,.F.);
#960 = FACE_BOUND('',#961,.F.);
#961 = EDGE_LOOP('',(#962,#997,#1004,#1093));
#962 = ORIENTED_EDGE('',*,*,#963,.F.);
#963 = EDGE_CURVE('',#964,#201,#966,.T.);
#964 = VERTEX_POINT('',#965);
#965 = CARTESIAN_POINT('',(5.125017400535,1.230922651242E-07,
    1.84374742196));
#966 = B_SPLINE_CURVE_WITH_KNOTS('',11,(#967,#968,#969,#970,#971,#972,
    #973,#974,#975,#976,#977,#978,#979,#980,#981,#982,#983,#984,#985,
    #986,#987,#988,#989,#990,#991,#992,#993,#994,#995,#996),
  .UNSPECIFIED.,.F.,.F.,(12,9,9,12),(0.,1.614938419963,3.229876839926,
    6.459753679852),.UNSPECIFIED.);
#967 = CARTESIAN_POINT('',(5.125017400535,1.230922634932E-07,
    1.84374742196));
#968 = CARTESIAN_POINT('',(5.125018326533,-0.731847011116,1.809656378268
    ));
#969 = CARTESIAN_POINT('',(5.010089170006,-1.463698754527,1.775564815664
    ));
#970 = CARTESIAN_POINT('',(4.780157770461,-2.175492752881,1.741474124318
    ));
#971 = CARTESIAN_POINT('',(4.439198186213,-2.847150913977,1.707383721673
    ));
#972 = CARTESIAN_POINT('',(3.995111367026,-3.459497280526,1.673293062526
    ));
#973 = CARTESIAN_POINT('',(3.459483930443,-3.995126247875,1.639202083635
    ));
#974 = CARTESIAN_POINT('',(2.847140644537,-4.439204244799,1.605110980491
    ));
#975 = CARTESIAN_POINT('',(2.17548869481,-4.780141227975,1.571019909511)
  );
#976 = CARTESIAN_POINT('',(1.463706566454,-5.01005976515,1.536928901827)
  );
#977 = CARTESIAN_POINT('',(8.238222742662E-06,-5.239978427602,
    1.468747039368));
#978 = CARTESIAN_POINT('',(-1.463699023885,-5.010060855585,1.40056536642
    ));
#979 = CARTESIAN_POINT('',(-2.175489796426,-4.780143284029,1.36647455379
    ));
#980 = CARTESIAN_POINT('',(-2.847153524162,-4.439205421735,1.33238370301
    ));
#981 = CARTESIAN_POINT('',(-3.459506317481,-3.995127708934,
    1.298292784265));
#982 = CARTESIAN_POINT('',(-3.99513516773,-3.459497744897,1.264201814585
    ));
#983 = CARTESIAN_POINT('',(-4.439209389021,-2.847146726228,
    1.230110838149));
#984 = CARTESIAN_POINT('',(-4.780142784074,-2.175487005391,1.19601989374
    ));
#985 = CARTESIAN_POINT('',(-5.010056604175,-1.463700827172,
    1.161928988585));
#986 = CARTESIAN_POINT('',(-5.354927518279,0.731850270009,1.059656316367
    ));
#987 = CARTESIAN_POINT('',(-4.665184720128,2.927401214831,0.957383644153
    ));
#988 = CARTESIAN_POINT('',(-3.745525349902,4.23059061616,0.889201615833)
  );
#989 = CARTESIAN_POINT('',(-2.429083213631,5.212762845505,0.821020149552
    ));
#990 = CARTESIAN_POINT('',(-0.841782082488,5.741690165909,0.752835915126
    ));
#991 = CARTESIAN_POINT('',(0.841835708711,5.741650093111,0.684659575304)
  );
#992 = CARTESIAN_POINT('',(2.429118479906,5.212748535867,0.61647537145)
  );
#993 = CARTESIAN_POINT('',(3.745346497645,4.230613589963,0.548288252231)
  );
#994 = CARTESIAN_POINT('',(4.665268497551,2.927405952022,0.48011324272)
  );
#995 = CARTESIAN_POINT('',(5.125018442765,1.463694412025,0.411929079642)
  );
#996 = CARTESIAN_POINT('',(5.125020300617,1.436093155505E-07,
    0.343746992252));
#997 = ORIENTED_EDGE('',*,*,#998,.T.);
#998 = EDGE_CURVE('',#964,#999,#1001,.T.);
#999 = VERTEX_POINT('',#1000);
#1000 = CARTESIAN_POINT('',(4.375,-6.154320752651E-07,2.276790793667));
#1001 = B_SPLINE_CURVE_WITH_KNOTS('',1,(#1002,#1003),.UNSPECIFIED.,.F.,
  .F.,(2,2),(0.,1.3105),.PIECEWISE_BEZIER_KNOTS.);
#1002 = CARTESIAN_POINT('',(5.125017400535,1.230922617392E-07,
    1.84374742196));
#1003 = CARTESIAN_POINT('',(3.990104622264,-9.944294204676E-07,
    2.499020827278));
#1004 = ORIENTED_EDGE('',*,*,#1005,.T.);
#1005 = EDGE_CURVE('',#999,#236,#1006,.T.);
#1006 = B_SPLINE_CURVE_WITH_KNOTS('',7,(#1007,#1008,#1009,#1010,#1011,
    #1012,#1013,#1014,#1015,#1016,#1017,#1018,#1019,#1020,#1021,#1022,
    #1023,#1024,#1025,#1026,#1027,#1028,#1029,#1030,#1031,#1032,#1033,
    #1034,#1035,#1036,#1037,#1038,#1039,#1040,#1041,#1042,#1043,#1044,
    #1045,#1046,#1047,#1048,#1049,#1050,#1051,#1052,#1053,#1054,#1055,
    #1056,#1057,#1058,#1059,#1060,#1061,#1062,#1063,#1064,#1065,#1066,
    #1067,#1068,#1069,#1070,#1071,#1072,#1073,#1074,#1075,#1076,#1077,
    #1078,#1079,#1080,#1081,#1082,#1083,#1084,#1085,#1086,#1087,#1088,
    #1089,#1090,#1091,#1092),.UNSPECIFIED.,.F.,.F.,(8,6,6,6,6,6,6,6,6,6,
    6,6,6,6,8),(0.,4.742099398999E-02,0.134045371047,0.225732329243,
    0.287077419953,0.379926373208,0.481555798866,0.506847409436,
    0.59384794026,0.628849871142,0.74590937975,0.804352431474,
    0.868208417859,0.958607359791,1.),.UNSPECIFIED.);
#1007 = CARTESIAN_POINT('',(4.375,-6.154320733032E-07,2.276790793667));
#1008 = CARTESIAN_POINT('',(4.374999973806,-0.186211722656,
    2.266630490953));
#1009 = CARTESIAN_POINT('',(4.365753202915,-0.372425359001,
    2.256471644049));
#1010 = CARTESIAN_POINT('',(4.347259967353,-0.558085988951,
    2.246313036309));
#1011 = CARTESIAN_POINT('',(4.319561320001,-0.742643323862,
    2.236153926002));
#1012 = CARTESIAN_POINT('',(4.282738994548,-0.925552898124,
    2.225993989534));
#1013 = CARTESIAN_POINT('',(4.236915313439,-1.106276645313,
    2.215833264676));
#1014 = CARTESIAN_POINT('',(4.082401107259,-1.609450228132,
    2.187110587073));
#1015 = CARTESIAN_POINT('',(3.95303794929,-1.925611767561,2.168544190141
    ));
#1016 = CARTESIAN_POINT('',(3.795162270572,-2.22945883325,2.149978890744
    ));
#1017 = CARTESIAN_POINT('',(3.610220766612,-2.517945510324,
    2.131415486843));
#1018 = CARTESIAN_POINT('',(3.400022318031,-2.788250060421,2.11285195752
    ));
#1019 = CARTESIAN_POINT('',(3.166730811267,-3.037786205996,
    2.094287193151));
#1020 = CARTESIAN_POINT('',(2.644310000943,-3.503979601082,
    2.056080211223));
#1021 = CARTESIAN_POINT('',(2.352614485997,-3.717951898709,
    2.036431258564));
#1022 = CARTESIAN_POINT('',(2.040903587902,-3.903425526109,
    2.016785597178));
#1023 = CARTESIAN_POINT('',(1.712537537636,-4.058230323325,
    1.997141610172));
#1024 = CARTESIAN_POINT('',(1.371110878461,-4.180671711979,
    1.977495336207));
#1025 = CARTESIAN_POINT('',(1.020435845727,-4.269538500961,
    1.957845759353));
#1026 = CARTESIAN_POINT('',(0.426489744498,-4.360820813702,
    1.925055166989));
#1027 = CARTESIAN_POINT('',(0.186037665448,-4.382119915696,
    1.911909916826));
#1028 = CARTESIAN_POINT('',(-5.557892826716E-02,-4.387940284852,
    1.898764966357));
#1029 = CARTESIAN_POINT('',(-0.297166261802,-4.37821895306,
    1.885620234538));
#1030 = CARTESIAN_POINT('',(-0.537534042994,-4.353003811551,
    1.872475283249));
#1031 = CARTESIAN_POINT('',(-0.775497428924,-4.312453532529,
    1.859330012036));
#1032 = CARTESIAN_POINT('',(-1.364628722256,-4.172690175438,
    1.826290234328));
#1033 = CARTESIAN_POINT('',(-1.711270394591,-4.054022095513,
    1.806391185254));
#1034 = CARTESIAN_POINT('',(-2.04563898677,-3.901807660256,
    1.786495412457));
#1035 = CARTESIAN_POINT('',(-2.363892414849,-3.717627559412,
    1.766601726807));
#1036 = CARTESIAN_POINT('',(-2.662458795619,-3.50354887835,
    1.746706082245));
#1037 = CARTESIAN_POINT('',(-2.938053518419,-3.262115291296,
    1.726807183415));
#1038 = CARTESIAN_POINT('',(-3.461094347339,-2.705681234889,
    1.68513572244));
#1039 = CARTESIAN_POINT('',(-3.703559873246,-2.385727276733,
    1.663352539747));
#1040 = CARTESIAN_POINT('',(-3.911266615064,-2.040680685558,
    1.641573697179));
#1041 = CARTESIAN_POINT('',(-4.081227465283,-1.675101964818,
    1.619797574512));
#1042 = CARTESIAN_POINT('',(-4.211161179725,-1.293897966713,
    1.598018381358));
#1043 = CARTESIAN_POINT('',(-4.299506283063,-0.90229197836,
    1.576234652842));
#1044 = CARTESIAN_POINT('',(-4.35713645117,-0.407247120926,
    1.549038273004));
#1045 = CARTESIAN_POINT('',(-4.36600788785,-0.308295050821,
    1.543618858382));
#1046 = CARTESIAN_POINT('',(-4.372257087582,-0.20912196255,
    1.538199466431));
#1047 = CARTESIAN_POINT('',(-4.375877686026,-0.109811230175,
    1.532780099603));
#1048 = CARTESIAN_POINT('',(-4.376866639248,-1.044635579975E-02,
    1.527360760043));
#1049 = CARTESIAN_POINT('',(-4.375224223719,8.888903042923E-02,
    1.521941449596));
#1050 = CARTESIAN_POINT('',(-4.356265032246,0.529425094025,
    1.497880406469));
#1051 = CARTESIAN_POINT('',(-4.310479341369,0.869456581307,
    1.479235972548));
#1052 = CARTESIAN_POINT('',(-4.233730356471,1.204705219832,
    1.460594048035));
#1053 = CARTESIAN_POINT('',(-4.126660643974,1.531815688666,
    1.441953747151));
#1054 = CARTESIAN_POINT('',(-3.990326498649,1.847560901151,1.4233121171)
  );
#1055 = CARTESIAN_POINT('',(-3.826193687806,2.148854995569,
    1.404668180584));
#1056 = CARTESIAN_POINT('',(-3.55979620293,2.54703098792,1.378527337531)
  );
#1057 = CARTESIAN_POINT('',(-3.479180727631,2.658465089351,
    1.371027607675));
#1058 = CARTESIAN_POINT('',(-3.394501851846,2.766913404798,
    1.363527829624));
#1059 = CARTESIAN_POINT('',(-3.305892795255,2.872198711118,
    1.356028002651));
#1060 = CARTESIAN_POINT('',(-3.213496104438,2.974151635086,
    1.348528128238));
#1061 = CARTESIAN_POINT('',(-3.117463652885,3.072610653397,
    1.341028210073));
#1062 = CARTESIAN_POINT('',(-2.68516808841,3.484506899465,1.308445604465
    ));
#1063 = CARTESIAN_POINT('',(-2.313337116379,3.760964935879,1.28334925721
    ));
#1064 = CARTESIAN_POINT('',(-1.90871502695,3.990703119875,1.258263366302
    ));
#1065 = CARTESIAN_POINT('',(-1.478410328898,4.16931725002,1.233180565984
    ));
#1066 = CARTESIAN_POINT('',(-1.030034928405,4.293648307205,
    1.208094835651));
#1067 = CARTESIAN_POINT('',(-0.571725519057,4.361770917247,
    1.182998552304));
#1068 = CARTESIAN_POINT('',(0.117202666438,4.37944686062,1.145393063728)
  );
#1069 = CARTESIAN_POINT('',(0.346986489645,4.371293495358,1.132869944494
    ));
#1070 = CARTESIAN_POINT('',(0.576093657754,4.349072132706,1.120347211784
    ));
#1071 = CARTESIAN_POINT('',(0.803493127611,4.31285416806,1.107824710199)
  );
#1072 = CARTESIAN_POINT('',(1.028167555655,4.262801643912,1.095302003449
    ));
#1073 = CARTESIAN_POINT('',(1.249114792511,4.199167000245,1.082778953779
    ));
#1074 = CARTESIAN_POINT('',(1.701614314563,4.038317416867,1.056573765167
    ));
#1075 = CARTESIAN_POINT('',(1.932273467704,3.938531071228,1.042890550874
    ));
#1076 = CARTESIAN_POINT('',(2.156039697314,3.823397829223,1.029207749557
    ));
#1077 = CARTESIAN_POINT('',(2.371696235821,3.693499035829,1.015525199933
    ));
#1078 = CARTESIAN_POINT('',(2.578092254482,3.54952787681,1.001842336747)
  );
#1079 = CARTESIAN_POINT('',(2.774144960671,3.392288113867,0.98815904531)
  );
#1080 = CARTESIAN_POINT('',(3.220330298564,2.982633828167,0.95510654177)
  );
#1081 = CARTESIAN_POINT('',(3.459135421435,2.71776410474,0.935733182715)
  );
#1082 = CARTESIAN_POINT('',(3.672349004406,2.430744783175,0.916362746776
    ));
#1083 = CARTESIAN_POINT('',(3.857574276701,2.12456772427,0.896994552132)
  );
#1084 = CARTESIAN_POINT('',(4.012839627856,1.802492029444,0.877624862573
    ));
#1085 = CARTESIAN_POINT('',(4.136607439812,1.468029443017,0.858251881223
    ));
#1086 = CARTESIAN_POINT('',(4.269681130165,0.967918810411,0.830012440488
    ));
#1087 = CARTESIAN_POINT('',(4.30466860137,0.809032934115,0.82114287012)
  );
#1088 = CARTESIAN_POINT('',(4.332753516735,0.648690558201,0.812273204863
    ));
#1089 = CARTESIAN_POINT('',(4.353864768007,0.487251557537,0.803403464548
    ));
#1090 = CARTESIAN_POINT('',(4.367954872473,0.325079018755,0.794533709935
    ));
#1091 = CARTESIAN_POINT('',(4.374999999988,0.162538951551,0.785664194279
    ));
#1092 = CARTESIAN_POINT('',(4.375,0.,0.776795514907));
#1093 = ORIENTED_EDGE('',*,*,#235,.F.);
#1094 = B_SPLINE_SURFACE_WITH_KNOTS('',1,9,(
    (#1095,#1096,#1097,#1098,#1099,#1100,#1101,#1102,#1103,#1104,#1105
      ,#1106,#1107,#1108,#1109,#1110,#1111,#1112,#1113,#1114,#1115,#1116
      ,#1117,#1118,#1119,#1120,#1121,#1122,#1123,#1124,#1125)
    ,(#1126,#1127,#1128,#1129,#1130,#1131,#1132,#1133,#1134,#1135,#1136
      ,#1137,#1138,#1139,#1140,#1141,#1142,#1143,#1144,#1145,#1146,#1147
      ,#1148,#1149,#1150,#1151,#1152,#1153,#1154,#1155,#1156
  )),.UNSPECIFIED.,.F.,.F.,.F.,(2,2),(10,7,7,7,10),(0.,1.3105),(0.,
    1.614938419963,3.229876839926,4.844815259889,6.459753679852),
  .UNSPECIFIED.);
#1095 = CARTESIAN_POINT('',(5.125017400535,1.230922634932E-07,
    1.84374742196));
#1096 = CARTESIAN_POINT('',(5.12501853231,-0.894479707607,1.802080590781
    ));
#1097 = CARTESIAN_POINT('',(4.949432038007,-1.788966580144,
    1.760412966818));
#1098 = CARTESIAN_POINT('',(4.598116173793,-2.644052298646,
    1.718747280772));
#1099 = CARTESIAN_POINT('',(4.0815264356,-3.42028744885,1.67708109663));
#1100 = CARTESIAN_POINT('',(3.420278025353,-4.081546931787,
    1.635414182181));
#1101 = CARTESIAN_POINT('',(2.644037888001,-4.59812239469,1.593747268461
    ));
#1102 = CARTESIAN_POINT('',(1.788972675493,-4.949386807498,
    1.552080430766));
#1103 = CARTESIAN_POINT('',(9.416998738806E-06,-5.300651264095,
    1.468747014363));
#1104 = CARTESIAN_POINT('',(-1.788967490476,-4.949388140252,
    1.38541388749));
#1105 = CARTESIAN_POINT('',(-2.644045782917,-4.598125219605,
    1.343747350216));
#1106 = CARTESIAN_POINT('',(-3.420302712597,-4.08154586691,1.30208069211
    ));
#1107 = CARTESIAN_POINT('',(-4.081553883614,-3.420293052521,
    1.26041392463));
#1108 = CARTESIAN_POINT('',(-4.598127702796,-2.644039639024,
    1.218747168132));
#1109 = CARTESIAN_POINT('',(-4.949384860305,-1.788967657794,
    1.17708049558));
#1110 = CARTESIAN_POINT('',(-5.300642338679,-8.678391394919E-08,
    1.093747207107));
#1111 = CARTESIAN_POINT('',(-4.949384333423,1.788967380775,
    1.010413918634));
#1112 = CARTESIAN_POINT('',(-4.598127224421,2.644039187747,
    0.968747246082));
#1113 = CARTESIAN_POINT('',(-4.081554926963,3.420292944519,
    0.927080489584));
#1114 = CARTESIAN_POINT('',(-3.420304521711,4.081547031892,
    0.885413722102));
#1115 = CARTESIAN_POINT('',(-2.644046786784,4.598126899193,
    0.843747063997));
#1116 = CARTESIAN_POINT('',(-1.788967878254,4.94938815911,0.802080526724
    ));
#1117 = CARTESIAN_POINT('',(9.171011433968E-06,5.300648718141,
    0.718747399849));
#1118 = CARTESIAN_POINT('',(1.788972287715,4.949385382072,0.635413983447
    ));
#1119 = CARTESIAN_POINT('',(2.644038128502,4.598123275386,0.593747145782
    ));
#1120 = CARTESIAN_POINT('',(3.420278025856,4.081550485228,0.552080231948
    ));
#1121 = CARTESIAN_POINT('',(4.081533958055,3.420295260708,0.51041331769)
  );
#1122 = CARTESIAN_POINT('',(4.598117692312,2.644046431162,0.468747133368
    ));
#1123 = CARTESIAN_POINT('',(4.949419802097,1.78896640179,0.427081447416)
  );
#1124 = CARTESIAN_POINT('',(5.125019165263,0.894479974308,0.385413823434
    ));
#1125 = CARTESIAN_POINT('',(5.125020300617,1.436093163828E-07,
    0.343746992252));
#1126 = CARTESIAN_POINT('',(3.990104622264,-9.94429417478E-07,
    2.499020827278));
#1127 = CARTESIAN_POINT('',(3.990106421318,-0.696444049909,
    2.457355489543));
#1128 = CARTESIAN_POINT('',(3.853400763365,-1.392776266812,
    2.415696555938));
#1129 = CARTESIAN_POINT('',(3.579912681079,-2.05851349521,2.37402196743)
  );
#1130 = CARTESIAN_POINT('',(3.177684879263,-2.662900245218,2.33235140385
    ));
#1131 = CARTESIAN_POINT('',(2.662860850033,-3.177702945633,2.29068673781
    ));
#1132 = CARTESIAN_POINT('',(2.058522848754,-3.579891869609,
    2.249022067386));
#1133 = CARTESIAN_POINT('',(1.392811558247,-3.853369097536,
    2.207356782121));
#1134 = CARTESIAN_POINT('',(8.479778819124E-06,-4.126847915966,
    2.124024119816));
#1135 = CARTESIAN_POINT('',(-1.392812074251,-3.853368461386,
    2.040689118721));
#1136 = CARTESIAN_POINT('',(-2.058540471923,-3.579888918795,
    1.999021406834));
#1137 = CARTESIAN_POINT('',(-2.662895364043,-3.177701937552,
    1.957354670993));
#1138 = CARTESIAN_POINT('',(-3.177710856757,-2.662884730379,
    1.915688818713));
#1139 = CARTESIAN_POINT('',(-3.5798914018,-2.058534879026,1.874022877686
    ));
#1140 = CARTESIAN_POINT('',(-3.853365530843,-1.392813451231,
    1.832356258568));
#1141 = CARTESIAN_POINT('',(-4.126839027209,1.205065073114E-06,
    1.749022562855));
#1142 = CARTESIAN_POINT('',(-3.853363677292,1.392815497423,
    1.665688867142));
#1143 = CARTESIAN_POINT('',(-3.579889195897,2.058536435485,
    1.624022248024));
#1144 = CARTESIAN_POINT('',(-3.177710956263,2.662886631776,
    1.582356306995));
#1145 = CARTESIAN_POINT('',(-2.662896484888,3.177705761423,
    1.540690454714));
#1146 = CARTESIAN_POINT('',(-2.058539897214,3.579893258809,
    1.499023718876));
#1147 = CARTESIAN_POINT('',(-1.392810224837,3.853369412376,1.45735600699
    ));
#1148 = CARTESIAN_POINT('',(1.076124910515E-05,4.12684339276,
    1.374021005891));
#1149 = CARTESIAN_POINT('',(1.392813407659,3.853365647593,1.290688343586
    ));
#1150 = CARTESIAN_POINT('',(2.05852563423,3.579892078243,1.249023058374)
  );
#1151 = CARTESIAN_POINT('',(2.662862944201,3.177707504611,1.207358387749
    ));
#1152 = CARTESIAN_POINT('',(3.177699997931,2.662912030699,1.165693722048
    ));
#1153 = CARTESIAN_POINT('',(3.579916735016,2.058500712762,1.124023158154
    ));
#1154 = CARTESIAN_POINT('',(3.853379942307,1.392773411557,1.082348569807
    ));
#1155 = CARTESIAN_POINT('',(3.990108004486,0.696441895315,1.040689636168
    ));
#1156 = CARTESIAN_POINT('',(3.990109774624,-1.160164632217E-06,
    0.999024298427));
#1157 = ADVANCED_FACE('',(#1158),#1168,.F.);
#1158 = FACE_BOUND('',#1159,.F.);
#1159 = EDGE_LOOP('',(#1160,#1161,#1166,#1167));
#1160 = ORIENTED_EDGE('',*,*,#683,.F.);
#1161 = ORIENTED_EDGE('',*,*,#1162,.T.);
#1162 = EDGE_CURVE('',#677,#964,#1163,.T.);
#1163 = B_SPLINE_CURVE_WITH_KNOTS('',1,(#1164,#1165),.UNSPECIFIED.,.F.,
  .F.,(2,2),(0.,0.1875),.PIECEWISE_BEZIER_KNOTS.);
#1164 = CARTESIAN_POINT('',(5.125013533743,1.230903779127E-07,
    1.656247422));
#1165 = CARTESIAN_POINT('',(5.125017400535,1.230922590746E-07,
    1.84374742196));
#1166 = ORIENTED_EDGE('',*,*,#963,.T.);
#1167 = ORIENTED_EDGE('',*,*,#434,.F.);
#1168 = B_SPLINE_SURFACE_WITH_KNOTS('',1,11,(
    (#1169,#1170,#1171,#1172,#1173,#1174,#1175,#1176,#1177,#1178,#1179
      ,#1180,#1181,#1182,#1183,#1184,#1185,#1186,#1187,#1188,#1189,#1190
      ,#1191,#1192,#1193,#1194,#1195,#1196,#1197,#1198)
    ,(#1199,#1200,#1201,#1202,#1203,#1204,#1205,#1206,#1207,#1208,#1209
      ,#1210,#1211,#1212,#1213,#1214,#1215,#1216,#1217,#1218,#1219,#1220
      ,#1221,#1222,#1223,#1224,#1225,#1226,#1227,#1228
  )),.UNSPECIFIED.,.F.,.F.,.F.,(2,2),(12,9,9,12),(0.,0.1875),(0.,
    1.614938419963,3.229876839926,6.459753679852),.UNSPECIFIED.);
#1169 = CARTESIAN_POINT('',(5.125013533743,1.23090380999E-07,1.656247422
    ));
#1170 = CARTESIAN_POINT('',(5.125014257868,-0.731846413056,
    1.622156378312));
#1171 = CARTESIAN_POINT('',(5.010084222357,-1.463697526416,
    1.588064815729));
#1172 = CARTESIAN_POINT('',(4.780153372412,-2.175490608036,
    1.553974124379));
#1173 = CARTESIAN_POINT('',(4.439194830986,-2.847148558457,
    1.519883721716));
#1174 = CARTESIAN_POINT('',(3.995108608154,-3.459494892358,
    1.485793062556));
#1175 = CARTESIAN_POINT('',(3.459481358689,-3.995123432279,
    1.451702083673));
#1176 = CARTESIAN_POINT('',(2.847138351943,-4.439200783166,
    1.417610980535));
#1177 = CARTESIAN_POINT('',(2.175486937149,-4.78013727694,1.383519909557
    ));
#1178 = CARTESIAN_POINT('',(1.463705358669,-5.01005548247,1.349428901878
    ));
#1179 = CARTESIAN_POINT('',(8.238465489003E-06,-5.239973897095,
    1.281247039421));
#1180 = CARTESIAN_POINT('',(-1.463697838908,-5.010056721128,
    1.213065366467));
#1181 = CARTESIAN_POINT('',(-2.175488068134,-4.780139477734,
    1.178974553835));
#1182 = CARTESIAN_POINT('',(-2.847151309575,-4.439201954385,
    1.144883703051));
#1183 = CARTESIAN_POINT('',(-3.459503628243,-3.995124564706,
    1.11079278431));
#1184 = CARTESIAN_POINT('',(-3.99513199062,-3.459494959956,
    1.076701814628));
#1185 = CARTESIAN_POINT('',(-4.439205754902,-2.847144391278,
    1.042610838197));
#1186 = CARTESIAN_POINT('',(-4.780138810151,-2.175485214554,
    1.008519893788));
#1187 = CARTESIAN_POINT('',(-5.010052452751,-1.463699630979,
    0.974428988633));
#1188 = CARTESIAN_POINT('',(-5.354923169514,0.731849658375,
    0.872156316414));
#1189 = CARTESIAN_POINT('',(-4.66518101967,2.927398835208,0.769883644197
    ));
#1190 = CARTESIAN_POINT('',(-3.745522807259,4.230586624498,
    0.701701615882));
#1191 = CARTESIAN_POINT('',(-2.429078131008,5.212761773152,
    0.633520149607));
#1192 = CARTESIAN_POINT('',(-0.841785507384,5.74167499243,0.565335915208
    ));
#1193 = CARTESIAN_POINT('',(0.84183561344,5.741661584581,0.497159575293)
  );
#1194 = CARTESIAN_POINT('',(2.42912189078,5.212733235255,0.428975371423)
  );
#1195 = CARTESIAN_POINT('',(3.745335850089,4.230612649537,0.360788252447
    ));
#1196 = CARTESIAN_POINT('',(4.665268253622,2.927403685443,0.292613242683
    ));
#1197 = CARTESIAN_POINT('',(5.125014335254,1.463693215898,0.224429079686
    ));
#1198 = CARTESIAN_POINT('',(5.125015789361,1.436067664784E-07,
    0.156246992306));
#1199 = CARTESIAN_POINT('',(5.125017400535,1.230922634932E-07,
    1.84374742196));
#1200 = CARTESIAN_POINT('',(5.125018326533,-0.731847011116,
    1.809656378268));
#1201 = CARTESIAN_POINT('',(5.010089170006,-1.463698754527,
    1.775564815664));
#1202 = CARTESIAN_POINT('',(4.780157770461,-2.175492752881,
    1.741474124318));
#1203 = CARTESIAN_POINT('',(4.439198186213,-2.847150913977,
    1.707383721673));
#1204 = CARTESIAN_POINT('',(3.995111367026,-3.459497280526,
    1.673293062526));
#1205 = CARTESIAN_POINT('',(3.459483930443,-3.995126247875,
    1.639202083635));
#1206 = CARTESIAN_POINT('',(2.847140644537,-4.439204244799,
    1.605110980491));
#1207 = CARTESIAN_POINT('',(2.17548869481,-4.780141227975,1.571019909511
    ));
#1208 = CARTESIAN_POINT('',(1.463706566454,-5.01005976515,1.536928901827
    ));
#1209 = CARTESIAN_POINT('',(8.238222742662E-06,-5.239978427602,
    1.468747039368));
#1210 = CARTESIAN_POINT('',(-1.463699023885,-5.010060855585,
    1.40056536642));
#1211 = CARTESIAN_POINT('',(-2.175489796426,-4.780143284029,
    1.36647455379));
#1212 = CARTESIAN_POINT('',(-2.847153524162,-4.439205421735,
    1.33238370301));
#1213 = CARTESIAN_POINT('',(-3.459506317481,-3.995127708934,
    1.298292784265));
#1214 = CARTESIAN_POINT('',(-3.99513516773,-3.459497744897,
    1.264201814585));
#1215 = CARTESIAN_POINT('',(-4.439209389021,-2.847146726228,
    1.230110838149));
#1216 = CARTESIAN_POINT('',(-4.780142784074,-2.175487005391,
    1.19601989374));
#1217 = CARTESIAN_POINT('',(-5.010056604175,-1.463700827172,
    1.161928988585));
#1218 = CARTESIAN_POINT('',(-5.354927518279,0.731850270009,
    1.059656316367));
#1219 = CARTESIAN_POINT('',(-4.665184720128,2.927401214831,
    0.957383644153));
#1220 = CARTESIAN_POINT('',(-3.745525349902,4.23059061616,0.889201615833
    ));
#1221 = CARTESIAN_POINT('',(-2.429083213631,5.212762845505,
    0.821020149552));
#1222 = CARTESIAN_POINT('',(-0.841782082488,5.741690165909,
    0.752835915126));
#1223 = CARTESIAN_POINT('',(0.841835708711,5.741650093111,0.684659575304
    ));
#1224 = CARTESIAN_POINT('',(2.429118479906,5.212748535867,0.61647537145)
  );
#1225 = CARTESIAN_POINT('',(3.745346497645,4.230613589963,0.548288252231
    ));
#1226 = CARTESIAN_POINT('',(4.665268497551,2.927405952022,0.48011324272)
  );
#1227 = CARTESIAN_POINT('',(5.125018442765,1.463694412025,0.411929079642
    ));
#1228 = CARTESIAN_POINT('',(5.125020300617,1.436093155505E-07,
    0.343746992252));
#1229 = ADVANCED_FACE('',(#1230),#1372,.F.);
#1230 = FACE_BOUND('',#1231,.F.);
#1231 = EDGE_LOOP('',(#1232,#1330,#1337,#1371));
#1232 = ORIENTED_EDGE('',*,*,#1233,.F.);
#1233 = EDGE_CURVE('',#1234,#579,#1236,.T.);
#1234 = VERTEX_POINT('',#1235);
#1235 = CARTESIAN_POINT('',(4.375,-5.128508322622E-07,2.723245824194));
#1236 = B_SPLINE_CURVE_WITH_KNOTS('',8,(#1237,#1238,#1239,#1240,#1241,
    #1242,#1243,#1244,#1245,#1246,#1247,#1248,#1249,#1250,#1251,#1252,
    #1253,#1254,#1255,#1256,#1257,#1258,#1259,#1260,#1261,#1262,#1263,
    #1264,#1265,#1266,#1267,#1268,#1269,#1270,#1271,#1272,#1273,#1274,
    #1275,#1276,#1277,#1278,#1279,#1280,#1281,#1282,#1283,#1284,#1285,
    #1286,#1287,#1288,#1289,#1290,#1291,#1292,#1293,#1294,#1295,#1296,
    #1297,#1298,#1299,#1300,#1301,#1302,#1303,#1304,#1305,#1306,#1307,
    #1308,#1309,#1310,#1311,#1312,#1313,#1314,#1315,#1316,#1317,#1318,
    #1319,#1320,#1321,#1322,#1323,#1324,#1325,#1326,#1327,#1328,#1329),
  .UNSPECIFIED.,.F.,.F.,(9,7,7,7,7,7,7,7,7,7,7,7,7,9),(0.,
    4.491353293167E-02,0.133112835443,0.219603812673,0.271188493249,
    0.375871670231,0.501552793953,0.526311759997,0.626311816338,
    0.736333370717,0.848143321607,0.868197836916,0.95483679927,1.),
  .UNSPECIFIED.);
#1237 = CARTESIAN_POINT('',(4.375,-5.128507583052E-07,2.723245824194));
#1238 = CARTESIAN_POINT('',(4.374999981911,-0.1543145195,2.714825700493)
  );
#1239 = CARTESIAN_POINT('',(4.368779371442,-0.308629794163,
    2.706404595781));
#1240 = CARTESIAN_POINT('',(4.356338317281,-0.4626517283,2.697983163216)
  );
#1241 = CARTESIAN_POINT('',(4.337693362747,-0.616087679084,
    2.689561749688));
#1242 = CARTESIAN_POINT('',(4.31287742736,-0.768647140216,2.681140494283
    ));
#1243 = CARTESIAN_POINT('',(4.281939788397,-0.920041912752,
    2.672719426752));
#1244 = CARTESIAN_POINT('',(4.244946062461,-1.069986275924,
    2.664298565984));
#1245 = CARTESIAN_POINT('',(4.117599684718,-1.509247439832,
    2.639342102263));
#1246 = CARTESIAN_POINT('',(4.010169039382,-1.793661305795,
    2.622804689701));
#1247 = CARTESIAN_POINT('',(3.880310553488,-2.069243266167,
    2.606269037779));
#1248 = CARTESIAN_POINT('',(3.72889206455,-2.333936893533,2.589734826359
    ));
#1249 = CARTESIAN_POINT('',(3.556988843897,-2.585809044775,
    2.573200248631));
#1250 = CARTESIAN_POINT('',(3.365869624307,-2.823047743213,
    2.556663828265));
#1251 = CARTESIAN_POINT('',(3.157004756531,-3.043973720864,
    2.540125963254));
#1252 = CARTESIAN_POINT('',(2.71154446309,-3.446223849888,2.507374709583
    ));
#1253 = CARTESIAN_POINT('',(2.475502228416,-3.628288431947,
    2.491156751696));
#1254 = CARTESIAN_POINT('',(2.225558595464,-3.791810672896,
    2.474939577192));
#1255 = CARTESIAN_POINT('',(1.963426427605,-3.935568317139,
    2.458723583382));
#1256 = CARTESIAN_POINT('',(1.690922654655,-4.058536657223,
    2.442507686732));
#1257 = CARTESIAN_POINT('',(1.409958663991,-4.159880374291,
    2.426290735688));
#1258 = CARTESIAN_POINT('',(1.122541074924,-4.238966109318,
    2.410072960043));
#1259 = CARTESIAN_POINT('',(0.6567733877,-4.32905136557,2.384186256714)
  );
#1260 = CARTESIAN_POINT('',(0.481202716055,-4.354651021404,
    2.374514927002));
#1261 = CARTESIAN_POINT('',(0.304510283644,-4.372110011839,
    2.364843687351));
#1262 = CARTESIAN_POINT('',(0.127137050898,-4.381372359621,
    2.355172540143));
#1263 = CARTESIAN_POINT('',(-5.047482677957E-02,-4.382410840341,
    2.34550138013));
#1264 = CARTESIAN_POINT('',(-0.227882362212,-4.375226991721,
    2.335830104061));
#1265 = CARTESIAN_POINT('',(-0.404642099655,-4.359851122914,
    2.326158720289));
#1266 = CARTESIAN_POINT('',(-0.936802439089,-4.288634830958,
    2.296861119548));
#1267 = CARTESIAN_POINT('',(-1.28891570225,-4.207418941877,
    2.277229053619));
#1268 = CARTESIAN_POINT('',(-1.632816343415,-4.093175834116,
    2.257599283517));
#1269 = CARTESIAN_POINT('',(-1.964903537244,-3.946921340612,
    2.237972467914));
#1270 = CARTESIAN_POINT('',(-2.281775256612,-3.770103411676,
    2.218345612183));
#1271 = CARTESIAN_POINT('',(-2.580225568442,-3.564563641396,
    2.198715760772));
#1272 = CARTESIAN_POINT('',(-2.857273525894,-3.332562858428,
    2.179083671017));
#1273 = CARTESIAN_POINT('',(-3.413911963155,-2.769890533512,
    2.135894530453));
#1274 = CARTESIAN_POINT('',(-3.683155043109,-2.428469779386,
    2.112317877145));
#1275 = CARTESIAN_POINT('',(-3.913089329948,-2.057380063258,
    2.088749395744));
#1276 = CARTESIAN_POINT('',(-4.100040589122,-1.661986646248,
    2.06518710329));
#1277 = CARTESIAN_POINT('',(-4.2411707219,-1.248019194562,2.041624764727
    ));
#1278 = CARTESIAN_POINT('',(-4.334527138643,-0.821566345533,
    2.018056346837));
#1279 = CARTESIAN_POINT('',(-4.379011129692,-0.389037411588,
    1.994479694936));
#1280 = CARTESIAN_POINT('',(-4.373959724964,0.127818870527,
    1.966274805823));
#1281 = CARTESIAN_POINT('',(-4.371238156219,0.212863113348,
    1.961632910373));
#1282 = CARTESIAN_POINT('',(-4.366626848453,0.297839841972,
    1.956990994363));
#1283 = CARTESIAN_POINT('',(-4.360127806015,0.382700049985,
    1.952349059073));
#1284 = CARTESIAN_POINT('',(-4.351744552498,0.467394868555,
    1.947707105842));
#1285 = CARTESIAN_POINT('',(-4.341482130733,0.551875566431,
    1.943065136071));
#1286 = CARTESIAN_POINT('',(-4.329347102794,0.636093549947,1.93842315122
    ));
#1287 = CARTESIAN_POINT('',(-4.258804152095,1.058895211037,
    1.915032385121));
#1288 = CARTESIAN_POINT('',(-4.171830405938,1.392797520389,
    1.896278925826));
#1289 = CARTESIAN_POINT('',(-4.054954680444,1.718393263553,
    1.877527302858));
#1290 = CARTESIAN_POINT('',(-3.909140317432,2.032569153133,
    1.858778150734));
#1291 = CARTESIAN_POINT('',(-3.735707880622,2.332384932558,
    1.840029135903));
#1292 = CARTESIAN_POINT('',(-3.536305769155,2.615070809893,
    1.821277890074));
#1293 = CARTESIAN_POINT('',(-3.312929195602,2.878050034744,
    1.802524951528));
#1294 = CARTESIAN_POINT('',(-2.798499050869,3.384068643186,
    1.763149624107));
#1295 = CARTESIAN_POINT('',(-2.502739606076,3.622632837549,
    1.742515568549));
#1296 = CARTESIAN_POINT('',(-2.183888529247,3.831491324821,
    1.721885537053));
#1297 = CARTESIAN_POINT('',(-1.845471489792,4.008090965481,1.70125886185
    ));
#1298 = CARTESIAN_POINT('',(-1.491265829962,4.150400122822,
    1.680632064674));
#1299 = CARTESIAN_POINT('',(-1.125271005476,4.256869730726,
    1.660001742107));
#1300 = CARTESIAN_POINT('',(-0.75171902182,4.326480782515,1.639367409291
    ));
#1301 = CARTESIAN_POINT('',(7.641435139632E-03,4.391826753962,
    1.597777739703));
#1302 = CARTESIAN_POINT('',(0.393831506611,4.386366572624,1.576807245646
    ));
#1303 = CARTESIAN_POINT('',(0.778759528116,4.342056826349,1.555840777618
    ));
#1304 = CARTESIAN_POINT('',(1.157865340481,4.259205379071,1.534878032645
    ));
#1305 = CARTESIAN_POINT('',(1.526739904301,4.138718297609,1.513915759876
    ));
#1306 = CARTESIAN_POINT('',(1.881122293043,3.982046451157,1.492950424357
    ));
#1307 = CARTESIAN_POINT('',(2.216924108471,3.791233059791,1.471981073228
    ));
#1308 = CARTESIAN_POINT('',(2.58652216211,3.529203273782,1.447259586138)
  );
#1309 = CARTESIAN_POINT('',(2.642014969584,3.48834090297,1.443499827057)
  );
#1310 = CARTESIAN_POINT('',(2.696769242408,3.446481866452,1.439740056836
    ));
#1311 = CARTESIAN_POINT('',(2.750764112578,3.403641763237,1.435980273408
    ));
#1312 = CARTESIAN_POINT('',(2.803979124175,3.359836703357,1.432220474811
    ));
#1313 = CARTESIAN_POINT('',(2.856394233368,3.315083307871,1.428460659188
    ));
#1314 = CARTESIAN_POINT('',(2.907989808413,3.269398708865,1.424700824783
    ));
#1315 = CARTESIAN_POINT('',(3.178024844885,3.021488469994,1.40469774908)
  );
#1316 = CARTESIAN_POINT('',(3.381679220984,2.803097625261,1.388451926409
    ));
#1317 = CARTESIAN_POINT('',(3.568110505601,2.569081951991,1.372206589612
    ));
#1318 = CARTESIAN_POINT('',(3.7359348583,2.321041108076,1.355961817067)
  );
#1319 = CARTESIAN_POINT('',(3.883956734253,2.060697596599,1.339716527179
    ));
#1320 = CARTESIAN_POINT('',(4.011161603315,1.789886302188,1.323470034239
    ));
#1321 = CARTESIAN_POINT('',(4.116728504447,1.51055643968,1.307223310825)
  );
#1322 = CARTESIAN_POINT('',(4.243502787911,1.075819316071,1.28251261317)
  );
#1323 = CARTESIAN_POINT('',(4.280905191256,0.925090326951,1.274045500533
    ));
#1324 = CARTESIAN_POINT('',(4.312185865889,0.77288667196,1.265578778195)
  );
#1325 = CARTESIAN_POINT('',(4.337277711976,0.619498793667,1.25711247907)
  );
#1326 = CARTESIAN_POINT('',(4.356130334365,0.465219691538,1.248646506331
    ));
#1327 = CARTESIAN_POINT('',(4.368710067438,0.310344760496,1.240180630121
    ));
#1328 = CARTESIAN_POINT('',(4.374999999974,0.155171629479,1.231714484267
    ));
#1329 = CARTESIAN_POINT('',(4.375,-8.881784197001E-16,1.223247562991));
#1330 = ORIENTED_EDGE('',*,*,#1331,.T.);
#1331 = EDGE_CURVE('',#1234,#1332,#1334,.T.);
#1332 = VERTEX_POINT('',#1333);
#1333 = CARTESIAN_POINT('',(5.125011278124,1.025744553415E-07,
    3.156247851685));
#1334 = B_SPLINE_CURVE_WITH_KNOTS('',1,(#1335,#1336),.UNSPECIFIED.,.F.,
  .F.,(2,2),(0.,1.3105),.PIECEWISE_BEZIER_KNOTS.);
#1335 = CARTESIAN_POINT('',(3.990073725676,-8.287038596375E-07,
    2.501017356332));
#1336 = CARTESIAN_POINT('',(5.125011278124,1.025743765705E-07,
    3.156247851685));
#1337 = ORIENTED_EDGE('',*,*,#1338,.T.);
#1338 = EDGE_CURVE('',#1332,#677,#1339,.T.);
#1339 = B_SPLINE_CURVE_WITH_KNOTS('',9,(#1340,#1341,#1342,#1343,#1344,
    #1345,#1346,#1347,#1348,#1349,#1350,#1351,#1352,#1353,#1354,#1355,
    #1356,#1357,#1358,#1359,#1360,#1361,#1362,#1363,#1364,#1365,#1366,
    #1367,#1368,#1369,#1370),.UNSPECIFIED.,.F.,.F.,(10,7,7,7,10),(0.,
    1.614938419963,3.229876839926,4.844815259889,6.459753679852),
  .UNSPECIFIED.);
#1340 = CARTESIAN_POINT('',(5.125011278124,1.02574450711E-07,
    3.156247851685));
#1341 = CARTESIAN_POINT('',(5.125012159587,-0.894478603565,
    3.114581020515));
#1342 = CARTESIAN_POINT('',(4.94942445776,-1.788964301734,3.072913396599
    ));
#1343 = CARTESIAN_POINT('',(4.598110565317,-2.6440483135,3.031247710514)
  );
#1344 = CARTESIAN_POINT('',(4.081522145033,-3.420284008733,
    2.989581526325));
#1345 = CARTESIAN_POINT('',(3.420273731649,-4.081542188019,
    2.947914611912));
#1346 = CARTESIAN_POINT('',(2.644034598038,-4.598116705777,
    2.906247698191));
#1347 = CARTESIAN_POINT('',(1.788970391599,-4.949380422148,
    2.864580860509));
#1348 = CARTESIAN_POINT('',(9.399096270689E-06,-5.300644315715,
    2.78124744411));
#1349 = CARTESIAN_POINT('',(-1.788965275169,-4.949381921739,
    2.697914317226));
#1350 = CARTESIAN_POINT('',(-2.64404256146,-4.59811962884,2.656247779945
    ));
#1351 = CARTESIAN_POINT('',(-3.42029860538,-4.081540869929,
    2.614581121839));
#1352 = CARTESIAN_POINT('',(-4.081548860946,-3.420288746812,
    2.572914354364));
#1353 = CARTESIAN_POINT('',(-4.59812186284,-2.644036272253,
    2.531247597871));
#1354 = CARTESIAN_POINT('',(-4.949378574786,-1.788965386245,
    2.489580925319));
#1355 = CARTESIAN_POINT('',(-5.300635673189,-7.692623882641E-08,
    2.406247636843));
#1356 = CARTESIAN_POINT('',(-4.949378171353,1.788965153181,
    2.322914348368));
#1357 = CARTESIAN_POINT('',(-4.598121500175,2.644035904904,
    2.281247675817));
#1358 = CARTESIAN_POINT('',(-4.081549684606,3.420288648292,
    2.239580919322));
#1359 = CARTESIAN_POINT('',(-3.420300026987,4.081541763859,
    2.197914151847));
#1360 = CARTESIAN_POINT('',(-2.644043358601,4.598120925781,
    2.156247493741));
#1361 = CARTESIAN_POINT('',(-1.788965594379,4.949381930043,
    2.114580956461));
#1362 = CARTESIAN_POINT('',(9.18891764562E-06,5.300642335529,
    2.031247829576));
#1363 = CARTESIAN_POINT('',(1.788970072388,4.949379319848,1.947914413177
    ));
#1364 = CARTESIAN_POINT('',(2.644034768739,4.598117400167,1.906247575519
    ));
#1365 = CARTESIAN_POINT('',(3.42027371752,4.081544963974,1.864580661708)
  );
#1366 = CARTESIAN_POINT('',(4.081527983666,3.420290099138,1.822913747444
    ));
#1367 = CARTESIAN_POINT('',(4.59811173698,2.644043766259,1.781247563116)
  );
#1368 = CARTESIAN_POINT('',(4.949414934579,1.78896418062,1.739581877104)
  );
#1369 = CARTESIAN_POINT('',(5.125012648702,0.89447882923,1.697914253173)
  );
#1370 = CARTESIAN_POINT('',(5.125013533743,1.230903801332E-07,
    1.656247422));
#1371 = ORIENTED_EDGE('',*,*,#676,.F.);
#1372 = B_SPLINE_SURFACE_WITH_KNOTS('',1,9,(
    (#1373,#1374,#1375,#1376,#1377,#1378,#1379,#1380,#1381,#1382,#1383
      ,#1384,#1385,#1386,#1387,#1388,#1389,#1390,#1391,#1392,#1393,#1394
      ,#1395,#1396,#1397,#1398,#1399,#1400,#1401,#1402,#1403)
    ,(#1404,#1405,#1406,#1407,#1408,#1409,#1410,#1411,#1412,#1413,#1414
      ,#1415,#1416,#1417,#1418,#1419,#1420,#1421,#1422,#1423,#1424,#1425
      ,#1426,#1427,#1428,#1429,#1430,#1431,#1432,#1433,#1434
  )),.UNSPECIFIED.,.F.,.F.,.F.,(2,2),(10,7,7,7,10),(0.,1.3105),(0.,
    1.614938419963,3.229876839926,4.844815259889,6.459753679852),
  .UNSPECIFIED.);
#1373 = CARTESIAN_POINT('',(3.990073725676,-8.287037851495E-07,
    2.501017356332));
#1374 = CARTESIAN_POINT('',(3.990073582409,-0.696438043647,
    2.459352018638));
#1375 = CARTESIAN_POINT('',(3.853357717467,-1.392764035241,
    2.417693085272));
#1376 = CARTESIAN_POINT('',(3.57988420773,-2.058490656589,2.376018496584
    ));
#1377 = CARTESIAN_POINT('',(3.177665169462,-2.662884522402,
    2.334347932716));
#1378 = CARTESIAN_POINT('',(2.662838833158,-3.177679175135,
    2.292683266912));
#1379 = CARTESIAN_POINT('',(2.058506155271,-3.579862413922,
    2.251018596453));
#1380 = CARTESIAN_POINT('',(1.392799919075,-3.853335367702,
    2.209353311261));
#1381 = CARTESIAN_POINT('',(8.677692332732E-06,-4.126811037853,
    2.126020648979));
#1382 = CARTESIAN_POINT('',(-1.392800346281,-3.853336294621,
    2.042685647827));
#1383 = CARTESIAN_POINT('',(-2.058523734114,-3.579860587451,
    2.001017935906));
#1384 = CARTESIAN_POINT('',(-2.662874311875,-3.17767658403,
    1.959351200063));
#1385 = CARTESIAN_POINT('',(-3.177684858031,-2.662862617445,
    1.91768534781));
#1386 = CARTESIAN_POINT('',(-3.579860739472,-2.058517571742,
    1.876019406806));
#1387 = CARTESIAN_POINT('',(-3.853332598619,-1.392801910587,
    1.834352787689));
#1388 = CARTESIAN_POINT('',(-4.126804409192,9.428741457165E-07,
    1.751019091965));
#1389 = CARTESIAN_POINT('',(-3.853331961481,1.392803671235,
    1.667685396239));
#1390 = CARTESIAN_POINT('',(-3.57985979816,2.058519207205,1.626018777123
    ));
#1391 = CARTESIAN_POINT('',(-3.177683642361,2.662864069527,
    1.584352836118));
#1392 = CARTESIAN_POINT('',(-2.662872861849,3.177677802369,
    1.542686983866));
#1393 = CARTESIAN_POINT('',(-2.058522099321,3.579861530217,
    1.501020248024));
#1394 = CARTESIAN_POINT('',(-1.392798585768,3.853336931151,
    1.459352536103));
#1395 = CARTESIAN_POINT('',(1.056335488225E-05,4.126811034778,
    1.37601753495));
#1396 = CARTESIAN_POINT('',(1.392801679588,3.853334729467,1.292684872667
    ));
#1397 = CARTESIAN_POINT('',(2.05850779156,3.579861474236,1.251019587476)
  );
#1398 = CARTESIAN_POINT('',(2.662840285369,3.177677962483,1.209354917015
    ));
#1399 = CARTESIAN_POINT('',(3.177666395446,2.662883079632,1.167690251214
    ));
#1400 = CARTESIAN_POINT('',(3.579885150358,2.058489013551,1.126019687346
    ));
#1401 = CARTESIAN_POINT('',(3.853358339252,1.392762274017,1.084345098657
    ));
#1402 = CARTESIAN_POINT('',(3.990073901361,0.696436220499,1.04268616529)
  );
#1403 = CARTESIAN_POINT('',(3.990073729179,-9.944444524433E-07,
    1.001020827596));
#1404 = CARTESIAN_POINT('',(5.125011278124,1.02574450711E-07,
    3.156247851685));
#1405 = CARTESIAN_POINT('',(5.125012159587,-0.894478603565,
    3.114581020515));
#1406 = CARTESIAN_POINT('',(4.94942445776,-1.788964301734,3.072913396599
    ));
#1407 = CARTESIAN_POINT('',(4.598110565317,-2.6440483135,3.031247710514)
  );
#1408 = CARTESIAN_POINT('',(4.081522145033,-3.420284008733,
    2.989581526325));
#1409 = CARTESIAN_POINT('',(3.420273731649,-4.081542188019,
    2.947914611912));
#1410 = CARTESIAN_POINT('',(2.644034598038,-4.598116705777,
    2.906247698191));
#1411 = CARTESIAN_POINT('',(1.788970391599,-4.949380422148,
    2.864580860509));
#1412 = CARTESIAN_POINT('',(9.399096270689E-06,-5.300644315715,
    2.78124744411));
#1413 = CARTESIAN_POINT('',(-1.788965275169,-4.949381921739,
    2.697914317226));
#1414 = CARTESIAN_POINT('',(-2.64404256146,-4.59811962884,2.656247779945
    ));
#1415 = CARTESIAN_POINT('',(-3.42029860538,-4.081540869929,
    2.614581121839));
#1416 = CARTESIAN_POINT('',(-4.081548860946,-3.420288746812,
    2.572914354364));
#1417 = CARTESIAN_POINT('',(-4.59812186284,-2.644036272253,
    2.531247597871));
#1418 = CARTESIAN_POINT('',(-4.949378574786,-1.788965386245,
    2.489580925319));
#1419 = CARTESIAN_POINT('',(-5.300635673189,-7.692623882641E-08,
    2.406247636843));
#1420 = CARTESIAN_POINT('',(-4.949378171353,1.788965153181,
    2.322914348368));
#1421 = CARTESIAN_POINT('',(-4.598121500175,2.644035904904,
    2.281247675817));
#1422 = CARTESIAN_POINT('',(-4.081549684606,3.420288648292,
    2.239580919322));
#1423 = CARTESIAN_POINT('',(-3.420300026987,4.081541763859,
    2.197914151847));
#1424 = CARTESIAN_POINT('',(-2.644043358601,4.598120925781,
    2.156247493741));
#1425 = CARTESIAN_POINT('',(-1.788965594379,4.949381930043,
    2.114580956461));
#1426 = CARTESIAN_POINT('',(9.18891764562E-06,5.300642335529,
    2.031247829576));
#1427 = CARTESIAN_POINT('',(1.788970072388,4.949379319848,1.947914413177
    ));
#1428 = CARTESIAN_POINT('',(2.644034768739,4.598117400167,1.906247575519
    ));
#1429 = CARTESIAN_POINT('',(3.42027371752,4.081544963974,1.864580661708)
  );
#1430 = CARTESIAN_POINT('',(4.081527983666,3.420290099138,1.822913747444
    ));
#1431 = CARTESIAN_POINT('',(4.59811173698,2.644043766259,1.781247563116)
  );
#1432 = CARTESIAN_POINT('',(4.949414934579,1.78896418062,1.739581877104)
  );
#1433 = CARTESIAN_POINT('',(5.125012648702,0.89447882923,1.697914253173)
  );
#1434 = CARTESIAN_POINT('',(5.125013533743,1.230903801332E-07,
    1.656247422));
#1435 = ADVANCED_FACE('',(#1436),#1447,.F.);
#1436 = FACE_BOUND('',#1437,.T.);
#1437 = EDGE_LOOP('',(#1438,#1439,#1445,#1446));
#1438 = ORIENTED_EDGE('',*,*,#1233,.F.);
#1439 = ORIENTED_EDGE('',*,*,#1440,.T.);
#1440 = EDGE_CURVE('',#1234,#999,#1441,.T.);
#1441 = LINE('',#1442,#1443);
#1442 = CARTESIAN_POINT('',(4.375,0.,10.));
#1443 = VECTOR('',#1444,1.);
#1444 = DIRECTION('',(-7.105427357601E-17,0.,-1.));
#1445 = ORIENTED_EDGE('',*,*,#1005,.T.);
#1446 = ORIENTED_EDGE('',*,*,#786,.F.);
#1447 = CYLINDRICAL_SURFACE('',#1448,4.375);
#1448 = AXIS2_PLACEMENT_3D('',#1449,#1450,#1451);
#1449 = CARTESIAN_POINT('',(0.,0.,10.));
#1450 = DIRECTION('',(-0.,-0.,-1.));
#1451 = DIRECTION('',(1.,0.,0.));
#1452 = ADVANCED_FACE('',(#1453),#1489,.T.);
#1453 = FACE_BOUND('',#1454,.T.);
#1454 = EDGE_LOOP('',(#1455,#1466,#1472,#1473,#1474,#1482));
#1455 = ORIENTED_EDGE('',*,*,#1456,.T.);
#1456 = EDGE_CURVE('',#1457,#1459,#1461,.T.);
#1457 = VERTEX_POINT('',#1458);
#1458 = CARTESIAN_POINT('',(16.,0.,7.71368));
#1459 = VERTEX_POINT('',#1460);
#1460 = CARTESIAN_POINT('',(15.998046755776,-0.25,7.71368));
#1461 = CIRCLE('',#1462,16.);
#1462 = AXIS2_PLACEMENT_3D('',#1463,#1464,#1465);
#1463 = CARTESIAN_POINT('',(0.,0.,7.71368));
#1464 = DIRECTION('',(0.,0.,-1.));
#1465 = DIRECTION('',(1.,0.,0.));
#1466 = ORIENTED_EDGE('',*,*,#1467,.T.);
#1467 = EDGE_CURVE('',#1459,#941,#1468,.T.);
#1468 = LINE('',#1469,#1470);
#1469 = CARTESIAN_POINT('',(-140.2125647027,-0.25,7.71368));
#1470 = VECTOR('',#1471,1.);
#1471 = DIRECTION('',(1.,0.,0.));
#1472 = ORIENTED_EDGE('',*,*,#948,.F.);
#1473 = ORIENTED_EDGE('',*,*,#812,.F.);
#1474 = ORIENTED_EDGE('',*,*,#1475,.F.);
#1475 = EDGE_CURVE('',#1476,#813,#1478,.T.);
#1476 = VERTEX_POINT('',#1477);
#1477 = CARTESIAN_POINT('',(15.998046755776,0.25,7.71368));
#1478 = LINE('',#1479,#1480);
#1479 = CARTESIAN_POINT('',(-140.2125647027,0.25,7.71368));
#1480 = VECTOR('',#1481,1.);
#1481 = DIRECTION('',(1.,0.,0.));
#1482 = ORIENTED_EDGE('',*,*,#1483,.T.);
#1483 = EDGE_CURVE('',#1476,#1457,#1484,.T.);
#1484 = CIRCLE('',#1485,16.);
#1485 = AXIS2_PLACEMENT_3D('',#1486,#1487,#1488);
#1486 = CARTESIAN_POINT('',(0.,0.,7.71368));
#1487 = DIRECTION('',(0.,0.,-1.));
#1488 = DIRECTION('',(1.,0.,0.));
#1489 = PLANE('',#1490);
#1490 = AXIS2_PLACEMENT_3D('',#1491,#1492,#1493);
#1491 = CARTESIAN_POINT('',(-140.2125647027,-0.25,7.71368));
#1492 = DIRECTION('',(0.,0.,1.));
#1493 = DIRECTION('',(0.,1.,0.));
#1494 = ADVANCED_FACE('',(#1495),#1521,.T.);
#1495 = FACE_BOUND('',#1496,.T.);
#1496 = EDGE_LOOP('',(#1497,#1498,#1499,#1507,#1515));
#1497 = ORIENTED_EDGE('',*,*,#940,.T.);
#1498 = ORIENTED_EDGE('',*,*,#1467,.F.);
#1499 = ORIENTED_EDGE('',*,*,#1500,.F.);
#1500 = EDGE_CURVE('',#1501,#1459,#1503,.T.);
#1501 = VERTEX_POINT('',#1502);
#1502 = CARTESIAN_POINT('',(15.998046755776,-0.25,10.));
#1503 = LINE('',#1504,#1505);
#1504 = CARTESIAN_POINT('',(15.998046755776,-0.25,5.));
#1505 = VECTOR('',#1506,1.);
#1506 = DIRECTION('',(-0.,-0.,-1.));
#1507 = ORIENTED_EDGE('',*,*,#1508,.F.);
#1508 = EDGE_CURVE('',#1509,#1501,#1511,.T.);
#1509 = VERTEX_POINT('',#1510);
#1510 = CARTESIAN_POINT('',(15.998046755776,-0.25,25.));
#1511 = LINE('',#1512,#1513);
#1512 = CARTESIAN_POINT('',(15.998046755776,-0.25,5.));
#1513 = VECTOR('',#1514,1.);
#1514 = DIRECTION('',(-0.,-0.,-1.));
#1515 = ORIENTED_EDGE('',*,*,#1516,.F.);
#1516 = EDGE_CURVE('',#932,#1509,#1517,.T.);
#1517 = LINE('',#1518,#1519);
#1518 = CARTESIAN_POINT('',(-70.10628235137,-0.25,25.));
#1519 = VECTOR('',#1520,1.);
#1520 = DIRECTION('',(-1.,0.,0.));
#1521 = PLANE('',#1522);
#1522 = AXIS2_PLACEMENT_3D('',#1523,#1524,#1525);
#1523 = CARTESIAN_POINT('',(-140.2125647027,-0.25,27.71368));
#1524 = DIRECTION('',(0.,1.,0.));
#1525 = DIRECTION('',(0.,0.,-1.));
#1526 = ADVANCED_FACE('',(#1527),#1546,.T.);
#1527 = FACE_BOUND('',#1528,.T.);
#1528 = EDGE_LOOP('',(#1529,#1537,#1538,#1539));
#1529 = ORIENTED_EDGE('',*,*,#1530,.T.);
#1530 = EDGE_CURVE('',#1531,#924,#1533,.T.);
#1531 = VERTEX_POINT('',#1532);
#1532 = CARTESIAN_POINT('',(0.25,-15.99804675577,25.));
#1533 = LINE('',#1534,#1535);
#1534 = CARTESIAN_POINT('',(0.25,70.448141008408,25.));
#1535 = VECTOR('',#1536,1.);
#1536 = DIRECTION('',(0.,-1.,0.));
#1537 = ORIENTED_EDGE('',*,*,#931,.T.);
#1538 = ORIENTED_EDGE('',*,*,#1516,.T.);
#1539 = ORIENTED_EDGE('',*,*,#1540,.F.);
#1540 = EDGE_CURVE('',#1531,#1509,#1541,.T.);
#1541 = CIRCLE('',#1542,16.);
#1542 = AXIS2_PLACEMENT_3D('',#1543,#1544,#1545);
#1543 = CARTESIAN_POINT('',(0.,0.,25.));
#1544 = DIRECTION('',(0.,0.,1.));
#1545 = DIRECTION('',(1.,0.,0.));
#1546 = PLANE('',#1547);
#1547 = AXIS2_PLACEMENT_3D('',#1548,#1549,#1550);
#1548 = CARTESIAN_POINT('',(-6.5E-16,9.3E-16,25.));
#1549 = DIRECTION('',(0.,0.,1.));
#1550 = DIRECTION('',(1.,0.,0.));
#1551 = ADVANCED_FACE('',(#1552),#1578,.T.);
#1552 = FACE_BOUND('',#1553,.T.);
#1553 = EDGE_LOOP('',(#1554,#1562,#1570,#1576,#1577));
#1554 = ORIENTED_EDGE('',*,*,#1555,.T.);
#1555 = EDGE_CURVE('',#1531,#1556,#1558,.T.);
#1556 = VERTEX_POINT('',#1557);
#1557 = CARTESIAN_POINT('',(0.25,-15.99804675577,10.));
#1558 = LINE('',#1559,#1560);
#1559 = CARTESIAN_POINT('',(0.25,-15.99804675577,5.));
#1560 = VECTOR('',#1561,1.);
#1561 = DIRECTION('',(-0.,-0.,-1.));
#1562 = ORIENTED_EDGE('',*,*,#1563,.T.);
#1563 = EDGE_CURVE('',#1556,#1564,#1566,.T.);
#1564 = VERTEX_POINT('',#1565);
#1565 = CARTESIAN_POINT('',(0.25,-15.99804675577,8.55085));
#1566 = LINE('',#1567,#1568);
#1567 = CARTESIAN_POINT('',(0.25,-15.99804675577,5.));
#1568 = VECTOR('',#1569,1.);
#1569 = DIRECTION('',(-0.,-0.,-1.));
#1570 = ORIENTED_EDGE('',*,*,#1571,.T.);
#1571 = EDGE_CURVE('',#1564,#915,#1572,.T.);
#1572 = LINE('',#1573,#1574);
#1573 = CARTESIAN_POINT('',(0.25,140.89628201681,8.55085));
#1574 = VECTOR('',#1575,1.);
#1575 = DIRECTION('',(0.,-1.,2.2E-16));
#1576 = ORIENTED_EDGE('',*,*,#923,.F.);
#1577 = ORIENTED_EDGE('',*,*,#1530,.F.);
#1578 = PLANE('',#1579);
#1579 = AXIS2_PLACEMENT_3D('',#1580,#1581,#1582);
#1580 = CARTESIAN_POINT('',(0.25,140.89628201681,8.55085));
#1581 = DIRECTION('',(-1.,0.,0.));
#1582 = DIRECTION('',(0.,2.2E-16,1.));
#1583 = ADVANCED_FACE('',(#1584),#1603,.T.);
#1584 = FACE_BOUND('',#1585,.T.);
#1585 = EDGE_LOOP('',(#1586,#1595,#1601,#1602));
#1586 = ORIENTED_EDGE('',*,*,#1587,.T.);
#1587 = EDGE_CURVE('',#1564,#1588,#1590,.T.);
#1588 = VERTEX_POINT('',#1589);
#1589 = CARTESIAN_POINT('',(-0.25,-15.99804675577,8.55085));
#1590 = CIRCLE('',#1591,16.);
#1591 = AXIS2_PLACEMENT_3D('',#1592,#1593,#1594);
#1592 = CARTESIAN_POINT('',(0.,0.,8.55085));
#1593 = DIRECTION('',(0.,0.,-1.));
#1594 = DIRECTION('',(1.,0.,0.));
#1595 = ORIENTED_EDGE('',*,*,#1596,.T.);
#1596 = EDGE_CURVE('',#1588,#907,#1597,.T.);
#1597 = LINE('',#1598,#1599);
#1598 = CARTESIAN_POINT('',(-0.25,140.89628201681,8.55085));
#1599 = VECTOR('',#1600,1.);
#1600 = DIRECTION('',(0.,-1.,2.2E-16));
#1601 = ORIENTED_EDGE('',*,*,#914,.F.);
#1602 = ORIENTED_EDGE('',*,*,#1571,.F.);
#1603 = PLANE('',#1604);
#1604 = AXIS2_PLACEMENT_3D('',#1605,#1606,#1607);
#1605 = CARTESIAN_POINT('',(-0.25,140.89628201681,8.55085));
#1606 = DIRECTION('',(0.,2.2E-16,1.));
#1607 = DIRECTION('',(1.,0.,0.));
#1608 = ADVANCED_FACE('',(#1609),#1635,.T.);
#1609 = FACE_BOUND('',#1610,.T.);
#1610 = EDGE_LOOP('',(#1611,#1612,#1613,#1621,#1629));
#1611 = ORIENTED_EDGE('',*,*,#906,.T.);
#1612 = ORIENTED_EDGE('',*,*,#1596,.F.);
#1613 = ORIENTED_EDGE('',*,*,#1614,.F.);
#1614 = EDGE_CURVE('',#1615,#1588,#1617,.T.);
#1615 = VERTEX_POINT('',#1616);
#1616 = CARTESIAN_POINT('',(-0.25,-15.99804675577,10.));
#1617 = LINE('',#1618,#1619);
#1618 = CARTESIAN_POINT('',(-0.25,-15.99804675577,5.));
#1619 = VECTOR('',#1620,1.);
#1620 = DIRECTION('',(-0.,-0.,-1.));
#1621 = ORIENTED_EDGE('',*,*,#1622,.F.);
#1622 = EDGE_CURVE('',#1623,#1615,#1625,.T.);
#1623 = VERTEX_POINT('',#1624);
#1624 = CARTESIAN_POINT('',(-0.25,-15.99804675577,25.));
#1625 = LINE('',#1626,#1627);
#1626 = CARTESIAN_POINT('',(-0.25,-15.99804675577,5.));
#1627 = VECTOR('',#1628,1.);
#1628 = DIRECTION('',(-0.,-0.,-1.));
#1629 = ORIENTED_EDGE('',*,*,#1630,.F.);
#1630 = EDGE_CURVE('',#898,#1623,#1631,.T.);
#1631 = LINE('',#1632,#1633);
#1632 = CARTESIAN_POINT('',(-0.25,70.448141008408,25.));
#1633 = VECTOR('',#1634,1.);
#1634 = DIRECTION('',(0.,1.,0.));
#1635 = PLANE('',#1636);
#1636 = AXIS2_PLACEMENT_3D('',#1637,#1638,#1639);
#1637 = CARTESIAN_POINT('',(-0.25,140.89628201681,28.55085));
#1638 = DIRECTION('',(1.,0.,0.));
#1639 = DIRECTION('',(0.,-2.2E-16,-1.));
#1640 = ADVANCED_FACE('',(#1641),#1660,.T.);
#1641 = FACE_BOUND('',#1642,.T.);
#1642 = EDGE_LOOP('',(#1643,#1652,#1658,#1659));
#1643 = ORIENTED_EDGE('',*,*,#1644,.F.);
#1644 = EDGE_CURVE('',#1645,#1623,#1647,.T.);
#1645 = VERTEX_POINT('',#1646);
#1646 = CARTESIAN_POINT('',(-15.99804675577,-0.25,25.));
#1647 = CIRCLE('',#1648,16.);
#1648 = AXIS2_PLACEMENT_3D('',#1649,#1650,#1651);
#1649 = CARTESIAN_POINT('',(0.,0.,25.));
#1650 = DIRECTION('',(0.,0.,1.));
#1651 = DIRECTION('',(1.,0.,0.));
#1652 = ORIENTED_EDGE('',*,*,#1653,.T.);
#1653 = EDGE_CURVE('',#1645,#890,#1654,.T.);
#1654 = LINE('',#1655,#1656);
#1655 = CARTESIAN_POINT('',(-70.10628235137,-0.25,25.));
#1656 = VECTOR('',#1657,1.);
#1657 = DIRECTION('',(-1.,0.,0.));
#1658 = ORIENTED_EDGE('',*,*,#897,.T.);
#1659 = ORIENTED_EDGE('',*,*,#1630,.T.);
#1660 = PLANE('',#1661);
#1661 = AXIS2_PLACEMENT_3D('',#1662,#1663,#1664);
#1662 = CARTESIAN_POINT('',(-6.5E-16,9.3E-16,25.));
#1663 = DIRECTION('',(0.,0.,1.));
#1664 = DIRECTION('',(1.,0.,0.));
#1665 = ADVANCED_FACE('',(#1666),#1692,.T.);
#1666 = FACE_BOUND('',#1667,.T.);
#1667 = EDGE_LOOP('',(#1668,#1676,#1677,#1678,#1686));
#1668 = ORIENTED_EDGE('',*,*,#1669,.F.);
#1669 = EDGE_CURVE('',#881,#1670,#1672,.T.);
#1670 = VERTEX_POINT('',#1671);
#1671 = CARTESIAN_POINT('',(-15.99804675577,-0.25,7.71368));
#1672 = LINE('',#1673,#1674);
#1673 = CARTESIAN_POINT('',(-140.2125647027,-0.25,7.71368));
#1674 = VECTOR('',#1675,1.);
#1675 = DIRECTION('',(1.,0.,0.));
#1676 = ORIENTED_EDGE('',*,*,#889,.F.);
#1677 = ORIENTED_EDGE('',*,*,#1653,.F.);
#1678 = ORIENTED_EDGE('',*,*,#1679,.T.);
#1679 = EDGE_CURVE('',#1645,#1680,#1682,.T.);
#1680 = VERTEX_POINT('',#1681);
#1681 = CARTESIAN_POINT('',(-15.99804675577,-0.25,10.));
#1682 = LINE('',#1683,#1684);
#1683 = CARTESIAN_POINT('',(-15.99804675577,-0.25,5.));
#1684 = VECTOR('',#1685,1.);
#1685 = DIRECTION('',(-0.,-0.,-1.));
#1686 = ORIENTED_EDGE('',*,*,#1687,.T.);
#1687 = EDGE_CURVE('',#1680,#1670,#1688,.T.);
#1688 = LINE('',#1689,#1690);
#1689 = CARTESIAN_POINT('',(-15.99804675577,-0.25,5.));
#1690 = VECTOR('',#1691,1.);
#1691 = DIRECTION('',(-0.,-0.,-1.));
#1692 = PLANE('',#1693);
#1693 = AXIS2_PLACEMENT_3D('',#1694,#1695,#1696);
#1694 = CARTESIAN_POINT('',(-140.2125647027,-0.25,27.71368));
#1695 = DIRECTION('',(0.,1.,0.));
#1696 = DIRECTION('',(0.,0.,-1.));
#1697 = ADVANCED_FACE('',(#1698),#1717,.T.);
#1698 = FACE_BOUND('',#1699,.T.);
#1699 = EDGE_LOOP('',(#1700,#1701,#1702,#1711));
#1700 = ORIENTED_EDGE('',*,*,#880,.F.);
#1701 = ORIENTED_EDGE('',*,*,#1669,.T.);
#1702 = ORIENTED_EDGE('',*,*,#1703,.T.);
#1703 = EDGE_CURVE('',#1670,#1704,#1706,.T.);
#1704 = VERTEX_POINT('',#1705);
#1705 = CARTESIAN_POINT('',(-15.99804675577,0.25,7.71368));
#1706 = CIRCLE('',#1707,16.);
#1707 = AXIS2_PLACEMENT_3D('',#1708,#1709,#1710);
#1708 = CARTESIAN_POINT('',(0.,0.,7.71368));
#1709 = DIRECTION('',(0.,0.,-1.));
#1710 = DIRECTION('',(1.,0.,0.));
#1711 = ORIENTED_EDGE('',*,*,#1712,.F.);
#1712 = EDGE_CURVE('',#873,#1704,#1713,.T.);
#1713 = LINE('',#1714,#1715);
#1714 = CARTESIAN_POINT('',(-140.2125647027,0.25,7.71368));
#1715 = VECTOR('',#1716,1.);
#1716 = DIRECTION('',(1.,0.,0.));
#1717 = PLANE('',#1718);
#1718 = AXIS2_PLACEMENT_3D('',#1719,#1720,#1721);
#1719 = CARTESIAN_POINT('',(-140.2125647027,-0.25,7.71368));
#1720 = DIRECTION('',(0.,0.,1.));
#1721 = DIRECTION('',(0.,1.,0.));
#1722 = ADVANCED_FACE('',(#1723),#1749,.T.);
#1723 = FACE_BOUND('',#1724,.T.);
#1724 = EDGE_LOOP('',(#1725,#1726,#1727,#1735,#1743));
#1725 = ORIENTED_EDGE('',*,*,#872,.T.);
#1726 = ORIENTED_EDGE('',*,*,#1712,.T.);
#1727 = ORIENTED_EDGE('',*,*,#1728,.F.);
#1728 = EDGE_CURVE('',#1729,#1704,#1731,.T.);
#1729 = VERTEX_POINT('',#1730);
#1730 = CARTESIAN_POINT('',(-15.99804675577,0.25,10.));
#1731 = LINE('',#1732,#1733);
#1732 = CARTESIAN_POINT('',(-15.99804675577,0.25,5.));
#1733 = VECTOR('',#1734,1.);
#1734 = DIRECTION('',(-0.,-0.,-1.));
#1735 = ORIENTED_EDGE('',*,*,#1736,.F.);
#1736 = EDGE_CURVE('',#1737,#1729,#1739,.T.);
#1737 = VERTEX_POINT('',#1738);
#1738 = CARTESIAN_POINT('',(-15.99804675577,0.25,25.));
#1739 = LINE('',#1740,#1741);
#1740 = CARTESIAN_POINT('',(-15.99804675577,0.25,5.));
#1741 = VECTOR('',#1742,1.);
#1742 = DIRECTION('',(-0.,-0.,-1.));
#1743 = ORIENTED_EDGE('',*,*,#1744,.F.);
#1744 = EDGE_CURVE('',#864,#1737,#1745,.T.);
#1745 = LINE('',#1746,#1747);
#1746 = CARTESIAN_POINT('',(-70.10628235137,0.25,25.));
#1747 = VECTOR('',#1748,1.);
#1748 = DIRECTION('',(1.,0.,0.));
#1749 = PLANE('',#1750);
#1750 = AXIS2_PLACEMENT_3D('',#1751,#1752,#1753);
#1751 = CARTESIAN_POINT('',(-140.2125647027,0.25,7.71368));
#1752 = DIRECTION('',(0.,-1.,0.));
#1753 = DIRECTION('',(0.,0.,1.));
#1754 = ADVANCED_FACE('',(#1755),#1774,.T.);
#1755 = FACE_BOUND('',#1756,.T.);
#1756 = EDGE_LOOP('',(#1757,#1766,#1772,#1773));
#1757 = ORIENTED_EDGE('',*,*,#1758,.F.);
#1758 = EDGE_CURVE('',#1759,#1737,#1761,.T.);
#1759 = VERTEX_POINT('',#1760);
#1760 = CARTESIAN_POINT('',(-0.25,15.998046755776,25.));
#1761 = CIRCLE('',#1762,16.);
#1762 = AXIS2_PLACEMENT_3D('',#1763,#1764,#1765);
#1763 = CARTESIAN_POINT('',(0.,0.,25.));
#1764 = DIRECTION('',(0.,0.,1.));
#1765 = DIRECTION('',(1.,0.,0.));
#1766 = ORIENTED_EDGE('',*,*,#1767,.T.);
#1767 = EDGE_CURVE('',#1759,#856,#1768,.T.);
#1768 = LINE('',#1769,#1770);
#1769 = CARTESIAN_POINT('',(-0.25,70.448141008408,25.));
#1770 = VECTOR('',#1771,1.);
#1771 = DIRECTION('',(0.,1.,0.));
#1772 = ORIENTED_EDGE('',*,*,#863,.T.);
#1773 = ORIENTED_EDGE('',*,*,#1744,.T.);
#1774 = PLANE('',#1775);
#1775 = AXIS2_PLACEMENT_3D('',#1776,#1777,#1778);
#1776 = CARTESIAN_POINT('',(-6.5E-16,9.3E-16,25.));
#1777 = DIRECTION('',(0.,0.,1.));
#1778 = DIRECTION('',(1.,0.,0.));
#1779 = ADVANCED_FACE('',(#1780),#1806,.T.);
#1780 = FACE_BOUND('',#1781,.T.);
#1781 = EDGE_LOOP('',(#1782,#1790,#1791,#1792,#1800));
#1782 = ORIENTED_EDGE('',*,*,#1783,.F.);
#1783 = EDGE_CURVE('',#847,#1784,#1786,.T.);
#1784 = VERTEX_POINT('',#1785);
#1785 = CARTESIAN_POINT('',(-0.25,15.998046755776,8.55085));
#1786 = LINE('',#1787,#1788);
#1787 = CARTESIAN_POINT('',(-0.25,140.89628201681,8.55085));
#1788 = VECTOR('',#1789,1.);
#1789 = DIRECTION('',(0.,-1.,2.2E-16));
#1790 = ORIENTED_EDGE('',*,*,#855,.F.);
#1791 = ORIENTED_EDGE('',*,*,#1767,.F.);
#1792 = ORIENTED_EDGE('',*,*,#1793,.T.);
#1793 = EDGE_CURVE('',#1759,#1794,#1796,.T.);
#1794 = VERTEX_POINT('',#1795);
#1795 = CARTESIAN_POINT('',(-0.25,15.998046755776,10.));
#1796 = LINE('',#1797,#1798);
#1797 = CARTESIAN_POINT('',(-0.25,15.998046755776,5.));
#1798 = VECTOR('',#1799,1.);
#1799 = DIRECTION('',(-0.,-0.,-1.));
#1800 = ORIENTED_EDGE('',*,*,#1801,.T.);
#1801 = EDGE_CURVE('',#1794,#1784,#1802,.T.);
#1802 = LINE('',#1803,#1804);
#1803 = CARTESIAN_POINT('',(-0.25,15.998046755776,5.));
#1804 = VECTOR('',#1805,1.);
#1805 = DIRECTION('',(-0.,-0.,-1.));
#1806 = PLANE('',#1807);
#1807 = AXIS2_PLACEMENT_3D('',#1808,#1809,#1810);
#1808 = CARTESIAN_POINT('',(-0.25,140.89628201681,28.55085));
#1809 = DIRECTION('',(1.,0.,0.));
#1810 = DIRECTION('',(0.,-2.2E-16,-1.));
#1811 = ADVANCED_FACE('',(#1812),#1831,.T.);
#1812 = FACE_BOUND('',#1813,.T.);
#1813 = EDGE_LOOP('',(#1814,#1815,#1816,#1825));
#1814 = ORIENTED_EDGE('',*,*,#846,.F.);
#1815 = ORIENTED_EDGE('',*,*,#1783,.T.);
#1816 = ORIENTED_EDGE('',*,*,#1817,.T.);
#1817 = EDGE_CURVE('',#1784,#1818,#1820,.T.);
#1818 = VERTEX_POINT('',#1819);
#1819 = CARTESIAN_POINT('',(0.25,15.998046755776,8.55085));
#1820 = CIRCLE('',#1821,16.);
#1821 = AXIS2_PLACEMENT_3D('',#1822,#1823,#1824);
#1822 = CARTESIAN_POINT('',(0.,0.,8.55085));
#1823 = DIRECTION('',(0.,0.,-1.));
#1824 = DIRECTION('',(1.,0.,0.));
#1825 = ORIENTED_EDGE('',*,*,#1826,.F.);
#1826 = EDGE_CURVE('',#839,#1818,#1827,.T.);
#1827 = LINE('',#1828,#1829);
#1828 = CARTESIAN_POINT('',(0.25,140.89628201681,8.55085));
#1829 = VECTOR('',#1830,1.);
#1830 = DIRECTION('',(0.,-1.,2.2E-16));
#1831 = PLANE('',#1832);
#1832 = AXIS2_PLACEMENT_3D('',#1833,#1834,#1835);
#1833 = CARTESIAN_POINT('',(-0.25,140.89628201681,8.55085));
#1834 = DIRECTION('',(0.,2.2E-16,1.));
#1835 = DIRECTION('',(1.,0.,0.));
#1836 = ADVANCED_FACE('',(#1837),#1863,.T.);
#1837 = FACE_BOUND('',#1838,.T.);
#1838 = EDGE_LOOP('',(#1839,#1840,#1841,#1849,#1857));
#1839 = ORIENTED_EDGE('',*,*,#838,.T.);
#1840 = ORIENTED_EDGE('',*,*,#1826,.T.);
#1841 = ORIENTED_EDGE('',*,*,#1842,.F.);
#1842 = EDGE_CURVE('',#1843,#1818,#1845,.T.);
#1843 = VERTEX_POINT('',#1844);
#1844 = CARTESIAN_POINT('',(0.25,15.998046755776,10.));
#1845 = LINE('',#1846,#1847);
#1846 = CARTESIAN_POINT('',(0.25,15.998046755776,5.));
#1847 = VECTOR('',#1848,1.);
#1848 = DIRECTION('',(-0.,-0.,-1.));
#1849 = ORIENTED_EDGE('',*,*,#1850,.F.);
#1850 = EDGE_CURVE('',#1851,#1843,#1853,.T.);
#1851 = VERTEX_POINT('',#1852);
#1852 = CARTESIAN_POINT('',(0.25,15.998046755776,25.));
#1853 = LINE('',#1854,#1855);
#1854 = CARTESIAN_POINT('',(0.25,15.998046755776,5.));
#1855 = VECTOR('',#1856,1.);
#1856 = DIRECTION('',(-0.,-0.,-1.));
#1857 = ORIENTED_EDGE('',*,*,#1858,.F.);
#1858 = EDGE_CURVE('',#830,#1851,#1859,.T.);
#1859 = LINE('',#1860,#1861);
#1860 = CARTESIAN_POINT('',(0.25,70.448141008408,25.));
#1861 = VECTOR('',#1862,1.);
#1862 = DIRECTION('',(0.,-1.,0.));
#1863 = PLANE('',#1864);
#1864 = AXIS2_PLACEMENT_3D('',#1865,#1866,#1867);
#1865 = CARTESIAN_POINT('',(0.25,140.89628201681,8.55085));
#1866 = DIRECTION('',(-1.,0.,0.));
#1867 = DIRECTION('',(0.,2.2E-16,1.));
#1868 = ADVANCED_FACE('',(#1869),#1888,.T.);
#1869 = FACE_BOUND('',#1870,.T.);
#1870 = EDGE_LOOP('',(#1871,#1879,#1880,#1881));
#1871 = ORIENTED_EDGE('',*,*,#1872,.T.);
#1872 = EDGE_CURVE('',#1873,#822,#1875,.T.);
#1873 = VERTEX_POINT('',#1874);
#1874 = CARTESIAN_POINT('',(15.998046755776,0.25,25.));
#1875 = LINE('',#1876,#1877);
#1876 = CARTESIAN_POINT('',(-70.10628235137,0.25,25.));
#1877 = VECTOR('',#1878,1.);
#1878 = DIRECTION('',(1.,0.,0.));
#1879 = ORIENTED_EDGE('',*,*,#829,.T.);
#1880 = ORIENTED_EDGE('',*,*,#1858,.T.);
#1881 = ORIENTED_EDGE('',*,*,#1882,.F.);
#1882 = EDGE_CURVE('',#1873,#1851,#1883,.T.);
#1883 = CIRCLE('',#1884,16.);
#1884 = AXIS2_PLACEMENT_3D('',#1885,#1886,#1887);
#1885 = CARTESIAN_POINT('',(0.,0.,25.));
#1886 = DIRECTION('',(0.,0.,1.));
#1887 = DIRECTION('',(1.,0.,0.));
#1888 = PLANE('',#1889);
#1889 = AXIS2_PLACEMENT_3D('',#1890,#1891,#1892);
#1890 = CARTESIAN_POINT('',(-6.5E-16,9.3E-16,25.));
#1891 = DIRECTION('',(0.,0.,1.));
#1892 = DIRECTION('',(1.,0.,0.));
#1893 = ADVANCED_FACE('',(#1894),#1913,.T.);
#1894 = FACE_BOUND('',#1895,.T.);
#1895 = EDGE_LOOP('',(#1896,#1904,#1910,#1911,#1912));
#1896 = ORIENTED_EDGE('',*,*,#1897,.T.);
#1897 = EDGE_CURVE('',#1873,#1898,#1900,.T.);
#1898 = VERTEX_POINT('',#1899);
#1899 = CARTESIAN_POINT('',(15.998046755776,0.25,10.));
#1900 = LINE('',#1901,#1902);
#1901 = CARTESIAN_POINT('',(15.998046755776,0.25,5.));
#1902 = VECTOR('',#1903,1.);
#1903 = DIRECTION('',(-0.,-0.,-1.));
#1904 = ORIENTED_EDGE('',*,*,#1905,.T.);
#1905 = EDGE_CURVE('',#1898,#1476,#1906,.T.);
#1906 = LINE('',#1907,#1908);
#1907 = CARTESIAN_POINT('',(15.998046755776,0.25,5.));
#1908 = VECTOR('',#1909,1.);
#1909 = DIRECTION('',(-0.,-0.,-1.));
#1910 = ORIENTED_EDGE('',*,*,#1475,.T.);
#1911 = ORIENTED_EDGE('',*,*,#821,.F.);
#1912 = ORIENTED_EDGE('',*,*,#1872,.F.);
#1913 = PLANE('',#1914);
#1914 = AXIS2_PLACEMENT_3D('',#1915,#1916,#1917);
#1915 = CARTESIAN_POINT('',(-140.2125647027,0.25,7.71368));
#1916 = DIRECTION('',(0.,-1.,0.));
#1917 = DIRECTION('',(0.,0.,1.));
#1918 = ADVANCED_FACE('',(#1919),#2047,.F.);
#1919 = FACE_BOUND('',#1920,.F.);
#1920 = EDGE_LOOP('',(#1921,#1956,#1963,#2046));
#1921 = ORIENTED_EDGE('',*,*,#1922,.F.);
#1922 = EDGE_CURVE('',#1923,#964,#1925,.T.);
#1923 = VERTEX_POINT('',#1924);
#1924 = CARTESIAN_POINT('',(5.125014500451,1.025757683849E-07,
    3.343747851658));
#1925 = B_SPLINE_CURVE_WITH_KNOTS('',11,(#1926,#1927,#1928,#1929,#1930,
    #1931,#1932,#1933,#1934,#1935,#1936,#1937,#1938,#1939,#1940,#1941,
    #1942,#1943,#1944,#1945,#1946,#1947,#1948,#1949,#1950,#1951,#1952,
    #1953,#1954,#1955),.UNSPECIFIED.,.F.,.F.,(12,9,9,12),(0.,
    1.614938419963,3.229876839926,6.459753679852),.UNSPECIFIED.);
#1926 = CARTESIAN_POINT('',(5.125014500451,1.025757643269E-07,
    3.343747851658));
#1927 = CARTESIAN_POINT('',(5.12501542352,-0.731846617591,3.309656807969
    ));
#1928 = CARTESIAN_POINT('',(5.01008632909,-1.463697946303,3.27556524538)
  );
#1929 = CARTESIAN_POINT('',(4.780155056845,-2.175491540907,
    3.241474554031));
#1930 = CARTESIAN_POINT('',(4.43919566285,-2.847149320611,3.207384151371
    ));
#1931 = CARTESIAN_POINT('',(3.99510909247,-3.459495338914,3.173293492223
    ));
#1932 = CARTESIAN_POINT('',(3.459481956821,-3.995124001021,
    3.139202513327));
#1933 = CARTESIAN_POINT('',(2.847139015643,-4.439201744193,
    3.105111410193));
#1934 = CARTESIAN_POINT('',(2.17548744463,-4.780138531758,3.071020339214
    ));
#1935 = CARTESIAN_POINT('',(1.463705718133,-5.010056935979,
    3.036929331533));
#1936 = CARTESIAN_POINT('',(8.217245939076E-06,-5.239975462468,
    2.968747469075));
#1937 = CARTESIAN_POINT('',(-1.463698215685,-5.010058014693,
    2.900565796123));
#1938 = CARTESIAN_POINT('',(-2.175488584531,-4.780140570388,
    2.866474983493));
#1939 = CARTESIAN_POINT('',(-2.847151930833,-4.43920289833,
    2.832384132706));
#1940 = CARTESIAN_POINT('',(-3.459504375854,-3.995125434363,
    2.798293213971));
#1941 = CARTESIAN_POINT('',(-3.99513292086,-3.459495771289,
    2.764202244281));
#1942 = CARTESIAN_POINT('',(-4.439206888405,-2.847145097357,
    2.730111267856));
#1943 = CARTESIAN_POINT('',(-4.780140087848,-2.175485755233,
    2.696020323443));
#1944 = CARTESIAN_POINT('',(-5.010053775001,-1.463699978865,
    2.661929418289));
#1945 = CARTESIAN_POINT('',(-5.354924485167,0.731849877321,2.55965674607
    ));
#1946 = CARTESIAN_POINT('',(-4.665182068524,2.927399577008,
    2.457384073853));
#1947 = CARTESIAN_POINT('',(-3.745523213498,4.230588237285,
    2.389202045543));
#1948 = CARTESIAN_POINT('',(-2.429081818088,5.21275990507,2.321020579243
    ));
#1949 = CARTESIAN_POINT('',(-0.841781583783,5.741686921032,2.25283634489
    ));
#1950 = CARTESIAN_POINT('',(0.841835256423,5.741646839919,2.18466000492)
  );
#1951 = CARTESIAN_POINT('',(2.429117125193,5.212745576726,2.116475801141
    ));
#1952 = CARTESIAN_POINT('',(3.745344395687,4.230611181289,2.048288682031
    ));
#1953 = CARTESIAN_POINT('',(4.665265869276,2.927404276387,1.98011367237)
  );
#1954 = CARTESIAN_POINT('',(5.12501554854,1.463693563425,1.911929509343)
  );
#1955 = CARTESIAN_POINT('',(5.125017400535,1.230922590746E-07,
    1.84374742196));
#1956 = ORIENTED_EDGE('',*,*,#1957,.T.);
#1957 = EDGE_CURVE('',#1923,#1958,#1960,.T.);
#1958 = VERTEX_POINT('',#1959);
#1959 = CARTESIAN_POINT('',(4.375,-5.128583116507E-07,3.776786111634));
#1960 = B_SPLINE_CURVE_WITH_KNOTS('',1,(#1961,#1962),.UNSPECIFIED.,.F.,
  .F.,(2,2),(0.,1.3105),.PIECEWISE_BEZIER_KNOTS.);
#1961 = CARTESIAN_POINT('',(5.125014500451,1.025756897423E-07,
    3.343747851658));
#1962 = CARTESIAN_POINT('',(3.990099469917,-8.286933698063E-07,
    3.999017356111));
#1963 = ORIENTED_EDGE('',*,*,#1964,.T.);
#1964 = EDGE_CURVE('',#1958,#999,#1965,.T.);
#1965 = B_SPLINE_CURVE_WITH_KNOTS('',7,(#1966,#1967,#1968,#1969,#1970,
    #1971,#1972,#1973,#1974,#1975,#1976,#1977,#1978,#1979,#1980,#1981,
    #1982,#1983,#1984,#1985,#1986,#1987,#1988,#1989,#1990,#1991,#1992,
    #1993,#1994,#1995,#1996,#1997,#1998,#1999,#2000,#2001,#2002,#2003,
    #2004,#2005,#2006,#2007,#2008,#2009,#2010,#2011,#2012,#2013,#2014,
    #2015,#2016,#2017,#2018,#2019,#2020,#2021,#2022,#2023,#2024,#2025,
    #2026,#2027,#2028,#2029,#2030,#2031,#2032,#2033,#2034,#2035,#2036,
    #2037,#2038,#2039,#2040,#2041,#2042,#2043,#2044,#2045),
  .UNSPECIFIED.,.F.,.F.,(8,6,6,6,6,6,6,6,6,6,6,6,6,8),(0.,
    4.742206207429E-02,0.134048399437,0.225737434378,0.287083051917,
    0.379920057126,0.481532737058,0.504123884147,0.624685306026,
    0.746177135747,0.804080228861,0.867672582913,0.958305250201,1.),
  .UNSPECIFIED.);
#1966 = CARTESIAN_POINT('',(4.375,-5.128582367675E-07,3.776786111634));
#1967 = CARTESIAN_POINT('',(4.374999978171,-0.18621162619,3.766625808583
    ));
#1968 = CARTESIAN_POINT('',(4.36575321104,-0.372425268859,3.756466961329
    ));
#1969 = CARTESIAN_POINT('',(4.347259978618,-0.558085905295,
    3.746308353238));
#1970 = CARTESIAN_POINT('',(4.319561333779,-0.742643246801,
    3.736149242583));
#1971 = CARTESIAN_POINT('',(4.28273901021,-0.925552827709,3.725989305772
    ));
#1972 = CARTESIAN_POINT('',(4.236915330358,-1.106276581541,
    3.715828580577));
#1973 = CARTESIAN_POINT('',(4.082401115355,-1.609450217612,
    3.687105900056));
#1974 = CARTESIAN_POINT('',(3.95303793957,-1.925611801621,3.668539500552
    ));
#1975 = CARTESIAN_POINT('',(3.795162235056,-2.229458908383,
    3.649974198593));
#1976 = CARTESIAN_POINT('',(3.610220697955,-2.517945621756,
    3.631410792127));
#1977 = CARTESIAN_POINT('',(3.400022209713,-2.788250202245,
    3.612847260231));
#1978 = CARTESIAN_POINT('',(3.166730657776,-3.037786371308,3.59428249328
    ));
#1979 = CARTESIAN_POINT('',(2.644309740207,-3.503979803759,
    3.556075505628));
#1980 = CARTESIAN_POINT('',(2.352614161656,-3.717952113341,
    3.536426549821));
#1981 = CARTESIAN_POINT('',(2.04090319582,-3.903425741892,3.516780885286
    ));
#1982 = CARTESIAN_POINT('',(1.712537075488,-4.05823052872,3.497136895133
    ));
#1983 = CARTESIAN_POINT('',(1.371110345826,-4.180671895021,
    3.477490618021));
#1984 = CARTESIAN_POINT('',(1.020435244167,-4.269538649586,
    3.457841038023));
#1985 = CARTESIAN_POINT('',(0.426492382059,-4.360820370758,3.42505062526
    ));
#1986 = CARTESIAN_POINT('',(0.18604367578,-4.382119352108,3.411905557879
    ));
#1987 = CARTESIAN_POINT('',(-5.556952709834E-02,-4.387940033504,
    3.398760790166));
#1988 = CARTESIAN_POINT('',(-0.297153501659,-4.378219447883,
    3.385616241086));
#1989 = CARTESIAN_POINT('',(-0.537518005228,-4.353005481472,
    3.372471472549));
#1990 = CARTESIAN_POINT('',(-0.775478243784,-4.312456795437,
    3.359326384111));
#1991 = CARTESIAN_POINT('',(-1.364553378589,-4.172709999492,
    3.326289796669));
#1992 = CARTESIAN_POINT('',(-1.711144458011,-4.054066886587,
    3.306393758166));
#1993 = CARTESIAN_POINT('',(-2.045466982826,-3.90188735944,
    3.286500993579));
#1994 = CARTESIAN_POINT('',(-2.363680564354,-3.717751265421,
    3.266610314693));
#1995 = CARTESIAN_POINT('',(-2.662214836254,-3.503724576856,
    3.246717678432));
#1996 = CARTESIAN_POINT('',(-2.9377865122,-3.262349593826,3.226821790322
    ));
#1997 = CARTESIAN_POINT('',(-3.460790379239,-2.706059004617,
    3.185157415286));
#1998 = CARTESIAN_POINT('',(-3.703246117166,-2.386193120965,
    3.163378316781));
#1999 = CARTESIAN_POINT('',(-3.910959189594,-2.041239992947,
    3.141603554136));
#2000 = CARTESIAN_POINT('',(-4.080943572095,-1.675757164401,
    3.119831508567));
#2001 = CARTESIAN_POINT('',(-4.210918550021,-1.294648383013,
    3.098056395014));
#2002 = CARTESIAN_POINT('',(-4.2993226135,-0.903133720676,3.076276750016
    ));
#2003 = CARTESIAN_POINT('',(-4.35582093412,-0.418710030534,
    3.049663205882));
#2004 = CARTESIAN_POINT('',(-4.364012990118,-0.330356171024,
    3.044822546626));
#2005 = CARTESIAN_POINT('',(-4.370113841818,-0.241818436934,
    3.039981905579));
#2006 = CARTESIAN_POINT('',(-4.374118690136,-0.153156212287,
    3.035141284186));
#2007 = CARTESIAN_POINT('',(-4.37602484822,-6.44289858036E-02,
    3.030300683923));
#2008 = CARTESIAN_POINT('',(-4.375831741449,2.430364910007E-02,
    3.02546010629));
#2009 = CARTESIAN_POINT('',(-4.361315489857,0.586228764223,
    2.994787132404));
#2010 = CARTESIAN_POINT('',(-4.289338382431,1.058211397092,
    2.968940077476));
#2011 = CARTESIAN_POINT('',(-4.157738745263,1.519363936763,
    2.943106405294));
#2012 = CARTESIAN_POINT('',(-3.968688882145,1.960807642688,
    2.917276594233));
#2013 = CARTESIAN_POINT('',(-3.725731323061,2.374270622337,
    2.891443010903));
#2014 = CARTESIAN_POINT('',(-3.433793176019,2.752054013142,
    2.865596029666));
#2015 = CARTESIAN_POINT('',(-2.763046154985,3.425461316913,
    2.813732046167));
#2016 = CARTESIAN_POINT('',(-2.383179430961,3.720835042862,
    2.787683949935));
#2017 = CARTESIAN_POINT('',(-1.966935363956,3.966556155919,
    2.761648544229));
#2018 = CARTESIAN_POINT('',(-1.522183960562,4.157566427408,
    2.735616580573));
#2019 = CARTESIAN_POINT('',(-1.057385214406,4.290232472772,2.70958128611
    ));
#2020 = CARTESIAN_POINT('',(-0.581626208637,4.362329677627,
    2.683533194515));
#2021 = CARTESIAN_POINT('',(0.122596099492,4.379188345101,2.645094512224
    ));
#2022 = CARTESIAN_POINT('',(0.350234436228,4.370848486786,2.632687380021
    ));
#2023 = CARTESIAN_POINT('',(0.577194409422,4.34870143021,2.620280619306)
  );
#2024 = CARTESIAN_POINT('',(0.802473461863,4.312817388837,2.607874079623
    ));
#2025 = CARTESIAN_POINT('',(1.025082239635,4.263353961131,2.595467343486
    ));
#2026 = CARTESIAN_POINT('',(1.244046016823,4.200555897325,2.583060279714
    ));
#2027 = CARTESIAN_POINT('',(1.69383095797,4.041523812845,2.557027845432)
  );
#2028 = CARTESIAN_POINT('',(1.923722770422,3.94260390622,2.543401429991)
  );
#2029 = CARTESIAN_POINT('',(2.146809739129,3.828450886278,2.529775417894
    ));
#2030 = CARTESIAN_POINT('',(2.361888966177,3.699636302903,2.516149651281
    ));
#2031 = CARTESIAN_POINT('',(2.567822162277,3.556841893944,2.502523576229
    ));
#2032 = CARTESIAN_POINT('',(2.763537697662,3.400858350758,2.48889708011)
  );
#2033 = CARTESIAN_POINT('',(3.210995991909,2.992788576662,2.45585168778)
  );
#2034 = CARTESIAN_POINT('',(3.451243570205,2.727978852838,2.436428617671
    ));
#2035 = CARTESIAN_POINT('',(3.665835215801,2.44082653335,2.417008499916)
  );
#2036 = CARTESIAN_POINT('',(3.852346878082,2.134339615769,2.397590650915
    ));
#2037 = CARTESIAN_POINT('',(4.008783138579,1.811797044562,2.378171296209
    ));
#2038 = CARTESIAN_POINT('',(4.133586230974,1.476733999286,2.358748621448
    ));
#2039 = CARTESIAN_POINT('',(4.268148057293,0.974854765608,2.330395006964
    ));
#2040 = CARTESIAN_POINT('',(4.303643062584,0.814866282089,2.321460898137
    ));
#2041 = CARTESIAN_POINT('',(4.332136794251,0.653389398847,2.312526692536
    ));
#2042 = CARTESIAN_POINT('',(4.35355605418,0.49079181887,2.303592408775)
  );
#2043 = CARTESIAN_POINT('',(4.36785196586,0.327444569727,2.294658106121)
  );
#2044 = CARTESIAN_POINT('',(4.374999999974,0.163721704049,2.285724041623
    ));
#2045 = CARTESIAN_POINT('',(4.375,-8.881784197001E-16,2.276790827247));
#2046 = ORIENTED_EDGE('',*,*,#998,.F.);
#2047 = B_SPLINE_SURFACE_WITH_KNOTS('',1,9,(
    (#2048,#2049,#2050,#2051,#2052,#2053,#2054,#2055,#2056,#2057,#2058
      ,#2059,#2060,#2061,#2062,#2063,#2064,#2065,#2066,#2067,#2068,#2069
      ,#2070,#2071,#2072,#2073,#2074,#2075,#2076,#2077,#2078)
    ,(#2079,#2080,#2081,#2082,#2083,#2084,#2085,#2086,#2087,#2088,#2089
      ,#2090,#2091,#2092,#2093,#2094,#2095,#2096,#2097,#2098,#2099,#2100
      ,#2101,#2102,#2103,#2104,#2105,#2106,#2107,#2108,#2109
  )),.UNSPECIFIED.,.F.,.F.,.F.,(2,2),(10,7,7,7,10),(0.,1.3105),(0.,
    1.614938419963,3.229876839926,4.844815259889,6.459753679852),
  .UNSPECIFIED.);
#2048 = CARTESIAN_POINT('',(5.125014500451,1.02575764771E-07,
    3.343747851658));
#2049 = CARTESIAN_POINT('',(5.125015628647,-0.894479222072,
    3.302081020483));
#2050 = CARTESIAN_POINT('',(4.949429230107,-1.788965587554,
    3.260413396542));
#2051 = CARTESIAN_POINT('',(4.598113561356,-2.644050820796,
    3.218747710475));
#2052 = CARTESIAN_POINT('',(4.081524112296,-3.420285529812,
    3.177081526319));
#2053 = CARTESIAN_POINT('',(3.420276073558,-4.081544635853,
    3.135414611878));
#2054 = CARTESIAN_POINT('',(2.644036373408,-4.59811980335,3.093747698162
    ));
#2055 = CARTESIAN_POINT('',(1.788971643357,-4.949384013962,
    3.052080860472));
#2056 = CARTESIAN_POINT('',(9.395779795101E-06,-5.300648264628,
    2.968747444071));
#2057 = CARTESIAN_POINT('',(-1.788966497976,-4.949385332391,
    2.885414317193));
#2058 = CARTESIAN_POINT('',(-2.644044305158,-4.598122607085,
    2.843747779915));
#2059 = CARTESIAN_POINT('',(-3.420300793503,-4.081543543594,
    2.802081121811));
#2060 = CARTESIAN_POINT('',(-4.08155158768,-3.42029110075,2.760414354331
    ));
#2061 = CARTESIAN_POINT('',(-4.598125111441,-2.644038124456,
    2.718747597837));
#2062 = CARTESIAN_POINT('',(-4.949382066765,-1.788966625675,
    2.677080925284));
#2063 = CARTESIAN_POINT('',(-5.300639339215,-6.556414158481E-08,
    2.59374763681));
#2064 = CARTESIAN_POINT('',(-4.949381525559,1.788966388283,
    2.510414348336));
#2065 = CARTESIAN_POINT('',(-4.598124611896,2.644037709994,
    2.468747675785));
#2066 = CARTESIAN_POINT('',(-4.081552603645,3.420291025427,
    2.427080919287));
#2067 = CARTESIAN_POINT('',(-3.420302569939,4.081544735961,
    2.385414151809));
#2068 = CARTESIAN_POINT('',(-2.644045272211,4.598124307844,
    2.343747493704));
#2069 = CARTESIAN_POINT('',(-1.788966846126,4.949385365572,
    2.302080956427));
#2070 = CARTESIAN_POINT('',(9.192232060845E-06,5.300645718673,
    2.218747829548));
#2071 = CARTESIAN_POINT('',(1.788971295206,4.949382574212,2.135414413147
    ));
#2072 = CARTESIAN_POINT('',(2.644036650725,4.598120662876,2.093747575487
    ));
#2073 = CARTESIAN_POINT('',(3.420276106739,4.081548161912,2.052080661657
    ));
#2074 = CARTESIAN_POINT('',(4.081531662141,3.420293308994,2.010413747406
    ));
#2075 = CARTESIAN_POINT('',(4.598115101045,2.644044916497,1.968747563072
    ));
#2076 = CARTESIAN_POINT('',(4.949417008515,1.788965369572,1.927081877098
    ));
#2077 = CARTESIAN_POINT('',(5.12501626876,0.89447944774,1.885414253138)
  );
#2078 = CARTESIAN_POINT('',(5.125017400535,1.230922617392E-07,
    1.84374742196));
#2079 = CARTESIAN_POINT('',(3.990099469917,-8.286932957624E-07,
    3.999017356111));
#2080 = CARTESIAN_POINT('',(3.990101297886,-0.696442985111,
    3.957352018383));
#2081 = CARTESIAN_POINT('',(3.853395845337,-1.392774308093,
    3.915693084817));
#2082 = CARTESIAN_POINT('',(3.579908144083,-2.058510688218,
    3.874018496269));
#2083 = CARTESIAN_POINT('',(3.177680886575,-2.66289667481,3.832347932668
    ));
#2084 = CARTESIAN_POINT('',(2.662857543452,-3.177698731698,3.79068326664
    ));
#2085 = CARTESIAN_POINT('',(2.058520339294,-3.579887161468,
    3.749018596225));
#2086 = CARTESIAN_POINT('',(1.392809919787,-3.853364063895,
    3.707353310968));
#2087 = CARTESIAN_POINT('',(8.651195812703E-06,-4.126842587039,
    3.624020648666));
#2088 = CARTESIAN_POINT('',(-1.392810115695,-3.853363543451,
    3.540685647563));
#2089 = CARTESIAN_POINT('',(-2.058537665104,-3.579884381646,
    3.49901793567));
#2090 = CARTESIAN_POINT('',(-2.662891793521,-3.177697944832,
    3.45735119983));
#2091 = CARTESIAN_POINT('',(-3.177706642818,-2.662881423839,
    3.415685347553));
#2092 = CARTESIAN_POINT('',(-3.579886693629,-2.05853236961,3.37401940653
    ));
#2093 = CARTESIAN_POINT('',(-3.853360497199,-1.392811812803,
    3.332352787411));
#2094 = CARTESIAN_POINT('',(-4.126833698292,1.033649584123E-06,
    3.249019091697));
#2095 = CARTESIAN_POINT('',(-3.853358759354,1.392813538883,
    3.165685395981));
#2096 = CARTESIAN_POINT('',(-3.579884658735,2.058533628675,
    3.124018776865));
#2097 = CARTESIAN_POINT('',(-3.177706963535,2.662883061252,
    3.082352835839));
#2098 = CARTESIAN_POINT('',(-2.662893178342,3.177701547483,
    3.040686983563));
#2099 = CARTESIAN_POINT('',(-2.058537387787,3.579888550645,
    2.999020247723));
#2100 = CARTESIAN_POINT('',(-1.392808586393,3.853364378736,
    2.957352535833));
#2101 = CARTESIAN_POINT('',(1.058983510827E-05,4.126838063844,
    2.874017534725));
#2102 = CARTESIAN_POINT('',(1.392811449087,3.853360729665,2.790684872424
    ));
#2103 = CARTESIAN_POINT('',(2.058522827375,3.579887541107,2.749019587219
    ));
#2104 = CARTESIAN_POINT('',(2.662859373635,3.177703511881,2.707354916603
    ));
#2105 = CARTESIAN_POINT('',(3.177695784006,2.66290872424,2.665690250913)
  );
#2106 = CARTESIAN_POINT('',(3.579912026994,2.058498203182,2.624019686998
    ));
#2107 = CARTESIAN_POINT('',(3.853374908614,1.392771772957,2.582345098612
    ));
#2108 = CARTESIAN_POINT('',(3.990102823211,0.696441161988,2.540686165013
    ));
#2109 = CARTESIAN_POINT('',(3.990104622264,-9.944294204676E-07,
    2.499020827278));
#2110 = ADVANCED_FACE('',(#2111),#2121,.F.);
#2111 = FACE_BOUND('',#2112,.F.);
#2112 = EDGE_LOOP('',(#2113,#2114,#2119,#2120));
#2113 = ORIENTED_EDGE('',*,*,#1338,.F.);
#2114 = ORIENTED_EDGE('',*,*,#2115,.T.);
#2115 = EDGE_CURVE('',#1332,#1923,#2116,.T.);
#2116 = B_SPLINE_CURVE_WITH_KNOTS('',1,(#2117,#2118),.UNSPECIFIED.,.F.,
  .F.,(2,2),(0.,0.1875),.PIECEWISE_BEZIER_KNOTS.);
#2117 = CARTESIAN_POINT('',(5.125011278124,1.025743747941E-07,
    3.156247851685));
#2118 = CARTESIAN_POINT('',(5.125014500451,1.0257568841E-07,
    3.343747851658));
#2119 = ORIENTED_EDGE('',*,*,#1922,.T.);
#2120 = ORIENTED_EDGE('',*,*,#1162,.F.);
#2121 = B_SPLINE_SURFACE_WITH_KNOTS('',1,11,(
    (#2122,#2123,#2124,#2125,#2126,#2127,#2128,#2129,#2130,#2131,#2132
      ,#2133,#2134,#2135,#2136,#2137,#2138,#2139,#2140,#2141,#2142,#2143
      ,#2144,#2145,#2146,#2147,#2148,#2149,#2150,#2151)
    ,(#2152,#2153,#2154,#2155,#2156,#2157,#2158,#2159,#2160,#2161,#2162
      ,#2163,#2164,#2165,#2166,#2167,#2168,#2169,#2170,#2171,#2172,#2173
      ,#2174,#2175,#2176,#2177,#2178,#2179,#2180,#2181
  )),.UNSPECIFIED.,.F.,.F.,.F.,(2,2),(12,9,9,12),(0.,0.1875),(0.,
    1.614938419963,3.229876839926,6.459753679852),.UNSPECIFIED.);
#2122 = CARTESIAN_POINT('',(5.125011278124,1.02574450711E-07,
    3.156247851685));
#2123 = CARTESIAN_POINT('',(5.125011999321,-0.731846111539,3.122156808)
  );
#2124 = CARTESIAN_POINT('',(5.010082011455,-1.463696902254,
    3.088065245428));
#2125 = CARTESIAN_POINT('',(4.780151259889,-2.175489669644,
    3.053974554077));
#2126 = CARTESIAN_POINT('',(4.439192865837,-2.84714732312,3.019884151399
    ));
#2127 = CARTESIAN_POINT('',(3.995106835982,-3.459493385774,
    2.985793492243));
#2128 = CARTESIAN_POINT('',(3.459479820095,-3.995121687801,
    2.951702513352));
#2129 = CARTESIAN_POINT('',(2.847137081079,-4.439198840786,
    2.917611410225));
#2130 = CARTESIAN_POINT('',(2.175485960535,-4.780135181819,
    2.883520339246));
#2131 = CARTESIAN_POINT('',(1.463704694409,-5.010053283308,2.84942933157
    ));
#2132 = CARTESIAN_POINT('',(8.217489334425E-06,-5.239971590881,
    2.781247469114));
#2133 = CARTESIAN_POINT('',(-1.463697214765,-5.010054510246,
    2.713065796157));
#2134 = CARTESIAN_POINT('',(-2.175487129801,-4.78013736519,
    2.678974983525));
#2135 = CARTESIAN_POINT('',(-2.84715007427,-4.439199989208,
    2.644884132736));
#2136 = CARTESIAN_POINT('',(-3.45950212164,-3.995122792518,
    2.610793214002));
#2137 = CARTESIAN_POINT('',(-3.995130246136,-3.459493421377,
    2.576702244313));
#2138 = CARTESIAN_POINT('',(-4.439203812511,-2.84714312043,2.54261126789
    ));
#2139 = CARTESIAN_POINT('',(-4.780136715025,-2.175484237958,
    2.508520323478));
#2140 = CARTESIAN_POINT('',(-5.010050253586,-1.463698966729,
    2.474429418323));
#2141 = CARTESIAN_POINT('',(-5.354920809778,0.731849357714,
    2.372156746103));
#2142 = CARTESIAN_POINT('',(-4.665178954709,2.927397565498,
    2.269884073884));
#2143 = CARTESIAN_POINT('',(-3.74552114185,4.230584777594,2.201702045576
    ));
#2144 = CARTESIAN_POINT('',(-2.429077040951,5.21275948831,2.133520579289
    ));
#2145 = CARTESIAN_POINT('',(-0.841785114392,5.741672469389,
    2.065336344943));
#2146 = CARTESIAN_POINT('',(0.841835266766,5.741659053571,1.997160004918
    ));
#2147 = CARTESIAN_POINT('',(2.429120841751,5.212730931544,1.928975801101
    ));
#2148 = CARTESIAN_POINT('',(3.745334219,4.230610772794,1.860788682214));
#2149 = CARTESIAN_POINT('',(4.665266212013,2.927402378023,1.79261367233)
  );
#2150 = CARTESIAN_POINT('',(5.125012085494,1.463692551318,1.724429509374
    ));
#2151 = CARTESIAN_POINT('',(5.125013533743,1.230903779127E-07,
    1.656247422));
#2152 = CARTESIAN_POINT('',(5.125014500451,1.025757643269E-07,
    3.343747851658));
#2153 = CARTESIAN_POINT('',(5.12501542352,-0.731846617591,3.309656807969
    ));
#2154 = CARTESIAN_POINT('',(5.01008632909,-1.463697946303,3.27556524538)
  );
#2155 = CARTESIAN_POINT('',(4.780155056845,-2.175491540907,
    3.241474554031));
#2156 = CARTESIAN_POINT('',(4.43919566285,-2.847149320611,3.207384151371
    ));
#2157 = CARTESIAN_POINT('',(3.99510909247,-3.459495338914,3.173293492223
    ));
#2158 = CARTESIAN_POINT('',(3.459481956821,-3.995124001021,
    3.139202513327));
#2159 = CARTESIAN_POINT('',(2.847139015643,-4.439201744193,
    3.105111410193));
#2160 = CARTESIAN_POINT('',(2.17548744463,-4.780138531758,3.071020339214
    ));
#2161 = CARTESIAN_POINT('',(1.463705718133,-5.010056935979,
    3.036929331533));
#2162 = CARTESIAN_POINT('',(8.217245939076E-06,-5.239975462468,
    2.968747469075));
#2163 = CARTESIAN_POINT('',(-1.463698215685,-5.010058014693,
    2.900565796123));
#2164 = CARTESIAN_POINT('',(-2.175488584531,-4.780140570388,
    2.866474983493));
#2165 = CARTESIAN_POINT('',(-2.847151930833,-4.43920289833,
    2.832384132706));
#2166 = CARTESIAN_POINT('',(-3.459504375854,-3.995125434363,
    2.798293213971));
#2167 = CARTESIAN_POINT('',(-3.99513292086,-3.459495771289,
    2.764202244281));
#2168 = CARTESIAN_POINT('',(-4.439206888405,-2.847145097357,
    2.730111267856));
#2169 = CARTESIAN_POINT('',(-4.780140087848,-2.175485755233,
    2.696020323443));
#2170 = CARTESIAN_POINT('',(-5.010053775001,-1.463699978865,
    2.661929418289));
#2171 = CARTESIAN_POINT('',(-5.354924485167,0.731849877321,2.55965674607
    ));
#2172 = CARTESIAN_POINT('',(-4.665182068524,2.927399577008,
    2.457384073853));
#2173 = CARTESIAN_POINT('',(-3.745523213498,4.230588237285,
    2.389202045543));
#2174 = CARTESIAN_POINT('',(-2.429081818088,5.21275990507,2.321020579243
    ));
#2175 = CARTESIAN_POINT('',(-0.841781583783,5.741686921032,2.25283634489
    ));
#2176 = CARTESIAN_POINT('',(0.841835256423,5.741646839919,2.18466000492)
  );
#2177 = CARTESIAN_POINT('',(2.429117125193,5.212745576726,2.116475801141
    ));
#2178 = CARTESIAN_POINT('',(3.745344395687,4.230611181289,2.048288682031
    ));
#2179 = CARTESIAN_POINT('',(4.665265869276,2.927404276387,1.98011367237)
  );
#2180 = CARTESIAN_POINT('',(5.12501554854,1.463693563425,1.911929509343)
  );
#2181 = CARTESIAN_POINT('',(5.125017400535,1.230922590746E-07,
    1.84374742196));
#2182 = ADVANCED_FACE('',(#2183),#2325,.F.);
#2183 = FACE_BOUND('',#2184,.F.);
#2184 = EDGE_LOOP('',(#2185,#2283,#2290,#2324));
#2185 = ORIENTED_EDGE('',*,*,#2186,.F.);
#2186 = EDGE_CURVE('',#2187,#1234,#2189,.T.);
#2187 = VERTEX_POINT('',#2188);
#2188 = CARTESIAN_POINT('',(4.375,-2.051402411653E-07,4.22324413017));
#2189 = B_SPLINE_CURVE_WITH_KNOTS('',8,(#2190,#2191,#2192,#2193,#2194,
    #2195,#2196,#2197,#2198,#2199,#2200,#2201,#2202,#2203,#2204,#2205,
    #2206,#2207,#2208,#2209,#2210,#2211,#2212,#2213,#2214,#2215,#2216,
    #2217,#2218,#2219,#2220,#2221,#2222,#2223,#2224,#2225,#2226,#2227,
    #2228,#2229,#2230,#2231,#2232,#2233,#2234,#2235,#2236,#2237,#2238,
    #2239,#2240,#2241,#2242,#2243,#2244,#2245,#2246,#2247,#2248,#2249,
    #2250,#2251,#2252,#2253,#2254,#2255,#2256,#2257,#2258,#2259,#2260,
    #2261,#2262,#2263,#2264,#2265,#2266,#2267,#2268,#2269,#2270,#2271,
    #2272,#2273,#2274,#2275,#2276,#2277,#2278,#2279,#2280,#2281,#2282),
  .UNSPECIFIED.,.F.,.F.,(9,7,7,7,7,7,7,7,7,7,7,7,7,9),(0.,
    4.491292408727E-02,0.133110699505,0.219596806159,0.271173558806,
    0.376573726531,0.501480349829,0.527139870292,0.626138940242,
    0.735704643921,0.78580344401,0.867417192212,0.955344416145,1.),
  .UNSPECIFIED.);
#2190 = CARTESIAN_POINT('',(4.375,-4.102803830008E-07,4.223244118977));
#2191 = CARTESIAN_POINT('',(4.374999985529,-0.154314408444,4.21482399574
    ));
#2192 = CARTESIAN_POINT('',(4.368779379362,-0.308629674767,
    4.206402891483));
#2193 = CARTESIAN_POINT('',(4.35633833018,-0.462651600758,4.197981459372
    ));
#2194 = CARTESIAN_POINT('',(4.337693381292,-0.616087543637,
    4.189560046299));
#2195 = CARTESIAN_POINT('',(4.312877452204,-0.768646997154,
    4.181138791349));
#2196 = CARTESIAN_POINT('',(4.281939820175,-0.920041762411,
    4.172717724277));
#2197 = CARTESIAN_POINT('',(4.244946101787,-1.069986118684,4.16429686397
    ));
#2198 = CARTESIAN_POINT('',(4.117600065276,-1.509246169562,
    4.139340463766));
#2199 = CARTESIAN_POINT('',(4.010169928724,-1.793658979997,
    4.122803114305));
#2200 = CARTESIAN_POINT('',(3.880312120054,-2.069239961495,
    4.106267525467));
#2201 = CARTESIAN_POINT('',(3.728894465717,-2.333932709807,
    4.089733377109));
#2202 = CARTESIAN_POINT('',(3.556992222954,-2.585804102921,
    4.073198862447));
#2203 = CARTESIAN_POINT('',(3.365874107749,-2.82304218327,4.056662505174
    ));
#2204 = CARTESIAN_POINT('',(3.157010451166,-3.043967699725,
    4.040124703274));
#2205 = CARTESIAN_POINT('',(2.711561323613,-3.446209486661,
    4.007374206902));
#2206 = CARTESIAN_POINT('',(2.475530253434,-3.628267510459,
    3.991156943732));
#2207 = CARTESIAN_POINT('',(2.225598868087,-3.791784873819,
    3.974940463747));
#2208 = CARTESIAN_POINT('',(1.963479800804,-3.93553946586,3.958725164184
    ));
#2209 = CARTESIAN_POINT('',(1.690989735989,-4.05850668902,3.942509961757
    ));
#2210 = CARTESIAN_POINT('',(1.410039802605,-4.159851301724,
    3.926293705168));
#2211 = CARTESIAN_POINT('',(1.122636348468,-4.238939986453,
    3.910076624175));
#2212 = CARTESIAN_POINT('',(0.656907836525,-4.329029948643,
    3.884191970819));
#2213 = CARTESIAN_POINT('',(0.481362648478,-4.354631607623,
    3.874521996977));
#2214 = CARTESIAN_POINT('',(0.30469574567,-4.372094923881,3.864852113147
    ));
#2215 = CARTESIAN_POINT('',(0.127347900901,-4.381363928517,
    3.855182321709));
#2216 = CARTESIAN_POINT('',(-5.023891747465E-02,-4.382411389313,
    3.845512517484));
#2217 = CARTESIAN_POINT('',(-0.227621908448,-4.375238820017,
    3.835842597286));
#2218 = CARTESIAN_POINT('',(-0.404357801252,-4.359876489633,
    3.826172569456));
#2219 = CARTESIAN_POINT('',(-0.93894509539,-4.288373967791,
    3.796741634127));
#2220 = CARTESIAN_POINT('',(-1.293452514306,-4.206393991321,
    3.776974686057));
#2221 = CARTESIAN_POINT('',(-1.639609667531,-4.090934067337,
    3.757210115953));
#2222 = CARTESIAN_POINT('',(-1.973741742387,-3.943035017839,
    3.737448605408));
#2223 = CARTESIAN_POINT('',(-2.292378978345,-3.764181253266,
    3.717687056792));
#2224 = CARTESIAN_POINT('',(-2.592253753845,-3.556260733852,
    3.697922411313));
#2225 = CARTESIAN_POINT('',(-2.870330702596,-3.321591560877,
    3.678155449226));
#2226 = CARTESIAN_POINT('',(-3.424331619771,-2.75658399302,
    3.634976540856));
#2227 = CARTESIAN_POINT('',(-3.690616328261,-2.416289431868,
    3.611545217685));
#2228 = CARTESIAN_POINT('',(-3.917975320402,-2.046834370388,
    3.588121809727));
#2229 = CARTESIAN_POINT('',(-4.102818354902,-1.653495910561,
    3.564704424401));
#2230 = CARTESIAN_POINT('',(-4.242373395255,-1.241905677502,
    3.541286989446));
#2231 = CARTESIAN_POINT('',(-4.334732779663,-0.818043671482,
    3.517863629661));
#2232 = CARTESIAN_POINT('',(-4.378824248304,-0.388201836689,
    3.494432291655));
#2233 = CARTESIAN_POINT('',(-4.373983496233,0.129096508685,
    3.466203393509));
#2234 = CARTESIAN_POINT('',(-4.371128240046,0.217235751587,
    3.461392593679));
#2235 = CARTESIAN_POINT('',(-4.366243207866,0.305301402617,3.45658177155
    ));
#2236 = CARTESIAN_POINT('',(-4.35933067007,0.393238906041,3.451770928688
    ));
#2237 = CARTESIAN_POINT('',(-4.350394649415,0.480993869763,
    3.446960066687));
#2238 = CARTESIAN_POINT('',(-4.339440921039,0.568512065316,
    3.442149187169));
#2239 = CARTESIAN_POINT('',(-4.326477012461,0.65573942787,3.437338291785
    ));
#2240 = CARTESIAN_POINT('',(-4.253775264828,1.077830947387,
    3.413966023128));
#2241 = CARTESIAN_POINT('',(-4.166239831092,1.407987901166,
    3.395400196604));
#2242 = CARTESIAN_POINT('',(-4.049435657806,1.729882617829,3.37683611868
    ));
#2243 = CARTESIAN_POINT('',(-3.904308599083,2.04049822599,3.358274396189
    ));
#2244 = CARTESIAN_POINT('',(-3.732147367599,2.336985028016,
    3.339712810439));
#2245 = CARTESIAN_POINT('',(-3.534555831669,2.616658040489,
    3.321149108735));
#2246 = CARTESIAN_POINT('',(-3.313470849504,2.877018329735,3.30258380375
    ));
#2247 = CARTESIAN_POINT('',(-2.803124467744,3.380064041185,
    3.263481074265));
#2248 = CARTESIAN_POINT('',(-2.508943024888,3.618056338043,
    3.242932371601));
#2249 = CARTESIAN_POINT('',(-2.191817096312,3.826625201746,
    3.222387611871));
#2250 = CARTESIAN_POINT('',(-1.85522395199,4.003243059517,3.201846146693
    ));
#2251 = CARTESIAN_POINT('',(-1.502889883252,4.145894925216,
    3.181304564635));
#2252 = CARTESIAN_POINT('',(-1.138760835015,4.25304032105,3.160759515007
    ));
#2253 = CARTESIAN_POINT('',(-0.767012712466,4.323659415305,
    3.140210518555));
#2254 = CARTESIAN_POINT('',(-0.220639418842,4.372822015059,
    3.110275760777));
#2255 = CARTESIAN_POINT('',(-4.850470785084E-02,4.380539354285,
    3.100882798359));
#2256 = CARTESIAN_POINT('',(0.123918098823,4.38051152205,3.091489877179)
  );
#2257 = CARTESIAN_POINT('',(0.29622202202,4.372727605439,3.082097026856)
  );
#2258 = CARTESIAN_POINT('',(0.468001505572,4.357202251706,3.072704186259
    ));
#2259 = CARTESIAN_POINT('',(0.638852724326,4.3339756471,3.063311294967)
  );
#2260 = CARTESIAN_POINT('',(0.808373892166,4.303113495677,3.053918384729
    ));
#2261 = CARTESIAN_POINT('',(1.249507600668,4.202140664903,3.029224414671
    ));
#2262 = CARTESIAN_POINT('',(1.518296328993,4.119545092633,3.013921665586
    ));
#2263 = CARTESIAN_POINT('',(1.780774655816,4.017314861246,2.998619827792
    ));
#2264 = CARTESIAN_POINT('',(2.03527265115,3.896026898168,2.983319079398)
  );
#2265 = CARTESIAN_POINT('',(2.280199320336,3.756416940154,2.968018433208
    ));
#2266 = CARTESIAN_POINT('',(2.514041968773,3.599370587269,2.952716833333
    ));
#2267 = CARTESIAN_POINT('',(2.735373165288,3.425928949022,2.937414287719
    ));
#2268 = CARTESIAN_POINT('',(3.166408618341,3.034097546574,2.905628111373
    ));
#2269 = CARTESIAN_POINT('',(3.373947672575,2.813215158013,2.889140414337
    ));
#2270 = CARTESIAN_POINT('',(3.563801527834,2.576174281408,2.872653269675
    ));
#2271 = CARTESIAN_POINT('',(3.734518304109,2.324642965544,2.856166753906
    ));
#2272 = CARTESIAN_POINT('',(3.884845591973,2.060419812397,2.839679692752
    ));
#2273 = CARTESIAN_POINT('',(4.013722504703,1.785422580545,2.82319133717)
  );
#2274 = CARTESIAN_POINT('',(4.12029337091,1.50169032314,2.806702718509)
  );
#2275 = CARTESIAN_POINT('',(4.246426224576,1.063968887573,2.78184543061)
  );
#2276 = CARTESIAN_POINT('',(4.28300077893,0.914834560842,2.773473411128)
  );
#2277 = CARTESIAN_POINT('',(4.31358664169,0.764274423009,2.765101773664)
  );
#2278 = CARTESIAN_POINT('',(4.338119669915,0.612569390163,2.756730546239
    ));
#2279 = CARTESIAN_POINT('',(4.356551690127,0.460002796417,2.748359632016
    ));
#2280 = CARTESIAN_POINT('',(4.368850521651,0.30686023861,2.739988805722)
  );
#2281 = CARTESIAN_POINT('',(4.374999999957,0.153429421006,2.731617710069
    ));
#2282 = CARTESIAN_POINT('',(4.375,0.,2.723245852178));
#2283 = ORIENTED_EDGE('',*,*,#2284,.T.);
#2284 = EDGE_CURVE('',#2187,#2285,#2287,.T.);
#2285 = VERTEX_POINT('',#2286);
#2286 = CARTESIAN_POINT('',(5.125009022503,8.205881322914E-08,
    4.656248281364));
#2287 = B_SPLINE_CURVE_WITH_KNOTS('',1,(#2288,#2289),.UNSPECIFIED.,.F.,
  .F.,(2,2),(0.,1.3105),.PIECEWISE_BEZIER_KNOTS.);
#2288 = CARTESIAN_POINT('',(3.990073722185,-6.629631673282E-07,
    4.001013885066));
#2289 = CARTESIAN_POINT('',(5.125009022503,8.205871221378E-08,
    4.656248281364));
#2290 = ORIENTED_EDGE('',*,*,#2291,.T.);
#2291 = EDGE_CURVE('',#2285,#1332,#2292,.T.);
#2292 = B_SPLINE_CURVE_WITH_KNOTS('',9,(#2293,#2294,#2295,#2296,#2297,
    #2298,#2299,#2300,#2301,#2302,#2303,#2304,#2305,#2306,#2307,#2308,
    #2309,#2310,#2311,#2312,#2313,#2314,#2315,#2316,#2317,#2318,#2319,
    #2320,#2321,#2322,#2323),.UNSPECIFIED.,.F.,.F.,(10,7,7,7,10),(0.,
    1.614938419963,3.229876839926,4.844815259889,6.459753679852),
  .UNSPECIFIED.);
#2293 = CARTESIAN_POINT('',(5.125009022503,8.205881085743E-08,
    4.656248281364));
#2294 = CARTESIAN_POINT('',(5.125009900386,-0.894478230485,
    4.614581450196));
#2295 = CARTESIAN_POINT('',(4.949422272246,-1.788963534122,
    4.572913826298));
#2296 = CARTESIAN_POINT('',(4.59810853107,-2.644047168151,4.531248140195
    ));
#2297 = CARTESIAN_POINT('',(4.081520334975,-3.420282519778,
    4.489581955998));
#2298 = CARTESIAN_POINT('',(3.420272209957,-4.081540405334,
    4.447915041588));
#2299 = CARTESIAN_POINT('',(2.64403341593,-4.598114692642,4.406248127872
    ));
#2300 = CARTESIAN_POINT('',(1.788969584424,-4.949378250989,
    4.364581290193));
#2301 = CARTESIAN_POINT('',(9.377877897531E-06,-5.300641982796,
    4.281247873795));
#2302 = CARTESIAN_POINT('',(-1.788964507626,-4.949379736256,
    4.197914746908));
#2303 = CARTESIAN_POINT('',(-2.644041416182,-4.598117594528,
    4.156248209624));
#2304 = CARTESIAN_POINT('',(-3.420297116381,-4.081539059863,
    4.114581551519));
#2305 = CARTESIAN_POINT('',(-4.081547078262,-3.420287225137,
    4.072914784045));
#2306 = CARTESIAN_POINT('',(-4.598119849692,-2.644035090166,
    4.031248027554));
#2307 = CARTESIAN_POINT('',(-4.949376403624,-1.788964579084,
    3.989581355002));
#2308 = CARTESIAN_POINT('',(-5.300633340272,-5.57071423066E-08,
    3.906248066525));
#2309 = CARTESIAN_POINT('',(-4.949375985868,1.788964385645,3.82291477805
    ));
#2310 = CARTESIAN_POINT('',(-4.598119465859,2.644034759631,
    3.781248105497));
#2311 = CARTESIAN_POINT('',(-4.081547874539,3.420287159294,
    3.739581349007));
#2312 = CARTESIAN_POINT('',(-3.420298505312,4.081539981178,3.69791458153
    ));
#2313 = CARTESIAN_POINT('',(-2.644042176509,4.598118912638,
    3.656247923427));
#2314 = CARTESIAN_POINT('',(-1.788964787211,4.949379758882,
    3.614581386143));
#2315 = CARTESIAN_POINT('',(9.21013720694E-06,5.300640002609,
    3.531248259255));
#2316 = CARTESIAN_POINT('',(1.788969304838,4.949377134365,3.447914842858
    ));
#2317 = CARTESIAN_POINT('',(2.644033623445,4.598115365864,3.406248005203
    ));
#2318 = CARTESIAN_POINT('',(3.420272228506,4.081543153907,3.364581091397
    ));
#2319 = CARTESIAN_POINT('',(4.081526200994,3.420288577508,3.322914177136
    ));
#2320 = CARTESIAN_POINT('',(4.598109723904,2.644042584095,3.2812479928)
  );
#2321 = CARTESIAN_POINT('',(4.949412763383,1.788963373381,3.239582306769
    ));
#2322 = CARTESIAN_POINT('',(5.125010396662,0.894478415118,3.197914682856
    ));
#2323 = CARTESIAN_POINT('',(5.125011278124,1.025743765705E-07,
    3.156247851685));
#2324 = ORIENTED_EDGE('',*,*,#1331,.F.);
#2325 = B_SPLINE_SURFACE_WITH_KNOTS('',1,9,(
    (#2326,#2327,#2328,#2329,#2330,#2331,#2332,#2333,#2334,#2335,#2336
      ,#2337,#2338,#2339,#2340,#2341,#2342,#2343,#2344,#2345,#2346,#2347
      ,#2348,#2349,#2350,#2351,#2352,#2353,#2354,#2355,#2356)
    ,(#2357,#2358,#2359,#2360,#2361,#2362,#2363,#2364,#2365,#2366,#2367
      ,#2368,#2369,#2370,#2371,#2372,#2373,#2374,#2375,#2376,#2377,#2378
      ,#2379,#2380,#2381,#2382,#2383,#2384,#2385,#2386,#2387
  )),.UNSPECIFIED.,.F.,.F.,.F.,(2,2),(10,7,7,7,10),(0.,1.3105),(0.,
    1.614938419963,3.229876839926,4.844815259889,6.459753679852),
  .UNSPECIFIED.);
#2326 = CARTESIAN_POINT('',(3.990073722185,-6.629630679988E-07,
    4.001013885066));
#2327 = CARTESIAN_POINT('',(3.990073607835,-0.696437877296,
    3.959348547373));
#2328 = CARTESIAN_POINT('',(3.853357771924,-1.392763873956,
    3.917689614008));
#2329 = CARTESIAN_POINT('',(3.579884290108,-2.058490506076,
    3.876015025318));
#2330 = CARTESIAN_POINT('',(3.1776652773,-2.662884388088,3.834344461452)
  );
#2331 = CARTESIAN_POINT('',(2.662838962821,-3.177679061746,
    3.792679795646));
#2332 = CARTESIAN_POINT('',(2.058506302168,-3.579862325278,
    3.751015125188));
#2333 = CARTESIAN_POINT('',(1.392800077915,-3.853335306467,
    3.709349839995));
#2334 = CARTESIAN_POINT('',(8.849112999302E-06,-4.126811034231,
    3.626017177714));
#2335 = CARTESIAN_POINT('',(-1.392800185,-3.853336349098,3.542682176561)
  );
#2336 = CARTESIAN_POINT('',(-2.05852358361,-3.579860669824,3.50101446464
    ));
#2337 = CARTESIAN_POINT('',(-2.662874177549,-3.177676691858,
    3.459347728799));
#2338 = CARTESIAN_POINT('',(-3.177684744638,-2.662862747107,
    3.417681876544));
#2339 = CARTESIAN_POINT('',(-3.579860650827,-2.058517718639,
    3.376015935541));
#2340 = CARTESIAN_POINT('',(-3.853332537387,-1.392802069427,
    3.334349316424));
#2341 = CARTESIAN_POINT('',(-4.126804405575,7.714535552716E-07,
    3.251015620699));
#2342 = CARTESIAN_POINT('',(-3.853332015958,1.392803509953,
    3.167681924974));
#2343 = CARTESIAN_POINT('',(-3.579859880531,2.0585190567,3.126015305857)
  );
#2344 = CARTESIAN_POINT('',(-3.177683750184,2.662863935196,
    3.084349364855));
#2345 = CARTESIAN_POINT('',(-2.662872991509,3.177677688971,
    3.042683512599));
#2346 = CARTESIAN_POINT('',(-2.058522246217,3.579861441569,
    3.001016776759));
#2347 = CARTESIAN_POINT('',(-1.392798744608,3.85333686992,2.959349064837
    ));
#2348 = CARTESIAN_POINT('',(1.039193419768E-05,4.126811031167,
    2.876014063685));
#2349 = CARTESIAN_POINT('',(1.392801518306,3.853334783948,2.792681401402
    ));
#2350 = CARTESIAN_POINT('',(2.058507641054,3.579861556604,2.75101611621)
  );
#2351 = CARTESIAN_POINT('',(2.66284015104,3.177678070304,2.70935144575)
  );
#2352 = CARTESIAN_POINT('',(3.177666282036,2.662883209278,2.667686779948
    ));
#2353 = CARTESIAN_POINT('',(3.579885061707,2.058489160456,2.626016216081
    ));
#2354 = CARTESIAN_POINT('',(3.85335827804,1.392762432861,2.584341627391)
  );
#2355 = CARTESIAN_POINT('',(3.990073868942,0.69643638563,2.542682694025)
  );
#2356 = CARTESIAN_POINT('',(3.990073725676,-8.287038596375E-07,
    2.501017356332));
#2357 = CARTESIAN_POINT('',(5.125009022503,8.205881085743E-08,
    4.656248281364));
#2358 = CARTESIAN_POINT('',(5.125009900386,-0.894478230485,
    4.614581450196));
#2359 = CARTESIAN_POINT('',(4.949422272246,-1.788963534122,
    4.572913826298));
#2360 = CARTESIAN_POINT('',(4.59810853107,-2.644047168151,4.531248140195
    ));
#2361 = CARTESIAN_POINT('',(4.081520334975,-3.420282519778,
    4.489581955998));
#2362 = CARTESIAN_POINT('',(3.420272209957,-4.081540405334,
    4.447915041588));
#2363 = CARTESIAN_POINT('',(2.64403341593,-4.598114692642,4.406248127872
    ));
#2364 = CARTESIAN_POINT('',(1.788969584424,-4.949378250989,
    4.364581290193));
#2365 = CARTESIAN_POINT('',(9.377877897531E-06,-5.300641982796,
    4.281247873795));
#2366 = CARTESIAN_POINT('',(-1.788964507626,-4.949379736256,
    4.197914746908));
#2367 = CARTESIAN_POINT('',(-2.644041416182,-4.598117594528,
    4.156248209624));
#2368 = CARTESIAN_POINT('',(-3.420297116381,-4.081539059863,
    4.114581551519));
#2369 = CARTESIAN_POINT('',(-4.081547078262,-3.420287225137,
    4.072914784045));
#2370 = CARTESIAN_POINT('',(-4.598119849692,-2.644035090166,
    4.031248027554));
#2371 = CARTESIAN_POINT('',(-4.949376403624,-1.788964579084,
    3.989581355002));
#2372 = CARTESIAN_POINT('',(-5.300633340272,-5.57071423066E-08,
    3.906248066525));
#2373 = CARTESIAN_POINT('',(-4.949375985868,1.788964385645,3.82291477805
    ));
#2374 = CARTESIAN_POINT('',(-4.598119465859,2.644034759631,
    3.781248105497));
#2375 = CARTESIAN_POINT('',(-4.081547874539,3.420287159294,
    3.739581349007));
#2376 = CARTESIAN_POINT('',(-3.420298505312,4.081539981178,3.69791458153
    ));
#2377 = CARTESIAN_POINT('',(-2.644042176509,4.598118912638,
    3.656247923427));
#2378 = CARTESIAN_POINT('',(-1.788964787211,4.949379758882,
    3.614581386143));
#2379 = CARTESIAN_POINT('',(9.21013720694E-06,5.300640002609,
    3.531248259255));
#2380 = CARTESIAN_POINT('',(1.788969304838,4.949377134365,3.447914842858
    ));
#2381 = CARTESIAN_POINT('',(2.644033623445,4.598115365864,3.406248005203
    ));
#2382 = CARTESIAN_POINT('',(3.420272228506,4.081543153907,3.364581091397
    ));
#2383 = CARTESIAN_POINT('',(4.081526200994,3.420288577508,3.322914177136
    ));
#2384 = CARTESIAN_POINT('',(4.598109723904,2.644042584095,3.2812479928)
  );
#2385 = CARTESIAN_POINT('',(4.949412763383,1.788963373381,3.239582306769
    ));
#2386 = CARTESIAN_POINT('',(5.125010396662,0.894478415118,3.197914682856
    ));
#2387 = CARTESIAN_POINT('',(5.125011278124,1.025743765705E-07,
    3.156247851685));
#2388 = ADVANCED_FACE('',(#2389),#2400,.F.);
#2389 = FACE_BOUND('',#2390,.T.);
#2390 = EDGE_LOOP('',(#2391,#2392,#2398,#2399));
#2391 = ORIENTED_EDGE('',*,*,#2186,.F.);
#2392 = ORIENTED_EDGE('',*,*,#2393,.T.);
#2393 = EDGE_CURVE('',#2187,#1958,#2394,.T.);
#2394 = LINE('',#2395,#2396);
#2395 = CARTESIAN_POINT('',(4.375,0.,10.));
#2396 = VECTOR('',#2397,1.);
#2397 = DIRECTION('',(-7.105427357601E-17,0.,-1.));
#2398 = ORIENTED_EDGE('',*,*,#1964,.T.);
#2399 = ORIENTED_EDGE('',*,*,#1440,.F.);
#2400 = CYLINDRICAL_SURFACE('',#2401,4.375);
#2401 = AXIS2_PLACEMENT_3D('',#2402,#2403,#2404);
#2402 = CARTESIAN_POINT('',(0.,0.,10.));
#2403 = DIRECTION('',(-0.,-0.,-1.));
#2404 = DIRECTION('',(1.,0.,0.));
#2405 = ADVANCED_FACE('',(#2406),#2428,.T.);
#2406 = FACE_BOUND('',#2407,.F.);
#2407 = EDGE_LOOP('',(#2408,#2409,#2410,#2411,#2412,#2421));
#2408 = ORIENTED_EDGE('',*,*,#1905,.T.);
#2409 = ORIENTED_EDGE('',*,*,#1483,.T.);
#2410 = ORIENTED_EDGE('',*,*,#1456,.T.);
#2411 = ORIENTED_EDGE('',*,*,#1500,.F.);
#2412 = ORIENTED_EDGE('',*,*,#2413,.T.);
#2413 = EDGE_CURVE('',#1501,#2414,#2416,.T.);
#2414 = VERTEX_POINT('',#2415);
#2415 = CARTESIAN_POINT('',(16.,0.,10.));
#2416 = CIRCLE('',#2417,16.);
#2417 = AXIS2_PLACEMENT_3D('',#2418,#2419,#2420);
#2418 = CARTESIAN_POINT('',(0.,0.,10.));
#2419 = DIRECTION('',(0.,0.,1.));
#2420 = DIRECTION('',(1.,0.,0.));
#2421 = ORIENTED_EDGE('',*,*,#2422,.T.);
#2422 = EDGE_CURVE('',#2414,#1898,#2423,.T.);
#2423 = CIRCLE('',#2424,16.);
#2424 = AXIS2_PLACEMENT_3D('',#2425,#2426,#2427);
#2425 = CARTESIAN_POINT('',(0.,0.,10.));
#2426 = DIRECTION('',(0.,0.,1.));
#2427 = DIRECTION('',(1.,0.,0.));
#2428 = CYLINDRICAL_SURFACE('',#2429,16.);
#2429 = AXIS2_PLACEMENT_3D('',#2430,#2431,#2432);
#2430 = CARTESIAN_POINT('',(0.,0.,5.));
#2431 = DIRECTION('',(-0.,-0.,-1.));
#2432 = DIRECTION('',(1.,0.,0.));
#2433 = ADVANCED_FACE('',(#2434),#2446,.F.);
#2434 = FACE_BOUND('',#2435,.T.);
#2435 = EDGE_LOOP('',(#2436,#2437,#2444,#2445));
#2436 = ORIENTED_EDGE('',*,*,#1508,.T.);
#2437 = ORIENTED_EDGE('',*,*,#2438,.F.);
#2438 = EDGE_CURVE('',#1556,#1501,#2439,.T.);
#2439 = CIRCLE('',#2440,16.);
#2440 = AXIS2_PLACEMENT_3D('',#2441,#2442,#2443);
#2441 = CARTESIAN_POINT('',(0.,0.,10.));
#2442 = DIRECTION('',(0.,0.,1.));
#2443 = DIRECTION('',(1.,0.,0.));
#2444 = ORIENTED_EDGE('',*,*,#1555,.F.);
#2445 = ORIENTED_EDGE('',*,*,#1540,.T.);
#2446 = CYLINDRICAL_SURFACE('',#2447,16.);
#2447 = AXIS2_PLACEMENT_3D('',#2448,#2449,#2450);
#2448 = CARTESIAN_POINT('',(0.,0.,5.));
#2449 = DIRECTION('',(-0.,-0.,-1.));
#2450 = DIRECTION('',(1.,0.,0.));
#2451 = ADVANCED_FACE('',(#2452),#2464,.T.);
#2452 = FACE_BOUND('',#2453,.F.);
#2453 = EDGE_LOOP('',(#2454,#2461,#2462,#2463));
#2454 = ORIENTED_EDGE('',*,*,#2455,.T.);
#2455 = EDGE_CURVE('',#1615,#1556,#2456,.T.);
#2456 = CIRCLE('',#2457,16.);
#2457 = AXIS2_PLACEMENT_3D('',#2458,#2459,#2460);
#2458 = CARTESIAN_POINT('',(0.,0.,10.));
#2459 = DIRECTION('',(0.,0.,1.));
#2460 = DIRECTION('',(1.,0.,0.));
#2461 = ORIENTED_EDGE('',*,*,#1563,.T.);
#2462 = ORIENTED_EDGE('',*,*,#1587,.T.);
#2463 = ORIENTED_EDGE('',*,*,#1614,.F.);
#2464 = CYLINDRICAL_SURFACE('',#2465,16.);
#2465 = AXIS2_PLACEMENT_3D('',#2466,#2467,#2468);
#2466 = CARTESIAN_POINT('',(0.,0.,5.));
#2467 = DIRECTION('',(-0.,-0.,-1.));
#2468 = DIRECTION('',(1.,0.,0.));
#2469 = ADVANCED_FACE('',(#2470),#2482,.F.);
#2470 = FACE_BOUND('',#2471,.T.);
#2471 = EDGE_LOOP('',(#2472,#2473,#2480,#2481));
#2472 = ORIENTED_EDGE('',*,*,#1622,.T.);
#2473 = ORIENTED_EDGE('',*,*,#2474,.F.);
#2474 = EDGE_CURVE('',#1680,#1615,#2475,.T.);
#2475 = CIRCLE('',#2476,16.);
#2476 = AXIS2_PLACEMENT_3D('',#2477,#2478,#2479);
#2477 = CARTESIAN_POINT('',(0.,0.,10.));
#2478 = DIRECTION('',(0.,0.,1.));
#2479 = DIRECTION('',(1.,0.,0.));
#2480 = ORIENTED_EDGE('',*,*,#1679,.F.);
#2481 = ORIENTED_EDGE('',*,*,#1644,.T.);
#2482 = CYLINDRICAL_SURFACE('',#2483,16.);
#2483 = AXIS2_PLACEMENT_3D('',#2484,#2485,#2486);
#2484 = CARTESIAN_POINT('',(0.,0.,5.));
#2485 = DIRECTION('',(-0.,-0.,-1.));
#2486 = DIRECTION('',(1.,0.,0.));
#2487 = ADVANCED_FACE('',(#2488),#2500,.T.);
#2488 = FACE_BOUND('',#2489,.F.);
#2489 = EDGE_LOOP('',(#2490,#2491,#2498,#2499));
#2490 = ORIENTED_EDGE('',*,*,#1728,.F.);
#2491 = ORIENTED_EDGE('',*,*,#2492,.T.);
#2492 = EDGE_CURVE('',#1729,#1680,#2493,.T.);
#2493 = CIRCLE('',#2494,16.);
#2494 = AXIS2_PLACEMENT_3D('',#2495,#2496,#2497);
#2495 = CARTESIAN_POINT('',(0.,0.,10.));
#2496 = DIRECTION('',(0.,0.,1.));
#2497 = DIRECTION('',(1.,0.,0.));
#2498 = ORIENTED_EDGE('',*,*,#1687,.T.);
#2499 = ORIENTED_EDGE('',*,*,#1703,.T.);
#2500 = CYLINDRICAL_SURFACE('',#2501,16.);
#2501 = AXIS2_PLACEMENT_3D('',#2502,#2503,#2504);
#2502 = CARTESIAN_POINT('',(0.,0.,5.));
#2503 = DIRECTION('',(-0.,-0.,-1.));
#2504 = DIRECTION('',(1.,0.,0.));
#2505 = ADVANCED_FACE('',(#2506),#2518,.F.);
#2506 = FACE_BOUND('',#2507,.T.);
#2507 = EDGE_LOOP('',(#2508,#2515,#2516,#2517));
#2508 = ORIENTED_EDGE('',*,*,#2509,.F.);
#2509 = EDGE_CURVE('',#1794,#1729,#2510,.T.);
#2510 = CIRCLE('',#2511,16.);
#2511 = AXIS2_PLACEMENT_3D('',#2512,#2513,#2514);
#2512 = CARTESIAN_POINT('',(0.,0.,10.));
#2513 = DIRECTION('',(0.,0.,1.));
#2514 = DIRECTION('',(1.,0.,0.));
#2515 = ORIENTED_EDGE('',*,*,#1793,.F.);
#2516 = ORIENTED_EDGE('',*,*,#1758,.T.);
#2517 = ORIENTED_EDGE('',*,*,#1736,.T.);
#2518 = CYLINDRICAL_SURFACE('',#2519,16.);
#2519 = AXIS2_PLACEMENT_3D('',#2520,#2521,#2522);
#2520 = CARTESIAN_POINT('',(0.,0.,5.));
#2521 = DIRECTION('',(-0.,-0.,-1.));
#2522 = DIRECTION('',(1.,0.,0.));
#2523 = ADVANCED_FACE('',(#2524),#2536,.T.);
#2524 = FACE_BOUND('',#2525,.F.);
#2525 = EDGE_LOOP('',(#2526,#2527,#2534,#2535));
#2526 = ORIENTED_EDGE('',*,*,#1842,.F.);
#2527 = ORIENTED_EDGE('',*,*,#2528,.T.);
#2528 = EDGE_CURVE('',#1843,#1794,#2529,.T.);
#2529 = CIRCLE('',#2530,16.);
#2530 = AXIS2_PLACEMENT_3D('',#2531,#2532,#2533);
#2531 = CARTESIAN_POINT('',(0.,0.,10.));
#2532 = DIRECTION('',(0.,0.,1.));
#2533 = DIRECTION('',(1.,0.,0.));
#2534 = ORIENTED_EDGE('',*,*,#1801,.T.);
#2535 = ORIENTED_EDGE('',*,*,#1817,.T.);
#2536 = CYLINDRICAL_SURFACE('',#2537,16.);
#2537 = AXIS2_PLACEMENT_3D('',#2538,#2539,#2540);
#2538 = CARTESIAN_POINT('',(0.,0.,5.));
#2539 = DIRECTION('',(-0.,-0.,-1.));
#2540 = DIRECTION('',(1.,0.,0.));
#2541 = ADVANCED_FACE('',(#2542),#2554,.F.);
#2542 = FACE_BOUND('',#2543,.T.);
#2543 = EDGE_LOOP('',(#2544,#2551,#2552,#2553));
#2544 = ORIENTED_EDGE('',*,*,#2545,.F.);
#2545 = EDGE_CURVE('',#1898,#1843,#2546,.T.);
#2546 = CIRCLE('',#2547,16.);
#2547 = AXIS2_PLACEMENT_3D('',#2548,#2549,#2550);
#2548 = CARTESIAN_POINT('',(0.,0.,10.));
#2549 = DIRECTION('',(0.,0.,1.));
#2550 = DIRECTION('',(1.,0.,0.));
#2551 = ORIENTED_EDGE('',*,*,#1897,.F.);
#2552 = ORIENTED_EDGE('',*,*,#1882,.T.);
#2553 = ORIENTED_EDGE('',*,*,#1850,.T.);
#2554 = CYLINDRICAL_SURFACE('',#2555,16.);
#2555 = AXIS2_PLACEMENT_3D('',#2556,#2557,#2558);
#2556 = CARTESIAN_POINT('',(0.,0.,5.));
#2557 = DIRECTION('',(-0.,-0.,-1.));
#2558 = DIRECTION('',(1.,0.,0.));
#2559 = ADVANCED_FACE('',(#2560),#2694,.F.);
#2560 = FACE_BOUND('',#2561,.F.);
#2561 = EDGE_LOOP('',(#2562,#2597,#2604,#2693));
#2562 = ORIENTED_EDGE('',*,*,#2563,.F.);
#2563 = EDGE_CURVE('',#2564,#1923,#2566,.T.);
#2564 = VERTEX_POINT('',#2565);
#2565 = CARTESIAN_POINT('',(5.125011600364,8.2059654119E-08,
    4.843748281346));
#2566 = B_SPLINE_CURVE_WITH_KNOTS('',11,(#2567,#2568,#2569,#2570,#2571,
    #2572,#2573,#2574,#2575,#2576,#2577,#2578,#2579,#2580,#2581,#2582,
    #2583,#2584,#2585,#2586,#2587,#2588,#2589,#2590,#2591,#2592,#2593,
    #2594,#2595,#2596),.UNSPECIFIED.,.F.,.F.,(12,9,9,12),(0.,
    1.614938419963,3.229876839926,6.459753679852),.UNSPECIFIED.);
#2567 = CARTESIAN_POINT('',(5.125011600364,8.20596519624E-08,
    4.843748281346));
#2568 = CARTESIAN_POINT('',(5.125012520505,-0.731846224065,
    4.809657237661));
#2569 = CARTESIAN_POINT('',(5.01008348817,-1.463697138078,4.775565675086
    ));
#2570 = CARTESIAN_POINT('',(4.780152343227,-2.175490328931,
    4.741474983733));
#2571 = CARTESIAN_POINT('',(4.439193139486,-2.847147727245,
    4.707384581058));
#2572 = CARTESIAN_POINT('',(3.995106817912,-3.459493397298,
    4.673293921911));
#2573 = CARTESIAN_POINT('',(3.459479983199,-3.995121754167,
    4.639202943008));
#2574 = CARTESIAN_POINT('',(2.847137386747,-4.439199243582,
    4.605111839886));
#2575 = CARTESIAN_POINT('',(2.17548619445,-4.780135835541,4.571020768907
    ));
#2576 = CARTESIAN_POINT('',(1.463704869812,-5.010054106805,
    4.536929761229));
#2577 = CARTESIAN_POINT('',(8.196269539757E-06,-5.239972497332,
    4.468747898772));
#2578 = CARTESIAN_POINT('',(-1.463697407484,-5.010055173799,
    4.400566225817));
#2579 = CARTESIAN_POINT('',(-2.175487372634,-4.780137856744,
    4.366475413186));
#2580 = CARTESIAN_POINT('',(-2.847150337502,-4.439200374924,
    4.332384562393));
#2581 = CARTESIAN_POINT('',(-3.459502434222,-3.995123159789,
    4.298293643666));
#2582 = CARTESIAN_POINT('',(-3.995130673989,-3.459493797681,
    4.264202673969));
#2583 = CARTESIAN_POINT('',(-4.439204387785,-2.847143468484,
    4.230111697552));
#2584 = CARTESIAN_POINT('',(-4.780137391621,-2.175484505074,
    4.196020753136));
#2585 = CARTESIAN_POINT('',(-5.010050945824,-1.463699130559,
    4.161929847983));
#2586 = CARTESIAN_POINT('',(-5.354921452053,0.731849484632,
    4.059657175763));
#2587 = CARTESIAN_POINT('',(-4.665179416918,2.927397939184,
    3.957384503544));
#2588 = CARTESIAN_POINT('',(-3.745521077094,4.230585858409,
    3.889202475242));
#2589 = CARTESIAN_POINT('',(-2.42908042254,5.21275696463,3.821021008924)
  );
#2590 = CARTESIAN_POINT('',(-0.841781085084,5.741683676158,
    3.752836774645));
#2591 = CARTESIAN_POINT('',(0.841834804144,5.741643586718,3.684660434527
    ));
#2592 = CARTESIAN_POINT('',(2.429115770471,5.212742617589,3.616476230821
    ));
#2593 = CARTESIAN_POINT('',(3.745342293729,4.230608772609,3.548289111823
    ));
#2594 = CARTESIAN_POINT('',(4.665263240999,2.927402600751,3.480114102009
    ));
#2595 = CARTESIAN_POINT('',(5.125012654311,1.463692714825,3.411929939034
    ));
#2596 = CARTESIAN_POINT('',(5.125014500451,1.0257568841E-07,
    3.343747851658));
#2597 = ORIENTED_EDGE('',*,*,#2598,.T.);
#2598 = EDGE_CURVE('',#2564,#2599,#2601,.T.);
#2599 = VERTEX_POINT('',#2600);
#2600 = CARTESIAN_POINT('',(4.375,-2.051426328237E-07,5.27678144082));
#2601 = B_SPLINE_CURVE_WITH_KNOTS('',1,(#2602,#2603),.UNSPECIFIED.,.F.,
  .F.,(2,2),(0.,1.3105),.PIECEWISE_BEZIER_KNOTS.);
#2602 = CARTESIAN_POINT('',(5.125011600364,8.205955376283E-08,
    4.843748281346));
#2603 = CARTESIAN_POINT('',(3.990094317578,-6.629564491467E-07,
    5.499013884924));
#2604 = ORIENTED_EDGE('',*,*,#2605,.T.);
#2605 = EDGE_CURVE('',#2599,#1958,#2606,.T.);
#2606 = B_SPLINE_CURVE_WITH_KNOTS('',7,(#2607,#2608,#2609,#2610,#2611,
    #2612,#2613,#2614,#2615,#2616,#2617,#2618,#2619,#2620,#2621,#2622,
    #2623,#2624,#2625,#2626,#2627,#2628,#2629,#2630,#2631,#2632,#2633,
    #2634,#2635,#2636,#2637,#2638,#2639,#2640,#2641,#2642,#2643,#2644,
    #2645,#2646,#2647,#2648,#2649,#2650,#2651,#2652,#2653,#2654,#2655,
    #2656,#2657,#2658,#2659,#2660,#2661,#2662,#2663,#2664,#2665,#2666,
    #2667,#2668,#2669,#2670,#2671,#2672,#2673,#2674,#2675,#2676,#2677,
    #2678,#2679,#2680,#2681,#2682,#2683,#2684,#2685,#2686,#2687,#2688,
    #2689,#2690,#2691,#2692),.UNSPECIFIED.,.F.,.F.,(8,6,6,6,6,6,6,6,6,6,
    6,6,6,6,8),(0.,4.742112409819E-02,0.134045747736,0.225732966079,
    0.287077078089,0.379907913516,0.48151264559,0.506636799355,
    0.607633375096,0.632521420741,0.746511455744,0.803967867345,
    0.867404234022,0.9580724516,1.),.UNSPECIFIED.);
#2607 = CARTESIAN_POINT('',(4.375,-4.102851685062E-07,5.276781429627));
#2608 = CARTESIAN_POINT('',(4.374999982537,-0.186211524677,
    5.266621126515));
#2609 = CARTESIAN_POINT('',(4.365753219667,-0.372425168621,
    5.256462279187));
#2610 = CARTESIAN_POINT('',(4.347259991387,-0.558085806539,5.24630367102
    ));
#2611 = CARTESIAN_POINT('',(4.319561350561,-0.742643149724,
    5.236144560292));
#2612 = CARTESIAN_POINT('',(4.282739030863,-0.925552732499,
    5.225984623415));
#2613 = CARTESIAN_POINT('',(4.236915354732,-1.106276488371,
    5.215823898158));
#2614 = CARTESIAN_POINT('',(4.082401150157,-1.609450129485,
    5.187101217543));
#2615 = CARTESIAN_POINT('',(3.95303798092,-1.925611716943,5.168534818017
    ));
#2616 = CARTESIAN_POINT('',(3.795162282571,-2.229458827715,
    5.149969516044));
#2617 = CARTESIAN_POINT('',(3.610220751195,-2.517945545612,
    5.131406109561));
#2618 = CARTESIAN_POINT('',(3.400022268191,-2.788250131081,
    5.112842577639));
#2619 = CARTESIAN_POINT('',(3.166730720963,-3.037786305517,
    5.094277810655));
#2620 = CARTESIAN_POINT('',(2.644309819901,-3.503979742596,
    5.056070823506));
#2621 = CARTESIAN_POINT('',(2.352614254454,-3.717952052997,
    5.036421868234));
#2622 = CARTESIAN_POINT('',(2.040903302155,-3.903425684432,
    5.016776204231));
#2623 = CARTESIAN_POINT('',(1.712537195459,-4.058230476301,4.99713221461
    ));
#2624 = CARTESIAN_POINT('',(1.371110479185,-4.180671849841,
    4.977485938034));
#2625 = CARTESIAN_POINT('',(1.020435390312,-4.269538613819,
    4.957836358576));
#2626 = CARTESIAN_POINT('',(0.426493673907,-4.36082018112,4.92504600888)
  );
#2627 = CARTESIAN_POINT('',(0.186046123543,-4.382119142659,
    4.911901004039));
#2628 = CARTESIAN_POINT('',(-5.556591862248E-02,-4.387939952462,
    4.898756298858));
#2629 = CARTESIAN_POINT('',(-0.297148744759,-4.378219643715,
    4.885611812304));
#2630 = CARTESIAN_POINT('',(-0.53751212912,-4.353006100829,
    4.872467106298));
#2631 = CARTESIAN_POINT('',(-0.775471294403,-4.312457981084,
    4.859322080398));
#2632 = CARTESIAN_POINT('',(-1.364529020504,-4.17271647855,
    4.826286483924));
#2633 = CARTESIAN_POINT('',(-1.71110451271,-4.05408116397,4.806391374801
    ));
#2634 = CARTESIAN_POINT('',(-2.045412855991,-3.901912500508,
    4.786499538865));
#2635 = CARTESIAN_POINT('',(-2.363614184491,-3.717790074545,
    4.766609788183));
#2636 = CARTESIAN_POINT('',(-2.662138599515,-3.503779513951,4.7467180806
    ));
#2637 = CARTESIAN_POINT('',(-2.937703222838,-3.262422693845,
    4.726823121917));
#2638 = CARTESIAN_POINT('',(-3.460695653567,-2.706176707846,
    4.685160947735));
#2639 = CARTESIAN_POINT('',(-3.703148320598,-2.386338290483,
    4.663383123445));
#2640 = CARTESIAN_POINT('',(-3.910863348951,-2.04141431178,
    4.641609633688));
#2641 = CARTESIAN_POINT('',(-4.080855052331,-1.675961392606,
    4.619838860128));
#2642 = CARTESIAN_POINT('',(-4.210842881589,-1.294882312447,
    4.598065019365));
#2643 = CARTESIAN_POINT('',(-4.299265316451,-0.903396140415,
    4.576286648376));
#2644 = CARTESIAN_POINT('',(-4.35694621842,-0.409118186944,
    4.549131514418));
#2645 = CARTESIAN_POINT('',(-4.365803553145,-0.310826027765,
    4.543747996363));
#2646 = CARTESIAN_POINT('',(-4.372073398316,-0.212314500036,
    4.53836450063));
#2647 = CARTESIAN_POINT('',(-4.375749470974,-0.113665326672,
    4.532981029534));
#2648 = CARTESIAN_POINT('',(-4.37682872141,-1.496036057758E-02,
    4.527597585239));
#2649 = CARTESIAN_POINT('',(-4.375311333171,8.37184153576E-02,
    4.522214169759));
#2650 = CARTESIAN_POINT('',(-4.354676483072,0.57853229311,4.495190118522
    ));
#2651 = CARTESIAN_POINT('',(-4.296241474795,0.973145105255,
    4.473543644976));
#2652 = CARTESIAN_POINT('',(-4.196085297982,1.360594123011,
    4.451902182803));
#2653 = CARTESIAN_POINT('',(-4.055349459215,1.735652299483,
    4.430263902522));
#2654 = CARTESIAN_POINT('',(-3.875899752702,2.093347366749,
    4.408622689442));
#2655 = CARTESIAN_POINT('',(-3.660315058841,2.428991660752,
    4.386976592388));
#2656 = CARTESIAN_POINT('',(-3.350924418729,2.81451265679,4.360003671362
    ));
#2657 = CARTESIAN_POINT('',(-3.287769842057,2.889138144151,
    4.354670959664));
#2658 = CARTESIAN_POINT('',(-3.222678816636,2.962107334266,
    4.349338222413));
#2659 = CARTESIAN_POINT('',(-3.155703600563,3.033360083616,
    4.344005459477));
#2660 = CARTESIAN_POINT('',(-3.086898723921,3.102838379869,
    4.338672671484));
#2661 = CARTESIAN_POINT('',(-3.016320988786,3.170486341878,4.33333985983
    ));
#2662 = CARTESIAN_POINT('',(-2.612926217361,3.53745614155,4.303582053872
    ));
#2663 = CARTESIAN_POINT('',(-2.245713138066,3.799282575824,
    4.279145020794));
#2664 = CARTESIAN_POINT('',(-1.848279745161,4.016256888251,
    4.254717116468));
#2665 = CARTESIAN_POINT('',(-1.42725303061,4.184424253662,4.230292081619
    ));
#2666 = CARTESIAN_POINT('',(-0.989702513177,4.300960908237,
    4.205864375124));
#2667 = CARTESIAN_POINT('',(-0.543156283756,4.364167814582,
    4.181427545398));
#2668 = CARTESIAN_POINT('',(0.129909147443,4.378887013888,4.144691253563
    ));
#2669 = CARTESIAN_POINT('',(0.355775704393,4.370249117864,4.132379606285
    ));
#2670 = CARTESIAN_POINT('',(0.580953878725,4.348017325908,4.120068318449
    ));
#2671 = CARTESIAN_POINT('',(0.8044642157,4.312261516518,4.107757242983)
  );
#2672 = CARTESIAN_POINT('',(1.025340118024,4.26313632268,4.095445977275)
  );
#2673 = CARTESIAN_POINT('',(1.242629214052,4.200880914325,4.08313439579)
  );
#2674 = CARTESIAN_POINT('',(1.690307184735,4.04296136176,4.057230587861)
  );
#2675 = CARTESIAN_POINT('',(1.919724877009,3.944487705633,4.043637337614
    ));
#2676 = CARTESIAN_POINT('',(2.142384978245,3.830848973123,4.030044485248
    ));
#2677 = CARTESIAN_POINT('',(2.357092792752,3.702611352908,4.016451874845
    ));
#2678 = CARTESIAN_POINT('',(2.562717492704,3.56045024796,4.002858959053)
  );
#2679 = CARTESIAN_POINT('',(2.758194142477,3.405149058604,3.989265626505
    ));
#2680 = CARTESIAN_POINT('',(3.206005238565,2.998151677079,3.956245387173
    ));
#2681 = CARTESIAN_POINT('',(3.446793045022,2.733632097138,3.936814310729
    ));
#2682 = CARTESIAN_POINT('',(3.661940653975,2.446708925217,3.917386189828
    ));
#2683 = CARTESIAN_POINT('',(3.849016110381,2.140389935263,3.897960342145
    ));
#2684 = CARTESIAN_POINT('',(4.006016321566,1.817954913768,3.878532990556
    ));
#2685 = CARTESIAN_POINT('',(4.1313761378,1.48294097472,3.859102320316));
#2686 = CARTESIAN_POINT('',(4.266951460776,0.980232673078,3.830690672665
    ));
#2687 = CARTESIAN_POINT('',(4.302842573218,0.819389805384,3.821706507822
    ));
#2688 = CARTESIAN_POINT('',(4.331655393842,0.657033484174,3.812722245003
    ));
#2689 = CARTESIAN_POINT('',(4.353315073187,0.493537564482,3.803737902082
    ));
#2690 = CARTESIAN_POINT('',(4.367771635628,0.329279307159,3.794753536861
    ));
#2691 = CARTESIAN_POINT('',(4.374999999962,0.164639070188,3.785769408612
    ));
#2692 = CARTESIAN_POINT('',(4.375,-8.881784197001E-16,3.776786139617));
#2693 = ORIENTED_EDGE('',*,*,#1957,.F.);
#2694 = B_SPLINE_SURFACE_WITH_KNOTS('',1,9,(
    (#2695,#2696,#2697,#2698,#2699,#2700,#2701,#2702,#2703,#2704,#2705
      ,#2706,#2707,#2708,#2709,#2710,#2711,#2712,#2713,#2714,#2715,#2716
      ,#2717,#2718,#2719,#2720,#2721,#2722,#2723,#2724,#2725)
    ,(#2726,#2727,#2728,#2729,#2730,#2731,#2732,#2733,#2734,#2735,#2736
      ,#2737,#2738,#2739,#2740,#2741,#2742,#2743,#2744,#2745,#2746,#2747
      ,#2748,#2749,#2750,#2751,#2752,#2753,#2754,#2755,#2756
  )),.UNSPECIFIED.,.F.,.F.,.F.,(2,2),(10,7,7,7,10),(0.,1.3105),(0.,
    1.614938419963,3.229876839926,4.844815259889,6.459753679852),
  .UNSPECIFIED.);
#2695 = CARTESIAN_POINT('',(5.125011600364,8.20596519624E-08,
    4.843748281346));
#2696 = CARTESIAN_POINT('',(5.125012724981,-0.894478736537,
    4.802081450175));
#2697 = CARTESIAN_POINT('',(4.949426422203,-1.788964594964,
    4.760413826257));
#2698 = CARTESIAN_POINT('',(4.598110948917,-2.644049342945,
    4.718748140165));
#2699 = CARTESIAN_POINT('',(4.081521788988,-3.420283610772,
    4.677081956001));
#2700 = CARTESIAN_POINT('',(3.420274121764,-4.081542339917,
    4.635415041563));
#2701 = CARTESIAN_POINT('',(2.644034858813,-4.598117212008,
    4.593748127854));
#2702 = CARTESIAN_POINT('',(1.78897061122,-4.949381220423,4.552081290168
    ));
#2703 = CARTESIAN_POINT('',(9.374561037559E-06,-5.300645265159,
    4.468747873768));
#2704 = CARTESIAN_POINT('',(-1.788965505475,-4.949382524527,
    4.385414746886));
#2705 = CARTESIAN_POINT('',(-2.644042827398,-4.598119994564,
    4.343748209605));
#2706 = CARTESIAN_POINT('',(-3.420298874407,-4.081541220276,
    4.302081551501));
#2707 = CARTESIAN_POINT('',(-4.081549291744,-3.420289148977,
    4.260414784023));
#2708 = CARTESIAN_POINT('',(-4.598122520083,-2.644036609888,
    4.218748027531));
#2709 = CARTESIAN_POINT('',(-4.949379273222,-1.788965593556,
    4.177081354978));
#2710 = CARTESIAN_POINT('',(-5.300636339748,-4.434451288236E-08,
    4.093748066503));
#2711 = CARTESIAN_POINT('',(-4.949378717693,1.788965395791,
    4.010414778028));
#2712 = CARTESIAN_POINT('',(-4.598121999369,2.644036232241,
    3.968748105476));
#2713 = CARTESIAN_POINT('',(-4.081550280325,3.420289106332,
    3.927081348983));
#2714 = CARTESIAN_POINT('',(-3.420300618166,4.081542440029,
    3.885414581504));
#2715 = CARTESIAN_POINT('',(-2.644043757636,4.598121716491,
    3.843747923401));
#2716 = CARTESIAN_POINT('',(-1.788965813998,4.949382572031,
    3.802081386121));
#2717 = CARTESIAN_POINT('',(9.213452425914E-06,5.300642719203,
    3.718748259236));
#2718 = CARTESIAN_POINT('',(1.788970302695,4.949379766349,3.635414842838
    ));
#2719 = CARTESIAN_POINT('',(2.644035172945,4.598118050365,3.593748005182
    ));
#2720 = CARTESIAN_POINT('',(3.420274187623,4.081545838594,3.552081091358
    ));
#2721 = CARTESIAN_POINT('',(4.08152936622,3.420291357278,3.510414177112)
  );
#2722 = CARTESIAN_POINT('',(4.598112509778,2.644043401829,3.468747992767
    ));
#2723 = CARTESIAN_POINT('',(4.949414214929,1.788964337354,3.42708230677)
  );
#2724 = CARTESIAN_POINT('',(5.125013372255,0.894478921172,3.385414682832
    ));
#2725 = CARTESIAN_POINT('',(5.125014500451,1.025756897423E-07,
    3.343747851658));
#2726 = CARTESIAN_POINT('',(3.990094317578,-6.629563511495E-07,
    5.499013884924));
#2727 = CARTESIAN_POINT('',(3.990096174465,-0.696441920315,
    5.457348547204));
#2728 = CARTESIAN_POINT('',(3.853390927318,-1.392772349377,
    5.415689613678));
#2729 = CARTESIAN_POINT('',(3.579903607098,-2.058507881231,
    5.374015025089));
#2730 = CARTESIAN_POINT('',(3.177676893895,-2.662893104409,
    5.332344461469));
#2731 = CARTESIAN_POINT('',(2.66285423688,-3.17769451777,5.29067979545)
  );
#2732 = CARTESIAN_POINT('',(2.058517829839,-3.579882453335,
    5.249015125046));
#2733 = CARTESIAN_POINT('',(1.392808281332,-3.853359030264,
    5.207349839795));
#2734 = CARTESIAN_POINT('',(8.822613433659E-06,-4.126837258123,
    5.124017177497));
#2735 = CARTESIAN_POINT('',(-1.392808157142,-3.853358625527,
    5.040682176386));
#2736 = CARTESIAN_POINT('',(-2.058534858291,-3.579879844507,
    4.999014464487));
#2737 = CARTESIAN_POINT('',(-2.662888223004,-3.17769395212,
    4.957347728647));
#2738 = CARTESIAN_POINT('',(-3.177702428886,-2.662878117306,
    4.915681876374));
#2739 = CARTESIAN_POINT('',(-3.579881985467,-2.058529860201,
    4.874015935355));
#2740 = CARTESIAN_POINT('',(-3.853355463565,-1.39281017438,
    4.832349316237));
#2741 = CARTESIAN_POINT('',(-4.126828369386,8.622334811008E-07,
    4.74901562052));
#2742 = CARTESIAN_POINT('',(-3.853353841427,1.392811580345,
    4.665681924803));
#2743 = CARTESIAN_POINT('',(-3.579880121583,2.058530821872,
    4.624015305685));
#2744 = CARTESIAN_POINT('',(-3.177702970814,2.662879490733,
    4.582349364666));
#2745 = CARTESIAN_POINT('',(-2.662889871805,3.177697333551,
    4.540683512391));
#2746 = CARTESIAN_POINT('',(-2.058534878365,3.579883842489,
    4.499016776553));
#2747 = CARTESIAN_POINT('',(-1.392806947953,3.853359345106,
    4.457349064656));
#2748 = CARTESIAN_POINT('',(1.041842040302E-05,4.126832734938,
    4.37401406354));
#2749 = CARTESIAN_POINT('',(1.392809490518,3.853355811746,4.290681401242
    ));
#2750 = CARTESIAN_POINT('',(2.058520020525,3.579883003982,4.249016116045
    ));
#2751 = CARTESIAN_POINT('',(2.662855803077,3.177699519158,4.207351445439
    ));
#2752 = CARTESIAN_POINT('',(3.177691570085,2.66290541779,4.165686779759)
  );
#2753 = CARTESIAN_POINT('',(3.579907318983,2.058495693606,4.124016215824
    ));
#2754 = CARTESIAN_POINT('',(3.853369874929,1.392770134361,4.082341627398
    ));
#2755 = CARTESIAN_POINT('',(3.990097641946,0.696440428665,4.040682693838
    ));
#2756 = CARTESIAN_POINT('',(3.990099469917,-8.286933698063E-07,
    3.999017356111));
#2757 = ADVANCED_FACE('',(#2758),#2768,.F.);
#2758 = FACE_BOUND('',#2759,.F.);
#2759 = EDGE_LOOP('',(#2760,#2761,#2766,#2767));
#2760 = ORIENTED_EDGE('',*,*,#2291,.F.);
#2761 = ORIENTED_EDGE('',*,*,#2762,.T.);
#2762 = EDGE_CURVE('',#2285,#2564,#2763,.T.);
#2763 = B_SPLINE_CURVE_WITH_KNOTS('',1,(#2764,#2765),.UNSPECIFIED.,.F.,
  .F.,(2,2),(0.,0.1875),.PIECEWISE_BEZIER_KNOTS.);
#2764 = CARTESIAN_POINT('',(5.125009022503,8.205871271372E-08,
    4.656248281364));
#2765 = CARTESIAN_POINT('',(5.125011600364,8.205955381868E-08,
    4.843748281346));
#2766 = ORIENTED_EDGE('',*,*,#2563,.T.);
#2767 = ORIENTED_EDGE('',*,*,#2115,.F.);
#2768 = B_SPLINE_SURFACE_WITH_KNOTS('',1,11,(
    (#2769,#2770,#2771,#2772,#2773,#2774,#2775,#2776,#2777,#2778,#2779
      ,#2780,#2781,#2782,#2783,#2784,#2785,#2786,#2787,#2788,#2789,#2790
      ,#2791,#2792,#2793,#2794,#2795,#2796,#2797,#2798)
    ,(#2799,#2800,#2801,#2802,#2803,#2804,#2805,#2806,#2807,#2808,#2809
      ,#2810,#2811,#2812,#2813,#2814,#2815,#2816,#2817,#2818,#2819,#2820
      ,#2821,#2822,#2823,#2824,#2825,#2826,#2827,#2828
  )),.UNSPECIFIED.,.F.,.F.,.F.,(2,2),(12,9,9,12),(0.,0.1875),(0.,
    1.614938419963,3.229876839926,6.459753679852),.UNSPECIFIED.);
#2769 = CARTESIAN_POINT('',(5.125009022503,8.205881041334E-08,
    4.656248281364));
#2770 = CARTESIAN_POINT('',(5.125009740771,-0.731845810023,
    4.622157237681));
#2771 = CARTESIAN_POINT('',(5.010079800551,-1.463696278092,4.58806567512
    ));
#2772 = CARTESIAN_POINT('',(4.780149147363,-2.175488731247,
    4.553974983767));
#2773 = CARTESIAN_POINT('',(4.43919090069,-2.847146087787,4.519884581076
    ));
#2774 = CARTESIAN_POINT('',(3.995105063804,-3.45949187918,4.485793921922
    ));
#2775 = CARTESIAN_POINT('',(3.459478281504,-3.995119943329,
    4.451702943024));
#2776 = CARTESIAN_POINT('',(2.847135810212,-4.439196898399,
    4.417611839908));
#2777 = CARTESIAN_POINT('',(2.175484983922,-4.780133086698,
    4.383520768928));
#2778 = CARTESIAN_POINT('',(1.463704030147,-5.010051084143,
    4.349429761255));
#2779 = CARTESIAN_POINT('',(8.196513524337E-06,-5.239969284666,
    4.281247898799));
#2780 = CARTESIAN_POINT('',(-1.463696590621,-5.010052299362,
    4.21306622584));
#2781 = CARTESIAN_POINT('',(-2.175486191467,-4.780135252645,
    4.178975413207));
#2782 = CARTESIAN_POINT('',(-2.847148838963,-4.439198024028,
    4.144884562413));
#2783 = CARTESIAN_POINT('',(-3.459500615036,-3.995121020328,
    4.110793643685));
#2784 = CARTESIAN_POINT('',(-3.995128501649,-3.459491882797,
    4.076702673991));
#2785 = CARTESIAN_POINT('',(-4.439201870118,-2.847141849581,
    4.042611697574));
#2786 = CARTESIAN_POINT('',(-4.780134619896,-2.175483261362,
    4.00852075316));
#2787 = CARTESIAN_POINT('',(-5.010048054419,-1.463698302479,
    3.974429848006));
#2788 = CARTESIAN_POINT('',(-5.35491845004,0.731849057053,3.872157175785
    ));
#2789 = CARTESIAN_POINT('',(-4.665176889746,2.927396295785,
    3.769884503565));
#2790 = CARTESIAN_POINT('',(-3.745519476441,4.23058293069,3.701702475263
    ));
#2791 = CARTESIAN_POINT('',(-2.429075950889,5.212757203464,
    3.633521008963));
#2792 = CARTESIAN_POINT('',(-0.84178472141,5.74166994635,3.565336774672)
  );
#2793 = CARTESIAN_POINT('',(0.841834920104,5.741656522553,3.497160434535
    ));
#2794 = CARTESIAN_POINT('',(2.42911979271,5.212728627835,3.428976230772)
  );
#2795 = CARTESIAN_POINT('',(3.745332587913,4.230608896047,3.360789111973
    ));
#2796 = CARTESIAN_POINT('',(4.665264170401,2.927401070601,3.29261410197)
  );
#2797 = CARTESIAN_POINT('',(5.125009835731,1.463691886737,3.224429939055
    ));
#2798 = CARTESIAN_POINT('',(5.125011278124,1.025743747941E-07,
    3.156247851685));
#2799 = CARTESIAN_POINT('',(5.125011600364,8.20596519624E-08,
    4.843748281346));
#2800 = CARTESIAN_POINT('',(5.125012520505,-0.731846224065,
    4.809657237661));
#2801 = CARTESIAN_POINT('',(5.01008348817,-1.463697138078,4.775565675086
    ));
#2802 = CARTESIAN_POINT('',(4.780152343227,-2.175490328931,
    4.741474983733));
#2803 = CARTESIAN_POINT('',(4.439193139486,-2.847147727245,
    4.707384581058));
#2804 = CARTESIAN_POINT('',(3.995106817912,-3.459493397298,
    4.673293921911));
#2805 = CARTESIAN_POINT('',(3.459479983199,-3.995121754167,
    4.639202943008));
#2806 = CARTESIAN_POINT('',(2.847137386747,-4.439199243582,
    4.605111839886));
#2807 = CARTESIAN_POINT('',(2.17548619445,-4.780135835541,4.571020768907
    ));
#2808 = CARTESIAN_POINT('',(1.463704869812,-5.010054106805,
    4.536929761229));
#2809 = CARTESIAN_POINT('',(8.196269539757E-06,-5.239972497332,
    4.468747898772));
#2810 = CARTESIAN_POINT('',(-1.463697407484,-5.010055173799,
    4.400566225817));
#2811 = CARTESIAN_POINT('',(-2.175487372634,-4.780137856744,
    4.366475413186));
#2812 = CARTESIAN_POINT('',(-2.847150337502,-4.439200374924,
    4.332384562393));
#2813 = CARTESIAN_POINT('',(-3.459502434222,-3.995123159789,
    4.298293643666));
#2814 = CARTESIAN_POINT('',(-3.995130673989,-3.459493797681,
    4.264202673969));
#2815 = CARTESIAN_POINT('',(-4.439204387785,-2.847143468484,
    4.230111697552));
#2816 = CARTESIAN_POINT('',(-4.780137391621,-2.175484505074,
    4.196020753136));
#2817 = CARTESIAN_POINT('',(-5.010050945824,-1.463699130559,
    4.161929847983));
#2818 = CARTESIAN_POINT('',(-5.354921452053,0.731849484632,
    4.059657175763));
#2819 = CARTESIAN_POINT('',(-4.665179416918,2.927397939184,
    3.957384503544));
#2820 = CARTESIAN_POINT('',(-3.745521077094,4.230585858409,
    3.889202475242));
#2821 = CARTESIAN_POINT('',(-2.42908042254,5.21275696463,3.821021008924)
  );
#2822 = CARTESIAN_POINT('',(-0.841781085084,5.741683676158,
    3.752836774645));
#2823 = CARTESIAN_POINT('',(0.841834804144,5.741643586718,3.684660434527
    ));
#2824 = CARTESIAN_POINT('',(2.429115770471,5.212742617589,3.616476230821
    ));
#2825 = CARTESIAN_POINT('',(3.745342293729,4.230608772609,3.548289111823
    ));
#2826 = CARTESIAN_POINT('',(4.665263240999,2.927402600751,3.480114102009
    ));
#2827 = CARTESIAN_POINT('',(5.125012654311,1.463692714825,3.411929939034
    ));
#2828 = CARTESIAN_POINT('',(5.125014500451,1.0257568841E-07,
    3.343747851658));
#2829 = ADVANCED_FACE('',(#2830),#2972,.F.);
#2830 = FACE_BOUND('',#2831,.F.);
#2831 = EDGE_LOOP('',(#2832,#2930,#2937,#2971));
#2832 = ORIENTED_EDGE('',*,*,#2833,.F.);
#2833 = EDGE_CURVE('',#2834,#2187,#2836,.T.);
#2834 = VERTEX_POINT('',#2835);
#2835 = CARTESIAN_POINT('',(4.375,-1.538550627754E-07,5.723242422155));
#2836 = B_SPLINE_CURVE_WITH_KNOTS('',8,(#2837,#2838,#2839,#2840,#2841,
    #2842,#2843,#2844,#2845,#2846,#2847,#2848,#2849,#2850,#2851,#2852,
    #2853,#2854,#2855,#2856,#2857,#2858,#2859,#2860,#2861,#2862,#2863,
    #2864,#2865,#2866,#2867,#2868,#2869,#2870,#2871,#2872,#2873,#2874,
    #2875,#2876,#2877,#2878,#2879,#2880,#2881,#2882,#2883,#2884,#2885,
    #2886,#2887,#2888,#2889,#2890,#2891,#2892,#2893,#2894,#2895,#2896,
    #2897,#2898,#2899,#2900,#2901,#2902,#2903,#2904,#2905,#2906,#2907,
    #2908,#2909,#2910,#2911,#2912,#2913,#2914,#2915,#2916,#2917,#2918,
    #2919,#2920,#2921,#2922,#2923,#2924,#2925,#2926,#2927,#2928,#2929),
  .UNSPECIFIED.,.F.,.F.,(9,7,7,7,7,7,7,7,7,7,7,7,7,9),(0.,
    4.491300396473E-02,0.133110591154,0.219591839056,0.271158982349,
    0.374280025715,0.502082884685,0.525900048174,0.626898779896,
    0.735805471924,0.786214591306,0.867446200031,0.955499132968,1.),
  .UNSPECIFIED.);
#2837 = CARTESIAN_POINT('',(4.375,-3.077101231597E-07,5.72324241376));
#2838 = CARTESIAN_POINT('',(4.374999989147,-0.154314296157,
    5.714822291053));
#2839 = CARTESIAN_POINT('',(4.368779387381,-0.308629552909,5.70640118732
    ));
#2840 = CARTESIAN_POINT('',(4.356338343377,-0.46265146953,5.697979755731
    ));
#2841 = CARTESIAN_POINT('',(4.337693400432,-0.616087403295,
    5.689558343178));
#2842 = CARTESIAN_POINT('',(4.312877478037,-0.768646848008,
    5.681137088751));
#2843 = CARTESIAN_POINT('',(4.281939853433,-0.920041604825,
    5.672716022204));
#2844 = CARTESIAN_POINT('',(4.244946143178,-1.069985953072,
    5.664295162425));
#2845 = CARTESIAN_POINT('',(4.117600462931,-1.509244842765,
    5.639338828491));
#2846 = CARTESIAN_POINT('',(4.010170856997,-1.793656552787,
    5.622801544818));
#2847 = CARTESIAN_POINT('',(3.880313754551,-2.069236513804,
    5.606266021748));
#2848 = CARTESIAN_POINT('',(3.728896970507,-2.333928345719,
    5.589731939138));
#2849 = CARTESIAN_POINT('',(3.556995747424,-2.585798948522,
    5.573197490227));
#2850 = CARTESIAN_POINT('',(3.365878783768,-2.823036384571,
    5.556661198734));
#2851 = CARTESIAN_POINT('',(3.157016390082,-3.043961420312,
    5.540123462631));
#2852 = CARTESIAN_POINT('',(2.711581855632,-3.446191844882,
    5.507373972812));
#2853 = CARTESIAN_POINT('',(2.475565792737,-3.628240822262,
    5.491157651103));
#2854 = CARTESIAN_POINT('',(2.225650894869,-3.791751407332,
    5.474942112309));
#2855 = CARTESIAN_POINT('',(1.963549484244,-3.935501686472,
    5.458727753572));
#2856 = CARTESIAN_POINT('',(1.691077913409,-4.058467212244,
    5.442513491934));
#2857 = CARTESIAN_POINT('',(1.410146961688,-4.159812849071,
    5.426298176448));
#2858 = CARTESIAN_POINT('',(1.122762609446,-4.238905337028,
    5.410082036821));
#2859 = CARTESIAN_POINT('',(0.657086803657,-4.329001422764,
    5.384200143614));
#2860 = CARTESIAN_POINT('',(0.481575804721,-4.354605708333,
    5.374531989289));
#2861 = CARTESIAN_POINT('',(0.304943155668,-4.372074767205,
    5.364863924908));
#2862 = CARTESIAN_POINT('',(0.127629377609,-4.38135264185,5.355195952851
    ));
#2863 = CARTESIAN_POINT('',(-4.992381202606E-02,-4.38241208974,
    5.345527968034));
#2864 = CARTESIAN_POINT('',(-0.227273861978,-4.375254592628,
    5.335859867353));
#2865 = CARTESIAN_POINT('',(-0.403977749637,-4.359910365832,
    5.326191659135));
#2866 = CARTESIAN_POINT('',(-0.930776430843,-4.289500398866,
    5.297189882352));
#2867 = CARTESIAN_POINT('',(-1.277712362323,-4.210045804797,
    5.277850870021));
#2868 = CARTESIAN_POINT('',(-1.616739963014,-4.098534560936,
    5.258513982102));
#2869 = CARTESIAN_POINT('',(-1.94441547792,-3.955928681507,
    5.239179829813));
#2870 = CARTESIAN_POINT('',(-2.257480736288,-3.783598141882,
    5.219845632703));
#2871 = CARTESIAN_POINT('',(-2.552860900184,-3.583285633413,
    5.200508647675));
#2872 = CARTESIAN_POINT('',(-2.827690797393,-3.357130150554,
    5.18116958338));
#2873 = CARTESIAN_POINT('',(-3.391287755295,-2.798679888261,
    5.137874962085));
#2874 = CARTESIAN_POINT('',(-3.667953081074,-2.453633685775,
    5.113899034094));
#2875 = CARTESIAN_POINT('',(-3.904188074422,-2.077583303753,
    5.089932000722));
#2876 = CARTESIAN_POINT('',(-4.096092630075,-1.676149218095,
    5.065971637585));
#2877 = CARTESIAN_POINT('',(-4.240654747905,-1.255342125013,
    5.042011219488));
#2878 = CARTESIAN_POINT('',(-4.335808923439,-0.82156028153,
    5.018044281528));
#2879 = CARTESIAN_POINT('',(-4.380395501663,-0.381544709755,
    4.994068323212));
#2880 = CARTESIAN_POINT('',(-4.373545808298,0.139350193047,
    4.965641928357));
#2881 = CARTESIAN_POINT('',(-4.370720706761,0.22115181928,4.961176560991
    ));
#2882 = CARTESIAN_POINT('',(-4.366147063669,0.302886792651,
    4.956711174798));
#2883 = CARTESIAN_POINT('',(-4.359826758879,0.384511495146,
    4.952245770849));
#2884 = CARTESIAN_POINT('',(-4.35176297315,0.465982426739,4.947780350288
    ));
#2885 = CARTESIAN_POINT('',(-4.341960188136,0.547256205399,
    4.943314914329));
#2886 = CARTESIAN_POINT('',(-4.330424186394,0.628289567084,
    4.938849464255));
#2887 = CARTESIAN_POINT('',(-4.260922826353,1.051465837092,4.91544782194
    ));
#2888 = CARTESIAN_POINT('',(-4.173628562215,1.388880819463,
    4.896506720361));
#2889 = CARTESIAN_POINT('',(-4.055814700785,1.717865743016,
    4.877567549642));
#2890 = CARTESIAN_POINT('',(-3.908470643523,2.03521150449,4.858630973651
    ));
#2891 = CARTESIAN_POINT('',(-3.732957340781,2.337889018754,
    4.839694539095));
#2892 = CARTESIAN_POINT('',(-3.530976145256,2.623046460178,
    4.820755756152));
#2893 = CARTESIAN_POINT('',(-3.30458892964,2.888033193832,4.801815187789
    ));
#2894 = CARTESIAN_POINT('',(-2.788548750448,3.39184828917,4.762461292244
    ));
#2895 = CARTESIAN_POINT('',(-2.49516642242,3.627163791893,4.742036412968
    ));
#2896 = CARTESIAN_POINT('',(-2.179235836844,3.833319931253,
    4.721615354988));
#2897 = CARTESIAN_POINT('',(-1.844180804366,4.007847788945,
    4.701197502834));
#2898 = CARTESIAN_POINT('',(-1.493666683129,4.148779393597,
    4.680779531354));
#2899 = CARTESIAN_POINT('',(-1.131572534522,4.254611190278,
    4.660358192414));
#2900 = CARTESIAN_POINT('',(-0.762000757204,4.324348953567,4.63993305066
    ));
#2901 = CARTESIAN_POINT('',(-0.21679067815,4.373056596463,4.610063728756
    ));
#2902 = CARTESIAN_POINT('',(-4.358084196963E-02,4.380663296249,
    4.600612601241));
#2903 = CARTESIAN_POINT('',(0.129913113568,4.38042819983,4.591161516859)
  );
#2904 = CARTESIAN_POINT('',(0.303276580808,4.37234061565,4.581710505862)
  );
#2905 = CARTESIAN_POINT('',(0.47609644712,4.356416048814,4.572259505103)
  );
#2906 = CARTESIAN_POINT('',(0.647961413825,4.332696179682,4.562808452246
    ));
#2907 = CARTESIAN_POINT('',(0.818462315121,4.301248842454,4.553357379959
    ));
#2908 = CARTESIAN_POINT('',(1.259092033944,4.199191315496,4.528676937185
    ));
#2909 = CARTESIAN_POINT('',(1.526429174812,4.116384429933,4.513445908957
    ));
#2910 = CARTESIAN_POINT('',(1.787472781827,4.014140892414,4.498215774026
    ));
#2911 = CARTESIAN_POINT('',(2.040577542968,3.893032878366,4.482986704467
    ));
#2912 = CARTESIAN_POINT('',(2.284175859095,3.753788322781,4.467757733838
    ));
#2913 = CARTESIAN_POINT('',(2.516777214595,3.597282220156,4.452527829188
    ));
#2914 = CARTESIAN_POINT('',(2.736974971573,3.424542094893,4.437296997089
    ));
#2915 = CARTESIAN_POINT('',(3.167285578646,3.033225061248,4.405558965606
    ));
#2916 = CARTESIAN_POINT('',(3.375057468794,2.811963762689,4.389047717124
    ));
#2917 = CARTESIAN_POINT('',(3.565088209715,2.574503207987,4.372537027089
    ));
#2918 = CARTESIAN_POINT('',(3.735920282715,2.32251916622,4.356026972714)
  );
#2919 = CARTESIAN_POINT('',(3.886296841781,2.057818596476,4.339516372338
    ));
#2920 = CARTESIAN_POINT('',(4.015153689442,1.782328161921,4.323004473069
    ));
#2921 = CARTESIAN_POINT('',(4.12163308541,1.498096375504,4.306492313283)
  );
#2922 = CARTESIAN_POINT('',(4.247312336364,1.060349212439,4.281640540624
    ));
#2923 = CARTESIAN_POINT('',(4.283635930053,0.911702424125,4.273297554758
    ));
#2924 = CARTESIAN_POINT('',(4.314011185213,0.76164452423,4.264954948346)
  );
#2925 = CARTESIAN_POINT('',(4.338374842222,0.610453556982,4.256612747716
    ));
#2926 = CARTESIAN_POINT('',(4.356679389902,0.458409946619,4.248270855975
    ));
#2927 = CARTESIAN_POINT('',(4.368893089718,0.305796345036,4.239929049415
    ));
#2928 = CARTESIAN_POINT('',(4.374999999971,0.152897479441,4.231586973919
    ));
#2929 = CARTESIAN_POINT('',(4.375,0.,4.223244141364));
#2930 = ORIENTED_EDGE('',*,*,#2931,.T.);
#2931 = EDGE_CURVE('',#2834,#2932,#2934,.T.);
#2932 = VERTEX_POINT('',#2933);
#2933 = CARTESIAN_POINT('',(5.12500676688,6.154357070397E-08,
    6.156248711034));
#2934 = B_SPLINE_CURVE_WITH_KNOTS('',1,(#2935,#2936),.UNSPECIFIED.,.F.,
  .F.,(2,2),(0.,1.3105),.PIECEWISE_BEZIER_KNOTS.);
#2935 = CARTESIAN_POINT('',(3.990073718706,-4.972223507015E-07,
    5.501010413801));
#2936 = CARTESIAN_POINT('',(5.12500676688,6.154356840782E-08,
    6.156248711034));
#2937 = ORIENTED_EDGE('',*,*,#2938,.T.);
#2938 = EDGE_CURVE('',#2932,#2285,#2939,.T.);
#2939 = B_SPLINE_CURVE_WITH_KNOTS('',9,(#2940,#2941,#2942,#2943,#2944,
    #2945,#2946,#2947,#2948,#2949,#2950,#2951,#2952,#2953,#2954,#2955,
    #2956,#2957,#2958,#2959,#2960,#2961,#2962,#2963,#2964,#2965,#2966,
    #2967,#2968,#2969,#2970),.UNSPECIFIED.,.F.,.F.,(10,7,7,7,10),(0.,
    1.614938419963,3.229876839926,4.844815259889,6.459753679852),
  .UNSPECIFIED.);
#2940 = CARTESIAN_POINT('',(5.12500676688,6.154357068411E-08,
    6.156248711034));
#2941 = CARTESIAN_POINT('',(5.125007641184,-0.894477857405,6.11458187987
    ));
#2942 = CARTESIAN_POINT('',(4.949420086731,-1.788962766508,
    6.072914255989));
#2943 = CARTESIAN_POINT('',(4.598106496821,-2.6440460228,6.031248569868)
  );
#2944 = CARTESIAN_POINT('',(4.081518524916,-3.420281030821,
    5.989582385663));
#2945 = CARTESIAN_POINT('',(3.420270688264,-4.081538622648,
    5.947915471257));
#2946 = CARTESIAN_POINT('',(2.644032233823,-4.598112679505,
    5.906248557545));
#2947 = CARTESIAN_POINT('',(1.788968777249,-4.949376079827,
    5.864581719869));
#2948 = CARTESIAN_POINT('',(9.356660126434E-06,-5.300639649876,
    5.781248303473));
#2949 = CARTESIAN_POINT('',(-1.788963740083,-4.949377550771,
    5.697915176582));
#2950 = CARTESIAN_POINT('',(-2.644040270902,-4.598115560215,
    5.656248639296));
#2951 = CARTESIAN_POINT('',(-3.420295627382,-4.081537249796,
    5.614581981191));
#2952 = CARTESIAN_POINT('',(-4.081545295576,-3.420285703461,
    5.572915213718));
#2953 = CARTESIAN_POINT('',(-4.598117836543,-2.644033908079,
    5.531248457229));
#2954 = CARTESIAN_POINT('',(-4.94937423246,-1.788963771923,
    5.489581784677));
#2955 = CARTESIAN_POINT('',(-5.300631007353,-3.448877077434E-08,
    5.4062484962));
#2956 = CARTESIAN_POINT('',(-4.949373800381,1.788963618108,
    5.322915207723));
#2957 = CARTESIAN_POINT('',(-4.598117431542,2.644033614356,
    5.281248535171));
#2958 = CARTESIAN_POINT('',(-4.08154606447,3.420285670296,5.239581778681
    ));
#2959 = CARTESIAN_POINT('',(-3.420296983636,4.081538198493,
    5.197915011208));
#2960 = CARTESIAN_POINT('',(-2.644040994418,4.598116899494,
    5.156248353103));
#2961 = CARTESIAN_POINT('',(-1.788963980043,4.949377587719,
    5.114581815818));
#2962 = CARTESIAN_POINT('',(9.231356341043E-06,5.300637669688,
    5.031248688925));
#2963 = CARTESIAN_POINT('',(1.788968537288,4.94937494888,4.94791527253)
  );
#2964 = CARTESIAN_POINT('',(2.64403247815,4.59811333156,4.906248434877)
  );
#2965 = CARTESIAN_POINT('',(3.420270739491,4.081541343839,4.864581521078
    ));
#2966 = CARTESIAN_POINT('',(4.081524418319,3.420287055879,4.822914606819
    ));
#2967 = CARTESIAN_POINT('',(4.598107710827,2.64404140193,4.781248422476)
  );
#2968 = CARTESIAN_POINT('',(4.949410592185,1.788962566143,4.739582736427
    ));
#2969 = CARTESIAN_POINT('',(5.12500814462,0.894478001007,4.697915112531)
  );
#2970 = CARTESIAN_POINT('',(5.125009022503,8.205871221378E-08,
    4.656248281364));
#2971 = ORIENTED_EDGE('',*,*,#2284,.F.);
#2972 = B_SPLINE_SURFACE_WITH_KNOTS('',1,9,(
    (#2973,#2974,#2975,#2976,#2977,#2978,#2979,#2980,#2981,#2982,#2983
      ,#2984,#2985,#2986,#2987,#2988,#2989,#2990,#2991,#2992,#2993,#2994
      ,#2995,#2996,#2997,#2998,#2999,#3000,#3001,#3002,#3003)
    ,(#3004,#3005,#3006,#3007,#3008,#3009,#3010,#3011,#3012,#3013,#3014
      ,#3015,#3016,#3017,#3018,#3019,#3020,#3021,#3022,#3023,#3024,#3025
      ,#3026,#3027,#3028,#3029,#3030,#3031,#3032,#3033,#3034
  )),.UNSPECIFIED.,.F.,.F.,.F.,(2,2),(10,7,7,7,10),(0.,1.3105),(0.,
    1.614938419963,3.229876839926,4.844815259889,6.459753679852),
  .UNSPECIFIED.);
#2973 = CARTESIAN_POINT('',(3.990073718706,-4.972223481836E-07,
    5.501010413801));
#2974 = CARTESIAN_POINT('',(3.990073633272,-0.696437710948,
    5.459345076107));
#2975 = CARTESIAN_POINT('',(3.853357826392,-1.392763712675,
    5.417686142742));
#2976 = CARTESIAN_POINT('',(3.579884372497,-2.058490355568,
    5.376011554052));
#2977 = CARTESIAN_POINT('',(3.177665385148,-2.662884253783,
    5.334340990186));
#2978 = CARTESIAN_POINT('',(2.662839092492,-3.177678948366,
    5.292676324381));
#2979 = CARTESIAN_POINT('',(2.058506449072,-3.579862236646,
    5.251011653923));
#2980 = CARTESIAN_POINT('',(1.392800236759,-3.853335245244,5.20934636873
    ));
#2981 = CARTESIAN_POINT('',(9.020533574942E-06,-4.126811030621,
    5.126013706448));
#2982 = CARTESIAN_POINT('',(-1.392800023723,-3.853336403587,
    5.042678705296));
#2983 = CARTESIAN_POINT('',(-2.058523433112,-3.579860752207,
    5.001010993374));
#2984 = CARTESIAN_POINT('',(-2.662874043231,-3.177676799697,
    4.959344257532));
#2985 = CARTESIAN_POINT('',(-3.177684631253,-2.662862876777,
    4.917678405279));
#2986 = CARTESIAN_POINT('',(-3.579860562193,-2.058517865543,
    4.876012464275));
#2987 = CARTESIAN_POINT('',(-3.853332476166,-1.392802228271,
    4.834345845159));
#2988 = CARTESIAN_POINT('',(-4.126804401971,6.000329334917E-07,
    4.751012149433));
#2989 = CARTESIAN_POINT('',(-3.853332070447,1.392803348676,
    4.667678453708));
#2990 = CARTESIAN_POINT('',(-3.579859962911,2.058518906201,
    4.626011834591));
#2991 = CARTESIAN_POINT('',(-3.177683858018,2.662863800875,
    4.584345893588));
#2992 = CARTESIAN_POINT('',(-2.662873121175,3.177677575582,
    4.542680041334));
#2993 = CARTESIAN_POINT('',(-2.058522393119,3.579861352932,
    4.501013305493));
#2994 = CARTESIAN_POINT('',(-1.392798903452,3.8533368087,4.459345593572)
  );
#2995 = CARTESIAN_POINT('',(1.022051361209E-05,4.126811027567,
    4.376010592419));
#2996 = CARTESIAN_POINT('',(1.392801357029,3.85333483844,4.292677930137)
  );
#2997 = CARTESIAN_POINT('',(2.058507490554,3.579861638984,4.251012644944
    ));
#2998 = CARTESIAN_POINT('',(2.66284001672,3.177678178132,4.209347974485)
  );
#2999 = CARTESIAN_POINT('',(3.177666168635,2.662883338933,4.167683308682
    ));
#3000 = CARTESIAN_POINT('',(3.579884973067,2.058489307366,4.126012744816
    ));
#3001 = CARTESIAN_POINT('',(3.853358216841,1.392762591709,4.084338156125
    ));
#3002 = CARTESIAN_POINT('',(3.990073836535,0.696436550762,4.04267922276)
  );
#3003 = CARTESIAN_POINT('',(3.990073722185,-6.629631673282E-07,
    4.001013885066));
#3004 = CARTESIAN_POINT('',(5.12500676688,6.154357068411E-08,
    6.156248711034));
#3005 = CARTESIAN_POINT('',(5.125007641184,-0.894477857405,6.11458187987
    ));
#3006 = CARTESIAN_POINT('',(4.949420086731,-1.788962766508,
    6.072914255989));
#3007 = CARTESIAN_POINT('',(4.598106496821,-2.6440460228,6.031248569868)
  );
#3008 = CARTESIAN_POINT('',(4.081518524916,-3.420281030821,
    5.989582385663));
#3009 = CARTESIAN_POINT('',(3.420270688264,-4.081538622648,
    5.947915471257));
#3010 = CARTESIAN_POINT('',(2.644032233823,-4.598112679505,
    5.906248557545));
#3011 = CARTESIAN_POINT('',(1.788968777249,-4.949376079827,
    5.864581719869));
#3012 = CARTESIAN_POINT('',(9.356660126434E-06,-5.300639649876,
    5.781248303473));
#3013 = CARTESIAN_POINT('',(-1.788963740083,-4.949377550771,
    5.697915176582));
#3014 = CARTESIAN_POINT('',(-2.644040270902,-4.598115560215,
    5.656248639296));
#3015 = CARTESIAN_POINT('',(-3.420295627382,-4.081537249796,
    5.614581981191));
#3016 = CARTESIAN_POINT('',(-4.081545295576,-3.420285703461,
    5.572915213718));
#3017 = CARTESIAN_POINT('',(-4.598117836543,-2.644033908079,
    5.531248457229));
#3018 = CARTESIAN_POINT('',(-4.94937423246,-1.788963771923,
    5.489581784677));
#3019 = CARTESIAN_POINT('',(-5.300631007353,-3.448877077434E-08,
    5.4062484962));
#3020 = CARTESIAN_POINT('',(-4.949373800381,1.788963618108,
    5.322915207723));
#3021 = CARTESIAN_POINT('',(-4.598117431542,2.644033614356,
    5.281248535171));
#3022 = CARTESIAN_POINT('',(-4.08154606447,3.420285670296,5.239581778681
    ));
#3023 = CARTESIAN_POINT('',(-3.420296983636,4.081538198493,
    5.197915011208));
#3024 = CARTESIAN_POINT('',(-2.644040994418,4.598116899494,
    5.156248353103));
#3025 = CARTESIAN_POINT('',(-1.788963980043,4.949377587719,
    5.114581815818));
#3026 = CARTESIAN_POINT('',(9.231356341043E-06,5.300637669688,
    5.031248688925));
#3027 = CARTESIAN_POINT('',(1.788968537288,4.94937494888,4.94791527253)
  );
#3028 = CARTESIAN_POINT('',(2.64403247815,4.59811333156,4.906248434877)
  );
#3029 = CARTESIAN_POINT('',(3.420270739491,4.081541343839,4.864581521078
    ));
#3030 = CARTESIAN_POINT('',(4.081524418319,3.420287055879,4.822914606819
    ));
#3031 = CARTESIAN_POINT('',(4.598107710827,2.64404140193,4.781248422476)
  );
#3032 = CARTESIAN_POINT('',(4.949410592185,1.788962566143,4.739582736427
    ));
#3033 = CARTESIAN_POINT('',(5.12500814462,0.894478001007,4.697915112531)
  );
#3034 = CARTESIAN_POINT('',(5.125009022503,8.205871221378E-08,
    4.656248281364));
#3035 = ADVANCED_FACE('',(#3036),#3047,.F.);
#3036 = FACE_BOUND('',#3037,.T.);
#3037 = EDGE_LOOP('',(#3038,#3039,#3045,#3046));
#3038 = ORIENTED_EDGE('',*,*,#2833,.F.);
#3039 = ORIENTED_EDGE('',*,*,#3040,.T.);
#3040 = EDGE_CURVE('',#2834,#2599,#3041,.T.);
#3041 = LINE('',#3042,#3043);
#3042 = CARTESIAN_POINT('',(4.375,0.,10.));
#3043 = VECTOR('',#3044,1.);
#3044 = DIRECTION('',(-7.105427357601E-17,0.,-1.));
#3045 = ORIENTED_EDGE('',*,*,#2605,.T.);
#3046 = ORIENTED_EDGE('',*,*,#2393,.F.);
#3047 = CYLINDRICAL_SURFACE('',#3048,4.375);
#3048 = AXIS2_PLACEMENT_3D('',#3049,#3050,#3051);
#3049 = CARTESIAN_POINT('',(0.,0.,10.));
#3050 = DIRECTION('',(-0.,-0.,-1.));
#3051 = DIRECTION('',(1.,0.,0.));
#3052 = ADVANCED_FACE('',(#3053,#3064),#3194,.T.);
#3053 = FACE_BOUND('',#3054,.T.);
#3054 = EDGE_LOOP('',(#3055,#3056,#3057,#3058,#3059,#3060,#3061,#3062,
    #3063));
#3055 = ORIENTED_EDGE('',*,*,#2422,.T.);
#3056 = ORIENTED_EDGE('',*,*,#2545,.T.);
#3057 = ORIENTED_EDGE('',*,*,#2528,.T.);
#3058 = ORIENTED_EDGE('',*,*,#2509,.T.);
#3059 = ORIENTED_EDGE('',*,*,#2492,.T.);
#3060 = ORIENTED_EDGE('',*,*,#2474,.T.);
#3061 = ORIENTED_EDGE('',*,*,#2455,.T.);
#3062 = ORIENTED_EDGE('',*,*,#2438,.T.);
#3063 = ORIENTED_EDGE('',*,*,#2413,.T.);
#3064 = FACE_BOUND('',#3065,.T.);
#3065 = EDGE_LOOP('',(#3066,#3077,#3086,#3129,#3154));
#3066 = ORIENTED_EDGE('',*,*,#3067,.F.);
#3067 = EDGE_CURVE('',#3068,#3070,#3072,.T.);
#3068 = VERTEX_POINT('',#3069);
#3069 = CARTESIAN_POINT('',(4.375,0.,10.));
#3070 = VERTEX_POINT('',#3071);
#3071 = CARTESIAN_POINT('',(2.597649170857,3.520347111457,10.));
#3072 = CIRCLE('',#3073,4.375);
#3073 = AXIS2_PLACEMENT_3D('',#3074,#3075,#3076);
#3074 = CARTESIAN_POINT('',(0.,0.,10.));
#3075 = DIRECTION('',(0.,0.,1.));
#3076 = DIRECTION('',(1.,0.,0.));
#3077 = ORIENTED_EDGE('',*,*,#3078,.F.);
#3078 = EDGE_CURVE('',#3079,#3068,#3081,.T.);
#3079 = VERTEX_POINT('',#3080);
#3080 = CARTESIAN_POINT('',(2.597586832393,-3.520393109892,10.));
#3081 = CIRCLE('',#3082,4.375);
#3082 = AXIS2_PLACEMENT_3D('',#3083,#3084,#3085);
#3083 = CARTESIAN_POINT('',(0.,0.,10.));
#3084 = DIRECTION('',(0.,0.,1.));
#3085 = DIRECTION('',(1.,0.,0.));
#3086 = ORIENTED_EDGE('',*,*,#3087,.F.);
#3087 = EDGE_CURVE('',#3088,#3079,#3090,.T.);
#3088 = VERTEX_POINT('',#3089);
#3089 = CARTESIAN_POINT('',(-4.734881602907,-1.961256482455,10.));
#3090 = B_SPLINE_CURVE_WITH_KNOTS('',7,(#3091,#3092,#3093,#3094,#3095,
    #3096,#3097,#3098,#3099,#3100,#3101,#3102,#3103,#3104,#3105,#3106,
    #3107,#3108,#3109,#3110,#3111,#3112,#3113,#3114,#3115,#3116,#3117,
    #3118,#3119,#3120,#3121,#3122,#3123,#3124,#3125,#3126,#3127,#3128),
  .UNSPECIFIED.,.F.,.F.,(8,6,6,6,6,6,8),(0.,0.164868163817,
    0.315045858627,0.45244845639,0.579805576097,0.804620753779,1.),
  .UNSPECIFIED.);
#3091 = CARTESIAN_POINT('',(-4.734881602907,-1.961256482455,10.));
#3092 = CARTESIAN_POINT('',(-4.599233382067,-2.22619226721,10.));
#3093 = CARTESIAN_POINT('',(-4.445602183444,-2.481857493383,10.));
#3094 = CARTESIAN_POINT('',(-4.274648263209,-2.726700357665,10.));
#3095 = CARTESIAN_POINT('',(-4.087192413038,-2.959246794834,10.));
#3096 = CARTESIAN_POINT('',(-3.884205790674,-3.178094117697,10.));
#3097 = CARTESIAN_POINT('',(-3.666816433814,-3.381918851662,10.));
#3098 = CARTESIAN_POINT('',(-3.226385603581,-3.740364491792,10.));
#3099 = CARTESIAN_POINT('',(-3.005555282466,-3.897766492316,10.));
#3100 = CARTESIAN_POINT('',(-2.774828087787,-4.040775881674,10.));
#3101 = CARTESIAN_POINT('',(-2.535279486585,-4.168564116016,10.));
#3102 = CARTESIAN_POINT('',(-2.288069504946,-4.280397047785,10.));
#3103 = CARTESIAN_POINT('',(-2.034444951724,-4.375642069068,10.));
#3104 = CARTESIAN_POINT('',(-1.539057848152,-4.525286981713,10.));
#3105 = CARTESIAN_POINT('',(-1.298105193415,-4.582477187139,10.));
#3106 = CARTESIAN_POINT('',(-1.053918418085,-4.624963932685,10.));
#3107 = CARTESIAN_POINT('',(-0.807561138085,-4.652448177017,10.));
#3108 = CARTESIAN_POINT('',(-0.560131161179,-4.6647225511,10.));
#3109 = CARTESIAN_POINT('',(-0.312760105713,-4.661676963086,10.));
#3110 = CARTESIAN_POINT('',(0.161536679943,-4.626293780904,10.));
#3111 = CARTESIAN_POINT('',(0.388647816034,-4.596113064642,10.));
#3112 = CARTESIAN_POINT('',(0.613789790059,-4.55277163857,10.));
#3113 = CARTESIAN_POINT('',(0.836032775248,-4.496351407148,10.));
#3114 = CARTESIAN_POINT('',(1.054446724765,-4.427013577851,10.));
#3115 = CARTESIAN_POINT('',(1.268103209373,-4.345002762527,10.));
#3116 = CARTESIAN_POINT('',(1.84320570991,-4.084117688979,10.));
#3117 = CARTESIAN_POINT('',(2.192784623905,-3.879074622002,10.));
#3118 = CARTESIAN_POINT('',(2.519543266198,-3.637417054075,10.));
#3119 = CARTESIAN_POINT('',(2.81865723037,-3.36189032621,10.));
#3120 = CARTESIAN_POINT('',(3.085689894495,-3.055964635105,10.));
#3121 = CARTESIAN_POINT('',(3.316612172124,-2.72386385229,10.));
#3122 = CARTESIAN_POINT('',(3.674517017754,-2.063962012931,10.));
#3123 = CARTESIAN_POINT('',(3.811228050012,-1.741148461071,10.));
#3124 = CARTESIAN_POINT('',(3.91599124964,-1.40577610821,10.));
#3125 = CARTESIAN_POINT('',(3.987141123162,-1.061550845442,10.));
#3126 = CARTESIAN_POINT('',(4.023497004168,-0.712438897866,10.));
#3127 = CARTESIAN_POINT('',(4.024422789161,-0.362661942244,10.));
#3128 = CARTESIAN_POINT('',(3.990038706787,-1.671497600281E-02,10.));
#3129 = ORIENTED_EDGE('',*,*,#3130,.F.);
#3130 = EDGE_CURVE('',#3131,#3088,#3133,.T.);
#3131 = VERTEX_POINT('',#3132);
#3132 = CARTESIAN_POINT('',(-4.734885189583,1.961248067646,10.));
#3133 = B_SPLINE_CURVE_WITH_KNOTS('',4,(#3134,#3135,#3136,#3137,#3138,
    #3139,#3140,#3141,#3142,#3143,#3144,#3145,#3146,#3147,#3148,#3149,
    #3150,#3151,#3152,#3153),.UNSPECIFIED.,.F.,.F.,(5,3,3,3,3,3,5),(0.,
    0.235999874552,0.469999958426,0.704000073154,0.938000007384,
    0.968000005599,1.),.UNSPECIFIED.);
#3134 = CARTESIAN_POINT('',(-4.734885189583,1.961248067646,10.));
#3135 = CARTESIAN_POINT('',(-4.825765415579,1.741840748603,10.));
#3136 = CARTESIAN_POINT('',(-4.903090068289,1.516817358239,10.));
#3137 = CARTESIAN_POINT('',(-4.966337111753,1.287438987872,10.));
#3138 = CARTESIAN_POINT('',(-5.063699480706,0.824612725032,10.));
#3139 = CARTESIAN_POINT('',(-5.098057580442,0.591213597264,10.));
#3140 = CARTESIAN_POINT('',(-5.118026090544,0.356145757524,10.));
#3141 = CARTESIAN_POINT('',(-5.129120872305,-0.114667417823,10.));
#3142 = CARTESIAN_POINT('',(-5.120247194866,-0.350414960655,10.));
#3143 = CARTESIAN_POINT('',(-5.096921319648,-0.585173452501,10.));
#3144 = CARTESIAN_POINT('',(-5.021789153471,-1.050085436551,10.));
#3145 = CARTESIAN_POINT('',(-4.969982535521,-1.280241110777,10.));
#3146 = CARTESIAN_POINT('',(-4.904147739164,-1.50678325381,10.));
#3147 = CARTESIAN_POINT('',(-4.81455184052,-1.756879350843,10.));
#3148 = CARTESIAN_POINT('',(-4.804147276712,-1.785219403522,10.));
#3149 = CARTESIAN_POINT('',(-4.793520445185,-1.813476862448,10.));
#3150 = CARTESIAN_POINT('',(-4.771101048998,-1.871699526055,10.));
#3151 = CARTESIAN_POINT('',(-4.759277999093,-1.901652992091,10.));
#3152 = CARTESIAN_POINT('',(-4.747204417989,-1.931506354972,10.));
#3153 = CARTESIAN_POINT('',(-4.734881602907,-1.961256482455,10.));
#3154 = ORIENTED_EDGE('',*,*,#3155,.F.);
#3155 = EDGE_CURVE('',#3070,#3131,#3156,.T.);
#3156 = B_SPLINE_CURVE_WITH_KNOTS('',6,(#3157,#3158,#3159,#3160,#3161,
    #3162,#3163,#3164,#3165,#3166,#3167,#3168,#3169,#3170,#3171,#3172,
    #3173,#3174,#3175,#3176,#3177,#3178,#3179,#3180,#3181,#3182,#3183,
    #3184,#3185,#3186,#3187,#3188,#3189,#3190,#3191,#3192,#3193),
  .UNSPECIFIED.,.F.,.F.,(7,5,5,5,5,5,5,7),(0.,0.194453456783,
    0.303334272807,0.420221459569,0.546555258366,0.684968847216,
    0.835139546039,1.),.UNSPECIFIED.);
#3157 = CARTESIAN_POINT('',(3.990044052772,1.665679924405E-02,10.));
#3158 = CARTESIAN_POINT('',(4.029971699193,0.418335634047,10.));
#3159 = CARTESIAN_POINT('',(4.020933073532,0.825325145858,10.));
#3160 = CARTESIAN_POINT('',(3.962728373732,1.22987286637,10.));
#3161 = CARTESIAN_POINT('',(3.856877321086,1.624850139549,10.));
#3162 = CARTESIAN_POINT('',(3.705911166932,2.003692151234,10.));
#3163 = CARTESIAN_POINT('',(3.406044133002,2.56027541418,10.));
#3164 = CARTESIAN_POINT('',(3.285448738967,2.753187523935,10.));
#3165 = CARTESIAN_POINT('',(3.152544856497,2.938218907037,10.));
#3166 = CARTESIAN_POINT('',(3.008069237182,3.114461715433,10.));
#3167 = CARTESIAN_POINT('',(2.852835963161,3.281105413835,10.));
#3168 = CARTESIAN_POINT('',(2.510478410289,3.605255446567,10.));
#3169 = CARTESIAN_POINT('',(2.321840328772,3.76119637445,10.));
#3170 = CARTESIAN_POINT('',(2.122905762979,3.90437051056,10.));
#3171 = CARTESIAN_POINT('',(1.914828182918,4.034043150235,10.));
#3172 = CARTESIAN_POINT('',(1.698813364333,4.149621855504,10.));
#3173 = CARTESIAN_POINT('',(1.235409321254,4.359839646366,10.));
#3174 = CARTESIAN_POINT('',(0.986882008547,4.452038196073,10.));
#3175 = CARTESIAN_POINT('',(0.732105245104,4.52666477472,10.));
#3176 = CARTESIAN_POINT('',(0.472668117213,4.583353554716,10.));
#3177 = CARTESIAN_POINT('',(0.21015932184,4.621914852853,10.));
#3178 = CARTESIAN_POINT('',(-0.343066413079,4.664728173998,10.));
#3179 = CARTESIAN_POINT('',(-0.634101674345,4.665348649887,10.));
#3180 = CARTESIAN_POINT('',(-0.92485090235,4.64419549491,10.));
#3181 = CARTESIAN_POINT('',(-1.213308816763,4.601529623432,10.));
#3182 = CARTESIAN_POINT('',(-1.497550517287,4.537827002507,10.));
#3183 = CARTESIAN_POINT('',(-2.077550957109,4.362624311196,10.));
#3184 = CARTESIAN_POINT('',(-2.372264840591,4.247515416082,10.));
#3185 = CARTESIAN_POINT('',(-2.657528398866,4.109361858149,10.));
#3186 = CARTESIAN_POINT('',(-2.93121539619,3.949341756361,10.));
#3187 = CARTESIAN_POINT('',(-3.191391881209,3.768846574199,10.));
#3188 = CARTESIAN_POINT('',(-3.705230755719,3.350657293603,10.));
#3189 = CARTESIAN_POINT('',(-3.955797494934,3.109069616611,10.));
#3190 = CARTESIAN_POINT('',(-4.185742276325,2.846877863646,10.));
#3191 = CARTESIAN_POINT('',(-4.393196079131,2.566457245721,10.));
#3192 = CARTESIAN_POINT('',(-4.576628880396,2.270342091713,10.));
#3193 = CARTESIAN_POINT('',(-4.734885233727,1.961248098604,10.));
#3194 = PLANE('',#3195);
#3195 = AXIS2_PLACEMENT_3D('',#3196,#3197,#3198);
#3196 = CARTESIAN_POINT('',(-9.7E-16,5.E-17,10.));
#3197 = DIRECTION('',(0.,0.,1.));
#3198 = DIRECTION('',(1.,0.,0.));
#3199 = ADVANCED_FACE('',(#3200),#3341,.F.);
#3200 = FACE_BOUND('',#3201,.F.);
#3201 = EDGE_LOOP('',(#3202,#3237,#3244,#3340));
#3202 = ORIENTED_EDGE('',*,*,#3203,.F.);
#3203 = EDGE_CURVE('',#3204,#2564,#3206,.T.);
#3204 = VERTEX_POINT('',#3205);
#3205 = CARTESIAN_POINT('',(5.125008700276,6.154404429736E-08,
    6.343748711024));
#3206 = B_SPLINE_CURVE_WITH_KNOTS('',11,(#3207,#3208,#3209,#3210,#3211,
    #3212,#3213,#3214,#3215,#3216,#3217,#3218,#3219,#3220,#3221,#3222,
    #3223,#3224,#3225,#3226,#3227,#3228,#3229,#3230,#3231,#3232,#3233,
    #3234,#3235,#3236),.UNSPECIFIED.,.F.,.F.,(12,9,9,12),(0.,
    1.614938419963,3.229876839926,6.459753679852),.UNSPECIFIED.);
#3207 = CARTESIAN_POINT('',(5.125008700276,6.154404363912E-08,
    6.343748711024));
#3208 = CARTESIAN_POINT('',(5.125009617489,-0.731845830538,
    6.309657667342));
#3209 = CARTESIAN_POINT('',(5.010080647249,-1.463696329851,
    6.275566104783));
#3210 = CARTESIAN_POINT('',(4.780149629609,-2.175489116956,
    6.241475413424));
#3211 = CARTESIAN_POINT('',(4.439190616116,-2.847146133872,6.20738501074
    ));
#3212 = CARTESIAN_POINT('',(3.995104543359,-3.459491455687,
    6.173294351582));
#3213 = CARTESIAN_POINT('',(3.45947800957,-3.995119507304,6.139203372687
    ));
#3214 = CARTESIAN_POINT('',(2.847135757855,-4.439196742975,
    6.105112269565));
#3215 = CARTESIAN_POINT('',(2.175484944268,-4.780133139319,
    6.071021198591));
#3216 = CARTESIAN_POINT('',(1.463704021492,-5.010051277629,
    6.036930190915));
#3217 = CARTESIAN_POINT('',(8.175293115183E-06,-5.239969532194,
    5.968748328459));
#3218 = CARTESIAN_POINT('',(-1.463696599281,-5.010052332903,
    5.900566655501));
#3219 = CARTESIAN_POINT('',(-2.175486160739,-4.780135143102,
    5.866475842865));
#3220 = CARTESIAN_POINT('',(-2.847148744164,-4.43919785151,5.83238499208
    ));
#3221 = CARTESIAN_POINT('',(-3.459500492598,-3.995120885226,
    5.798294073337));
#3222 = CARTESIAN_POINT('',(-3.995128427108,-3.459491824062,
    5.76420310366));
#3223 = CARTESIAN_POINT('',(-4.43920188717,-2.847141839618,
    5.730112127229));
#3224 = CARTESIAN_POINT('',(-4.780134695389,-2.175483254912,
    5.696021182823));
#3225 = CARTESIAN_POINT('',(-5.010048116646,-1.463698282253,
    5.661930277667));
#3226 = CARTESIAN_POINT('',(-5.354918418936,0.731849091944,
    5.559657605446));
#3227 = CARTESIAN_POINT('',(-4.665176765311,2.927396301356,
    5.457384933226));
#3228 = CARTESIAN_POINT('',(-3.74551894069,4.230583479537,5.389202904925
    ));
#3229 = CARTESIAN_POINT('',(-2.42907902699,5.212754024173,5.321021438611
    ));
#3230 = CARTESIAN_POINT('',(-0.841780586392,5.741680431303,
    5.252837204366));
#3231 = CARTESIAN_POINT('',(0.841834351869,5.741640333492,5.184660864148
    ));
#3232 = CARTESIAN_POINT('',(2.429114415745,5.212739658465,5.116476660473
    ));
#3233 = CARTESIAN_POINT('',(3.74534019177,4.230606363921,5.048289541615)
  );
#3234 = CARTESIAN_POINT('',(4.66526061272,2.927400925119,4.980114531634)
  );
#3235 = CARTESIAN_POINT('',(5.125009760082,1.463691866224,4.911930368717
    ));
#3236 = CARTESIAN_POINT('',(5.125011600364,8.205955381868E-08,
    4.843748281346));
#3237 = ORIENTED_EDGE('',*,*,#3238,.T.);
#3238 = EDGE_CURVE('',#3204,#3239,#3241,.T.);
#3239 = VERTEX_POINT('',#3240);
#3240 = CARTESIAN_POINT('',(4.375,-1.538564062412E-07,6.776776756046));
#3241 = B_SPLINE_CURVE_WITH_KNOTS('',1,(#3242,#3243),.UNSPECIFIED.,.F.,
  .F.,(2,2),(0.,1.3105),.PIECEWISE_BEZIER_KNOTS.);
#3242 = CARTESIAN_POINT('',(5.125008700276,6.154404180692E-08,
    6.343748711024));
#3243 = CARTESIAN_POINT('',(3.990089165253,-4.972185661733E-07,
    6.999010413721));
#3244 = ORIENTED_EDGE('',*,*,#3245,.T.);
#3245 = EDGE_CURVE('',#3239,#2599,#3246,.T.);
#3246 = B_SPLINE_CURVE_WITH_KNOTS('',8,(#3247,#3248,#3249,#3250,#3251,
    #3252,#3253,#3254,#3255,#3256,#3257,#3258,#3259,#3260,#3261,#3262,
    #3263,#3264,#3265,#3266,#3267,#3268,#3269,#3270,#3271,#3272,#3273,
    #3274,#3275,#3276,#3277,#3278,#3279,#3280,#3281,#3282,#3283,#3284,
    #3285,#3286,#3287,#3288,#3289,#3290,#3291,#3292,#3293,#3294,#3295,
    #3296,#3297,#3298,#3299,#3300,#3301,#3302,#3303,#3304,#3305,#3306,
    #3307,#3308,#3309,#3310,#3311,#3312,#3313,#3314,#3315,#3316,#3317,
    #3318,#3319,#3320,#3321,#3322,#3323,#3324,#3325,#3326,#3327,#3328,
    #3329,#3330,#3331,#3332,#3333,#3334,#3335,#3336,#3337,#3338,#3339),
  .UNSPECIFIED.,.F.,.F.,(9,7,7,7,7,7,7,7,7,7,7,7,7,9),(0.,
    4.742205178933E-02,0.134048381523,0.22573740859,0.287081733404,
    0.379893998873,0.481473124421,0.505392471264,0.630373374585,
    0.746394703634,0.804202025787,0.867948695714,0.959363867726,1.),
  .UNSPECIFIED.);
#3247 = CARTESIAN_POINT('',(4.375,-3.077128107876E-07,6.776776747651));
#3248 = CARTESIAN_POINT('',(4.37499998854,-0.162935039445,6.767886482063
    ));
#3249 = CARTESIAN_POINT('',(4.368064917459,-0.325871668504,
    6.758997308303));
#3250 = CARTESIAN_POINT('',(4.354194961748,-0.488462985111,
    6.750108465988));
#3251 = CARTESIAN_POINT('',(4.333410682834,-0.650364402922,
    6.741219432185));
#3252 = CARTESIAN_POINT('',(4.305752994059,-0.81123417509,6.732329900119
    ));
#3253 = CARTESIAN_POINT('',(4.271283126162,-0.970733610321,
    6.723439757888));
#3254 = CARTESIAN_POINT('',(4.230082592762,-1.128527288933,6.71454906717
    ));
#3255 = CARTESIAN_POINT('',(4.094882651654,-1.568804282061,
    6.689416718458));
#3256 = CARTESIAN_POINT('',(3.985378756166,-1.846571371263,
    6.673171727342));
#3257 = CARTESIAN_POINT('',(3.854365625276,-2.115516257385,
    6.656926810932));
#3258 = CARTESIAN_POINT('',(3.702691438609,-2.373702323723,
    6.640683116658));
#3259 = CARTESIAN_POINT('',(3.531396201305,-2.619309937981,
    6.624440086148));
#3260 = CARTESIAN_POINT('',(3.341699216445,-2.850634377343,
    6.608196684146));
#3261 = CARTESIAN_POINT('',(3.135006228136,-3.066096366646,6.59195296723
    ));
#3262 = CARTESIAN_POINT('',(2.677887819199,-3.474015663488,
    6.558521847137));
#3263 = CARTESIAN_POINT('',(2.425537738221,-3.664459254794,
    6.541329392626));
#3264 = CARTESIAN_POINT('',(2.157794426374,-3.83387335595,6.524138610272
    ));
#3265 = CARTESIAN_POINT('',(1.876719687867,-3.980828356665,
    6.506949487926));
#3266 = CARTESIAN_POINT('',(1.584501536622,-4.104146249319,
    6.489760135867));
#3267 = CARTESIAN_POINT('',(1.283440987749,-4.202888768839,
    6.472568814611));
#3268 = CARTESIAN_POINT('',(0.975952800897,-4.276375107103,
    6.455375874497));
#3269 = CARTESIAN_POINT('',(0.456257063346,-4.35624586981,6.426684499614
    ));
#3270 = CARTESIAN_POINT('',(0.246163876401,-4.376793792025,
    6.415182888923));
#3271 = CARTESIAN_POINT('',(3.504788287791E-02,-4.385756724157,
    6.403681381625));
#3272 = CARTESIAN_POINT('',(-0.176344638491,-4.383079934545,
    6.392180058538));
#3273 = CARTESIAN_POINT('',(-0.387268961933,-4.368765636292,
    6.38067873514));
#3274 = CARTESIAN_POINT('',(-0.596982594012,-4.342871445037,
    6.369177222057));
#3275 = CARTESIAN_POINT('',(-0.804746068882,-4.305511862428,
    6.357675585543));
#3276 = CARTESIAN_POINT('',(-1.320100880127,-4.183258078193,
    6.32877344461));
#3277 = CARTESIAN_POINT('',(-1.624302547204,-4.083793413431,
    6.311369539629));
#3278 = CARTESIAN_POINT('',(-1.919828760138,-3.959069444994,
    6.293967187977));
#3279 = CARTESIAN_POINT('',(-2.204240797476,-3.809995488665,
    6.27656669534));
#3280 = CARTESIAN_POINT('',(-2.475241423442,-3.637740143705,
    6.25916625088));
#3281 = CARTESIAN_POINT('',(-2.73067251498,-3.443712388366,6.24176401718
    ));
#3282 = CARTESIAN_POINT('',(-2.968530209256,-3.229573149214,
    6.224360237389));
#3283 = CARTESIAN_POINT('',(-3.426100921947,-2.743039344474,
    6.187914829795));
#3284 = CARTESIAN_POINT('',(-3.642087050818,-2.466936323133,
    6.168865255136));
#3285 = CARTESIAN_POINT('',(-3.832523862689,-2.17151556971,
    6.149817544886));
#3286 = CARTESIAN_POINT('',(-3.995432883587,-1.859562710692,
    6.130772272779));
#3287 = CARTESIAN_POINT('',(-4.12921317084,-1.53405268719,6.11172686887)
  );
#3288 = CARTESIAN_POINT('',(-4.232619418788,-1.198125959238,
    6.092678802035));
#3289 = CARTESIAN_POINT('',(-4.304794260422,-0.855089936834,
    6.073628753083));
#3290 = CARTESIAN_POINT('',(-4.354905750684,-0.426819563687,
    6.050099162664));
#3291 = CARTESIAN_POINT('',(-4.362704376977,-0.344988393317,
    6.045614561306));
#3292 = CARTESIAN_POINT('',(-4.368745499387,-0.262996102516,
    6.041129974943));
#3293 = CARTESIAN_POINT('',(-4.373025301141,-0.180886732655,
    6.036645404401));
#3294 = CARTESIAN_POINT('',(-4.375541293158,-9.870439057489E-02,
    6.032160850792));
#3295 = CARTESIAN_POINT('',(-4.376292314046,-1.649324858152E-02,
    6.027676315519));
#3296 = CARTESIAN_POINT('',(-4.375278530107,6.570245555165E-02,
    6.023191800274));
#3297 = CARTESIAN_POINT('',(-4.357990846241,0.57700677849,5.995275395654
    ));
#3298 = CARTESIAN_POINT('',(-4.295330430752,1.004799444958,
    5.971830238248));
#3299 = CARTESIAN_POINT('',(-4.18464800745,1.424521881116,5.948393055048
    ));
#3300 = CARTESIAN_POINT('',(-4.02728952905,1.829923248239,5.924961854084
    ));
#3301 = CARTESIAN_POINT('',(-3.825423824698,2.215101330162,
    5.901530665196));
#3302 = CARTESIAN_POINT('',(-3.582070211652,2.574540388094,
    5.878093384098));
#3303 = CARTESIAN_POINT('',(-3.301051799226,2.903115214078,
    5.854648107115));
#3304 = CARTESIAN_POINT('',(-2.696092552547,3.468517799044,5.8094638939)
  );
#3305 = CARTESIAN_POINT('',(-2.376387155874,3.710500288861,
    5.787701822722));
#3306 = CARTESIAN_POINT('',(-2.032047877274,3.918607071425,
    5.765944356665));
#3307 = CARTESIAN_POINT('',(-1.667317640022,4.089987213057,
    5.744190902081));
#3308 = CARTESIAN_POINT('',(-1.286720727383,4.222445958068,
    5.722437514399));
#3309 = CARTESIAN_POINT('',(-0.895026396672,4.314389440153,
    5.700680198655));
#3310 = CARTESIAN_POINT('',(-0.497261521435,4.364889669525,
    5.678918239019));
#3311 = CARTESIAN_POINT('',(9.983266675302E-02,4.378368061925,
    5.646327988238));
#3312 = CARTESIAN_POINT('',(0.298636473498,4.372548192187,5.635489746669
    ));
#3313 = CARTESIAN_POINT('',(0.497046689418,4.356410933929,5.624651695353
    ));
#3314 = CARTESIAN_POINT('',(0.694438232943,4.329988772389,5.613813845483
    ));
#3315 = CARTESIAN_POINT('',(0.89019261992,4.293358673522,5.602976004284)
  );
#3316 = CARTESIAN_POINT('',(1.083698326153,4.246640946522,5.592137984055
    ));
#3317 = CARTESIAN_POINT('',(1.274351483399,4.190000205941,5.581299804758
    ));
#3318 = CARTESIAN_POINT('',(1.667996543446,4.05047942321,5.558510446311)
  );
#3319 = CARTESIAN_POINT('',(1.870258282956,3.965496156625,5.546558480448
    ));
#3320 = CARTESIAN_POINT('',(2.067540752947,3.868980831451,5.534606683148
    ));
#3321 = CARTESIAN_POINT('',(2.25907813422,3.761278375308,5.522655112583)
  );
#3322 = CARTESIAN_POINT('',(2.444138005144,3.64279108427,5.510703518579)
  );
#3323 = CARTESIAN_POINT('',(2.622021141947,3.513976522797,5.498751662463
    ));
#3324 = CARTESIAN_POINT('',(2.792063276943,3.375348684973,5.486799632725
    ));
#3325 = CARTESIAN_POINT('',(3.185344339011,3.015436511978,5.457709280674
    ));
#3326 = CARTESIAN_POINT('',(3.399691466117,2.784343505456,5.44056770306)
  );
#3327 = CARTESIAN_POINT('',(3.59479126384,2.535912551726,5.423427597049)
  );
#3328 = CARTESIAN_POINT('',(3.769027175923,2.272032864708,5.40628943971)
  );
#3329 = CARTESIAN_POINT('',(3.921017299477,1.994743071765,5.389151570973
    ));
#3330 = CARTESIAN_POINT('',(4.04960415594,1.706217109871,5.372012034698)
  );
#3331 = CARTESIAN_POINT('',(4.153871955561,1.408766664159,5.354870701615
    ));
#3332 = CARTESIAN_POINT('',(4.268450640636,0.969766760252,5.330112984861
    ));
#3333 = CARTESIAN_POINT('',(4.298782980963,0.833386541895,5.322494138079
    ));
#3334 = CARTESIAN_POINT('',(4.324133400916,0.695930409349,5.314875208349
    ));
#3335 = CARTESIAN_POINT('',(4.344457878166,0.557610883228,5.307256221915
    ));
#3336 = CARTESIAN_POINT('',(4.359723356501,0.418641992186,5.299637208647
    ));
#3337 = CARTESIAN_POINT('',(4.369907758796,0.279239175937,5.292018253997
    ));
#3338 = CARTESIAN_POINT('',(4.374999999978,0.139619188257,5.284399550955
    ));
#3339 = CARTESIAN_POINT('',(4.375,-8.881784197001E-16,5.276781452013));
#3340 = ORIENTED_EDGE('',*,*,#2598,.F.);
#3341 = B_SPLINE_SURFACE_WITH_KNOTS('',1,9,(
    (#3342,#3343,#3344,#3345,#3346,#3347,#3348,#3349,#3350,#3351,#3352
      ,#3353,#3354,#3355,#3356,#3357,#3358,#3359,#3360,#3361,#3362,#3363
      ,#3364,#3365,#3366,#3367,#3368,#3369,#3370,#3371,#3372)
    ,(#3373,#3374,#3375,#3376,#3377,#3378,#3379,#3380,#3381,#3382,#3383
      ,#3384,#3385,#3386,#3387,#3388,#3389,#3390,#3391,#3392,#3393,#3394
      ,#3395,#3396,#3397,#3398,#3399,#3400,#3401,#3402,#3403
  )),.UNSPECIFIED.,.F.,.F.,.F.,(2,2),(10,7,7,7,10),(0.,1.3105),(0.,
    1.614938419963,3.229876839926,4.844815259889,6.459753679852),
  .UNSPECIFIED.);
#3342 = CARTESIAN_POINT('',(5.125008700276,6.154404363912E-08,
    6.343748711024));
#3343 = CARTESIAN_POINT('',(5.125009821314,-0.894478251001,
    6.302081879857));
#3344 = CARTESIAN_POINT('',(4.949423614299,-1.788963602372,
    6.260414255961));
#3345 = CARTESIAN_POINT('',(4.598108336477,-2.644047865092,
    6.218748569847));
#3346 = CARTESIAN_POINT('',(4.08151946568,-3.420281691731,6.177082385671
    ));
#3347 = CARTESIAN_POINT('',(3.420272169968,-4.081540043979,
    6.135415471239));
#3348 = CARTESIAN_POINT('',(2.644033344219,-4.598114620664,
    6.093748557536));
#3349 = CARTESIAN_POINT('',(1.788969579083,-4.949378426882,
    6.052081719853));
#3350 = CARTESIAN_POINT('',(9.353343027601E-06,-5.300642265688,
    5.968748303456));
#3351 = CARTESIAN_POINT('',(-1.788964512972,-4.949379716662,
    5.885415176569));
#3352 = CARTESIAN_POINT('',(-2.644041349636,-4.59811738204,
    5.843748639286));
#3353 = CARTESIAN_POINT('',(-3.42029695531,-4.081538896958,5.80208198118
    ));
#3354 = CARTESIAN_POINT('',(-4.081546995806,-3.420287197203,
    5.760415213706));
#3355 = CARTESIAN_POINT('',(-4.598119928723,-2.644035095319,
    5.718748457215));
#3356 = CARTESIAN_POINT('',(-4.949376479678,-1.788964561437,
    5.677081784662));
#3357 = CARTESIAN_POINT('',(-5.300633340279,-2.312575676766E-08,
    5.593748496186));
#3358 = CARTESIAN_POINT('',(-4.949375909826,1.788964403297,5.51041520771
    ));
#3359 = CARTESIAN_POINT('',(-4.59811938684,2.644034754485,5.468748535159
    ));
#3360 = CARTESIAN_POINT('',(-4.081547957005,3.420287187237,
    5.427081778667));
#3361 = CARTESIAN_POINT('',(-3.420298666392,4.081540144093,
    5.385415011192));
#3362 = CARTESIAN_POINT('',(-2.644042243062,4.598119125138,
    5.343748353087));
#3363 = CARTESIAN_POINT('',(-1.78896478187,4.949379778488,5.302081815805
    ));
#3364 = CARTESIAN_POINT('',(9.234672115998E-06,5.300639719731,
    5.218748688915));
#3365 = CARTESIAN_POINT('',(1.788969310184,4.949376958484,5.135415272519
    ));
#3366 = CARTESIAN_POINT('',(2.644033695164,4.598115437854,5.093748434866
    ));
#3367 = CARTESIAN_POINT('',(3.420272268506,4.081543515272,5.052081521049
    ));
#3368 = CARTESIAN_POINT('',(4.081527070297,3.420289405565,5.010414606808
    ));
#3369 = CARTESIAN_POINT('',(4.59810991851,2.64404188716,4.968748422453)
  );
#3370 = CARTESIAN_POINT('',(4.949411421343,1.788963305136,4.927082736432
    ));
#3371 = CARTESIAN_POINT('',(5.125010475748,0.894478394604,4.885415112517
    ));
#3372 = CARTESIAN_POINT('',(5.125011600364,8.205955376283E-08,
    4.843748281346));
#3373 = CARTESIAN_POINT('',(3.990089165253,-4.972185649876E-07,
    6.999010413721));
#3374 = CARTESIAN_POINT('',(3.990091051054,-0.696440855519,
    6.957345076007));
#3375 = CARTESIAN_POINT('',(3.85338600931,-1.392770390664,6.91568614252)
  );
#3376 = CARTESIAN_POINT('',(3.579899070123,-2.058505074249,
    6.874011553891));
#3377 = CARTESIAN_POINT('',(3.177672901226,-2.662889534015,
    6.832340990251));
#3378 = CARTESIAN_POINT('',(2.662850930316,-3.177690303851,
    6.790676324243));
#3379 = CARTESIAN_POINT('',(2.058515320392,-3.579877745213,
    6.749011653848));
#3380 = CARTESIAN_POINT('',(1.392806642881,-3.853353996643,
    6.707346368605));
#3381 = CARTESIAN_POINT('',(8.99403213285E-06,-4.126831929218,
    6.62401370631));
#3382 = CARTESIAN_POINT('',(-1.392806198592,-3.853353707614,
    6.54067870519));
#3383 = CARTESIAN_POINT('',(-2.058532051482,-3.579875307378,
    6.499010993286));
#3384 = CARTESIAN_POINT('',(-2.662884652495,-3.177689959419,
    6.457344257445));
#3385 = CARTESIAN_POINT('',(-3.177698214963,-2.662874810782,
    6.415678405177));
#3386 = CARTESIAN_POINT('',(-3.579877277314,-2.058527350798,
    6.374012464162));
#3387 = CARTESIAN_POINT('',(-3.853350429942,-1.392808535961,
    6.332345845044));
#3388 = CARTESIAN_POINT('',(-4.126823040492,6.908162424819E-07,
    6.249012149325));
#3389 = CARTESIAN_POINT('',(-3.853348923511,1.392809621811,
    6.165678453606));
#3390 = CARTESIAN_POINT('',(-3.579875584441,2.058528015072,
    6.124011834489));
#3391 = CARTESIAN_POINT('',(-3.177698978105,2.662875920222,
    6.082345893473));
#3392 = CARTESIAN_POINT('',(-2.662886565275,3.177693119627,
    6.040680041203));
#3393 = CARTESIAN_POINT('',(-2.05853236895,3.579879134344,5.999013305364
    ));
#3394 = CARTESIAN_POINT('',(-1.392805309518,3.853354311487,
    5.957345593462));
#3395 = CARTESIAN_POINT('',(1.024700468324E-05,4.126827406044,
    5.874010592337));
#3396 = CARTESIAN_POINT('',(1.392807531953,3.853350893839,5.790677930043
    ));
#3397 = CARTESIAN_POINT('',(2.058517213679,3.579878466869,5.749012644852
    ));
#3398 = CARTESIAN_POINT('',(2.662852232527,3.177695526443,5.707347974257
    ));
#3399 = CARTESIAN_POINT('',(3.177687356172,2.662902111351,5.665683308587
    ));
#3400 = CARTESIAN_POINT('',(3.579902610983,2.058493184035,5.624012744632
    ));
#3401 = CARTESIAN_POINT('',(3.853364841256,1.39276849577,5.582338156165)
  );
#3402 = CARTESIAN_POINT('',(3.990092460692,0.696439695344,5.540679222645
    ));
#3403 = CARTESIAN_POINT('',(3.990094317578,-6.629564491467E-07,
    5.499013884924));
#3404 = ADVANCED_FACE('',(#3405),#3415,.F.);
#3405 = FACE_BOUND('',#3406,.F.);
#3406 = EDGE_LOOP('',(#3407,#3408,#3413,#3414));
#3407 = ORIENTED_EDGE('',*,*,#2938,.F.);
#3408 = ORIENTED_EDGE('',*,*,#3409,.T.);
#3409 = EDGE_CURVE('',#2932,#3204,#3410,.T.);
#3410 = B_SPLINE_CURVE_WITH_KNOTS('',1,(#3411,#3412),.UNSPECIFIED.,.F.,
  .F.,(2,2),(0.,0.1875),.PIECEWISE_BEZIER_KNOTS.);
#3411 = CARTESIAN_POINT('',(5.12500676688,6.154356846366E-08,
    6.156248711034));
#3412 = CARTESIAN_POINT('',(5.125008700276,6.154404186276E-08,
    6.343748711024));
#3413 = ORIENTED_EDGE('',*,*,#3203,.T.);
#3414 = ORIENTED_EDGE('',*,*,#2762,.F.);
#3415 = B_SPLINE_SURFACE_WITH_KNOTS('',1,11,(
    (#3416,#3417,#3418,#3419,#3420,#3421,#3422,#3423,#3424,#3425,#3426
      ,#3427,#3428,#3429,#3430,#3431,#3432,#3433,#3434,#3435,#3436,#3437
      ,#3438,#3439,#3440,#3441,#3442,#3443,#3444,#3445)
    ,(#3446,#3447,#3448,#3449,#3450,#3451,#3452,#3453,#3454,#3455,#3456
      ,#3457,#3458,#3459,#3460,#3461,#3462,#3463,#3464,#3465,#3466,#3467
      ,#3468,#3469,#3470,#3471,#3472,#3473,#3474,#3475
  )),.UNSPECIFIED.,.F.,.F.,.F.,(2,2),(12,9,9,12),(0.,0.1875),(0.,
    1.614938419963,3.229876839926,6.459753679852),.UNSPECIFIED.);
#3416 = CARTESIAN_POINT('',(5.12500676688,6.154356979593E-08,
    6.156248711034));
#3417 = CARTESIAN_POINT('',(5.12500748222,-0.731845508505,6.122157667354
    ));
#3418 = CARTESIAN_POINT('',(5.010077589645,-1.463695653927,
    6.088066104805));
#3419 = CARTESIAN_POINT('',(4.780147034838,-2.175487792853,
    6.053975413447));
#3420 = CARTESIAN_POINT('',(4.439188935538,-2.847144852445,
    6.019885010749));
#3421 = CARTESIAN_POINT('',(3.995103291632,-3.459490372593,
    5.985794351587));
#3422 = CARTESIAN_POINT('',(3.459476742905,-3.995118198847,
    5.951703372694));
#3423 = CARTESIAN_POINT('',(2.847134539348,-4.439194956016,
    5.917612269578));
#3424 = CARTESIAN_POINT('',(2.175484007306,-4.780130991573,
    5.883521198603));
#3425 = CARTESIAN_POINT('',(1.463703365887,-5.010048884977,
    5.849430190931));
#3426 = CARTESIAN_POINT('',(8.175537410458E-06,-5.239966978449,
    5.781248328476));
#3427 = CARTESIAN_POINT('',(-1.463695966475,-5.010050088475,
    5.713066655515));
#3428 = CARTESIAN_POINT('',(-2.175485253135,-4.780133140101,
    5.678975842878));
#3429 = CARTESIAN_POINT('',(-2.847147603647,-4.43919605884,
    5.644884992089));
#3430 = CARTESIAN_POINT('',(-3.459499108442,-3.995119248148,
    5.610794073352));
#3431 = CARTESIAN_POINT('',(-3.995126757149,-3.459490344206,
    5.576703103669));
#3432 = CARTESIAN_POINT('',(-4.439199927731,-2.847140578738,
    5.542612127245));
#3433 = CARTESIAN_POINT('',(-4.780132524762,-2.175482284762,
    5.508521182836));
#3434 = CARTESIAN_POINT('',(-5.01004585525,-1.46369763823,5.474430277681
    ));
#3435 = CARTESIAN_POINT('',(-5.354916090299,0.731848756392,
    5.372157605459));
#3436 = CARTESIAN_POINT('',(-4.665174824783,2.927395026069,
    5.269884933239));
#3437 = CARTESIAN_POINT('',(-3.745517811031,4.230581083791,
    5.201702904937));
#3438 = CARTESIAN_POINT('',(-2.429074860826,5.212754918599,5.13352143864
    ));
#3439 = CARTESIAN_POINT('',(-0.84178432843,5.741667423333,5.065337204377
    ));
#3440 = CARTESIAN_POINT('',(0.841834573444,5.741653991508,4.997160864159
    ));
#3441 = CARTESIAN_POINT('',(2.429118743668,5.212726324143,4.928976660423
    ));
#3442 = CARTESIAN_POINT('',(3.745330956823,4.230607019291,4.860789541731
    ));
#3443 = CARTESIAN_POINT('',(4.665262128788,2.927399763183,4.7926145316)
  );
#3444 = CARTESIAN_POINT('',(5.125007585967,1.463691222156,4.724430368729
    ));
#3445 = CARTESIAN_POINT('',(5.125009022503,8.205871271372E-08,
    4.656248281364));
#3446 = CARTESIAN_POINT('',(5.125008700276,6.154404363912E-08,
    6.343748711024));
#3447 = CARTESIAN_POINT('',(5.125009617489,-0.731845830538,
    6.309657667342));
#3448 = CARTESIAN_POINT('',(5.010080647249,-1.463696329851,
    6.275566104783));
#3449 = CARTESIAN_POINT('',(4.780149629609,-2.175489116956,
    6.241475413424));
#3450 = CARTESIAN_POINT('',(4.439190616116,-2.847146133872,6.20738501074
    ));
#3451 = CARTESIAN_POINT('',(3.995104543359,-3.459491455687,
    6.173294351582));
#3452 = CARTESIAN_POINT('',(3.45947800957,-3.995119507304,6.139203372687
    ));
#3453 = CARTESIAN_POINT('',(2.847135757855,-4.439196742975,
    6.105112269565));
#3454 = CARTESIAN_POINT('',(2.175484944268,-4.780133139319,
    6.071021198591));
#3455 = CARTESIAN_POINT('',(1.463704021492,-5.010051277629,
    6.036930190915));
#3456 = CARTESIAN_POINT('',(8.175293115183E-06,-5.239969532194,
    5.968748328459));
#3457 = CARTESIAN_POINT('',(-1.463696599281,-5.010052332903,
    5.900566655501));
#3458 = CARTESIAN_POINT('',(-2.175486160739,-4.780135143102,
    5.866475842865));
#3459 = CARTESIAN_POINT('',(-2.847148744164,-4.43919785151,5.83238499208
    ));
#3460 = CARTESIAN_POINT('',(-3.459500492598,-3.995120885226,
    5.798294073337));
#3461 = CARTESIAN_POINT('',(-3.995128427108,-3.459491824062,
    5.76420310366));
#3462 = CARTESIAN_POINT('',(-4.43920188717,-2.847141839618,
    5.730112127229));
#3463 = CARTESIAN_POINT('',(-4.780134695389,-2.175483254912,
    5.696021182823));
#3464 = CARTESIAN_POINT('',(-5.010048116646,-1.463698282253,
    5.661930277667));
#3465 = CARTESIAN_POINT('',(-5.354918418936,0.731849091944,
    5.559657605446));
#3466 = CARTESIAN_POINT('',(-4.665176765311,2.927396301356,
    5.457384933226));
#3467 = CARTESIAN_POINT('',(-3.74551894069,4.230583479537,5.389202904925
    ));
#3468 = CARTESIAN_POINT('',(-2.42907902699,5.212754024173,5.321021438611
    ));
#3469 = CARTESIAN_POINT('',(-0.841780586392,5.741680431303,
    5.252837204366));
#3470 = CARTESIAN_POINT('',(0.841834351869,5.741640333492,5.184660864148
    ));
#3471 = CARTESIAN_POINT('',(2.429114415745,5.212739658465,5.116476660473
    ));
#3472 = CARTESIAN_POINT('',(3.74534019177,4.230606363921,5.048289541615)
  );
#3473 = CARTESIAN_POINT('',(4.66526061272,2.927400925119,4.980114531634)
  );
#3474 = CARTESIAN_POINT('',(5.125009760082,1.463691866224,4.911930368717
    ));
#3475 = CARTESIAN_POINT('',(5.125011600364,8.205955381868E-08,
    4.843748281346));
#3476 = ADVANCED_FACE('',(#3477),#3619,.F.);
#3477 = FACE_BOUND('',#3478,.F.);
#3478 = EDGE_LOOP('',(#3479,#3577,#3584,#3618));
#3479 = ORIENTED_EDGE('',*,*,#3480,.F.);
#3480 = EDGE_CURVE('',#3481,#2834,#3483,.T.);
#3481 = VERTEX_POINT('',#3482);
#3482 = CARTESIAN_POINT('',(4.375,-1.025699561774E-07,7.223240708543));
#3483 = B_SPLINE_CURVE_WITH_KNOTS('',8,(#3484,#3485,#3486,#3487,#3488,
    #3489,#3490,#3491,#3492,#3493,#3494,#3495,#3496,#3497,#3498,#3499,
    #3500,#3501,#3502,#3503,#3504,#3505,#3506,#3507,#3508,#3509,#3510,
    #3511,#3512,#3513,#3514,#3515,#3516,#3517,#3518,#3519,#3520,#3521,
    #3522,#3523,#3524,#3525,#3526,#3527,#3528,#3529,#3530,#3531,#3532,
    #3533,#3534,#3535,#3536,#3537,#3538,#3539,#3540,#3541,#3542,#3543,
    #3544,#3545,#3546,#3547,#3548,#3549,#3550,#3551,#3552,#3553,#3554,
    #3555,#3556,#3557,#3558,#3559,#3560,#3561,#3562,#3563,#3564,#3565,
    #3566,#3567,#3568,#3569,#3570,#3571,#3572,#3573,#3574,#3575,#3576),
  .UNSPECIFIED.,.F.,.F.,(9,7,7,7,7,7,7,7,7,7,7,7,7,9),(0.,
    4.489885677524E-02,0.137056286007,0.21906001978,0.272639283701,
    0.374746069464,0.501293265352,0.526172896528,0.627172370018,
    0.735034798091,0.846749891313,0.869412068082,0.955160395996,1.),
  .UNSPECIFIED.);
#3484 = CARTESIAN_POINT('',(4.375,-2.051399468073E-07,7.223240708543));
#3485 = CARTESIAN_POINT('',(4.375,-0.154263342886,7.214823364674));
#3486 = CARTESIAN_POINT('',(4.368783508253,-0.30852774809,7.206405040457
    ));
#3487 = CARTESIAN_POINT('',(4.356350673025,-0.462499104201,
    7.197986388378));
#3488 = CARTESIAN_POINT('',(4.337718015786,-0.61588505743,7.18956775506)
  );
#3489 = CARTESIAN_POINT('',(4.312918412755,-0.768395387234,
    7.181149279583));
#3490 = CARTESIAN_POINT('',(4.282001076444,-0.919742176802,
    7.172730991797));
#3491 = CARTESIAN_POINT('',(4.245031537199,-1.069639983536,
    7.164312910636));
#3492 = CARTESIAN_POINT('',(4.11395503894,-1.521925112697,7.13861719969)
  );
#3493 = CARTESIAN_POINT('',(4.000647908768,-1.818809247577,
    7.121337178305));
#3494 = CARTESIAN_POINT('',(3.862882770656,-2.105944377974,
    7.104059242971));
#3495 = CARTESIAN_POINT('',(3.701663886039,-2.380988723647,
    7.086783060057));
#3496 = CARTESIAN_POINT('',(3.518240778104,-2.641750415109,
    7.069506435604));
#3497 = CARTESIAN_POINT('',(3.31409009423,-2.886183810393,7.052227580547
    ));
#3498 = CARTESIAN_POINT('',(3.090925794149,-3.112404473807,7.03494700317
    ));
#3499 = CARTESIAN_POINT('',(2.637012914103,-3.502309474829,
    7.002294702253));
#3500 = CARTESIAN_POINT('',(2.409752608361,-3.670186279905,
    6.986918465481));
#3501 = CARTESIAN_POINT('',(2.170337829905,-3.821156888026,
    6.971542838177));
#3502 = CARTESIAN_POINT('',(1.920246269519,-3.9542071126,6.956168132525)
  );
#3503 = CARTESIAN_POINT('',(1.66103784653,-4.068483697511,6.940793518223
    ));
#3504 = CARTESIAN_POINT('',(1.394347717194,-4.163288309687,
    6.925418111685));
#3505 = CARTESIAN_POINT('',(1.121886670387,-4.238086751011,
    6.910042089423));
#3506 = CARTESIAN_POINT('',(0.664831138602,-4.32810751144,6.88462265205)
  );
#3507 = CARTESIAN_POINT('',(0.482499097915,-4.354996450567,
    6.874577319407));
#3508 = CARTESIAN_POINT('',(0.298945180298,-4.373103563355,
    6.864532093455));
#3509 = CARTESIAN_POINT('',(0.114663543743,-4.382365658861,
    6.854486977588));
#3510 = CARTESIAN_POINT('',(-6.985032775797E-02,-4.382753014107,
    6.844441845554));
#3511 = CARTESIAN_POINT('',(-0.25410006444,-4.374269389386,
    6.834396574196));
#3512 = CARTESIAN_POINT('',(-0.437588850991,-4.356952043564,
    6.824351176185));
#3513 = CARTESIAN_POINT('',(-0.967100175,-4.28117015187,6.795162565654)
  );
#3514 = CARTESIAN_POINT('',(-1.309917417729,-4.199629410118,
    6.776014104001));
#3515 = CARTESIAN_POINT('',(-1.64472540866,-4.086729382387,
    6.756867663251));
#3516 = CARTESIAN_POINT('',(-1.968188919123,-3.94342955299,
    6.737723829977));
#3517 = CARTESIAN_POINT('',(-2.27715379821,-3.771080620539,
    6.718579961258));
#3518 = CARTESIAN_POINT('',(-2.568644588933,-3.571391238967,
    6.699433454171));
#3519 = CARTESIAN_POINT('',(-2.839889640422,-3.346449911333,
    6.680284985397));
#3520 = CARTESIAN_POINT('',(-3.396335256331,-2.791876851091,
    6.637416300332));
#3521 = CARTESIAN_POINT('',(-3.669626498802,-2.449784850202,
    6.613676696242));
#3522 = CARTESIAN_POINT('',(-3.903242975721,-2.077364125363,
    6.589945550868));
#3523 = CARTESIAN_POINT('',(-4.093402960921,-1.680071923779,
    6.566220795994));
#3524 = CARTESIAN_POINT('',(-4.237180797277,-1.263742808345,
    6.542495996519));
#3525 = CARTESIAN_POINT('',(-4.33255971925,-0.834584524124,
    6.518764946778));
#3526 = CARTESIAN_POINT('',(-4.378396741466,-0.399136906044,
    6.495025347626));
#3527 = CARTESIAN_POINT('',(-4.37415848064,0.121118183091,6.466635393657
    ));
#3528 = CARTESIAN_POINT('',(-4.371553399475,0.20658134088,6.461970864542
    ));
#3529 = CARTESIAN_POINT('',(-4.367040000215,0.291979183421,
    6.457306314816));
#3530 = CARTESIAN_POINT('',(-4.360620243303,0.377261984399,
    6.452641745563));
#3531 = CARTESIAN_POINT('',(-4.352297638505,0.462380153948,
    6.447977158034));
#3532 = CARTESIAN_POINT('',(-4.342077244914,0.547284238653,
    6.443312553651));
#3533 = CARTESIAN_POINT('',(-4.329965670943,0.631924921546,
    6.438647934002));
#3534 = CARTESIAN_POINT('',(-4.25915966585,1.058585016387,6.41504710804)
  );
#3535 = CARTESIAN_POINT('',(-4.17130163897,1.395853629734,6.396105994683
    ));
#3536 = CARTESIAN_POINT('',(-4.052938147833,1.724641192403,
    6.377166814326));
#3537 = CARTESIAN_POINT('',(-3.905063955372,2.041740259558,
    6.358230231341));
#3538 = CARTESIAN_POINT('',(-3.729045071959,2.344124025068,6.33929379238
    ));
#3539 = CARTESIAN_POINT('',(-3.526587613564,2.628943510807,
    6.320355006902));
#3540 = CARTESIAN_POINT('',(-3.299757879444,2.893551531452,6.30141443676
    ));
#3541 = CARTESIAN_POINT('',(-2.785449867417,3.393999464155,
    6.262256468484));
#3542 = CARTESIAN_POINT('',(-2.494739525181,3.626816860566,6.24202783504
    ));
#3543 = CARTESIAN_POINT('',(-2.181930922892,3.831024697598,
    6.221802842255));
#3544 = CARTESIAN_POINT('',(-1.850349582996,4.004225098926,6.20158092104
    ));
#3545 = CARTESIAN_POINT('',(-1.503554310516,4.144502042282,
    6.181358886854));
#3546 = CARTESIAN_POINT('',(-1.145310675049,4.250386944395,6.16113362811
    ));
#3547 = CARTESIAN_POINT('',(-0.779600039126,4.320901156128,
    6.140904746724));
#3548 = CARTESIAN_POINT('',(-2.850592281315E-02,4.391712276304,
    6.099737573674));
#3549 = CARTESIAN_POINT('',(0.357383551168,4.389436525438,6.078784960254
    ));
#3550 = CARTESIAN_POINT('',(0.742334365791,4.348369275069,6.057836297291
    ));
#3551 = CARTESIAN_POINT('',(1.121795621637,4.268778878549,6.036891276838
    ));
#3552 = CARTESIAN_POINT('',(1.491361371357,4.151531958117,6.015946707635
    ));
#3553 = CARTESIAN_POINT('',(1.846769010039,3.998039925942,5.99499910715)
  );
#3554 = CARTESIAN_POINT('',(2.183923180393,3.810305545223,5.97404754097)
  );
#3555 = CARTESIAN_POINT('',(2.562887081657,3.546589337089,5.948854990609
    ));
#3556 = CARTESIAN_POINT('',(2.625893235169,3.500814730566,5.944606359934
    ));
#3557 = CARTESIAN_POINT('',(2.687963925416,3.453761685581,5.94035771565)
  );
#3558 = CARTESIAN_POINT('',(2.749068916061,3.405452546672,5.936109054633
    ));
#3559 = CARTESIAN_POINT('',(2.809178639826,3.355910494345,5.93186037411)
  );
#3560 = CARTESIAN_POINT('',(2.868264198491,3.305159545073,5.927611671658
    ));
#3561 = CARTESIAN_POINT('',(2.926297362889,3.253224551296,5.923362945209
    ));
#3562 = CARTESIAN_POINT('',(3.198748076893,2.999238497167,5.90303791769)
  );
#3563 = CARTESIAN_POINT('',(3.398813245791,2.78173443247,5.886959145893)
  );
#3564 = CARTESIAN_POINT('',(3.581907524199,2.549039762023,5.870880816392
    ));
#3565 = CARTESIAN_POINT('',(3.746699340594,2.302713560059,5.854803011965
    ));
#3566 = CARTESIAN_POINT('',(3.892038469945,2.044431882546,5.838724722279
    ));
#3567 = CARTESIAN_POINT('',(4.016949131791,1.775977956607,5.822645319045
    ));
#3568 = CARTESIAN_POINT('',(4.120641823781,1.499243897168,5.806565743502
    ));
#3569 = CARTESIAN_POINT('',(4.245372203911,1.068257327218,5.782082751348
    ));
#3570 = CARTESIAN_POINT('',(4.282245252711,0.918545630276,5.773676328852
    ));
#3571 = CARTESIAN_POINT('',(4.313081627329,0.767390572867,5.76527029156)
  );
#3572 = CARTESIAN_POINT('',(4.33781612698,0.615076494449,5.756864669236)
  );
#3573 = CARTESIAN_POINT('',(4.35639978352,0.461890202215,5.748459365036)
  );
#3574 = CARTESIAN_POINT('',(4.368799885131,0.308120812252,5.740054151975
    ));
#3575 = CARTESIAN_POINT('',(4.375,0.15405959069,5.731648669379));
#3576 = CARTESIAN_POINT('',(4.375,-2.051399112801E-07,5.723242419357));
#3577 = ORIENTED_EDGE('',*,*,#3578,.T.);
#3578 = EDGE_CURVE('',#3481,#3579,#3581,.T.);
#3579 = VERTEX_POINT('',#3580);
#3580 = CARTESIAN_POINT('',(5.125004511255,4.102867546729E-08,
    7.656249140697));
#3581 = B_SPLINE_CURVE_WITH_KNOTS('',1,(#3582,#3583),.UNSPECIFIED.,.F.,
  .F.,(2,2),(0.,1.3105),.PIECEWISE_BEZIER_KNOTS.);
#3582 = CARTESIAN_POINT('',(3.990073715238,-3.314815154231E-07,
    7.001006942534));
#3583 = CARTESIAN_POINT('',(5.125004511255,4.102870748669E-08,
    7.656249140697));
#3584 = ORIENTED_EDGE('',*,*,#3585,.T.);
#3585 = EDGE_CURVE('',#3579,#2932,#3586,.T.);
#3586 = B_SPLINE_CURVE_WITH_KNOTS('',9,(#3587,#3588,#3589,#3590,#3591,
    #3592,#3593,#3594,#3595,#3596,#3597,#3598,#3599,#3600,#3601,#3602,
    #3603,#3604,#3605,#3606,#3607,#3608,#3609,#3610,#3611,#3612,#3613,
    #3614,#3615,#3616,#3617),.UNSPECIFIED.,.F.,.F.,(10,7,7,7,10),(0.,
    1.614938419963,3.229876839926,4.844815259889,6.459753679852),
  .UNSPECIFIED.);
#3587 = CARTESIAN_POINT('',(5.125004511255,4.102867201539E-08,
    7.656249140697));
#3588 = CARTESIAN_POINT('',(5.12500538198,-0.894477484324,7.614582309536
    ));
#3589 = CARTESIAN_POINT('',(4.949417901214,-1.788961998895,
    7.572914685672));
#3590 = CARTESIAN_POINT('',(4.598104462571,-2.644044877449,
    7.531248999533));
#3591 = CARTESIAN_POINT('',(4.081516714856,-3.420279541863,
    7.489582815319));
#3592 = CARTESIAN_POINT('',(3.42026916657,-4.08153683996,7.447915900918)
  );
#3593 = CARTESIAN_POINT('',(2.644031051715,-4.598110666367,
    7.406248987211));
#3594 = CARTESIAN_POINT('',(1.788967970073,-4.949373908664,
    7.364582149538));
#3595 = CARTESIAN_POINT('',(9.335442595749E-06,-5.300637316954,
    7.281248733144));
#3596 = CARTESIAN_POINT('',(-1.788962972538,-4.949375365284,
    7.197915606249));
#3597 = CARTESIAN_POINT('',(-2.644039125621,-4.5981135259,7.15624906896)
  );
#3598 = CARTESIAN_POINT('',(-3.42029413838,-4.081535439728,
    7.114582410855));
#3599 = CARTESIAN_POINT('',(-4.081543512888,-3.420284181784,
    7.072915643384));
#3600 = CARTESIAN_POINT('',(-4.598115823393,-2.644032725991,
    7.031248886896));
#3601 = CARTESIAN_POINT('',(-4.949372061294,-1.788962964761,
    6.989582214344));
#3602 = CARTESIAN_POINT('',(-5.300628674433,-1.327059290314E-08,
    6.906248925867));
#3603 = CARTESIAN_POINT('',(-4.949371614892,1.788962850571,
    6.822915637389));
#3604 = CARTESIAN_POINT('',(-4.598115397223,2.64403246908,6.781248964837
    ));
#3605 = CARTESIAN_POINT('',(-4.081544254401,3.420284181296,
    6.739582208349));
#3606 = CARTESIAN_POINT('',(-3.420295461959,4.081536415808,
    6.697915440878));
#3607 = CARTESIAN_POINT('',(-2.644039812325,4.598114886348,
    6.656248782773));
#3608 = CARTESIAN_POINT('',(-1.788963172874,4.949375416555,
    6.614582245485));
#3609 = CARTESIAN_POINT('',(9.25257513577E-06,5.300635336764,
    6.531249118589));
#3610 = CARTESIAN_POINT('',(1.788967769737,4.949372763394,6.447915702195
    ));
#3611 = CARTESIAN_POINT('',(2.644031332855,4.598111297254,6.406248864545
    ));
#3612 = CARTESIAN_POINT('',(3.420269250473,4.081539533768,6.36458195075)
  );
#3613 = CARTESIAN_POINT('',(4.081522635646,3.42028553425,6.322915036496)
  );
#3614 = CARTESIAN_POINT('',(4.598105697745,2.644040219763,6.281248852144
    ));
#3615 = CARTESIAN_POINT('',(4.949408420986,1.788961758904,6.239583166078
    ));
#3616 = CARTESIAN_POINT('',(5.125005892576,0.894477586896,6.197915542199
    ));
#3617 = CARTESIAN_POINT('',(5.12500676688,6.154356840782E-08,
    6.156248711034));
#3618 = ORIENTED_EDGE('',*,*,#2931,.F.);
#3619 = B_SPLINE_SURFACE_WITH_KNOTS('',1,9,(
    (#3620,#3621,#3622,#3623,#3624,#3625,#3626,#3627,#3628,#3629,#3630
      ,#3631,#3632,#3633,#3634,#3635,#3636,#3637,#3638,#3639,#3640,#3641
      ,#3642,#3643,#3644,#3645,#3646,#3647,#3648,#3649,#3650)
    ,(#3651,#3652,#3653,#3654,#3655,#3656,#3657,#3658,#3659,#3660,#3661
      ,#3662,#3663,#3664,#3665,#3666,#3667,#3668,#3669,#3670,#3671,#3672
      ,#3673,#3674,#3675,#3676,#3677,#3678,#3679,#3680,#3681
  )),.UNSPECIFIED.,.F.,.F.,.F.,(2,2),(10,7,7,7,10),(0.,1.3105),(0.,
    1.614938419963,3.229876839926,4.844815259889,6.459753679852),
  .UNSPECIFIED.);
#3620 = CARTESIAN_POINT('',(3.990073715239,-3.314815502087E-07,
    7.001006942534));
#3621 = CARTESIAN_POINT('',(3.990073658722,-0.696437544601,
    6.959341604841));
#3622 = CARTESIAN_POINT('',(3.853357880872,-1.392763551399,
    6.917682671476));
#3623 = CARTESIAN_POINT('',(3.579884454896,-2.058490205067,
    6.876008082786));
#3624 = CARTESIAN_POINT('',(3.177665493005,-2.662884119486,6.83433751892
    ));
#3625 = CARTESIAN_POINT('',(2.66283922217,-3.177678834995,6.792672853115
    ));
#3626 = CARTESIAN_POINT('',(2.058506595982,-3.579862148024,
    6.751008182657));
#3627 = CARTESIAN_POINT('',(1.392800395607,-3.853335184032,
    6.709342897464));
#3628 = CARTESIAN_POINT('',(9.191954218607E-06,-4.126811027024,
    6.626010235182));
#3629 = CARTESIAN_POINT('',(-1.39279986245,-3.853336458087,6.54267523403
    ));
#3630 = CARTESIAN_POINT('',(-2.05852328262,-3.579860834601,
    6.501007522108));
#3631 = CARTESIAN_POINT('',(-2.662873908921,-3.177676907544,
    6.459340786267));
#3632 = CARTESIAN_POINT('',(-3.177684517879,-2.662863006456,
    6.417674934012));
#3633 = CARTESIAN_POINT('',(-3.579860473569,-2.058518012452,
    6.37600899301));
#3634 = CARTESIAN_POINT('',(-3.853332414957,-1.39280238712,
    6.334342373893));
#3635 = CARTESIAN_POINT('',(-4.126804398379,4.286122766096E-07,
    6.251008678168));
#3636 = CARTESIAN_POINT('',(-3.853332124948,1.392803187403,
    6.167674982442));
#3637 = CARTESIAN_POINT('',(-3.579860045302,2.058518755707,
    6.126008363326));
#3638 = CARTESIAN_POINT('',(-3.177683965861,2.662863666561,
    6.084342422322));
#3639 = CARTESIAN_POINT('',(-2.66287325085,3.177677462202,6.042676570068
    ));
#3640 = CARTESIAN_POINT('',(-2.058522540027,3.579861264306,
    6.001009834227));
#3641 = CARTESIAN_POINT('',(-1.3927990623,3.853336747492,5.959342122306)
  );
#3642 = CARTESIAN_POINT('',(1.004909297888E-05,4.126811023981,
    5.876007121153));
#3643 = CARTESIAN_POINT('',(1.392801195756,3.853334892943,5.792674458871
    ));
#3644 = CARTESIAN_POINT('',(2.058507340061,3.579861721374,5.751009173678
    ));
#3645 = CARTESIAN_POINT('',(2.662839882404,3.17767828597,5.709344503219)
  );
#3646 = CARTESIAN_POINT('',(3.177666055248,2.662883468596,5.667679837416
    ));
#3647 = CARTESIAN_POINT('',(3.579884884434,2.058489454283,5.626009273549
    ));
#3648 = CARTESIAN_POINT('',(3.853358155652,1.392762750561,5.584334684859
    ));
#3649 = CARTESIAN_POINT('',(3.990073804139,0.696436715897,5.542675751494
    ));
#3650 = CARTESIAN_POINT('',(3.990073718706,-4.972223507015E-07,
    5.501010413801));
#3651 = CARTESIAN_POINT('',(5.125004511255,4.102867201539E-08,
    7.656249140697));
#3652 = CARTESIAN_POINT('',(5.12500538198,-0.894477484324,7.614582309536
    ));
#3653 = CARTESIAN_POINT('',(4.949417901214,-1.788961998895,
    7.572914685672));
#3654 = CARTESIAN_POINT('',(4.598104462571,-2.644044877449,
    7.531248999533));
#3655 = CARTESIAN_POINT('',(4.081516714856,-3.420279541863,
    7.489582815319));
#3656 = CARTESIAN_POINT('',(3.42026916657,-4.08153683996,7.447915900918)
  );
#3657 = CARTESIAN_POINT('',(2.644031051715,-4.598110666367,
    7.406248987211));
#3658 = CARTESIAN_POINT('',(1.788967970073,-4.949373908664,
    7.364582149538));
#3659 = CARTESIAN_POINT('',(9.335442595749E-06,-5.300637316954,
    7.281248733144));
#3660 = CARTESIAN_POINT('',(-1.788962972538,-4.949375365284,
    7.197915606249));
#3661 = CARTESIAN_POINT('',(-2.644039125621,-4.5981135259,7.15624906896)
  );
#3662 = CARTESIAN_POINT('',(-3.42029413838,-4.081535439728,
    7.114582410855));
#3663 = CARTESIAN_POINT('',(-4.081543512888,-3.420284181784,
    7.072915643384));
#3664 = CARTESIAN_POINT('',(-4.598115823393,-2.644032725991,
    7.031248886896));
#3665 = CARTESIAN_POINT('',(-4.949372061294,-1.788962964761,
    6.989582214344));
#3666 = CARTESIAN_POINT('',(-5.300628674433,-1.327059290314E-08,
    6.906248925867));
#3667 = CARTESIAN_POINT('',(-4.949371614892,1.788962850571,
    6.822915637389));
#3668 = CARTESIAN_POINT('',(-4.598115397223,2.64403246908,6.781248964837
    ));
#3669 = CARTESIAN_POINT('',(-4.081544254401,3.420284181296,
    6.739582208349));
#3670 = CARTESIAN_POINT('',(-3.420295461959,4.081536415808,
    6.697915440878));
#3671 = CARTESIAN_POINT('',(-2.644039812325,4.598114886348,
    6.656248782773));
#3672 = CARTESIAN_POINT('',(-1.788963172874,4.949375416555,
    6.614582245485));
#3673 = CARTESIAN_POINT('',(9.25257513577E-06,5.300635336764,
    6.531249118589));
#3674 = CARTESIAN_POINT('',(1.788967769737,4.949372763394,6.447915702195
    ));
#3675 = CARTESIAN_POINT('',(2.644031332855,4.598111297254,6.406248864545
    ));
#3676 = CARTESIAN_POINT('',(3.420269250473,4.081539533768,6.36458195075)
  );
#3677 = CARTESIAN_POINT('',(4.081522635646,3.42028553425,6.322915036496)
  );
#3678 = CARTESIAN_POINT('',(4.598105697745,2.644040219763,6.281248852144
    ));
#3679 = CARTESIAN_POINT('',(4.949408420986,1.788961758904,6.239583166078
    ));
#3680 = CARTESIAN_POINT('',(5.125005892576,0.894477586896,6.197915542199
    ));
#3681 = CARTESIAN_POINT('',(5.12500676688,6.154356840782E-08,
    6.156248711034));
#3682 = ADVANCED_FACE('',(#3683),#3694,.F.);
#3683 = FACE_BOUND('',#3684,.T.);
#3684 = EDGE_LOOP('',(#3685,#3686,#3692,#3693));
#3685 = ORIENTED_EDGE('',*,*,#3480,.F.);
#3686 = ORIENTED_EDGE('',*,*,#3687,.T.);
#3687 = EDGE_CURVE('',#3481,#3239,#3688,.T.);
#3688 = LINE('',#3689,#3690);
#3689 = CARTESIAN_POINT('',(4.375,0.,10.));
#3690 = VECTOR('',#3691,1.);
#3691 = DIRECTION('',(-7.105427357601E-17,0.,-1.));
#3692 = ORIENTED_EDGE('',*,*,#3245,.T.);
#3693 = ORIENTED_EDGE('',*,*,#3040,.F.);
#3694 = CYLINDRICAL_SURFACE('',#3695,4.375);
#3695 = AXIS2_PLACEMENT_3D('',#3696,#3697,#3698);
#3696 = CARTESIAN_POINT('',(0.,0.,10.));
#3697 = DIRECTION('',(-0.,-0.,-1.));
#3698 = DIRECTION('',(1.,0.,0.));
#3699 = ADVANCED_FACE('',(#3700),#3731,.F.);
#3700 = FACE_BOUND('',#3701,.T.);
#3701 = EDGE_LOOP('',(#3702,#3710,#3711));
#3702 = ORIENTED_EDGE('',*,*,#3703,.F.);
#3703 = EDGE_CURVE('',#3068,#3704,#3706,.T.);
#3704 = VERTEX_POINT('',#3705);
#3705 = CARTESIAN_POINT('',(4.375,-5.128512971407E-08,9.776767383783));
#3706 = LINE('',#3707,#3708);
#3707 = CARTESIAN_POINT('',(4.375,0.,10.));
#3708 = VECTOR('',#3709,1.);
#3709 = DIRECTION('',(-7.105427357601E-17,0.,-1.));
#3710 = ORIENTED_EDGE('',*,*,#3067,.T.);
#3711 = ORIENTED_EDGE('',*,*,#3712,.T.);
#3712 = EDGE_CURVE('',#3070,#3704,#3713,.T.);
#3713 = B_SPLINE_CURVE_WITH_KNOTS('',6,(#3714,#3715,#3716,#3717,#3718,
    #3719,#3720,#3721,#3722,#3723,#3724,#3725,#3726,#3727,#3728,#3729,
    #3730),.UNSPECIFIED.,.F.,.F.,(7,5,5,7),(0.,0.118950175152,
    0.718507961394,1.),.UNSPECIFIED.);
#3714 = CARTESIAN_POINT('',(2.597640323286,3.520353640025,10.0000006));
#3715 = CARTESIAN_POINT('',(2.662898894545,3.47219987098,9.995575079523)
  );
#3716 = CARTESIAN_POINT('',(2.727086313154,3.422594403545,9.991149561598
    ));
#3717 = CARTESIAN_POINT('',(2.790162166622,3.371567056993,9.986724047916
    ));
#3718 = CARTESIAN_POINT('',(2.852087220471,3.319149091895,9.982298540781
    ));
#3719 = CARTESIAN_POINT('',(2.912823418241,3.265373210123,9.977873043115
    ));
#3720 = CARTESIAN_POINT('',(3.27229108253,2.932548639379,9.951141296312)
  );
#3721 = CARTESIAN_POINT('',(3.541173610112,2.621130849106,9.928830580507
    ));
#3722 = CARTESIAN_POINT('',(3.774097267473,2.280494649336,9.906525801255
    ));
#3723 = CARTESIAN_POINT('',(3.967325299607,1.915872430105,9.88422199117)
  );
#3724 = CARTESIAN_POINT('',(4.117963469545,1.533005892574,9.861911830275
    ));
#3725 = CARTESIAN_POINT('',(4.274257704973,0.952985321857,9.829132576279
    ));
#3726 = CARTESIAN_POINT('',(4.314438185311,0.765040261086,9.818659400195
    ));
#3727 = CARTESIAN_POINT('',(4.344689830774,0.575110669738,9.808186135188
    ));
#3728 = CARTESIAN_POINT('',(4.364896517948,0.383851387517,9.797712741797
    ));
#3729 = CARTESIAN_POINT('',(4.375,0.19192484532,9.787239463332));
#3730 = CARTESIAN_POINT('',(4.375,-5.000376054444E-16,9.776767389379));
#3731 = CYLINDRICAL_SURFACE('',#3732,4.375);
#3732 = AXIS2_PLACEMENT_3D('',#3733,#3734,#3735);
#3733 = CARTESIAN_POINT('',(0.,0.,10.));
#3734 = DIRECTION('',(-0.,-0.,-1.));
#3735 = DIRECTION('',(1.,0.,0.));
#3736 = ADVANCED_FACE('',(#3737),#3781,.F.);
#3737 = FACE_BOUND('',#3738,.F.);
#3738 = EDGE_LOOP('',(#3739,#3774,#3775,#3776));
#3739 = ORIENTED_EDGE('',*,*,#3740,.F.);
#3740 = EDGE_CURVE('',#3131,#3741,#3743,.T.);
#3741 = VERTEX_POINT('',#3742);
#3742 = CARTESIAN_POINT('',(5.125002900094,2.051421621867E-08,
    9.343749570351));
#3743 = B_SPLINE_CURVE_WITH_KNOTS('',11,(#3744,#3745,#3746,#3747,#3748,
    #3749,#3750,#3751,#3752,#3753,#3754,#3755,#3756,#3757,#3758,#3759,
    #3760,#3761,#3762,#3763,#3764,#3765,#3766,#3767,#3768,#3769,#3770,
    #3771,#3772,#3773),.UNSPECIFIED.,.F.,.F.,(12,9,9,12),(0.,
    1.614938419963,3.229876839926,6.459753679852),.UNSPECIFIED.);
#3744 = CARTESIAN_POINT('',(5.125,0.,10.84375));
#3745 = CARTESIAN_POINT('',(5.125000908428,-0.731844649954,
    10.809658956327));
#3746 = CARTESIAN_POINT('',(5.010072124475,-1.463693905167,
    10.775567393813));
#3747 = CARTESIAN_POINT('',(4.780141488744,-2.175485481019,
    10.74147670244));
#3748 = CARTESIAN_POINT('',(4.439183046005,-2.847141353757,
    10.707386299717));
#3749 = CARTESIAN_POINT('',(3.995097719686,-3.459485630829,
    10.673295640548));
#3750 = CARTESIAN_POINT('',(3.459472088684,-3.995112766721,
    10.639204661651));
#3751 = CARTESIAN_POINT('',(2.847130871168,-4.43918924113,
    10.605113558548));
#3752 = CARTESIAN_POINT('',(2.175481193721,-4.780125050647,
    10.571022487582));
#3753 = CARTESIAN_POINT('',(1.463701476529,-5.01004279009,
    10.536931479915));
#3754 = CARTESIAN_POINT('',(8.11236743317E-06,-5.239960636768,
    10.468749617461));
#3755 = CARTESIAN_POINT('',(-1.463694174667,-5.010043810206,
    10.400567944493));
#3756 = CARTESIAN_POINT('',(-2.175482525042,-4.780127002161,
    10.366477131852));
#3757 = CARTESIAN_POINT('',(-2.847143964152,-4.439190281272,
    10.332386281057));
#3758 = CARTESIAN_POINT('',(-3.459494667703,-3.995114061506,
    10.298295362325));
#3759 = CARTESIAN_POINT('',(-3.995121686467,-3.45948590322,
    10.264204392641));
#3760 = CARTESIAN_POINT('',(-4.439194385303,-2.847136953002,
    10.230113416224));
#3761 = CARTESIAN_POINT('',(-4.780126606686,-2.17547950443,
    10.196022471815));
#3762 = CARTESIAN_POINT('',(-5.0100396291,-1.463695737333,10.16193156666
    ));
#3763 = CARTESIAN_POINT('',(-5.354909319575,0.731847913872,
    10.059658894436));
#3764 = CARTESIAN_POINT('',(-4.66516881048,2.927391387868,9.957386222211
    ));
#3765 = CARTESIAN_POINT('',(-3.745512531469,4.230576342897,
    9.889204193927));
#3766 = CARTESIAN_POINT('',(-2.429074840342,5.212745202822,
    9.821022727581));
#3767 = CARTESIAN_POINT('',(-0.841779090303,5.741670696677,
    9.752838493518));
#3768 = CARTESIAN_POINT('',(0.841832995029,5.741630573854,9.684662152902
    ));
#3769 = CARTESIAN_POINT('',(2.429110351563,5.212730781049,9.616477949407
    ));
#3770 = CARTESIAN_POINT('',(3.745333885883,4.230599137868,9.548290830908
    ));
#3771 = CARTESIAN_POINT('',(4.66525272787,2.927395898209,9.48011582046)
  );
#3772 = CARTESIAN_POINT('',(5.125001077381,1.463689320421,9.411931657703
    ));
#3773 = CARTESIAN_POINT('',(5.125002900094,2.051416725379E-08,
    9.343749570351));
#3774 = ORIENTED_EDGE('',*,*,#3155,.F.);
#3775 = ORIENTED_EDGE('',*,*,#3712,.T.);
#3776 = ORIENTED_EDGE('',*,*,#3777,.F.);
#3777 = EDGE_CURVE('',#3741,#3704,#3778,.T.);
#3778 = B_SPLINE_CURVE_WITH_KNOTS('',1,(#3779,#3780),.UNSPECIFIED.,.F.,
  .F.,(2,2),(0.,1.3105),.PIECEWISE_BEZIER_KNOTS.);
#3779 = CARTESIAN_POINT('',(5.125002900094,2.051416675387E-08,
    9.343749570351));
#3780 = CARTESIAN_POINT('',(3.990078860633,-1.657404119148E-07,
    9.999003471258));
#3781 = B_SPLINE_SURFACE_WITH_KNOTS('',1,9,(
    (#3782,#3783,#3784,#3785,#3786,#3787,#3788,#3789,#3790,#3791,#3792
      ,#3793,#3794,#3795,#3796,#3797,#3798,#3799,#3800,#3801,#3802,#3803
      ,#3804,#3805,#3806,#3807,#3808,#3809,#3810,#3811,#3812)
    ,(#3813,#3814,#3815,#3816,#3817,#3818,#3819,#3820,#3821,#3822,#3823
      ,#3824,#3825,#3826,#3827,#3828,#3829,#3830,#3831,#3832,#3833,#3834
      ,#3835,#3836,#3837,#3838,#3839,#3840,#3841,#3842,#3843
  )),.UNSPECIFIED.,.F.,.F.,.F.,(2,2),(10,7,7,7,10),(0.,1.3105),(0.,
    1.614938419963,3.229876839926,4.844815259889,6.459753679852),
  .UNSPECIFIED.);
#3782 = CARTESIAN_POINT('',(5.125,0.,10.84375));
#3783 = CARTESIAN_POINT('',(5.125001110301,-0.894476794388,
    10.802083168844));
#3784 = CARTESIAN_POINT('',(4.949415190575,-1.788960624589,
    10.760415545014));
#3785 = CARTESIAN_POINT('',(4.598100499148,-2.644043431525,
    10.718749858833));
#3786 = CARTESIAN_POINT('',(4.08151249575,-3.420275934597,
    10.677083674622));
#3787 = CARTESIAN_POINT('',(3.420266314574,-4.081533156153,
    10.635416760209));
#3788 = CARTESIAN_POINT('',(2.644028800431,-4.598106846621,
    10.593749846522));
#3789 = CARTESIAN_POINT('',(1.788966482671,-4.949370046247,
    10.552083008852));
#3790 = CARTESIAN_POINT('',(9.289691550289E-06,-5.300633267264,
    10.46874959246));
#3791 = CARTESIAN_POINT('',(-1.788961535457,-4.949371293056,
    10.385416465559));
#3792 = CARTESIAN_POINT('',(-2.644036916343,-4.598109544462,
    10.343749928266));
#3793 = CARTESIAN_POINT('',(-3.420291198009,-4.081531926993,
    10.30208327016));
#3794 = CARTESIAN_POINT('',(-4.081540107982,-3.420281341877,
    10.260416502692));
#3795 = CARTESIAN_POINT('',(-4.598112154632,-2.644030551609,
    10.218749746208));
#3796 = CARTESIAN_POINT('',(-4.949368099033,-1.788961465077,
    10.177083073656));
#3797 = CARTESIAN_POINT('',(-5.300624341861,4.052824603313E-08,
    10.093749785177));
#3798 = CARTESIAN_POINT('',(-4.949367486214,1.788961425809,
    10.010416496698));
#3799 = CARTESIAN_POINT('',(-4.598111549246,2.64403032121,9.968749824146
    ));
#3800 = CARTESIAN_POINT('',(-4.081540987036,3.42028142994,9.927083067662
    ));
#3801 = CARTESIAN_POINT('',(-3.420292811064,4.081533256278,
    9.885416300192));
#3802 = CARTESIAN_POINT('',(-2.644037699334,4.598111351065,
    9.843749642088));
#3803 = CARTESIAN_POINT('',(-1.788961685484,4.949371397849,
    9.802083104796));
#3804 = CARTESIAN_POINT('',(9.298328614389E-06,5.300630721303,
    9.718749977892));
#3805 = CARTESIAN_POINT('',(1.788966332643,4.949368534881,9.635416561501
    ));
#3806 = CARTESIAN_POINT('',(2.644029261812,4.598107600309,9.593749723861
    ));
#3807 = CARTESIAN_POINT('',(3.420266511142,4.081536545304,9.552082810061
    ));
#3808 = CARTESIAN_POINT('',(4.081520182521,3.420283550415,9.510415895836
    ));
#3809 = CARTESIAN_POINT('',(4.59810214469,2.644037343152,9.468749711449)
  );
#3810 = CARTESIAN_POINT('',(4.94940304057,1.78896020848,9.42708402536));
#3811 = CARTESIAN_POINT('',(5.125001786214,0.894476814902,9.385416401511
    ));
#3812 = CARTESIAN_POINT('',(5.125002900094,2.051416675387E-08,
    9.343749570351));
#3813 = CARTESIAN_POINT('',(3.99007370834,0.,11.499));
#3814 = CARTESIAN_POINT('',(3.990075680892,-0.696437661139,
    11.457334662307));
#3815 = CARTESIAN_POINT('',(3.853371255356,-1.392764514545,
    11.415675728939));
#3816 = CARTESIAN_POINT('',(3.579885459261,-2.058496653334,
    11.374001140187));
#3817 = CARTESIAN_POINT('',(3.177660923274,-2.662878822873,
    11.332330576488));
#3818 = CARTESIAN_POINT('',(2.662841010672,-3.177677662144,
    11.290665910511));
#3819 = CARTESIAN_POINT('',(2.058507792088,-3.579863620902,
    11.249001240147));
#3820 = CARTESIAN_POINT('',(1.392801727557,-3.853338895846,
    11.207335954925));
#3821 = CARTESIAN_POINT('',(9.508293177113E-06,-4.126815942575,
    11.12400329264));
#3822 = CARTESIAN_POINT('',(-1.392800322961,-3.853338953942,
    11.040668291495));
#3823 = CARTESIAN_POINT('',(-2.058523631087,-3.579861696055,
    10.999000579574));
#3824 = CARTESIAN_POINT('',(-2.662873941008,-3.177677981372,
    10.957333843734));
#3825 = CARTESIAN_POINT('',(-3.177685573244,-2.662864891257,
    10.915667991477));
#3826 = CARTESIAN_POINT('',(-3.579863152914,-2.05851982263,
    10.874002050473));
#3827 = CARTESIAN_POINT('',(-3.853335329135,-1.392803620733,
    10.832335431355));
#3828 = CARTESIAN_POINT('',(-4.126807053878,1.765596215725E-07,
    10.749001735631));
#3829 = CARTESIAN_POINT('',(-3.85333416983,1.392803746227,
    10.665668039907));
#3830 = CARTESIAN_POINT('',(-3.57986197308,2.058519594704,10.62400142079
    ));
#3831 = CARTESIAN_POINT('',(-3.177687000032,2.66286520873,
    10.582335479786));
#3832 = CARTESIAN_POINT('',(-2.662876645734,3.177680477906,
    10.540669627527));
#3833 = CARTESIAN_POINT('',(-2.058524840745,3.579865009965,
    10.499002891688));
#3834 = CARTESIAN_POINT('',(-1.392800394241,3.853339210693,
    10.45733517977));
#3835 = CARTESIAN_POINT('',(9.73275255105E-06,4.126811419432,
    10.37400017862));
#3836 = CARTESIAN_POINT('',(1.392801656275,3.853336140184,
    10.290667516336));
#3837 = CARTESIAN_POINT('',(2.058508793174,3.57986485559,10.249002231166
    ));
#3838 = CARTESIAN_POINT('',(2.662841520914,3.177683548357,
    10.207337560602));
#3839 = CARTESIAN_POINT('',(3.177674714486,2.662892192079,
    10.165672894961));
#3840 = CARTESIAN_POINT('',(3.579888487037,2.058485655365,
    10.124002330947));
#3841 = CARTESIAN_POINT('',(3.853349740299,1.392763580026,
    10.082327742359));
#3842 = CARTESIAN_POINT('',(3.990076916997,0.696437495398,
    10.040668808958));
#3843 = CARTESIAN_POINT('',(3.990078860633,-1.657404119148E-07,
    9.999003471258));
#3844 = ADVANCED_FACE('',(#3845),#3890,.F.);
#3845 = FACE_BOUND('',#3846,.F.);
#3846 = EDGE_LOOP('',(#3847,#3883,#3884,#3885));
#3847 = ORIENTED_EDGE('',*,*,#3848,.F.);
#3848 = EDGE_CURVE('',#3088,#3849,#3851,.T.);
#3849 = VERTEX_POINT('',#3850);
#3850 = CARTESIAN_POINT('',(5.125002255628,2.05141614361E-08,
    9.156249570352));
#3851 = B_SPLINE_CURVE_WITH_KNOTS('',9,(#3852,#3853,#3854,#3855,#3856,
    #3857,#3858,#3859,#3860,#3861,#3862,#3863,#3864,#3865,#3866,#3867,
    #3868,#3869,#3870,#3871,#3872,#3873,#3874,#3875,#3876,#3877,#3878,
    #3879,#3880,#3881,#3882),.UNSPECIFIED.,.F.,.F.,(10,7,7,7,10),(0.,
    1.614938419963,3.229876839926,4.844815259889,6.459753679852),
  .UNSPECIFIED.);
#3852 = CARTESIAN_POINT('',(5.125,0.,10.65625));
#3853 = CARTESIAN_POINT('',(5.125000863567,-0.89447673816,
    10.614583168844));
#3854 = CARTESIAN_POINT('',(4.949413530176,-1.788960463664,
    10.572915545015));
#3855 = CARTESIAN_POINT('',(4.598100394066,-2.644042586742,
    10.531249858841));
#3856 = CARTESIAN_POINT('',(4.081513094733,-3.420276563941,
    10.489583674609));
#3857 = CARTESIAN_POINT('',(3.420266123178,-4.081533274579,
    10.447916760218));
#3858 = CARTESIAN_POINT('',(2.644028687497,-4.598106640084,
    10.406249846519));
#3859 = CARTESIAN_POINT('',(1.788966355721,-4.949369566332,
    10.364583008852));
#3860 = CARTESIAN_POINT('',(9.293008815137E-06,-5.300632651104,
    10.281249592461));
#3861 = CARTESIAN_POINT('',(-1.788961437446,-4.949370994305,
    10.197916465559));
#3862 = CARTESIAN_POINT('',(-2.644036835055,-4.598109457266,
    10.156249928266));
#3863 = CARTESIAN_POINT('',(-3.420291160373,-4.081531819587,
    10.11458327016));
#3864 = CARTESIAN_POINT('',(-4.081539947507,-3.420281138428,
    10.072916502692));
#3865 = CARTESIAN_POINT('',(-4.598111797086,-2.644030361813,
    10.031249746209));
#3866 = CARTESIAN_POINT('',(-4.949367718956,-1.788961350437,
    9.989583073656));
#3867 = CARTESIAN_POINT('',(-5.300624008586,2.91644733066E-08,
    9.906249785177));
#3868 = CARTESIAN_POINT('',(-4.949367243911,1.788961315493,
    9.822916496698));
#3869 = CARTESIAN_POINT('',(-4.598111328581,2.644030178524,
    9.781249824146));
#3870 = CARTESIAN_POINT('',(-4.081540634258,3.420281203291,
    9.739583067662));
#3871 = CARTESIAN_POINT('',(-3.420292418602,4.081532850432,
    9.697916300193));
#3872 = CARTESIAN_POINT('',(-2.644037448138,4.59811086005,9.656249642089
    ));
#3873 = CARTESIAN_POINT('',(-1.788961558536,4.94937107422,9.614583104796
    ));
#3874 = CARTESIAN_POINT('',(9.295011597168E-06,5.300630670912,
    9.531249977892));
#3875 = CARTESIAN_POINT('',(1.788966234631,4.949368392417,9.447916561502
    ));
#3876 = CARTESIAN_POINT('',(2.644029042259,4.598107228638,9.406249723858
    ));
#3877 = CARTESIAN_POINT('',(3.420266272435,4.081535913627,9.364582810072
    ));
#3878 = CARTESIAN_POINT('',(4.081519070289,3.420282490985,9.322915895827
    ));
#3879 = CARTESIAN_POINT('',(4.598101671581,2.644037855431,9.281249711457
    ));
#3880 = CARTESIAN_POINT('',(4.949404078581,1.788960144425,9.239584025355
    ));
#3881 = CARTESIAN_POINT('',(5.125001388482,0.894476758674,9.197916401511
    ));
#3882 = CARTESIAN_POINT('',(5.125002255628,2.051411257499E-08,
    9.156249570352));
#3883 = ORIENTED_EDGE('',*,*,#3130,.F.);
#3884 = ORIENTED_EDGE('',*,*,#3740,.T.);
#3885 = ORIENTED_EDGE('',*,*,#3886,.F.);
#3886 = EDGE_CURVE('',#3849,#3741,#3887,.T.);
#3887 = B_SPLINE_CURVE_WITH_KNOTS('',1,(#3888,#3889),.UNSPECIFIED.,.F.,
  .F.,(2,2),(0.,0.1875),.PIECEWISE_BEZIER_KNOTS.);
#3888 = CARTESIAN_POINT('',(5.125002255628,2.051411307491E-08,
    9.156249570352));
#3889 = CARTESIAN_POINT('',(5.125002900094,2.051416725379E-08,
    9.343749570351));
#3890 = B_SPLINE_SURFACE_WITH_KNOTS('',1,11,(
    (#3891,#3892,#3893,#3894,#3895,#3896,#3897,#3898,#3899,#3900,#3901
      ,#3902,#3903,#3904,#3905,#3906,#3907,#3908,#3909,#3910,#3911,#3912
      ,#3913,#3914,#3915,#3916,#3917,#3918,#3919,#3920)
    ,(#3921,#3922,#3923,#3924,#3925,#3926,#3927,#3928,#3929,#3930,#3931
      ,#3932,#3933,#3934,#3935,#3936,#3937,#3938,#3939,#3940,#3941,#3942
      ,#3943,#3944,#3945,#3946,#3947,#3948,#3949,#3950
  )),.UNSPECIFIED.,.F.,.F.,.F.,(2,2),(12,9,9,12),(0.,0.1875),(0.,
    1.614938419963,3.229876839926,6.459753679852),.UNSPECIFIED.);
#3891 = CARTESIAN_POINT('',(5.125,8.881784197001E-16,10.65625));
#3892 = CARTESIAN_POINT('',(5.125000706555,-0.731844603949,
    10.622158956327));
#3893 = CARTESIAN_POINT('',(5.010070956919,-1.463693781432,
    10.588067393813));
#3894 = CARTESIAN_POINT('',(4.780140697251,-2.175484977659,
    10.553976702444));
#3895 = CARTESIAN_POINT('',(4.439183040076,-2.847141146425,
    10.519886299717));
#3896 = CARTESIAN_POINT('',(3.995097975099,-3.459485852809,
    10.485795640545));
#3897 = CARTESIAN_POINT('',(3.459472127112,-3.995112965403,
    10.451704661652));
#3898 = CARTESIAN_POINT('',(2.847130726748,-4.439189128847,
    10.41761355855));
#3899 = CARTESIAN_POINT('',(2.17548107746,-4.78012470619,10.383522487581
    ));
#3900 = CARTESIAN_POINT('',(1.463701373102,-5.010042287466,
    10.349431479915));
#3901 = CARTESIAN_POINT('',(8.112612562598E-06,-5.239960059787,
    10.281249617462));
#3902 = CARTESIAN_POINT('',(-1.463694094035,-5.010043455807,
    10.213067944493));
#3903 = CARTESIAN_POINT('',(-2.175482438127,-4.780126802454,
    10.178977131852));
#3904 = CARTESIAN_POINT('',(-2.847143897708,-4.439190163281,
    10.144886281057));
#3905 = CARTESIAN_POINT('',(-3.459494588627,-3.99511393158,
    10.110795362325));
#3906 = CARTESIAN_POINT('',(-3.995121523665,-3.459485728447,
    10.076704392641));
#3907 = CARTESIAN_POINT('',(-4.439194100543,-2.847136766192,
    10.042613416224));
#3908 = CARTESIAN_POINT('',(-4.780126239357,-2.175479354965,
    10.008522471815));
#3909 = CARTESIAN_POINT('',(-5.010039257733,-1.463695645479,
    9.97443156666));
#3910 = CARTESIAN_POINT('',(-5.354909011068,0.731847854404,
    9.872158894436));
#3911 = CARTESIAN_POINT('',(-4.665168629882,2.927391216917,
    9.769886222211));
#3912 = CARTESIAN_POINT('',(-3.745512814793,4.230575543068,
    9.701704193924));
#3913 = CARTESIAN_POINT('',(-2.429071590637,5.212748064027,
    9.633522727601));
#3914 = CARTESIAN_POINT('',(-0.841783149484,5.741659854221,
    9.565338493479));
#3915 = CARTESIAN_POINT('',(0.84183353345,5.741646398413,9.497162152954)
  );
#3916 = CARTESIAN_POINT('',(2.429115596538,5.212719413019,9.428977949355
    ));
#3917 = CARTESIAN_POINT('',(3.745326063546,4.230601389031,9.360790830945
    ));
#3918 = CARTESIAN_POINT('',(4.665256003937,2.927395840916,9.292615820448
    ));
#3919 = CARTESIAN_POINT('',(5.125000836662,1.463689228412,9.224431657703
    ));
#3920 = CARTESIAN_POINT('',(5.125002255628,2.051411307491E-08,
    9.156249570352));
#3921 = CARTESIAN_POINT('',(5.125,0.,10.84375));
#3922 = CARTESIAN_POINT('',(5.125000908428,-0.731844649954,
    10.809658956327));
#3923 = CARTESIAN_POINT('',(5.010072124475,-1.463693905167,
    10.775567393813));
#3924 = CARTESIAN_POINT('',(4.780141488744,-2.175485481019,
    10.74147670244));
#3925 = CARTESIAN_POINT('',(4.439183046005,-2.847141353757,
    10.707386299717));
#3926 = CARTESIAN_POINT('',(3.995097719686,-3.459485630829,
    10.673295640548));
#3927 = CARTESIAN_POINT('',(3.459472088684,-3.995112766721,
    10.639204661651));
#3928 = CARTESIAN_POINT('',(2.847130871168,-4.43918924113,
    10.605113558548));
#3929 = CARTESIAN_POINT('',(2.175481193721,-4.780125050647,
    10.571022487582));
#3930 = CARTESIAN_POINT('',(1.463701476529,-5.01004279009,
    10.536931479915));
#3931 = CARTESIAN_POINT('',(8.11236743317E-06,-5.239960636768,
    10.468749617461));
#3932 = CARTESIAN_POINT('',(-1.463694174667,-5.010043810206,
    10.400567944493));
#3933 = CARTESIAN_POINT('',(-2.175482525042,-4.780127002161,
    10.366477131852));
#3934 = CARTESIAN_POINT('',(-2.847143964152,-4.439190281272,
    10.332386281057));
#3935 = CARTESIAN_POINT('',(-3.459494667703,-3.995114061506,
    10.298295362325));
#3936 = CARTESIAN_POINT('',(-3.995121686467,-3.45948590322,
    10.264204392641));
#3937 = CARTESIAN_POINT('',(-4.439194385303,-2.847136953002,
    10.230113416224));
#3938 = CARTESIAN_POINT('',(-4.780126606686,-2.17547950443,
    10.196022471815));
#3939 = CARTESIAN_POINT('',(-5.0100396291,-1.463695737333,10.16193156666
    ));
#3940 = CARTESIAN_POINT('',(-5.354909319575,0.731847913872,
    10.059658894436));
#3941 = CARTESIAN_POINT('',(-4.66516881048,2.927391387868,9.957386222211
    ));
#3942 = CARTESIAN_POINT('',(-3.745512531469,4.230576342897,
    9.889204193927));
#3943 = CARTESIAN_POINT('',(-2.429074840342,5.212745202822,
    9.821022727581));
#3944 = CARTESIAN_POINT('',(-0.841779090303,5.741670696677,
    9.752838493518));
#3945 = CARTESIAN_POINT('',(0.841832995029,5.741630573854,9.684662152902
    ));
#3946 = CARTESIAN_POINT('',(2.429110351563,5.212730781049,9.616477949407
    ));
#3947 = CARTESIAN_POINT('',(3.745333885883,4.230599137868,9.548290830908
    ));
#3948 = CARTESIAN_POINT('',(4.66525272787,2.927395898209,9.48011582046)
  );
#3949 = CARTESIAN_POINT('',(5.125001077381,1.463689320421,9.411931657703
    ));
#3950 = CARTESIAN_POINT('',(5.125002900094,2.051416725379E-08,
    9.343749570351));
#3951 = ADVANCED_FACE('',(#3952),#4045,.F.);
#3952 = FACE_BOUND('',#3953,.F.);
#3953 = EDGE_LOOP('',(#3954,#4038,#4039,#4040));
#3954 = ORIENTED_EDGE('',*,*,#3955,.F.);
#3955 = EDGE_CURVE('',#3079,#3956,#3958,.T.);
#3956 = VERTEX_POINT('',#3957);
#3957 = CARTESIAN_POINT('',(4.375,-5.128498630092E-08,8.723239003325));
#3958 = B_SPLINE_CURVE_WITH_KNOTS('',8,(#3959,#3960,#3961,#3962,#3963,
    #3964,#3965,#3966,#3967,#3968,#3969,#3970,#3971,#3972,#3973,#3974,
    #3975,#3976,#3977,#3978,#3979,#3980,#3981,#3982,#3983,#3984,#3985,
    #3986,#3987,#3988,#3989,#3990,#3991,#3992,#3993,#3994,#3995,#3996,
    #3997,#3998,#3999,#4000,#4001,#4002,#4003,#4004,#4005,#4006,#4007,
    #4008,#4009,#4010,#4011,#4012,#4013,#4014,#4015,#4016,#4017,#4018,
    #4019,#4020,#4021,#4022,#4023,#4024,#4025,#4026,#4027,#4028,#4029,
    #4030,#4031,#4032,#4033,#4034,#4035,#4036,#4037),.UNSPECIFIED.,.F.,
  .F.,(9,7,7,7,7,7,7,7,7,7,7,9),(0.,8.311401926652E-02,0.143660387249,
    0.267244659413,0.413799577055,0.443943110506,0.561426963266,
    0.689994846912,0.749370963168,0.844350040925,0.94692717018,1.),
  .UNSPECIFIED.);
#3959 = CARTESIAN_POINT('',(2.597595679965,-3.520386581531,10.0000006));
#3960 = CARTESIAN_POINT('',(2.402010594021,-3.664703395246,9.98673694287
    ));
#3961 = CARTESIAN_POINT('',(2.197250128816,-3.796610446521,
    9.973472370274));
#3962 = CARTESIAN_POINT('',(1.984250171367,-3.915413207224,9.9602081192)
  );
#3963 = CARTESIAN_POINT('',(1.763994177491,-4.020517549804,9.94694434916
    ));
#3964 = CARTESIAN_POINT('',(1.537507443332,-4.111420700438,
    9.933680661425));
#3965 = CARTESIAN_POINT('',(1.305854211277,-4.187708654723,
    9.920416627511));
#3966 = CARTESIAN_POINT('',(1.070137610274,-4.249060055922,
    9.907152326919));
#3967 = CARTESIAN_POINT('',(0.657663004497,-4.328909451269,
    9.884226833615));
#3968 = CARTESIAN_POINT('',(0.482264024448,-4.354521902228,
    9.874564644199));
#3969 = CARTESIAN_POINT('',(0.305743627282,-4.372009334793,
    9.864902544511));
#3970 = CARTESIAN_POINT('',(0.128541509782,-4.381315829859,
    9.855240536922));
#3971 = CARTESIAN_POINT('',(-4.890143251497E-02,-4.382414112329,
    9.845578516652));
#3972 = CARTESIAN_POINT('',(-0.226143466454,-4.375305560382,
    9.835916380884));
#3973 = CARTESIAN_POINT('',(-0.402742382408,-4.360020214747,
    9.826254137884));
#3974 = CARTESIAN_POINT('',(-0.936505334948,-4.288846862846,
    9.796870167793));
#3975 = CARTESIAN_POINT('',(-1.290350681149,-4.20723935753,
    9.777142471381));
#3976 = CARTESIAN_POINT('',(-1.635900088861,-4.092280435272,
    9.757417127653));
#3977 = CARTESIAN_POINT('',(-1.969499968434,-3.945002096036,
    9.737694811777));
#3978 = CARTESIAN_POINT('',(-2.287699735435,-3.766876574487,
    9.717972455763));
#3979 = CARTESIAN_POINT('',(-2.58724903504,-3.559776771166,
    9.698247025836));
#3980 = CARTESIAN_POINT('',(-2.8651274011,-3.326002716859,9.678519294728
    ));
#3981 = CARTESIAN_POINT('',(-3.41919950641,-2.762859910143,9.63541024744
    ));
#3982 = CARTESIAN_POINT('',(-3.685762452215,-2.423513267668,
    9.612009680882));
#3983 = CARTESIAN_POINT('',(-3.913558140438,-2.055009914282,
    9.588616977238));
#3984 = CARTESIAN_POINT('',(-4.098999964032,-1.662598881237,
    9.565230267636));
#3985 = CARTESIAN_POINT('',(-4.239314821844,-1.251883814154,
    9.541843513996));
#3986 = CARTESIAN_POINT('',(-4.332588640815,-0.828816809214,
    9.518450873133));
#3987 = CARTESIAN_POINT('',(-4.377738037957,-0.399662281184,
    9.495050310796));
#3988 = CARTESIAN_POINT('',(-4.374321550679,0.117077431303,
    9.466852529888));
#3989 = CARTESIAN_POINT('',(-4.371708741045,0.205216417728,
    9.462042156372));
#3990 = CARTESIAN_POINT('',(-4.367066318879,0.293287426679,
    9.457231759243));
#3991 = CARTESIAN_POINT('',(-4.360396404095,0.381235885914,9.45242134139
    ));
#3992 = CARTESIAN_POINT('',(-4.351702868517,0.469007394431,9.44761090505
    ));
#3993 = CARTESIAN_POINT('',(-4.340991335878,0.556547722463,
    9.442800451814));
#3994 = CARTESIAN_POINT('',(-4.328269181822,0.643802811484,9.43798998262
    ));
#3995 = CARTESIAN_POINT('',(-4.256160393988,1.069472098626,
    9.414430723792));
#3996 = CARTESIAN_POINT('',(-4.168357403923,1.403157301826,
    9.395677260397));
#3997 = CARTESIAN_POINT('',(-4.050673163977,1.728461679496,
    9.376925636225));
#3998 = CARTESIAN_POINT('',(-3.904078747138,2.042274347418,
    9.358176486384));
#3999 = CARTESIAN_POINT('',(-3.729902017258,2.341658338986,
    9.339427477123));
#4000 = CARTESIAN_POINT('',(-3.529798249105,2.623847965987,
    9.320676239012));
#4001 = CARTESIAN_POINT('',(-3.305769050322,2.886271442604,9.30192330862
    ));
#4002 = CARTESIAN_POINT('',(-2.791524664345,3.389599819049,
    9.262658044309));
#4003 = CARTESIAN_POINT('',(-2.496894990668,3.626299406218,
    9.242134223058));
#4004 = CARTESIAN_POINT('',(-2.179476055823,3.833570004594,
    9.221614317573));
#4005 = CARTESIAN_POINT('',(-1.84274091004,4.00890490198,9.201097688053)
  );
#4006 = CARTESIAN_POINT('',(-1.490408613088,4.150308075252,
    9.180580936933));
#4007 = CARTESIAN_POINT('',(-1.126415671186,4.256256557753,
    9.160060745089));
#4008 = CARTESIAN_POINT('',(-0.754926010757,4.325746601153,
    9.139536656804));
#4009 = CARTESIAN_POINT('',(-0.20736806301,4.373531282666,9.109544139329
    ));
#4010 = CARTESIAN_POINT('',(-3.369363919573E-02,4.380780939962,
    9.100068591209));
#4011 = CARTESIAN_POINT('',(0.140249117276,4.380147564537,9.090593087261
    ));
#4012 = CARTESIAN_POINT('',(0.314042344916,4.371621307405,9.081117658371
    ));
#4013 = CARTESIAN_POINT('',(0.48726975849,4.355218785227,9.071642240739)
  );
#4014 = CARTESIAN_POINT('',(0.659516972461,4.330983057066,9.06216677119)
  );
#4015 = CARTESIAN_POINT('',(0.830371824436,4.298983601143,9.052691282474
    ));
#4016 = CARTESIAN_POINT('',(1.269844643429,4.195863766972,9.028059168157
    ));
#4017 = CARTESIAN_POINT('',(1.535688813946,4.112783167719,9.012900920891
    ));
#4018 = CARTESIAN_POINT('',(1.795252385872,4.010467325561,8.997743548885
    ));
#4019 = CARTESIAN_POINT('',(2.04691491875,3.889483974261,8.982587218005)
  );
#4020 = CARTESIAN_POINT('',(2.289132490924,3.750553535281,8.967430982288
    ));
#4021 = CARTESIAN_POINT('',(2.520437078056,3.594540662491,8.95227383126)
  );
#4022 = CARTESIAN_POINT('',(2.739443175213,3.422459545926,8.937115770166
    ));
#4023 = CARTESIAN_POINT('',(3.166713034632,3.033569618354,8.905589592923
    ));
#4024 = CARTESIAN_POINT('',(3.372772401545,2.81423248413,8.889217565759)
  );
#4025 = CARTESIAN_POINT('',(3.561395668838,2.578963111065,8.872846060749
    ));
#4026 = CARTESIAN_POINT('',(3.731160946726,2.329394150823,8.8564751527)
  );
#4027 = CARTESIAN_POINT('',(3.880840194143,2.067285421981,8.840103707361
    ));
#4028 = CARTESIAN_POINT('',(4.009391610047,1.794512960689,8.82373100086)
  );
#4029 = CARTESIAN_POINT('',(4.115972771945,1.513071067588,8.807358033288
    ));
#4030 = CARTESIAN_POINT('',(4.243436554529,1.076086195576,8.782519050825
    ));
#4031 = CARTESIAN_POINT('',(4.280857711804,0.925321319777,8.774049795907
    ));
#4032 = CARTESIAN_POINT('',(4.312154127599,0.773080665287,8.765580931514
    ));
#4033 = CARTESIAN_POINT('',(4.337258634164,0.619654893367,8.757112490764
    ));
#4034 = CARTESIAN_POINT('',(4.356120786016,0.4653372234,8.748644376801)
  );
#4035 = CARTESIAN_POINT('',(4.368706884111,0.310423271421,8.740176359529
    ));
#4036 = CARTESIAN_POINT('',(4.375,0.155210888645,8.731708072355));
#4037 = CARTESIAN_POINT('',(4.375,8.881784197001E-16,8.723239008922));
#4038 = ORIENTED_EDGE('',*,*,#3087,.F.);
#4039 = ORIENTED_EDGE('',*,*,#3848,.T.);
#4040 = ORIENTED_EDGE('',*,*,#4041,.F.);
#4041 = EDGE_CURVE('',#3956,#3849,#4042,.T.);
#4042 = B_SPLINE_CURVE_WITH_KNOTS('',1,(#4043,#4044),.UNSPECIFIED.,.F.,
  .F.,(2,2),(0.,1.3105),.PIECEWISE_BEZIER_KNOTS.);
#4043 = CARTESIAN_POINT('',(3.990073711784,-1.657408493427E-07,
    8.501003471267));
#4044 = CARTESIAN_POINT('',(5.125002255628,2.051411257499E-08,
    9.156249570352));
#4045 = B_SPLINE_SURFACE_WITH_KNOTS('',1,9,(
    (#4046,#4047,#4048,#4049,#4050,#4051,#4052,#4053,#4054,#4055,#4056
      ,#4057,#4058,#4059,#4060,#4061,#4062,#4063,#4064,#4065,#4066,#4067
      ,#4068,#4069,#4070,#4071,#4072,#4073,#4074,#4075,#4076)
    ,(#4077,#4078,#4079,#4080,#4081,#4082,#4083,#4084,#4085,#4086,#4087
      ,#4088,#4089,#4090,#4091,#4092,#4093,#4094,#4095,#4096,#4097,#4098
      ,#4099,#4100,#4101,#4102,#4103,#4104,#4105,#4106,#4107
  )),.UNSPECIFIED.,.F.,.F.,.F.,(2,2),(10,7,7,7,10),(0.,1.3105),(0.,
    1.614938419963,3.229876839926,4.844815259889,6.459753679852),
  .UNSPECIFIED.);
#4046 = CARTESIAN_POINT('',(3.99007370834,0.,10.001));
#4047 = CARTESIAN_POINT('',(3.990073709656,-0.696437211914,
    9.959334662307));
#4048 = CARTESIAN_POINT('',(3.853357989868,-1.392763228858,
    9.917675728942));
#4049 = CARTESIAN_POINT('',(3.579884619727,-2.058489904084,
    9.876001140252));
#4050 = CARTESIAN_POINT('',(3.177665708748,-2.662883850915,
    9.834330576386));
#4051 = CARTESIAN_POINT('',(2.662839481551,-3.177678608282,
    9.792665910581));
#4052 = CARTESIAN_POINT('',(2.058506889821,-3.579861970812,
    9.751001240123));
#4053 = CARTESIAN_POINT('',(1.392800713317,-3.853335061643,9.70933595493
    ));
#4054 = CARTESIAN_POINT('',(9.534795556912E-06,-4.126811019867,
    9.626003292648));
#4055 = CARTESIAN_POINT('',(-1.392799539916,-3.853336567123,
    9.542668291496));
#4056 = CARTESIAN_POINT('',(-2.058522981655,-3.579860999422,
    9.501000579574));
#4057 = CARTESIAN_POINT('',(-2.662873640324,-3.177677123268,
    9.459333843733));
#4058 = CARTESIAN_POINT('',(-3.177684291158,-2.662863265836,
    9.417667991478));
#4059 = CARTESIAN_POINT('',(-3.579860296355,-2.05851830629,
    9.376002050476));
#4060 = CARTESIAN_POINT('',(-3.853332292574,-1.39280270483,
    9.334335431359));
#4061 = CARTESIAN_POINT('',(-4.126804391232,8.577096490011E-08,
    9.251001735634));
#4062 = CARTESIAN_POINT('',(-3.853332233985,1.392802864868,
    9.167668039909));
#4063 = CARTESIAN_POINT('',(-3.579860210117,2.05851845474,9.126001420791
    ));
#4064 = CARTESIAN_POINT('',(-3.177684181575,2.662863397957,
    9.084335479789));
#4065 = CARTESIAN_POINT('',(-2.662873510223,3.177677235472,
    9.042669627534));
#4066 = CARTESIAN_POINT('',(-2.058522833862,3.579861087086,
    9.001002891693));
#4067 = CARTESIAN_POINT('',(-1.39279938001,3.85333662511,8.959335179771)
  );
#4068 = CARTESIAN_POINT('',(9.706251672072E-06,4.126811016844,
    8.876000178619));
#4069 = CARTESIAN_POINT('',(1.392800873223,3.853335001986,8.792667516337
    ));
#4070 = CARTESIAN_POINT('',(2.058507039091,3.579861886187,8.751002231144
    ));
#4071 = CARTESIAN_POINT('',(2.662839613802,3.177678501677,8.709337560685
    ));
#4072 = CARTESIAN_POINT('',(3.177665828495,2.662883727943,8.667672894882
    ));
#4073 = CARTESIAN_POINT('',(3.579884707207,2.058489748136,8.626002331015
    ));
#4074 = CARTESIAN_POINT('',(3.85335803331,1.392763068277,8.584327742325)
  );
#4075 = CARTESIAN_POINT('',(3.990073739384,0.696437046173,8.54266880896)
  );
#4076 = CARTESIAN_POINT('',(3.990073711784,-1.657408493427E-07,
    8.501003471267));
#4077 = CARTESIAN_POINT('',(5.125,0.,10.65625));
#4078 = CARTESIAN_POINT('',(5.125000863567,-0.89447673816,
    10.614583168844));
#4079 = CARTESIAN_POINT('',(4.949413530176,-1.788960463664,
    10.572915545015));
#4080 = CARTESIAN_POINT('',(4.598100394066,-2.644042586742,
    10.531249858841));
#4081 = CARTESIAN_POINT('',(4.081513094733,-3.420276563941,
    10.489583674609));
#4082 = CARTESIAN_POINT('',(3.420266123178,-4.081533274579,
    10.447916760218));
#4083 = CARTESIAN_POINT('',(2.644028687497,-4.598106640084,
    10.406249846519));
#4084 = CARTESIAN_POINT('',(1.788966355721,-4.949369566332,
    10.364583008852));
#4085 = CARTESIAN_POINT('',(9.293008815137E-06,-5.300632651104,
    10.281249592461));
#4086 = CARTESIAN_POINT('',(-1.788961437446,-4.949370994305,
    10.197916465559));
#4087 = CARTESIAN_POINT('',(-2.644036835055,-4.598109457266,
    10.156249928266));
#4088 = CARTESIAN_POINT('',(-3.420291160373,-4.081531819587,
    10.11458327016));
#4089 = CARTESIAN_POINT('',(-4.081539947507,-3.420281138428,
    10.072916502692));
#4090 = CARTESIAN_POINT('',(-4.598111797086,-2.644030361813,
    10.031249746209));
#4091 = CARTESIAN_POINT('',(-4.949367718956,-1.788961350437,
    9.989583073656));
#4092 = CARTESIAN_POINT('',(-5.300624008586,2.91644733066E-08,
    9.906249785177));
#4093 = CARTESIAN_POINT('',(-4.949367243911,1.788961315493,
    9.822916496698));
#4094 = CARTESIAN_POINT('',(-4.598111328581,2.644030178524,
    9.781249824146));
#4095 = CARTESIAN_POINT('',(-4.081540634258,3.420281203291,
    9.739583067662));
#4096 = CARTESIAN_POINT('',(-3.420292418602,4.081532850432,
    9.697916300193));
#4097 = CARTESIAN_POINT('',(-2.644037448138,4.59811086005,9.656249642089
    ));
#4098 = CARTESIAN_POINT('',(-1.788961558536,4.94937107422,9.614583104796
    ));
#4099 = CARTESIAN_POINT('',(9.295011597168E-06,5.300630670912,
    9.531249977892));
#4100 = CARTESIAN_POINT('',(1.788966234631,4.949368392417,9.447916561502
    ));
#4101 = CARTESIAN_POINT('',(2.644029042259,4.598107228638,9.406249723858
    ));
#4102 = CARTESIAN_POINT('',(3.420266272435,4.081535913627,9.364582810072
    ));
#4103 = CARTESIAN_POINT('',(4.081519070289,3.420282490985,9.322915895827
    ));
#4104 = CARTESIAN_POINT('',(4.598101671581,2.644037855431,9.281249711457
    ));
#4105 = CARTESIAN_POINT('',(4.949404078581,1.788960144425,9.239584025355
    ));
#4106 = CARTESIAN_POINT('',(5.125001388482,0.894476758674,9.197916401511
    ));
#4107 = CARTESIAN_POINT('',(5.125002255628,2.051411257499E-08,
    9.156249570352));
#4108 = ADVANCED_FACE('',(#4109),#4217,.F.);
#4109 = FACE_BOUND('',#4110,.T.);
#4110 = EDGE_LOOP('',(#4111,#4112,#4113,#4210,#4216));
#4111 = ORIENTED_EDGE('',*,*,#3078,.T.);
#4112 = ORIENTED_EDGE('',*,*,#3703,.T.);
#4113 = ORIENTED_EDGE('',*,*,#4114,.T.);
#4114 = EDGE_CURVE('',#3704,#4115,#4117,.T.);
#4115 = VERTEX_POINT('',#4116);
#4116 = CARTESIAN_POINT('',(4.375,-1.025705512742E-07,8.276772065702));
#4117 = B_SPLINE_CURVE_WITH_KNOTS('',7,(#4118,#4119,#4120,#4121,#4122,
    #4123,#4124,#4125,#4126,#4127,#4128,#4129,#4130,#4131,#4132,#4133,
    #4134,#4135,#4136,#4137,#4138,#4139,#4140,#4141,#4142,#4143,#4144,
    #4145,#4146,#4147,#4148,#4149,#4150,#4151,#4152,#4153,#4154,#4155,
    #4156,#4157,#4158,#4159,#4160,#4161,#4162,#4163,#4164,#4165,#4166,
    #4167,#4168,#4169,#4170,#4171,#4172,#4173,#4174,#4175,#4176,#4177,
    #4178,#4179,#4180,#4181,#4182,#4183,#4184,#4185,#4186,#4187,#4188,
    #4189,#4190,#4191,#4192,#4193,#4194,#4195,#4196,#4197,#4198,#4199,
    #4200,#4201,#4202,#4203,#4204,#4205,#4206,#4207,#4208,#4209),
  .UNSPECIFIED.,.F.,.F.,(8,6,6,6,6,6,6,6,6,6,6,6,6,6,6,8),(0.,
    4.752587626616E-02,8.39439794731E-02,0.202834943035,0.226940338653,
    0.28685421728,0.380599696887,0.481467357486,0.505340674756,
    0.595341559533,0.629343826017,0.745939775943,0.803458027542,
    0.868428922845,0.95897752213,1.),.UNSPECIFIED.);
#4118 = CARTESIAN_POINT('',(4.375,-2.051411023274E-07,9.776767378186));
#4119 = CARTESIAN_POINT('',(4.375,-0.186620969928,9.766584718113));
#4120 = CARTESIAN_POINT('',(4.365712523917,-0.373244292074,
    9.756403519263));
#4121 = CARTESIAN_POINT('',(4.347137855386,-0.55931094369,9.746222558252
    ));
#4122 = CARTESIAN_POINT('',(4.319317409462,-0.744266999657,
    9.736041089863));
#4123 = CARTESIAN_POINT('',(4.282333639617,-0.927564420975,
    9.725858789906));
#4124 = CARTESIAN_POINT('',(4.236309944727,-1.10866163811,9.715675698063
    ));
#4125 = CARTESIAN_POINT('',(4.139342317031,-1.423699653165,9.69768872518
    ));
#4126 = CARTESIAN_POINT('',(4.092061756976,-1.558771699757,
    9.689884922549));
#4127 = CARTESIAN_POINT('',(4.039642798963,-1.692000425588,
    9.682080843496));
#4128 = CARTESIAN_POINT('',(3.982172426794,-1.823151727072,
    9.674276575783));
#4129 = CARTESIAN_POINT('',(3.919750705016,-1.951997245572,9.66647220429
    ));
#4130 = CARTESIAN_POINT('',(3.852490778922,-2.078314367399,
    9.658667811015));
#4131 = CARTESIAN_POINT('',(3.545558557918,-2.605300344363,
    9.625385349136));
#4132 = CARTESIAN_POINT('',(3.260243623011,-2.97968825894,9.59989337879)
  );
#4133 = CARTESIAN_POINT('',(2.929090374399,-3.317079636131,9.57441588081
    ));
#4134 = CARTESIAN_POINT('',(2.557994538542,-3.610990361415,
    9.548943903878));
#4135 = CARTESIAN_POINT('',(2.153722928241,-3.8560612772,9.523468601437)
  );
#4136 = CARTESIAN_POINT('',(1.723937298242,-4.04803856367,9.497980936262
    ));
#4137 = CARTESIAN_POINT('',(1.186900538025,-4.2119892445,9.467341929871)
  );
#4138 = CARTESIAN_POINT('',(1.095672670792,-4.237341907424,
    9.462176977527));
#4139 = CARTESIAN_POINT('',(1.003816481074,-4.260388318951,
    9.457011996931));
#4140 = CARTESIAN_POINT('',(0.911401953685,-4.281109977704,
    9.451846988944));
#4141 = CARTESIAN_POINT('',(0.818499675534,-4.299491056463,
    9.446681955496));
#4142 = CARTESIAN_POINT('',(0.72518083563,-4.31551840216,9.441516899589)
  );
#4143 = CARTESIAN_POINT('',(0.398716640363,-4.363141208167,
    9.423514050753));
#4144 = CARTESIAN_POINT('',(0.16377679072,-4.382496891659,9.410675671792
    ));
#4145 = CARTESIAN_POINT('',(-7.21877522182E-02,-4.387084038931,
    9.39783755753));
#4146 = CARTESIAN_POINT('',(-0.308064656346,-4.376849735151,
    9.384999639668));
#4147 = CARTESIAN_POINT('',(-0.54274513771,-4.351842090123,9.3721615307)
  );
#4148 = CARTESIAN_POINT('',(-0.775125687367,-4.312210152539,
    9.35932314202));
#4149 = CARTESIAN_POINT('',(-1.362395558684,-4.173728700442,
    9.326398312011));
#4150 = CARTESIAN_POINT('',(-1.712466028285,-4.054053875434,
    9.306307197159));
#4151 = CARTESIAN_POINT('',(-2.050030202419,-3.900174432227,
    9.28621951237));
#4152 = CARTESIAN_POINT('',(-2.371134097395,-3.713718840202,
    9.266134011998));
#4153 = CARTESIAN_POINT('',(-2.672104656303,-3.496819884432,
    9.246046455586));
#4154 = CARTESIAN_POINT('',(-2.949567757914,-3.252104297855,
    9.225955487876));
#4155 = CARTESIAN_POINT('',(-3.47058105581,-2.693059806425,
    9.184255624576));
#4156 = CARTESIAN_POINT('',(-3.710096451659,-2.374700744269,
    9.162636150806));
#4157 = CARTESIAN_POINT('',(-3.915297484758,-2.031740686825,
    9.141020853782));
#4158 = CARTESIAN_POINT('',(-4.08327627839,-1.668645954976,
    9.119408175992));
#4159 = CARTESIAN_POINT('',(-4.211811559948,-1.290217929954,
    9.097792541532));
#4160 = CARTESIAN_POINT('',(-4.299381930725,-0.901564373543,
    9.076172541707));
#4161 = CARTESIAN_POINT('',(-4.356275924219,-0.415057959861,
    9.049443620811));
#4162 = CARTESIAN_POINT('',(-4.36483691206,-0.321676556486,
    9.044328174565));
#4163 = CARTESIAN_POINT('',(-4.37106215832,-0.228092850308,
    9.039212748677));
#4164 = CARTESIAN_POINT('',(-4.374946118274,-0.134376940427,
    9.034097345161));
#4165 = CARTESIAN_POINT('',(-4.376485882028,-4.059903878881E-02,
    9.028981965657));
#4166 = CARTESIAN_POINT('',(-4.375681174518,5.317052981849E-02,
    9.023866611429));
#4167 = CARTESIAN_POINT('',(-4.360671048401,0.500069665541,
    8.999466822556));
#4168 = CARTESIAN_POINT('',(-4.315518271752,0.852225980394,
    8.980179169554));
#4169 = CARTESIAN_POINT('',(-4.237185465064,1.199445945327,
    8.960894454654));
#4170 = CARTESIAN_POINT('',(-4.12637023484,1.53801162571,8.941611639003)
  );
#4171 = CARTESIAN_POINT('',(-3.984241819255,1.864350752967,
    8.922327241593));
#4172 = CARTESIAN_POINT('',(-3.812435935394,2.175052454154,
    8.903040118154));
#4173 = CARTESIAN_POINT('',(-3.537875091939,2.577186563862,
    8.876470876924));
#4174 = CARTESIAN_POINT('',(-3.458662823814,2.684773609709,
    8.869185418573));
#4175 = CARTESIAN_POINT('',(-3.375639333528,2.78951203963,8.861899914283
    ));
#4176 = CARTESIAN_POINT('',(-3.28892801136,2.891240360446,8.854614363428
    ));
#4177 = CARTESIAN_POINT('',(-3.198660508996,2.989804121122,
    8.847328767361));
#4178 = CARTESIAN_POINT('',(-3.104976739531,3.085055912764,
    8.840043129418));
#4179 = CARTESIAN_POINT('',(-2.675570731796,3.491641583346,
    8.807774410325));
#4180 = CARTESIAN_POINT('',(-2.304511984853,3.766000179069,
    8.782777922743));
#4181 = CARTESIAN_POINT('',(-1.901042844255,3.993932819811,8.75779167879
    ));
#4182 = CARTESIAN_POINT('',(-1.472196233004,4.171103053136,
    8.732808489845));
#4183 = CARTESIAN_POINT('',(-1.025499304837,4.294401620201,
    8.707822408206));
#4184 = CARTESIAN_POINT('',(-0.568994037018,4.361935906387,
    8.682826001495));
#4185 = CARTESIAN_POINT('',(0.114480285675,4.379329745653,8.64551841249)
  );
#4186 = CARTESIAN_POINT('',(0.340617819792,4.371477262708,8.633193617779
    ));
#4187 = CARTESIAN_POINT('',(0.56611321169,4.34999942601,8.620869183012)
  );
#4188 = CARTESIAN_POINT('',(0.789983586699,4.314962929871,8.608544964414
    ));
#4189 = CARTESIAN_POINT('',(1.011258724866,4.266519626822,8.596220557625
    ));
#4190 = CARTESIAN_POINT('',(1.228982431853,4.204906301504,8.583895833443
    ));
#4191 = CARTESIAN_POINT('',(1.683076460011,4.046351944485,8.557650202117
    ));
#4192 = CARTESIAN_POINT('',(1.918228562415,3.945860558963,8.543728187808
    ));
#4193 = CARTESIAN_POINT('',(2.146310792689,3.829450261484,8.529806625015
    ));
#4194 = CARTESIAN_POINT('',(2.366039227397,3.697728730624,8.515885337609
    ));
#4195 = CARTESIAN_POINT('',(2.57620024608,3.551423499886,8.501963708169)
  );
#4196 = CARTESIAN_POINT('',(2.775652833856,3.391380566393,8.488041609345
    ));
#4197 = CARTESIAN_POINT('',(3.224914857521,2.977745715481,8.454718498308
    ));
#4198 = CARTESIAN_POINT('',(3.463705464991,2.712066126344,8.435313250235
    ));
#4199 = CARTESIAN_POINT('',(3.676784392326,2.424204191375,8.415910947849
    ));
#4200 = CARTESIAN_POINT('',(3.86174804387,2.117170636395,8.396510903103)
  );
#4201 = CARTESIAN_POINT('',(4.016621171798,1.794244341491,8.377109342616
    ));
#4202 = CARTESIAN_POINT('',(4.139865761618,1.458957591774,8.357704449457
    ));
#4203 = CARTESIAN_POINT('',(4.271552443404,0.959381126801,8.329512522651
    ));
#4204 = CARTESIAN_POINT('',(4.305920333899,0.801853531085,8.320722359203
    ));
#4205 = CARTESIAN_POINT('',(4.333506237019,0.642908057308,8.311932103015
    ));
#4206 = CARTESIAN_POINT('',(4.354241553282,0.482895094917,8.303141775125
    ));
#4207 = CARTESIAN_POINT('',(4.368080471356,0.322168117916,8.294351438163
    ));
#4208 = CARTESIAN_POINT('',(4.375,0.161083410861,8.285561341383));
#4209 = CARTESIAN_POINT('',(4.375,-2.051411023274E-07,8.276772065702));
#4210 = ORIENTED_EDGE('',*,*,#4211,.F.);
#4211 = EDGE_CURVE('',#3956,#4115,#4212,.T.);
#4212 = LINE('',#4213,#4214);
#4213 = CARTESIAN_POINT('',(4.375,0.,10.));
#4214 = VECTOR('',#4215,1.);
#4215 = DIRECTION('',(-7.105427357601E-17,0.,-1.));
#4216 = ORIENTED_EDGE('',*,*,#3955,.F.);
#4217 = CYLINDRICAL_SURFACE('',#4218,4.375);
#4218 = AXIS2_PLACEMENT_3D('',#4219,#4220,#4221);
#4219 = CARTESIAN_POINT('',(0.,0.,10.));
#4220 = DIRECTION('',(-0.,-0.,-1.));
#4221 = DIRECTION('',(1.,0.,0.));
#4222 = ADVANCED_FACE('',(#4223),#4361,.F.);
#4223 = FACE_BOUND('',#4224,.F.);
#4224 = EDGE_LOOP('',(#4225,#4260,#4265,#4360));
#4225 = ORIENTED_EDGE('',*,*,#4226,.F.);
#4226 = EDGE_CURVE('',#4227,#3204,#4229,.T.);
#4227 = VERTEX_POINT('',#4228);
#4228 = CARTESIAN_POINT('',(5.125005800186,4.102888670804E-08,
    7.843749140693));
#4229 = B_SPLINE_CURVE_WITH_KNOTS('',11,(#4230,#4231,#4232,#4233,#4234,
    #4235,#4236,#4237,#4238,#4239,#4240,#4241,#4242,#4243,#4244,#4245,
    #4246,#4247,#4248,#4249,#4250,#4251,#4252,#4253,#4254,#4255,#4256,
    #4257,#4258,#4259),.UNSPECIFIED.,.F.,.F.,(12,9,9,12),(0.,
    1.614938419963,3.229876839926,6.459753679852),.UNSPECIFIED.);
#4230 = CARTESIAN_POINT('',(5.125005800186,4.102888429003E-08,
    7.843749140693));
#4231 = CARTESIAN_POINT('',(5.12500671447,-0.731845437011,7.809658097014
    ));
#4232 = CARTESIAN_POINT('',(5.010077806326,-1.463695521624,
    7.775566534469));
#4233 = CARTESIAN_POINT('',(4.78014691599,-2.175487904979,7.741475843106
    ));
#4234 = CARTESIAN_POINT('',(4.439188092746,-2.847144540501,
    7.707385440408));
#4235 = CARTESIAN_POINT('',(3.995102268805,-3.45948951407,7.673294781248
    ));
#4236 = CARTESIAN_POINT('',(3.45947603594,-3.995117260444,7.639203802351
    ));
#4237 = CARTESIAN_POINT('',(2.847134128961,-4.439194242363,
    7.605112699236));
#4238 = CARTESIAN_POINT('',(2.175483694085,-4.780130443097,
    7.571021628264));
#4239 = CARTESIAN_POINT('',(1.463703173171,-5.010048448452,
    7.536930620592));
#4240 = CARTESIAN_POINT('',(8.154317282565E-06,-5.239966567054,
    7.468748758136));
#4241 = CARTESIAN_POINT('',(-1.463695791077,-5.010049492006,
    7.400567085175));
#4242 = CARTESIAN_POINT('',(-2.175484948841,-4.780132429456,
    7.366476272537));
#4243 = CARTESIAN_POINT('',(-2.847147150828,-4.439195328099,
    7.332385421749));
#4244 = CARTESIAN_POINT('',(-3.459498550969,-3.995118610653,
    7.29829450301));
#4245 = CARTESIAN_POINT('',(-3.995126180229,-3.45948985045,7.26420353333
    ));
#4246 = CARTESIAN_POINT('',(-4.43919938655,-2.847140210746,
    7.230112556904));
#4247 = CARTESIAN_POINT('',(-4.780131999157,-2.175482004752,
    7.196021612497));
#4248 = CARTESIAN_POINT('',(-5.010045287466,-1.463697433946,
    7.161930707341));
#4249 = CARTESIAN_POINT('',(-5.354915385818,0.731848699254,
    7.059658035119));
#4250 = CARTESIAN_POINT('',(-4.665174113702,2.927394663529,
    6.957385362898));
#4251 = CARTESIAN_POINT('',(-3.745516804283,4.230581100659,
    6.889203334602));
#4252 = CARTESIAN_POINT('',(-2.429077631445,5.212751083726,
    6.821021868277));
#4253 = CARTESIAN_POINT('',(-0.841780087687,5.741677186429,
    6.752837634094));
#4254 = CARTESIAN_POINT('',(0.841833899581,5.741637080283,6.684661293742
    ));
#4255 = CARTESIAN_POINT('',(2.429113061026,5.212736699327,6.616477090128
    ));
#4256 = CARTESIAN_POINT('',(3.745338089807,4.230603955239,6.548289971389
    ));
#4257 = CARTESIAN_POINT('',(4.665257984439,2.927399249482,6.480114961253
    ));
#4258 = CARTESIAN_POINT('',(5.125006865851,1.463691017623,6.411930798389
    ));
#4259 = CARTESIAN_POINT('',(5.125008700276,6.154404186276E-08,
    6.343748711024));
#4260 = ORIENTED_EDGE('',*,*,#4261,.T.);
#4261 = EDGE_CURVE('',#4227,#4115,#4262,.T.);
#4262 = B_SPLINE_CURVE_WITH_KNOTS('',1,(#4263,#4264),.UNSPECIFIED.,.F.,
  .F.,(2,2),(0.,1.3105),.PIECEWISE_BEZIER_KNOTS.);
#4263 = CARTESIAN_POINT('',(5.125005800186,4.102891976133E-08,
    7.843749140693));
#4264 = CARTESIAN_POINT('',(3.990084012936,-3.314798283282E-07,
    8.499006942499));
#4265 = ORIENTED_EDGE('',*,*,#4266,.T.);
#4266 = EDGE_CURVE('',#4115,#3239,#4267,.T.);
#4267 = B_SPLINE_CURVE_WITH_KNOTS('',7,(#4268,#4269,#4270,#4271,#4272,
    #4273,#4274,#4275,#4276,#4277,#4278,#4279,#4280,#4281,#4282,#4283,
    #4284,#4285,#4286,#4287,#4288,#4289,#4290,#4291,#4292,#4293,#4294,
    #4295,#4296,#4297,#4298,#4299,#4300,#4301,#4302,#4303,#4304,#4305,
    #4306,#4307,#4308,#4309,#4310,#4311,#4312,#4313,#4314,#4315,#4316,
    #4317,#4318,#4319,#4320,#4321,#4322,#4323,#4324,#4325,#4326,#4327,
    #4328,#4329,#4330,#4331,#4332,#4333,#4334,#4335,#4336,#4337,#4338,
    #4339,#4340,#4341,#4342,#4343,#4344,#4345,#4346,#4347,#4348,#4349,
    #4350,#4351,#4352,#4353,#4354,#4355,#4356,#4357,#4358,#4359),
  .UNSPECIFIED.,.F.,.F.,(8,6,6,6,6,6,6,6,6,6,6,6,6,6,6,8),(0.,
    4.752590716909E-02,8.394402923641E-02,0.202835062578,0.226940409988,
    0.286852940767,0.380562780519,0.481411457089,0.505246442549,
    0.598246629606,0.629248729197,0.746161693821,0.804337985903,
    0.86833679427,0.958550438799,1.),.UNSPECIFIED.);
#4268 = CARTESIAN_POINT('',(4.375,-2.051411369663E-07,8.276772065702));
#4269 = CARTESIAN_POINT('',(4.375,-0.186620980468,8.266589405056));
#4270 = CARTESIAN_POINT('',(4.365712522868,-0.373244313156,
    8.256408205648));
#4271 = CARTESIAN_POINT('',(4.347137852238,-0.559310975219,8.24622724408
    ));
#4272 = CARTESIAN_POINT('',(4.319317403177,-0.744267041445,
    8.236045775131));
#4273 = CARTESIAN_POINT('',(4.282333629172,-0.92756447274,8.225863474608
    ));
#4274 = CARTESIAN_POINT('',(4.23630992913,-1.108661699482,8.215680382195
    ));
#4275 = CARTESIAN_POINT('',(4.139342296212,-1.423699712605,
    8.197693409327));
#4276 = CARTESIAN_POINT('',(4.092061737862,-1.558771748272,
    8.189889607286));
#4277 = CARTESIAN_POINT('',(4.03964278236,-1.692000463389,8.182085528819
    ));
#4278 = CARTESIAN_POINT('',(3.982172413489,-1.823151754425,
    8.174281261692));
#4279 = CARTESIAN_POINT('',(3.919750695778,-1.951997262796,
    8.166476890783));
#4280 = CARTESIAN_POINT('',(3.852490774493,-2.078314374862,
    8.158672498092));
#4281 = CARTESIAN_POINT('',(3.545558560819,-2.605300339843,
    8.125390036946));
#4282 = CARTESIAN_POINT('',(3.260243628397,-2.979688252194,
    8.099898066752));
#4283 = CARTESIAN_POINT('',(2.929090382847,-3.317079627751,
    8.074420568941));
#4284 = CARTESIAN_POINT('',(2.557994550491,-3.6109903521,8.048948592197)
  );
#4285 = CARTESIAN_POINT('',(2.153722943981,-3.856061267751,
    8.023473289944));
#4286 = CARTESIAN_POINT('',(1.723937317885,-4.048038554937,
    7.997985624955));
#4287 = CARTESIAN_POINT('',(1.186900796442,-4.211989166163,
    7.967346632141));
#4288 = CARTESIAN_POINT('',(1.095673167772,-4.23734176977,7.962181693195
    ));
#4289 = CARTESIAN_POINT('',(1.003817219684,-4.260388134001,
    7.957016725996));
#4290 = CARTESIAN_POINT('',(0.911402936446,-4.281109757617,
    7.951851731405));
#4291 = CARTESIAN_POINT('',(0.818500904415,-4.299490813505,
    7.946686711354));
#4292 = CARTESIAN_POINT('',(0.725182312039,-4.315518148679,
    7.941521668845));
#4293 = CARTESIAN_POINT('',(0.398723754063,-4.36314026518,7.923519129832
    ));
#4294 = CARTESIAN_POINT('',(0.163789386906,-4.382495932461,
    7.910681047356));
#4295 = CARTESIAN_POINT('',(-7.216965794324E-02,-4.387083749882,
    7.897843229541));
#4296 = CARTESIAN_POINT('',(-0.308041125671,-4.376850803177,
    7.885005608099));
#4297 = CARTESIAN_POINT('',(-0.542716308849,-4.35184519356,
    7.872167795572));
#4298 = CARTESIAN_POINT('',(-0.77509177408,-4.312215951992,
    7.859329703366));
#4299 = CARTESIAN_POINT('',(-1.362221192264,-4.173773253634,
    7.826412818282));
#4300 = CARTESIAN_POINT('',(-1.712162488778,-4.054160594408,
    7.806329360018));
#4301 = CARTESIAN_POINT('',(-2.049608985372,-3.900368895477,
    7.786249325587));
#4302 = CARTESIAN_POINT('',(-2.370611097073,-3.714024453665,
    7.766171471747));
#4303 = CARTESIAN_POINT('',(-2.671499700661,-3.497257174077,
    7.746091565894));
#4304 = CARTESIAN_POINT('',(-2.948904105886,-3.252690228356,
    7.726008255082));
#4305 = CARTESIAN_POINT('',(-3.46990130386,-2.69392458948,7.684320122437
    ));
#4306 = CARTESIAN_POINT('',(-3.709451491452,-2.375686994282,
    7.662704735966));
#4307 = CARTESIAN_POINT('',(-3.914706757484,-2.032848931874,
    7.641093522036));
#4308 = CARTESIAN_POINT('',(-4.082759664997,-1.669873399351,
    7.619484924387));
#4309 = CARTESIAN_POINT('',(-4.211388791771,-1.291558408792,
    7.597873372235));
#4310 = CARTESIAN_POINT('',(-4.299071993787,-0.903008342051,
    7.576257458297));
#4311 = CARTESIAN_POINT('',(-4.356111535494,-0.416745871001,
    7.549540833288));
#4312 = CARTESIAN_POINT('',(-4.364695428292,-0.323517923622,
    7.544433603375));
#4313 = CARTESIAN_POINT('',(-4.37095116144,-0.230087388152,
    7.539326393722));
#4314 = CARTESIAN_POINT('',(-4.374873188081,-0.136524023468,
    7.534219206303));
#4315 = CARTESIAN_POINT('',(-4.376458579261,-4.289770283655E-02,
    7.529112042777));
#4316 = CARTESIAN_POINT('',(-4.375707023932,5.072158609025E-02,
    7.524004904484));
#4317 = CARTESIAN_POINT('',(-4.3605790045,0.509249822099,7.498970682536)
  );
#4318 = CARTESIAN_POINT('',(-4.312991083112,0.873140908776,
    7.479039783565));
#4319 = CARTESIAN_POINT('',(-4.229973313465,1.23164198149,7.45911230277)
  );
#4320 = CARTESIAN_POINT('',(-4.112316750922,1.580653968443,
    7.439187022025));
#4321 = CARTESIAN_POINT('',(-3.961346145104,1.916247205474,7.41925985603
    ));
#4322 = CARTESIAN_POINT('',(-3.778913569256,2.234680317487,
    7.399329471972));
#4323 = CARTESIAN_POINT('',(-3.497059901533,2.631732446271,
    7.372760367054));
#4324 = CARTESIAN_POINT('',(-3.423370261275,2.72871307925,7.366117727224
    ));
#4325 = CARTESIAN_POINT('',(-3.346547370499,2.82328038978,7.359475049185
    ));
#4326 = CARTESIAN_POINT('',(-3.266686394485,2.915313263324,
    7.352832332338));
#4327 = CARTESIAN_POINT('',(-3.183888163925,3.004695501655,
    7.346189577466));
#4328 = CARTESIAN_POINT('',(-3.098259174917,3.091315822853,
    7.339546786737));
#4329 = CARTESIAN_POINT('',(-2.676741309319,3.490907731458,
    7.307853010886));
#4330 = CARTESIAN_POINT('',(-2.304731064627,3.766123943944,
    7.282788462246));
#4331 = CARTESIAN_POINT('',(-1.900123081837,3.994663773871,
    7.257734299506));
#4332 = CARTESIAN_POINT('',(-1.470008390456,4.172155317812,
    7.232683216916));
#4333 = CARTESIAN_POINT('',(-1.021976896097,4.295467463233,
    7.207629222033));
#4334 = CARTESIAN_POINT('',(-0.564137342801,4.362697421844,
    7.182564720377));
#4335 = CARTESIAN_POINT('',(0.12318708715,4.37922748825,7.145048276615)
  );
#4336 = CARTESIAN_POINT('',(0.35190411197,4.370808007813,7.132582487556)
  );
#4337 = CARTESIAN_POINT('',(0.57993301546,4.348450264364,7.120117077442)
  );
#4338 = CARTESIAN_POINT('',(0.80625696276,4.312225840101,7.107651892497)
  );
#4339 = CARTESIAN_POINT('',(1.029872634043,4.262295330361,7.09518650571)
  );
#4340 = CARTESIAN_POINT('',(1.249791685587,4.19890810162,7.082720783135)
  );
#4341 = CARTESIAN_POINT('',(1.701838777552,4.038257283349,7.056542483637
    ));
#4342 = CARTESIAN_POINT('',(1.93300586688,3.93823103219,7.042828834057)
  );
#4343 = CARTESIAN_POINT('',(2.157247590508,3.822790048781,7.029115602215
    ));
#4344 = CARTESIAN_POINT('',(2.373339141968,3.692519780155,7.015402624682
    ));
#4345 = CARTESIAN_POINT('',(2.58012226355,3.548118471212,7.001689329815)
  );
#4346 = CARTESIAN_POINT('',(2.776507370435,3.390395886398,6.987975601699
    ));
#4347 = CARTESIAN_POINT('',(3.222229044645,2.980495134271,6.954932619232
    ));
#4348 = CARTESIAN_POINT('',(3.460371785976,2.716028285732,6.935599245974
    ));
#4349 = CARTESIAN_POINT('',(3.673016577777,2.42951854309,6.916268767858)
  );
#4350 = CARTESIAN_POINT('',(3.857782852686,2.123940357024,6.896940509446
    ));
#4351 = CARTESIAN_POINT('',(4.012711917803,1.802533163382,6.877610770576
    ));
#4352 = CARTESIAN_POINT('',(4.136275681688,1.468786961236,6.858277770319
    ));
#4353 = CARTESIAN_POINT('',(4.269394994662,0.969217096271,6.830066193886
    ));
#4354 = CARTESIAN_POINT('',(4.304477196573,0.810124738899,6.821184538405
    ));
#4355 = CARTESIAN_POINT('',(4.3326384136,0.649569948641,6.812302787827)
  );
#4356 = CARTESIAN_POINT('',(4.353807150676,0.487914053798,6.803420961579
    ));
#4357 = CARTESIAN_POINT('',(4.367935666286,0.325521617055,6.794539120076
    ));
#4358 = CARTESIAN_POINT('',(4.375,0.162760144538,6.785657517279));
#4359 = CARTESIAN_POINT('',(4.375,-2.051411023274E-07,6.776776753248));
#4360 = ORIENTED_EDGE('',*,*,#3238,.F.);
#4361 = B_SPLINE_SURFACE_WITH_KNOTS('',1,9,(
    (#4362,#4363,#4364,#4365,#4366,#4367,#4368,#4369,#4370,#4371,#4372
      ,#4373,#4374,#4375,#4376,#4377,#4378,#4379,#4380,#4381,#4382,#4383
      ,#4384,#4385,#4386,#4387,#4388,#4389,#4390,#4391,#4392)
    ,(#4393,#4394,#4395,#4396,#4397,#4398,#4399,#4400,#4401,#4402,#4403
      ,#4404,#4405,#4406,#4407,#4408,#4409,#4410,#4411,#4412,#4413,#4414
      ,#4415,#4416,#4417,#4418,#4419,#4420,#4421,#4422,#4423
  )),.UNSPECIFIED.,.F.,.F.,.F.,(2,2),(10,7,7,7,10),(0.,1.3105),(0.,
    1.614938419963,3.229876839926,4.844815259889,6.459753679852),
  .UNSPECIFIED.);
#4362 = CARTESIAN_POINT('',(5.125005800186,4.102888384594E-08,
    7.843749140693));
#4363 = CARTESIAN_POINT('',(5.125006917645,-0.894477765464,7.80208230953
    ));
#4364 = CARTESIAN_POINT('',(4.949420806393,-1.788962609779,
    7.760414685655));
#4365 = CARTESIAN_POINT('',(4.598105724036,-2.644046387238,
    7.718748999519));
#4366 = CARTESIAN_POINT('',(4.081517142371,-3.420279772688,
    7.677082815331));
#4367 = CARTESIAN_POINT('',(3.420270218171,-4.081537748039,
    7.635415900906));
#4368 = CARTESIAN_POINT('',(2.644031829623,-4.598112029319,
    7.593748987208));
#4369 = CARTESIAN_POINT('',(1.788968546946,-4.949375633339,
    7.552082149529));
#4370 = CARTESIAN_POINT('',(9.332125307308E-06,-5.300639266216,
    7.468748733134));
#4371 = CARTESIAN_POINT('',(-1.788963520468,-4.949376908795,
    7.385415606242));
#4372 = CARTESIAN_POINT('',(-2.644039871873,-4.598114769516,
    7.343749068955));
#4373 = CARTESIAN_POINT('',(-3.420295036212,-4.081536573637,
    7.30208241085));
#4374 = CARTESIAN_POINT('',(-4.081544699867,-3.420285245429,
    7.260415643378));
#4375 = CARTESIAN_POINT('',(-4.598117337362,-2.644033580749,
    7.218748886889));
#4376 = CARTESIAN_POINT('',(-4.949373686132,-1.788963529317,
    7.177082214337));
#4377 = CARTESIAN_POINT('',(-5.300630340808,-1.907195512633E-09,
    7.09374892586));
#4378 = CARTESIAN_POINT('',(-4.949373101957,1.788963410802,
    7.010415637383));
#4379 = CARTESIAN_POINT('',(-4.59811677431,2.644033276728,6.968748964831
    ));
#4380 = CARTESIAN_POINT('',(-4.081545633683,3.42028526814,6.927082208342
    ));
#4381 = CARTESIAN_POINT('',(-3.420296714617,4.081537848157,
    6.885415440869));
#4382 = CARTESIAN_POINT('',(-2.644040728486,4.598116533782,
    6.843748782764));
#4383 = CARTESIAN_POINT('',(-1.788963749742,4.949376984944,
    6.802082245478));
#4384 = CARTESIAN_POINT('',(9.255891473212E-06,5.300636720257,
    6.718749118584));
#4385 = CARTESIAN_POINT('',(1.788968317671,4.949374150619,6.635415702189
    ));
#4386 = CARTESIAN_POINT('',(2.644032217382,4.59811282534,6.593748864541)
  );
#4387 = CARTESIAN_POINT('',(3.420270349385,4.08154119195,6.55208195073)
  );
#4388 = CARTESIAN_POINT('',(4.081524774376,3.42028745385,6.510415036494)
  );
#4389 = CARTESIAN_POINT('',(4.598107327237,2.64404037249,6.468748852128)
  );
#4390 = CARTESIAN_POINT('',(4.949408627754,1.788962272917,6.427083166085
    ));
#4391 = CARTESIAN_POINT('',(5.125007579238,0.894477868037,6.385415542191
    ));
#4392 = CARTESIAN_POINT('',(5.125008700276,6.154404180692E-08,
    6.343748711024));
#4393 = CARTESIAN_POINT('',(3.990084012937,-3.314798622256E-07,
    8.499006942499));
#4394 = CARTESIAN_POINT('',(3.990085927656,-0.696439790725,
    8.457341604792));
#4395 = CARTESIAN_POINT('',(3.853381091315,-1.392768431955,
    8.415682671345));
#4396 = CARTESIAN_POINT('',(3.579894533158,-2.058502267272,
    8.374008082675));
#4397 = CARTESIAN_POINT('',(3.177668908566,-2.662885963628,
    8.332337519015));
#4398 = CARTESIAN_POINT('',(2.66284762376,-3.17768608994,8.290672853017)
  );
#4399 = CARTESIAN_POINT('',(2.058512810951,-3.5798730371,8.249008182633)
  );
#4400 = CARTESIAN_POINT('',(1.392805004435,-3.853348963034,
    8.207342897397));
#4401 = CARTESIAN_POINT('',(9.165451542254E-06,-4.126826600326,
    8.124010235105));
#4402 = CARTESIAN_POINT('',(-1.392804240046,-3.853348789712,
    8.040675233977));
#4403 = CARTESIAN_POINT('',(-2.058529244679,-3.57987077026,
    7.999007522067));
#4404 = CARTESIAN_POINT('',(-2.662881081993,-3.177685966728,
    7.957340786227));
#4405 = CARTESIAN_POINT('',(-3.177694001048,-2.662871504266,
    7.915674933962));
#4406 = CARTESIAN_POINT('',(-3.579872569172,-2.058524841402,
    7.874008992951));
#4407 = CARTESIAN_POINT('',(-3.853345396329,-1.392806897547,
    7.832342373833));
#4408 = CARTESIAN_POINT('',(-4.126817711609,5.193983264774E-07,
    7.749008678112));
#4409 = CARTESIAN_POINT('',(-3.853344005606,1.39280766328,7.665674982392
    ));
#4410 = CARTESIAN_POINT('',(-3.579871047311,2.058525208278,
    7.624008363275));
#4411 = CARTESIAN_POINT('',(-3.177694985405,2.662872349718,
    7.582342422262));
#4412 = CARTESIAN_POINT('',(-2.662883258753,3.177688905712,
    7.540676569996));
#4413 = CARTESIAN_POINT('',(-2.058529859542,3.579874426208,
    7.499009834157));
#4414 = CARTESIAN_POINT('',(-1.392803671088,3.853349277879,7.45734212225
    ));
#4415 = CARTESIAN_POINT('',(1.007558824515E-05,4.126822077162,
    7.374007121116));
#4416 = CARTESIAN_POINT('',(1.392805573391,3.853345975943,7.290674458826
    ));
#4417 = CARTESIAN_POINT('',(2.05851440684,3.579873929766,7.249009173642)
  );
#4418 = CARTESIAN_POINT('',(2.662848661981,3.177691533738,7.207344503058
    ));
#4419 = CARTESIAN_POINT('',(3.17768314227,2.66289880492,7.165679837396)
  );
#4420 = CARTESIAN_POINT('',(3.57989790299,2.058490674471,7.124009273423)
  );
#4421 = CARTESIAN_POINT('',(3.853359807593,1.392766857184,7.082334684915
    ));
#4422 = CARTESIAN_POINT('',(3.99008727945,0.696438962026,7.040675751434)
  );
#4423 = CARTESIAN_POINT('',(3.990089165253,-4.972185661733E-07,
    6.999010413721));
#4424 = ADVANCED_FACE('',(#4425),#4435,.F.);
#4425 = FACE_BOUND('',#4426,.F.);
#4426 = EDGE_LOOP('',(#4427,#4428,#4433,#4434));
#4427 = ORIENTED_EDGE('',*,*,#3585,.F.);
#4428 = ORIENTED_EDGE('',*,*,#4429,.T.);
#4429 = EDGE_CURVE('',#3579,#4227,#4430,.T.);
#4430 = B_SPLINE_CURVE_WITH_KNOTS('',1,(#4431,#4432),.UNSPECIFIED.,.F.,
  .F.,(2,2),(0.,0.1875),.PIECEWISE_BEZIER_KNOTS.);
#4431 = CARTESIAN_POINT('',(5.125004511255,4.102870754252E-08,
    7.656249140697));
#4432 = CARTESIAN_POINT('',(5.125005800186,4.102891804081E-08,
    7.843749140693));
#4433 = ORIENTED_EDGE('',*,*,#4226,.T.);
#4434 = ORIENTED_EDGE('',*,*,#3409,.F.);
#4435 = B_SPLINE_SURFACE_WITH_KNOTS('',1,11,(
    (#4436,#4437,#4438,#4439,#4440,#4441,#4442,#4443,#4444,#4445,#4446
      ,#4447,#4448,#4449,#4450,#4451,#4452,#4453,#4454,#4455,#4456,#4457
      ,#4458,#4459,#4460,#4461,#4462,#4463,#4464,#4465)
    ,(#4466,#4467,#4468,#4469,#4470,#4471,#4472,#4473,#4474,#4475,#4476
      ,#4477,#4478,#4479,#4480,#4481,#4482,#4483,#4484,#4485,#4486,#4487
      ,#4488,#4489,#4490,#4491,#4492,#4493,#4494,#4495
  )),.UNSPECIFIED.,.F.,.F.,.F.,(2,2),(12,9,9,12),(0.,0.1875),(0.,
    1.614938419963,3.229876839926,6.459753679852),.UNSPECIFIED.);
#4436 = CARTESIAN_POINT('',(5.125004511255,4.102867290356E-08,
    7.656249140697));
#4437 = CARTESIAN_POINT('',(5.125005223667,-0.731845206987,7.62215809702
    ));
#4438 = CARTESIAN_POINT('',(5.010075378738,-1.463695029763,
    7.588066534482));
#4439 = CARTESIAN_POINT('',(4.780144922311,-2.175486854456,
    7.553975843121));
#4440 = CARTESIAN_POINT('',(4.439186970384,-2.847143617108,
    7.519885440413));
#4441 = CARTESIAN_POINT('',(3.995101519457,-3.459488865999,
    7.485794781247));
#4442 = CARTESIAN_POINT('',(3.459475204307,-3.995116454368,
    7.451703802355));
#4443 = CARTESIAN_POINT('',(2.847133268483,-4.439193013628,
    7.417612699243));
#4444 = CARTESIAN_POINT('',(2.175483030691,-4.780128896447,7.38352162827
    ));
#4445 = CARTESIAN_POINT('',(1.463702701626,-5.010046685808,7.3494306206)
  );
#4446 = CARTESIAN_POINT('',(8.154561943589E-06,-5.23996467223,
    7.281248758146));
#4447 = CARTESIAN_POINT('',(-1.463695342329,-5.010047877587,
    7.213067085182));
#4448 = CARTESIAN_POINT('',(-2.175484314801,-4.780131027554,
    7.178976272543));
#4449 = CARTESIAN_POINT('',(-2.847146368335,-4.439194093655,
    7.144885421754));
#4450 = CARTESIAN_POINT('',(-3.459497601839,-3.995117475961,
    7.110794503015));
#4451 = CARTESIAN_POINT('',(-3.995125012656,-3.45948880562,
    7.076703533336));
#4452 = CARTESIAN_POINT('',(-4.439197985337,-2.84713930789,
    7.042612556911));
#4453 = CARTESIAN_POINT('',(-4.780130429629,-2.175481308163,
    7.008521612504));
#4454 = CARTESIAN_POINT('',(-5.01004365608,-1.46369697398,6.974430707348
    ));
#4455 = CARTESIAN_POINT('',(-5.354913730558,0.73184845573,6.872158035126
    ));
#4456 = CARTESIAN_POINT('',(-4.665172759817,2.927393756353,
    6.769885362904));
#4457 = CARTESIAN_POINT('',(-3.745516145619,4.230579236884,
    6.701703334607));
#4458 = CARTESIAN_POINT('',(-2.429073770766,5.212752633745,
    6.633521868302));
#4459 = CARTESIAN_POINT('',(-0.841783935442,5.741664900296,
    6.565337634084));
#4460 = CARTESIAN_POINT('',(0.841834226773,5.74165146048,6.497161293767)
  );
#4461 = CARTESIAN_POINT('',(2.429117694631,5.212724020436,6.428977090074
    ));
#4462 = CARTESIAN_POINT('',(3.745329325731,4.23060514254,6.360789971477)
  );
#4463 = CARTESIAN_POINT('',(4.665260087173,2.92739845576,6.292614961223)
  );
#4464 = CARTESIAN_POINT('',(5.1250053362,1.463690557575,6.224430798395)
  );
#4465 = CARTESIAN_POINT('',(5.12500676688,6.154356846366E-08,
    6.156248711034));
#4466 = CARTESIAN_POINT('',(5.125005800186,4.102888429003E-08,
    7.843749140693));
#4467 = CARTESIAN_POINT('',(5.12500671447,-0.731845437011,7.809658097014
    ));
#4468 = CARTESIAN_POINT('',(5.010077806326,-1.463695521624,
    7.775566534469));
#4469 = CARTESIAN_POINT('',(4.78014691599,-2.175487904979,7.741475843106
    ));
#4470 = CARTESIAN_POINT('',(4.439188092746,-2.847144540501,
    7.707385440408));
#4471 = CARTESIAN_POINT('',(3.995102268805,-3.45948951407,7.673294781248
    ));
#4472 = CARTESIAN_POINT('',(3.45947603594,-3.995117260444,7.639203802351
    ));
#4473 = CARTESIAN_POINT('',(2.847134128961,-4.439194242363,
    7.605112699236));
#4474 = CARTESIAN_POINT('',(2.175483694085,-4.780130443097,
    7.571021628264));
#4475 = CARTESIAN_POINT('',(1.463703173171,-5.010048448452,
    7.536930620592));
#4476 = CARTESIAN_POINT('',(8.154317282565E-06,-5.239966567054,
    7.468748758136));
#4477 = CARTESIAN_POINT('',(-1.463695791077,-5.010049492006,
    7.400567085175));
#4478 = CARTESIAN_POINT('',(-2.175484948841,-4.780132429456,
    7.366476272537));
#4479 = CARTESIAN_POINT('',(-2.847147150828,-4.439195328099,
    7.332385421749));
#4480 = CARTESIAN_POINT('',(-3.459498550969,-3.995118610653,
    7.29829450301));
#4481 = CARTESIAN_POINT('',(-3.995126180229,-3.45948985045,7.26420353333
    ));
#4482 = CARTESIAN_POINT('',(-4.43919938655,-2.847140210746,
    7.230112556904));
#4483 = CARTESIAN_POINT('',(-4.780131999157,-2.175482004752,
    7.196021612497));
#4484 = CARTESIAN_POINT('',(-5.010045287466,-1.463697433946,
    7.161930707341));
#4485 = CARTESIAN_POINT('',(-5.354915385818,0.731848699254,
    7.059658035119));
#4486 = CARTESIAN_POINT('',(-4.665174113702,2.927394663529,
    6.957385362898));
#4487 = CARTESIAN_POINT('',(-3.745516804283,4.230581100659,
    6.889203334602));
#4488 = CARTESIAN_POINT('',(-2.429077631445,5.212751083726,
    6.821021868277));
#4489 = CARTESIAN_POINT('',(-0.841780087687,5.741677186429,
    6.752837634094));
#4490 = CARTESIAN_POINT('',(0.841833899581,5.741637080283,6.684661293742
    ));
#4491 = CARTESIAN_POINT('',(2.429113061026,5.212736699327,6.616477090128
    ));
#4492 = CARTESIAN_POINT('',(3.745338089807,4.230603955239,6.548289971389
    ));
#4493 = CARTESIAN_POINT('',(4.665257984439,2.927399249482,6.480114961253
    ));
#4494 = CARTESIAN_POINT('',(5.125006865851,1.463691017623,6.411930798389
    ));
#4495 = CARTESIAN_POINT('',(5.125008700276,6.154404186276E-08,
    6.343748711024));
#4496 = ADVANCED_FACE('',(#4497),#4631,.F.);
#4497 = FACE_BOUND('',#4498,.F.);
#4498 = EDGE_LOOP('',(#4499,#4595,#4596,#4630));
#4499 = ORIENTED_EDGE('',*,*,#4500,.F.);
#4500 = EDGE_CURVE('',#3956,#3481,#4501,.T.);
#4501 = B_SPLINE_CURVE_WITH_KNOTS('',8,(#4502,#4503,#4504,#4505,#4506,
    #4507,#4508,#4509,#4510,#4511,#4512,#4513,#4514,#4515,#4516,#4517,
    #4518,#4519,#4520,#4521,#4522,#4523,#4524,#4525,#4526,#4527,#4528,
    #4529,#4530,#4531,#4532,#4533,#4534,#4535,#4536,#4537,#4538,#4539,
    #4540,#4541,#4542,#4543,#4544,#4545,#4546,#4547,#4548,#4549,#4550,
    #4551,#4552,#4553,#4554,#4555,#4556,#4557,#4558,#4559,#4560,#4561,
    #4562,#4563,#4564,#4565,#4566,#4567,#4568,#4569,#4570,#4571,#4572,
    #4573,#4574,#4575,#4576,#4577,#4578,#4579,#4580,#4581,#4582,#4583,
    #4584,#4585,#4586,#4587,#4588,#4589,#4590,#4591,#4592,#4593,#4594),
  .UNSPECIFIED.,.F.,.F.,(9,7,7,7,7,7,7,7,7,7,7,7,7,9),(0.,
    4.489811762104E-02,0.133274086854,0.219042649151,0.273391982651,
    0.375353016414,0.501227255774,0.526096104516,0.62709435761,
    0.734889053723,0.786722438396,0.867677186167,0.954810252259,1.),
  .UNSPECIFIED.);
#4502 = CARTESIAN_POINT('',(4.375,-2.051399121683E-07,8.723238997729));
#4503 = CARTESIAN_POINT('',(4.375,-0.154263320368,8.714821655089));
#4504 = CARTESIAN_POINT('',(4.368783510068,-0.308527703053,
    8.706403332094));
#4505 = CARTESIAN_POINT('',(4.356350678469,-0.462499036772,
    8.697984681234));
#4506 = CARTESIAN_POINT('',(4.337718026665,-0.615884967867,
    8.689566049136));
#4507 = CARTESIAN_POINT('',(4.312918430855,-0.76839527592,8.681147574881
    ));
#4508 = CARTESIAN_POINT('',(4.282001103523,-0.919742044245,
    8.672729288319));
#4509 = CARTESIAN_POINT('',(4.245031574976,-1.069639830366,
    8.664311208385));
#4510 = CARTESIAN_POINT('',(4.117570196277,-1.509450900792,
    8.639324187425));
#4511 = CARTESIAN_POINT('',(4.009902791576,-1.794435240541,
    8.622753413007));
#4512 = CARTESIAN_POINT('',(3.879717366459,-2.07054964218,8.606184412467
    ));
#4513 = CARTESIAN_POINT('',(3.727887384401,-2.335725288548,
    8.589616864606));
#4514 = CARTESIAN_POINT('',(3.555495375069,-2.588017728742,
    8.573048947055));
#4515 = CARTESIAN_POINT('',(3.363818794249,-2.825604712315,
    8.556479171738));
#4516 = CARTESIAN_POINT('',(3.154338235286,-3.046797887829,
    8.539907941481));
#4517 = CARTESIAN_POINT('',(2.709852877178,-3.447341638123,8.50725856209
    ));
#4518 = CARTESIAN_POINT('',(2.475722796341,-3.627788900026,
    8.491175919797));
#4519 = CARTESIAN_POINT('',(2.227927986681,-3.789999847154,
    8.475094024769));
#4520 = CARTESIAN_POINT('',(1.968138612697,-3.932782632309,
    8.459013260255));
#4521 = CARTESIAN_POINT('',(1.69812567973,-4.055136402618,8.442932588588
    ));
#4522 = CARTESIAN_POINT('',(1.419751867151,-4.156243552475,
    8.426850906496));
#4523 = CARTESIAN_POINT('',(1.134972281272,-4.235481692197,
    8.410768435997));
#4524 = CARTESIAN_POINT('',(0.66263268207,-4.32855806385,8.384498487498)
  );
#4525 = CARTESIAN_POINT('',(0.477655190924,-4.355724482877,
    8.374308644494));
#4526 = CARTESIAN_POINT('',(0.291426906245,-4.373852566366,8.36411891824
    ));
#4527 = CARTESIAN_POINT('',(0.10446376079,-4.382877626865,8.353929313888
    ));
#4528 = CARTESIAN_POINT('',(-8.271708505774E-02,-4.382770113867,
    8.343739692137));
#4529 = CARTESIAN_POINT('',(-0.269597647089,-4.373534890889,
    8.333549916709));
#4530 = CARTESIAN_POINT('',(-0.455659471468,-4.355211988338,
    8.32336000255));
#4531 = CARTESIAN_POINT('',(-0.986932765033,-4.276600984217,
    8.294054000892));
#4532 = CARTESIAN_POINT('',(-1.32887999576,-4.1935956711,8.274932677685)
  );
#4533 = CARTESIAN_POINT('',(-1.662697232273,-4.079357540329,
    8.255813362491));
#4534 = CARTESIAN_POINT('',(-1.985067850905,-3.934857008737,
    8.23669663973));
#4535 = CARTESIAN_POINT('',(-2.292856981203,-3.76145273029,
    8.217579886686));
#4536 = CARTESIAN_POINT('',(-2.58310899968,-3.560858628761,
    8.198460519516));
#4537 = CARTESIAN_POINT('',(-2.853072539677,-3.335165495267,
    8.179339209469));
#4538 = CARTESIAN_POINT('',(-3.405405421732,-2.780446429488,
    8.136623567474));
#4539 = CARTESIAN_POINT('',(-3.676118454478,-2.439315849036,
    8.113010240947));
#4540 = CARTESIAN_POINT('',(-3.907489151131,-2.068303957704,
    8.089405152576));
#4541 = CARTESIAN_POINT('',(-4.095810494322,-1.672790548334,
    8.065806299819));
#4542 = CARTESIAN_POINT('',(-4.238215381528,-1.258524118903,
    8.042207406119));
#4543 = CARTESIAN_POINT('',(-4.332726843372,-0.831616738122,
    8.01860239724));
#4544 = CARTESIAN_POINT('',(-4.378225801504,-0.398505195547,
    7.99498909118));
#4545 = CARTESIAN_POINT('',(-4.37420477989,0.119408611377,7.966726987373
    ));
#4546 = CARTESIAN_POINT('',(-4.371634284637,0.204836759249,
    7.962064423793));
#4547 = CARTESIAN_POINT('',(-4.367157053927,0.29020039767,7.957401839601
    ));
#4548 = CARTESIAN_POINT('',(-4.360775026074,0.375449862093,
    7.952739235892));
#4549 = CARTESIAN_POINT('',(-4.352491686156,0.460535623709,
    7.948076613919));
#4550 = CARTESIAN_POINT('',(-4.342312066017,0.54540828945,7.943413975097
    ));
#4551 = CARTESIAN_POINT('',(-4.330242744266,0.630018601986,7.938751321)
  );
#4552 = CARTESIAN_POINT('',(-4.259633963128,1.056674878069,
    7.915152461705));
#4553 = CARTESIAN_POINT('',(-4.171927193791,1.393982858893,
    7.896211349093));
#4554 = CARTESIAN_POINT('',(-4.053711159701,1.722823470049,
    7.877272168947));
#4555 = CARTESIAN_POINT('',(-3.905979185341,2.039988820855,
    7.858335585526));
#4556 = CARTESIAN_POINT('',(-3.730095923617,2.342451492854,
    7.839399145525));
#4557 = CARTESIAN_POINT('',(-3.52776621275,2.627361743084,7.820460358619
    ));
#4558 = CARTESIAN_POINT('',(-3.301055164686,2.89207145987,7.801519786981
    ));
#4559 = CARTESIAN_POINT('',(-2.787135136114,3.392590742424,
    7.762374270369));
#4560 = CARTESIAN_POINT('',(-2.496723825149,3.625410633016,
    7.742158109975));
#4561 = CARTESIAN_POINT('',(-2.184226844201,3.829667985703,
    7.721945579496));
#4562 = CARTESIAN_POINT('',(-1.852962204857,4.002967550072,7.70173611306
    ));
#4563 = CARTESIAN_POINT('',(-1.506480951448,4.143394608955,
    7.681526534808));
#4564 = CARTESIAN_POINT('',(-1.148540700725,4.249480705874,
    7.661313741108));
#4565 = CARTESIAN_POINT('',(-0.783114657138,4.32024598137,7.641097335605
    ));
#4566 = CARTESIAN_POINT('',(-0.237123768161,4.372197622788,
    7.611169336872));
#4567 = CARTESIAN_POINT('',(-5.90452907368E-02,4.380819191989,
    7.601451110362));
#4568 = CARTESIAN_POINT('',(0.119369002404,4.381150183789,7.59173293269)
  );
#4569 = CARTESIAN_POINT('',(0.297668301292,4.373177176543,7.58201483918)
  );
#4570 = CARTESIAN_POINT('',(0.47540343176,4.356916046677,7.572296757053)
  );
#4571 = CARTESIAN_POINT('',(0.652127224195,4.332411938465,7.562578613645
    ));
#4572 = CARTESIAN_POINT('',(0.8273948823,4.299739233812,7.552860444627)
  );
#4573 = CARTESIAN_POINT('',(1.271537363622,4.195376288943,7.527964763406
    ));
#4574 = CARTESIAN_POINT('',(1.537715884992,4.11207020506,7.512785598594)
  );
#4575 = CARTESIAN_POINT('',(1.79758803043,4.009478270253,7.497607315011)
  );
#4576 = CARTESIAN_POINT('',(2.04952689195,3.888171351245,7.482430079258)
  );
#4577 = CARTESIAN_POINT('',(2.29198259365,3.74887379268,7.467252938631)
  );
#4578 = CARTESIAN_POINT('',(2.523481658566,3.592454894747,7.452074875672
    ));
#4579 = CARTESIAN_POINT('',(2.742633687814,3.419934257381,7.436895895966
    ));
#4580 = CARTESIAN_POINT('',(3.169341290688,3.030763160528,7.405382064536
    ));
#4581 = CARTESIAN_POINT('',(3.374791530196,2.811698392106,7.389043316691
    ));
#4582 = CARTESIAN_POINT('',(3.562863715725,2.576780735527,7.372705082089
    ));
#4583 = CARTESIAN_POINT('',(3.732145871953,2.327633938915,7.356367436059
    ));
#4584 = CARTESIAN_POINT('',(3.881418380141,2.066007790602,7.340029257921
    ));
#4585 = CARTESIAN_POINT('',(4.009646458526,1.793767300388,7.323689833596
    ));
#4586 = CARTESIAN_POINT('',(4.115993146035,1.512894720232,7.307350155742
    ));
#4587 = CARTESIAN_POINT('',(4.243344844602,1.076455410008,7.282541474143
    ));
#4588 = CARTESIAN_POINT('',(4.280791970582,0.925640856252,7.274069257497
    ));
#4589 = CARTESIAN_POINT('',(4.312110183141,0.773348981518,7.265597431665
    ));
#4590 = CARTESIAN_POINT('',(4.337232220543,0.619870750246,7.257126030053
    ));
#4591 = CARTESIAN_POINT('',(4.356107567241,0.465499689251,7.248654955933
    ));
#4592 = CARTESIAN_POINT('',(4.368702477662,0.310531724063,7.240183979072
    ));
#4593 = CARTESIAN_POINT('',(4.375,0.155265015269,7.231712732379));
#4594 = CARTESIAN_POINT('',(4.375,-2.051399121683E-07,7.223240708543));
#4595 = ORIENTED_EDGE('',*,*,#4041,.T.);
#4596 = ORIENTED_EDGE('',*,*,#4597,.T.);
#4597 = EDGE_CURVE('',#3849,#3579,#4598,.T.);
#4598 = B_SPLINE_CURVE_WITH_KNOTS('',9,(#4599,#4600,#4601,#4602,#4603,
    #4604,#4605,#4606,#4607,#4608,#4609,#4610,#4611,#4612,#4613,#4614,
    #4615,#4616,#4617,#4618,#4619,#4620,#4621,#4622,#4623,#4624,#4625,
    #4626,#4627,#4628,#4629),.UNSPECIFIED.,.F.,.F.,(10,7,7,7,10),(0.,
    1.614938419963,3.229876839926,4.844815259889,6.459753679852),
  .UNSPECIFIED.);
#4599 = CARTESIAN_POINT('',(5.125002255628,2.051416236881E-08,
    9.156249570352));
#4600 = CARTESIAN_POINT('',(5.125003122774,-0.894477111242,
    9.114582739194));
#4601 = CARTESIAN_POINT('',(4.949415715695,-1.78896123128,9.072915115347
    ));
#4602 = CARTESIAN_POINT('',(4.598102428319,-2.644043732096,
    9.031249429191));
#4603 = CARTESIAN_POINT('',(4.081514904795,-3.420278052903,
    8.989583244968));
#4604 = CARTESIAN_POINT('',(3.420267644875,-4.08153505727,8.947916330572
    ));
#4605 = CARTESIAN_POINT('',(2.644029869607,-4.598108653226,
    8.906249416869));
#4606 = CARTESIAN_POINT('',(1.788967162897,-4.949371737499,
    8.864582579199));
#4607 = CARTESIAN_POINT('',(9.314225520226E-06,-5.30063498403,
    8.781249162806));
#4608 = CARTESIAN_POINT('',(-1.788962204993,-4.949373179795,
    8.697916035908));
#4609 = CARTESIAN_POINT('',(-2.644037980339,-4.598111491584,
    8.656249498617));
#4610 = CARTESIAN_POINT('',(-3.420292649377,-4.081533629658,
    8.614582840512));
#4611 = CARTESIAN_POINT('',(-4.081541730198,-3.420282660107,
    8.572916073042));
#4612 = CARTESIAN_POINT('',(-4.59811381024,-2.644031543902,
    8.531249316556));
#4613 = CARTESIAN_POINT('',(-4.949369890126,-1.788962157599,
    8.489582644004));
#4614 = CARTESIAN_POINT('',(-5.30062634151,7.947124530756E-09,
    8.406249355526));
#4615 = CARTESIAN_POINT('',(-4.949369429402,1.788962083032,
    8.322916067047));
#4616 = CARTESIAN_POINT('',(-4.598113362903,2.644031323802,
    8.281249394496));
#4617 = CARTESIAN_POINT('',(-4.08154244433,3.420282692294,8.23958263801)
  );
#4618 = CARTESIAN_POINT('',(-3.420293940281,4.081534633121,
    8.197915870539));
#4619 = CARTESIAN_POINT('',(-2.644038630232,4.5981128732,8.156249212435)
  );
#4620 = CARTESIAN_POINT('',(-1.788962365705,4.949373245388,
    8.114582675145));
#4621 = CARTESIAN_POINT('',(9.27379353941E-06,5.300633003839,
    8.031249548244));
#4622 = CARTESIAN_POINT('',(1.788967002184,4.949370577906,7.947916131852
    ));
#4623 = CARTESIAN_POINT('',(2.644030187557,4.598109262947,7.906249294205
    ));
#4624 = CARTESIAN_POINT('',(3.420267761455,4.081537723697,7.864582380415
    ));
#4625 = CARTESIAN_POINT('',(4.081520852968,3.42028401262,7.822915466165)
  );
#4626 = CARTESIAN_POINT('',(4.598103684664,2.644039037596,7.781249281805
    ));
#4627 = CARTESIAN_POINT('',(4.949406249784,1.788960951665,7.73958359572)
  );
#4628 = CARTESIAN_POINT('',(5.12500364053,0.894477172785,7.697915971859)
  );
#4629 = CARTESIAN_POINT('',(5.125004511255,4.102870748669E-08,
    7.656249140697));
#4630 = ORIENTED_EDGE('',*,*,#3578,.F.);
#4631 = B_SPLINE_SURFACE_WITH_KNOTS('',1,9,(
    (#4632,#4633,#4634,#4635,#4636,#4637,#4638,#4639,#4640,#4641,#4642
      ,#4643,#4644,#4645,#4646,#4647,#4648,#4649,#4650,#4651,#4652,#4653
      ,#4654,#4655,#4656,#4657,#4658,#4659,#4660,#4661,#4662)
    ,(#4663,#4664,#4665,#4666,#4667,#4668,#4669,#4670,#4671,#4672,#4673
      ,#4674,#4675,#4676,#4677,#4678,#4679,#4680,#4681,#4682,#4683,#4684
      ,#4685,#4686,#4687,#4688,#4689,#4690,#4691,#4692,#4693
  )),.UNSPECIFIED.,.F.,.F.,.F.,(2,2),(10,7,7,7,10),(0.,1.3105),(0.,
    1.614938419963,3.229876839926,4.844815259889,6.459753679852),
  .UNSPECIFIED.);
#4632 = CARTESIAN_POINT('',(3.990073711784,-1.657407993072E-07,
    8.501003471267));
#4633 = CARTESIAN_POINT('',(3.990073684183,-0.696437378256,
    8.459338133574));
#4634 = CARTESIAN_POINT('',(3.853357935364,-1.392763390126,
    8.417679200209));
#4635 = CARTESIAN_POINT('',(3.579884537306,-2.058490054572,
    8.376004611519));
#4636 = CARTESIAN_POINT('',(3.177665600872,-2.662883985197,
    8.334334047653));
#4637 = CARTESIAN_POINT('',(2.662839351856,-3.177678721633,
    8.292669381848));
#4638 = CARTESIAN_POINT('',(2.058506742899,-3.579862059413,8.25100471139
    ));
#4639 = CARTESIAN_POINT('',(1.39280055446,-3.853335122832,8.209339426197
    ));
#4640 = CARTESIAN_POINT('',(9.363374842295E-06,-4.126811023439,
    8.126006763915));
#4641 = CARTESIAN_POINT('',(-1.392799701181,-3.853336512599,
    8.042671762763));
#4642 = CARTESIAN_POINT('',(-2.058523132135,-3.579860917006,
    8.001004050841));
#4643 = CARTESIAN_POINT('',(-2.662873774618,-3.177677015401,7.959337315)
  );
#4644 = CARTESIAN_POINT('',(-3.177684404513,-2.662863136142,
    7.917671462745));
#4645 = CARTESIAN_POINT('',(-3.579860384957,-2.058518159368,
    7.876005521743));
#4646 = CARTESIAN_POINT('',(-3.85333235376,-1.392802545973,
    7.834338902626));
#4647 = CARTESIAN_POINT('',(-4.126804394799,2.571916728087E-07,
    7.751005206901));
#4648 = CARTESIAN_POINT('',(-3.853332179461,1.392803026134,
    7.667671511176));
#4649 = CARTESIAN_POINT('',(-3.579860127704,2.058518605221,
    7.626004892059));
#4650 = CARTESIAN_POINT('',(-3.177684073713,2.662863532255,
    7.584338951056));
#4651 = CARTESIAN_POINT('',(-2.662873380532,3.177677348833,
    7.542673098801));
#4652 = CARTESIAN_POINT('',(-2.058522686942,3.579861175691,7.50100636296
    ));
#4653 = CARTESIAN_POINT('',(-1.392799221153,3.853336686295,
    7.459338651039));
#4654 = CARTESIAN_POINT('',(9.87767236058E-06,4.126811020406,
    7.376003649886));
#4655 = CARTESIAN_POINT('',(1.392801034488,3.853334947459,7.292670987604
    ));
#4656 = CARTESIAN_POINT('',(2.058507189573,3.579861803775,7.251005702411
    ));
#4657 = CARTESIAN_POINT('',(2.6628397481,3.177678393818,7.209341031952)
  );
#4658 = CARTESIAN_POINT('',(3.177665941866,2.662883598267,7.167676366149
    ));
#4659 = CARTESIAN_POINT('',(3.579884795815,2.058489601206,7.126005802282
    ));
#4660 = CARTESIAN_POINT('',(3.853358094475,1.392762909417,7.084331213592
    ));
#4661 = CARTESIAN_POINT('',(3.990073771756,0.696436881034,7.042672280227
    ));
#4662 = CARTESIAN_POINT('',(3.990073715238,-3.314815154231E-07,
    7.001006942534));
#4663 = CARTESIAN_POINT('',(5.125002255628,2.051416236881E-08,
    9.156249570352));
#4664 = CARTESIAN_POINT('',(5.125003122774,-0.894477111242,
    9.114582739194));
#4665 = CARTESIAN_POINT('',(4.949415715695,-1.78896123128,9.072915115347
    ));
#4666 = CARTESIAN_POINT('',(4.598102428319,-2.644043732096,
    9.031249429191));
#4667 = CARTESIAN_POINT('',(4.081514904795,-3.420278052903,
    8.989583244968));
#4668 = CARTESIAN_POINT('',(3.420267644875,-4.08153505727,8.947916330572
    ));
#4669 = CARTESIAN_POINT('',(2.644029869607,-4.598108653226,
    8.906249416869));
#4670 = CARTESIAN_POINT('',(1.788967162897,-4.949371737499,
    8.864582579199));
#4671 = CARTESIAN_POINT('',(9.314225520226E-06,-5.30063498403,
    8.781249162806));
#4672 = CARTESIAN_POINT('',(-1.788962204993,-4.949373179795,
    8.697916035908));
#4673 = CARTESIAN_POINT('',(-2.644037980339,-4.598111491584,
    8.656249498617));
#4674 = CARTESIAN_POINT('',(-3.420292649377,-4.081533629658,
    8.614582840512));
#4675 = CARTESIAN_POINT('',(-4.081541730198,-3.420282660107,
    8.572916073042));
#4676 = CARTESIAN_POINT('',(-4.59811381024,-2.644031543902,
    8.531249316556));
#4677 = CARTESIAN_POINT('',(-4.949369890126,-1.788962157599,
    8.489582644004));
#4678 = CARTESIAN_POINT('',(-5.30062634151,7.947124530756E-09,
    8.406249355526));
#4679 = CARTESIAN_POINT('',(-4.949369429402,1.788962083032,
    8.322916067047));
#4680 = CARTESIAN_POINT('',(-4.598113362903,2.644031323802,
    8.281249394496));
#4681 = CARTESIAN_POINT('',(-4.08154244433,3.420282692294,8.23958263801)
  );
#4682 = CARTESIAN_POINT('',(-3.420293940281,4.081534633121,
    8.197915870539));
#4683 = CARTESIAN_POINT('',(-2.644038630232,4.5981128732,8.156249212435)
  );
#4684 = CARTESIAN_POINT('',(-1.788962365705,4.949373245388,
    8.114582675145));
#4685 = CARTESIAN_POINT('',(9.27379353941E-06,5.300633003839,
    8.031249548244));
#4686 = CARTESIAN_POINT('',(1.788967002184,4.949370577906,7.947916131852
    ));
#4687 = CARTESIAN_POINT('',(2.644030187557,4.598109262947,7.906249294205
    ));
#4688 = CARTESIAN_POINT('',(3.420267761455,4.081537723697,7.864582380415
    ));
#4689 = CARTESIAN_POINT('',(4.081520852968,3.42028401262,7.822915466165)
  );
#4690 = CARTESIAN_POINT('',(4.598103684664,2.644039037596,7.781249281805
    ));
#4691 = CARTESIAN_POINT('',(4.949406249784,1.788960951665,7.73958359572)
  );
#4692 = CARTESIAN_POINT('',(5.12500364053,0.894477172785,7.697915971859)
  );
#4693 = CARTESIAN_POINT('',(5.125004511255,4.102870748669E-08,
    7.656249140697));
#4694 = ADVANCED_FACE('',(#4695),#4701,.F.);
#4695 = FACE_BOUND('',#4696,.T.);
#4696 = EDGE_LOOP('',(#4697,#4698,#4699,#4700));
#4697 = ORIENTED_EDGE('',*,*,#4500,.F.);
#4698 = ORIENTED_EDGE('',*,*,#4211,.T.);
#4699 = ORIENTED_EDGE('',*,*,#4266,.T.);
#4700 = ORIENTED_EDGE('',*,*,#3687,.F.);
#4701 = CYLINDRICAL_SURFACE('',#4702,4.375);
#4702 = AXIS2_PLACEMENT_3D('',#4703,#4704,#4705);
#4703 = CARTESIAN_POINT('',(0.,0.,10.));
#4704 = DIRECTION('',(-0.,-0.,-1.));
#4705 = DIRECTION('',(1.,0.,0.));
#4706 = ADVANCED_FACE('',(#4707),#4745,.F.);
#4707 = FACE_BOUND('',#4708,.F.);
#4708 = EDGE_LOOP('',(#4709,#4742,#4743,#4744));
#4709 = ORIENTED_EDGE('',*,*,#4710,.F.);
#4710 = EDGE_CURVE('',#3741,#4227,#4711,.T.);
#4711 = B_SPLINE_CURVE_WITH_KNOTS('',11,(#4712,#4713,#4714,#4715,#4716,
    #4717,#4718,#4719,#4720,#4721,#4722,#4723,#4724,#4725,#4726,#4727,
    #4728,#4729,#4730,#4731,#4732,#4733,#4734,#4735,#4736,#4737,#4738,
    #4739,#4740,#4741),.UNSPECIFIED.,.F.,.F.,(12,9,9,12),(0.,
    1.614938419963,3.229876839926,6.459753679852),.UNSPECIFIED.);
#4712 = CARTESIAN_POINT('',(5.125002900094,2.051421876814E-08,
    9.343749570351));
#4713 = CARTESIAN_POINT('',(5.12500381145,-0.731845043483,9.309658526675
    ));
#4714 = CARTESIAN_POINT('',(5.010074965401,-1.463694713396,
    9.275566964146));
#4715 = CARTESIAN_POINT('',(4.780144202366,-2.175486692999,
    9.241476272778));
#4716 = CARTESIAN_POINT('',(4.439185569377,-2.847142947131,
    9.207385870068));
#4717 = CARTESIAN_POINT('',(3.995099994244,-3.459487572449,
    9.173295210903));
#4718 = CARTESIAN_POINT('',(3.459474062315,-3.995115013584,
    9.139204232006));
#4719 = CARTESIAN_POINT('',(2.847132500063,-4.439191741747,
    9.105113128897));
#4720 = CARTESIAN_POINT('',(2.175482443904,-4.780127746873,
    9.071022057928));
#4721 = CARTESIAN_POINT('',(1.46370232485,-5.010045619272,9.036931050258
    ));
#4722 = CARTESIAN_POINT('',(8.133342350236E-06,-5.239963601912,
    8.968749187804));
#4723 = CARTESIAN_POINT('',(-1.463694982873,-5.010046651107,
    8.900567514839));
#4724 = CARTESIAN_POINT('',(-2.175483736941,-4.780129715809,8.8664767022
    ));
#4725 = CARTESIAN_POINT('',(-2.847145557492,-4.439192804687,
    8.832385851408));
#4726 = CARTESIAN_POINT('',(-3.459496609334,-3.995116336079,
    8.798294932673));
#4727 = CARTESIAN_POINT('',(-3.995123933351,-3.459487876836,
    8.76420396299));
#4728 = CARTESIAN_POINT('',(-4.439196885926,-2.847138581874,
    8.730112986569));
#4729 = CARTESIAN_POINT('',(-4.780129302923,-2.175480754591,
    8.696022042161));
#4730 = CARTESIAN_POINT('',(-5.010042458284,-1.463696585639,
    8.661931137005));
#4731 = CARTESIAN_POINT('',(-5.354912352698,0.731848306563,
    8.559658464782));
#4732 = CARTESIAN_POINT('',(-4.665171462092,2.927393025699,8.45738579256
    ));
#4733 = CARTESIAN_POINT('',(-3.745514667877,4.230578721779,8.38920376427
    ));
#4734 = CARTESIAN_POINT('',(-2.429076235892,5.212748143272,
    8.321022297934));
#4735 = CARTESIAN_POINT('',(-0.841779588997,5.74167394156,8.252838063811
    ));
#4736 = CARTESIAN_POINT('',(0.841833447308,5.741633827062,8.184661723327
    ));
#4737 = CARTESIAN_POINT('',(2.429111706293,5.212733740194,8.116477519773
    ));
#4738 = CARTESIAN_POINT('',(3.745335987847,4.230601546552,8.048290401153
    ));
#4739 = CARTESIAN_POINT('',(4.665255356154,2.927397573846,7.980115390861
    ));
#4740 = CARTESIAN_POINT('',(5.125003971617,1.463690169022,7.911931228051
    ));
#4741 = CARTESIAN_POINT('',(5.125005800186,4.102891804081E-08,
    7.843749140693));
#4742 = ORIENTED_EDGE('',*,*,#3777,.T.);
#4743 = ORIENTED_EDGE('',*,*,#4114,.T.);
#4744 = ORIENTED_EDGE('',*,*,#4261,.F.);
#4745 = B_SPLINE_SURFACE_WITH_KNOTS('',1,9,(
    (#4746,#4747,#4748,#4749,#4750,#4751,#4752,#4753,#4754,#4755,#4756
      ,#4757,#4758,#4759,#4760,#4761,#4762,#4763,#4764,#4765,#4766,#4767
      ,#4768,#4769,#4770,#4771,#4772,#4773,#4774,#4775,#4776)
    ,(#4777,#4778,#4779,#4780,#4781,#4782,#4783,#4784,#4785,#4786,#4787
      ,#4788,#4789,#4790,#4791,#4792,#4793,#4794,#4795,#4796,#4797,#4798
      ,#4799,#4800,#4801,#4802,#4803,#4804,#4805,#4806,#4807
  )),.UNSPECIFIED.,.F.,.F.,.F.,(2,2),(10,7,7,7,10),(0.,1.3105),(0.,
    1.614938419963,3.229876839926,4.844815259889,6.459753679852),
  .UNSPECIFIED.);
#4746 = CARTESIAN_POINT('',(5.125002900094,2.051421787996E-08,
    9.343749570351));
#4747 = CARTESIAN_POINT('',(5.125004013973,-0.894477279927,
    9.302082739192));
#4748 = CARTESIAN_POINT('',(4.949417998485,-1.788961617184,9.26041511534
    ));
#4749 = CARTESIAN_POINT('',(4.598103111593,-2.644044909382,
    9.218749429181));
#4750 = CARTESIAN_POINT('',(4.081514819061,-3.420277853643,
    9.177083244982));
#4751 = CARTESIAN_POINT('',(3.420268266373,-4.081535452097,
    9.135416330562));
#4752 = CARTESIAN_POINT('',(2.644030315028,-4.598109437971,9.09374941687
    ));
#4753 = CARTESIAN_POINT('',(1.788967514808,-4.949372839794,
    9.052082579196));
#4754 = CARTESIAN_POINT('',(9.310908232302E-06,-5.300636266741,
    8.968749162802));
#4755 = CARTESIAN_POINT('',(-1.788962527963,-4.949374100926,
    8.885416035905));
#4756 = CARTESIAN_POINT('',(-2.644038394108,-4.598112156989,
    8.843749498615));
#4757 = CARTESIAN_POINT('',(-3.420293117111,-4.081534250316,
    8.80208284051));
#4758 = CARTESIAN_POINT('',(-4.081542403925,-3.420283293653,
    8.76041607304));
#4759 = CARTESIAN_POINT('',(-4.598114745998,-2.644032066179,
    8.718749316554));
#4760 = CARTESIAN_POINT('',(-4.949370892583,-1.788962497197,
    8.677082644001));
#4761 = CARTESIAN_POINT('',(-5.300627341335,1.931072482874E-08,
    8.593749355523));
#4762 = CARTESIAN_POINT('',(-4.949370294087,1.788962418306,
    8.510416067045));
#4763 = CARTESIAN_POINT('',(-4.598114161779,2.644031798969,
    8.468749394494));
#4764 = CARTESIAN_POINT('',(-4.08154331036,3.420283349041,8.427082638007
    ));
#4765 = CARTESIAN_POINT('',(-3.420294762841,4.081535552218,
    8.385415870536));
#4766 = CARTESIAN_POINT('',(-2.64403921391,4.598113942424,8.343749212431
    ));
#4767 = CARTESIAN_POINT('',(-1.788962717613,4.949374191398,
    8.302082675142));
#4768 = CARTESIAN_POINT('',(9.277110263145E-06,5.300633720781,
    8.218749548243));
#4769 = CARTESIAN_POINT('',(1.788967325158,4.949371342751,8.13541613185)
  );
#4770 = CARTESIAN_POINT('',(2.644030739597,4.598110212825,8.093749294206
    ));
#4771 = CARTESIAN_POINT('',(3.420268430265,4.081538868627,8.0520823804)
  );
#4772 = CARTESIAN_POINT('',(4.081522478449,3.420285502134,8.01041546617)
  );
#4773 = CARTESIAN_POINT('',(4.598104735965,2.64403885782,7.968749281793)
  );
#4774 = CARTESIAN_POINT('',(4.949405834163,1.788961240699,7.927083595727
    ));
#4775 = CARTESIAN_POINT('',(5.125004682727,0.89447734147,7.885415971856)
  );
#4776 = CARTESIAN_POINT('',(5.125005800186,4.102891976133E-08,
    7.843749140693));
#4777 = CARTESIAN_POINT('',(3.990078860633,-1.657403623234E-07,
    9.999003471258));
#4778 = CARTESIAN_POINT('',(3.990080804268,-0.696438725931,
    9.957338133559));
#4779 = CARTESIAN_POINT('',(3.85337617333,-1.392766473248,9.915679200151
    ));
#4780 = CARTESIAN_POINT('',(3.579889996204,-2.0584994603,9.87400461144)
  );
#4781 = CARTESIAN_POINT('',(3.177664915915,-2.662882393247,9.83233404776
    ));
#4782 = CARTESIAN_POINT('',(2.662844317212,-3.177681876038,
    9.790669381773));
#4783 = CARTESIAN_POINT('',(2.058510301516,-3.579868328996,
    9.749004711399));
#4784 = CARTESIAN_POINT('',(1.392803365993,-3.853343929434,9.70733942617
    ));
#4785 = CARTESIAN_POINT('',(9.336871915198E-06,-4.126821271445,
    9.624006763882));
#4786 = CARTESIAN_POINT('',(-1.392802281502,-3.853343871821,
    9.540671762744));
#4787 = CARTESIAN_POINT('',(-2.05852643788,-3.579866233152,9.49900405083
    ));
#4788 = CARTESIAN_POINT('',(-2.662877511497,-3.177681974045,
    9.457337314989));
#4789 = CARTESIAN_POINT('',(-3.177689787142,-2.662868197757,
    9.415671462728));
#4790 = CARTESIAN_POINT('',(-3.579867861038,-2.058522332012,
    9.374005521721));
#4791 = CARTESIAN_POINT('',(-3.853340362727,-1.392805259137,
    9.332338902603));
#4792 = CARTESIAN_POINT('',(-4.126812382738,3.479794524414E-07,
    9.249005206881));
#4793 = CARTESIAN_POINT('',(-3.853339087712,1.392805704752,
    9.165671511158));
#4794 = CARTESIAN_POINT('',(-3.57986651019,2.058522401488,9.124004892041
    ));
#4795 = CARTESIAN_POINT('',(-3.177690992713,2.66286877922,9.082338951033
    ));
#4796 = CARTESIAN_POINT('',(-2.662879952239,3.177684691805,
    9.040673098771));
#4797 = CARTESIAN_POINT('',(-2.05852735014,3.579869718082,8.999006362931
    ));
#4798 = CARTESIAN_POINT('',(-1.392802032662,3.85334424428,8.957338651018
    ));
#4799 = CARTESIAN_POINT('',(9.904170861187E-06,4.126816748291,
    8.874003649877));
#4800 = CARTESIAN_POINT('',(1.392803614831,3.853341058057,8.79067098759)
  );
#4801 = CARTESIAN_POINT('',(2.058511600004,3.579869392672,8.749005702413
    ));
#4802 = CARTESIAN_POINT('',(2.662845091445,3.177687541042,8.707341031839
    ));
#4803 = CARTESIAN_POINT('',(3.177678928373,2.662895498496,8.665676366188
    ));
#4804 = CARTESIAN_POINT('',(3.579893195008,2.058488164914,8.624005802194
    ));
#4805 = CARTESIAN_POINT('',(3.85335477394,1.392765218603,8.582331213646)
  );
#4806 = CARTESIAN_POINT('',(3.990082098217,0.69643822871,8.540672280205)
  );
#4807 = CARTESIAN_POINT('',(3.990084012936,-3.314798283282E-07,
    8.499006942499));
#4808 = ADVANCED_FACE('',(#4809),#4815,.F.);
#4809 = FACE_BOUND('',#4810,.F.);
#4810 = EDGE_LOOP('',(#4811,#4812,#4813,#4814));
#4811 = ORIENTED_EDGE('',*,*,#4597,.F.);
#4812 = ORIENTED_EDGE('',*,*,#3886,.T.);
#4813 = ORIENTED_EDGE('',*,*,#4710,.T.);
#4814 = ORIENTED_EDGE('',*,*,#4429,.F.);
#4815 = B_SPLINE_SURFACE_WITH_KNOTS('',1,11,(
    (#4816,#4817,#4818,#4819,#4820,#4821,#4822,#4823,#4824,#4825,#4826
      ,#4827,#4828,#4829,#4830,#4831,#4832,#4833,#4834,#4835,#4836,#4837
      ,#4838,#4839,#4840,#4841,#4842,#4843,#4844,#4845)
    ,(#4846,#4847,#4848,#4849,#4850,#4851,#4852,#4853,#4854,#4855,#4856
      ,#4857,#4858,#4859,#4860,#4861,#4862,#4863,#4864,#4865,#4866,#4867
      ,#4868,#4869,#4870,#4871,#4872,#4873,#4874,#4875
  )),.UNSPECIFIED.,.F.,.F.,.F.,(2,2),(12,9,9,12),(0.,0.1875),(0.,
    1.614938419963,3.229876839926,6.459753679852),.UNSPECIFIED.);
#4816 = CARTESIAN_POINT('',(5.125002255628,2.05141628129E-08,
    9.156249570352));
#4817 = CARTESIAN_POINT('',(5.125002965112,-0.731844905468,
    9.122158526677));
#4818 = CARTESIAN_POINT('',(5.010073167829,-1.463694405598,
    9.088066964152));
#4819 = CARTESIAN_POINT('',(4.780142809782,-2.175485916058,
    9.053976272786));
#4820 = CARTESIAN_POINT('',(4.439185005231,-2.847142381767,
    9.019885870068));
#4821 = CARTESIAN_POINT('',(3.995099747279,-3.459487359405,8.9857952109)
  );
#4822 = CARTESIAN_POINT('',(3.45947366571,-3.995114709886,8.951704232007
    ));
#4823 = CARTESIAN_POINT('',(2.847131997615,-4.439191071239,8.9176131289)
  );
#4824 = CARTESIAN_POINT('',(2.175482054075,-4.780126801319,
    8.883522057929));
#4825 = CARTESIAN_POINT('',(1.463702037364,-5.010044486638,
    8.849431050262));
#4826 = CARTESIAN_POINT('',(8.133587142624E-06,-5.239962366009,
    8.781249187808));
#4827 = CARTESIAN_POINT('',(-1.463694718182,-5.010045666698,
    8.713067514842));
#4828 = CARTESIAN_POINT('',(-2.175483376464,-4.780128915004,
    8.678976702202));
#4829 = CARTESIAN_POINT('',(-2.847145133023,-4.439192128469,
    8.644885851409));
#4830 = CARTESIAN_POINT('',(-3.459496095233,-3.99511570377,
    8.610794932674));
#4831 = CARTESIAN_POINT('',(-3.995123268162,-3.459487267035,
    8.576703962992));
#4832 = CARTESIAN_POINT('',(-4.43919604294,-2.847138037041,
    8.542612986572));
#4833 = CARTESIAN_POINT('',(-4.780128334494,-2.175480331565,
    8.508522042163));
#4834 = CARTESIAN_POINT('',(-5.010041456907,-1.463696309729,
    8.474431137008));
#4835 = CARTESIAN_POINT('',(-5.354911370814,0.731848155067,
    8.372158464785));
#4836 = CARTESIAN_POINT('',(-4.66517069485,2.927392486636,8.269885792561
    ));
#4837 = CARTESIAN_POINT('',(-3.745514480207,4.230577389977,
    8.201703764269));
#4838 = CARTESIAN_POINT('',(-2.429072680702,5.212750348885,
    8.133522297955));
#4839 = CARTESIAN_POINT('',(-0.841783542463,5.741662377265,
    8.065338063786));
#4840 = CARTESIAN_POINT('',(0.841833880111,5.74164892944,7.997161723363)
  );
#4841 = CARTESIAN_POINT('',(2.429116645586,5.212721716734,7.928977519719
    ));
#4842 = CARTESIAN_POINT('',(3.745327694639,4.230603265784,7.860790401215
    ));
#4843 = CARTESIAN_POINT('',(4.665258045556,2.927397148339,7.79261539084)
  );
#4844 = CARTESIAN_POINT('',(5.125003086432,1.463689892993,7.724431228053
    ));
#4845 = CARTESIAN_POINT('',(5.125004511255,4.102870754252E-08,
    7.656249140697));
#4846 = CARTESIAN_POINT('',(5.125002900094,2.051421876814E-08,
    9.343749570351));
#4847 = CARTESIAN_POINT('',(5.12500381145,-0.731845043483,9.309658526675
    ));
#4848 = CARTESIAN_POINT('',(5.010074965401,-1.463694713396,
    9.275566964146));
#4849 = CARTESIAN_POINT('',(4.780144202366,-2.175486692999,
    9.241476272778));
#4850 = CARTESIAN_POINT('',(4.439185569377,-2.847142947131,
    9.207385870068));
#4851 = CARTESIAN_POINT('',(3.995099994244,-3.459487572449,
    9.173295210903));
#4852 = CARTESIAN_POINT('',(3.459474062315,-3.995115013584,
    9.139204232006));
#4853 = CARTESIAN_POINT('',(2.847132500063,-4.439191741747,
    9.105113128897));
#4854 = CARTESIAN_POINT('',(2.175482443904,-4.780127746873,
    9.071022057928));
#4855 = CARTESIAN_POINT('',(1.46370232485,-5.010045619272,9.036931050258
    ));
#4856 = CARTESIAN_POINT('',(8.133342350236E-06,-5.239963601912,
    8.968749187804));
#4857 = CARTESIAN_POINT('',(-1.463694982873,-5.010046651107,
    8.900567514839));
#4858 = CARTESIAN_POINT('',(-2.175483736941,-4.780129715809,8.8664767022
    ));
#4859 = CARTESIAN_POINT('',(-2.847145557492,-4.439192804687,
    8.832385851408));
#4860 = CARTESIAN_POINT('',(-3.459496609334,-3.995116336079,
    8.798294932673));
#4861 = CARTESIAN_POINT('',(-3.995123933351,-3.459487876836,
    8.76420396299));
#4862 = CARTESIAN_POINT('',(-4.439196885926,-2.847138581874,
    8.730112986569));
#4863 = CARTESIAN_POINT('',(-4.780129302923,-2.175480754591,
    8.696022042161));
#4864 = CARTESIAN_POINT('',(-5.010042458284,-1.463696585639,
    8.661931137005));
#4865 = CARTESIAN_POINT('',(-5.354912352698,0.731848306563,
    8.559658464782));
#4866 = CARTESIAN_POINT('',(-4.665171462092,2.927393025699,8.45738579256
    ));
#4867 = CARTESIAN_POINT('',(-3.745514667877,4.230578721779,8.38920376427
    ));
#4868 = CARTESIAN_POINT('',(-2.429076235892,5.212748143272,
    8.321022297934));
#4869 = CARTESIAN_POINT('',(-0.841779588997,5.74167394156,8.252838063811
    ));
#4870 = CARTESIAN_POINT('',(0.841833447308,5.741633827062,8.184661723327
    ));
#4871 = CARTESIAN_POINT('',(2.429111706293,5.212733740194,8.116477519773
    ));
#4872 = CARTESIAN_POINT('',(3.745335987847,4.230601546552,8.048290401153
    ));
#4873 = CARTESIAN_POINT('',(4.665255356154,2.927397573846,7.980115390861
    ));
#4874 = CARTESIAN_POINT('',(5.125003971617,1.463690169022,7.911931228051
    ));
#4875 = CARTESIAN_POINT('',(5.125005800186,4.102891804081E-08,
    7.843749140693));
#4876 = ( GEOMETRIC_REPRESENTATION_CONTEXT(3) 
GLOBAL_UNCERTAINTY_ASSIGNED_CONTEXT((#4880)) 
GLOBAL_UNIT_ASSIGNED_CONTEXT((#4877,#4878,#4879)) REPRESENTATION_CONTEXT
('Context #1','3D Context with UNIT and UNCERTAINTY') );
#4877 = ( LENGTH_UNIT() NAMED_UNIT(*) SI_UNIT(.MILLI.,.METRE.) );
#4878 = ( NAMED_UNIT(*) PLANE_ANGLE_UNIT() SI_UNIT($,.RADIAN.) );
#4879 = ( NAMED_UNIT(*) SI_UNIT($,.STERADIAN.) SOLID_ANGLE_UNIT() );
#4880 = UNCERTAINTY_MEASURE_WITH_UNIT(LENGTH_MEASURE(1.E-06),#4877,
  'distance_accuracy_value','confusion accuracy');
#4881 = PRODUCT_RELATED_PRODUCT_CATEGORY('part',$,(#7));
#4882 = MECHANICAL_DESIGN_GEOMETRIC_PRESENTATION_REPRESENTATION('',(
    #4883),#4876);
#4883 = STYLED_ITEM('color',(#4884),#15);
#4884 = PRESENTATION_STYLE_ASSIGNMENT((#4885,#4891));
#4885 = SURFACE_STYLE_USAGE(.BOTH.,#4886);
#4886 = SURFACE_SIDE_STYLE('',(#4887));
#4887 = SURFACE_STYLE_FILL_AREA(#4888);
#4888 = FILL_AREA_STYLE('',(#4889));
#4889 = FILL_AREA_STYLE_COLOUR('',#4890);
#4890 = COLOUR_RGB('',0.341176475329,0.666666687201,7.843137629354E-02);
#4891 = CURVE_STYLE('',#4892,POSITIVE_LENGTH_MEASURE(0.1),#4893);
#4892 = DRAUGHTING_PRE_DEFINED_CURVE_FONT('continuous');
#4893 = DRAUGHTING_PRE_DEFINED_COLOUR('black');
ENDSEC;
END-ISO-10303-21;
