ISO-10303-21;
HEADER;
FILE_DESCRIPTION(('FreeCAD Model'),'2;1');
FILE_NAME('Open CASCADE Shape Model','2026-09-22T08:42:57',(''),(''),
  'Open CASCADE STEP processor 7.8','FreeCAD','Unknown');
FILE_SCHEMA(('AUTOMOTIVE_DESIGN { 1 0 10303 214 1 1 1 1 }'));
ENDSEC;
DATA;
#1 = APPLICATION_PROTOCOL_DEFINITION('international standard',
  'automotive_design',2000,#2);
#2 = APPLICATION_CONTEXT(
  'core data for automotive mechanical design processes');
#3 = SHAPE_DEFINITION_REPRESENTATION(#4,#10);
#4 = PRODUCT_DEFINITION_SHAPE('','',#5);
#5 = PRODUCT_DEFINITION('design','',#6,#9);
#6 = PRODUCT_DEFINITION_FORMATION('','',#7);
#7 = PRODUCT('Body','Body','',(#8));
#8 = PRODUCT_CONTEXT('',#2,'mechanical');
#9 = PRODUCT_DEFINITION_CONTEXT('part definition',#2,'design');
#10 = ADVANCED_BREP_SHAPE_REPRESENTATION('',(#11,#15),#5651);
#11 = AXIS2_PLACEMENT_3D('',#12,#13,#14);
#12 = CARTESIAN_POINT('',(0.,0.,0.));
#13 = DIRECTION('',(0.,0.,1.));
#14 = DIRECTION('',(1.,0.,-0.));
#15 = MANIFOLD_SOLID_BREP('',#16);
#16 = CLOSED_SHELL('',(#17,#1389,#1420,#1444,#1468,#1492,#1516,#1540,
    #1564,#1588,#1612,#1636,#1660,#1684,#1708,#1732,#1756,#1780,#1804,
    #1828,#1852,#1876,#1900,#1924,#1948,#1972,#1996,#2020,#2044,#2068,
    #2092,#2116,#2140,#2164,#2188,#2212,#2236,#2260,#2284,#2308,#2332,
    #2356,#2380,#2404,#2428,#2452,#2476,#2500,#2524,#2548,#2572,#2596,
    #2620,#2644,#2668,#2692,#2716,#2740,#2764,#2788,#2812,#2836,#2860,
    #2884,#2908,#2932,#2956,#2980,#3004,#3028,#3052,#3076,#3100,#3124,
    #3148,#3172,#3196,#3220,#3244,#3268,#3292,#3316,#3340,#3364,#3388,
    #3412,#3436,#3460,#3484,#3508,#3532,#3556,#3580,#3604,#3628,#3652,
    #3676,#3700,#3724,#3741,#3772,#3796,#3820,#3844,#3868,#3892,#3916,
    #3940,#3964,#3988,#4012,#4036,#4060,#4084,#4108,#4132,#4156,#4180,
    #4204,#4228,#4252,#4276,#4300,#4324,#4348,#4372,#4396,#4420,#4444,
    #4468,#4492,#4516,#4540,#4564,#4588,#4605,#4636,#4660,#4684,#4708,
    #4732,#4756,#4780,#4804,#4828,#4852,#4876,#4900,#4924,#4948,#4972,
    #4996,#5020,#5044,#5068,#5092,#5116,#5140,#5164,#5188,#5212,#5236,
    #5260,#5284,#5308,#5332,#5356,#5380,#5404,#5428,#5452,#5469));
#17 = ADVANCED_FACE('',(#18,#804,#1094),#1384,.T.);
#18 = FACE_BOUND('',#19,.T.);
#19 = EDGE_LOOP('',(#20,#30,#38,#46,#54,#62,#70,#78,#86,#94,#102,#110,
    #118,#126,#134,#142,#150,#158,#166,#174,#182,#190,#198,#206,#214,
    #222,#230,#238,#246,#254,#262,#270,#278,#286,#294,#302,#310,#318,
    #326,#334,#342,#350,#358,#366,#374,#382,#390,#398,#406,#414,#422,
    #430,#438,#446,#454,#462,#470,#478,#486,#494,#502,#510,#518,#526,
    #534,#542,#550,#558,#566,#574,#582,#590,#598,#606,#614,#622,#630,
    #638,#646,#654,#662,#670,#678,#686,#694,#702,#710,#718,#726,#734,
    #742,#750,#758,#766,#774,#782,#790,#798));
#20 = ORIENTED_EDGE('',*,*,#21,.F.);
#21 = EDGE_CURVE('',#22,#24,#26,.T.);
#22 = VERTEX_POINT('',#23);
#23 = CARTESIAN_POINT('',(21.250001318814,4.865223350167,0.));
#24 = VERTEX_POINT('',#25);
#25 = CARTESIAN_POINT('',(21.250001318814,17.13477712667,0.));
#26 = LINE('',#27,#28);
#27 = CARTESIAN_POINT('',(21.250001318814,20.987057724986,0.));
#28 = VECTOR('',#29,1.);
#29 = DIRECTION('',(0.,1.,0.));
#30 = ORIENTED_EDGE('',*,*,#31,.T.);
#31 = EDGE_CURVE('',#22,#32,#34,.T.);
#32 = VERTEX_POINT('',#33);
#33 = CARTESIAN_POINT('',(21.25,4.865223407745,0.));
#34 = LINE('',#35,#36);
#35 = CARTESIAN_POINT('',(21.424312591553,4.8576130867,0.));
#36 = VECTOR('',#37,1.);
#37 = DIRECTION('',(-0.999048304267,4.361749353347E-02,0.));
#38 = ORIENTED_EDGE('',*,*,#39,.T.);
#39 = EDGE_CURVE('',#32,#40,#42,.T.);
#40 = VERTEX_POINT('',#41);
#41 = CARTESIAN_POINT('',(21.075689315796,4.8576130867,0.));
#42 = LINE('',#43,#44);
#43 = CARTESIAN_POINT('',(21.25,4.865223407745,0.));
#44 = VECTOR('',#45,1.);
#45 = DIRECTION('',(-0.999048283469,-4.361796989835E-02,0.));
#46 = ORIENTED_EDGE('',*,*,#47,.T.);
#47 = EDGE_CURVE('',#40,#48,#50,.T.);
#48 = VERTEX_POINT('',#49);
#49 = CARTESIAN_POINT('',(20.732362747192,4.797075271606,0.));
#50 = LINE('',#51,#52);
#51 = CARTESIAN_POINT('',(21.075689315796,4.8576130867,0.));
#52 = VECTOR('',#53,1.);
#53 = DIRECTION('',(-0.984807714822,-0.173648394255,0.));
#54 = ORIENTED_EDGE('',*,*,#55,.T.);
#55 = EDGE_CURVE('',#48,#56,#58,.T.);
#56 = VERTEX_POINT('',#57);
#57 = CARTESIAN_POINT('',(20.404764175415,4.677839279175,0.));
#58 = LINE('',#59,#60);
#59 = CARTESIAN_POINT('',(20.732362747192,4.797075271606,0.));
#60 = VECTOR('',#61,1.);
#61 = DIRECTION('',(-0.939692746609,-0.342019797629,0.));
#62 = ORIENTED_EDGE('',*,*,#63,.T.);
#63 = EDGE_CURVE('',#56,#64,#66,.T.);
#64 = VERTEX_POINT('',#65);
#65 = CARTESIAN_POINT('',(20.102848052979,4.503527641296,0.));
#66 = LINE('',#67,#68);
#67 = CARTESIAN_POINT('',(20.404764175415,4.677839279175,0.));
#68 = VECTOR('',#69,1.);
#69 = DIRECTION('',(-0.866025051886,-0.500000609506,0.));
#70 = ORIENTED_EDGE('',*,*,#71,.T.);
#71 = EDGE_CURVE('',#64,#72,#74,.T.);
#72 = VERTEX_POINT('',#73);
#73 = CARTESIAN_POINT('',(19.835786819458,4.279437065125,0.));
#74 = LINE('',#75,#76);
#75 = CARTESIAN_POINT('',(20.102848052979,4.503527641296,0.));
#76 = VECTOR('',#77,1.);
#77 = DIRECTION('',(-0.766045017095,-0.642786925648,0.));
#78 = ORIENTED_EDGE('',*,*,#79,.T.);
#79 = EDGE_CURVE('',#72,#80,#82,.T.);
#80 = VERTEX_POINT('',#81);
#81 = CARTESIAN_POINT('',(16.142135620117,0.585786044598,0.));
#82 = LINE('',#83,#84);
#83 = CARTESIAN_POINT('',(19.835786819458,4.279437065125,0.));
#84 = VECTOR('',#85,1.);
#85 = DIRECTION('',(-0.707106798302,-0.707106764071,0.));
#86 = ORIENTED_EDGE('',*,*,#87,.T.);
#87 = EDGE_CURVE('',#80,#88,#90,.T.);
#88 = VERTEX_POINT('',#89);
#89 = CARTESIAN_POINT('',(15.903492927551,0.381966114044,0.));
#90 = LINE('',#91,#92);
#91 = CARTESIAN_POINT('',(16.142135620117,0.585786044598,0.));
#92 = VECTOR('',#93,1.);
#93 = DIRECTION('',(-0.760406254971,-0.64944770952,0.));
#94 = ORIENTED_EDGE('',*,*,#95,.T.);
#95 = EDGE_CURVE('',#88,#96,#98,.T.);
#96 = VERTEX_POINT('',#97);
#97 = CARTESIAN_POINT('',(15.635904312134,0.21798722446,0.));
#98 = LINE('',#99,#100);
#99 = CARTESIAN_POINT('',(15.903492927551,0.381966114044,0.));
#100 = VECTOR('',#101,1.);
#101 = DIRECTION('',(-0.852639631798,-0.522499433767,0.));
#102 = ORIENTED_EDGE('',*,*,#103,.T.);
#103 = EDGE_CURVE('',#96,#104,#106,.T.);
#104 = VERTEX_POINT('',#105);
#105 = CARTESIAN_POINT('',(15.345956802368,9.788665920496E-02,0.));
#106 = LINE('',#107,#108);
#107 = CARTESIAN_POINT('',(15.635904312134,0.21798722446,0.));
#108 = VECTOR('',#109,1.);
#109 = DIRECTION('',(-0.923879110805,-0.382684450452,0.));
#110 = ORIENTED_EDGE('',*,*,#111,.T.);
#111 = EDGE_CURVE('',#104,#112,#114,.T.);
#112 = VERTEX_POINT('',#113);
#113 = CARTESIAN_POINT('',(15.040790557861,2.462323755026E-02,0.));
#114 = LINE('',#115,#116);
#115 = CARTESIAN_POINT('',(15.345956802368,9.788665920496E-02,0.));
#116 = VECTOR('',#117,1.);
#117 = DIRECTION('',(-0.97237029046,-0.233443822431,0.));
#118 = ORIENTED_EDGE('',*,*,#119,.T.);
#119 = EDGE_CURVE('',#112,#120,#122,.T.);
#120 = VERTEX_POINT('',#121);
#121 = CARTESIAN_POINT('',(14.727922439575,0.,0.));
#122 = LINE('',#123,#124);
#123 = CARTESIAN_POINT('',(15.040790557861,2.462323755026E-02,0.));
#124 = VECTOR('',#125,1.);
#125 = DIRECTION('',(-0.996917338062,-7.845904072152E-02,0.));
#126 = ORIENTED_EDGE('',*,*,#127,.T.);
#127 = EDGE_CURVE('',#120,#128,#130,.T.);
#128 = VERTEX_POINT('',#129);
#129 = CARTESIAN_POINT('',(7.272077560425,0.,0.));
#130 = LINE('',#131,#132);
#131 = CARTESIAN_POINT('',(14.727922439575,0.,0.));
#132 = VECTOR('',#133,1.);
#133 = DIRECTION('',(-1.,0.,0.));
#134 = ORIENTED_EDGE('',*,*,#135,.T.);
#135 = EDGE_CURVE('',#128,#136,#138,.T.);
#136 = VERTEX_POINT('',#137);
#137 = CARTESIAN_POINT('',(6.959209442139,2.462323755026E-02,0.));
#138 = LINE('',#139,#140);
#139 = CARTESIAN_POINT('',(7.272077560425,0.,0.));
#140 = VECTOR('',#141,1.);
#141 = DIRECTION('',(-0.996917338062,7.845904072152E-02,0.));
#142 = ORIENTED_EDGE('',*,*,#143,.T.);
#143 = EDGE_CURVE('',#136,#144,#146,.T.);
#144 = VERTEX_POINT('',#145);
#145 = CARTESIAN_POINT('',(6.654044628143,9.788665920496E-02,0.));
#146 = LINE('',#147,#148);
#147 = CARTESIAN_POINT('',(6.959209442139,2.462323755026E-02,0.));
#148 = VECTOR('',#149,1.);
#149 = DIRECTION('',(-0.972370042058,0.233444857102,0.));
#150 = ORIENTED_EDGE('',*,*,#151,.T.);
#151 = EDGE_CURVE('',#144,#152,#154,.T.);
#152 = VERTEX_POINT('',#153);
#153 = CARTESIAN_POINT('',(6.364097595215,0.21798722446,0.));
#154 = LINE('',#155,#156);
#155 = CARTESIAN_POINT('',(6.654044628143,9.788665920496E-02,0.));
#156 = VECTOR('',#157,1.);
#157 = DIRECTION('',(-0.923878888296,0.382684987636,0.));
#158 = ORIENTED_EDGE('',*,*,#159,.T.);
#159 = EDGE_CURVE('',#152,#160,#162,.T.);
#160 = VERTEX_POINT('',#161);
#161 = CARTESIAN_POINT('',(6.09650850296,0.381966114044,0.));
#162 = LINE('',#163,#164);
#163 = CARTESIAN_POINT('',(6.364097595215,0.21798722446,0.));
#164 = VECTOR('',#165,1.);
#165 = DIRECTION('',(-0.852640046598,0.522498756876,0.));
#166 = ORIENTED_EDGE('',*,*,#167,.T.);
#167 = EDGE_CURVE('',#160,#168,#170,.T.);
#168 = VERTEX_POINT('',#169);
#169 = CARTESIAN_POINT('',(5.857864379883,0.585786044598,
    -1.734723475977E-15));
#170 = LINE('',#171,#172);
#171 = CARTESIAN_POINT('',(6.09650850296,0.381966114044,0.));
#172 = VECTOR('',#173,1.);
#173 = DIRECTION('',(-0.760408177509,0.649445458508,0.));
#174 = ORIENTED_EDGE('',*,*,#175,.T.);
#175 = EDGE_CURVE('',#168,#176,#178,.T.);
#176 = VERTEX_POINT('',#177);
#177 = CARTESIAN_POINT('',(0.585786998272,5.857864379883,
    -1.734723475977E-15));
#178 = LINE('',#179,#180);
#179 = CARTESIAN_POINT('',(5.857864379883,0.585786044598,0.));
#180 = VECTOR('',#181,1.);
#181 = DIRECTION('',(-0.707106717232,0.707106845141,0.));
#182 = ORIENTED_EDGE('',*,*,#183,.T.);
#183 = EDGE_CURVE('',#176,#184,#186,.T.);
#184 = VERTEX_POINT('',#185);
#185 = CARTESIAN_POINT('',(0.381967067719,6.096507549286,0.));
#186 = LINE('',#187,#188);
#187 = CARTESIAN_POINT('',(0.585786998272,5.857864379883,0.));
#188 = VECTOR('',#189,1.);
#189 = DIRECTION('',(-0.649446959182,0.760406895819,0.));
#190 = ORIENTED_EDGE('',*,*,#191,.T.);
#191 = EDGE_CURVE('',#184,#192,#194,.T.);
#192 = VERTEX_POINT('',#193);
#193 = CARTESIAN_POINT('',(0.217989087105,6.364097118378,0.));
#194 = LINE('',#195,#196);
#195 = CARTESIAN_POINT('',(0.381967067719,6.096507549286,0.));
#196 = VECTOR('',#197,1.);
#197 = DIRECTION('',(-0.522495974368,0.852641751716,0.));
#198 = ORIENTED_EDGE('',*,*,#199,.T.);
#199 = EDGE_CURVE('',#192,#200,#202,.T.);
#200 = VERTEX_POINT('',#201);
#201 = CARTESIAN_POINT('',(9.788572788239E-02,6.654043674469,0.));
#202 = LINE('',#203,#204);
#203 = CARTESIAN_POINT('',(0.217989087105,6.364097118378,0.));
#204 = VECTOR('',#205,1.);
#205 = DIRECTION('',(-0.382693123638,0.923875518195,0.));
#206 = ORIENTED_EDGE('',*,*,#207,.T.);
#207 = EDGE_CURVE('',#200,#208,#210,.T.);
#208 = VERTEX_POINT('',#209);
#209 = CARTESIAN_POINT('',(2.462416887283E-02,6.959208965302,0.));
#210 = LINE('',#211,#212);
#211 = CARTESIAN_POINT('',(9.788572788239E-02,6.654043674469,0.));
#212 = VECTOR('',#213,1.);
#213 = DIRECTION('',(-0.233438900559,0.972371472075,0.));
#214 = ORIENTED_EDGE('',*,*,#215,.T.);
#215 = EDGE_CURVE('',#208,#216,#218,.T.);
#216 = VERTEX_POINT('',#217);
#217 = CARTESIAN_POINT('',(0.,7.272078037262,0.));
#218 = LINE('',#219,#220);
#219 = CARTESIAN_POINT('',(2.462416887283E-02,6.959208965302,0.));
#220 = VECTOR('',#221,1.);
#221 = DIRECTION('',(-7.84617523101E-02,0.996917124652,0.));
#222 = ORIENTED_EDGE('',*,*,#223,.T.);
#223 = EDGE_CURVE('',#216,#224,#226,.T.);
#224 = VERTEX_POINT('',#225);
#225 = CARTESIAN_POINT('',(0.,14.727921485901,0.));
#226 = LINE('',#227,#228);
#227 = CARTESIAN_POINT('',(0.,7.272078037262,0.));
#228 = VECTOR('',#229,1.);
#229 = DIRECTION('',(0.,1.,0.));
#230 = ORIENTED_EDGE('',*,*,#231,.T.);
#231 = EDGE_CURVE('',#224,#232,#234,.T.);
#232 = VERTEX_POINT('',#233);
#233 = CARTESIAN_POINT('',(2.462416887283E-02,15.040791511536,0.));
#234 = LINE('',#235,#236);
#235 = CARTESIAN_POINT('',(0.,14.727921485901,0.));
#236 = VECTOR('',#237,1.);
#237 = DIRECTION('',(7.846151461936E-02,0.996917143359,0.));
#238 = ORIENTED_EDGE('',*,*,#239,.T.);
#239 = EDGE_CURVE('',#232,#240,#242,.T.);
#240 = VERTEX_POINT('',#241);
#241 = CARTESIAN_POINT('',(9.788572788239E-02,15.345955848694,0.));
#242 = LINE('',#243,#244);
#243 = CARTESIAN_POINT('',(2.462416887283E-02,15.040791511536,0.));
#244 = VECTOR('',#245,1.);
#245 = DIRECTION('',(0.233439590328,0.972371306481,0.));
#246 = ORIENTED_EDGE('',*,*,#247,.T.);
#247 = EDGE_CURVE('',#240,#248,#250,.T.);
#248 = VERTEX_POINT('',#249);
#249 = CARTESIAN_POINT('',(0.217989087105,15.635903358459,0.));
#250 = LINE('',#251,#252);
#251 = CARTESIAN_POINT('',(9.788572788239E-02,15.345955848694,0.));
#252 = VECTOR('',#253,1.);
#253 = DIRECTION('',(0.382692049256,0.923875963231,0.));
#254 = ORIENTED_EDGE('',*,*,#255,.T.);
#255 = EDGE_CURVE('',#248,#256,#258,.T.);
#256 = VERTEX_POINT('',#257);
#257 = CARTESIAN_POINT('',(0.381967067719,15.903492927551,0.));
#258 = LINE('',#259,#260);
#259 = CARTESIAN_POINT('',(0.217989087105,15.635903358459,0.));
#260 = VECTOR('',#261,1.);
#261 = DIRECTION('',(0.522495974368,0.852641751716,0.));
#262 = ORIENTED_EDGE('',*,*,#263,.T.);
#263 = EDGE_CURVE('',#256,#264,#266,.T.);
#264 = VERTEX_POINT('',#265);
#265 = CARTESIAN_POINT('',(0.585786998272,16.142135620117,0.));
#266 = LINE('',#267,#268);
#267 = CARTESIAN_POINT('',(0.381967067719,15.903492927551,0.));
#268 = VECTOR('',#269,1.);
#269 = DIRECTION('',(0.64944770952,0.760406254971,0.));
#270 = ORIENTED_EDGE('',*,*,#271,.T.);
#271 = EDGE_CURVE('',#264,#272,#274,.T.);
#272 = VERTEX_POINT('',#273);
#273 = CARTESIAN_POINT('',(4.279438495636,19.835786819458,0.));
#274 = LINE('',#275,#276);
#275 = CARTESIAN_POINT('',(0.585786998272,16.142135620117,0.));
#276 = VECTOR('',#277,1.);
#277 = DIRECTION('',(0.707106809713,0.70710675266,0.));
#278 = ORIENTED_EDGE('',*,*,#279,.T.);
#279 = EDGE_CURVE('',#272,#280,#282,.T.);
#280 = VERTEX_POINT('',#281);
#281 = CARTESIAN_POINT('',(4.503527641296,20.102848052979,0.));
#282 = LINE('',#283,#284);
#283 = CARTESIAN_POINT('',(4.279438495636,19.835786819458,0.));
#284 = VECTOR('',#285,1.);
#285 = DIRECTION('',(0.642784517711,0.766047037584,0.));
#286 = ORIENTED_EDGE('',*,*,#287,.T.);
#287 = EDGE_CURVE('',#280,#288,#290,.T.);
#288 = VERTEX_POINT('',#289);
#289 = CARTESIAN_POINT('',(4.677839756012,20.404764175415,0.));
#290 = LINE('',#291,#292);
#291 = CARTESIAN_POINT('',(4.503527641296,20.102848052979,0.));
#292 = VECTOR('',#293,1.);
#293 = DIRECTION('',(0.500001635334,0.866024459622,0.));
#294 = ORIENTED_EDGE('',*,*,#295,.T.);
#295 = EDGE_CURVE('',#288,#296,#298,.T.);
#296 = VERTEX_POINT('',#297);
#297 = CARTESIAN_POINT('',(4.797074794769,20.732362747192,0.));
#298 = LINE('',#299,#300);
#299 = CARTESIAN_POINT('',(4.677839756012,20.404764175415,0.));
#300 = VECTOR('',#301,1.);
#301 = DIRECTION('',(0.342017382077,0.939693625794,0.));
#302 = ORIENTED_EDGE('',*,*,#303,.T.);
#303 = EDGE_CURVE('',#296,#304,#306,.T.);
#304 = VERTEX_POINT('',#305);
#305 = CARTESIAN_POINT('',(4.857612609863,21.075687408447,0.));
#306 = LINE('',#307,#308);
#307 = CARTESIAN_POINT('',(4.797074794769,20.732362747192,0.));
#308 = VECTOR('',#309,1.);
#309 = DIRECTION('',(0.173649329873,0.984807549846,0.));
#310 = ORIENTED_EDGE('',*,*,#311,.T.);
#311 = EDGE_CURVE('',#304,#312,#314,.T.);
#312 = VERTEX_POINT('',#313);
#313 = CARTESIAN_POINT('',(4.865223407745,21.25,0.));
#314 = LINE('',#315,#316);
#315 = CARTESIAN_POINT('',(4.857612609863,21.075687408447,0.));
#316 = VECTOR('',#317,1.);
#317 = DIRECTION('',(4.362022125929E-02,0.999048185173,0.));
#318 = ORIENTED_EDGE('',*,*,#319,.T.);
#319 = EDGE_CURVE('',#312,#320,#322,.T.);
#320 = VERTEX_POINT('',#321);
#321 = CARTESIAN_POINT('',(4.857612609863,21.424310684204,0.));
#322 = LINE('',#323,#324);
#323 = CARTESIAN_POINT('',(4.865223407745,21.25,0.));
#324 = VECTOR('',#325,1.);
#325 = DIRECTION('',(-4.362069765385E-02,0.999048164373,0.));
#326 = ORIENTED_EDGE('',*,*,#327,.T.);
#327 = EDGE_CURVE('',#320,#328,#330,.T.);
#328 = VERTEX_POINT('',#329);
#329 = CARTESIAN_POINT('',(4.797074794769,21.767637252808,0.));
#330 = LINE('',#331,#332);
#331 = CARTESIAN_POINT('',(4.857612609863,21.424310684204,0.));
#332 = VECTOR('',#333,1.);
#333 = DIRECTION('',(-0.173648394255,0.984807714822,0.));
#334 = ORIENTED_EDGE('',*,*,#335,.T.);
#335 = EDGE_CURVE('',#328,#336,#338,.T.);
#336 = VERTEX_POINT('',#337);
#337 = CARTESIAN_POINT('',(4.677839756012,22.095237731934,0.));
#338 = LINE('',#339,#340);
#339 = CARTESIAN_POINT('',(4.797074794769,21.767637252808,0.));
#340 = VECTOR('',#341,1.);
#341 = DIRECTION('',(-0.342015623721,0.939694265775,0.));
#342 = ORIENTED_EDGE('',*,*,#343,.T.);
#343 = EDGE_CURVE('',#336,#344,#346,.T.);
#344 = VERTEX_POINT('',#345);
#345 = CARTESIAN_POINT('',(4.503527641296,22.39715385437,0.));
#346 = LINE('',#347,#348);
#347 = CARTESIAN_POINT('',(4.677839756012,22.095237731934,0.));
#348 = VECTOR('',#349,1.);
#349 = DIRECTION('',(-0.500001635334,0.866024459622,0.));
#350 = ORIENTED_EDGE('',*,*,#351,.T.);
#351 = EDGE_CURVE('',#344,#352,#354,.T.);
#352 = VERTEX_POINT('',#353);
#353 = CARTESIAN_POINT('',(4.279438495636,22.664213180542,
    -1.734723475977E-15));
#354 = LINE('',#355,#356);
#355 = CARTESIAN_POINT('',(4.503527641296,22.39715385437,0.));
#356 = VECTOR('',#357,1.);
#357 = DIRECTION('',(-0.642787211706,0.766044777064,0.));
#358 = ORIENTED_EDGE('',*,*,#359,.T.);
#359 = EDGE_CURVE('',#352,#360,#362,.T.);
#360 = VERTEX_POINT('',#361);
#361 = CARTESIAN_POINT('',(0.585786998272,26.357864379883,
    -1.734723475977E-15));
#362 = LINE('',#363,#364);
#363 = CARTESIAN_POINT('',(4.279438495636,22.664213180542,0.));
#364 = VECTOR('',#365,1.);
#365 = DIRECTION('',(-0.707106809713,0.70710675266,0.));
#366 = ORIENTED_EDGE('',*,*,#367,.T.);
#367 = EDGE_CURVE('',#360,#368,#370,.T.);
#368 = VERTEX_POINT('',#369);
#369 = CARTESIAN_POINT('',(0.381967067719,26.596506118774,0.));
#370 = LINE('',#371,#372);
#371 = CARTESIAN_POINT('',(0.585786998272,26.357864379883,0.));
#372 = VECTOR('',#373,1.);
#373 = DIRECTION('',(-0.6494492102,0.760404973268,0.));
#374 = ORIENTED_EDGE('',*,*,#375,.T.);
#375 = EDGE_CURVE('',#368,#376,#378,.T.);
#376 = VERTEX_POINT('',#377);
#377 = CARTESIAN_POINT('',(0.217989087105,26.864095687866,0.));
#378 = LINE('',#379,#380);
#379 = CARTESIAN_POINT('',(0.381967067719,26.596506118774,0.));
#380 = VECTOR('',#381,1.);
#381 = DIRECTION('',(-0.522495974368,0.852641751716,0.));
#382 = ORIENTED_EDGE('',*,*,#383,.T.);
#383 = EDGE_CURVE('',#376,#384,#386,.T.);
#384 = VERTEX_POINT('',#385);
#385 = CARTESIAN_POINT('',(9.788572788239E-02,27.154043197632,0.));
#386 = LINE('',#387,#388);
#387 = CARTESIAN_POINT('',(0.217989087105,26.864095687866,0.));
#388 = VECTOR('',#389,1.);
#389 = DIRECTION('',(-0.382692049256,0.923875963231,0.));
#390 = ORIENTED_EDGE('',*,*,#391,.T.);
#391 = EDGE_CURVE('',#384,#392,#394,.T.);
#392 = VERTEX_POINT('',#393);
#393 = CARTESIAN_POINT('',(2.462416887283E-02,27.459209442139,0.));
#394 = LINE('',#395,#396);
#395 = CARTESIAN_POINT('',(9.788572788239E-02,27.154043197632,0.));
#396 = VECTOR('',#397,1.);
#397 = DIRECTION('',(-0.233438210793,0.972371637668,0.));
#398 = ORIENTED_EDGE('',*,*,#399,.T.);
#399 = EDGE_CURVE('',#392,#400,#402,.T.);
#400 = VERTEX_POINT('',#401);
#401 = CARTESIAN_POINT('',(0.,27.772077560425,0.));
#402 = LINE('',#403,#404);
#403 = CARTESIAN_POINT('',(2.462416887283E-02,27.459209442139,0.));
#404 = VECTOR('',#405,1.);
#405 = DIRECTION('',(-7.846199000227E-02,0.996917105945,0.));
#406 = ORIENTED_EDGE('',*,*,#407,.T.);
#407 = EDGE_CURVE('',#400,#408,#410,.T.);
#408 = VERTEX_POINT('',#409);
#409 = CARTESIAN_POINT('',(0.,35.227924346924,0.));
#410 = LINE('',#411,#412);
#411 = CARTESIAN_POINT('',(0.,27.772077560425,0.));
#412 = VECTOR('',#413,1.);
#413 = DIRECTION('',(0.,1.,0.));
#414 = ORIENTED_EDGE('',*,*,#415,.T.);
#415 = EDGE_CURVE('',#408,#416,#418,.T.);
#416 = VERTEX_POINT('',#417);
#417 = CARTESIAN_POINT('',(2.462416887283E-02,35.540790557861,0.));
#418 = LINE('',#419,#420);
#419 = CARTESIAN_POINT('',(0.,35.227924346924,0.));
#420 = VECTOR('',#421,1.);
#421 = DIRECTION('',(7.846246539092E-02,0.996917068529,0.));
#422 = ORIENTED_EDGE('',*,*,#423,.T.);
#423 = EDGE_CURVE('',#416,#424,#426,.T.);
#424 = VERTEX_POINT('',#425);
#425 = CARTESIAN_POINT('',(9.788572788239E-02,35.84595489502,0.));
#426 = LINE('',#427,#428);
#427 = CARTESIAN_POINT('',(2.462416887283E-02,35.540790557861,0.));
#428 = VECTOR('',#429,1.);
#429 = DIRECTION('',(0.233439590328,0.972371306481,0.));
#430 = ORIENTED_EDGE('',*,*,#431,.T.);
#431 = EDGE_CURVE('',#424,#432,#434,.T.);
#432 = VERTEX_POINT('',#433);
#433 = CARTESIAN_POINT('',(0.217989087105,36.135902404785,0.));
#434 = LINE('',#435,#436);
#435 = CARTESIAN_POINT('',(9.788572788239E-02,35.84595489502,0.));
#436 = VECTOR('',#437,1.);
#437 = DIRECTION('',(0.382692049256,0.923875963231,0.));
#438 = ORIENTED_EDGE('',*,*,#439,.T.);
#439 = EDGE_CURVE('',#432,#440,#442,.T.);
#440 = VERTEX_POINT('',#441);
#441 = CARTESIAN_POINT('',(0.381967067719,36.403491973877,0.));
#442 = LINE('',#443,#444);
#443 = CARTESIAN_POINT('',(0.217989087105,36.135902404785,0.));
#444 = VECTOR('',#445,1.);
#445 = DIRECTION('',(0.522495974368,0.852641751716,0.));
#446 = ORIENTED_EDGE('',*,*,#447,.T.);
#447 = EDGE_CURVE('',#440,#448,#450,.T.);
#448 = VERTEX_POINT('',#449);
#449 = CARTESIAN_POINT('',(0.585786998272,36.642135620117,0.));
#450 = LINE('',#451,#452);
#451 = CARTESIAN_POINT('',(0.381967067719,36.403491973877,0.));
#452 = VECTOR('',#453,1.);
#453 = DIRECTION('',(0.649446208844,0.760407536666,0.));
#454 = ORIENTED_EDGE('',*,*,#455,.T.);
#455 = EDGE_CURVE('',#448,#456,#458,.T.);
#456 = VERTEX_POINT('',#457);
#457 = CARTESIAN_POINT('',(5.857864379883,41.914215087891,0.));
#458 = LINE('',#459,#460);
#459 = CARTESIAN_POINT('',(0.585786998272,36.642135620117,0.));
#460 = VECTOR('',#461,1.);
#461 = DIRECTION('',(0.707106641285,0.707106921088,0.));
#462 = ORIENTED_EDGE('',*,*,#463,.T.);
#463 = EDGE_CURVE('',#456,#464,#466,.T.);
#464 = VERTEX_POINT('',#465);
#465 = CARTESIAN_POINT('',(6.09650850296,42.118034362793,0.));
#466 = LINE('',#467,#468);
#467 = CARTESIAN_POINT('',(5.857864379883,41.914215087891,0.));
#468 = VECTOR('',#469,1.);
#469 = DIRECTION('',(0.760409209221,0.649444250518,0.));
#470 = ORIENTED_EDGE('',*,*,#471,.T.);
#471 = EDGE_CURVE('',#464,#472,#474,.T.);
#472 = VERTEX_POINT('',#473);
#473 = CARTESIAN_POINT('',(6.364097595215,42.282012939453,0.));
#474 = LINE('',#475,#476);
#475 = CARTESIAN_POINT('',(6.09650850296,42.118034362793,0.));
#476 = VECTOR('',#477,1.);
#477 = DIRECTION('',(0.852640490808,0.522498031992,0.));
#478 = ORIENTED_EDGE('',*,*,#479,.T.);
#479 = EDGE_CURVE('',#472,#480,#482,.T.);
#480 = VERTEX_POINT('',#481);
#481 = CARTESIAN_POINT('',(6.654044628143,42.402114868164,0.));
#482 = LINE('',#483,#484);
#483 = CARTESIAN_POINT('',(6.364097595215,42.282012939453,0.));
#484 = VECTOR('',#485,1.);
#485 = DIRECTION('',(0.923877352281,0.382688695865,0.));
#486 = ORIENTED_EDGE('',*,*,#487,.T.);
#487 = EDGE_CURVE('',#480,#488,#490,.T.);
#488 = VERTEX_POINT('',#489);
#489 = CARTESIAN_POINT('',(6.959209442139,42.47537612915,0.));
#490 = LINE('',#491,#492);
#491 = CARTESIAN_POINT('',(6.654044628143,42.402114868164,0.));
#492 = VECTOR('',#493,1.);
#493 = DIRECTION('',(0.972371604831,0.233438347575,0.));
#494 = ORIENTED_EDGE('',*,*,#495,.T.);
#495 = EDGE_CURVE('',#488,#496,#498,.T.);
#496 = VERTEX_POINT('',#497);
#497 = CARTESIAN_POINT('',(7.272077560425,42.5,0.));
#498 = LINE('',#499,#500);
#499 = CARTESIAN_POINT('',(6.959209442139,42.47537612915,0.));
#500 = VECTOR('',#501,1.);
#501 = DIRECTION('',(0.996917180223,7.846104623265E-02,0.));
#502 = ORIENTED_EDGE('',*,*,#503,.T.);
#503 = EDGE_CURVE('',#496,#504,#506,.T.);
#504 = VERTEX_POINT('',#505);
#505 = CARTESIAN_POINT('',(14.727922439575,42.5,0.));
#506 = LINE('',#507,#508);
#507 = CARTESIAN_POINT('',(7.272077560425,42.5,0.));
#508 = VECTOR('',#509,1.);
#509 = DIRECTION('',(1.,0.,0.));
#510 = ORIENTED_EDGE('',*,*,#511,.T.);
#511 = EDGE_CURVE('',#504,#512,#514,.T.);
#512 = VERTEX_POINT('',#513);
#513 = CARTESIAN_POINT('',(15.040790557861,42.47537612915,0.));
#514 = LINE('',#515,#516);
#515 = CARTESIAN_POINT('',(14.727922439575,42.5,0.));
#516 = VECTOR('',#517,1.);
#517 = DIRECTION('',(0.996917180223,-7.846104623265E-02,0.));
#518 = ORIENTED_EDGE('',*,*,#519,.T.);
#519 = EDGE_CURVE('',#512,#520,#522,.T.);
#520 = VERTEX_POINT('',#521);
#521 = CARTESIAN_POINT('',(15.345956802368,42.402114868164,0.));
#522 = LINE('',#523,#524);
#523 = CARTESIAN_POINT('',(15.040790557861,42.47537612915,0.));
#524 = VECTOR('',#525,1.);
#525 = DIRECTION('',(0.972371853219,-0.233437312929,0.));
#526 = ORIENTED_EDGE('',*,*,#527,.T.);
#527 = EDGE_CURVE('',#520,#528,#530,.T.);
#528 = VERTEX_POINT('',#529);
#529 = CARTESIAN_POINT('',(15.635904312134,42.282012939453,0.));
#530 = LINE('',#531,#532);
#531 = CARTESIAN_POINT('',(15.345956802368,42.402114868164,0.));
#532 = VECTOR('',#533,1.);
#533 = DIRECTION('',(0.923877574794,-0.382688158678,0.));
#534 = ORIENTED_EDGE('',*,*,#535,.T.);
#535 = EDGE_CURVE('',#528,#536,#538,.T.);
#536 = VERTEX_POINT('',#537);
#537 = CARTESIAN_POINT('',(15.903492927551,42.118034362793,0.));
#538 = LINE('',#539,#540);
#539 = CARTESIAN_POINT('',(15.635904312134,42.282012939453,0.));
#540 = VECTOR('',#541,1.);
#541 = DIRECTION('',(0.852640076009,-0.522498708883,0.));
#542 = ORIENTED_EDGE('',*,*,#543,.T.);
#543 = EDGE_CURVE('',#536,#544,#546,.T.);
#544 = VERTEX_POINT('',#545);
#545 = CARTESIAN_POINT('',(16.142135620117,41.914215087891,0.));
#546 = LINE('',#547,#548);
#547 = CARTESIAN_POINT('',(15.903492927551,42.118034362793,0.));
#548 = VECTOR('',#549,1.);
#549 = DIRECTION('',(0.760407286688,-0.649446501532,0.));
#550 = ORIENTED_EDGE('',*,*,#551,.T.);
#551 = EDGE_CURVE('',#544,#552,#554,.T.);
#552 = VERTEX_POINT('',#553);
#553 = CARTESIAN_POINT('',(19.835786819458,38.220561981201,0.));
#554 = LINE('',#555,#556);
#555 = CARTESIAN_POINT('',(16.142135620117,41.914215087891,0.));
#556 = VECTOR('',#557,1.);
#557 = DIRECTION('',(0.707106598617,-0.707106963756,0.));
#558 = ORIENTED_EDGE('',*,*,#559,.T.);
#559 = EDGE_CURVE('',#552,#560,#562,.T.);
#560 = VERTEX_POINT('',#561);
#561 = CARTESIAN_POINT('',(20.102848052979,37.996471405029,0.));
#562 = LINE('',#563,#564);
#563 = CARTESIAN_POINT('',(19.835786819458,38.220561981201,0.));
#564 = VECTOR('',#565,1.);
#565 = DIRECTION('',(0.766045017095,-0.642786925648,0.));
#566 = ORIENTED_EDGE('',*,*,#567,.T.);
#567 = EDGE_CURVE('',#560,#568,#570,.T.);
#568 = VERTEX_POINT('',#569);
#569 = CARTESIAN_POINT('',(20.404764175415,37.822162628174,0.));
#570 = LINE('',#571,#572);
#571 = CARTESIAN_POINT('',(20.102848052979,37.996471405029,0.));
#572 = VECTOR('',#573,1.);
#573 = DIRECTION('',(0.866028605462,-0.499994454492,0.));
#574 = ORIENTED_EDGE('',*,*,#575,.T.);
#575 = EDGE_CURVE('',#568,#576,#578,.T.);
#576 = VERTEX_POINT('',#577);
#577 = CARTESIAN_POINT('',(20.732362747192,37.702926635742,0.));
#578 = LINE('',#579,#580);
#579 = CARTESIAN_POINT('',(20.404764175415,37.822162628174,0.));
#580 = VECTOR('',#581,1.);
#581 = DIRECTION('',(0.939692746609,-0.342019797629,0.));
#582 = ORIENTED_EDGE('',*,*,#583,.T.);
#583 = EDGE_CURVE('',#576,#584,#586,.T.);
#584 = VERTEX_POINT('',#585);
#585 = CARTESIAN_POINT('',(21.075689315796,37.642387390137,0.));
#586 = LINE('',#587,#588);
#587 = CARTESIAN_POINT('',(20.732362747192,37.702926635742,0.));
#588 = VECTOR('',#589,1.);
#589 = DIRECTION('',(0.984807013104,-0.17365237384,0.));
#590 = ORIENTED_EDGE('',*,*,#591,.T.);
#591 = EDGE_CURVE('',#584,#592,#594,.T.);
#592 = VERTEX_POINT('',#593);
#593 = CARTESIAN_POINT('',(21.25,37.634777069092,0.));
#594 = LINE('',#595,#596);
#595 = CARTESIAN_POINT('',(21.075689315796,37.642387390137,0.));
#596 = VECTOR('',#597,1.);
#597 = DIRECTION('',(0.999048283469,-4.361796989835E-02,0.));
#598 = ORIENTED_EDGE('',*,*,#599,.T.);
#599 = EDGE_CURVE('',#592,#600,#602,.T.);
#600 = VERTEX_POINT('',#601);
#601 = CARTESIAN_POINT('',(21.250001318814,37.63477712667,0.));
#602 = LINE('',#603,#604);
#603 = CARTESIAN_POINT('',(21.25,37.634777069092,0.));
#604 = VECTOR('',#605,1.);
#605 = DIRECTION('',(0.999048304267,4.361749353347E-02,0.));
#606 = ORIENTED_EDGE('',*,*,#607,.F.);
#607 = EDGE_CURVE('',#608,#600,#610,.T.);
#608 = VERTEX_POINT('',#609);
#609 = CARTESIAN_POINT('',(21.250001318814,25.36522287333,0.));
#610 = LINE('',#611,#612);
#611 = CARTESIAN_POINT('',(21.250001318814,20.987057724986,0.));
#612 = VECTOR('',#613,1.);
#613 = DIRECTION('',(0.,1.,0.));
#614 = ORIENTED_EDGE('',*,*,#615,.T.);
#615 = EDGE_CURVE('',#608,#616,#618,.T.);
#616 = VERTEX_POINT('',#617);
#617 = CARTESIAN_POINT('',(21.25,25.365222930908,0.));
#618 = LINE('',#619,#620);
#619 = CARTESIAN_POINT('',(21.424312591553,25.357612609863,0.));
#620 = VECTOR('',#621,1.);
#621 = DIRECTION('',(-0.999048304267,4.361749353347E-02,0.));
#622 = ORIENTED_EDGE('',*,*,#623,.T.);
#623 = EDGE_CURVE('',#616,#624,#626,.T.);
#624 = VERTEX_POINT('',#625);
#625 = CARTESIAN_POINT('',(21.075689315796,25.357612609863,0.));
#626 = LINE('',#627,#628);
#627 = CARTESIAN_POINT('',(21.25,25.365222930908,0.));
#628 = VECTOR('',#629,1.);
#629 = DIRECTION('',(-0.999048283469,-4.361796989835E-02,0.));
#630 = ORIENTED_EDGE('',*,*,#631,.T.);
#631 = EDGE_CURVE('',#624,#632,#634,.T.);
#632 = VERTEX_POINT('',#633);
#633 = CARTESIAN_POINT('',(20.732362747192,25.297075271606,0.));
#634 = LINE('',#635,#636);
#635 = CARTESIAN_POINT('',(21.075689315796,25.357612609863,0.));
#636 = VECTOR('',#637,1.);
#637 = DIRECTION('',(-0.984807948724,-0.173647067725,0.));
#638 = ORIENTED_EDGE('',*,*,#639,.T.);
#639 = EDGE_CURVE('',#632,#640,#642,.T.);
#640 = VERTEX_POINT('',#641);
#641 = CARTESIAN_POINT('',(20.404764175415,25.177839279175,0.));
#642 = LINE('',#643,#644);
#643 = CARTESIAN_POINT('',(20.732362747192,25.297075271606,0.));
#644 = VECTOR('',#645,1.);
#645 = DIRECTION('',(-0.939692746609,-0.342019797629,0.));
#646 = ORIENTED_EDGE('',*,*,#647,.T.);
#647 = EDGE_CURVE('',#640,#648,#650,.T.);
#648 = VERTEX_POINT('',#649);
#649 = CARTESIAN_POINT('',(20.102848052979,25.003526687622,0.));
#650 = LINE('',#651,#652);
#651 = CARTESIAN_POINT('',(20.404764175415,25.177839279175,0.));
#652 = VECTOR('',#653,1.);
#653 = DIRECTION('',(-0.866023867357,-0.500002661161,0.));
#654 = ORIENTED_EDGE('',*,*,#655,.T.);
#655 = EDGE_CURVE('',#648,#656,#658,.T.);
#656 = VERTEX_POINT('',#657);
#657 = CARTESIAN_POINT('',(19.835786819458,24.779438018799,0.));
#658 = LINE('',#659,#660);
#659 = CARTESIAN_POINT('',(20.102848052979,25.003526687622,0.));
#660 = VECTOR('',#661,1.);
#661 = DIRECTION('',(-0.766047711081,-0.642783715061,0.));
#662 = ORIENTED_EDGE('',*,*,#663,.T.);
#663 = EDGE_CURVE('',#656,#664,#666,.T.);
#664 = VERTEX_POINT('',#665);
#665 = CARTESIAN_POINT('',(17.72056388855,22.664213180542,0.));
#666 = LINE('',#667,#668);
#667 = CARTESIAN_POINT('',(19.835786819458,24.779438018799,0.));
#668 = VECTOR('',#669,1.);
#669 = DIRECTION('',(-0.707106462379,-0.707107099994,0.));
#670 = ORIENTED_EDGE('',*,*,#671,.T.);
#671 = EDGE_CURVE('',#664,#672,#674,.T.);
#672 = VERTEX_POINT('',#673);
#673 = CARTESIAN_POINT('',(17.496473312378,22.39715385437,0.));
#674 = LINE('',#675,#676);
#675 = CARTESIAN_POINT('',(17.72056388855,22.664213180542,0.));
#676 = VECTOR('',#677,1.);
#677 = DIRECTION('',(-0.642789619638,-0.766042756565,0.));
#678 = ORIENTED_EDGE('',*,*,#679,.T.);
#679 = EDGE_CURVE('',#672,#680,#682,.T.);
#680 = VERTEX_POINT('',#681);
#681 = CARTESIAN_POINT('',(17.322160720825,22.095237731934,0.));
#682 = LINE('',#683,#684);
#683 = CARTESIAN_POINT('',(17.496473312378,22.39715385437,0.));
#684 = VECTOR('',#685,1.);
#685 = DIRECTION('',(-0.500002661161,-0.866023867357,0.));
#686 = ORIENTED_EDGE('',*,*,#687,.T.);
#687 = EDGE_CURVE('',#680,#688,#690,.T.);
#688 = VERTEX_POINT('',#689);
#689 = CARTESIAN_POINT('',(17.202924728394,21.767637252808,0.));
#690 = LINE('',#691,#692);
#691 = CARTESIAN_POINT('',(17.322160720825,22.095237731934,0.));
#692 = VECTOR('',#693,1.);
#693 = DIRECTION('',(-0.342018039264,-0.939693386599,0.));
#694 = ORIENTED_EDGE('',*,*,#695,.T.);
#695 = EDGE_CURVE('',#688,#696,#698,.T.);
#696 = VERTEX_POINT('',#697);
#697 = CARTESIAN_POINT('',(17.142387390137,21.424310684204,0.));
#698 = LINE('',#699,#700);
#699 = CARTESIAN_POINT('',(17.202924728394,21.767637252808,0.));
#700 = VECTOR('',#701,1.);
#701 = DIRECTION('',(-0.173647067725,-0.984807948724,0.));
#702 = ORIENTED_EDGE('',*,*,#703,.T.);
#703 = EDGE_CURVE('',#696,#704,#706,.T.);
#704 = VERTEX_POINT('',#705);
#705 = CARTESIAN_POINT('',(17.134777069092,21.25,0.));
#706 = LINE('',#707,#708);
#707 = CARTESIAN_POINT('',(17.142387390137,21.424310684204,0.));
#708 = VECTOR('',#709,1.);
#709 = DIRECTION('',(-4.361796989835E-02,-0.999048283469,0.));
#710 = ORIENTED_EDGE('',*,*,#711,.T.);
#711 = EDGE_CURVE('',#704,#712,#714,.T.);
#712 = VERTEX_POINT('',#713);
#713 = CARTESIAN_POINT('',(17.142387390137,21.075687408447,0.));
#714 = LINE('',#715,#716);
#715 = CARTESIAN_POINT('',(17.134777069092,21.25,0.));
#716 = VECTOR('',#717,1.);
#717 = DIRECTION('',(4.361749353347E-02,-0.999048304267,0.));
#718 = ORIENTED_EDGE('',*,*,#719,.T.);
#719 = EDGE_CURVE('',#712,#720,#722,.T.);
#720 = VERTEX_POINT('',#721);
#721 = CARTESIAN_POINT('',(17.202924728394,20.732362747192,0.));
#722 = LINE('',#723,#724);
#723 = CARTESIAN_POINT('',(17.142387390137,21.075687408447,0.));
#724 = VECTOR('',#725,1.);
#725 = DIRECTION('',(0.173648003336,-0.984807783751,0.));
#726 = ORIENTED_EDGE('',*,*,#727,.T.);
#727 = EDGE_CURVE('',#720,#728,#730,.T.);
#728 = VERTEX_POINT('',#729);
#729 = CARTESIAN_POINT('',(17.322160720825,20.404764175415,0.));
#730 = LINE('',#731,#732);
#731 = CARTESIAN_POINT('',(17.202924728394,20.732362747192,0.));
#732 = VECTOR('',#733,1.);
#733 = DIRECTION('',(0.342019797629,-0.939692746609,0.));
#734 = ORIENTED_EDGE('',*,*,#735,.T.);
#735 = EDGE_CURVE('',#728,#736,#738,.T.);
#736 = VERTEX_POINT('',#737);
#737 = CARTESIAN_POINT('',(17.496473312378,20.102848052979,0.));
#738 = LINE('',#739,#740);
#739 = CARTESIAN_POINT('',(17.322160720825,20.404764175415,0.));
#740 = VECTOR('',#741,1.);
#741 = DIRECTION('',(0.500002661161,-0.866023867357,0.));
#742 = ORIENTED_EDGE('',*,*,#743,.T.);
#743 = EDGE_CURVE('',#736,#744,#746,.T.);
#744 = VERTEX_POINT('',#745);
#745 = CARTESIAN_POINT('',(17.72056388855,19.835786819458,0.));
#746 = LINE('',#747,#748);
#747 = CARTESIAN_POINT('',(17.496473312378,20.102848052979,0.));
#748 = VECTOR('',#749,1.);
#749 = DIRECTION('',(0.642786925648,-0.766045017095,0.));
#750 = ORIENTED_EDGE('',*,*,#751,.T.);
#751 = EDGE_CURVE('',#744,#752,#754,.T.);
#752 = VERTEX_POINT('',#753);
#753 = CARTESIAN_POINT('',(19.835786819458,17.720561981201,0.));
#754 = LINE('',#755,#756);
#755 = CARTESIAN_POINT('',(17.72056388855,19.835786819458,0.));
#756 = VECTOR('',#757,1.);
#757 = DIRECTION('',(0.707106462379,-0.707107099994,0.));
#758 = ORIENTED_EDGE('',*,*,#759,.T.);
#759 = EDGE_CURVE('',#752,#760,#762,.T.);
#760 = VERTEX_POINT('',#761);
#761 = CARTESIAN_POINT('',(20.102848052979,17.496471405029,0.));
#762 = LINE('',#763,#764);
#763 = CARTESIAN_POINT('',(19.835786819458,17.720561981201,0.));
#764 = VECTOR('',#765,1.);
#765 = DIRECTION('',(0.766045017095,-0.642786925648,0.));
#766 = ORIENTED_EDGE('',*,*,#767,.T.);
#767 = EDGE_CURVE('',#760,#768,#770,.T.);
#768 = VERTEX_POINT('',#769);
#769 = CARTESIAN_POINT('',(20.404764175415,17.322160720825,0.));
#770 = LINE('',#771,#772);
#771 = CARTESIAN_POINT('',(20.102848052979,17.496471405029,0.));
#772 = VECTOR('',#773,1.);
#773 = DIRECTION('',(0.866026236413,-0.499998557843,0.));
#774 = ORIENTED_EDGE('',*,*,#775,.T.);
#775 = EDGE_CURVE('',#768,#776,#778,.T.);
#776 = VERTEX_POINT('',#777);
#777 = CARTESIAN_POINT('',(20.732362747192,17.202924728394,0.));
#778 = LINE('',#779,#780);
#779 = CARTESIAN_POINT('',(20.404764175415,17.322160720825,0.));
#780 = VECTOR('',#781,1.);
#781 = DIRECTION('',(0.939692746609,-0.342019797629,0.));
#782 = ORIENTED_EDGE('',*,*,#783,.T.);
#783 = EDGE_CURVE('',#776,#784,#786,.T.);
#784 = VERTEX_POINT('',#785);
#785 = CARTESIAN_POINT('',(21.075689315796,17.142387390137,0.));
#786 = LINE('',#787,#788);
#787 = CARTESIAN_POINT('',(20.732362747192,17.202924728394,0.));
#788 = VECTOR('',#789,1.);
#789 = DIRECTION('',(0.984807948724,-0.173647067725,0.));
#790 = ORIENTED_EDGE('',*,*,#791,.T.);
#791 = EDGE_CURVE('',#784,#792,#794,.T.);
#792 = VERTEX_POINT('',#793);
#793 = CARTESIAN_POINT('',(21.25,17.134777069092,0.));
#794 = LINE('',#795,#796);
#795 = CARTESIAN_POINT('',(21.075689315796,17.142387390137,0.));
#796 = VECTOR('',#797,1.);
#797 = DIRECTION('',(0.999048283469,-4.361796989835E-02,0.));
#798 = ORIENTED_EDGE('',*,*,#799,.T.);
#799 = EDGE_CURVE('',#792,#24,#800,.T.);
#800 = LINE('',#801,#802);
#801 = CARTESIAN_POINT('',(21.25,17.134777069092,0.));
#802 = VECTOR('',#803,1.);
#803 = DIRECTION('',(0.999048304267,4.361749353347E-02,0.));
#804 = FACE_BOUND('',#805,.T.);
#805 = EDGE_LOOP('',(#806,#816,#824,#832,#840,#848,#856,#864,#872,#880,
    #888,#896,#904,#912,#920,#928,#936,#944,#952,#960,#968,#976,#984,
    #992,#1000,#1008,#1016,#1024,#1032,#1040,#1048,#1056,#1064,#1072,
    #1080,#1088));
#806 = ORIENTED_EDGE('',*,*,#807,.T.);
#807 = EDGE_CURVE('',#808,#810,#812,.T.);
#808 = VERTEX_POINT('',#809);
#809 = CARTESIAN_POINT('',(20.193180084229,9.378993988037,0.));
#810 = VERTEX_POINT('',#811);
#811 = CARTESIAN_POINT('',(20.335000991821,11.,0.));
#812 = LINE('',#813,#814);
#813 = CARTESIAN_POINT('',(20.193180084229,9.378993988037,0.));
#814 = VECTOR('',#815,1.);
#815 = DIRECTION('',(8.715651000666E-02,0.996194630965,0.));
#816 = ORIENTED_EDGE('',*,*,#817,.T.);
#817 = EDGE_CURVE('',#810,#818,#820,.T.);
#818 = VERTEX_POINT('',#819);
#819 = CARTESIAN_POINT('',(20.193180084229,12.621006011963,0.));
#820 = LINE('',#821,#822);
#821 = CARTESIAN_POINT('',(20.335000991821,11.,0.));
#822 = VECTOR('',#823,1.);
#823 = DIRECTION('',(-8.715651000666E-02,0.996194630965,0.));
#824 = ORIENTED_EDGE('',*,*,#825,.T.);
#825 = EDGE_CURVE('',#818,#826,#828,.T.);
#826 = VERTEX_POINT('',#827);
#827 = CARTESIAN_POINT('',(19.772031784058,14.192757606506,0.));
#828 = LINE('',#829,#830);
#829 = CARTESIAN_POINT('',(20.193180084229,12.621006011963,0.));
#830 = VECTOR('',#831,1.);
#831 = DIRECTION('',(-0.258818316736,0.965926021454,0.));
#832 = ORIENTED_EDGE('',*,*,#833,.T.);
#833 = EDGE_CURVE('',#826,#834,#836,.T.);
#834 = VERTEX_POINT('',#835);
#835 = CARTESIAN_POINT('',(19.08434677124,15.667499542236,0.));
#836 = LINE('',#837,#838);
#837 = CARTESIAN_POINT('',(19.772031784058,14.192757606506,0.));
#838 = VECTOR('',#839,1.);
#839 = DIRECTION('',(-0.422619046378,0.906307421154,0.));
#840 = ORIENTED_EDGE('',*,*,#841,.T.);
#841 = EDGE_CURVE('',#834,#842,#844,.T.);
#842 = VERTEX_POINT('',#843);
#843 = CARTESIAN_POINT('',(18.151025772095,17.000421524048,0.));
#844 = LINE('',#845,#846);
#845 = CARTESIAN_POINT('',(19.08434677124,15.667499542236,0.));
#846 = VECTOR('',#847,1.);
#847 = DIRECTION('',(-0.573576015581,0.819152338915,0.));
#848 = ORIENTED_EDGE('',*,*,#849,.T.);
#849 = EDGE_CURVE('',#842,#850,#852,.T.);
#850 = VERTEX_POINT('',#851);
#851 = CARTESIAN_POINT('',(17.000423431396,18.151025772095,0.));
#852 = LINE('',#853,#854);
#853 = CARTESIAN_POINT('',(18.151025772095,17.000421524048,0.));
#854 = VECTOR('',#855,1.);
#855 = DIRECTION('',(-0.707106195103,0.70710736727,0.));
#856 = ORIENTED_EDGE('',*,*,#857,.T.);
#857 = EDGE_CURVE('',#850,#858,#860,.T.);
#858 = VERTEX_POINT('',#859);
#859 = CARTESIAN_POINT('',(15.667499542236,19.08434677124,0.));
#860 = LINE('',#861,#862);
#861 = CARTESIAN_POINT('',(17.000423431396,18.151025772095,0.));
#862 = VECTOR('',#863,1.);
#863 = DIRECTION('',(-0.819152724545,0.573575464843,0.));
#864 = ORIENTED_EDGE('',*,*,#865,.T.);
#865 = EDGE_CURVE('',#858,#866,#868,.T.);
#866 = VERTEX_POINT('',#867);
#867 = CARTESIAN_POINT('',(14.192758560181,19.772029876709,0.));
#868 = LINE('',#869,#870);
#869 = CARTESIAN_POINT('',(15.667499542236,19.08434677124,0.));
#870 = VECTOR('',#871,1.);
#871 = DIRECTION('',(-0.906307765442,0.422618308051,0.));
#872 = ORIENTED_EDGE('',*,*,#873,.T.);
#873 = EDGE_CURVE('',#866,#874,#876,.T.);
#874 = VERTEX_POINT('',#875);
#875 = CARTESIAN_POINT('',(12.621006011963,20.193180084229,0.));
#876 = LINE('',#877,#878);
#877 = CARTESIAN_POINT('',(14.192758560181,19.772029876709,0.));
#878 = VECTOR('',#879,1.);
#879 = DIRECTION('',(-0.965925767672,0.258819263862,0.));
#880 = ORIENTED_EDGE('',*,*,#881,.T.);
#881 = EDGE_CURVE('',#874,#882,#884,.T.);
#882 = VERTEX_POINT('',#883);
#883 = CARTESIAN_POINT('',(11.,20.334999084473,0.));
#884 = LINE('',#885,#886);
#885 = CARTESIAN_POINT('',(12.621006011963,20.193180084229,0.));
#886 = VECTOR('',#887,1.);
#887 = DIRECTION('',(-0.996194732738,8.715534674313E-02,0.));
#888 = ORIENTED_EDGE('',*,*,#889,.T.);
#889 = EDGE_CURVE('',#882,#890,#892,.T.);
#890 = VERTEX_POINT('',#891);
#891 = CARTESIAN_POINT('',(9.378993988037,20.193180084229,0.));
#892 = LINE('',#893,#894);
#893 = CARTESIAN_POINT('',(11.,20.334999084473,0.));
#894 = VECTOR('',#895,1.);
#895 = DIRECTION('',(-0.996194732738,-8.715534674313E-02,0.));
#896 = ORIENTED_EDGE('',*,*,#897,.T.);
#897 = EDGE_CURVE('',#890,#898,#900,.T.);
#898 = VERTEX_POINT('',#899);
#899 = CARTESIAN_POINT('',(7.807241916656,19.772029876709,0.));
#900 = LINE('',#901,#902);
#901 = CARTESIAN_POINT('',(9.378993988037,20.193180084229,0.));
#902 = VECTOR('',#903,1.);
#903 = DIRECTION('',(-0.965925748042,-0.258819337123,0.));
#904 = ORIENTED_EDGE('',*,*,#905,.T.);
#905 = EDGE_CURVE('',#898,#906,#908,.T.);
#906 = VERTEX_POINT('',#907);
#907 = CARTESIAN_POINT('',(6.332499980927,19.08434677124,0.));
#908 = LINE('',#909,#910);
#909 = CARTESIAN_POINT('',(7.807241916656,19.772029876709,0.));
#910 = VECTOR('',#911,1.);
#911 = DIRECTION('',(-0.90630787012,-0.422618083568,0.));
#912 = ORIENTED_EDGE('',*,*,#913,.T.);
#913 = EDGE_CURVE('',#906,#914,#916,.T.);
#914 = VERTEX_POINT('',#915);
#915 = CARTESIAN_POINT('',(4.999577999115,18.151025772095,0.));
#916 = LINE('',#917,#918);
#917 = CARTESIAN_POINT('',(6.332499980927,19.08434677124,0.));
#918 = VECTOR('',#919,1.);
#919 = DIRECTION('',(-0.819152338915,-0.573576015581,0.));
#920 = ORIENTED_EDGE('',*,*,#921,.T.);
#921 = EDGE_CURVE('',#914,#922,#924,.T.);
#922 = VERTEX_POINT('',#923);
#923 = CARTESIAN_POINT('',(3.848975419998,17.000421524048,0.));
#924 = LINE('',#925,#926);
#925 = CARTESIAN_POINT('',(4.999577999115,18.151025772095,0.));
#926 = VECTOR('',#927,1.);
#927 = DIRECTION('',(-0.707106268363,-0.707107294009,0.));
#928 = ORIENTED_EDGE('',*,*,#929,.T.);
#929 = EDGE_CURVE('',#922,#930,#932,.T.);
#930 = VERTEX_POINT('',#931);
#931 = CARTESIAN_POINT('',(2.915652513504,15.667499542236,0.));
#932 = LINE('',#933,#934);
#933 = CARTESIAN_POINT('',(3.848975419998,17.000421524048,0.));
#934 = VECTOR('',#935,1.);
#935 = DIRECTION('',(-0.573576802118,-0.819151788176,0.));
#936 = ORIENTED_EDGE('',*,*,#937,.T.);
#937 = EDGE_CURVE('',#930,#938,#940,.T.);
#938 = VERTEX_POINT('',#939);
#939 = CARTESIAN_POINT('',(2.227969408035,14.192757606506,0.));
#940 = LINE('',#941,#942);
#941 = CARTESIAN_POINT('',(2.915652513504,15.667499542236,0.));
#942 = VECTOR('',#943,1.);
#943 = DIRECTION('',(-0.422618083568,-0.90630787012,0.));
#944 = ORIENTED_EDGE('',*,*,#945,.T.);
#945 = EDGE_CURVE('',#938,#946,#948,.T.);
#946 = VERTEX_POINT('',#947);
#947 = CARTESIAN_POINT('',(1.806819796562,12.621006011963,0.));
#948 = LINE('',#949,#950);
#949 = CARTESIAN_POINT('',(2.227969408035,14.192757606506,0.));
#950 = VECTOR('',#951,1.);
#951 = DIRECTION('',(-0.258819068619,-0.965925819988,0.));
#952 = ORIENTED_EDGE('',*,*,#953,.T.);
#953 = EDGE_CURVE('',#946,#954,#956,.T.);
#954 = VERTEX_POINT('',#955);
#955 = CARTESIAN_POINT('',(1.664999842644,11.,0.));
#956 = LINE('',#957,#958);
#957 = CARTESIAN_POINT('',(1.806819796562,12.621006011963,0.));
#958 = VECTOR('',#959,1.);
#959 = DIRECTION('',(-8.715592837494E-02,-0.996194681851,0.));
#960 = ORIENTED_EDGE('',*,*,#961,.T.);
#961 = EDGE_CURVE('',#954,#962,#964,.T.);
#962 = VERTEX_POINT('',#963);
#963 = CARTESIAN_POINT('',(1.806819796562,9.378993988037,0.));
#964 = LINE('',#965,#966);
#965 = CARTESIAN_POINT('',(1.664999842644,11.,0.));
#966 = VECTOR('',#967,1.);
#967 = DIRECTION('',(8.715592837494E-02,-0.996194681851,0.));
#968 = ORIENTED_EDGE('',*,*,#969,.T.);
#969 = EDGE_CURVE('',#962,#970,#972,.T.);
#970 = VERTEX_POINT('',#971);
#971 = CARTESIAN_POINT('',(2.227969408035,7.807241916656,0.));
#972 = LINE('',#973,#974);
#973 = CARTESIAN_POINT('',(1.806819796562,9.378993988037,0.));
#974 = VECTOR('',#975,1.);
#975 = DIRECTION('',(0.258818995358,-0.965925839618,0.));
#976 = ORIENTED_EDGE('',*,*,#977,.T.);
#977 = EDGE_CURVE('',#970,#978,#980,.T.);
#978 = VERTEX_POINT('',#979);
#979 = CARTESIAN_POINT('',(2.915652513504,6.332499980927,0.));
#980 = LINE('',#981,#982);
#981 = CARTESIAN_POINT('',(2.227969408035,7.807241916656,0.));
#982 = VECTOR('',#983,1.);
#983 = DIRECTION('',(0.422618083568,-0.90630787012,0.));
#984 = ORIENTED_EDGE('',*,*,#985,.T.);
#985 = EDGE_CURVE('',#978,#986,#988,.T.);
#986 = VERTEX_POINT('',#987);
#987 = CARTESIAN_POINT('',(3.848975419998,4.999577522278,0.));
#988 = LINE('',#989,#990);
#989 = CARTESIAN_POINT('',(2.915652513504,6.332499980927,0.));
#990 = VECTOR('',#991,1.);
#991 = DIRECTION('',(0.573576664433,-0.819151884584,0.));
#992 = ORIENTED_EDGE('',*,*,#993,.T.);
#993 = EDGE_CURVE('',#986,#994,#996,.T.);
#994 = VERTEX_POINT('',#995);
#995 = CARTESIAN_POINT('',(4.999577999115,3.848974943161,0.));
#996 = LINE('',#997,#998);
#997 = CARTESIAN_POINT('',(3.848975419998,4.999577522278,0.));
#998 = VECTOR('',#999,1.);
#999 = DIRECTION('',(0.707106781187,-0.707106781187,0.));
#1000 = ORIENTED_EDGE('',*,*,#1001,.T.);
#1001 = EDGE_CURVE('',#994,#1002,#1004,.T.);
#1002 = VERTEX_POINT('',#1003);
#1003 = CARTESIAN_POINT('',(6.332499980927,2.915652513504,0.));
#1004 = LINE('',#1005,#1006);
#1005 = CARTESIAN_POINT('',(4.999577999115,3.848974943161,0.));
#1006 = VECTOR('',#1007,1.);
#1007 = DIRECTION('',(0.819151925861,-0.573576605484,0.));
#1008 = ORIENTED_EDGE('',*,*,#1009,.T.);
#1009 = EDGE_CURVE('',#1002,#1010,#1012,.T.);
#1010 = VERTEX_POINT('',#1011);
#1011 = CARTESIAN_POINT('',(7.807241916656,2.227969408035,0.));
#1012 = LINE('',#1013,#1014);
#1013 = CARTESIAN_POINT('',(6.332499980927,2.915652513504,0.));
#1014 = VECTOR('',#1015,1.);
#1015 = DIRECTION('',(0.90630787012,-0.422618083568,0.));
#1016 = ORIENTED_EDGE('',*,*,#1017,.T.);
#1017 = EDGE_CURVE('',#1010,#1018,#1020,.T.);
#1018 = VERTEX_POINT('',#1019);
#1019 = CARTESIAN_POINT('',(9.378993988037,1.806819796562,0.));
#1020 = LINE('',#1021,#1022);
#1021 = CARTESIAN_POINT('',(7.807241916656,2.227969408035,0.));
#1022 = VECTOR('',#1023,1.);
#1023 = DIRECTION('',(0.965925839618,-0.258818995358,0.));
#1024 = ORIENTED_EDGE('',*,*,#1025,.T.);
#1025 = EDGE_CURVE('',#1018,#1026,#1028,.T.);
#1026 = VERTEX_POINT('',#1027);
#1027 = CARTESIAN_POINT('',(11.,1.664999842644,0.));
#1028 = LINE('',#1029,#1030);
#1029 = CARTESIAN_POINT('',(9.378993988037,1.806819796562,0.));
#1030 = VECTOR('',#1031,1.);
#1031 = DIRECTION('',(0.996194681851,-8.715592837494E-02,0.));
#1032 = ORIENTED_EDGE('',*,*,#1033,.T.);
#1033 = EDGE_CURVE('',#1026,#1034,#1036,.T.);
#1034 = VERTEX_POINT('',#1035);
#1035 = CARTESIAN_POINT('',(12.621006011963,1.806819796562,0.));
#1036 = LINE('',#1037,#1038);
#1037 = CARTESIAN_POINT('',(11.,1.664999842644,0.));
#1038 = VECTOR('',#1039,1.);
#1039 = DIRECTION('',(0.996194681851,8.715592837494E-02,0.));
#1040 = ORIENTED_EDGE('',*,*,#1041,.T.);
#1041 = EDGE_CURVE('',#1034,#1042,#1044,.T.);
#1042 = VERTEX_POINT('',#1043);
#1043 = CARTESIAN_POINT('',(14.192758560181,2.227969408035,0.));
#1044 = LINE('',#1045,#1046);
#1045 = CARTESIAN_POINT('',(12.621006011963,1.806819796562,0.));
#1046 = VECTOR('',#1047,1.);
#1047 = DIRECTION('',(0.965925859248,0.258818922098,0.));
#1048 = ORIENTED_EDGE('',*,*,#1049,.T.);
#1049 = EDGE_CURVE('',#1042,#1050,#1052,.T.);
#1050 = VERTEX_POINT('',#1051);
#1051 = CARTESIAN_POINT('',(15.667499542236,2.915652513504,0.));
#1052 = LINE('',#1053,#1054);
#1053 = CARTESIAN_POINT('',(14.192758560181,2.227969408035,0.));
#1054 = VECTOR('',#1055,1.);
#1055 = DIRECTION('',(0.906307765442,0.422618308051,0.));
#1056 = ORIENTED_EDGE('',*,*,#1057,.T.);
#1057 = EDGE_CURVE('',#1050,#1058,#1060,.T.);
#1058 = VERTEX_POINT('',#1059);
#1059 = CARTESIAN_POINT('',(17.000423431396,3.848974943161,0.));
#1060 = LINE('',#1061,#1062);
#1061 = CARTESIAN_POINT('',(15.667499542236,2.915652513504,0.));
#1062 = VECTOR('',#1063,1.);
#1063 = DIRECTION('',(0.819152311492,0.573576054746,0.));
#1064 = ORIENTED_EDGE('',*,*,#1065,.T.);
#1065 = EDGE_CURVE('',#1058,#1066,#1068,.T.);
#1066 = VERTEX_POINT('',#1067);
#1067 = CARTESIAN_POINT('',(18.151025772095,4.999577522278,0.));
#1068 = LINE('',#1069,#1070);
#1069 = CARTESIAN_POINT('',(17.000423431396,3.848974943161,0.));
#1070 = VECTOR('',#1071,1.);
#1071 = DIRECTION('',(0.707106707926,0.707106854447,0.));
#1072 = ORIENTED_EDGE('',*,*,#1073,.T.);
#1073 = EDGE_CURVE('',#1066,#1074,#1076,.T.);
#1074 = VERTEX_POINT('',#1075);
#1075 = CARTESIAN_POINT('',(19.08434677124,6.332499980927,0.));
#1076 = LINE('',#1077,#1078);
#1077 = CARTESIAN_POINT('',(18.151025772095,4.999577522278,0.));
#1078 = VECTOR('',#1079,1.);
#1079 = DIRECTION('',(0.573575877897,0.819152435323,0.));
#1080 = ORIENTED_EDGE('',*,*,#1081,.T.);
#1081 = EDGE_CURVE('',#1074,#1082,#1084,.T.);
#1082 = VERTEX_POINT('',#1083);
#1083 = CARTESIAN_POINT('',(19.772031784058,7.807241916656,0.));
#1084 = LINE('',#1085,#1086);
#1085 = CARTESIAN_POINT('',(19.08434677124,6.332499980927,0.));
#1086 = VECTOR('',#1087,1.);
#1087 = DIRECTION('',(0.422619046378,0.906307421154,0.));
#1088 = ORIENTED_EDGE('',*,*,#1089,.T.);
#1089 = EDGE_CURVE('',#1082,#808,#1090,.T.);
#1090 = LINE('',#1091,#1092);
#1091 = CARTESIAN_POINT('',(19.772031784058,7.807241916656,0.));
#1092 = VECTOR('',#1093,1.);
#1093 = DIRECTION('',(0.258818243475,0.965926041084,0.));
#1094 = FACE_BOUND('',#1095,.T.);
#1095 = EDGE_LOOP('',(#1096,#1106,#1114,#1122,#1130,#1138,#1146,#1154,
    #1162,#1170,#1178,#1186,#1194,#1202,#1210,#1218,#1226,#1234,#1242,
    #1250,#1258,#1266,#1274,#1282,#1290,#1298,#1306,#1314,#1322,#1330,
    #1338,#1346,#1354,#1362,#1370,#1378));
#1096 = ORIENTED_EDGE('',*,*,#1097,.T.);
#1097 = EDGE_CURVE('',#1098,#1100,#1102,.T.);
#1098 = VERTEX_POINT('',#1099);
#1099 = CARTESIAN_POINT('',(9.378993988037,22.306819915771,0.));
#1100 = VERTEX_POINT('',#1101);
#1101 = CARTESIAN_POINT('',(11.,22.164999008179,0.));
#1102 = LINE('',#1103,#1104);
#1103 = CARTESIAN_POINT('',(9.378993988037,22.306819915771,0.));
#1104 = VECTOR('',#1105,1.);
#1105 = DIRECTION('',(0.996194630965,-8.715651000666E-02,0.));
#1106 = ORIENTED_EDGE('',*,*,#1107,.T.);
#1107 = EDGE_CURVE('',#1100,#1108,#1110,.T.);
#1108 = VERTEX_POINT('',#1109);
#1109 = CARTESIAN_POINT('',(12.621006011963,22.306819915771,0.));
#1110 = LINE('',#1111,#1112);
#1111 = CARTESIAN_POINT('',(11.,22.164999008179,0.));
#1112 = VECTOR('',#1113,1.);
#1113 = DIRECTION('',(0.996194630965,8.715651000666E-02,0.));
#1114 = ORIENTED_EDGE('',*,*,#1115,.T.);
#1115 = EDGE_CURVE('',#1108,#1116,#1118,.T.);
#1116 = VERTEX_POINT('',#1117);
#1117 = CARTESIAN_POINT('',(14.192758560181,22.727968215942,0.));
#1118 = LINE('',#1119,#1120);
#1119 = CARTESIAN_POINT('',(12.621006011963,22.306819915771,0.));
#1120 = VECTOR('',#1121,1.);
#1121 = DIRECTION('',(0.965926060714,0.258818170215,0.));
#1122 = ORIENTED_EDGE('',*,*,#1123,.T.);
#1123 = EDGE_CURVE('',#1116,#1124,#1126,.T.);
#1124 = VERTEX_POINT('',#1125);
#1125 = CARTESIAN_POINT('',(15.667499542236,23.41565322876,0.));
#1126 = LINE('',#1127,#1128);
#1127 = CARTESIAN_POINT('',(14.192758560181,22.727968215942,0.));
#1128 = VECTOR('',#1129,1.);
#1129 = DIRECTION('',(0.906307316475,0.422619270862,0.));
#1130 = ORIENTED_EDGE('',*,*,#1131,.T.);
#1131 = EDGE_CURVE('',#1124,#1132,#1134,.T.);
#1132 = VERTEX_POINT('',#1133);
#1133 = CARTESIAN_POINT('',(17.000423431396,24.348974227905,0.));
#1134 = LINE('',#1135,#1136);
#1135 = CARTESIAN_POINT('',(15.667499542236,23.41565322876,0.));
#1136 = VECTOR('',#1137,1.);
#1137 = DIRECTION('',(0.819152724545,0.573575464843,0.));
#1138 = ORIENTED_EDGE('',*,*,#1139,.T.);
#1139 = EDGE_CURVE('',#1132,#1140,#1142,.T.);
#1140 = VERTEX_POINT('',#1141);
#1141 = CARTESIAN_POINT('',(18.151025772095,25.499578475952,0.));
#1142 = LINE('',#1143,#1144);
#1143 = CARTESIAN_POINT('',(17.000423431396,24.348974227905,0.));
#1144 = VECTOR('',#1145,1.);
#1145 = DIRECTION('',(0.707106195103,0.70710736727,0.));
#1146 = ORIENTED_EDGE('',*,*,#1147,.T.);
#1147 = EDGE_CURVE('',#1140,#1148,#1150,.T.);
#1148 = VERTEX_POINT('',#1149);
#1149 = CARTESIAN_POINT('',(19.08434677124,26.832500457764,0.));
#1150 = LINE('',#1151,#1152);
#1151 = CARTESIAN_POINT('',(18.151025772095,25.499578475952,0.));
#1152 = VECTOR('',#1153,1.);
#1153 = DIRECTION('',(0.573576015581,0.819152338915,0.));
#1154 = ORIENTED_EDGE('',*,*,#1155,.T.);
#1155 = EDGE_CURVE('',#1148,#1156,#1158,.T.);
#1156 = VERTEX_POINT('',#1157);
#1157 = CARTESIAN_POINT('',(19.772031784058,28.307241439819,0.));
#1158 = LINE('',#1159,#1160);
#1159 = CARTESIAN_POINT('',(19.08434677124,26.832500457764,0.));
#1160 = VECTOR('',#1161,1.);
#1161 = DIRECTION('',(0.422619270862,0.906307316475,0.));
#1162 = ORIENTED_EDGE('',*,*,#1163,.T.);
#1163 = EDGE_CURVE('',#1156,#1164,#1166,.T.);
#1164 = VERTEX_POINT('',#1165);
#1165 = CARTESIAN_POINT('',(20.193180084229,29.878993988037,0.));
#1166 = LINE('',#1167,#1168);
#1167 = CARTESIAN_POINT('',(19.772031784058,28.307241439819,0.));
#1168 = VECTOR('',#1169,1.);
#1169 = DIRECTION('',(0.258818170215,0.965926060714,0.));
#1170 = ORIENTED_EDGE('',*,*,#1171,.T.);
#1171 = EDGE_CURVE('',#1164,#1172,#1174,.T.);
#1172 = VERTEX_POINT('',#1173);
#1173 = CARTESIAN_POINT('',(20.335000991821,31.5,0.));
#1174 = LINE('',#1175,#1176);
#1175 = CARTESIAN_POINT('',(20.193180084229,29.878993988037,0.));
#1176 = VECTOR('',#1177,1.);
#1177 = DIRECTION('',(8.715651000666E-02,0.996194630965,0.));
#1178 = ORIENTED_EDGE('',*,*,#1179,.T.);
#1179 = EDGE_CURVE('',#1172,#1180,#1182,.T.);
#1180 = VERTEX_POINT('',#1181);
#1181 = CARTESIAN_POINT('',(20.193180084229,33.121006011963,0.));
#1182 = LINE('',#1183,#1184);
#1183 = CARTESIAN_POINT('',(20.335000991821,31.5,0.));
#1184 = VECTOR('',#1185,1.);
#1185 = DIRECTION('',(-8.715651000666E-02,0.996194630965,0.));
#1186 = ORIENTED_EDGE('',*,*,#1187,.T.);
#1187 = EDGE_CURVE('',#1180,#1188,#1190,.T.);
#1188 = VERTEX_POINT('',#1189);
#1189 = CARTESIAN_POINT('',(19.772031784058,34.692760467529,0.));
#1190 = LINE('',#1191,#1192);
#1191 = CARTESIAN_POINT('',(20.193180084229,33.121006011963,0.));
#1192 = VECTOR('',#1193,1.);
#1193 = DIRECTION('',(-0.258817877174,0.965926139234,0.));
#1194 = ORIENTED_EDGE('',*,*,#1195,.T.);
#1195 = EDGE_CURVE('',#1188,#1196,#1198,.T.);
#1196 = VERTEX_POINT('',#1197);
#1197 = CARTESIAN_POINT('',(19.08434677124,36.167499542236,0.));
#1198 = LINE('',#1199,#1200);
#1199 = CARTESIAN_POINT('',(19.772031784058,34.692760467529,0.));
#1200 = VECTOR('',#1201,1.);
#1201 = DIRECTION('',(-0.42261971983,0.906307107117,0.));
#1202 = ORIENTED_EDGE('',*,*,#1203,.T.);
#1203 = EDGE_CURVE('',#1196,#1204,#1206,.T.);
#1204 = VERTEX_POINT('',#1205);
#1205 = CARTESIAN_POINT('',(18.151025772095,37.500423431396,0.));
#1206 = LINE('',#1207,#1208);
#1207 = CARTESIAN_POINT('',(19.08434677124,36.167499542236,0.));
#1208 = VECTOR('',#1209,1.);
#1209 = DIRECTION('',(-0.573575464843,0.819152724545,0.));
#1210 = ORIENTED_EDGE('',*,*,#1211,.T.);
#1211 = EDGE_CURVE('',#1204,#1212,#1214,.T.);
#1212 = VERTEX_POINT('',#1213);
#1213 = CARTESIAN_POINT('',(17.000423431396,38.651023864746,0.));
#1214 = LINE('',#1215,#1216);
#1215 = CARTESIAN_POINT('',(18.151025772095,37.500423431396,0.));
#1216 = VECTOR('',#1217,1.);
#1217 = DIRECTION('',(-0.707107367271,0.707106195102,0.));
#1218 = ORIENTED_EDGE('',*,*,#1219,.T.);
#1219 = EDGE_CURVE('',#1212,#1220,#1222,.T.);
#1220 = VERTEX_POINT('',#1221);
#1221 = CARTESIAN_POINT('',(15.667499542236,39.58434677124,0.));
#1222 = LINE('',#1223,#1224);
#1223 = CARTESIAN_POINT('',(17.000423431396,38.651023864746,0.));
#1224 = VECTOR('',#1225,1.);
#1225 = DIRECTION('',(-0.819152173807,0.57357625138,0.));
#1226 = ORIENTED_EDGE('',*,*,#1227,.T.);
#1227 = EDGE_CURVE('',#1220,#1228,#1230,.T.);
#1228 = VERTEX_POINT('',#1229);
#1229 = CARTESIAN_POINT('',(14.192758560181,40.272029876709,0.));
#1230 = LINE('',#1231,#1232);
#1231 = CARTESIAN_POINT('',(15.667499542236,39.58434677124,0.));
#1232 = VECTOR('',#1233,1.);
#1233 = DIRECTION('',(-0.906307765442,0.422618308051,0.));
#1234 = ORIENTED_EDGE('',*,*,#1235,.T.);
#1235 = EDGE_CURVE('',#1228,#1236,#1238,.T.);
#1236 = VERTEX_POINT('',#1237);
#1237 = CARTESIAN_POINT('',(12.621006011963,40.693180084229,0.));
#1238 = LINE('',#1239,#1240);
#1239 = CARTESIAN_POINT('',(14.192758560181,40.272029876709,0.));
#1240 = VECTOR('',#1241,1.);
#1241 = DIRECTION('',(-0.965925767672,0.258819263862,0.));
#1242 = ORIENTED_EDGE('',*,*,#1243,.T.);
#1243 = EDGE_CURVE('',#1236,#1244,#1246,.T.);
#1244 = VERTEX_POINT('',#1245);
#1245 = CARTESIAN_POINT('',(11.,40.834999084473,0.));
#1246 = LINE('',#1247,#1248);
#1247 = CARTESIAN_POINT('',(12.621006011963,40.693180084229,0.));
#1248 = VECTOR('',#1249,1.);
#1249 = DIRECTION('',(-0.996194732738,8.715534674313E-02,0.));
#1250 = ORIENTED_EDGE('',*,*,#1251,.T.);
#1251 = EDGE_CURVE('',#1244,#1252,#1254,.T.);
#1252 = VERTEX_POINT('',#1253);
#1253 = CARTESIAN_POINT('',(9.378993988037,40.693180084229,0.));
#1254 = LINE('',#1255,#1256);
#1255 = CARTESIAN_POINT('',(11.,40.834999084473,0.));
#1256 = VECTOR('',#1257,1.);
#1257 = DIRECTION('',(-0.996194732738,-8.715534674313E-02,0.));
#1258 = ORIENTED_EDGE('',*,*,#1259,.T.);
#1259 = EDGE_CURVE('',#1252,#1260,#1262,.T.);
#1260 = VERTEX_POINT('',#1261);
#1261 = CARTESIAN_POINT('',(7.807241916656,40.272029876709,0.));
#1262 = LINE('',#1263,#1264);
#1263 = CARTESIAN_POINT('',(9.378993988037,40.693180084229,0.));
#1264 = VECTOR('',#1265,1.);
#1265 = DIRECTION('',(-0.965925748042,-0.258819337123,0.));
#1266 = ORIENTED_EDGE('',*,*,#1267,.T.);
#1267 = EDGE_CURVE('',#1260,#1268,#1270,.T.);
#1268 = VERTEX_POINT('',#1269);
#1269 = CARTESIAN_POINT('',(6.332499980927,39.58434677124,0.));
#1270 = LINE('',#1271,#1272);
#1271 = CARTESIAN_POINT('',(7.807241916656,40.272029876709,0.));
#1272 = VECTOR('',#1273,1.);
#1273 = DIRECTION('',(-0.90630787012,-0.422618083568,0.));
#1274 = ORIENTED_EDGE('',*,*,#1275,.T.);
#1275 = EDGE_CURVE('',#1268,#1276,#1278,.T.);
#1276 = VERTEX_POINT('',#1277);
#1277 = CARTESIAN_POINT('',(4.999577999115,38.651023864746,0.));
#1278 = LINE('',#1279,#1280);
#1279 = CARTESIAN_POINT('',(6.332499980927,39.58434677124,0.));
#1280 = VECTOR('',#1281,1.);
#1281 = DIRECTION('',(-0.819151788176,-0.573576802118,0.));
#1282 = ORIENTED_EDGE('',*,*,#1283,.T.);
#1283 = EDGE_CURVE('',#1276,#1284,#1286,.T.);
#1284 = VERTEX_POINT('',#1285);
#1285 = CARTESIAN_POINT('',(3.848975419998,37.500423431396,0.));
#1286 = LINE('',#1287,#1288);
#1287 = CARTESIAN_POINT('',(4.999577999115,38.651023864746,0.));
#1288 = VECTOR('',#1289,1.);
#1289 = DIRECTION('',(-0.707107440531,-0.707106121841,0.));
#1290 = ORIENTED_EDGE('',*,*,#1291,.T.);
#1291 = EDGE_CURVE('',#1284,#1292,#1294,.T.);
#1292 = VERTEX_POINT('',#1293);
#1293 = CARTESIAN_POINT('',(2.915652513504,36.167499542236,0.));
#1294 = LINE('',#1295,#1296);
#1295 = CARTESIAN_POINT('',(3.848975419998,37.500423431396,0.));
#1296 = VECTOR('',#1297,1.);
#1297 = DIRECTION('',(-0.57357625138,-0.819152173807,0.));
#1298 = ORIENTED_EDGE('',*,*,#1299,.T.);
#1299 = EDGE_CURVE('',#1292,#1300,#1302,.T.);
#1300 = VERTEX_POINT('',#1301);
#1301 = CARTESIAN_POINT('',(2.227969408035,34.692760467529,0.));
#1302 = LINE('',#1303,#1304);
#1303 = CARTESIAN_POINT('',(2.915652513504,36.167499542236,0.));
#1304 = VECTOR('',#1305,1.);
#1305 = DIRECTION('',(-0.422618757018,-0.906307556085,0.));
#1306 = ORIENTED_EDGE('',*,*,#1307,.T.);
#1307 = EDGE_CURVE('',#1300,#1308,#1310,.T.);
#1308 = VERTEX_POINT('',#1309);
#1309 = CARTESIAN_POINT('',(1.806819796562,33.121006011963,0.));
#1310 = LINE('',#1311,#1312);
#1311 = CARTESIAN_POINT('',(2.227969408035,34.692760467529,0.));
#1312 = VECTOR('',#1313,1.);
#1313 = DIRECTION('',(-0.258818629056,-0.965925937768,0.));
#1314 = ORIENTED_EDGE('',*,*,#1315,.T.);
#1315 = EDGE_CURVE('',#1308,#1316,#1318,.T.);
#1316 = VERTEX_POINT('',#1317);
#1317 = CARTESIAN_POINT('',(1.664999842644,31.5,0.));
#1318 = LINE('',#1319,#1320);
#1319 = CARTESIAN_POINT('',(1.806819796562,33.121006011963,0.));
#1320 = VECTOR('',#1321,1.);
#1321 = DIRECTION('',(-8.715592837494E-02,-0.996194681851,0.));
#1322 = ORIENTED_EDGE('',*,*,#1323,.T.);
#1323 = EDGE_CURVE('',#1316,#1324,#1326,.T.);
#1324 = VERTEX_POINT('',#1325);
#1325 = CARTESIAN_POINT('',(1.806819796562,29.878993988037,0.));
#1326 = LINE('',#1327,#1328);
#1327 = CARTESIAN_POINT('',(1.664999842644,31.5,0.));
#1328 = VECTOR('',#1329,1.);
#1329 = DIRECTION('',(8.715592837494E-02,-0.996194681851,0.));
#1330 = ORIENTED_EDGE('',*,*,#1331,.T.);
#1331 = EDGE_CURVE('',#1324,#1332,#1334,.T.);
#1332 = VERTEX_POINT('',#1333);
#1333 = CARTESIAN_POINT('',(2.227969408035,28.307241439819,0.));
#1334 = LINE('',#1335,#1336);
#1335 = CARTESIAN_POINT('',(1.806819796562,29.878993988037,0.));
#1336 = VECTOR('',#1337,1.);
#1337 = DIRECTION('',(0.258818922098,-0.965925859248,0.));
#1338 = ORIENTED_EDGE('',*,*,#1339,.T.);
#1339 = EDGE_CURVE('',#1332,#1340,#1342,.T.);
#1340 = VERTEX_POINT('',#1341);
#1341 = CARTESIAN_POINT('',(2.915652513504,26.832500457764,0.));
#1342 = LINE('',#1343,#1344);
#1343 = CARTESIAN_POINT('',(2.227969408035,28.307241439819,0.));
#1344 = VECTOR('',#1345,1.);
#1345 = DIRECTION('',(0.422618308051,-0.906307765442,0.));
#1346 = ORIENTED_EDGE('',*,*,#1347,.T.);
#1347 = EDGE_CURVE('',#1340,#1348,#1350,.T.);
#1348 = VERTEX_POINT('',#1349);
#1349 = CARTESIAN_POINT('',(3.848975419998,25.499578475952,0.));
#1350 = LINE('',#1351,#1352);
#1351 = CARTESIAN_POINT('',(2.915652513504,26.832500457764,0.));
#1352 = VECTOR('',#1353,1.);
#1353 = DIRECTION('',(0.573576802118,-0.819151788176,0.));
#1354 = ORIENTED_EDGE('',*,*,#1355,.T.);
#1355 = EDGE_CURVE('',#1348,#1356,#1358,.T.);
#1356 = VERTEX_POINT('',#1357);
#1357 = CARTESIAN_POINT('',(4.999577999115,24.348974227905,0.));
#1358 = LINE('',#1359,#1360);
#1359 = CARTESIAN_POINT('',(3.848975419998,25.499578475952,0.));
#1360 = VECTOR('',#1361,1.);
#1361 = DIRECTION('',(0.707106268363,-0.707107294009,0.));
#1362 = ORIENTED_EDGE('',*,*,#1363,.T.);
#1363 = EDGE_CURVE('',#1356,#1364,#1366,.T.);
#1364 = VERTEX_POINT('',#1365);
#1365 = CARTESIAN_POINT('',(6.332499980927,23.41565322876,0.));
#1366 = LINE('',#1367,#1368);
#1367 = CARTESIAN_POINT('',(4.999577999115,24.348974227905,0.));
#1368 = VECTOR('',#1369,1.);
#1369 = DIRECTION('',(0.819152338915,-0.573576015581,0.));
#1370 = ORIENTED_EDGE('',*,*,#1371,.T.);
#1371 = EDGE_CURVE('',#1364,#1372,#1374,.T.);
#1372 = VERTEX_POINT('',#1373);
#1373 = CARTESIAN_POINT('',(7.807241916656,22.727968215942,0.));
#1374 = LINE('',#1375,#1376);
#1375 = CARTESIAN_POINT('',(6.332499980927,23.41565322876,0.));
#1376 = VECTOR('',#1377,1.);
#1377 = DIRECTION('',(0.906307421154,-0.422619046378,0.));
#1378 = ORIENTED_EDGE('',*,*,#1379,.T.);
#1379 = EDGE_CURVE('',#1372,#1098,#1380,.T.);
#1380 = LINE('',#1381,#1382);
#1381 = CARTESIAN_POINT('',(7.807241916656,22.727968215942,0.));
#1382 = VECTOR('',#1383,1.);
#1383 = DIRECTION('',(0.965926041084,-0.258818243475,0.));
#1384 = PLANE('',#1385);
#1385 = AXIS2_PLACEMENT_3D('',#1386,#1387,#1388);
#1386 = CARTESIAN_POINT('',(21.250000410126,21.250000079972,0.));
#1387 = DIRECTION('',(-0.,-0.,-1.));
#1388 = DIRECTION('',(-1.,0.,0.));
#1389 = ADVANCED_FACE('',(#1390),#1415,.F.);
#1390 = FACE_BOUND('',#1391,.F.);
#1391 = EDGE_LOOP('',(#1392,#1402,#1408,#1409));
#1392 = ORIENTED_EDGE('',*,*,#1393,.F.);
#1393 = EDGE_CURVE('',#1394,#1396,#1398,.T.);
#1394 = VERTEX_POINT('',#1395);
#1395 = CARTESIAN_POINT('',(21.250001318814,17.13477712667,
    6.699999809265));
#1396 = VERTEX_POINT('',#1397);
#1397 = CARTESIAN_POINT('',(21.250001318814,4.865223350167,
    6.699999809265));
#1398 = LINE('',#1399,#1400);
#1399 = CARTESIAN_POINT('',(21.250001318814,47.68915558,6.699999809265)
  );
#1400 = VECTOR('',#1401,1.);
#1401 = DIRECTION('',(0.,-1.,0.));
#1402 = ORIENTED_EDGE('',*,*,#1403,.F.);
#1403 = EDGE_CURVE('',#24,#1394,#1404,.T.);
#1404 = LINE('',#1405,#1406);
#1405 = CARTESIAN_POINT('',(21.250001318814,17.13477712667,
    -31.46088119566));
#1406 = VECTOR('',#1407,1.);
#1407 = DIRECTION('',(0.,0.,1.));
#1408 = ORIENTED_EDGE('',*,*,#21,.F.);
#1409 = ORIENTED_EDGE('',*,*,#1410,.F.);
#1410 = EDGE_CURVE('',#1396,#22,#1411,.T.);
#1411 = LINE('',#1412,#1413);
#1412 = CARTESIAN_POINT('',(21.250001318814,4.865223350167,
    -31.46088119566));
#1413 = VECTOR('',#1414,1.);
#1414 = DIRECTION('',(0.,0.,-1.));
#1415 = PLANE('',#1416);
#1416 = AXIS2_PLACEMENT_3D('',#1417,#1418,#1419);
#1417 = CARTESIAN_POINT('',(21.250001318814,20.72411537,-66.27176229595)
  );
#1418 = DIRECTION('',(-1.,-0.,-0.));
#1419 = DIRECTION('',(0.,0.,-1.));
#1420 = ADVANCED_FACE('',(#1421),#1439,.T.);
#1421 = FACE_BOUND('',#1422,.T.);
#1422 = EDGE_LOOP('',(#1423,#1424,#1432,#1438));
#1423 = ORIENTED_EDGE('',*,*,#799,.F.);
#1424 = ORIENTED_EDGE('',*,*,#1425,.F.);
#1425 = EDGE_CURVE('',#1426,#792,#1428,.T.);
#1426 = VERTEX_POINT('',#1427);
#1427 = CARTESIAN_POINT('',(21.25,17.134777069092,6.699999809265));
#1428 = LINE('',#1429,#1430);
#1429 = CARTESIAN_POINT('',(21.25,17.134777069092,6.699999809265));
#1430 = VECTOR('',#1431,1.);
#1431 = DIRECTION('',(0.,0.,-1.));
#1432 = ORIENTED_EDGE('',*,*,#1433,.F.);
#1433 = EDGE_CURVE('',#1394,#1426,#1434,.T.);
#1434 = LINE('',#1435,#1436);
#1435 = CARTESIAN_POINT('',(21.424312591553,17.142387390137,
    6.699999809265));
#1436 = VECTOR('',#1437,1.);
#1437 = DIRECTION('',(-0.999048304267,-4.361749353347E-02,0.));
#1438 = ORIENTED_EDGE('',*,*,#1403,.F.);
#1439 = PLANE('',#1440);
#1440 = AXIS2_PLACEMENT_3D('',#1441,#1442,#1443);
#1441 = CARTESIAN_POINT('',(21.337156295776,17.138582229614,
    3.349999904633));
#1442 = DIRECTION('',(-4.361749353347E-02,0.999048304267,0.));
#1443 = DIRECTION('',(0.999048304267,4.361749353347E-02,0.));
#1444 = ADVANCED_FACE('',(#1445),#1463,.T.);
#1445 = FACE_BOUND('',#1446,.T.);
#1446 = EDGE_LOOP('',(#1447,#1448,#1456,#1462));
#1447 = ORIENTED_EDGE('',*,*,#791,.F.);
#1448 = ORIENTED_EDGE('',*,*,#1449,.F.);
#1449 = EDGE_CURVE('',#1450,#784,#1452,.T.);
#1450 = VERTEX_POINT('',#1451);
#1451 = CARTESIAN_POINT('',(21.075689315796,17.142387390137,
    6.699999809265));
#1452 = LINE('',#1453,#1454);
#1453 = CARTESIAN_POINT('',(21.075689315796,17.142387390137,
    6.699999809265));
#1454 = VECTOR('',#1455,1.);
#1455 = DIRECTION('',(0.,0.,-1.));
#1456 = ORIENTED_EDGE('',*,*,#1457,.F.);
#1457 = EDGE_CURVE('',#1426,#1450,#1458,.T.);
#1458 = LINE('',#1459,#1460);
#1459 = CARTESIAN_POINT('',(21.25,17.134777069092,6.699999809265));
#1460 = VECTOR('',#1461,1.);
#1461 = DIRECTION('',(-0.999048283469,4.361796989835E-02,0.));
#1462 = ORIENTED_EDGE('',*,*,#1425,.T.);
#1463 = PLANE('',#1464);
#1464 = AXIS2_PLACEMENT_3D('',#1465,#1466,#1467);
#1465 = CARTESIAN_POINT('',(21.162844657898,17.138582229614,
    3.349999904633));
#1466 = DIRECTION('',(4.361796989835E-02,0.999048283469,0.));
#1467 = DIRECTION('',(0.999048283469,-4.361796989835E-02,0.));
#1468 = ADVANCED_FACE('',(#1469),#1487,.T.);
#1469 = FACE_BOUND('',#1470,.T.);
#1470 = EDGE_LOOP('',(#1471,#1472,#1480,#1486));
#1471 = ORIENTED_EDGE('',*,*,#783,.F.);
#1472 = ORIENTED_EDGE('',*,*,#1473,.F.);
#1473 = EDGE_CURVE('',#1474,#776,#1476,.T.);
#1474 = VERTEX_POINT('',#1475);
#1475 = CARTESIAN_POINT('',(20.732362747192,17.202924728394,
    6.699999809265));
#1476 = LINE('',#1477,#1478);
#1477 = CARTESIAN_POINT('',(20.732362747192,17.202924728394,
    6.699999809265));
#1478 = VECTOR('',#1479,1.);
#1479 = DIRECTION('',(0.,0.,-1.));
#1480 = ORIENTED_EDGE('',*,*,#1481,.F.);
#1481 = EDGE_CURVE('',#1450,#1474,#1482,.T.);
#1482 = LINE('',#1483,#1484);
#1483 = CARTESIAN_POINT('',(21.075689315796,17.142387390137,
    6.699999809265));
#1484 = VECTOR('',#1485,1.);
#1485 = DIRECTION('',(-0.984807948724,0.173647067725,0.));
#1486 = ORIENTED_EDGE('',*,*,#1449,.T.);
#1487 = PLANE('',#1488);
#1488 = AXIS2_PLACEMENT_3D('',#1489,#1490,#1491);
#1489 = CARTESIAN_POINT('',(20.904026031494,17.172656059265,
    3.349999904633));
#1490 = DIRECTION('',(0.173647067725,0.984807948724,0.));
#1491 = DIRECTION('',(0.984807948724,-0.173647067725,0.));
#1492 = ADVANCED_FACE('',(#1493),#1511,.T.);
#1493 = FACE_BOUND('',#1494,.T.);
#1494 = EDGE_LOOP('',(#1495,#1496,#1504,#1510));
#1495 = ORIENTED_EDGE('',*,*,#775,.F.);
#1496 = ORIENTED_EDGE('',*,*,#1497,.F.);
#1497 = EDGE_CURVE('',#1498,#768,#1500,.T.);
#1498 = VERTEX_POINT('',#1499);
#1499 = CARTESIAN_POINT('',(20.404764175415,17.322160720825,
    6.699999809265));
#1500 = LINE('',#1501,#1502);
#1501 = CARTESIAN_POINT('',(20.404764175415,17.322160720825,
    6.699999809265));
#1502 = VECTOR('',#1503,1.);
#1503 = DIRECTION('',(0.,0.,-1.));
#1504 = ORIENTED_EDGE('',*,*,#1505,.F.);
#1505 = EDGE_CURVE('',#1474,#1498,#1506,.T.);
#1506 = LINE('',#1507,#1508);
#1507 = CARTESIAN_POINT('',(20.732362747192,17.202924728394,
    6.699999809265));
#1508 = VECTOR('',#1509,1.);
#1509 = DIRECTION('',(-0.939692746609,0.342019797629,0.));
#1510 = ORIENTED_EDGE('',*,*,#1473,.T.);
#1511 = PLANE('',#1512);
#1512 = AXIS2_PLACEMENT_3D('',#1513,#1514,#1515);
#1513 = CARTESIAN_POINT('',(20.568563461304,17.262542724609,
    3.349999904633));
#1514 = DIRECTION('',(0.342019797629,0.939692746609,0.));
#1515 = DIRECTION('',(0.939692746609,-0.342019797629,0.));
#1516 = ADVANCED_FACE('',(#1517),#1535,.T.);
#1517 = FACE_BOUND('',#1518,.T.);
#1518 = EDGE_LOOP('',(#1519,#1520,#1528,#1534));
#1519 = ORIENTED_EDGE('',*,*,#767,.F.);
#1520 = ORIENTED_EDGE('',*,*,#1521,.F.);
#1521 = EDGE_CURVE('',#1522,#760,#1524,.T.);
#1522 = VERTEX_POINT('',#1523);
#1523 = CARTESIAN_POINT('',(20.102848052979,17.496471405029,
    6.699999809265));
#1524 = LINE('',#1525,#1526);
#1525 = CARTESIAN_POINT('',(20.102848052979,17.496471405029,
    6.699999809265));
#1526 = VECTOR('',#1527,1.);
#1527 = DIRECTION('',(0.,0.,-1.));
#1528 = ORIENTED_EDGE('',*,*,#1529,.F.);
#1529 = EDGE_CURVE('',#1498,#1522,#1530,.T.);
#1530 = LINE('',#1531,#1532);
#1531 = CARTESIAN_POINT('',(20.404764175415,17.322160720825,
    6.699999809265));
#1532 = VECTOR('',#1533,1.);
#1533 = DIRECTION('',(-0.866026236413,0.499998557843,0.));
#1534 = ORIENTED_EDGE('',*,*,#1497,.T.);
#1535 = PLANE('',#1536);
#1536 = AXIS2_PLACEMENT_3D('',#1537,#1538,#1539);
#1537 = CARTESIAN_POINT('',(20.253806114197,17.409316062927,
    3.349999904633));
#1538 = DIRECTION('',(0.499998557843,0.866026236413,0.));
#1539 = DIRECTION('',(0.866026236413,-0.499998557843,0.));
#1540 = ADVANCED_FACE('',(#1541),#1559,.T.);
#1541 = FACE_BOUND('',#1542,.T.);
#1542 = EDGE_LOOP('',(#1543,#1544,#1552,#1558));
#1543 = ORIENTED_EDGE('',*,*,#759,.F.);
#1544 = ORIENTED_EDGE('',*,*,#1545,.F.);
#1545 = EDGE_CURVE('',#1546,#752,#1548,.T.);
#1546 = VERTEX_POINT('',#1547);
#1547 = CARTESIAN_POINT('',(19.835786819458,17.720561981201,
    6.699999809265));
#1548 = LINE('',#1549,#1550);
#1549 = CARTESIAN_POINT('',(19.835786819458,17.720561981201,
    6.699999809265));
#1550 = VECTOR('',#1551,1.);
#1551 = DIRECTION('',(0.,0.,-1.));
#1552 = ORIENTED_EDGE('',*,*,#1553,.F.);
#1553 = EDGE_CURVE('',#1522,#1546,#1554,.T.);
#1554 = LINE('',#1555,#1556);
#1555 = CARTESIAN_POINT('',(20.102848052979,17.496471405029,
    6.699999809265));
#1556 = VECTOR('',#1557,1.);
#1557 = DIRECTION('',(-0.766045017095,0.642786925648,0.));
#1558 = ORIENTED_EDGE('',*,*,#1521,.T.);
#1559 = PLANE('',#1560);
#1560 = AXIS2_PLACEMENT_3D('',#1561,#1562,#1563);
#1561 = CARTESIAN_POINT('',(19.969317436218,17.608516693115,
    3.349999904633));
#1562 = DIRECTION('',(0.642786925648,0.766045017095,0.));
#1563 = DIRECTION('',(0.766045017095,-0.642786925648,0.));
#1564 = ADVANCED_FACE('',(#1565),#1583,.T.);
#1565 = FACE_BOUND('',#1566,.T.);
#1566 = EDGE_LOOP('',(#1567,#1575,#1581,#1582));
#1567 = ORIENTED_EDGE('',*,*,#1568,.T.);
#1568 = EDGE_CURVE('',#744,#1569,#1571,.T.);
#1569 = VERTEX_POINT('',#1570);
#1570 = CARTESIAN_POINT('',(17.72056388855,19.835786819458,
    6.699999809265));
#1571 = LINE('',#1572,#1573);
#1572 = CARTESIAN_POINT('',(17.72056388855,19.835786819458,0.));
#1573 = VECTOR('',#1574,1.);
#1574 = DIRECTION('',(0.,0.,1.));
#1575 = ORIENTED_EDGE('',*,*,#1576,.F.);
#1576 = EDGE_CURVE('',#1546,#1569,#1577,.T.);
#1577 = LINE('',#1578,#1579);
#1578 = CARTESIAN_POINT('',(19.835786819458,17.720561981201,
    6.699999809265));
#1579 = VECTOR('',#1580,1.);
#1580 = DIRECTION('',(-0.707106462379,0.707107099994,0.));
#1581 = ORIENTED_EDGE('',*,*,#1545,.T.);
#1582 = ORIENTED_EDGE('',*,*,#751,.F.);
#1583 = PLANE('',#1584);
#1584 = AXIS2_PLACEMENT_3D('',#1585,#1586,#1587);
#1585 = CARTESIAN_POINT('',(18.778175354004,18.77817440033,
    3.349999904633));
#1586 = DIRECTION('',(0.707107099994,0.707106462379,0.));
#1587 = DIRECTION('',(-0.707106462379,0.707107099994,0.));
#1588 = ADVANCED_FACE('',(#1589),#1607,.T.);
#1589 = FACE_BOUND('',#1590,.T.);
#1590 = EDGE_LOOP('',(#1591,#1592,#1600,#1606));
#1591 = ORIENTED_EDGE('',*,*,#743,.F.);
#1592 = ORIENTED_EDGE('',*,*,#1593,.F.);
#1593 = EDGE_CURVE('',#1594,#736,#1596,.T.);
#1594 = VERTEX_POINT('',#1595);
#1595 = CARTESIAN_POINT('',(17.496473312378,20.102848052979,
    6.699999809265));
#1596 = LINE('',#1597,#1598);
#1597 = CARTESIAN_POINT('',(17.496473312378,20.102848052979,
    6.699999809265));
#1598 = VECTOR('',#1599,1.);
#1599 = DIRECTION('',(0.,0.,-1.));
#1600 = ORIENTED_EDGE('',*,*,#1601,.F.);
#1601 = EDGE_CURVE('',#1569,#1594,#1602,.T.);
#1602 = LINE('',#1603,#1604);
#1603 = CARTESIAN_POINT('',(17.72056388855,19.835786819458,
    6.699999809265));
#1604 = VECTOR('',#1605,1.);
#1605 = DIRECTION('',(-0.642786925648,0.766045017095,0.));
#1606 = ORIENTED_EDGE('',*,*,#1568,.F.);
#1607 = PLANE('',#1608);
#1608 = AXIS2_PLACEMENT_3D('',#1609,#1610,#1611);
#1609 = CARTESIAN_POINT('',(17.608518600464,19.969317436218,
    3.349999904633));
#1610 = DIRECTION('',(0.766045017095,0.642786925648,0.));
#1611 = DIRECTION('',(-0.642786925648,0.766045017095,0.));
#1612 = ADVANCED_FACE('',(#1613),#1631,.T.);
#1613 = FACE_BOUND('',#1614,.T.);
#1614 = EDGE_LOOP('',(#1615,#1616,#1624,#1630));
#1615 = ORIENTED_EDGE('',*,*,#735,.F.);
#1616 = ORIENTED_EDGE('',*,*,#1617,.F.);
#1617 = EDGE_CURVE('',#1618,#728,#1620,.T.);
#1618 = VERTEX_POINT('',#1619);
#1619 = CARTESIAN_POINT('',(17.322160720825,20.404764175415,
    6.699999809265));
#1620 = LINE('',#1621,#1622);
#1621 = CARTESIAN_POINT('',(17.322160720825,20.404764175415,
    6.699999809265));
#1622 = VECTOR('',#1623,1.);
#1623 = DIRECTION('',(0.,0.,-1.));
#1624 = ORIENTED_EDGE('',*,*,#1625,.F.);
#1625 = EDGE_CURVE('',#1594,#1618,#1626,.T.);
#1626 = LINE('',#1627,#1628);
#1627 = CARTESIAN_POINT('',(17.496473312378,20.102848052979,
    6.699999809265));
#1628 = VECTOR('',#1629,1.);
#1629 = DIRECTION('',(-0.500002661161,0.866023867357,0.));
#1630 = ORIENTED_EDGE('',*,*,#1593,.T.);
#1631 = PLANE('',#1632);
#1632 = AXIS2_PLACEMENT_3D('',#1633,#1634,#1635);
#1633 = CARTESIAN_POINT('',(17.409317016602,20.253806114197,
    3.349999904633));
#1634 = DIRECTION('',(0.866023867357,0.500002661161,0.));
#1635 = DIRECTION('',(-0.500002661161,0.866023867357,0.));
#1636 = ADVANCED_FACE('',(#1637),#1655,.T.);
#1637 = FACE_BOUND('',#1638,.T.);
#1638 = EDGE_LOOP('',(#1639,#1640,#1648,#1654));
#1639 = ORIENTED_EDGE('',*,*,#727,.F.);
#1640 = ORIENTED_EDGE('',*,*,#1641,.F.);
#1641 = EDGE_CURVE('',#1642,#720,#1644,.T.);
#1642 = VERTEX_POINT('',#1643);
#1643 = CARTESIAN_POINT('',(17.202924728394,20.732362747192,
    6.699999809265));
#1644 = LINE('',#1645,#1646);
#1645 = CARTESIAN_POINT('',(17.202924728394,20.732362747192,
    6.699999809265));
#1646 = VECTOR('',#1647,1.);
#1647 = DIRECTION('',(0.,0.,-1.));
#1648 = ORIENTED_EDGE('',*,*,#1649,.F.);
#1649 = EDGE_CURVE('',#1618,#1642,#1650,.T.);
#1650 = LINE('',#1651,#1652);
#1651 = CARTESIAN_POINT('',(17.322160720825,20.404764175415,
    6.699999809265));
#1652 = VECTOR('',#1653,1.);
#1653 = DIRECTION('',(-0.342019797629,0.939692746609,0.));
#1654 = ORIENTED_EDGE('',*,*,#1617,.T.);
#1655 = PLANE('',#1656);
#1656 = AXIS2_PLACEMENT_3D('',#1657,#1658,#1659);
#1657 = CARTESIAN_POINT('',(17.262542724609,20.568563461304,
    3.349999904633));
#1658 = DIRECTION('',(0.939692746609,0.342019797629,0.));
#1659 = DIRECTION('',(-0.342019797629,0.939692746609,0.));
#1660 = ADVANCED_FACE('',(#1661),#1679,.T.);
#1661 = FACE_BOUND('',#1662,.T.);
#1662 = EDGE_LOOP('',(#1663,#1664,#1672,#1678));
#1663 = ORIENTED_EDGE('',*,*,#719,.F.);
#1664 = ORIENTED_EDGE('',*,*,#1665,.F.);
#1665 = EDGE_CURVE('',#1666,#712,#1668,.T.);
#1666 = VERTEX_POINT('',#1667);
#1667 = CARTESIAN_POINT('',(17.142387390137,21.075687408447,
    6.699999809265));
#1668 = LINE('',#1669,#1670);
#1669 = CARTESIAN_POINT('',(17.142387390137,21.075687408447,
    6.699999809265));
#1670 = VECTOR('',#1671,1.);
#1671 = DIRECTION('',(0.,0.,-1.));
#1672 = ORIENTED_EDGE('',*,*,#1673,.F.);
#1673 = EDGE_CURVE('',#1642,#1666,#1674,.T.);
#1674 = LINE('',#1675,#1676);
#1675 = CARTESIAN_POINT('',(17.202924728394,20.732362747192,
    6.699999809265));
#1676 = VECTOR('',#1677,1.);
#1677 = DIRECTION('',(-0.173648003336,0.984807783751,0.));
#1678 = ORIENTED_EDGE('',*,*,#1641,.T.);
#1679 = PLANE('',#1680);
#1680 = AXIS2_PLACEMENT_3D('',#1681,#1682,#1683);
#1681 = CARTESIAN_POINT('',(17.172656059265,20.90402507782,
    3.349999904633));
#1682 = DIRECTION('',(0.984807783751,0.173648003336,0.));
#1683 = DIRECTION('',(-0.173648003336,0.984807783751,0.));
#1684 = ADVANCED_FACE('',(#1685),#1703,.T.);
#1685 = FACE_BOUND('',#1686,.T.);
#1686 = EDGE_LOOP('',(#1687,#1688,#1696,#1702));
#1687 = ORIENTED_EDGE('',*,*,#711,.F.);
#1688 = ORIENTED_EDGE('',*,*,#1689,.F.);
#1689 = EDGE_CURVE('',#1690,#704,#1692,.T.);
#1690 = VERTEX_POINT('',#1691);
#1691 = CARTESIAN_POINT('',(17.134777069092,21.25,6.699999809265));
#1692 = LINE('',#1693,#1694);
#1693 = CARTESIAN_POINT('',(17.134777069092,21.25,6.699999809265));
#1694 = VECTOR('',#1695,1.);
#1695 = DIRECTION('',(0.,0.,-1.));
#1696 = ORIENTED_EDGE('',*,*,#1697,.F.);
#1697 = EDGE_CURVE('',#1666,#1690,#1698,.T.);
#1698 = LINE('',#1699,#1700);
#1699 = CARTESIAN_POINT('',(17.142387390137,21.075687408447,
    6.699999809265));
#1700 = VECTOR('',#1701,1.);
#1701 = DIRECTION('',(-4.361749353347E-02,0.999048304267,0.));
#1702 = ORIENTED_EDGE('',*,*,#1665,.T.);
#1703 = PLANE('',#1704);
#1704 = AXIS2_PLACEMENT_3D('',#1705,#1706,#1707);
#1705 = CARTESIAN_POINT('',(17.138582229614,21.162843704224,
    3.349999904633));
#1706 = DIRECTION('',(0.999048304267,4.361749353347E-02,0.));
#1707 = DIRECTION('',(-4.361749353347E-02,0.999048304267,0.));
#1708 = ADVANCED_FACE('',(#1709),#1727,.T.);
#1709 = FACE_BOUND('',#1710,.T.);
#1710 = EDGE_LOOP('',(#1711,#1712,#1720,#1726));
#1711 = ORIENTED_EDGE('',*,*,#703,.F.);
#1712 = ORIENTED_EDGE('',*,*,#1713,.F.);
#1713 = EDGE_CURVE('',#1714,#696,#1716,.T.);
#1714 = VERTEX_POINT('',#1715);
#1715 = CARTESIAN_POINT('',(17.142387390137,21.424310684204,
    6.699999809265));
#1716 = LINE('',#1717,#1718);
#1717 = CARTESIAN_POINT('',(17.142387390137,21.424310684204,
    6.699999809265));
#1718 = VECTOR('',#1719,1.);
#1719 = DIRECTION('',(0.,0.,-1.));
#1720 = ORIENTED_EDGE('',*,*,#1721,.F.);
#1721 = EDGE_CURVE('',#1690,#1714,#1722,.T.);
#1722 = LINE('',#1723,#1724);
#1723 = CARTESIAN_POINT('',(17.134777069092,21.25,6.699999809265));
#1724 = VECTOR('',#1725,1.);
#1725 = DIRECTION('',(4.361796989835E-02,0.999048283469,0.));
#1726 = ORIENTED_EDGE('',*,*,#1689,.T.);
#1727 = PLANE('',#1728);
#1728 = AXIS2_PLACEMENT_3D('',#1729,#1730,#1731);
#1729 = CARTESIAN_POINT('',(17.138582229614,21.337155342102,
    3.349999904633));
#1730 = DIRECTION('',(0.999048283469,-4.361796989835E-02,0.));
#1731 = DIRECTION('',(4.361796989835E-02,0.999048283469,0.));
#1732 = ADVANCED_FACE('',(#1733),#1751,.T.);
#1733 = FACE_BOUND('',#1734,.T.);
#1734 = EDGE_LOOP('',(#1735,#1736,#1744,#1750));
#1735 = ORIENTED_EDGE('',*,*,#695,.F.);
#1736 = ORIENTED_EDGE('',*,*,#1737,.F.);
#1737 = EDGE_CURVE('',#1738,#688,#1740,.T.);
#1738 = VERTEX_POINT('',#1739);
#1739 = CARTESIAN_POINT('',(17.202924728394,21.767637252808,
    6.699999809265));
#1740 = LINE('',#1741,#1742);
#1741 = CARTESIAN_POINT('',(17.202924728394,21.767637252808,
    6.699999809265));
#1742 = VECTOR('',#1743,1.);
#1743 = DIRECTION('',(0.,0.,-1.));
#1744 = ORIENTED_EDGE('',*,*,#1745,.F.);
#1745 = EDGE_CURVE('',#1714,#1738,#1746,.T.);
#1746 = LINE('',#1747,#1748);
#1747 = CARTESIAN_POINT('',(17.142387390137,21.424310684204,
    6.699999809265));
#1748 = VECTOR('',#1749,1.);
#1749 = DIRECTION('',(0.173647067725,0.984807948724,0.));
#1750 = ORIENTED_EDGE('',*,*,#1713,.T.);
#1751 = PLANE('',#1752);
#1752 = AXIS2_PLACEMENT_3D('',#1753,#1754,#1755);
#1753 = CARTESIAN_POINT('',(17.172656059265,21.595973968506,
    3.349999904633));
#1754 = DIRECTION('',(0.984807948724,-0.173647067725,0.));
#1755 = DIRECTION('',(0.173647067725,0.984807948724,0.));
#1756 = ADVANCED_FACE('',(#1757),#1775,.T.);
#1757 = FACE_BOUND('',#1758,.T.);
#1758 = EDGE_LOOP('',(#1759,#1760,#1768,#1774));
#1759 = ORIENTED_EDGE('',*,*,#687,.F.);
#1760 = ORIENTED_EDGE('',*,*,#1761,.F.);
#1761 = EDGE_CURVE('',#1762,#680,#1764,.T.);
#1762 = VERTEX_POINT('',#1763);
#1763 = CARTESIAN_POINT('',(17.322160720825,22.095237731934,
    6.699999809265));
#1764 = LINE('',#1765,#1766);
#1765 = CARTESIAN_POINT('',(17.322160720825,22.095237731934,
    6.699999809265));
#1766 = VECTOR('',#1767,1.);
#1767 = DIRECTION('',(0.,0.,-1.));
#1768 = ORIENTED_EDGE('',*,*,#1769,.F.);
#1769 = EDGE_CURVE('',#1738,#1762,#1770,.T.);
#1770 = LINE('',#1771,#1772);
#1771 = CARTESIAN_POINT('',(17.202924728394,21.767637252808,
    6.699999809265));
#1772 = VECTOR('',#1773,1.);
#1773 = DIRECTION('',(0.342018039264,0.939693386599,0.));
#1774 = ORIENTED_EDGE('',*,*,#1737,.T.);
#1775 = PLANE('',#1776);
#1776 = AXIS2_PLACEMENT_3D('',#1777,#1778,#1779);
#1777 = CARTESIAN_POINT('',(17.262542724609,21.931437492371,
    3.349999904633));
#1778 = DIRECTION('',(0.939693386599,-0.342018039264,0.));
#1779 = DIRECTION('',(0.342018039264,0.939693386599,0.));
#1780 = ADVANCED_FACE('',(#1781),#1799,.T.);
#1781 = FACE_BOUND('',#1782,.T.);
#1782 = EDGE_LOOP('',(#1783,#1784,#1792,#1798));
#1783 = ORIENTED_EDGE('',*,*,#679,.F.);
#1784 = ORIENTED_EDGE('',*,*,#1785,.F.);
#1785 = EDGE_CURVE('',#1786,#672,#1788,.T.);
#1786 = VERTEX_POINT('',#1787);
#1787 = CARTESIAN_POINT('',(17.496473312378,22.39715385437,
    6.699999809265));
#1788 = LINE('',#1789,#1790);
#1789 = CARTESIAN_POINT('',(17.496473312378,22.39715385437,
    6.699999809265));
#1790 = VECTOR('',#1791,1.);
#1791 = DIRECTION('',(0.,0.,-1.));
#1792 = ORIENTED_EDGE('',*,*,#1793,.F.);
#1793 = EDGE_CURVE('',#1762,#1786,#1794,.T.);
#1794 = LINE('',#1795,#1796);
#1795 = CARTESIAN_POINT('',(17.322160720825,22.095237731934,
    6.699999809265));
#1796 = VECTOR('',#1797,1.);
#1797 = DIRECTION('',(0.500002661161,0.866023867357,0.));
#1798 = ORIENTED_EDGE('',*,*,#1761,.T.);
#1799 = PLANE('',#1800);
#1800 = AXIS2_PLACEMENT_3D('',#1801,#1802,#1803);
#1801 = CARTESIAN_POINT('',(17.409317016602,22.246195793152,
    3.349999904633));
#1802 = DIRECTION('',(0.866023867357,-0.500002661161,0.));
#1803 = DIRECTION('',(0.500002661161,0.866023867357,0.));
#1804 = ADVANCED_FACE('',(#1805),#1823,.T.);
#1805 = FACE_BOUND('',#1806,.T.);
#1806 = EDGE_LOOP('',(#1807,#1808,#1816,#1822));
#1807 = ORIENTED_EDGE('',*,*,#671,.F.);
#1808 = ORIENTED_EDGE('',*,*,#1809,.F.);
#1809 = EDGE_CURVE('',#1810,#664,#1812,.T.);
#1810 = VERTEX_POINT('',#1811);
#1811 = CARTESIAN_POINT('',(17.72056388855,22.664213180542,
    6.699999809265));
#1812 = LINE('',#1813,#1814);
#1813 = CARTESIAN_POINT('',(17.72056388855,22.664213180542,
    6.699999809265));
#1814 = VECTOR('',#1815,1.);
#1815 = DIRECTION('',(0.,0.,-1.));
#1816 = ORIENTED_EDGE('',*,*,#1817,.F.);
#1817 = EDGE_CURVE('',#1786,#1810,#1818,.T.);
#1818 = LINE('',#1819,#1820);
#1819 = CARTESIAN_POINT('',(17.496473312378,22.39715385437,
    6.699999809265));
#1820 = VECTOR('',#1821,1.);
#1821 = DIRECTION('',(0.642789619638,0.766042756565,0.));
#1822 = ORIENTED_EDGE('',*,*,#1785,.T.);
#1823 = PLANE('',#1824);
#1824 = AXIS2_PLACEMENT_3D('',#1825,#1826,#1827);
#1825 = CARTESIAN_POINT('',(17.608518600464,22.530683517456,
    3.349999904633));
#1826 = DIRECTION('',(0.766042756565,-0.642789619638,0.));
#1827 = DIRECTION('',(0.642789619638,0.766042756565,0.));
#1828 = ADVANCED_FACE('',(#1829),#1847,.T.);
#1829 = FACE_BOUND('',#1830,.T.);
#1830 = EDGE_LOOP('',(#1831,#1839,#1845,#1846));
#1831 = ORIENTED_EDGE('',*,*,#1832,.T.);
#1832 = EDGE_CURVE('',#656,#1833,#1835,.T.);
#1833 = VERTEX_POINT('',#1834);
#1834 = CARTESIAN_POINT('',(19.835786819458,24.779438018799,
    6.699999809265));
#1835 = LINE('',#1836,#1837);
#1836 = CARTESIAN_POINT('',(19.835786819458,24.779438018799,0.));
#1837 = VECTOR('',#1838,1.);
#1838 = DIRECTION('',(0.,0.,1.));
#1839 = ORIENTED_EDGE('',*,*,#1840,.F.);
#1840 = EDGE_CURVE('',#1810,#1833,#1841,.T.);
#1841 = LINE('',#1842,#1843);
#1842 = CARTESIAN_POINT('',(17.72056388855,22.664213180542,
    6.699999809265));
#1843 = VECTOR('',#1844,1.);
#1844 = DIRECTION('',(0.707106462379,0.707107099994,0.));
#1845 = ORIENTED_EDGE('',*,*,#1809,.T.);
#1846 = ORIENTED_EDGE('',*,*,#663,.F.);
#1847 = PLANE('',#1848);
#1848 = AXIS2_PLACEMENT_3D('',#1849,#1850,#1851);
#1849 = CARTESIAN_POINT('',(18.778175354004,23.72182559967,
    3.349999904633));
#1850 = DIRECTION('',(0.707107099994,-0.707106462379,0.));
#1851 = DIRECTION('',(0.707106462379,0.707107099994,0.));
#1852 = ADVANCED_FACE('',(#1853),#1871,.T.);
#1853 = FACE_BOUND('',#1854,.T.);
#1854 = EDGE_LOOP('',(#1855,#1863,#1864,#1865));
#1855 = ORIENTED_EDGE('',*,*,#1856,.F.);
#1856 = EDGE_CURVE('',#1833,#1857,#1859,.T.);
#1857 = VERTEX_POINT('',#1858);
#1858 = CARTESIAN_POINT('',(20.102848052979,25.003526687622,
    6.699999809265));
#1859 = LINE('',#1860,#1861);
#1860 = CARTESIAN_POINT('',(19.835786819458,24.779438018799,
    6.699999809265));
#1861 = VECTOR('',#1862,1.);
#1862 = DIRECTION('',(0.766047711081,0.642783715061,0.));
#1863 = ORIENTED_EDGE('',*,*,#1832,.F.);
#1864 = ORIENTED_EDGE('',*,*,#655,.F.);
#1865 = ORIENTED_EDGE('',*,*,#1866,.T.);
#1866 = EDGE_CURVE('',#648,#1857,#1867,.T.);
#1867 = LINE('',#1868,#1869);
#1868 = CARTESIAN_POINT('',(20.102848052979,25.003526687622,0.));
#1869 = VECTOR('',#1870,1.);
#1870 = DIRECTION('',(0.,0.,1.));
#1871 = PLANE('',#1872);
#1872 = AXIS2_PLACEMENT_3D('',#1873,#1874,#1875);
#1873 = CARTESIAN_POINT('',(19.969317436218,24.89148235321,
    3.349999904633));
#1874 = DIRECTION('',(0.642783715061,-0.766047711081,0.));
#1875 = DIRECTION('',(-0.766047711081,-0.642783715061,0.));
#1876 = ADVANCED_FACE('',(#1877),#1895,.T.);
#1877 = FACE_BOUND('',#1878,.T.);
#1878 = EDGE_LOOP('',(#1879,#1887,#1888,#1889));
#1879 = ORIENTED_EDGE('',*,*,#1880,.F.);
#1880 = EDGE_CURVE('',#1857,#1881,#1883,.T.);
#1881 = VERTEX_POINT('',#1882);
#1882 = CARTESIAN_POINT('',(20.404764175415,25.177839279175,
    6.699999809265));
#1883 = LINE('',#1884,#1885);
#1884 = CARTESIAN_POINT('',(20.102848052979,25.003526687622,
    6.699999809265));
#1885 = VECTOR('',#1886,1.);
#1886 = DIRECTION('',(0.866023867357,0.500002661161,0.));
#1887 = ORIENTED_EDGE('',*,*,#1866,.F.);
#1888 = ORIENTED_EDGE('',*,*,#647,.F.);
#1889 = ORIENTED_EDGE('',*,*,#1890,.T.);
#1890 = EDGE_CURVE('',#640,#1881,#1891,.T.);
#1891 = LINE('',#1892,#1893);
#1892 = CARTESIAN_POINT('',(20.404764175415,25.177839279175,0.));
#1893 = VECTOR('',#1894,1.);
#1894 = DIRECTION('',(0.,0.,1.));
#1895 = PLANE('',#1896);
#1896 = AXIS2_PLACEMENT_3D('',#1897,#1898,#1899);
#1897 = CARTESIAN_POINT('',(20.253806114197,25.090682983398,
    3.349999904633));
#1898 = DIRECTION('',(0.500002661161,-0.866023867357,0.));
#1899 = DIRECTION('',(-0.866023867357,-0.500002661161,0.));
#1900 = ADVANCED_FACE('',(#1901),#1919,.T.);
#1901 = FACE_BOUND('',#1902,.T.);
#1902 = EDGE_LOOP('',(#1903,#1911,#1912,#1913));
#1903 = ORIENTED_EDGE('',*,*,#1904,.F.);
#1904 = EDGE_CURVE('',#1881,#1905,#1907,.T.);
#1905 = VERTEX_POINT('',#1906);
#1906 = CARTESIAN_POINT('',(20.732362747192,25.297075271606,
    6.699999809265));
#1907 = LINE('',#1908,#1909);
#1908 = CARTESIAN_POINT('',(20.404764175415,25.177839279175,
    6.699999809265));
#1909 = VECTOR('',#1910,1.);
#1910 = DIRECTION('',(0.939692746609,0.342019797629,0.));
#1911 = ORIENTED_EDGE('',*,*,#1890,.F.);
#1912 = ORIENTED_EDGE('',*,*,#639,.F.);
#1913 = ORIENTED_EDGE('',*,*,#1914,.T.);
#1914 = EDGE_CURVE('',#632,#1905,#1915,.T.);
#1915 = LINE('',#1916,#1917);
#1916 = CARTESIAN_POINT('',(20.732362747192,25.297075271606,0.));
#1917 = VECTOR('',#1918,1.);
#1918 = DIRECTION('',(0.,0.,1.));
#1919 = PLANE('',#1920);
#1920 = AXIS2_PLACEMENT_3D('',#1921,#1922,#1923);
#1921 = CARTESIAN_POINT('',(20.568563461304,25.237457275391,
    3.349999904633));
#1922 = DIRECTION('',(0.342019797629,-0.939692746609,0.));
#1923 = DIRECTION('',(-0.939692746609,-0.342019797629,0.));
#1924 = ADVANCED_FACE('',(#1925),#1943,.T.);
#1925 = FACE_BOUND('',#1926,.T.);
#1926 = EDGE_LOOP('',(#1927,#1935,#1936,#1937));
#1927 = ORIENTED_EDGE('',*,*,#1928,.F.);
#1928 = EDGE_CURVE('',#1905,#1929,#1931,.T.);
#1929 = VERTEX_POINT('',#1930);
#1930 = CARTESIAN_POINT('',(21.075689315796,25.357612609863,
    6.699999809265));
#1931 = LINE('',#1932,#1933);
#1932 = CARTESIAN_POINT('',(20.732362747192,25.297075271606,
    6.699999809265));
#1933 = VECTOR('',#1934,1.);
#1934 = DIRECTION('',(0.984807948724,0.173647067725,0.));
#1935 = ORIENTED_EDGE('',*,*,#1914,.F.);
#1936 = ORIENTED_EDGE('',*,*,#631,.F.);
#1937 = ORIENTED_EDGE('',*,*,#1938,.T.);
#1938 = EDGE_CURVE('',#624,#1929,#1939,.T.);
#1939 = LINE('',#1940,#1941);
#1940 = CARTESIAN_POINT('',(21.075689315796,25.357612609863,0.));
#1941 = VECTOR('',#1942,1.);
#1942 = DIRECTION('',(0.,0.,1.));
#1943 = PLANE('',#1944);
#1944 = AXIS2_PLACEMENT_3D('',#1945,#1946,#1947);
#1945 = CARTESIAN_POINT('',(20.904026031494,25.327343940735,
    3.349999904633));
#1946 = DIRECTION('',(0.173647067725,-0.984807948724,0.));
#1947 = DIRECTION('',(-0.984807948724,-0.173647067725,0.));
#1948 = ADVANCED_FACE('',(#1949),#1967,.T.);
#1949 = FACE_BOUND('',#1950,.T.);
#1950 = EDGE_LOOP('',(#1951,#1959,#1960,#1961));
#1951 = ORIENTED_EDGE('',*,*,#1952,.F.);
#1952 = EDGE_CURVE('',#1929,#1953,#1955,.T.);
#1953 = VERTEX_POINT('',#1954);
#1954 = CARTESIAN_POINT('',(21.25,25.365222930908,6.699999809265));
#1955 = LINE('',#1956,#1957);
#1956 = CARTESIAN_POINT('',(21.075689315796,25.357612609863,
    6.699999809265));
#1957 = VECTOR('',#1958,1.);
#1958 = DIRECTION('',(0.999048283469,4.361796989835E-02,0.));
#1959 = ORIENTED_EDGE('',*,*,#1938,.F.);
#1960 = ORIENTED_EDGE('',*,*,#623,.F.);
#1961 = ORIENTED_EDGE('',*,*,#1962,.T.);
#1962 = EDGE_CURVE('',#616,#1953,#1963,.T.);
#1963 = LINE('',#1964,#1965);
#1964 = CARTESIAN_POINT('',(21.25,25.365222930908,0.));
#1965 = VECTOR('',#1966,1.);
#1966 = DIRECTION('',(0.,0.,1.));
#1967 = PLANE('',#1968);
#1968 = AXIS2_PLACEMENT_3D('',#1969,#1970,#1971);
#1969 = CARTESIAN_POINT('',(21.162844657898,25.361417770386,
    3.349999904633));
#1970 = DIRECTION('',(4.361796989835E-02,-0.999048283469,0.));
#1971 = DIRECTION('',(-0.999048283469,-4.361796989835E-02,0.));
#1972 = ADVANCED_FACE('',(#1973),#1991,.T.);
#1973 = FACE_BOUND('',#1974,.T.);
#1974 = EDGE_LOOP('',(#1975,#1983,#1984,#1985));
#1975 = ORIENTED_EDGE('',*,*,#1976,.F.);
#1976 = EDGE_CURVE('',#1953,#1977,#1979,.T.);
#1977 = VERTEX_POINT('',#1978);
#1978 = CARTESIAN_POINT('',(21.250001318814,25.36522287333,
    6.699999809265));
#1979 = LINE('',#1980,#1981);
#1980 = CARTESIAN_POINT('',(21.25,25.365222930908,6.699999809265));
#1981 = VECTOR('',#1982,1.);
#1982 = DIRECTION('',(0.999048304267,-4.361749353347E-02,0.));
#1983 = ORIENTED_EDGE('',*,*,#1962,.F.);
#1984 = ORIENTED_EDGE('',*,*,#615,.F.);
#1985 = ORIENTED_EDGE('',*,*,#1986,.F.);
#1986 = EDGE_CURVE('',#1977,#608,#1987,.T.);
#1987 = LINE('',#1988,#1989);
#1988 = CARTESIAN_POINT('',(21.250001318814,25.36522287333,
    -31.46088119566));
#1989 = VECTOR('',#1990,1.);
#1990 = DIRECTION('',(0.,0.,-1.));
#1991 = PLANE('',#1992);
#1992 = AXIS2_PLACEMENT_3D('',#1993,#1994,#1995);
#1993 = CARTESIAN_POINT('',(21.337156295776,25.361417770386,
    3.349999904633));
#1994 = DIRECTION('',(-4.361749353347E-02,-0.999048304267,-0.));
#1995 = DIRECTION('',(-0.999048304267,4.361749353347E-02,0.));
#1996 = ADVANCED_FACE('',(#1997),#2015,.F.);
#1997 = FACE_BOUND('',#1998,.F.);
#1998 = EDGE_LOOP('',(#1999,#2007,#2013,#2014));
#1999 = ORIENTED_EDGE('',*,*,#2000,.F.);
#2000 = EDGE_CURVE('',#2001,#1977,#2003,.T.);
#2001 = VERTEX_POINT('',#2002);
#2002 = CARTESIAN_POINT('',(21.250001318814,37.63477712667,
    6.699999809265));
#2003 = LINE('',#2004,#2005);
#2004 = CARTESIAN_POINT('',(21.250001318814,47.68915558,6.699999809265)
  );
#2005 = VECTOR('',#2006,1.);
#2006 = DIRECTION('',(0.,-1.,0.));
#2007 = ORIENTED_EDGE('',*,*,#2008,.F.);
#2008 = EDGE_CURVE('',#600,#2001,#2009,.T.);
#2009 = LINE('',#2010,#2011);
#2010 = CARTESIAN_POINT('',(21.250001318814,37.63477712667,
    -31.46088119566));
#2011 = VECTOR('',#2012,1.);
#2012 = DIRECTION('',(0.,0.,1.));
#2013 = ORIENTED_EDGE('',*,*,#607,.F.);
#2014 = ORIENTED_EDGE('',*,*,#1986,.F.);
#2015 = PLANE('',#2016);
#2016 = AXIS2_PLACEMENT_3D('',#2017,#2018,#2019);
#2017 = CARTESIAN_POINT('',(21.250001318814,20.72411537,-66.27176229595)
  );
#2018 = DIRECTION('',(-1.,-0.,-0.));
#2019 = DIRECTION('',(0.,0.,-1.));
#2020 = ADVANCED_FACE('',(#2021),#2039,.T.);
#2021 = FACE_BOUND('',#2022,.T.);
#2022 = EDGE_LOOP('',(#2023,#2024,#2032,#2038));
#2023 = ORIENTED_EDGE('',*,*,#599,.F.);
#2024 = ORIENTED_EDGE('',*,*,#2025,.F.);
#2025 = EDGE_CURVE('',#2026,#592,#2028,.T.);
#2026 = VERTEX_POINT('',#2027);
#2027 = CARTESIAN_POINT('',(21.25,37.634777069092,6.699999809265));
#2028 = LINE('',#2029,#2030);
#2029 = CARTESIAN_POINT('',(21.25,37.634777069092,6.699999809265));
#2030 = VECTOR('',#2031,1.);
#2031 = DIRECTION('',(0.,0.,-1.));
#2032 = ORIENTED_EDGE('',*,*,#2033,.F.);
#2033 = EDGE_CURVE('',#2001,#2026,#2034,.T.);
#2034 = LINE('',#2035,#2036);
#2035 = CARTESIAN_POINT('',(21.424312591553,37.642387390137,
    6.699999809265));
#2036 = VECTOR('',#2037,1.);
#2037 = DIRECTION('',(-0.999048304267,-4.361749353347E-02,0.));
#2038 = ORIENTED_EDGE('',*,*,#2008,.F.);
#2039 = PLANE('',#2040);
#2040 = AXIS2_PLACEMENT_3D('',#2041,#2042,#2043);
#2041 = CARTESIAN_POINT('',(21.337156295776,37.638582229614,
    3.349999904633));
#2042 = DIRECTION('',(-4.361749353347E-02,0.999048304267,0.));
#2043 = DIRECTION('',(0.999048304267,4.361749353347E-02,0.));
#2044 = ADVANCED_FACE('',(#2045),#2063,.T.);
#2045 = FACE_BOUND('',#2046,.T.);
#2046 = EDGE_LOOP('',(#2047,#2048,#2056,#2062));
#2047 = ORIENTED_EDGE('',*,*,#591,.F.);
#2048 = ORIENTED_EDGE('',*,*,#2049,.F.);
#2049 = EDGE_CURVE('',#2050,#584,#2052,.T.);
#2050 = VERTEX_POINT('',#2051);
#2051 = CARTESIAN_POINT('',(21.075689315796,37.642387390137,
    6.699999809265));
#2052 = LINE('',#2053,#2054);
#2053 = CARTESIAN_POINT('',(21.075689315796,37.642387390137,
    6.699999809265));
#2054 = VECTOR('',#2055,1.);
#2055 = DIRECTION('',(0.,0.,-1.));
#2056 = ORIENTED_EDGE('',*,*,#2057,.F.);
#2057 = EDGE_CURVE('',#2026,#2050,#2058,.T.);
#2058 = LINE('',#2059,#2060);
#2059 = CARTESIAN_POINT('',(21.25,37.634777069092,6.699999809265));
#2060 = VECTOR('',#2061,1.);
#2061 = DIRECTION('',(-0.999048283469,4.361796989835E-02,0.));
#2062 = ORIENTED_EDGE('',*,*,#2025,.T.);
#2063 = PLANE('',#2064);
#2064 = AXIS2_PLACEMENT_3D('',#2065,#2066,#2067);
#2065 = CARTESIAN_POINT('',(21.162844657898,37.638582229614,
    3.349999904633));
#2066 = DIRECTION('',(4.361796989835E-02,0.999048283469,0.));
#2067 = DIRECTION('',(0.999048283469,-4.361796989835E-02,0.));
#2068 = ADVANCED_FACE('',(#2069),#2087,.T.);
#2069 = FACE_BOUND('',#2070,.T.);
#2070 = EDGE_LOOP('',(#2071,#2072,#2080,#2086));
#2071 = ORIENTED_EDGE('',*,*,#583,.F.);
#2072 = ORIENTED_EDGE('',*,*,#2073,.F.);
#2073 = EDGE_CURVE('',#2074,#576,#2076,.T.);
#2074 = VERTEX_POINT('',#2075);
#2075 = CARTESIAN_POINT('',(20.732362747192,37.702926635742,
    6.699999809265));
#2076 = LINE('',#2077,#2078);
#2077 = CARTESIAN_POINT('',(20.732362747192,37.702926635742,
    6.699999809265));
#2078 = VECTOR('',#2079,1.);
#2079 = DIRECTION('',(0.,0.,-1.));
#2080 = ORIENTED_EDGE('',*,*,#2081,.F.);
#2081 = EDGE_CURVE('',#2050,#2074,#2082,.T.);
#2082 = LINE('',#2083,#2084);
#2083 = CARTESIAN_POINT('',(21.075689315796,37.642387390137,
    6.699999809265));
#2084 = VECTOR('',#2085,1.);
#2085 = DIRECTION('',(-0.984807013104,0.17365237384,0.));
#2086 = ORIENTED_EDGE('',*,*,#2049,.T.);
#2087 = PLANE('',#2088);
#2088 = AXIS2_PLACEMENT_3D('',#2089,#2090,#2091);
#2089 = CARTESIAN_POINT('',(20.904026031494,37.672657012939,
    3.349999904633));
#2090 = DIRECTION('',(0.17365237384,0.984807013104,0.));
#2091 = DIRECTION('',(0.984807013104,-0.17365237384,0.));
#2092 = ADVANCED_FACE('',(#2093),#2111,.T.);
#2093 = FACE_BOUND('',#2094,.T.);
#2094 = EDGE_LOOP('',(#2095,#2096,#2104,#2110));
#2095 = ORIENTED_EDGE('',*,*,#575,.F.);
#2096 = ORIENTED_EDGE('',*,*,#2097,.F.);
#2097 = EDGE_CURVE('',#2098,#568,#2100,.T.);
#2098 = VERTEX_POINT('',#2099);
#2099 = CARTESIAN_POINT('',(20.404764175415,37.822162628174,
    6.699999809265));
#2100 = LINE('',#2101,#2102);
#2101 = CARTESIAN_POINT('',(20.404764175415,37.822162628174,
    6.699999809265));
#2102 = VECTOR('',#2103,1.);
#2103 = DIRECTION('',(0.,0.,-1.));
#2104 = ORIENTED_EDGE('',*,*,#2105,.F.);
#2105 = EDGE_CURVE('',#2074,#2098,#2106,.T.);
#2106 = LINE('',#2107,#2108);
#2107 = CARTESIAN_POINT('',(20.732362747192,37.702926635742,
    6.699999809265));
#2108 = VECTOR('',#2109,1.);
#2109 = DIRECTION('',(-0.939692746609,0.342019797629,0.));
#2110 = ORIENTED_EDGE('',*,*,#2073,.T.);
#2111 = PLANE('',#2112);
#2112 = AXIS2_PLACEMENT_3D('',#2113,#2114,#2115);
#2113 = CARTESIAN_POINT('',(20.568563461304,37.762544631958,
    3.349999904633));
#2114 = DIRECTION('',(0.342019797629,0.939692746609,0.));
#2115 = DIRECTION('',(0.939692746609,-0.342019797629,0.));
#2116 = ADVANCED_FACE('',(#2117),#2135,.T.);
#2117 = FACE_BOUND('',#2118,.T.);
#2118 = EDGE_LOOP('',(#2119,#2120,#2128,#2134));
#2119 = ORIENTED_EDGE('',*,*,#567,.F.);
#2120 = ORIENTED_EDGE('',*,*,#2121,.F.);
#2121 = EDGE_CURVE('',#2122,#560,#2124,.T.);
#2122 = VERTEX_POINT('',#2123);
#2123 = CARTESIAN_POINT('',(20.102848052979,37.996471405029,
    6.699999809265));
#2124 = LINE('',#2125,#2126);
#2125 = CARTESIAN_POINT('',(20.102848052979,37.996471405029,
    6.699999809265));
#2126 = VECTOR('',#2127,1.);
#2127 = DIRECTION('',(0.,0.,-1.));
#2128 = ORIENTED_EDGE('',*,*,#2129,.F.);
#2129 = EDGE_CURVE('',#2098,#2122,#2130,.T.);
#2130 = LINE('',#2131,#2132);
#2131 = CARTESIAN_POINT('',(20.404764175415,37.822162628174,
    6.699999809265));
#2132 = VECTOR('',#2133,1.);
#2133 = DIRECTION('',(-0.866028605462,0.499994454492,0.));
#2134 = ORIENTED_EDGE('',*,*,#2097,.T.);
#2135 = PLANE('',#2136);
#2136 = AXIS2_PLACEMENT_3D('',#2137,#2138,#2139);
#2137 = CARTESIAN_POINT('',(20.253806114197,37.909317016602,
    3.349999904633));
#2138 = DIRECTION('',(0.499994454492,0.866028605462,0.));
#2139 = DIRECTION('',(0.866028605462,-0.499994454492,0.));
#2140 = ADVANCED_FACE('',(#2141),#2159,.T.);
#2141 = FACE_BOUND('',#2142,.T.);
#2142 = EDGE_LOOP('',(#2143,#2144,#2152,#2158));
#2143 = ORIENTED_EDGE('',*,*,#559,.F.);
#2144 = ORIENTED_EDGE('',*,*,#2145,.F.);
#2145 = EDGE_CURVE('',#2146,#552,#2148,.T.);
#2146 = VERTEX_POINT('',#2147);
#2147 = CARTESIAN_POINT('',(19.835786819458,38.220561981201,
    6.699999809265));
#2148 = LINE('',#2149,#2150);
#2149 = CARTESIAN_POINT('',(19.835786819458,38.220561981201,
    6.699999809265));
#2150 = VECTOR('',#2151,1.);
#2151 = DIRECTION('',(0.,0.,-1.));
#2152 = ORIENTED_EDGE('',*,*,#2153,.F.);
#2153 = EDGE_CURVE('',#2122,#2146,#2154,.T.);
#2154 = LINE('',#2155,#2156);
#2155 = CARTESIAN_POINT('',(20.102848052979,37.996471405029,
    6.699999809265));
#2156 = VECTOR('',#2157,1.);
#2157 = DIRECTION('',(-0.766045017095,0.642786925648,0.));
#2158 = ORIENTED_EDGE('',*,*,#2121,.T.);
#2159 = PLANE('',#2160);
#2160 = AXIS2_PLACEMENT_3D('',#2161,#2162,#2163);
#2161 = CARTESIAN_POINT('',(19.969317436218,38.108516693115,
    3.349999904633));
#2162 = DIRECTION('',(0.642786925648,0.766045017095,0.));
#2163 = DIRECTION('',(0.766045017095,-0.642786925648,0.));
#2164 = ADVANCED_FACE('',(#2165),#2183,.T.);
#2165 = FACE_BOUND('',#2166,.T.);
#2166 = EDGE_LOOP('',(#2167,#2168,#2169,#2177));
#2167 = ORIENTED_EDGE('',*,*,#2145,.T.);
#2168 = ORIENTED_EDGE('',*,*,#551,.F.);
#2169 = ORIENTED_EDGE('',*,*,#2170,.T.);
#2170 = EDGE_CURVE('',#544,#2171,#2173,.T.);
#2171 = VERTEX_POINT('',#2172);
#2172 = CARTESIAN_POINT('',(16.142135620117,41.914215087891,
    6.699999809265));
#2173 = LINE('',#2174,#2175);
#2174 = CARTESIAN_POINT('',(16.142135620117,41.914215087891,0.));
#2175 = VECTOR('',#2176,1.);
#2176 = DIRECTION('',(0.,0.,1.));
#2177 = ORIENTED_EDGE('',*,*,#2178,.F.);
#2178 = EDGE_CURVE('',#2146,#2171,#2179,.T.);
#2179 = LINE('',#2180,#2181);
#2180 = CARTESIAN_POINT('',(19.835786819458,38.220561981201,
    6.699999809265));
#2181 = VECTOR('',#2182,1.);
#2182 = DIRECTION('',(-0.707106598617,0.707106963756,0.));
#2183 = PLANE('',#2184);
#2184 = AXIS2_PLACEMENT_3D('',#2185,#2186,#2187);
#2185 = CARTESIAN_POINT('',(17.988961219788,40.067388534546,
    3.349999904633));
#2186 = DIRECTION('',(0.707106963756,0.707106598617,0.));
#2187 = DIRECTION('',(-0.707106598617,0.707106963756,0.));
#2188 = ADVANCED_FACE('',(#2189),#2207,.T.);
#2189 = FACE_BOUND('',#2190,.T.);
#2190 = EDGE_LOOP('',(#2191,#2192,#2193,#2201));
#2191 = ORIENTED_EDGE('',*,*,#2170,.F.);
#2192 = ORIENTED_EDGE('',*,*,#543,.F.);
#2193 = ORIENTED_EDGE('',*,*,#2194,.T.);
#2194 = EDGE_CURVE('',#536,#2195,#2197,.T.);
#2195 = VERTEX_POINT('',#2196);
#2196 = CARTESIAN_POINT('',(15.903492927551,42.118034362793,
    6.699999809265));
#2197 = LINE('',#2198,#2199);
#2198 = CARTESIAN_POINT('',(15.903492927551,42.118034362793,0.));
#2199 = VECTOR('',#2200,1.);
#2200 = DIRECTION('',(0.,0.,1.));
#2201 = ORIENTED_EDGE('',*,*,#2202,.F.);
#2202 = EDGE_CURVE('',#2171,#2195,#2203,.T.);
#2203 = LINE('',#2204,#2205);
#2204 = CARTESIAN_POINT('',(16.142135620117,41.914215087891,
    6.699999809265));
#2205 = VECTOR('',#2206,1.);
#2206 = DIRECTION('',(-0.760407286688,0.649446501532,0.));
#2207 = PLANE('',#2208);
#2208 = AXIS2_PLACEMENT_3D('',#2209,#2210,#2211);
#2209 = CARTESIAN_POINT('',(16.022814273834,42.016124725342,
    3.349999904633));
#2210 = DIRECTION('',(0.649446501532,0.760407286688,0.));
#2211 = DIRECTION('',(0.760407286688,-0.649446501532,0.));
#2212 = ADVANCED_FACE('',(#2213),#2231,.T.);
#2213 = FACE_BOUND('',#2214,.T.);
#2214 = EDGE_LOOP('',(#2215,#2216,#2217,#2225));
#2215 = ORIENTED_EDGE('',*,*,#2194,.F.);
#2216 = ORIENTED_EDGE('',*,*,#535,.F.);
#2217 = ORIENTED_EDGE('',*,*,#2218,.T.);
#2218 = EDGE_CURVE('',#528,#2219,#2221,.T.);
#2219 = VERTEX_POINT('',#2220);
#2220 = CARTESIAN_POINT('',(15.635904312134,42.282012939453,
    6.699999809265));
#2221 = LINE('',#2222,#2223);
#2222 = CARTESIAN_POINT('',(15.635904312134,42.282012939453,0.));
#2223 = VECTOR('',#2224,1.);
#2224 = DIRECTION('',(0.,0.,1.));
#2225 = ORIENTED_EDGE('',*,*,#2226,.F.);
#2226 = EDGE_CURVE('',#2195,#2219,#2227,.T.);
#2227 = LINE('',#2228,#2229);
#2228 = CARTESIAN_POINT('',(15.903492927551,42.118034362793,
    6.699999809265));
#2229 = VECTOR('',#2230,1.);
#2230 = DIRECTION('',(-0.852640076009,0.522498708883,0.));
#2231 = PLANE('',#2232);
#2232 = AXIS2_PLACEMENT_3D('',#2233,#2234,#2235);
#2233 = CARTESIAN_POINT('',(15.769698619843,42.200023651123,
    3.349999904633));
#2234 = DIRECTION('',(0.522498708883,0.852640076009,0.));
#2235 = DIRECTION('',(0.852640076009,-0.522498708883,0.));
#2236 = ADVANCED_FACE('',(#2237),#2255,.T.);
#2237 = FACE_BOUND('',#2238,.T.);
#2238 = EDGE_LOOP('',(#2239,#2240,#2241,#2249));
#2239 = ORIENTED_EDGE('',*,*,#2218,.F.);
#2240 = ORIENTED_EDGE('',*,*,#527,.F.);
#2241 = ORIENTED_EDGE('',*,*,#2242,.T.);
#2242 = EDGE_CURVE('',#520,#2243,#2245,.T.);
#2243 = VERTEX_POINT('',#2244);
#2244 = CARTESIAN_POINT('',(15.345956802368,42.402114868164,
    6.699999809265));
#2245 = LINE('',#2246,#2247);
#2246 = CARTESIAN_POINT('',(15.345956802368,42.402114868164,0.));
#2247 = VECTOR('',#2248,1.);
#2248 = DIRECTION('',(0.,0.,1.));
#2249 = ORIENTED_EDGE('',*,*,#2250,.F.);
#2250 = EDGE_CURVE('',#2219,#2243,#2251,.T.);
#2251 = LINE('',#2252,#2253);
#2252 = CARTESIAN_POINT('',(15.635904312134,42.282012939453,
    6.699999809265));
#2253 = VECTOR('',#2254,1.);
#2254 = DIRECTION('',(-0.923877574794,0.382688158678,0.));
#2255 = PLANE('',#2256);
#2256 = AXIS2_PLACEMENT_3D('',#2257,#2258,#2259);
#2257 = CARTESIAN_POINT('',(15.490930557251,42.342063903809,
    3.349999904633));
#2258 = DIRECTION('',(0.382688158678,0.923877574794,0.));
#2259 = DIRECTION('',(0.923877574794,-0.382688158678,0.));
#2260 = ADVANCED_FACE('',(#2261),#2279,.T.);
#2261 = FACE_BOUND('',#2262,.T.);
#2262 = EDGE_LOOP('',(#2263,#2264,#2265,#2273));
#2263 = ORIENTED_EDGE('',*,*,#2242,.F.);
#2264 = ORIENTED_EDGE('',*,*,#519,.F.);
#2265 = ORIENTED_EDGE('',*,*,#2266,.T.);
#2266 = EDGE_CURVE('',#512,#2267,#2269,.T.);
#2267 = VERTEX_POINT('',#2268);
#2268 = CARTESIAN_POINT('',(15.040790557861,42.47537612915,
    6.699999809265));
#2269 = LINE('',#2270,#2271);
#2270 = CARTESIAN_POINT('',(15.040790557861,42.47537612915,0.));
#2271 = VECTOR('',#2272,1.);
#2272 = DIRECTION('',(0.,0.,1.));
#2273 = ORIENTED_EDGE('',*,*,#2274,.F.);
#2274 = EDGE_CURVE('',#2243,#2267,#2275,.T.);
#2275 = LINE('',#2276,#2277);
#2276 = CARTESIAN_POINT('',(15.345956802368,42.402114868164,
    6.699999809265));
#2277 = VECTOR('',#2278,1.);
#2278 = DIRECTION('',(-0.972371853219,0.233437312929,0.));
#2279 = PLANE('',#2280);
#2280 = AXIS2_PLACEMENT_3D('',#2281,#2282,#2283);
#2281 = CARTESIAN_POINT('',(15.193373680115,42.438745498657,
    3.349999904633));
#2282 = DIRECTION('',(0.233437312929,0.972371853219,0.));
#2283 = DIRECTION('',(0.972371853219,-0.233437312929,0.));
#2284 = ADVANCED_FACE('',(#2285),#2303,.T.);
#2285 = FACE_BOUND('',#2286,.T.);
#2286 = EDGE_LOOP('',(#2287,#2288,#2289,#2297));
#2287 = ORIENTED_EDGE('',*,*,#2266,.F.);
#2288 = ORIENTED_EDGE('',*,*,#511,.F.);
#2289 = ORIENTED_EDGE('',*,*,#2290,.F.);
#2290 = EDGE_CURVE('',#2291,#504,#2293,.T.);
#2291 = VERTEX_POINT('',#2292);
#2292 = CARTESIAN_POINT('',(14.727922439575,42.5,6.699999809265));
#2293 = LINE('',#2294,#2295);
#2294 = CARTESIAN_POINT('',(14.727922439575,42.5,6.699999809265));
#2295 = VECTOR('',#2296,1.);
#2296 = DIRECTION('',(0.,0.,-1.));
#2297 = ORIENTED_EDGE('',*,*,#2298,.F.);
#2298 = EDGE_CURVE('',#2267,#2291,#2299,.T.);
#2299 = LINE('',#2300,#2301);
#2300 = CARTESIAN_POINT('',(15.040790557861,42.47537612915,
    6.699999809265));
#2301 = VECTOR('',#2302,1.);
#2302 = DIRECTION('',(-0.996917180223,7.846104623265E-02,0.));
#2303 = PLANE('',#2304);
#2304 = AXIS2_PLACEMENT_3D('',#2305,#2306,#2307);
#2305 = CARTESIAN_POINT('',(14.884356498718,42.487688064575,
    3.349999904633));
#2306 = DIRECTION('',(7.846104623265E-02,0.996917180223,0.));
#2307 = DIRECTION('',(0.996917180223,-7.846104623265E-02,0.));
#2308 = ADVANCED_FACE('',(#2309),#2327,.T.);
#2309 = FACE_BOUND('',#2310,.T.);
#2310 = EDGE_LOOP('',(#2311,#2319,#2325,#2326));
#2311 = ORIENTED_EDGE('',*,*,#2312,.T.);
#2312 = EDGE_CURVE('',#496,#2313,#2315,.T.);
#2313 = VERTEX_POINT('',#2314);
#2314 = CARTESIAN_POINT('',(7.272077560425,42.5,6.699999809265));
#2315 = LINE('',#2316,#2317);
#2316 = CARTESIAN_POINT('',(7.272077560425,42.5,0.));
#2317 = VECTOR('',#2318,1.);
#2318 = DIRECTION('',(0.,0.,1.));
#2319 = ORIENTED_EDGE('',*,*,#2320,.F.);
#2320 = EDGE_CURVE('',#2291,#2313,#2321,.T.);
#2321 = LINE('',#2322,#2323);
#2322 = CARTESIAN_POINT('',(14.727922439575,42.5,6.699999809265));
#2323 = VECTOR('',#2324,1.);
#2324 = DIRECTION('',(-1.,0.,0.));
#2325 = ORIENTED_EDGE('',*,*,#2290,.T.);
#2326 = ORIENTED_EDGE('',*,*,#503,.F.);
#2327 = PLANE('',#2328);
#2328 = AXIS2_PLACEMENT_3D('',#2329,#2330,#2331);
#2329 = CARTESIAN_POINT('',(11.,42.5,3.349999904633));
#2330 = DIRECTION('',(0.,1.,0.));
#2331 = DIRECTION('',(0.,0.,1.));
#2332 = ADVANCED_FACE('',(#2333),#2351,.T.);
#2333 = FACE_BOUND('',#2334,.T.);
#2334 = EDGE_LOOP('',(#2335,#2336,#2337,#2345));
#2335 = ORIENTED_EDGE('',*,*,#2312,.F.);
#2336 = ORIENTED_EDGE('',*,*,#495,.F.);
#2337 = ORIENTED_EDGE('',*,*,#2338,.T.);
#2338 = EDGE_CURVE('',#488,#2339,#2341,.T.);
#2339 = VERTEX_POINT('',#2340);
#2340 = CARTESIAN_POINT('',(6.959209442139,42.47537612915,6.699999809265
    ));
#2341 = LINE('',#2342,#2343);
#2342 = CARTESIAN_POINT('',(6.959209442139,42.47537612915,0.));
#2343 = VECTOR('',#2344,1.);
#2344 = DIRECTION('',(0.,0.,1.));
#2345 = ORIENTED_EDGE('',*,*,#2346,.F.);
#2346 = EDGE_CURVE('',#2313,#2339,#2347,.T.);
#2347 = LINE('',#2348,#2349);
#2348 = CARTESIAN_POINT('',(7.272077560425,42.5,6.699999809265));
#2349 = VECTOR('',#2350,1.);
#2350 = DIRECTION('',(-0.996917180223,-7.846104623265E-02,0.));
#2351 = PLANE('',#2352);
#2352 = AXIS2_PLACEMENT_3D('',#2353,#2354,#2355);
#2353 = CARTESIAN_POINT('',(7.115643501282,42.487688064575,
    3.349999904633));
#2354 = DIRECTION('',(-7.846104623265E-02,0.996917180223,0.));
#2355 = DIRECTION('',(0.996917180223,7.846104623265E-02,0.));
#2356 = ADVANCED_FACE('',(#2357),#2375,.T.);
#2357 = FACE_BOUND('',#2358,.T.);
#2358 = EDGE_LOOP('',(#2359,#2360,#2361,#2369));
#2359 = ORIENTED_EDGE('',*,*,#2338,.F.);
#2360 = ORIENTED_EDGE('',*,*,#487,.F.);
#2361 = ORIENTED_EDGE('',*,*,#2362,.T.);
#2362 = EDGE_CURVE('',#480,#2363,#2365,.T.);
#2363 = VERTEX_POINT('',#2364);
#2364 = CARTESIAN_POINT('',(6.654044628143,42.402114868164,
    6.699999809265));
#2365 = LINE('',#2366,#2367);
#2366 = CARTESIAN_POINT('',(6.654044628143,42.402114868164,0.));
#2367 = VECTOR('',#2368,1.);
#2368 = DIRECTION('',(0.,0.,1.));
#2369 = ORIENTED_EDGE('',*,*,#2370,.F.);
#2370 = EDGE_CURVE('',#2339,#2363,#2371,.T.);
#2371 = LINE('',#2372,#2373);
#2372 = CARTESIAN_POINT('',(6.959209442139,42.47537612915,6.699999809265
    ));
#2373 = VECTOR('',#2374,1.);
#2374 = DIRECTION('',(-0.972371604831,-0.233438347575,0.));
#2375 = PLANE('',#2376);
#2376 = AXIS2_PLACEMENT_3D('',#2377,#2378,#2379);
#2377 = CARTESIAN_POINT('',(6.806627035141,42.438745498657,
    3.349999904633));
#2378 = DIRECTION('',(-0.233438347575,0.972371604831,0.));
#2379 = DIRECTION('',(0.972371604831,0.233438347575,0.));
#2380 = ADVANCED_FACE('',(#2381),#2399,.T.);
#2381 = FACE_BOUND('',#2382,.T.);
#2382 = EDGE_LOOP('',(#2383,#2384,#2385,#2393));
#2383 = ORIENTED_EDGE('',*,*,#2362,.F.);
#2384 = ORIENTED_EDGE('',*,*,#479,.F.);
#2385 = ORIENTED_EDGE('',*,*,#2386,.T.);
#2386 = EDGE_CURVE('',#472,#2387,#2389,.T.);
#2387 = VERTEX_POINT('',#2388);
#2388 = CARTESIAN_POINT('',(6.364097595215,42.282012939453,
    6.699999809265));
#2389 = LINE('',#2390,#2391);
#2390 = CARTESIAN_POINT('',(6.364097595215,42.282012939453,0.));
#2391 = VECTOR('',#2392,1.);
#2392 = DIRECTION('',(0.,0.,1.));
#2393 = ORIENTED_EDGE('',*,*,#2394,.F.);
#2394 = EDGE_CURVE('',#2363,#2387,#2395,.T.);
#2395 = LINE('',#2396,#2397);
#2396 = CARTESIAN_POINT('',(6.654044628143,42.402114868164,
    6.699999809265));
#2397 = VECTOR('',#2398,1.);
#2398 = DIRECTION('',(-0.923877352281,-0.382688695865,0.));
#2399 = PLANE('',#2400);
#2400 = AXIS2_PLACEMENT_3D('',#2401,#2402,#2403);
#2401 = CARTESIAN_POINT('',(6.509071111679,42.342063903809,
    3.349999904633));
#2402 = DIRECTION('',(-0.382688695865,0.923877352281,0.));
#2403 = DIRECTION('',(0.923877352281,0.382688695865,0.));
#2404 = ADVANCED_FACE('',(#2405),#2423,.T.);
#2405 = FACE_BOUND('',#2406,.T.);
#2406 = EDGE_LOOP('',(#2407,#2408,#2409,#2417));
#2407 = ORIENTED_EDGE('',*,*,#2386,.F.);
#2408 = ORIENTED_EDGE('',*,*,#471,.F.);
#2409 = ORIENTED_EDGE('',*,*,#2410,.T.);
#2410 = EDGE_CURVE('',#464,#2411,#2413,.T.);
#2411 = VERTEX_POINT('',#2412);
#2412 = CARTESIAN_POINT('',(6.09650850296,42.118034362793,6.699999809265
    ));
#2413 = LINE('',#2414,#2415);
#2414 = CARTESIAN_POINT('',(6.09650850296,42.118034362793,0.));
#2415 = VECTOR('',#2416,1.);
#2416 = DIRECTION('',(0.,0.,1.));
#2417 = ORIENTED_EDGE('',*,*,#2418,.F.);
#2418 = EDGE_CURVE('',#2387,#2411,#2419,.T.);
#2419 = LINE('',#2420,#2421);
#2420 = CARTESIAN_POINT('',(6.364097595215,42.282012939453,
    6.699999809265));
#2421 = VECTOR('',#2422,1.);
#2422 = DIRECTION('',(-0.852640490808,-0.522498031992,0.));
#2423 = PLANE('',#2424);
#2424 = AXIS2_PLACEMENT_3D('',#2425,#2426,#2427);
#2425 = CARTESIAN_POINT('',(6.230303049088,42.200023651123,
    3.349999904633));
#2426 = DIRECTION('',(-0.522498031992,0.852640490808,0.));
#2427 = DIRECTION('',(0.852640490808,0.522498031992,0.));
#2428 = ADVANCED_FACE('',(#2429),#2447,.T.);
#2429 = FACE_BOUND('',#2430,.T.);
#2430 = EDGE_LOOP('',(#2431,#2432,#2433,#2441));
#2431 = ORIENTED_EDGE('',*,*,#2410,.F.);
#2432 = ORIENTED_EDGE('',*,*,#463,.F.);
#2433 = ORIENTED_EDGE('',*,*,#2434,.F.);
#2434 = EDGE_CURVE('',#2435,#456,#2437,.T.);
#2435 = VERTEX_POINT('',#2436);
#2436 = CARTESIAN_POINT('',(5.857864379883,41.914215087891,
    6.699999809265));
#2437 = LINE('',#2438,#2439);
#2438 = CARTESIAN_POINT('',(5.857864379883,41.914215087891,
    6.699999809265));
#2439 = VECTOR('',#2440,1.);
#2440 = DIRECTION('',(0.,0.,-1.));
#2441 = ORIENTED_EDGE('',*,*,#2442,.F.);
#2442 = EDGE_CURVE('',#2411,#2435,#2443,.T.);
#2443 = LINE('',#2444,#2445);
#2444 = CARTESIAN_POINT('',(6.09650850296,42.118034362793,6.699999809265
    ));
#2445 = VECTOR('',#2446,1.);
#2446 = DIRECTION('',(-0.760409209221,-0.649444250518,0.));
#2447 = PLANE('',#2448);
#2448 = AXIS2_PLACEMENT_3D('',#2449,#2450,#2451);
#2449 = CARTESIAN_POINT('',(5.977186441422,42.016124725342,
    3.349999904633));
#2450 = DIRECTION('',(-0.649444250518,0.760409209221,0.));
#2451 = DIRECTION('',(0.760409209221,0.649444250518,0.));
#2452 = ADVANCED_FACE('',(#2453),#2471,.T.);
#2453 = FACE_BOUND('',#2454,.T.);
#2454 = EDGE_LOOP('',(#2455,#2463,#2469,#2470));
#2455 = ORIENTED_EDGE('',*,*,#2456,.T.);
#2456 = EDGE_CURVE('',#448,#2457,#2459,.T.);
#2457 = VERTEX_POINT('',#2458);
#2458 = CARTESIAN_POINT('',(0.585786998272,36.642135620117,
    6.699999809265));
#2459 = LINE('',#2460,#2461);
#2460 = CARTESIAN_POINT('',(0.585786998272,36.642135620117,0.));
#2461 = VECTOR('',#2462,1.);
#2462 = DIRECTION('',(0.,0.,1.));
#2463 = ORIENTED_EDGE('',*,*,#2464,.F.);
#2464 = EDGE_CURVE('',#2435,#2457,#2465,.T.);
#2465 = LINE('',#2466,#2467);
#2466 = CARTESIAN_POINT('',(5.857864379883,41.914215087891,
    6.699999809265));
#2467 = VECTOR('',#2468,1.);
#2468 = DIRECTION('',(-0.707106641285,-0.707106921088,0.));
#2469 = ORIENTED_EDGE('',*,*,#2434,.T.);
#2470 = ORIENTED_EDGE('',*,*,#455,.F.);
#2471 = PLANE('',#2472);
#2472 = AXIS2_PLACEMENT_3D('',#2473,#2474,#2475);
#2473 = CARTESIAN_POINT('',(3.221825689077,39.278175354004,
    3.349999904633));
#2474 = DIRECTION('',(-0.707106921088,0.707106641285,0.));
#2475 = DIRECTION('',(-0.707106641285,-0.707106921088,0.));
#2476 = ADVANCED_FACE('',(#2477),#2495,.T.);
#2477 = FACE_BOUND('',#2478,.T.);
#2478 = EDGE_LOOP('',(#2479,#2480,#2481,#2489));
#2479 = ORIENTED_EDGE('',*,*,#2456,.F.);
#2480 = ORIENTED_EDGE('',*,*,#447,.F.);
#2481 = ORIENTED_EDGE('',*,*,#2482,.T.);
#2482 = EDGE_CURVE('',#440,#2483,#2485,.T.);
#2483 = VERTEX_POINT('',#2484);
#2484 = CARTESIAN_POINT('',(0.381967067719,36.403491973877,
    6.699999809265));
#2485 = LINE('',#2486,#2487);
#2486 = CARTESIAN_POINT('',(0.381967067719,36.403491973877,0.));
#2487 = VECTOR('',#2488,1.);
#2488 = DIRECTION('',(0.,0.,1.));
#2489 = ORIENTED_EDGE('',*,*,#2490,.F.);
#2490 = EDGE_CURVE('',#2457,#2483,#2491,.T.);
#2491 = LINE('',#2492,#2493);
#2492 = CARTESIAN_POINT('',(0.585786998272,36.642135620117,
    6.699999809265));
#2493 = VECTOR('',#2494,1.);
#2494 = DIRECTION('',(-0.649446208844,-0.760407536666,0.));
#2495 = PLANE('',#2496);
#2496 = AXIS2_PLACEMENT_3D('',#2497,#2498,#2499);
#2497 = CARTESIAN_POINT('',(0.483877032995,36.522813796997,
    3.349999904633));
#2498 = DIRECTION('',(-0.760407536666,0.649446208844,0.));
#2499 = DIRECTION('',(-0.649446208844,-0.760407536666,0.));
#2500 = ADVANCED_FACE('',(#2501),#2519,.T.);
#2501 = FACE_BOUND('',#2502,.T.);
#2502 = EDGE_LOOP('',(#2503,#2504,#2505,#2513));
#2503 = ORIENTED_EDGE('',*,*,#2482,.F.);
#2504 = ORIENTED_EDGE('',*,*,#439,.F.);
#2505 = ORIENTED_EDGE('',*,*,#2506,.T.);
#2506 = EDGE_CURVE('',#432,#2507,#2509,.T.);
#2507 = VERTEX_POINT('',#2508);
#2508 = CARTESIAN_POINT('',(0.217989087105,36.135902404785,
    6.699999809265));
#2509 = LINE('',#2510,#2511);
#2510 = CARTESIAN_POINT('',(0.217989087105,36.135902404785,0.));
#2511 = VECTOR('',#2512,1.);
#2512 = DIRECTION('',(0.,0.,1.));
#2513 = ORIENTED_EDGE('',*,*,#2514,.F.);
#2514 = EDGE_CURVE('',#2483,#2507,#2515,.T.);
#2515 = LINE('',#2516,#2517);
#2516 = CARTESIAN_POINT('',(0.381967067719,36.403491973877,
    6.699999809265));
#2517 = VECTOR('',#2518,1.);
#2518 = DIRECTION('',(-0.522495974368,-0.852641751716,0.));
#2519 = PLANE('',#2520);
#2520 = AXIS2_PLACEMENT_3D('',#2521,#2522,#2523);
#2521 = CARTESIAN_POINT('',(0.299978077412,36.269697189331,
    3.349999904633));
#2522 = DIRECTION('',(-0.852641751716,0.522495974368,0.));
#2523 = DIRECTION('',(-0.522495974368,-0.852641751716,0.));
#2524 = ADVANCED_FACE('',(#2525),#2543,.T.);
#2525 = FACE_BOUND('',#2526,.T.);
#2526 = EDGE_LOOP('',(#2527,#2528,#2529,#2537));
#2527 = ORIENTED_EDGE('',*,*,#2506,.F.);
#2528 = ORIENTED_EDGE('',*,*,#431,.F.);
#2529 = ORIENTED_EDGE('',*,*,#2530,.T.);
#2530 = EDGE_CURVE('',#424,#2531,#2533,.T.);
#2531 = VERTEX_POINT('',#2532);
#2532 = CARTESIAN_POINT('',(9.788572788239E-02,35.84595489502,
    6.699999809265));
#2533 = LINE('',#2534,#2535);
#2534 = CARTESIAN_POINT('',(9.788572788239E-02,35.84595489502,0.));
#2535 = VECTOR('',#2536,1.);
#2536 = DIRECTION('',(0.,0.,1.));
#2537 = ORIENTED_EDGE('',*,*,#2538,.F.);
#2538 = EDGE_CURVE('',#2507,#2531,#2539,.T.);
#2539 = LINE('',#2540,#2541);
#2540 = CARTESIAN_POINT('',(0.217989087105,36.135902404785,
    6.699999809265));
#2541 = VECTOR('',#2542,1.);
#2542 = DIRECTION('',(-0.382692049256,-0.923875963231,0.));
#2543 = PLANE('',#2544);
#2544 = AXIS2_PLACEMENT_3D('',#2545,#2546,#2547);
#2545 = CARTESIAN_POINT('',(0.157937407494,35.990928649902,
    3.349999904633));
#2546 = DIRECTION('',(-0.923875963231,0.382692049256,0.));
#2547 = DIRECTION('',(-0.382692049256,-0.923875963231,0.));
#2548 = ADVANCED_FACE('',(#2549),#2567,.T.);
#2549 = FACE_BOUND('',#2550,.T.);
#2550 = EDGE_LOOP('',(#2551,#2552,#2553,#2561));
#2551 = ORIENTED_EDGE('',*,*,#2530,.F.);
#2552 = ORIENTED_EDGE('',*,*,#423,.F.);
#2553 = ORIENTED_EDGE('',*,*,#2554,.T.);
#2554 = EDGE_CURVE('',#416,#2555,#2557,.T.);
#2555 = VERTEX_POINT('',#2556);
#2556 = CARTESIAN_POINT('',(2.462416887283E-02,35.540790557861,
    6.699999809265));
#2557 = LINE('',#2558,#2559);
#2558 = CARTESIAN_POINT('',(2.462416887283E-02,35.540790557861,0.));
#2559 = VECTOR('',#2560,1.);
#2560 = DIRECTION('',(0.,0.,1.));
#2561 = ORIENTED_EDGE('',*,*,#2562,.F.);
#2562 = EDGE_CURVE('',#2531,#2555,#2563,.T.);
#2563 = LINE('',#2564,#2565);
#2564 = CARTESIAN_POINT('',(9.788572788239E-02,35.84595489502,
    6.699999809265));
#2565 = VECTOR('',#2566,1.);
#2566 = DIRECTION('',(-0.233439590328,-0.972371306481,0.));
#2567 = PLANE('',#2568);
#2568 = AXIS2_PLACEMENT_3D('',#2569,#2570,#2571);
#2569 = CARTESIAN_POINT('',(6.125494837761E-02,35.69337272644,
    3.349999904633));
#2570 = DIRECTION('',(-0.972371306481,0.233439590328,0.));
#2571 = DIRECTION('',(-0.233439590328,-0.972371306481,0.));
#2572 = ADVANCED_FACE('',(#2573),#2591,.T.);
#2573 = FACE_BOUND('',#2574,.T.);
#2574 = EDGE_LOOP('',(#2575,#2576,#2577,#2585));
#2575 = ORIENTED_EDGE('',*,*,#2554,.F.);
#2576 = ORIENTED_EDGE('',*,*,#415,.F.);
#2577 = ORIENTED_EDGE('',*,*,#2578,.F.);
#2578 = EDGE_CURVE('',#2579,#408,#2581,.T.);
#2579 = VERTEX_POINT('',#2580);
#2580 = CARTESIAN_POINT('',(0.,35.227924346924,6.699999809265));
#2581 = LINE('',#2582,#2583);
#2582 = CARTESIAN_POINT('',(0.,35.227924346924,6.699999809265));
#2583 = VECTOR('',#2584,1.);
#2584 = DIRECTION('',(0.,0.,-1.));
#2585 = ORIENTED_EDGE('',*,*,#2586,.F.);
#2586 = EDGE_CURVE('',#2555,#2579,#2587,.T.);
#2587 = LINE('',#2588,#2589);
#2588 = CARTESIAN_POINT('',(2.462416887283E-02,35.540790557861,
    6.699999809265));
#2589 = VECTOR('',#2590,1.);
#2590 = DIRECTION('',(-7.846246539092E-02,-0.996917068529,0.));
#2591 = PLANE('',#2592);
#2592 = AXIS2_PLACEMENT_3D('',#2593,#2594,#2595);
#2593 = CARTESIAN_POINT('',(1.231208443642E-02,35.384357452393,
    3.349999904633));
#2594 = DIRECTION('',(-0.996917068529,7.846246539092E-02,0.));
#2595 = DIRECTION('',(-7.846246539092E-02,-0.996917068529,0.));
#2596 = ADVANCED_FACE('',(#2597),#2615,.T.);
#2597 = FACE_BOUND('',#2598,.T.);
#2598 = EDGE_LOOP('',(#2599,#2607,#2613,#2614));
#2599 = ORIENTED_EDGE('',*,*,#2600,.T.);
#2600 = EDGE_CURVE('',#400,#2601,#2603,.T.);
#2601 = VERTEX_POINT('',#2602);
#2602 = CARTESIAN_POINT('',(0.,27.772077560425,6.699999809265));
#2603 = LINE('',#2604,#2605);
#2604 = CARTESIAN_POINT('',(0.,27.772077560425,0.));
#2605 = VECTOR('',#2606,1.);
#2606 = DIRECTION('',(0.,0.,1.));
#2607 = ORIENTED_EDGE('',*,*,#2608,.F.);
#2608 = EDGE_CURVE('',#2579,#2601,#2609,.T.);
#2609 = LINE('',#2610,#2611);
#2610 = CARTESIAN_POINT('',(0.,35.227924346924,6.699999809265));
#2611 = VECTOR('',#2612,1.);
#2612 = DIRECTION('',(0.,-1.,0.));
#2613 = ORIENTED_EDGE('',*,*,#2578,.T.);
#2614 = ORIENTED_EDGE('',*,*,#407,.F.);
#2615 = PLANE('',#2616);
#2616 = AXIS2_PLACEMENT_3D('',#2617,#2618,#2619);
#2617 = CARTESIAN_POINT('',(0.,31.500000953674,3.349999904633));
#2618 = DIRECTION('',(-1.,-0.,-0.));
#2619 = DIRECTION('',(0.,0.,-1.));
#2620 = ADVANCED_FACE('',(#2621),#2639,.T.);
#2621 = FACE_BOUND('',#2622,.T.);
#2622 = EDGE_LOOP('',(#2623,#2624,#2625,#2633));
#2623 = ORIENTED_EDGE('',*,*,#2600,.F.);
#2624 = ORIENTED_EDGE('',*,*,#399,.F.);
#2625 = ORIENTED_EDGE('',*,*,#2626,.T.);
#2626 = EDGE_CURVE('',#392,#2627,#2629,.T.);
#2627 = VERTEX_POINT('',#2628);
#2628 = CARTESIAN_POINT('',(2.462416887283E-02,27.459209442139,
    6.699999809265));
#2629 = LINE('',#2630,#2631);
#2630 = CARTESIAN_POINT('',(2.462416887283E-02,27.459209442139,0.));
#2631 = VECTOR('',#2632,1.);
#2632 = DIRECTION('',(0.,0.,1.));
#2633 = ORIENTED_EDGE('',*,*,#2634,.F.);
#2634 = EDGE_CURVE('',#2601,#2627,#2635,.T.);
#2635 = LINE('',#2636,#2637);
#2636 = CARTESIAN_POINT('',(0.,27.772077560425,6.699999809265));
#2637 = VECTOR('',#2638,1.);
#2638 = DIRECTION('',(7.846199000227E-02,-0.996917105945,0.));
#2639 = PLANE('',#2640);
#2640 = AXIS2_PLACEMENT_3D('',#2641,#2642,#2643);
#2641 = CARTESIAN_POINT('',(1.231208443642E-02,27.615643501282,
    3.349999904633));
#2642 = DIRECTION('',(-0.996917105945,-7.846199000227E-02,-0.));
#2643 = DIRECTION('',(7.846199000227E-02,-0.996917105945,0.));
#2644 = ADVANCED_FACE('',(#2645),#2663,.T.);
#2645 = FACE_BOUND('',#2646,.T.);
#2646 = EDGE_LOOP('',(#2647,#2648,#2649,#2657));
#2647 = ORIENTED_EDGE('',*,*,#2626,.F.);
#2648 = ORIENTED_EDGE('',*,*,#391,.F.);
#2649 = ORIENTED_EDGE('',*,*,#2650,.T.);
#2650 = EDGE_CURVE('',#384,#2651,#2653,.T.);
#2651 = VERTEX_POINT('',#2652);
#2652 = CARTESIAN_POINT('',(9.788572788239E-02,27.154043197632,
    6.699999809265));
#2653 = LINE('',#2654,#2655);
#2654 = CARTESIAN_POINT('',(9.788572788239E-02,27.154043197632,0.));
#2655 = VECTOR('',#2656,1.);
#2656 = DIRECTION('',(0.,0.,1.));
#2657 = ORIENTED_EDGE('',*,*,#2658,.F.);
#2658 = EDGE_CURVE('',#2627,#2651,#2659,.T.);
#2659 = LINE('',#2660,#2661);
#2660 = CARTESIAN_POINT('',(2.462416887283E-02,27.459209442139,
    6.699999809265));
#2661 = VECTOR('',#2662,1.);
#2662 = DIRECTION('',(0.233438210793,-0.972371637668,0.));
#2663 = PLANE('',#2664);
#2664 = AXIS2_PLACEMENT_3D('',#2665,#2666,#2667);
#2665 = CARTESIAN_POINT('',(6.125494837761E-02,27.306626319885,
    3.349999904633));
#2666 = DIRECTION('',(-0.972371637668,-0.233438210793,-0.));
#2667 = DIRECTION('',(0.233438210793,-0.972371637668,0.));
#2668 = ADVANCED_FACE('',(#2669),#2687,.T.);
#2669 = FACE_BOUND('',#2670,.T.);
#2670 = EDGE_LOOP('',(#2671,#2672,#2673,#2681));
#2671 = ORIENTED_EDGE('',*,*,#2650,.F.);
#2672 = ORIENTED_EDGE('',*,*,#383,.F.);
#2673 = ORIENTED_EDGE('',*,*,#2674,.T.);
#2674 = EDGE_CURVE('',#376,#2675,#2677,.T.);
#2675 = VERTEX_POINT('',#2676);
#2676 = CARTESIAN_POINT('',(0.217989087105,26.864095687866,
    6.699999809265));
#2677 = LINE('',#2678,#2679);
#2678 = CARTESIAN_POINT('',(0.217989087105,26.864095687866,0.));
#2679 = VECTOR('',#2680,1.);
#2680 = DIRECTION('',(0.,0.,1.));
#2681 = ORIENTED_EDGE('',*,*,#2682,.F.);
#2682 = EDGE_CURVE('',#2651,#2675,#2683,.T.);
#2683 = LINE('',#2684,#2685);
#2684 = CARTESIAN_POINT('',(9.788572788239E-02,27.154043197632,
    6.699999809265));
#2685 = VECTOR('',#2686,1.);
#2686 = DIRECTION('',(0.382692049256,-0.923875963231,0.));
#2687 = PLANE('',#2688);
#2688 = AXIS2_PLACEMENT_3D('',#2689,#2690,#2691);
#2689 = CARTESIAN_POINT('',(0.157937407494,27.009069442749,
    3.349999904633));
#2690 = DIRECTION('',(-0.923875963231,-0.382692049256,-0.));
#2691 = DIRECTION('',(0.382692049256,-0.923875963231,0.));
#2692 = ADVANCED_FACE('',(#2693),#2711,.T.);
#2693 = FACE_BOUND('',#2694,.T.);
#2694 = EDGE_LOOP('',(#2695,#2696,#2697,#2705));
#2695 = ORIENTED_EDGE('',*,*,#2674,.F.);
#2696 = ORIENTED_EDGE('',*,*,#375,.F.);
#2697 = ORIENTED_EDGE('',*,*,#2698,.T.);
#2698 = EDGE_CURVE('',#368,#2699,#2701,.T.);
#2699 = VERTEX_POINT('',#2700);
#2700 = CARTESIAN_POINT('',(0.381967067719,26.596506118774,
    6.699999809265));
#2701 = LINE('',#2702,#2703);
#2702 = CARTESIAN_POINT('',(0.381967067719,26.596506118774,0.));
#2703 = VECTOR('',#2704,1.);
#2704 = DIRECTION('',(0.,0.,1.));
#2705 = ORIENTED_EDGE('',*,*,#2706,.F.);
#2706 = EDGE_CURVE('',#2675,#2699,#2707,.T.);
#2707 = LINE('',#2708,#2709);
#2708 = CARTESIAN_POINT('',(0.217989087105,26.864095687866,
    6.699999809265));
#2709 = VECTOR('',#2710,1.);
#2710 = DIRECTION('',(0.522495974368,-0.852641751716,0.));
#2711 = PLANE('',#2712);
#2712 = AXIS2_PLACEMENT_3D('',#2713,#2714,#2715);
#2713 = CARTESIAN_POINT('',(0.299978077412,26.73030090332,3.349999904633
    ));
#2714 = DIRECTION('',(-0.852641751716,-0.522495974368,-0.));
#2715 = DIRECTION('',(0.522495974368,-0.852641751716,0.));
#2716 = ADVANCED_FACE('',(#2717),#2735,.T.);
#2717 = FACE_BOUND('',#2718,.T.);
#2718 = EDGE_LOOP('',(#2719,#2720,#2721,#2729));
#2719 = ORIENTED_EDGE('',*,*,#2698,.F.);
#2720 = ORIENTED_EDGE('',*,*,#367,.F.);
#2721 = ORIENTED_EDGE('',*,*,#2722,.F.);
#2722 = EDGE_CURVE('',#2723,#360,#2725,.T.);
#2723 = VERTEX_POINT('',#2724);
#2724 = CARTESIAN_POINT('',(0.585786998272,26.357864379883,
    6.699999809265));
#2725 = LINE('',#2726,#2727);
#2726 = CARTESIAN_POINT('',(0.585786998272,26.357864379883,
    6.699999809265));
#2727 = VECTOR('',#2728,1.);
#2728 = DIRECTION('',(0.,0.,-1.));
#2729 = ORIENTED_EDGE('',*,*,#2730,.F.);
#2730 = EDGE_CURVE('',#2699,#2723,#2731,.T.);
#2731 = LINE('',#2732,#2733);
#2732 = CARTESIAN_POINT('',(0.381967067719,26.596506118774,
    6.699999809265));
#2733 = VECTOR('',#2734,1.);
#2734 = DIRECTION('',(0.6494492102,-0.760404973268,0.));
#2735 = PLANE('',#2736);
#2736 = AXIS2_PLACEMENT_3D('',#2737,#2738,#2739);
#2737 = CARTESIAN_POINT('',(0.483877032995,26.477185249329,
    3.349999904633));
#2738 = DIRECTION('',(-0.760404973268,-0.6494492102,-0.));
#2739 = DIRECTION('',(0.6494492102,-0.760404973268,0.));
#2740 = ADVANCED_FACE('',(#2741),#2759,.T.);
#2741 = FACE_BOUND('',#2742,.T.);
#2742 = EDGE_LOOP('',(#2743,#2751,#2757,#2758));
#2743 = ORIENTED_EDGE('',*,*,#2744,.T.);
#2744 = EDGE_CURVE('',#352,#2745,#2747,.T.);
#2745 = VERTEX_POINT('',#2746);
#2746 = CARTESIAN_POINT('',(4.279438495636,22.664213180542,
    6.699999809265));
#2747 = LINE('',#2748,#2749);
#2748 = CARTESIAN_POINT('',(4.279438495636,22.664213180542,
    -3.469446951954E-15));
#2749 = VECTOR('',#2750,1.);
#2750 = DIRECTION('',(0.,0.,1.));
#2751 = ORIENTED_EDGE('',*,*,#2752,.F.);
#2752 = EDGE_CURVE('',#2723,#2745,#2753,.T.);
#2753 = LINE('',#2754,#2755);
#2754 = CARTESIAN_POINT('',(0.585786998272,26.357864379883,
    6.699999809265));
#2755 = VECTOR('',#2756,1.);
#2756 = DIRECTION('',(0.707106809713,-0.70710675266,0.));
#2757 = ORIENTED_EDGE('',*,*,#2722,.T.);
#2758 = ORIENTED_EDGE('',*,*,#359,.F.);
#2759 = PLANE('',#2760);
#2760 = AXIS2_PLACEMENT_3D('',#2761,#2762,#2763);
#2761 = CARTESIAN_POINT('',(2.432612746954,24.511038780212,
    3.349999904633));
#2762 = DIRECTION('',(-0.70710675266,-0.707106809713,-0.));
#2763 = DIRECTION('',(-0.707106809713,0.70710675266,0.));
#2764 = ADVANCED_FACE('',(#2765),#2783,.T.);
#2765 = FACE_BOUND('',#2766,.T.);
#2766 = EDGE_LOOP('',(#2767,#2775,#2776,#2777));
#2767 = ORIENTED_EDGE('',*,*,#2768,.F.);
#2768 = EDGE_CURVE('',#2745,#2769,#2771,.T.);
#2769 = VERTEX_POINT('',#2770);
#2770 = CARTESIAN_POINT('',(4.503527641296,22.39715385437,6.699999809265
    ));
#2771 = LINE('',#2772,#2773);
#2772 = CARTESIAN_POINT('',(4.279438495636,22.664213180542,
    6.699999809265));
#2773 = VECTOR('',#2774,1.);
#2774 = DIRECTION('',(0.642787211706,-0.766044777064,0.));
#2775 = ORIENTED_EDGE('',*,*,#2744,.F.);
#2776 = ORIENTED_EDGE('',*,*,#351,.F.);
#2777 = ORIENTED_EDGE('',*,*,#2778,.T.);
#2778 = EDGE_CURVE('',#344,#2769,#2779,.T.);
#2779 = LINE('',#2780,#2781);
#2780 = CARTESIAN_POINT('',(4.503527641296,22.39715385437,0.));
#2781 = VECTOR('',#2782,1.);
#2782 = DIRECTION('',(0.,0.,1.));
#2783 = PLANE('',#2784);
#2784 = AXIS2_PLACEMENT_3D('',#2785,#2786,#2787);
#2785 = CARTESIAN_POINT('',(4.391483068466,22.530683517456,
    3.349999904633));
#2786 = DIRECTION('',(-0.766044777064,-0.642787211706,-0.));
#2787 = DIRECTION('',(0.642787211706,-0.766044777064,0.));
#2788 = ADVANCED_FACE('',(#2789),#2807,.T.);
#2789 = FACE_BOUND('',#2790,.T.);
#2790 = EDGE_LOOP('',(#2791,#2799,#2800,#2801));
#2791 = ORIENTED_EDGE('',*,*,#2792,.F.);
#2792 = EDGE_CURVE('',#2769,#2793,#2795,.T.);
#2793 = VERTEX_POINT('',#2794);
#2794 = CARTESIAN_POINT('',(4.677839756012,22.095237731934,
    6.699999809265));
#2795 = LINE('',#2796,#2797);
#2796 = CARTESIAN_POINT('',(4.503527641296,22.39715385437,6.699999809265
    ));
#2797 = VECTOR('',#2798,1.);
#2798 = DIRECTION('',(0.500001635334,-0.866024459622,0.));
#2799 = ORIENTED_EDGE('',*,*,#2778,.F.);
#2800 = ORIENTED_EDGE('',*,*,#343,.F.);
#2801 = ORIENTED_EDGE('',*,*,#2802,.T.);
#2802 = EDGE_CURVE('',#336,#2793,#2803,.T.);
#2803 = LINE('',#2804,#2805);
#2804 = CARTESIAN_POINT('',(4.677839756012,22.095237731934,0.));
#2805 = VECTOR('',#2806,1.);
#2806 = DIRECTION('',(0.,0.,1.));
#2807 = PLANE('',#2808);
#2808 = AXIS2_PLACEMENT_3D('',#2809,#2810,#2811);
#2809 = CARTESIAN_POINT('',(4.590683698654,22.246195793152,
    3.349999904633));
#2810 = DIRECTION('',(-0.866024459622,-0.500001635334,-0.));
#2811 = DIRECTION('',(0.500001635334,-0.866024459622,0.));
#2812 = ADVANCED_FACE('',(#2813),#2831,.T.);
#2813 = FACE_BOUND('',#2814,.T.);
#2814 = EDGE_LOOP('',(#2815,#2823,#2824,#2825));
#2815 = ORIENTED_EDGE('',*,*,#2816,.F.);
#2816 = EDGE_CURVE('',#2793,#2817,#2819,.T.);
#2817 = VERTEX_POINT('',#2818);
#2818 = CARTESIAN_POINT('',(4.797074794769,21.767637252808,
    6.699999809265));
#2819 = LINE('',#2820,#2821);
#2820 = CARTESIAN_POINT('',(4.677839756012,22.095237731934,
    6.699999809265));
#2821 = VECTOR('',#2822,1.);
#2822 = DIRECTION('',(0.342015623721,-0.939694265775,0.));
#2823 = ORIENTED_EDGE('',*,*,#2802,.F.);
#2824 = ORIENTED_EDGE('',*,*,#335,.F.);
#2825 = ORIENTED_EDGE('',*,*,#2826,.T.);
#2826 = EDGE_CURVE('',#328,#2817,#2827,.T.);
#2827 = LINE('',#2828,#2829);
#2828 = CARTESIAN_POINT('',(4.797074794769,21.767637252808,0.));
#2829 = VECTOR('',#2830,1.);
#2830 = DIRECTION('',(0.,0.,1.));
#2831 = PLANE('',#2832);
#2832 = AXIS2_PLACEMENT_3D('',#2833,#2834,#2835);
#2833 = CARTESIAN_POINT('',(4.737457275391,21.931437492371,
    3.349999904633));
#2834 = DIRECTION('',(-0.939694265775,-0.342015623721,-0.));
#2835 = DIRECTION('',(0.342015623721,-0.939694265775,0.));
#2836 = ADVANCED_FACE('',(#2837),#2855,.T.);
#2837 = FACE_BOUND('',#2838,.T.);
#2838 = EDGE_LOOP('',(#2839,#2847,#2848,#2849));
#2839 = ORIENTED_EDGE('',*,*,#2840,.F.);
#2840 = EDGE_CURVE('',#2817,#2841,#2843,.T.);
#2841 = VERTEX_POINT('',#2842);
#2842 = CARTESIAN_POINT('',(4.857612609863,21.424310684204,
    6.699999809265));
#2843 = LINE('',#2844,#2845);
#2844 = CARTESIAN_POINT('',(4.797074794769,21.767637252808,
    6.699999809265));
#2845 = VECTOR('',#2846,1.);
#2846 = DIRECTION('',(0.173648394255,-0.984807714822,0.));
#2847 = ORIENTED_EDGE('',*,*,#2826,.F.);
#2848 = ORIENTED_EDGE('',*,*,#327,.F.);
#2849 = ORIENTED_EDGE('',*,*,#2850,.T.);
#2850 = EDGE_CURVE('',#320,#2841,#2851,.T.);
#2851 = LINE('',#2852,#2853);
#2852 = CARTESIAN_POINT('',(4.857612609863,21.424310684204,0.));
#2853 = VECTOR('',#2854,1.);
#2854 = DIRECTION('',(0.,0.,1.));
#2855 = PLANE('',#2856);
#2856 = AXIS2_PLACEMENT_3D('',#2857,#2858,#2859);
#2857 = CARTESIAN_POINT('',(4.827343702316,21.595973968506,
    3.349999904633));
#2858 = DIRECTION('',(-0.984807714822,-0.173648394255,-0.));
#2859 = DIRECTION('',(0.173648394255,-0.984807714822,0.));
#2860 = ADVANCED_FACE('',(#2861),#2879,.T.);
#2861 = FACE_BOUND('',#2862,.T.);
#2862 = EDGE_LOOP('',(#2863,#2871,#2872,#2873));
#2863 = ORIENTED_EDGE('',*,*,#2864,.F.);
#2864 = EDGE_CURVE('',#2841,#2865,#2867,.T.);
#2865 = VERTEX_POINT('',#2866);
#2866 = CARTESIAN_POINT('',(4.865223407745,21.25,6.699999809265));
#2867 = LINE('',#2868,#2869);
#2868 = CARTESIAN_POINT('',(4.857612609863,21.424310684204,
    6.699999809265));
#2869 = VECTOR('',#2870,1.);
#2870 = DIRECTION('',(4.362069765385E-02,-0.999048164373,0.));
#2871 = ORIENTED_EDGE('',*,*,#2850,.F.);
#2872 = ORIENTED_EDGE('',*,*,#319,.F.);
#2873 = ORIENTED_EDGE('',*,*,#2874,.T.);
#2874 = EDGE_CURVE('',#312,#2865,#2875,.T.);
#2875 = LINE('',#2876,#2877);
#2876 = CARTESIAN_POINT('',(4.865223407745,21.25,0.));
#2877 = VECTOR('',#2878,1.);
#2878 = DIRECTION('',(0.,0.,1.));
#2879 = PLANE('',#2880);
#2880 = AXIS2_PLACEMENT_3D('',#2881,#2882,#2883);
#2881 = CARTESIAN_POINT('',(4.861418008804,21.337155342102,
    3.349999904633));
#2882 = DIRECTION('',(-0.999048164373,-4.362069765385E-02,-0.));
#2883 = DIRECTION('',(4.362069765385E-02,-0.999048164373,0.));
#2884 = ADVANCED_FACE('',(#2885),#2903,.T.);
#2885 = FACE_BOUND('',#2886,.T.);
#2886 = EDGE_LOOP('',(#2887,#2895,#2896,#2897));
#2887 = ORIENTED_EDGE('',*,*,#2888,.F.);
#2888 = EDGE_CURVE('',#2865,#2889,#2891,.T.);
#2889 = VERTEX_POINT('',#2890);
#2890 = CARTESIAN_POINT('',(4.857612609863,21.075687408447,
    6.699999809265));
#2891 = LINE('',#2892,#2893);
#2892 = CARTESIAN_POINT('',(4.865223407745,21.25,6.699999809265));
#2893 = VECTOR('',#2894,1.);
#2894 = DIRECTION('',(-4.362022125929E-02,-0.999048185173,0.));
#2895 = ORIENTED_EDGE('',*,*,#2874,.F.);
#2896 = ORIENTED_EDGE('',*,*,#311,.F.);
#2897 = ORIENTED_EDGE('',*,*,#2898,.T.);
#2898 = EDGE_CURVE('',#304,#2889,#2899,.T.);
#2899 = LINE('',#2900,#2901);
#2900 = CARTESIAN_POINT('',(4.857612609863,21.075687408447,0.));
#2901 = VECTOR('',#2902,1.);
#2902 = DIRECTION('',(0.,0.,1.));
#2903 = PLANE('',#2904);
#2904 = AXIS2_PLACEMENT_3D('',#2905,#2906,#2907);
#2905 = CARTESIAN_POINT('',(4.861418008804,21.162843704224,
    3.349999904633));
#2906 = DIRECTION('',(-0.999048185173,4.362022125929E-02,0.));
#2907 = DIRECTION('',(-4.362022125929E-02,-0.999048185173,0.));
#2908 = ADVANCED_FACE('',(#2909),#2927,.T.);
#2909 = FACE_BOUND('',#2910,.T.);
#2910 = EDGE_LOOP('',(#2911,#2919,#2920,#2921));
#2911 = ORIENTED_EDGE('',*,*,#2912,.F.);
#2912 = EDGE_CURVE('',#2889,#2913,#2915,.T.);
#2913 = VERTEX_POINT('',#2914);
#2914 = CARTESIAN_POINT('',(4.797074794769,20.732362747192,
    6.699999809265));
#2915 = LINE('',#2916,#2917);
#2916 = CARTESIAN_POINT('',(4.857612609863,21.075687408447,
    6.699999809265));
#2917 = VECTOR('',#2918,1.);
#2918 = DIRECTION('',(-0.173649329873,-0.984807549846,0.));
#2919 = ORIENTED_EDGE('',*,*,#2898,.F.);
#2920 = ORIENTED_EDGE('',*,*,#303,.F.);
#2921 = ORIENTED_EDGE('',*,*,#2922,.T.);
#2922 = EDGE_CURVE('',#296,#2913,#2923,.T.);
#2923 = LINE('',#2924,#2925);
#2924 = CARTESIAN_POINT('',(4.797074794769,20.732362747192,0.));
#2925 = VECTOR('',#2926,1.);
#2926 = DIRECTION('',(0.,0.,1.));
#2927 = PLANE('',#2928);
#2928 = AXIS2_PLACEMENT_3D('',#2929,#2930,#2931);
#2929 = CARTESIAN_POINT('',(4.827343702316,20.90402507782,3.349999904633
    ));
#2930 = DIRECTION('',(-0.984807549846,0.173649329873,0.));
#2931 = DIRECTION('',(-0.173649329873,-0.984807549846,0.));
#2932 = ADVANCED_FACE('',(#2933),#2951,.T.);
#2933 = FACE_BOUND('',#2934,.T.);
#2934 = EDGE_LOOP('',(#2935,#2943,#2944,#2945));
#2935 = ORIENTED_EDGE('',*,*,#2936,.F.);
#2936 = EDGE_CURVE('',#2913,#2937,#2939,.T.);
#2937 = VERTEX_POINT('',#2938);
#2938 = CARTESIAN_POINT('',(4.677839756012,20.404764175415,
    6.699999809265));
#2939 = LINE('',#2940,#2941);
#2940 = CARTESIAN_POINT('',(4.797074794769,20.732362747192,
    6.699999809265));
#2941 = VECTOR('',#2942,1.);
#2942 = DIRECTION('',(-0.342017382077,-0.939693625794,0.));
#2943 = ORIENTED_EDGE('',*,*,#2922,.F.);
#2944 = ORIENTED_EDGE('',*,*,#295,.F.);
#2945 = ORIENTED_EDGE('',*,*,#2946,.T.);
#2946 = EDGE_CURVE('',#288,#2937,#2947,.T.);
#2947 = LINE('',#2948,#2949);
#2948 = CARTESIAN_POINT('',(4.677839756012,20.404764175415,0.));
#2949 = VECTOR('',#2950,1.);
#2950 = DIRECTION('',(0.,0.,1.));
#2951 = PLANE('',#2952);
#2952 = AXIS2_PLACEMENT_3D('',#2953,#2954,#2955);
#2953 = CARTESIAN_POINT('',(4.737457275391,20.568563461304,
    3.349999904633));
#2954 = DIRECTION('',(-0.939693625794,0.342017382077,0.));
#2955 = DIRECTION('',(-0.342017382077,-0.939693625794,0.));
#2956 = ADVANCED_FACE('',(#2957),#2975,.T.);
#2957 = FACE_BOUND('',#2958,.T.);
#2958 = EDGE_LOOP('',(#2959,#2967,#2968,#2969));
#2959 = ORIENTED_EDGE('',*,*,#2960,.F.);
#2960 = EDGE_CURVE('',#2937,#2961,#2963,.T.);
#2961 = VERTEX_POINT('',#2962);
#2962 = CARTESIAN_POINT('',(4.503527641296,20.102848052979,
    6.699999809265));
#2963 = LINE('',#2964,#2965);
#2964 = CARTESIAN_POINT('',(4.677839756012,20.404764175415,
    6.699999809265));
#2965 = VECTOR('',#2966,1.);
#2966 = DIRECTION('',(-0.500001635334,-0.866024459622,0.));
#2967 = ORIENTED_EDGE('',*,*,#2946,.F.);
#2968 = ORIENTED_EDGE('',*,*,#287,.F.);
#2969 = ORIENTED_EDGE('',*,*,#2970,.T.);
#2970 = EDGE_CURVE('',#280,#2961,#2971,.T.);
#2971 = LINE('',#2972,#2973);
#2972 = CARTESIAN_POINT('',(4.503527641296,20.102848052979,0.));
#2973 = VECTOR('',#2974,1.);
#2974 = DIRECTION('',(0.,0.,1.));
#2975 = PLANE('',#2976);
#2976 = AXIS2_PLACEMENT_3D('',#2977,#2978,#2979);
#2977 = CARTESIAN_POINT('',(4.590683698654,20.253806114197,
    3.349999904633));
#2978 = DIRECTION('',(-0.866024459622,0.500001635334,0.));
#2979 = DIRECTION('',(-0.500001635334,-0.866024459622,0.));
#2980 = ADVANCED_FACE('',(#2981),#2999,.T.);
#2981 = FACE_BOUND('',#2982,.T.);
#2982 = EDGE_LOOP('',(#2983,#2991,#2992,#2993));
#2983 = ORIENTED_EDGE('',*,*,#2984,.F.);
#2984 = EDGE_CURVE('',#2961,#2985,#2987,.T.);
#2985 = VERTEX_POINT('',#2986);
#2986 = CARTESIAN_POINT('',(4.279438495636,19.835786819458,
    6.699999809265));
#2987 = LINE('',#2988,#2989);
#2988 = CARTESIAN_POINT('',(4.503527641296,20.102848052979,
    6.699999809265));
#2989 = VECTOR('',#2990,1.);
#2990 = DIRECTION('',(-0.642784517711,-0.766047037584,0.));
#2991 = ORIENTED_EDGE('',*,*,#2970,.F.);
#2992 = ORIENTED_EDGE('',*,*,#279,.F.);
#2993 = ORIENTED_EDGE('',*,*,#2994,.F.);
#2994 = EDGE_CURVE('',#2985,#272,#2995,.T.);
#2995 = LINE('',#2996,#2997);
#2996 = CARTESIAN_POINT('',(4.279438495636,19.835786819458,
    6.699999809265));
#2997 = VECTOR('',#2998,1.);
#2998 = DIRECTION('',(0.,0.,-1.));
#2999 = PLANE('',#3000);
#3000 = AXIS2_PLACEMENT_3D('',#3001,#3002,#3003);
#3001 = CARTESIAN_POINT('',(4.391483068466,19.969317436218,
    3.349999904633));
#3002 = DIRECTION('',(-0.766047037584,0.642784517711,0.));
#3003 = DIRECTION('',(-0.642784517711,-0.766047037584,0.));
#3004 = ADVANCED_FACE('',(#3005),#3023,.T.);
#3005 = FACE_BOUND('',#3006,.T.);
#3006 = EDGE_LOOP('',(#3007,#3008,#3009,#3017));
#3007 = ORIENTED_EDGE('',*,*,#2994,.T.);
#3008 = ORIENTED_EDGE('',*,*,#271,.F.);
#3009 = ORIENTED_EDGE('',*,*,#3010,.T.);
#3010 = EDGE_CURVE('',#264,#3011,#3013,.T.);
#3011 = VERTEX_POINT('',#3012);
#3012 = CARTESIAN_POINT('',(0.585786998272,16.142135620117,
    6.699999809265));
#3013 = LINE('',#3014,#3015);
#3014 = CARTESIAN_POINT('',(0.585786998272,16.142135620117,0.));
#3015 = VECTOR('',#3016,1.);
#3016 = DIRECTION('',(0.,0.,1.));
#3017 = ORIENTED_EDGE('',*,*,#3018,.F.);
#3018 = EDGE_CURVE('',#2985,#3011,#3019,.T.);
#3019 = LINE('',#3020,#3021);
#3020 = CARTESIAN_POINT('',(4.279438495636,19.835786819458,
    6.699999809265));
#3021 = VECTOR('',#3022,1.);
#3022 = DIRECTION('',(-0.707106809713,-0.70710675266,0.));
#3023 = PLANE('',#3024);
#3024 = AXIS2_PLACEMENT_3D('',#3025,#3026,#3027);
#3025 = CARTESIAN_POINT('',(2.432612746954,17.988961219788,
    3.349999904633));
#3026 = DIRECTION('',(-0.70710675266,0.707106809713,0.));
#3027 = DIRECTION('',(0.707106809713,0.70710675266,0.));
#3028 = ADVANCED_FACE('',(#3029),#3047,.T.);
#3029 = FACE_BOUND('',#3030,.T.);
#3030 = EDGE_LOOP('',(#3031,#3032,#3033,#3041));
#3031 = ORIENTED_EDGE('',*,*,#3010,.F.);
#3032 = ORIENTED_EDGE('',*,*,#263,.F.);
#3033 = ORIENTED_EDGE('',*,*,#3034,.T.);
#3034 = EDGE_CURVE('',#256,#3035,#3037,.T.);
#3035 = VERTEX_POINT('',#3036);
#3036 = CARTESIAN_POINT('',(0.381967067719,15.903492927551,
    6.699999809265));
#3037 = LINE('',#3038,#3039);
#3038 = CARTESIAN_POINT('',(0.381967067719,15.903492927551,0.));
#3039 = VECTOR('',#3040,1.);
#3040 = DIRECTION('',(0.,0.,1.));
#3041 = ORIENTED_EDGE('',*,*,#3042,.F.);
#3042 = EDGE_CURVE('',#3011,#3035,#3043,.T.);
#3043 = LINE('',#3044,#3045);
#3044 = CARTESIAN_POINT('',(0.585786998272,16.142135620117,
    6.699999809265));
#3045 = VECTOR('',#3046,1.);
#3046 = DIRECTION('',(-0.64944770952,-0.760406254971,0.));
#3047 = PLANE('',#3048);
#3048 = AXIS2_PLACEMENT_3D('',#3049,#3050,#3051);
#3049 = CARTESIAN_POINT('',(0.483877032995,16.022814273834,
    3.349999904633));
#3050 = DIRECTION('',(-0.760406254971,0.64944770952,0.));
#3051 = DIRECTION('',(-0.64944770952,-0.760406254971,0.));
#3052 = ADVANCED_FACE('',(#3053),#3071,.T.);
#3053 = FACE_BOUND('',#3054,.T.);
#3054 = EDGE_LOOP('',(#3055,#3056,#3057,#3065));
#3055 = ORIENTED_EDGE('',*,*,#3034,.F.);
#3056 = ORIENTED_EDGE('',*,*,#255,.F.);
#3057 = ORIENTED_EDGE('',*,*,#3058,.T.);
#3058 = EDGE_CURVE('',#248,#3059,#3061,.T.);
#3059 = VERTEX_POINT('',#3060);
#3060 = CARTESIAN_POINT('',(0.217989087105,15.635903358459,
    6.699999809265));
#3061 = LINE('',#3062,#3063);
#3062 = CARTESIAN_POINT('',(0.217989087105,15.635903358459,0.));
#3063 = VECTOR('',#3064,1.);
#3064 = DIRECTION('',(0.,0.,1.));
#3065 = ORIENTED_EDGE('',*,*,#3066,.F.);
#3066 = EDGE_CURVE('',#3035,#3059,#3067,.T.);
#3067 = LINE('',#3068,#3069);
#3068 = CARTESIAN_POINT('',(0.381967067719,15.903492927551,
    6.699999809265));
#3069 = VECTOR('',#3070,1.);
#3070 = DIRECTION('',(-0.522495974368,-0.852641751716,0.));
#3071 = PLANE('',#3072);
#3072 = AXIS2_PLACEMENT_3D('',#3073,#3074,#3075);
#3073 = CARTESIAN_POINT('',(0.299978077412,15.769698143005,
    3.349999904633));
#3074 = DIRECTION('',(-0.852641751716,0.522495974368,0.));
#3075 = DIRECTION('',(-0.522495974368,-0.852641751716,0.));
#3076 = ADVANCED_FACE('',(#3077),#3095,.T.);
#3077 = FACE_BOUND('',#3078,.T.);
#3078 = EDGE_LOOP('',(#3079,#3080,#3081,#3089));
#3079 = ORIENTED_EDGE('',*,*,#3058,.F.);
#3080 = ORIENTED_EDGE('',*,*,#247,.F.);
#3081 = ORIENTED_EDGE('',*,*,#3082,.T.);
#3082 = EDGE_CURVE('',#240,#3083,#3085,.T.);
#3083 = VERTEX_POINT('',#3084);
#3084 = CARTESIAN_POINT('',(9.788572788239E-02,15.345955848694,
    6.699999809265));
#3085 = LINE('',#3086,#3087);
#3086 = CARTESIAN_POINT('',(9.788572788239E-02,15.345955848694,0.));
#3087 = VECTOR('',#3088,1.);
#3088 = DIRECTION('',(0.,0.,1.));
#3089 = ORIENTED_EDGE('',*,*,#3090,.F.);
#3090 = EDGE_CURVE('',#3059,#3083,#3091,.T.);
#3091 = LINE('',#3092,#3093);
#3092 = CARTESIAN_POINT('',(0.217989087105,15.635903358459,
    6.699999809265));
#3093 = VECTOR('',#3094,1.);
#3094 = DIRECTION('',(-0.382692049256,-0.923875963231,0.));
#3095 = PLANE('',#3096);
#3096 = AXIS2_PLACEMENT_3D('',#3097,#3098,#3099);
#3097 = CARTESIAN_POINT('',(0.157937407494,15.490929603577,
    3.349999904633));
#3098 = DIRECTION('',(-0.923875963231,0.382692049256,0.));
#3099 = DIRECTION('',(-0.382692049256,-0.923875963231,0.));
#3100 = ADVANCED_FACE('',(#3101),#3119,.T.);
#3101 = FACE_BOUND('',#3102,.T.);
#3102 = EDGE_LOOP('',(#3103,#3104,#3105,#3113));
#3103 = ORIENTED_EDGE('',*,*,#3082,.F.);
#3104 = ORIENTED_EDGE('',*,*,#239,.F.);
#3105 = ORIENTED_EDGE('',*,*,#3106,.T.);
#3106 = EDGE_CURVE('',#232,#3107,#3109,.T.);
#3107 = VERTEX_POINT('',#3108);
#3108 = CARTESIAN_POINT('',(2.462416887283E-02,15.040791511536,
    6.699999809265));
#3109 = LINE('',#3110,#3111);
#3110 = CARTESIAN_POINT('',(2.462416887283E-02,15.040791511536,0.));
#3111 = VECTOR('',#3112,1.);
#3112 = DIRECTION('',(0.,0.,1.));
#3113 = ORIENTED_EDGE('',*,*,#3114,.F.);
#3114 = EDGE_CURVE('',#3083,#3107,#3115,.T.);
#3115 = LINE('',#3116,#3117);
#3116 = CARTESIAN_POINT('',(9.788572788239E-02,15.345955848694,
    6.699999809265));
#3117 = VECTOR('',#3118,1.);
#3118 = DIRECTION('',(-0.233439590328,-0.972371306481,0.));
#3119 = PLANE('',#3120);
#3120 = AXIS2_PLACEMENT_3D('',#3121,#3122,#3123);
#3121 = CARTESIAN_POINT('',(6.125494837761E-02,15.193373680115,
    3.349999904633));
#3122 = DIRECTION('',(-0.972371306481,0.233439590328,0.));
#3123 = DIRECTION('',(-0.233439590328,-0.972371306481,0.));
#3124 = ADVANCED_FACE('',(#3125),#3143,.T.);
#3125 = FACE_BOUND('',#3126,.T.);
#3126 = EDGE_LOOP('',(#3127,#3128,#3129,#3137));
#3127 = ORIENTED_EDGE('',*,*,#3106,.F.);
#3128 = ORIENTED_EDGE('',*,*,#231,.F.);
#3129 = ORIENTED_EDGE('',*,*,#3130,.F.);
#3130 = EDGE_CURVE('',#3131,#224,#3133,.T.);
#3131 = VERTEX_POINT('',#3132);
#3132 = CARTESIAN_POINT('',(0.,14.727921485901,6.699999809265));
#3133 = LINE('',#3134,#3135);
#3134 = CARTESIAN_POINT('',(0.,14.727921485901,6.699999809265));
#3135 = VECTOR('',#3136,1.);
#3136 = DIRECTION('',(0.,0.,-1.));
#3137 = ORIENTED_EDGE('',*,*,#3138,.F.);
#3138 = EDGE_CURVE('',#3107,#3131,#3139,.T.);
#3139 = LINE('',#3140,#3141);
#3140 = CARTESIAN_POINT('',(2.462416887283E-02,15.040791511536,
    6.699999809265));
#3141 = VECTOR('',#3142,1.);
#3142 = DIRECTION('',(-7.846151461936E-02,-0.996917143359,0.));
#3143 = PLANE('',#3144);
#3144 = AXIS2_PLACEMENT_3D('',#3145,#3146,#3147);
#3145 = CARTESIAN_POINT('',(1.231208443642E-02,14.884356498718,
    3.349999904633));
#3146 = DIRECTION('',(-0.996917143359,7.846151461936E-02,0.));
#3147 = DIRECTION('',(-7.846151461936E-02,-0.996917143359,0.));
#3148 = ADVANCED_FACE('',(#3149),#3167,.T.);
#3149 = FACE_BOUND('',#3150,.T.);
#3150 = EDGE_LOOP('',(#3151,#3159,#3165,#3166));
#3151 = ORIENTED_EDGE('',*,*,#3152,.T.);
#3152 = EDGE_CURVE('',#216,#3153,#3155,.T.);
#3153 = VERTEX_POINT('',#3154);
#3154 = CARTESIAN_POINT('',(0.,7.272078037262,6.699999809265));
#3155 = LINE('',#3156,#3157);
#3156 = CARTESIAN_POINT('',(0.,7.272078037262,0.));
#3157 = VECTOR('',#3158,1.);
#3158 = DIRECTION('',(0.,0.,1.));
#3159 = ORIENTED_EDGE('',*,*,#3160,.F.);
#3160 = EDGE_CURVE('',#3131,#3153,#3161,.T.);
#3161 = LINE('',#3162,#3163);
#3162 = CARTESIAN_POINT('',(0.,14.727921485901,6.699999809265));
#3163 = VECTOR('',#3164,1.);
#3164 = DIRECTION('',(0.,-1.,0.));
#3165 = ORIENTED_EDGE('',*,*,#3130,.T.);
#3166 = ORIENTED_EDGE('',*,*,#223,.F.);
#3167 = PLANE('',#3168);
#3168 = AXIS2_PLACEMENT_3D('',#3169,#3170,#3171);
#3169 = CARTESIAN_POINT('',(0.,10.999999761581,3.349999904633));
#3170 = DIRECTION('',(-1.,-0.,-0.));
#3171 = DIRECTION('',(0.,0.,-1.));
#3172 = ADVANCED_FACE('',(#3173),#3191,.T.);
#3173 = FACE_BOUND('',#3174,.T.);
#3174 = EDGE_LOOP('',(#3175,#3176,#3177,#3185));
#3175 = ORIENTED_EDGE('',*,*,#3152,.F.);
#3176 = ORIENTED_EDGE('',*,*,#215,.F.);
#3177 = ORIENTED_EDGE('',*,*,#3178,.T.);
#3178 = EDGE_CURVE('',#208,#3179,#3181,.T.);
#3179 = VERTEX_POINT('',#3180);
#3180 = CARTESIAN_POINT('',(2.462416887283E-02,6.959208965302,
    6.699999809265));
#3181 = LINE('',#3182,#3183);
#3182 = CARTESIAN_POINT('',(2.462416887283E-02,6.959208965302,0.));
#3183 = VECTOR('',#3184,1.);
#3184 = DIRECTION('',(0.,0.,1.));
#3185 = ORIENTED_EDGE('',*,*,#3186,.F.);
#3186 = EDGE_CURVE('',#3153,#3179,#3187,.T.);
#3187 = LINE('',#3188,#3189);
#3188 = CARTESIAN_POINT('',(0.,7.272078037262,6.699999809265));
#3189 = VECTOR('',#3190,1.);
#3190 = DIRECTION('',(7.84617523101E-02,-0.996917124652,0.));
#3191 = PLANE('',#3192);
#3192 = AXIS2_PLACEMENT_3D('',#3193,#3194,#3195);
#3193 = CARTESIAN_POINT('',(1.231208443642E-02,7.115643501282,
    3.349999904633));
#3194 = DIRECTION('',(-0.996917124652,-7.84617523101E-02,-0.));
#3195 = DIRECTION('',(7.84617523101E-02,-0.996917124652,0.));
#3196 = ADVANCED_FACE('',(#3197),#3215,.T.);
#3197 = FACE_BOUND('',#3198,.T.);
#3198 = EDGE_LOOP('',(#3199,#3200,#3201,#3209));
#3199 = ORIENTED_EDGE('',*,*,#3178,.F.);
#3200 = ORIENTED_EDGE('',*,*,#207,.F.);
#3201 = ORIENTED_EDGE('',*,*,#3202,.T.);
#3202 = EDGE_CURVE('',#200,#3203,#3205,.T.);
#3203 = VERTEX_POINT('',#3204);
#3204 = CARTESIAN_POINT('',(9.788572788239E-02,6.654043674469,
    6.699999809265));
#3205 = LINE('',#3206,#3207);
#3206 = CARTESIAN_POINT('',(9.788572788239E-02,6.654043674469,0.));
#3207 = VECTOR('',#3208,1.);
#3208 = DIRECTION('',(0.,0.,1.));
#3209 = ORIENTED_EDGE('',*,*,#3210,.F.);
#3210 = EDGE_CURVE('',#3179,#3203,#3211,.T.);
#3211 = LINE('',#3212,#3213);
#3212 = CARTESIAN_POINT('',(2.462416887283E-02,6.959208965302,
    6.699999809265));
#3213 = VECTOR('',#3214,1.);
#3214 = DIRECTION('',(0.233438900559,-0.972371472075,0.));
#3215 = PLANE('',#3216);
#3216 = AXIS2_PLACEMENT_3D('',#3217,#3218,#3219);
#3217 = CARTESIAN_POINT('',(6.125494837761E-02,6.806626319885,
    3.349999904633));
#3218 = DIRECTION('',(-0.972371472075,-0.233438900559,-0.));
#3219 = DIRECTION('',(0.233438900559,-0.972371472075,0.));
#3220 = ADVANCED_FACE('',(#3221),#3239,.T.);
#3221 = FACE_BOUND('',#3222,.T.);
#3222 = EDGE_LOOP('',(#3223,#3224,#3225,#3233));
#3223 = ORIENTED_EDGE('',*,*,#3202,.F.);
#3224 = ORIENTED_EDGE('',*,*,#199,.F.);
#3225 = ORIENTED_EDGE('',*,*,#3226,.T.);
#3226 = EDGE_CURVE('',#192,#3227,#3229,.T.);
#3227 = VERTEX_POINT('',#3228);
#3228 = CARTESIAN_POINT('',(0.217989087105,6.364097118378,6.699999809265
    ));
#3229 = LINE('',#3230,#3231);
#3230 = CARTESIAN_POINT('',(0.217989087105,6.364097118378,0.));
#3231 = VECTOR('',#3232,1.);
#3232 = DIRECTION('',(0.,0.,1.));
#3233 = ORIENTED_EDGE('',*,*,#3234,.F.);
#3234 = EDGE_CURVE('',#3203,#3227,#3235,.T.);
#3235 = LINE('',#3236,#3237);
#3236 = CARTESIAN_POINT('',(9.788572788239E-02,6.654043674469,
    6.699999809265));
#3237 = VECTOR('',#3238,1.);
#3238 = DIRECTION('',(0.382693123638,-0.923875518195,0.));
#3239 = PLANE('',#3240);
#3240 = AXIS2_PLACEMENT_3D('',#3241,#3242,#3243);
#3241 = CARTESIAN_POINT('',(0.157937407494,6.509070396423,3.349999904633
    ));
#3242 = DIRECTION('',(-0.923875518195,-0.382693123638,-0.));
#3243 = DIRECTION('',(0.382693123638,-0.923875518195,0.));
#3244 = ADVANCED_FACE('',(#3245),#3263,.T.);
#3245 = FACE_BOUND('',#3246,.T.);
#3246 = EDGE_LOOP('',(#3247,#3248,#3249,#3257));
#3247 = ORIENTED_EDGE('',*,*,#3226,.F.);
#3248 = ORIENTED_EDGE('',*,*,#191,.F.);
#3249 = ORIENTED_EDGE('',*,*,#3250,.T.);
#3250 = EDGE_CURVE('',#184,#3251,#3253,.T.);
#3251 = VERTEX_POINT('',#3252);
#3252 = CARTESIAN_POINT('',(0.381967067719,6.096507549286,6.699999809265
    ));
#3253 = LINE('',#3254,#3255);
#3254 = CARTESIAN_POINT('',(0.381967067719,6.096507549286,0.));
#3255 = VECTOR('',#3256,1.);
#3256 = DIRECTION('',(0.,0.,1.));
#3257 = ORIENTED_EDGE('',*,*,#3258,.F.);
#3258 = EDGE_CURVE('',#3227,#3251,#3259,.T.);
#3259 = LINE('',#3260,#3261);
#3260 = CARTESIAN_POINT('',(0.217989087105,6.364097118378,6.699999809265
    ));
#3261 = VECTOR('',#3262,1.);
#3262 = DIRECTION('',(0.522495974368,-0.852641751716,0.));
#3263 = PLANE('',#3264);
#3264 = AXIS2_PLACEMENT_3D('',#3265,#3266,#3267);
#3265 = CARTESIAN_POINT('',(0.299978077412,6.230302333832,3.349999904633
    ));
#3266 = DIRECTION('',(-0.852641751716,-0.522495974368,-0.));
#3267 = DIRECTION('',(0.522495974368,-0.852641751716,0.));
#3268 = ADVANCED_FACE('',(#3269),#3287,.T.);
#3269 = FACE_BOUND('',#3270,.T.);
#3270 = EDGE_LOOP('',(#3271,#3272,#3273,#3281));
#3271 = ORIENTED_EDGE('',*,*,#3250,.F.);
#3272 = ORIENTED_EDGE('',*,*,#183,.F.);
#3273 = ORIENTED_EDGE('',*,*,#3274,.F.);
#3274 = EDGE_CURVE('',#3275,#176,#3277,.T.);
#3275 = VERTEX_POINT('',#3276);
#3276 = CARTESIAN_POINT('',(0.585786998272,5.857864379883,6.699999809265
    ));
#3277 = LINE('',#3278,#3279);
#3278 = CARTESIAN_POINT('',(0.585786998272,5.857864379883,6.699999809265
    ));
#3279 = VECTOR('',#3280,1.);
#3280 = DIRECTION('',(0.,0.,-1.));
#3281 = ORIENTED_EDGE('',*,*,#3282,.F.);
#3282 = EDGE_CURVE('',#3251,#3275,#3283,.T.);
#3283 = LINE('',#3284,#3285);
#3284 = CARTESIAN_POINT('',(0.381967067719,6.096507549286,6.699999809265
    ));
#3285 = VECTOR('',#3286,1.);
#3286 = DIRECTION('',(0.649446959182,-0.760406895819,0.));
#3287 = PLANE('',#3288);
#3288 = AXIS2_PLACEMENT_3D('',#3289,#3290,#3291);
#3289 = CARTESIAN_POINT('',(0.483877032995,5.977185964584,3.349999904633
    ));
#3290 = DIRECTION('',(-0.760406895819,-0.649446959182,-0.));
#3291 = DIRECTION('',(0.649446959182,-0.760406895819,0.));
#3292 = ADVANCED_FACE('',(#3293),#3311,.T.);
#3293 = FACE_BOUND('',#3294,.T.);
#3294 = EDGE_LOOP('',(#3295,#3303,#3309,#3310));
#3295 = ORIENTED_EDGE('',*,*,#3296,.T.);
#3296 = EDGE_CURVE('',#168,#3297,#3299,.T.);
#3297 = VERTEX_POINT('',#3298);
#3298 = CARTESIAN_POINT('',(5.857864379883,0.585786044598,6.699999809265
    ));
#3299 = LINE('',#3300,#3301);
#3300 = CARTESIAN_POINT('',(5.857864379883,0.585786044598,
    -3.469446951954E-15));
#3301 = VECTOR('',#3302,1.);
#3302 = DIRECTION('',(0.,0.,1.));
#3303 = ORIENTED_EDGE('',*,*,#3304,.F.);
#3304 = EDGE_CURVE('',#3275,#3297,#3305,.T.);
#3305 = LINE('',#3306,#3307);
#3306 = CARTESIAN_POINT('',(0.585786998272,5.857864379883,6.699999809265
    ));
#3307 = VECTOR('',#3308,1.);
#3308 = DIRECTION('',(0.707106717232,-0.707106845141,0.));
#3309 = ORIENTED_EDGE('',*,*,#3274,.T.);
#3310 = ORIENTED_EDGE('',*,*,#175,.F.);
#3311 = PLANE('',#3312);
#3312 = AXIS2_PLACEMENT_3D('',#3313,#3314,#3315);
#3313 = CARTESIAN_POINT('',(3.221825689077,3.22182521224,3.349999904633)
  );
#3314 = DIRECTION('',(-0.707106845141,-0.707106717232,-0.));
#3315 = DIRECTION('',(0.707106717232,-0.707106845141,0.));
#3316 = ADVANCED_FACE('',(#3317),#3335,.T.);
#3317 = FACE_BOUND('',#3318,.T.);
#3318 = EDGE_LOOP('',(#3319,#3320,#3321,#3329));
#3319 = ORIENTED_EDGE('',*,*,#3296,.F.);
#3320 = ORIENTED_EDGE('',*,*,#167,.F.);
#3321 = ORIENTED_EDGE('',*,*,#3322,.T.);
#3322 = EDGE_CURVE('',#160,#3323,#3325,.T.);
#3323 = VERTEX_POINT('',#3324);
#3324 = CARTESIAN_POINT('',(6.09650850296,0.381966114044,6.699999809265)
  );
#3325 = LINE('',#3326,#3327);
#3326 = CARTESIAN_POINT('',(6.09650850296,0.381966114044,0.));
#3327 = VECTOR('',#3328,1.);
#3328 = DIRECTION('',(0.,0.,1.));
#3329 = ORIENTED_EDGE('',*,*,#3330,.F.);
#3330 = EDGE_CURVE('',#3297,#3323,#3331,.T.);
#3331 = LINE('',#3332,#3333);
#3332 = CARTESIAN_POINT('',(5.857864379883,0.585786044598,6.699999809265
    ));
#3333 = VECTOR('',#3334,1.);
#3334 = DIRECTION('',(0.760408177509,-0.649445458508,0.));
#3335 = PLANE('',#3336);
#3336 = AXIS2_PLACEMENT_3D('',#3337,#3338,#3339);
#3337 = CARTESIAN_POINT('',(5.977186441422,0.483876079321,3.349999904633
    ));
#3338 = DIRECTION('',(-0.649445458508,-0.760408177509,-0.));
#3339 = DIRECTION('',(-0.760408177509,0.649445458508,0.));
#3340 = ADVANCED_FACE('',(#3341),#3359,.T.);
#3341 = FACE_BOUND('',#3342,.T.);
#3342 = EDGE_LOOP('',(#3343,#3344,#3345,#3353));
#3343 = ORIENTED_EDGE('',*,*,#3322,.F.);
#3344 = ORIENTED_EDGE('',*,*,#159,.F.);
#3345 = ORIENTED_EDGE('',*,*,#3346,.T.);
#3346 = EDGE_CURVE('',#152,#3347,#3349,.T.);
#3347 = VERTEX_POINT('',#3348);
#3348 = CARTESIAN_POINT('',(6.364097595215,0.21798722446,6.699999809265)
  );
#3349 = LINE('',#3350,#3351);
#3350 = CARTESIAN_POINT('',(6.364097595215,0.21798722446,0.));
#3351 = VECTOR('',#3352,1.);
#3352 = DIRECTION('',(0.,0.,1.));
#3353 = ORIENTED_EDGE('',*,*,#3354,.F.);
#3354 = EDGE_CURVE('',#3323,#3347,#3355,.T.);
#3355 = LINE('',#3356,#3357);
#3356 = CARTESIAN_POINT('',(6.09650850296,0.381966114044,6.699999809265)
  );
#3357 = VECTOR('',#3358,1.);
#3358 = DIRECTION('',(0.852640046598,-0.522498756876,0.));
#3359 = PLANE('',#3360);
#3360 = AXIS2_PLACEMENT_3D('',#3361,#3362,#3363);
#3361 = CARTESIAN_POINT('',(6.230303049088,0.299976669252,3.349999904633
    ));
#3362 = DIRECTION('',(-0.522498756876,-0.852640046598,-0.));
#3363 = DIRECTION('',(-0.852640046598,0.522498756876,0.));
#3364 = ADVANCED_FACE('',(#3365),#3383,.T.);
#3365 = FACE_BOUND('',#3366,.T.);
#3366 = EDGE_LOOP('',(#3367,#3368,#3369,#3377));
#3367 = ORIENTED_EDGE('',*,*,#3346,.F.);
#3368 = ORIENTED_EDGE('',*,*,#151,.F.);
#3369 = ORIENTED_EDGE('',*,*,#3370,.T.);
#3370 = EDGE_CURVE('',#144,#3371,#3373,.T.);
#3371 = VERTEX_POINT('',#3372);
#3372 = CARTESIAN_POINT('',(6.654044628143,9.788665920496E-02,
    6.699999809265));
#3373 = LINE('',#3374,#3375);
#3374 = CARTESIAN_POINT('',(6.654044628143,9.788665920496E-02,0.));
#3375 = VECTOR('',#3376,1.);
#3376 = DIRECTION('',(0.,0.,1.));
#3377 = ORIENTED_EDGE('',*,*,#3378,.F.);
#3378 = EDGE_CURVE('',#3347,#3371,#3379,.T.);
#3379 = LINE('',#3380,#3381);
#3380 = CARTESIAN_POINT('',(6.364097595215,0.21798722446,6.699999809265)
  );
#3381 = VECTOR('',#3382,1.);
#3382 = DIRECTION('',(0.923878888296,-0.382684987636,0.));
#3383 = PLANE('',#3384);
#3384 = AXIS2_PLACEMENT_3D('',#3385,#3386,#3387);
#3385 = CARTESIAN_POINT('',(6.509071111679,0.157936941832,3.349999904633
    ));
#3386 = DIRECTION('',(-0.382684987636,-0.923878888296,-0.));
#3387 = DIRECTION('',(-0.923878888296,0.382684987636,0.));
#3388 = ADVANCED_FACE('',(#3389),#3407,.T.);
#3389 = FACE_BOUND('',#3390,.T.);
#3390 = EDGE_LOOP('',(#3391,#3392,#3393,#3401));
#3391 = ORIENTED_EDGE('',*,*,#3370,.F.);
#3392 = ORIENTED_EDGE('',*,*,#143,.F.);
#3393 = ORIENTED_EDGE('',*,*,#3394,.T.);
#3394 = EDGE_CURVE('',#136,#3395,#3397,.T.);
#3395 = VERTEX_POINT('',#3396);
#3396 = CARTESIAN_POINT('',(6.959209442139,2.462323755026E-02,
    6.699999809265));
#3397 = LINE('',#3398,#3399);
#3398 = CARTESIAN_POINT('',(6.959209442139,2.462323755026E-02,0.));
#3399 = VECTOR('',#3400,1.);
#3400 = DIRECTION('',(0.,0.,1.));
#3401 = ORIENTED_EDGE('',*,*,#3402,.F.);
#3402 = EDGE_CURVE('',#3371,#3395,#3403,.T.);
#3403 = LINE('',#3404,#3405);
#3404 = CARTESIAN_POINT('',(6.654044628143,9.788665920496E-02,
    6.699999809265));
#3405 = VECTOR('',#3406,1.);
#3406 = DIRECTION('',(0.972370042058,-0.233444857102,0.));
#3407 = PLANE('',#3408);
#3408 = AXIS2_PLACEMENT_3D('',#3409,#3410,#3411);
#3409 = CARTESIAN_POINT('',(6.806627035141,6.125494837761E-02,
    3.349999904633));
#3410 = DIRECTION('',(-0.233444857102,-0.972370042058,-0.));
#3411 = DIRECTION('',(-0.972370042058,0.233444857102,0.));
#3412 = ADVANCED_FACE('',(#3413),#3431,.T.);
#3413 = FACE_BOUND('',#3414,.T.);
#3414 = EDGE_LOOP('',(#3415,#3416,#3417,#3425));
#3415 = ORIENTED_EDGE('',*,*,#3394,.F.);
#3416 = ORIENTED_EDGE('',*,*,#135,.F.);
#3417 = ORIENTED_EDGE('',*,*,#3418,.F.);
#3418 = EDGE_CURVE('',#3419,#128,#3421,.T.);
#3419 = VERTEX_POINT('',#3420);
#3420 = CARTESIAN_POINT('',(7.272077560425,0.,6.699999809265));
#3421 = LINE('',#3422,#3423);
#3422 = CARTESIAN_POINT('',(7.272077560425,0.,6.699999809265));
#3423 = VECTOR('',#3424,1.);
#3424 = DIRECTION('',(0.,0.,-1.));
#3425 = ORIENTED_EDGE('',*,*,#3426,.F.);
#3426 = EDGE_CURVE('',#3395,#3419,#3427,.T.);
#3427 = LINE('',#3428,#3429);
#3428 = CARTESIAN_POINT('',(6.959209442139,2.462323755026E-02,
    6.699999809265));
#3429 = VECTOR('',#3430,1.);
#3430 = DIRECTION('',(0.996917338062,-7.845904072152E-02,0.));
#3431 = PLANE('',#3432);
#3432 = AXIS2_PLACEMENT_3D('',#3433,#3434,#3435);
#3433 = CARTESIAN_POINT('',(7.115643501282,1.231161877513E-02,
    3.349999904633));
#3434 = DIRECTION('',(-7.845904072152E-02,-0.996917338062,-0.));
#3435 = DIRECTION('',(-0.996917338062,7.845904072152E-02,0.));
#3436 = ADVANCED_FACE('',(#3437),#3455,.T.);
#3437 = FACE_BOUND('',#3438,.T.);
#3438 = EDGE_LOOP('',(#3439,#3447,#3453,#3454));
#3439 = ORIENTED_EDGE('',*,*,#3440,.T.);
#3440 = EDGE_CURVE('',#120,#3441,#3443,.T.);
#3441 = VERTEX_POINT('',#3442);
#3442 = CARTESIAN_POINT('',(14.727922439575,0.,6.699999809265));
#3443 = LINE('',#3444,#3445);
#3444 = CARTESIAN_POINT('',(14.727922439575,0.,0.));
#3445 = VECTOR('',#3446,1.);
#3446 = DIRECTION('',(0.,0.,1.));
#3447 = ORIENTED_EDGE('',*,*,#3448,.F.);
#3448 = EDGE_CURVE('',#3419,#3441,#3449,.T.);
#3449 = LINE('',#3450,#3451);
#3450 = CARTESIAN_POINT('',(7.272077560425,0.,6.699999809265));
#3451 = VECTOR('',#3452,1.);
#3452 = DIRECTION('',(1.,0.,0.));
#3453 = ORIENTED_EDGE('',*,*,#3418,.T.);
#3454 = ORIENTED_EDGE('',*,*,#127,.F.);
#3455 = PLANE('',#3456);
#3456 = AXIS2_PLACEMENT_3D('',#3457,#3458,#3459);
#3457 = CARTESIAN_POINT('',(11.,0.,3.349999904633));
#3458 = DIRECTION('',(-0.,-1.,-0.));
#3459 = DIRECTION('',(0.,0.,-1.));
#3460 = ADVANCED_FACE('',(#3461),#3479,.T.);
#3461 = FACE_BOUND('',#3462,.T.);
#3462 = EDGE_LOOP('',(#3463,#3464,#3465,#3473));
#3463 = ORIENTED_EDGE('',*,*,#3440,.F.);
#3464 = ORIENTED_EDGE('',*,*,#119,.F.);
#3465 = ORIENTED_EDGE('',*,*,#3466,.T.);
#3466 = EDGE_CURVE('',#112,#3467,#3469,.T.);
#3467 = VERTEX_POINT('',#3468);
#3468 = CARTESIAN_POINT('',(15.040790557861,2.462323755026E-02,
    6.699999809265));
#3469 = LINE('',#3470,#3471);
#3470 = CARTESIAN_POINT('',(15.040790557861,2.462323755026E-02,0.));
#3471 = VECTOR('',#3472,1.);
#3472 = DIRECTION('',(0.,0.,1.));
#3473 = ORIENTED_EDGE('',*,*,#3474,.F.);
#3474 = EDGE_CURVE('',#3441,#3467,#3475,.T.);
#3475 = LINE('',#3476,#3477);
#3476 = CARTESIAN_POINT('',(14.727922439575,0.,6.699999809265));
#3477 = VECTOR('',#3478,1.);
#3478 = DIRECTION('',(0.996917338062,7.845904072152E-02,0.));
#3479 = PLANE('',#3480);
#3480 = AXIS2_PLACEMENT_3D('',#3481,#3482,#3483);
#3481 = CARTESIAN_POINT('',(14.884356498718,1.231161877513E-02,
    3.349999904633));
#3482 = DIRECTION('',(7.845904072152E-02,-0.996917338062,0.));
#3483 = DIRECTION('',(-0.996917338062,-7.845904072152E-02,0.));
#3484 = ADVANCED_FACE('',(#3485),#3503,.T.);
#3485 = FACE_BOUND('',#3486,.T.);
#3486 = EDGE_LOOP('',(#3487,#3488,#3489,#3497));
#3487 = ORIENTED_EDGE('',*,*,#3466,.F.);
#3488 = ORIENTED_EDGE('',*,*,#111,.F.);
#3489 = ORIENTED_EDGE('',*,*,#3490,.T.);
#3490 = EDGE_CURVE('',#104,#3491,#3493,.T.);
#3491 = VERTEX_POINT('',#3492);
#3492 = CARTESIAN_POINT('',(15.345956802368,9.788665920496E-02,
    6.699999809265));
#3493 = LINE('',#3494,#3495);
#3494 = CARTESIAN_POINT('',(15.345956802368,9.788665920496E-02,0.));
#3495 = VECTOR('',#3496,1.);
#3496 = DIRECTION('',(0.,0.,1.));
#3497 = ORIENTED_EDGE('',*,*,#3498,.F.);
#3498 = EDGE_CURVE('',#3467,#3491,#3499,.T.);
#3499 = LINE('',#3500,#3501);
#3500 = CARTESIAN_POINT('',(15.040790557861,2.462323755026E-02,
    6.699999809265));
#3501 = VECTOR('',#3502,1.);
#3502 = DIRECTION('',(0.97237029046,0.233443822431,0.));
#3503 = PLANE('',#3504);
#3504 = AXIS2_PLACEMENT_3D('',#3505,#3506,#3507);
#3505 = CARTESIAN_POINT('',(15.193373680115,6.125494837761E-02,
    3.349999904633));
#3506 = DIRECTION('',(0.233443822431,-0.97237029046,0.));
#3507 = DIRECTION('',(-0.97237029046,-0.233443822431,0.));
#3508 = ADVANCED_FACE('',(#3509),#3527,.T.);
#3509 = FACE_BOUND('',#3510,.T.);
#3510 = EDGE_LOOP('',(#3511,#3512,#3513,#3521));
#3511 = ORIENTED_EDGE('',*,*,#3490,.F.);
#3512 = ORIENTED_EDGE('',*,*,#103,.F.);
#3513 = ORIENTED_EDGE('',*,*,#3514,.T.);
#3514 = EDGE_CURVE('',#96,#3515,#3517,.T.);
#3515 = VERTEX_POINT('',#3516);
#3516 = CARTESIAN_POINT('',(15.635904312134,0.21798722446,6.699999809265
    ));
#3517 = LINE('',#3518,#3519);
#3518 = CARTESIAN_POINT('',(15.635904312134,0.21798722446,0.));
#3519 = VECTOR('',#3520,1.);
#3520 = DIRECTION('',(0.,0.,1.));
#3521 = ORIENTED_EDGE('',*,*,#3522,.F.);
#3522 = EDGE_CURVE('',#3491,#3515,#3523,.T.);
#3523 = LINE('',#3524,#3525);
#3524 = CARTESIAN_POINT('',(15.345956802368,9.788665920496E-02,
    6.699999809265));
#3525 = VECTOR('',#3526,1.);
#3526 = DIRECTION('',(0.923879110805,0.382684450452,0.));
#3527 = PLANE('',#3528);
#3528 = AXIS2_PLACEMENT_3D('',#3529,#3530,#3531);
#3529 = CARTESIAN_POINT('',(15.490930557251,0.157936941832,
    3.349999904633));
#3530 = DIRECTION('',(0.382684450452,-0.923879110805,0.));
#3531 = DIRECTION('',(-0.923879110805,-0.382684450452,0.));
#3532 = ADVANCED_FACE('',(#3533),#3551,.T.);
#3533 = FACE_BOUND('',#3534,.T.);
#3534 = EDGE_LOOP('',(#3535,#3536,#3537,#3545));
#3535 = ORIENTED_EDGE('',*,*,#3514,.F.);
#3536 = ORIENTED_EDGE('',*,*,#95,.F.);
#3537 = ORIENTED_EDGE('',*,*,#3538,.T.);
#3538 = EDGE_CURVE('',#88,#3539,#3541,.T.);
#3539 = VERTEX_POINT('',#3540);
#3540 = CARTESIAN_POINT('',(15.903492927551,0.381966114044,
    6.699999809265));
#3541 = LINE('',#3542,#3543);
#3542 = CARTESIAN_POINT('',(15.903492927551,0.381966114044,0.));
#3543 = VECTOR('',#3544,1.);
#3544 = DIRECTION('',(0.,0.,1.));
#3545 = ORIENTED_EDGE('',*,*,#3546,.F.);
#3546 = EDGE_CURVE('',#3515,#3539,#3547,.T.);
#3547 = LINE('',#3548,#3549);
#3548 = CARTESIAN_POINT('',(15.635904312134,0.21798722446,6.699999809265
    ));
#3549 = VECTOR('',#3550,1.);
#3550 = DIRECTION('',(0.852639631798,0.522499433767,0.));
#3551 = PLANE('',#3552);
#3552 = AXIS2_PLACEMENT_3D('',#3553,#3554,#3555);
#3553 = CARTESIAN_POINT('',(15.769698619843,0.299976669252,
    3.349999904633));
#3554 = DIRECTION('',(0.522499433767,-0.852639631798,0.));
#3555 = DIRECTION('',(-0.852639631798,-0.522499433767,0.));
#3556 = ADVANCED_FACE('',(#3557),#3575,.T.);
#3557 = FACE_BOUND('',#3558,.T.);
#3558 = EDGE_LOOP('',(#3559,#3560,#3561,#3569));
#3559 = ORIENTED_EDGE('',*,*,#3538,.F.);
#3560 = ORIENTED_EDGE('',*,*,#87,.F.);
#3561 = ORIENTED_EDGE('',*,*,#3562,.F.);
#3562 = EDGE_CURVE('',#3563,#80,#3565,.T.);
#3563 = VERTEX_POINT('',#3564);
#3564 = CARTESIAN_POINT('',(16.142135620117,0.585786044598,
    6.699999809265));
#3565 = LINE('',#3566,#3567);
#3566 = CARTESIAN_POINT('',(16.142135620117,0.585786044598,
    6.699999809265));
#3567 = VECTOR('',#3568,1.);
#3568 = DIRECTION('',(0.,0.,-1.));
#3569 = ORIENTED_EDGE('',*,*,#3570,.F.);
#3570 = EDGE_CURVE('',#3539,#3563,#3571,.T.);
#3571 = LINE('',#3572,#3573);
#3572 = CARTESIAN_POINT('',(15.903492927551,0.381966114044,
    6.699999809265));
#3573 = VECTOR('',#3574,1.);
#3574 = DIRECTION('',(0.760406254971,0.64944770952,0.));
#3575 = PLANE('',#3576);
#3576 = AXIS2_PLACEMENT_3D('',#3577,#3578,#3579);
#3577 = CARTESIAN_POINT('',(16.022814273834,0.483876079321,
    3.349999904633));
#3578 = DIRECTION('',(0.64944770952,-0.760406254971,0.));
#3579 = DIRECTION('',(-0.760406254971,-0.64944770952,0.));
#3580 = ADVANCED_FACE('',(#3581),#3599,.T.);
#3581 = FACE_BOUND('',#3582,.T.);
#3582 = EDGE_LOOP('',(#3583,#3591,#3597,#3598));
#3583 = ORIENTED_EDGE('',*,*,#3584,.T.);
#3584 = EDGE_CURVE('',#72,#3585,#3587,.T.);
#3585 = VERTEX_POINT('',#3586);
#3586 = CARTESIAN_POINT('',(19.835786819458,4.279437065125,
    6.699999809265));
#3587 = LINE('',#3588,#3589);
#3588 = CARTESIAN_POINT('',(19.835786819458,4.279437065125,0.));
#3589 = VECTOR('',#3590,1.);
#3590 = DIRECTION('',(0.,0.,1.));
#3591 = ORIENTED_EDGE('',*,*,#3592,.F.);
#3592 = EDGE_CURVE('',#3563,#3585,#3593,.T.);
#3593 = LINE('',#3594,#3595);
#3594 = CARTESIAN_POINT('',(16.142135620117,0.585786044598,
    6.699999809265));
#3595 = VECTOR('',#3596,1.);
#3596 = DIRECTION('',(0.707106798302,0.707106764071,0.));
#3597 = ORIENTED_EDGE('',*,*,#3562,.T.);
#3598 = ORIENTED_EDGE('',*,*,#79,.F.);
#3599 = PLANE('',#3600);
#3600 = AXIS2_PLACEMENT_3D('',#3601,#3602,#3603);
#3601 = CARTESIAN_POINT('',(17.988961219788,2.432611554861,
    3.349999904633));
#3602 = DIRECTION('',(0.707106764071,-0.707106798302,0.));
#3603 = DIRECTION('',(-0.707106798302,-0.707106764071,0.));
#3604 = ADVANCED_FACE('',(#3605),#3623,.T.);
#3605 = FACE_BOUND('',#3606,.T.);
#3606 = EDGE_LOOP('',(#3607,#3615,#3616,#3617));
#3607 = ORIENTED_EDGE('',*,*,#3608,.F.);
#3608 = EDGE_CURVE('',#3585,#3609,#3611,.T.);
#3609 = VERTEX_POINT('',#3610);
#3610 = CARTESIAN_POINT('',(20.102848052979,4.503527641296,
    6.699999809265));
#3611 = LINE('',#3612,#3613);
#3612 = CARTESIAN_POINT('',(19.835786819458,4.279437065125,
    6.699999809265));
#3613 = VECTOR('',#3614,1.);
#3614 = DIRECTION('',(0.766045017095,0.642786925648,0.));
#3615 = ORIENTED_EDGE('',*,*,#3584,.F.);
#3616 = ORIENTED_EDGE('',*,*,#71,.F.);
#3617 = ORIENTED_EDGE('',*,*,#3618,.T.);
#3618 = EDGE_CURVE('',#64,#3609,#3619,.T.);
#3619 = LINE('',#3620,#3621);
#3620 = CARTESIAN_POINT('',(20.102848052979,4.503527641296,0.));
#3621 = VECTOR('',#3622,1.);
#3622 = DIRECTION('',(0.,0.,1.));
#3623 = PLANE('',#3624);
#3624 = AXIS2_PLACEMENT_3D('',#3625,#3626,#3627);
#3625 = CARTESIAN_POINT('',(19.969317436218,4.39148235321,3.349999904633
    ));
#3626 = DIRECTION('',(0.642786925648,-0.766045017095,0.));
#3627 = DIRECTION('',(-0.766045017095,-0.642786925648,0.));
#3628 = ADVANCED_FACE('',(#3629),#3647,.T.);
#3629 = FACE_BOUND('',#3630,.T.);
#3630 = EDGE_LOOP('',(#3631,#3639,#3640,#3641));
#3631 = ORIENTED_EDGE('',*,*,#3632,.F.);
#3632 = EDGE_CURVE('',#3609,#3633,#3635,.T.);
#3633 = VERTEX_POINT('',#3634);
#3634 = CARTESIAN_POINT('',(20.404764175415,4.677839279175,
    6.699999809265));
#3635 = LINE('',#3636,#3637);
#3636 = CARTESIAN_POINT('',(20.102848052979,4.503527641296,
    6.699999809265));
#3637 = VECTOR('',#3638,1.);
#3638 = DIRECTION('',(0.866025051886,0.500000609506,0.));
#3639 = ORIENTED_EDGE('',*,*,#3618,.F.);
#3640 = ORIENTED_EDGE('',*,*,#63,.F.);
#3641 = ORIENTED_EDGE('',*,*,#3642,.T.);
#3642 = EDGE_CURVE('',#56,#3633,#3643,.T.);
#3643 = LINE('',#3644,#3645);
#3644 = CARTESIAN_POINT('',(20.404764175415,4.677839279175,0.));
#3645 = VECTOR('',#3646,1.);
#3646 = DIRECTION('',(0.,0.,1.));
#3647 = PLANE('',#3648);
#3648 = AXIS2_PLACEMENT_3D('',#3649,#3650,#3651);
#3649 = CARTESIAN_POINT('',(20.253806114197,4.590683460236,
    3.349999904633));
#3650 = DIRECTION('',(0.500000609506,-0.866025051886,0.));
#3651 = DIRECTION('',(-0.866025051886,-0.500000609506,0.));
#3652 = ADVANCED_FACE('',(#3653),#3671,.T.);
#3653 = FACE_BOUND('',#3654,.T.);
#3654 = EDGE_LOOP('',(#3655,#3663,#3664,#3665));
#3655 = ORIENTED_EDGE('',*,*,#3656,.F.);
#3656 = EDGE_CURVE('',#3633,#3657,#3659,.T.);
#3657 = VERTEX_POINT('',#3658);
#3658 = CARTESIAN_POINT('',(20.732362747192,4.797075271606,
    6.699999809265));
#3659 = LINE('',#3660,#3661);
#3660 = CARTESIAN_POINT('',(20.404764175415,4.677839279175,
    6.699999809265));
#3661 = VECTOR('',#3662,1.);
#3662 = DIRECTION('',(0.939692746609,0.342019797629,0.));
#3663 = ORIENTED_EDGE('',*,*,#3642,.F.);
#3664 = ORIENTED_EDGE('',*,*,#55,.F.);
#3665 = ORIENTED_EDGE('',*,*,#3666,.T.);
#3666 = EDGE_CURVE('',#48,#3657,#3667,.T.);
#3667 = LINE('',#3668,#3669);
#3668 = CARTESIAN_POINT('',(20.732362747192,4.797075271606,0.));
#3669 = VECTOR('',#3670,1.);
#3670 = DIRECTION('',(0.,0.,1.));
#3671 = PLANE('',#3672);
#3672 = AXIS2_PLACEMENT_3D('',#3673,#3674,#3675);
#3673 = CARTESIAN_POINT('',(20.568563461304,4.737457275391,
    3.349999904633));
#3674 = DIRECTION('',(0.342019797629,-0.939692746609,0.));
#3675 = DIRECTION('',(-0.939692746609,-0.342019797629,0.));
#3676 = ADVANCED_FACE('',(#3677),#3695,.T.);
#3677 = FACE_BOUND('',#3678,.T.);
#3678 = EDGE_LOOP('',(#3679,#3687,#3688,#3689));
#3679 = ORIENTED_EDGE('',*,*,#3680,.F.);
#3680 = EDGE_CURVE('',#3657,#3681,#3683,.T.);
#3681 = VERTEX_POINT('',#3682);
#3682 = CARTESIAN_POINT('',(21.075689315796,4.8576130867,6.699999809265)
  );
#3683 = LINE('',#3684,#3685);
#3684 = CARTESIAN_POINT('',(20.732362747192,4.797075271606,
    6.699999809265));
#3685 = VECTOR('',#3686,1.);
#3686 = DIRECTION('',(0.984807714822,0.173648394255,0.));
#3687 = ORIENTED_EDGE('',*,*,#3666,.F.);
#3688 = ORIENTED_EDGE('',*,*,#47,.F.);
#3689 = ORIENTED_EDGE('',*,*,#3690,.T.);
#3690 = EDGE_CURVE('',#40,#3681,#3691,.T.);
#3691 = LINE('',#3692,#3693);
#3692 = CARTESIAN_POINT('',(21.075689315796,4.8576130867,0.));
#3693 = VECTOR('',#3694,1.);
#3694 = DIRECTION('',(0.,0.,1.));
#3695 = PLANE('',#3696);
#3696 = AXIS2_PLACEMENT_3D('',#3697,#3698,#3699);
#3697 = CARTESIAN_POINT('',(20.904026031494,4.827344179153,
    3.349999904633));
#3698 = DIRECTION('',(0.173648394255,-0.984807714822,0.));
#3699 = DIRECTION('',(-0.984807714822,-0.173648394255,0.));
#3700 = ADVANCED_FACE('',(#3701),#3719,.T.);
#3701 = FACE_BOUND('',#3702,.T.);
#3702 = EDGE_LOOP('',(#3703,#3711,#3712,#3713));
#3703 = ORIENTED_EDGE('',*,*,#3704,.F.);
#3704 = EDGE_CURVE('',#3681,#3705,#3707,.T.);
#3705 = VERTEX_POINT('',#3706);
#3706 = CARTESIAN_POINT('',(21.25,4.865223407745,6.699999809265));
#3707 = LINE('',#3708,#3709);
#3708 = CARTESIAN_POINT('',(21.075689315796,4.8576130867,6.699999809265)
  );
#3709 = VECTOR('',#3710,1.);
#3710 = DIRECTION('',(0.999048283469,4.361796989835E-02,0.));
#3711 = ORIENTED_EDGE('',*,*,#3690,.F.);
#3712 = ORIENTED_EDGE('',*,*,#39,.F.);
#3713 = ORIENTED_EDGE('',*,*,#3714,.T.);
#3714 = EDGE_CURVE('',#32,#3705,#3715,.T.);
#3715 = LINE('',#3716,#3717);
#3716 = CARTESIAN_POINT('',(21.25,4.865223407745,0.));
#3717 = VECTOR('',#3718,1.);
#3718 = DIRECTION('',(0.,0.,1.));
#3719 = PLANE('',#3720);
#3720 = AXIS2_PLACEMENT_3D('',#3721,#3722,#3723);
#3721 = CARTESIAN_POINT('',(21.162844657898,4.861418247223,
    3.349999904633));
#3722 = DIRECTION('',(4.361796989835E-02,-0.999048283469,0.));
#3723 = DIRECTION('',(-0.999048283469,-4.361796989835E-02,0.));
#3724 = ADVANCED_FACE('',(#3725),#3736,.T.);
#3725 = FACE_BOUND('',#3726,.T.);
#3726 = EDGE_LOOP('',(#3727,#3733,#3734,#3735));
#3727 = ORIENTED_EDGE('',*,*,#3728,.F.);
#3728 = EDGE_CURVE('',#3705,#1396,#3729,.T.);
#3729 = LINE('',#3730,#3731);
#3730 = CARTESIAN_POINT('',(21.25,4.865223407745,6.699999809265));
#3731 = VECTOR('',#3732,1.);
#3732 = DIRECTION('',(0.999048304267,-4.361749353347E-02,0.));
#3733 = ORIENTED_EDGE('',*,*,#3714,.F.);
#3734 = ORIENTED_EDGE('',*,*,#31,.F.);
#3735 = ORIENTED_EDGE('',*,*,#1410,.F.);
#3736 = PLANE('',#3737);
#3737 = AXIS2_PLACEMENT_3D('',#3738,#3739,#3740);
#3738 = CARTESIAN_POINT('',(21.337156295776,4.861418247223,
    3.349999904633));
#3739 = DIRECTION('',(-4.361749353347E-02,-0.999048304267,-0.));
#3740 = DIRECTION('',(-0.999048304267,4.361749353347E-02,0.));
#3741 = ADVANCED_FACE('',(#3742),#3767,.T.);
#3742 = FACE_BOUND('',#3743,.T.);
#3743 = EDGE_LOOP('',(#3744,#3754,#3760,#3761));
#3744 = ORIENTED_EDGE('',*,*,#3745,.F.);
#3745 = EDGE_CURVE('',#3746,#3748,#3750,.T.);
#3746 = VERTEX_POINT('',#3747);
#3747 = CARTESIAN_POINT('',(20.335000991821,11.,6.699999809265));
#3748 = VERTEX_POINT('',#3749);
#3749 = CARTESIAN_POINT('',(20.193180084229,9.378993988037,
    6.699999809265));
#3750 = LINE('',#3751,#3752);
#3751 = CARTESIAN_POINT('',(20.335000991821,11.,6.699999809265));
#3752 = VECTOR('',#3753,1.);
#3753 = DIRECTION('',(-8.715651000666E-02,-0.996194630965,0.));
#3754 = ORIENTED_EDGE('',*,*,#3755,.F.);
#3755 = EDGE_CURVE('',#810,#3746,#3756,.T.);
#3756 = LINE('',#3757,#3758);
#3757 = CARTESIAN_POINT('',(20.335000991821,11.,0.));
#3758 = VECTOR('',#3759,1.);
#3759 = DIRECTION('',(0.,0.,1.));
#3760 = ORIENTED_EDGE('',*,*,#807,.F.);
#3761 = ORIENTED_EDGE('',*,*,#3762,.T.);
#3762 = EDGE_CURVE('',#808,#3748,#3763,.T.);
#3763 = LINE('',#3764,#3765);
#3764 = CARTESIAN_POINT('',(20.193180084229,9.378993988037,0.));
#3765 = VECTOR('',#3766,1.);
#3766 = DIRECTION('',(0.,0.,1.));
#3767 = PLANE('',#3768);
#3768 = AXIS2_PLACEMENT_3D('',#3769,#3770,#3771);
#3769 = CARTESIAN_POINT('',(20.264090538025,10.189496994019,
    3.349999904633));
#3770 = DIRECTION('',(-0.996194630965,8.715651000666E-02,0.));
#3771 = DIRECTION('',(-8.715651000666E-02,-0.996194630965,0.));
#3772 = ADVANCED_FACE('',(#3773),#3791,.T.);
#3773 = FACE_BOUND('',#3774,.T.);
#3774 = EDGE_LOOP('',(#3775,#3783,#3784,#3785));
#3775 = ORIENTED_EDGE('',*,*,#3776,.F.);
#3776 = EDGE_CURVE('',#3748,#3777,#3779,.T.);
#3777 = VERTEX_POINT('',#3778);
#3778 = CARTESIAN_POINT('',(19.772031784058,7.807241916656,
    6.699999809265));
#3779 = LINE('',#3780,#3781);
#3780 = CARTESIAN_POINT('',(20.193180084229,9.378993988037,
    6.699999809265));
#3781 = VECTOR('',#3782,1.);
#3782 = DIRECTION('',(-0.258818243475,-0.965926041084,0.));
#3783 = ORIENTED_EDGE('',*,*,#3762,.F.);
#3784 = ORIENTED_EDGE('',*,*,#1089,.F.);
#3785 = ORIENTED_EDGE('',*,*,#3786,.T.);
#3786 = EDGE_CURVE('',#1082,#3777,#3787,.T.);
#3787 = LINE('',#3788,#3789);
#3788 = CARTESIAN_POINT('',(19.772031784058,7.807241916656,0.));
#3789 = VECTOR('',#3790,1.);
#3790 = DIRECTION('',(0.,0.,1.));
#3791 = PLANE('',#3792);
#3792 = AXIS2_PLACEMENT_3D('',#3793,#3794,#3795);
#3793 = CARTESIAN_POINT('',(19.982605934143,8.593117952347,
    3.349999904633));
#3794 = DIRECTION('',(-0.965926041084,0.258818243475,0.));
#3795 = DIRECTION('',(-0.258818243475,-0.965926041084,0.));
#3796 = ADVANCED_FACE('',(#3797),#3815,.T.);
#3797 = FACE_BOUND('',#3798,.T.);
#3798 = EDGE_LOOP('',(#3799,#3807,#3813,#3814));
#3799 = ORIENTED_EDGE('',*,*,#3800,.F.);
#3800 = EDGE_CURVE('',#3801,#3746,#3803,.T.);
#3801 = VERTEX_POINT('',#3802);
#3802 = CARTESIAN_POINT('',(20.193180084229,12.621006011963,
    6.699999809265));
#3803 = LINE('',#3804,#3805);
#3804 = CARTESIAN_POINT('',(20.193180084229,12.621006011963,
    6.699999809265));
#3805 = VECTOR('',#3806,1.);
#3806 = DIRECTION('',(8.715651000666E-02,-0.996194630965,0.));
#3807 = ORIENTED_EDGE('',*,*,#3808,.F.);
#3808 = EDGE_CURVE('',#818,#3801,#3809,.T.);
#3809 = LINE('',#3810,#3811);
#3810 = CARTESIAN_POINT('',(20.193180084229,12.621006011963,0.));
#3811 = VECTOR('',#3812,1.);
#3812 = DIRECTION('',(0.,0.,1.));
#3813 = ORIENTED_EDGE('',*,*,#817,.F.);
#3814 = ORIENTED_EDGE('',*,*,#3755,.T.);
#3815 = PLANE('',#3816);
#3816 = AXIS2_PLACEMENT_3D('',#3817,#3818,#3819);
#3817 = CARTESIAN_POINT('',(20.264090538025,11.810503005981,
    3.349999904633));
#3818 = DIRECTION('',(-0.996194630965,-8.715651000666E-02,-0.));
#3819 = DIRECTION('',(8.715651000666E-02,-0.996194630965,0.));
#3820 = ADVANCED_FACE('',(#3821),#3839,.T.);
#3821 = FACE_BOUND('',#3822,.T.);
#3822 = EDGE_LOOP('',(#3823,#3831,#3832,#3833));
#3823 = ORIENTED_EDGE('',*,*,#3824,.F.);
#3824 = EDGE_CURVE('',#3777,#3825,#3827,.T.);
#3825 = VERTEX_POINT('',#3826);
#3826 = CARTESIAN_POINT('',(19.08434677124,6.332499980927,6.699999809265
    ));
#3827 = LINE('',#3828,#3829);
#3828 = CARTESIAN_POINT('',(19.772031784058,7.807241916656,
    6.699999809265));
#3829 = VECTOR('',#3830,1.);
#3830 = DIRECTION('',(-0.422619046378,-0.906307421154,0.));
#3831 = ORIENTED_EDGE('',*,*,#3786,.F.);
#3832 = ORIENTED_EDGE('',*,*,#1081,.F.);
#3833 = ORIENTED_EDGE('',*,*,#3834,.T.);
#3834 = EDGE_CURVE('',#1074,#3825,#3835,.T.);
#3835 = LINE('',#3836,#3837);
#3836 = CARTESIAN_POINT('',(19.08434677124,6.332499980927,0.));
#3837 = VECTOR('',#3838,1.);
#3838 = DIRECTION('',(0.,0.,1.));
#3839 = PLANE('',#3840);
#3840 = AXIS2_PLACEMENT_3D('',#3841,#3842,#3843);
#3841 = CARTESIAN_POINT('',(19.428189277649,7.069870948792,
    3.349999904633));
#3842 = DIRECTION('',(-0.906307421154,0.422619046378,0.));
#3843 = DIRECTION('',(-0.422619046378,-0.906307421154,0.));
#3844 = ADVANCED_FACE('',(#3845),#3863,.T.);
#3845 = FACE_BOUND('',#3846,.T.);
#3846 = EDGE_LOOP('',(#3847,#3855,#3861,#3862));
#3847 = ORIENTED_EDGE('',*,*,#3848,.F.);
#3848 = EDGE_CURVE('',#3849,#3801,#3851,.T.);
#3849 = VERTEX_POINT('',#3850);
#3850 = CARTESIAN_POINT('',(19.772031784058,14.192757606506,
    6.699999809265));
#3851 = LINE('',#3852,#3853);
#3852 = CARTESIAN_POINT('',(19.772031784058,14.192757606506,
    6.699999809265));
#3853 = VECTOR('',#3854,1.);
#3854 = DIRECTION('',(0.258818316736,-0.965926021454,0.));
#3855 = ORIENTED_EDGE('',*,*,#3856,.F.);
#3856 = EDGE_CURVE('',#826,#3849,#3857,.T.);
#3857 = LINE('',#3858,#3859);
#3858 = CARTESIAN_POINT('',(19.772031784058,14.192757606506,0.));
#3859 = VECTOR('',#3860,1.);
#3860 = DIRECTION('',(0.,0.,1.));
#3861 = ORIENTED_EDGE('',*,*,#825,.F.);
#3862 = ORIENTED_EDGE('',*,*,#3808,.T.);
#3863 = PLANE('',#3864);
#3864 = AXIS2_PLACEMENT_3D('',#3865,#3866,#3867);
#3865 = CARTESIAN_POINT('',(19.982605934143,13.406881809235,
    3.349999904633));
#3866 = DIRECTION('',(-0.965926021454,-0.258818316736,-0.));
#3867 = DIRECTION('',(0.258818316736,-0.965926021454,0.));
#3868 = ADVANCED_FACE('',(#3869),#3887,.T.);
#3869 = FACE_BOUND('',#3870,.T.);
#3870 = EDGE_LOOP('',(#3871,#3879,#3880,#3881));
#3871 = ORIENTED_EDGE('',*,*,#3872,.F.);
#3872 = EDGE_CURVE('',#3825,#3873,#3875,.T.);
#3873 = VERTEX_POINT('',#3874);
#3874 = CARTESIAN_POINT('',(18.151025772095,4.999577522278,
    6.699999809265));
#3875 = LINE('',#3876,#3877);
#3876 = CARTESIAN_POINT('',(19.08434677124,6.332499980927,6.699999809265
    ));
#3877 = VECTOR('',#3878,1.);
#3878 = DIRECTION('',(-0.573575877897,-0.819152435323,0.));
#3879 = ORIENTED_EDGE('',*,*,#3834,.F.);
#3880 = ORIENTED_EDGE('',*,*,#1073,.F.);
#3881 = ORIENTED_EDGE('',*,*,#3882,.T.);
#3882 = EDGE_CURVE('',#1066,#3873,#3883,.T.);
#3883 = LINE('',#3884,#3885);
#3884 = CARTESIAN_POINT('',(18.151025772095,4.999577522278,0.));
#3885 = VECTOR('',#3886,1.);
#3886 = DIRECTION('',(0.,0.,1.));
#3887 = PLANE('',#3888);
#3888 = AXIS2_PLACEMENT_3D('',#3889,#3890,#3891);
#3889 = CARTESIAN_POINT('',(18.617686271667,5.666038751602,
    3.349999904633));
#3890 = DIRECTION('',(-0.819152435323,0.573575877897,0.));
#3891 = DIRECTION('',(-0.573575877897,-0.819152435323,0.));
#3892 = ADVANCED_FACE('',(#3893),#3911,.T.);
#3893 = FACE_BOUND('',#3894,.T.);
#3894 = EDGE_LOOP('',(#3895,#3903,#3909,#3910));
#3895 = ORIENTED_EDGE('',*,*,#3896,.F.);
#3896 = EDGE_CURVE('',#3897,#3849,#3899,.T.);
#3897 = VERTEX_POINT('',#3898);
#3898 = CARTESIAN_POINT('',(19.08434677124,15.667499542236,
    6.699999809265));
#3899 = LINE('',#3900,#3901);
#3900 = CARTESIAN_POINT('',(19.08434677124,15.667499542236,
    6.699999809265));
#3901 = VECTOR('',#3902,1.);
#3902 = DIRECTION('',(0.422619046378,-0.906307421154,0.));
#3903 = ORIENTED_EDGE('',*,*,#3904,.F.);
#3904 = EDGE_CURVE('',#834,#3897,#3905,.T.);
#3905 = LINE('',#3906,#3907);
#3906 = CARTESIAN_POINT('',(19.08434677124,15.667499542236,0.));
#3907 = VECTOR('',#3908,1.);
#3908 = DIRECTION('',(0.,0.,1.));
#3909 = ORIENTED_EDGE('',*,*,#833,.F.);
#3910 = ORIENTED_EDGE('',*,*,#3856,.T.);
#3911 = PLANE('',#3912);
#3912 = AXIS2_PLACEMENT_3D('',#3913,#3914,#3915);
#3913 = CARTESIAN_POINT('',(19.428189277649,14.930128574371,
    3.349999904633));
#3914 = DIRECTION('',(-0.906307421154,-0.422619046378,-0.));
#3915 = DIRECTION('',(0.422619046378,-0.906307421154,0.));
#3916 = ADVANCED_FACE('',(#3917),#3935,.T.);
#3917 = FACE_BOUND('',#3918,.T.);
#3918 = EDGE_LOOP('',(#3919,#3927,#3928,#3929));
#3919 = ORIENTED_EDGE('',*,*,#3920,.F.);
#3920 = EDGE_CURVE('',#3873,#3921,#3923,.T.);
#3921 = VERTEX_POINT('',#3922);
#3922 = CARTESIAN_POINT('',(17.000423431396,3.848974943161,
    6.699999809265));
#3923 = LINE('',#3924,#3925);
#3924 = CARTESIAN_POINT('',(18.151025772095,4.999577522278,
    6.699999809265));
#3925 = VECTOR('',#3926,1.);
#3926 = DIRECTION('',(-0.707106707926,-0.707106854447,0.));
#3927 = ORIENTED_EDGE('',*,*,#3882,.F.);
#3928 = ORIENTED_EDGE('',*,*,#1065,.F.);
#3929 = ORIENTED_EDGE('',*,*,#3930,.T.);
#3930 = EDGE_CURVE('',#1058,#3921,#3931,.T.);
#3931 = LINE('',#3932,#3933);
#3932 = CARTESIAN_POINT('',(17.000423431396,3.848974943161,0.));
#3933 = VECTOR('',#3934,1.);
#3934 = DIRECTION('',(0.,0.,1.));
#3935 = PLANE('',#3936);
#3936 = AXIS2_PLACEMENT_3D('',#3937,#3938,#3939);
#3937 = CARTESIAN_POINT('',(17.575724601746,4.424276232719,
    3.349999904633));
#3938 = DIRECTION('',(-0.707106854447,0.707106707926,0.));
#3939 = DIRECTION('',(-0.707106707926,-0.707106854447,0.));
#3940 = ADVANCED_FACE('',(#3941),#3959,.T.);
#3941 = FACE_BOUND('',#3942,.T.);
#3942 = EDGE_LOOP('',(#3943,#3951,#3957,#3958));
#3943 = ORIENTED_EDGE('',*,*,#3944,.F.);
#3944 = EDGE_CURVE('',#3945,#3897,#3947,.T.);
#3945 = VERTEX_POINT('',#3946);
#3946 = CARTESIAN_POINT('',(18.151025772095,17.000421524048,
    6.699999809265));
#3947 = LINE('',#3948,#3949);
#3948 = CARTESIAN_POINT('',(18.151025772095,17.000421524048,
    6.699999809265));
#3949 = VECTOR('',#3950,1.);
#3950 = DIRECTION('',(0.573576015581,-0.819152338915,0.));
#3951 = ORIENTED_EDGE('',*,*,#3952,.F.);
#3952 = EDGE_CURVE('',#842,#3945,#3953,.T.);
#3953 = LINE('',#3954,#3955);
#3954 = CARTESIAN_POINT('',(18.151025772095,17.000421524048,0.));
#3955 = VECTOR('',#3956,1.);
#3956 = DIRECTION('',(0.,0.,1.));
#3957 = ORIENTED_EDGE('',*,*,#841,.F.);
#3958 = ORIENTED_EDGE('',*,*,#3904,.T.);
#3959 = PLANE('',#3960);
#3960 = AXIS2_PLACEMENT_3D('',#3961,#3962,#3963);
#3961 = CARTESIAN_POINT('',(18.617686271667,16.333960533142,
    3.349999904633));
#3962 = DIRECTION('',(-0.819152338915,-0.573576015581,-0.));
#3963 = DIRECTION('',(0.573576015581,-0.819152338915,0.));
#3964 = ADVANCED_FACE('',(#3965),#3983,.T.);
#3965 = FACE_BOUND('',#3966,.T.);
#3966 = EDGE_LOOP('',(#3967,#3975,#3976,#3977));
#3967 = ORIENTED_EDGE('',*,*,#3968,.F.);
#3968 = EDGE_CURVE('',#3921,#3969,#3971,.T.);
#3969 = VERTEX_POINT('',#3970);
#3970 = CARTESIAN_POINT('',(15.667499542236,2.915652513504,
    6.699999809265));
#3971 = LINE('',#3972,#3973);
#3972 = CARTESIAN_POINT('',(17.000423431396,3.848974943161,
    6.699999809265));
#3973 = VECTOR('',#3974,1.);
#3974 = DIRECTION('',(-0.819152311492,-0.573576054746,0.));
#3975 = ORIENTED_EDGE('',*,*,#3930,.F.);
#3976 = ORIENTED_EDGE('',*,*,#1057,.F.);
#3977 = ORIENTED_EDGE('',*,*,#3978,.T.);
#3978 = EDGE_CURVE('',#1050,#3969,#3979,.T.);
#3979 = LINE('',#3980,#3981);
#3980 = CARTESIAN_POINT('',(15.667499542236,2.915652513504,0.));
#3981 = VECTOR('',#3982,1.);
#3982 = DIRECTION('',(0.,0.,1.));
#3983 = PLANE('',#3984);
#3984 = AXIS2_PLACEMENT_3D('',#3985,#3986,#3987);
#3985 = CARTESIAN_POINT('',(16.333961486816,3.382313728333,
    3.349999904633));
#3986 = DIRECTION('',(-0.573576054746,0.819152311492,0.));
#3987 = DIRECTION('',(0.819152311492,0.573576054746,0.));
#3988 = ADVANCED_FACE('',(#3989),#4007,.T.);
#3989 = FACE_BOUND('',#3990,.T.);
#3990 = EDGE_LOOP('',(#3991,#3999,#4005,#4006));
#3991 = ORIENTED_EDGE('',*,*,#3992,.F.);
#3992 = EDGE_CURVE('',#3993,#3945,#3995,.T.);
#3993 = VERTEX_POINT('',#3994);
#3994 = CARTESIAN_POINT('',(17.000423431396,18.151025772095,
    6.699999809265));
#3995 = LINE('',#3996,#3997);
#3996 = CARTESIAN_POINT('',(17.000423431396,18.151025772095,
    6.699999809265));
#3997 = VECTOR('',#3998,1.);
#3998 = DIRECTION('',(0.707106195103,-0.70710736727,0.));
#3999 = ORIENTED_EDGE('',*,*,#4000,.F.);
#4000 = EDGE_CURVE('',#850,#3993,#4001,.T.);
#4001 = LINE('',#4002,#4003);
#4002 = CARTESIAN_POINT('',(17.000423431396,18.151025772095,0.));
#4003 = VECTOR('',#4004,1.);
#4004 = DIRECTION('',(0.,0.,1.));
#4005 = ORIENTED_EDGE('',*,*,#849,.F.);
#4006 = ORIENTED_EDGE('',*,*,#3952,.T.);
#4007 = PLANE('',#4008);
#4008 = AXIS2_PLACEMENT_3D('',#4009,#4010,#4011);
#4009 = CARTESIAN_POINT('',(17.575724601746,17.575723648071,
    3.349999904633));
#4010 = DIRECTION('',(-0.70710736727,-0.707106195103,-0.));
#4011 = DIRECTION('',(0.707106195103,-0.70710736727,0.));
#4012 = ADVANCED_FACE('',(#4013),#4031,.T.);
#4013 = FACE_BOUND('',#4014,.T.);
#4014 = EDGE_LOOP('',(#4015,#4023,#4024,#4025));
#4015 = ORIENTED_EDGE('',*,*,#4016,.F.);
#4016 = EDGE_CURVE('',#3969,#4017,#4019,.T.);
#4017 = VERTEX_POINT('',#4018);
#4018 = CARTESIAN_POINT('',(14.192758560181,2.227969408035,
    6.699999809265));
#4019 = LINE('',#4020,#4021);
#4020 = CARTESIAN_POINT('',(15.667499542236,2.915652513504,
    6.699999809265));
#4021 = VECTOR('',#4022,1.);
#4022 = DIRECTION('',(-0.906307765442,-0.422618308051,0.));
#4023 = ORIENTED_EDGE('',*,*,#3978,.F.);
#4024 = ORIENTED_EDGE('',*,*,#1049,.F.);
#4025 = ORIENTED_EDGE('',*,*,#4026,.T.);
#4026 = EDGE_CURVE('',#1042,#4017,#4027,.T.);
#4027 = LINE('',#4028,#4029);
#4028 = CARTESIAN_POINT('',(14.192758560181,2.227969408035,0.));
#4029 = VECTOR('',#4030,1.);
#4030 = DIRECTION('',(0.,0.,1.));
#4031 = PLANE('',#4032);
#4032 = AXIS2_PLACEMENT_3D('',#4033,#4034,#4035);
#4033 = CARTESIAN_POINT('',(14.930129051208,2.57181096077,3.349999904633
    ));
#4034 = DIRECTION('',(-0.422618308051,0.906307765442,0.));
#4035 = DIRECTION('',(0.906307765442,0.422618308051,0.));
#4036 = ADVANCED_FACE('',(#4037),#4055,.T.);
#4037 = FACE_BOUND('',#4038,.T.);
#4038 = EDGE_LOOP('',(#4039,#4047,#4053,#4054));
#4039 = ORIENTED_EDGE('',*,*,#4040,.F.);
#4040 = EDGE_CURVE('',#4041,#3993,#4043,.T.);
#4041 = VERTEX_POINT('',#4042);
#4042 = CARTESIAN_POINT('',(15.667499542236,19.08434677124,
    6.699999809265));
#4043 = LINE('',#4044,#4045);
#4044 = CARTESIAN_POINT('',(15.667499542236,19.08434677124,
    6.699999809265));
#4045 = VECTOR('',#4046,1.);
#4046 = DIRECTION('',(0.819152724545,-0.573575464843,0.));
#4047 = ORIENTED_EDGE('',*,*,#4048,.F.);
#4048 = EDGE_CURVE('',#858,#4041,#4049,.T.);
#4049 = LINE('',#4050,#4051);
#4050 = CARTESIAN_POINT('',(15.667499542236,19.08434677124,0.));
#4051 = VECTOR('',#4052,1.);
#4052 = DIRECTION('',(0.,0.,1.));
#4053 = ORIENTED_EDGE('',*,*,#857,.F.);
#4054 = ORIENTED_EDGE('',*,*,#4000,.T.);
#4055 = PLANE('',#4056);
#4056 = AXIS2_PLACEMENT_3D('',#4057,#4058,#4059);
#4057 = CARTESIAN_POINT('',(16.333961486816,18.617686271667,
    3.349999904633));
#4058 = DIRECTION('',(-0.573575464843,-0.819152724545,-0.));
#4059 = DIRECTION('',(-0.819152724545,0.573575464843,0.));
#4060 = ADVANCED_FACE('',(#4061),#4079,.T.);
#4061 = FACE_BOUND('',#4062,.T.);
#4062 = EDGE_LOOP('',(#4063,#4071,#4072,#4073));
#4063 = ORIENTED_EDGE('',*,*,#4064,.F.);
#4064 = EDGE_CURVE('',#4017,#4065,#4067,.T.);
#4065 = VERTEX_POINT('',#4066);
#4066 = CARTESIAN_POINT('',(12.621006011963,1.806819796562,
    6.699999809265));
#4067 = LINE('',#4068,#4069);
#4068 = CARTESIAN_POINT('',(14.192758560181,2.227969408035,
    6.699999809265));
#4069 = VECTOR('',#4070,1.);
#4070 = DIRECTION('',(-0.965925859248,-0.258818922098,0.));
#4071 = ORIENTED_EDGE('',*,*,#4026,.F.);
#4072 = ORIENTED_EDGE('',*,*,#1041,.F.);
#4073 = ORIENTED_EDGE('',*,*,#4074,.T.);
#4074 = EDGE_CURVE('',#1034,#4065,#4075,.T.);
#4075 = LINE('',#4076,#4077);
#4076 = CARTESIAN_POINT('',(12.621006011963,1.806819796562,0.));
#4077 = VECTOR('',#4078,1.);
#4078 = DIRECTION('',(0.,0.,1.));
#4079 = PLANE('',#4080);
#4080 = AXIS2_PLACEMENT_3D('',#4081,#4082,#4083);
#4081 = CARTESIAN_POINT('',(13.406882286072,2.017394602299,
    3.349999904633));
#4082 = DIRECTION('',(-0.258818922098,0.965925859248,0.));
#4083 = DIRECTION('',(0.965925859248,0.258818922098,0.));
#4084 = ADVANCED_FACE('',(#4085),#4103,.T.);
#4085 = FACE_BOUND('',#4086,.T.);
#4086 = EDGE_LOOP('',(#4087,#4095,#4101,#4102));
#4087 = ORIENTED_EDGE('',*,*,#4088,.F.);
#4088 = EDGE_CURVE('',#4089,#4041,#4091,.T.);
#4089 = VERTEX_POINT('',#4090);
#4090 = CARTESIAN_POINT('',(14.192758560181,19.772029876709,
    6.699999809265));
#4091 = LINE('',#4092,#4093);
#4092 = CARTESIAN_POINT('',(14.192758560181,19.772029876709,
    6.699999809265));
#4093 = VECTOR('',#4094,1.);
#4094 = DIRECTION('',(0.906307765442,-0.422618308051,0.));
#4095 = ORIENTED_EDGE('',*,*,#4096,.F.);
#4096 = EDGE_CURVE('',#866,#4089,#4097,.T.);
#4097 = LINE('',#4098,#4099);
#4098 = CARTESIAN_POINT('',(14.192758560181,19.772029876709,0.));
#4099 = VECTOR('',#4100,1.);
#4100 = DIRECTION('',(0.,0.,1.));
#4101 = ORIENTED_EDGE('',*,*,#865,.F.);
#4102 = ORIENTED_EDGE('',*,*,#4048,.T.);
#4103 = PLANE('',#4104);
#4104 = AXIS2_PLACEMENT_3D('',#4105,#4106,#4107);
#4105 = CARTESIAN_POINT('',(14.930129051208,19.428188323975,
    3.349999904633));
#4106 = DIRECTION('',(-0.422618308051,-0.906307765442,-0.));
#4107 = DIRECTION('',(-0.906307765442,0.422618308051,0.));
#4108 = ADVANCED_FACE('',(#4109),#4127,.T.);
#4109 = FACE_BOUND('',#4110,.T.);
#4110 = EDGE_LOOP('',(#4111,#4119,#4120,#4121));
#4111 = ORIENTED_EDGE('',*,*,#4112,.F.);
#4112 = EDGE_CURVE('',#4065,#4113,#4115,.T.);
#4113 = VERTEX_POINT('',#4114);
#4114 = CARTESIAN_POINT('',(11.,1.664999842644,6.699999809265));
#4115 = LINE('',#4116,#4117);
#4116 = CARTESIAN_POINT('',(12.621006011963,1.806819796562,
    6.699999809265));
#4117 = VECTOR('',#4118,1.);
#4118 = DIRECTION('',(-0.996194681851,-8.715592837494E-02,0.));
#4119 = ORIENTED_EDGE('',*,*,#4074,.F.);
#4120 = ORIENTED_EDGE('',*,*,#1033,.F.);
#4121 = ORIENTED_EDGE('',*,*,#4122,.T.);
#4122 = EDGE_CURVE('',#1026,#4113,#4123,.T.);
#4123 = LINE('',#4124,#4125);
#4124 = CARTESIAN_POINT('',(11.,1.664999842644,0.));
#4125 = VECTOR('',#4126,1.);
#4126 = DIRECTION('',(0.,0.,1.));
#4127 = PLANE('',#4128);
#4128 = AXIS2_PLACEMENT_3D('',#4129,#4130,#4131);
#4129 = CARTESIAN_POINT('',(11.810503005981,1.735909819603,
    3.349999904633));
#4130 = DIRECTION('',(-8.715592837494E-02,0.996194681851,0.));
#4131 = DIRECTION('',(0.996194681851,8.715592837494E-02,0.));
#4132 = ADVANCED_FACE('',(#4133),#4151,.T.);
#4133 = FACE_BOUND('',#4134,.T.);
#4134 = EDGE_LOOP('',(#4135,#4143,#4149,#4150));
#4135 = ORIENTED_EDGE('',*,*,#4136,.F.);
#4136 = EDGE_CURVE('',#4137,#4089,#4139,.T.);
#4137 = VERTEX_POINT('',#4138);
#4138 = CARTESIAN_POINT('',(12.621006011963,20.193180084229,
    6.699999809265));
#4139 = LINE('',#4140,#4141);
#4140 = CARTESIAN_POINT('',(12.621006011963,20.193180084229,
    6.699999809265));
#4141 = VECTOR('',#4142,1.);
#4142 = DIRECTION('',(0.965925767672,-0.258819263862,0.));
#4143 = ORIENTED_EDGE('',*,*,#4144,.F.);
#4144 = EDGE_CURVE('',#874,#4137,#4145,.T.);
#4145 = LINE('',#4146,#4147);
#4146 = CARTESIAN_POINT('',(12.621006011963,20.193180084229,0.));
#4147 = VECTOR('',#4148,1.);
#4148 = DIRECTION('',(0.,0.,1.));
#4149 = ORIENTED_EDGE('',*,*,#873,.F.);
#4150 = ORIENTED_EDGE('',*,*,#4096,.T.);
#4151 = PLANE('',#4152);
#4152 = AXIS2_PLACEMENT_3D('',#4153,#4154,#4155);
#4153 = CARTESIAN_POINT('',(13.406882286072,19.982604980469,
    3.349999904633));
#4154 = DIRECTION('',(-0.258819263862,-0.965925767672,-0.));
#4155 = DIRECTION('',(-0.965925767672,0.258819263862,0.));
#4156 = ADVANCED_FACE('',(#4157),#4175,.T.);
#4157 = FACE_BOUND('',#4158,.T.);
#4158 = EDGE_LOOP('',(#4159,#4167,#4168,#4169));
#4159 = ORIENTED_EDGE('',*,*,#4160,.F.);
#4160 = EDGE_CURVE('',#4113,#4161,#4163,.T.);
#4161 = VERTEX_POINT('',#4162);
#4162 = CARTESIAN_POINT('',(9.378993988037,1.806819796562,6.699999809265
    ));
#4163 = LINE('',#4164,#4165);
#4164 = CARTESIAN_POINT('',(11.,1.664999842644,6.699999809265));
#4165 = VECTOR('',#4166,1.);
#4166 = DIRECTION('',(-0.996194681851,8.715592837494E-02,0.));
#4167 = ORIENTED_EDGE('',*,*,#4122,.F.);
#4168 = ORIENTED_EDGE('',*,*,#1025,.F.);
#4169 = ORIENTED_EDGE('',*,*,#4170,.T.);
#4170 = EDGE_CURVE('',#1018,#4161,#4171,.T.);
#4171 = LINE('',#4172,#4173);
#4172 = CARTESIAN_POINT('',(9.378993988037,1.806819796562,0.));
#4173 = VECTOR('',#4174,1.);
#4174 = DIRECTION('',(0.,0.,1.));
#4175 = PLANE('',#4176);
#4176 = AXIS2_PLACEMENT_3D('',#4177,#4178,#4179);
#4177 = CARTESIAN_POINT('',(10.189496994019,1.735909819603,
    3.349999904633));
#4178 = DIRECTION('',(8.715592837494E-02,0.996194681851,0.));
#4179 = DIRECTION('',(0.996194681851,-8.715592837494E-02,0.));
#4180 = ADVANCED_FACE('',(#4181),#4199,.T.);
#4181 = FACE_BOUND('',#4182,.T.);
#4182 = EDGE_LOOP('',(#4183,#4191,#4197,#4198));
#4183 = ORIENTED_EDGE('',*,*,#4184,.F.);
#4184 = EDGE_CURVE('',#4185,#4137,#4187,.T.);
#4185 = VERTEX_POINT('',#4186);
#4186 = CARTESIAN_POINT('',(11.,20.334999084473,6.699999809265));
#4187 = LINE('',#4188,#4189);
#4188 = CARTESIAN_POINT('',(11.,20.334999084473,6.699999809265));
#4189 = VECTOR('',#4190,1.);
#4190 = DIRECTION('',(0.996194732738,-8.715534674313E-02,0.));
#4191 = ORIENTED_EDGE('',*,*,#4192,.F.);
#4192 = EDGE_CURVE('',#882,#4185,#4193,.T.);
#4193 = LINE('',#4194,#4195);
#4194 = CARTESIAN_POINT('',(11.,20.334999084473,0.));
#4195 = VECTOR('',#4196,1.);
#4196 = DIRECTION('',(0.,0.,1.));
#4197 = ORIENTED_EDGE('',*,*,#881,.F.);
#4198 = ORIENTED_EDGE('',*,*,#4144,.T.);
#4199 = PLANE('',#4200);
#4200 = AXIS2_PLACEMENT_3D('',#4201,#4202,#4203);
#4201 = CARTESIAN_POINT('',(11.810503005981,20.264089584351,
    3.349999904633));
#4202 = DIRECTION('',(-8.715534674313E-02,-0.996194732738,-0.));
#4203 = DIRECTION('',(-0.996194732738,8.715534674313E-02,0.));
#4204 = ADVANCED_FACE('',(#4205),#4223,.T.);
#4205 = FACE_BOUND('',#4206,.T.);
#4206 = EDGE_LOOP('',(#4207,#4215,#4216,#4217));
#4207 = ORIENTED_EDGE('',*,*,#4208,.F.);
#4208 = EDGE_CURVE('',#4161,#4209,#4211,.T.);
#4209 = VERTEX_POINT('',#4210);
#4210 = CARTESIAN_POINT('',(7.807241916656,2.227969408035,6.699999809265
    ));
#4211 = LINE('',#4212,#4213);
#4212 = CARTESIAN_POINT('',(9.378993988037,1.806819796562,6.699999809265
    ));
#4213 = VECTOR('',#4214,1.);
#4214 = DIRECTION('',(-0.965925839618,0.258818995358,0.));
#4215 = ORIENTED_EDGE('',*,*,#4170,.F.);
#4216 = ORIENTED_EDGE('',*,*,#1017,.F.);
#4217 = ORIENTED_EDGE('',*,*,#4218,.T.);
#4218 = EDGE_CURVE('',#1010,#4209,#4219,.T.);
#4219 = LINE('',#4220,#4221);
#4220 = CARTESIAN_POINT('',(7.807241916656,2.227969408035,0.));
#4221 = VECTOR('',#4222,1.);
#4222 = DIRECTION('',(0.,0.,1.));
#4223 = PLANE('',#4224);
#4224 = AXIS2_PLACEMENT_3D('',#4225,#4226,#4227);
#4225 = CARTESIAN_POINT('',(8.593117952347,2.017394602299,3.349999904633
    ));
#4226 = DIRECTION('',(0.258818995358,0.965925839618,0.));
#4227 = DIRECTION('',(0.965925839618,-0.258818995358,0.));
#4228 = ADVANCED_FACE('',(#4229),#4247,.T.);
#4229 = FACE_BOUND('',#4230,.T.);
#4230 = EDGE_LOOP('',(#4231,#4239,#4245,#4246));
#4231 = ORIENTED_EDGE('',*,*,#4232,.F.);
#4232 = EDGE_CURVE('',#4233,#4185,#4235,.T.);
#4233 = VERTEX_POINT('',#4234);
#4234 = CARTESIAN_POINT('',(9.378993988037,20.193180084229,
    6.699999809265));
#4235 = LINE('',#4236,#4237);
#4236 = CARTESIAN_POINT('',(9.378993988037,20.193180084229,
    6.699999809265));
#4237 = VECTOR('',#4238,1.);
#4238 = DIRECTION('',(0.996194732738,8.715534674313E-02,0.));
#4239 = ORIENTED_EDGE('',*,*,#4240,.F.);
#4240 = EDGE_CURVE('',#890,#4233,#4241,.T.);
#4241 = LINE('',#4242,#4243);
#4242 = CARTESIAN_POINT('',(9.378993988037,20.193180084229,0.));
#4243 = VECTOR('',#4244,1.);
#4244 = DIRECTION('',(0.,0.,1.));
#4245 = ORIENTED_EDGE('',*,*,#889,.F.);
#4246 = ORIENTED_EDGE('',*,*,#4192,.T.);
#4247 = PLANE('',#4248);
#4248 = AXIS2_PLACEMENT_3D('',#4249,#4250,#4251);
#4249 = CARTESIAN_POINT('',(10.189496994019,20.264089584351,
    3.349999904633));
#4250 = DIRECTION('',(8.715534674313E-02,-0.996194732738,0.));
#4251 = DIRECTION('',(-0.996194732738,-8.715534674313E-02,0.));
#4252 = ADVANCED_FACE('',(#4253),#4271,.T.);
#4253 = FACE_BOUND('',#4254,.T.);
#4254 = EDGE_LOOP('',(#4255,#4263,#4264,#4265));
#4255 = ORIENTED_EDGE('',*,*,#4256,.F.);
#4256 = EDGE_CURVE('',#4209,#4257,#4259,.T.);
#4257 = VERTEX_POINT('',#4258);
#4258 = CARTESIAN_POINT('',(6.332499980927,2.915652513504,6.699999809265
    ));
#4259 = LINE('',#4260,#4261);
#4260 = CARTESIAN_POINT('',(7.807241916656,2.227969408035,6.699999809265
    ));
#4261 = VECTOR('',#4262,1.);
#4262 = DIRECTION('',(-0.90630787012,0.422618083568,0.));
#4263 = ORIENTED_EDGE('',*,*,#4218,.F.);
#4264 = ORIENTED_EDGE('',*,*,#1009,.F.);
#4265 = ORIENTED_EDGE('',*,*,#4266,.T.);
#4266 = EDGE_CURVE('',#1002,#4257,#4267,.T.);
#4267 = LINE('',#4268,#4269);
#4268 = CARTESIAN_POINT('',(6.332499980927,2.915652513504,0.));
#4269 = VECTOR('',#4270,1.);
#4270 = DIRECTION('',(0.,0.,1.));
#4271 = PLANE('',#4272);
#4272 = AXIS2_PLACEMENT_3D('',#4273,#4274,#4275);
#4273 = CARTESIAN_POINT('',(7.069870948792,2.57181096077,3.349999904633)
  );
#4274 = DIRECTION('',(0.422618083568,0.90630787012,0.));
#4275 = DIRECTION('',(0.90630787012,-0.422618083568,0.));
#4276 = ADVANCED_FACE('',(#4277),#4295,.T.);
#4277 = FACE_BOUND('',#4278,.T.);
#4278 = EDGE_LOOP('',(#4279,#4287,#4293,#4294));
#4279 = ORIENTED_EDGE('',*,*,#4280,.F.);
#4280 = EDGE_CURVE('',#4281,#4233,#4283,.T.);
#4281 = VERTEX_POINT('',#4282);
#4282 = CARTESIAN_POINT('',(7.807241916656,19.772029876709,
    6.699999809265));
#4283 = LINE('',#4284,#4285);
#4284 = CARTESIAN_POINT('',(7.807241916656,19.772029876709,
    6.699999809265));
#4285 = VECTOR('',#4286,1.);
#4286 = DIRECTION('',(0.965925748042,0.258819337123,0.));
#4287 = ORIENTED_EDGE('',*,*,#4288,.F.);
#4288 = EDGE_CURVE('',#898,#4281,#4289,.T.);
#4289 = LINE('',#4290,#4291);
#4290 = CARTESIAN_POINT('',(7.807241916656,19.772029876709,0.));
#4291 = VECTOR('',#4292,1.);
#4292 = DIRECTION('',(0.,0.,1.));
#4293 = ORIENTED_EDGE('',*,*,#897,.F.);
#4294 = ORIENTED_EDGE('',*,*,#4240,.T.);
#4295 = PLANE('',#4296);
#4296 = AXIS2_PLACEMENT_3D('',#4297,#4298,#4299);
#4297 = CARTESIAN_POINT('',(8.593117952347,19.982604980469,
    3.349999904633));
#4298 = DIRECTION('',(0.258819337123,-0.965925748042,0.));
#4299 = DIRECTION('',(-0.965925748042,-0.258819337123,0.));
#4300 = ADVANCED_FACE('',(#4301),#4319,.T.);
#4301 = FACE_BOUND('',#4302,.T.);
#4302 = EDGE_LOOP('',(#4303,#4311,#4312,#4313));
#4303 = ORIENTED_EDGE('',*,*,#4304,.F.);
#4304 = EDGE_CURVE('',#4257,#4305,#4307,.T.);
#4305 = VERTEX_POINT('',#4306);
#4306 = CARTESIAN_POINT('',(4.999577999115,3.848974943161,6.699999809265
    ));
#4307 = LINE('',#4308,#4309);
#4308 = CARTESIAN_POINT('',(6.332499980927,2.915652513504,6.699999809265
    ));
#4309 = VECTOR('',#4310,1.);
#4310 = DIRECTION('',(-0.819151925861,0.573576605484,0.));
#4311 = ORIENTED_EDGE('',*,*,#4266,.F.);
#4312 = ORIENTED_EDGE('',*,*,#1001,.F.);
#4313 = ORIENTED_EDGE('',*,*,#4314,.T.);
#4314 = EDGE_CURVE('',#994,#4305,#4315,.T.);
#4315 = LINE('',#4316,#4317);
#4316 = CARTESIAN_POINT('',(4.999577999115,3.848974943161,0.));
#4317 = VECTOR('',#4318,1.);
#4318 = DIRECTION('',(0.,0.,1.));
#4319 = PLANE('',#4320);
#4320 = AXIS2_PLACEMENT_3D('',#4321,#4322,#4323);
#4321 = CARTESIAN_POINT('',(5.666038990021,3.382313728333,3.349999904633
    ));
#4322 = DIRECTION('',(0.573576605484,0.819151925861,0.));
#4323 = DIRECTION('',(0.819151925861,-0.573576605484,0.));
#4324 = ADVANCED_FACE('',(#4325),#4343,.T.);
#4325 = FACE_BOUND('',#4326,.T.);
#4326 = EDGE_LOOP('',(#4327,#4335,#4341,#4342));
#4327 = ORIENTED_EDGE('',*,*,#4328,.F.);
#4328 = EDGE_CURVE('',#4329,#4281,#4331,.T.);
#4329 = VERTEX_POINT('',#4330);
#4330 = CARTESIAN_POINT('',(6.332499980927,19.08434677124,6.699999809265
    ));
#4331 = LINE('',#4332,#4333);
#4332 = CARTESIAN_POINT('',(6.332499980927,19.08434677124,6.699999809265
    ));
#4333 = VECTOR('',#4334,1.);
#4334 = DIRECTION('',(0.90630787012,0.422618083568,0.));
#4335 = ORIENTED_EDGE('',*,*,#4336,.F.);
#4336 = EDGE_CURVE('',#906,#4329,#4337,.T.);
#4337 = LINE('',#4338,#4339);
#4338 = CARTESIAN_POINT('',(6.332499980927,19.08434677124,0.));
#4339 = VECTOR('',#4340,1.);
#4340 = DIRECTION('',(0.,0.,1.));
#4341 = ORIENTED_EDGE('',*,*,#905,.F.);
#4342 = ORIENTED_EDGE('',*,*,#4288,.T.);
#4343 = PLANE('',#4344);
#4344 = AXIS2_PLACEMENT_3D('',#4345,#4346,#4347);
#4345 = CARTESIAN_POINT('',(7.069870948792,19.428188323975,
    3.349999904633));
#4346 = DIRECTION('',(0.422618083568,-0.90630787012,0.));
#4347 = DIRECTION('',(-0.90630787012,-0.422618083568,0.));
#4348 = ADVANCED_FACE('',(#4349),#4367,.T.);
#4349 = FACE_BOUND('',#4350,.T.);
#4350 = EDGE_LOOP('',(#4351,#4359,#4360,#4361));
#4351 = ORIENTED_EDGE('',*,*,#4352,.F.);
#4352 = EDGE_CURVE('',#4305,#4353,#4355,.T.);
#4353 = VERTEX_POINT('',#4354);
#4354 = CARTESIAN_POINT('',(3.848975419998,4.999577522278,6.699999809265
    ));
#4355 = LINE('',#4356,#4357);
#4356 = CARTESIAN_POINT('',(4.999577999115,3.848974943161,6.699999809265
    ));
#4357 = VECTOR('',#4358,1.);
#4358 = DIRECTION('',(-0.707106781187,0.707106781187,0.));
#4359 = ORIENTED_EDGE('',*,*,#4314,.F.);
#4360 = ORIENTED_EDGE('',*,*,#993,.F.);
#4361 = ORIENTED_EDGE('',*,*,#4362,.T.);
#4362 = EDGE_CURVE('',#986,#4353,#4363,.T.);
#4363 = LINE('',#4364,#4365);
#4364 = CARTESIAN_POINT('',(3.848975419998,4.999577522278,0.));
#4365 = VECTOR('',#4366,1.);
#4366 = DIRECTION('',(0.,0.,1.));
#4367 = PLANE('',#4368);
#4368 = AXIS2_PLACEMENT_3D('',#4369,#4370,#4371);
#4369 = CARTESIAN_POINT('',(4.424276709557,4.424276232719,3.349999904633
    ));
#4370 = DIRECTION('',(0.707106781187,0.707106781187,0.));
#4371 = DIRECTION('',(0.707106781187,-0.707106781187,0.));
#4372 = ADVANCED_FACE('',(#4373),#4391,.T.);
#4373 = FACE_BOUND('',#4374,.T.);
#4374 = EDGE_LOOP('',(#4375,#4383,#4389,#4390));
#4375 = ORIENTED_EDGE('',*,*,#4376,.F.);
#4376 = EDGE_CURVE('',#4377,#4329,#4379,.T.);
#4377 = VERTEX_POINT('',#4378);
#4378 = CARTESIAN_POINT('',(4.999577999115,18.151025772095,
    6.699999809265));
#4379 = LINE('',#4380,#4381);
#4380 = CARTESIAN_POINT('',(4.999577999115,18.151025772095,
    6.699999809265));
#4381 = VECTOR('',#4382,1.);
#4382 = DIRECTION('',(0.819152338915,0.573576015581,0.));
#4383 = ORIENTED_EDGE('',*,*,#4384,.F.);
#4384 = EDGE_CURVE('',#914,#4377,#4385,.T.);
#4385 = LINE('',#4386,#4387);
#4386 = CARTESIAN_POINT('',(4.999577999115,18.151025772095,0.));
#4387 = VECTOR('',#4388,1.);
#4388 = DIRECTION('',(0.,0.,1.));
#4389 = ORIENTED_EDGE('',*,*,#913,.F.);
#4390 = ORIENTED_EDGE('',*,*,#4336,.T.);
#4391 = PLANE('',#4392);
#4392 = AXIS2_PLACEMENT_3D('',#4393,#4394,#4395);
#4393 = CARTESIAN_POINT('',(5.666038990021,18.617686271667,
    3.349999904633));
#4394 = DIRECTION('',(0.573576015581,-0.819152338915,0.));
#4395 = DIRECTION('',(-0.819152338915,-0.573576015581,0.));
#4396 = ADVANCED_FACE('',(#4397),#4415,.T.);
#4397 = FACE_BOUND('',#4398,.T.);
#4398 = EDGE_LOOP('',(#4399,#4407,#4408,#4409));
#4399 = ORIENTED_EDGE('',*,*,#4400,.F.);
#4400 = EDGE_CURVE('',#4353,#4401,#4403,.T.);
#4401 = VERTEX_POINT('',#4402);
#4402 = CARTESIAN_POINT('',(2.915652513504,6.332499980927,6.699999809265
    ));
#4403 = LINE('',#4404,#4405);
#4404 = CARTESIAN_POINT('',(3.848975419998,4.999577522278,6.699999809265
    ));
#4405 = VECTOR('',#4406,1.);
#4406 = DIRECTION('',(-0.573576664433,0.819151884584,0.));
#4407 = ORIENTED_EDGE('',*,*,#4362,.F.);
#4408 = ORIENTED_EDGE('',*,*,#985,.F.);
#4409 = ORIENTED_EDGE('',*,*,#4410,.T.);
#4410 = EDGE_CURVE('',#978,#4401,#4411,.T.);
#4411 = LINE('',#4412,#4413);
#4412 = CARTESIAN_POINT('',(2.915652513504,6.332499980927,0.));
#4413 = VECTOR('',#4414,1.);
#4414 = DIRECTION('',(0.,0.,1.));
#4415 = PLANE('',#4416);
#4416 = AXIS2_PLACEMENT_3D('',#4417,#4418,#4419);
#4417 = CARTESIAN_POINT('',(3.382313966751,5.666038751602,3.349999904633
    ));
#4418 = DIRECTION('',(0.819151884584,0.573576664433,0.));
#4419 = DIRECTION('',(-0.573576664433,0.819151884584,0.));
#4420 = ADVANCED_FACE('',(#4421),#4439,.T.);
#4421 = FACE_BOUND('',#4422,.T.);
#4422 = EDGE_LOOP('',(#4423,#4431,#4437,#4438));
#4423 = ORIENTED_EDGE('',*,*,#4424,.F.);
#4424 = EDGE_CURVE('',#4425,#4377,#4427,.T.);
#4425 = VERTEX_POINT('',#4426);
#4426 = CARTESIAN_POINT('',(3.848975419998,17.000421524048,
    6.699999809265));
#4427 = LINE('',#4428,#4429);
#4428 = CARTESIAN_POINT('',(3.848975419998,17.000421524048,
    6.699999809265));
#4429 = VECTOR('',#4430,1.);
#4430 = DIRECTION('',(0.707106268363,0.707107294009,0.));
#4431 = ORIENTED_EDGE('',*,*,#4432,.F.);
#4432 = EDGE_CURVE('',#922,#4425,#4433,.T.);
#4433 = LINE('',#4434,#4435);
#4434 = CARTESIAN_POINT('',(3.848975419998,17.000421524048,0.));
#4435 = VECTOR('',#4436,1.);
#4436 = DIRECTION('',(0.,0.,1.));
#4437 = ORIENTED_EDGE('',*,*,#921,.F.);
#4438 = ORIENTED_EDGE('',*,*,#4384,.T.);
#4439 = PLANE('',#4440);
#4440 = AXIS2_PLACEMENT_3D('',#4441,#4442,#4443);
#4441 = CARTESIAN_POINT('',(4.424276709557,17.575723648071,
    3.349999904633));
#4442 = DIRECTION('',(0.707107294009,-0.707106268363,0.));
#4443 = DIRECTION('',(0.707106268363,0.707107294009,0.));
#4444 = ADVANCED_FACE('',(#4445),#4463,.T.);
#4445 = FACE_BOUND('',#4446,.T.);
#4446 = EDGE_LOOP('',(#4447,#4455,#4456,#4457));
#4447 = ORIENTED_EDGE('',*,*,#4448,.F.);
#4448 = EDGE_CURVE('',#4401,#4449,#4451,.T.);
#4449 = VERTEX_POINT('',#4450);
#4450 = CARTESIAN_POINT('',(2.227969408035,7.807241916656,6.699999809265
    ));
#4451 = LINE('',#4452,#4453);
#4452 = CARTESIAN_POINT('',(2.915652513504,6.332499980927,6.699999809265
    ));
#4453 = VECTOR('',#4454,1.);
#4454 = DIRECTION('',(-0.422618083568,0.90630787012,0.));
#4455 = ORIENTED_EDGE('',*,*,#4410,.F.);
#4456 = ORIENTED_EDGE('',*,*,#977,.F.);
#4457 = ORIENTED_EDGE('',*,*,#4458,.T.);
#4458 = EDGE_CURVE('',#970,#4449,#4459,.T.);
#4459 = LINE('',#4460,#4461);
#4460 = CARTESIAN_POINT('',(2.227969408035,7.807241916656,0.));
#4461 = VECTOR('',#4462,1.);
#4462 = DIRECTION('',(0.,0.,1.));
#4463 = PLANE('',#4464);
#4464 = AXIS2_PLACEMENT_3D('',#4465,#4466,#4467);
#4465 = CARTESIAN_POINT('',(2.57181096077,7.069870948792,3.349999904633)
  );
#4466 = DIRECTION('',(0.90630787012,0.422618083568,0.));
#4467 = DIRECTION('',(-0.422618083568,0.90630787012,0.));
#4468 = ADVANCED_FACE('',(#4469),#4487,.T.);
#4469 = FACE_BOUND('',#4470,.T.);
#4470 = EDGE_LOOP('',(#4471,#4479,#4485,#4486));
#4471 = ORIENTED_EDGE('',*,*,#4472,.F.);
#4472 = EDGE_CURVE('',#4473,#4425,#4475,.T.);
#4473 = VERTEX_POINT('',#4474);
#4474 = CARTESIAN_POINT('',(2.915652513504,15.667499542236,
    6.699999809265));
#4475 = LINE('',#4476,#4477);
#4476 = CARTESIAN_POINT('',(2.915652513504,15.667499542236,
    6.699999809265));
#4477 = VECTOR('',#4478,1.);
#4478 = DIRECTION('',(0.573576802118,0.819151788176,0.));
#4479 = ORIENTED_EDGE('',*,*,#4480,.F.);
#4480 = EDGE_CURVE('',#930,#4473,#4481,.T.);
#4481 = LINE('',#4482,#4483);
#4482 = CARTESIAN_POINT('',(2.915652513504,15.667499542236,0.));
#4483 = VECTOR('',#4484,1.);
#4484 = DIRECTION('',(0.,0.,1.));
#4485 = ORIENTED_EDGE('',*,*,#929,.F.);
#4486 = ORIENTED_EDGE('',*,*,#4432,.T.);
#4487 = PLANE('',#4488);
#4488 = AXIS2_PLACEMENT_3D('',#4489,#4490,#4491);
#4489 = CARTESIAN_POINT('',(3.382313966751,16.333960533142,
    3.349999904633));
#4490 = DIRECTION('',(0.819151788176,-0.573576802118,0.));
#4491 = DIRECTION('',(0.573576802118,0.819151788176,0.));
#4492 = ADVANCED_FACE('',(#4493),#4511,.T.);
#4493 = FACE_BOUND('',#4494,.T.);
#4494 = EDGE_LOOP('',(#4495,#4503,#4504,#4505));
#4495 = ORIENTED_EDGE('',*,*,#4496,.F.);
#4496 = EDGE_CURVE('',#4449,#4497,#4499,.T.);
#4497 = VERTEX_POINT('',#4498);
#4498 = CARTESIAN_POINT('',(1.806819796562,9.378993988037,6.699999809265
    ));
#4499 = LINE('',#4500,#4501);
#4500 = CARTESIAN_POINT('',(2.227969408035,7.807241916656,6.699999809265
    ));
#4501 = VECTOR('',#4502,1.);
#4502 = DIRECTION('',(-0.258818995358,0.965925839618,0.));
#4503 = ORIENTED_EDGE('',*,*,#4458,.F.);
#4504 = ORIENTED_EDGE('',*,*,#969,.F.);
#4505 = ORIENTED_EDGE('',*,*,#4506,.T.);
#4506 = EDGE_CURVE('',#962,#4497,#4507,.T.);
#4507 = LINE('',#4508,#4509);
#4508 = CARTESIAN_POINT('',(1.806819796562,9.378993988037,0.));
#4509 = VECTOR('',#4510,1.);
#4510 = DIRECTION('',(0.,0.,1.));
#4511 = PLANE('',#4512);
#4512 = AXIS2_PLACEMENT_3D('',#4513,#4514,#4515);
#4513 = CARTESIAN_POINT('',(2.017394602299,8.593117952347,3.349999904633
    ));
#4514 = DIRECTION('',(0.965925839618,0.258818995358,0.));
#4515 = DIRECTION('',(-0.258818995358,0.965925839618,0.));
#4516 = ADVANCED_FACE('',(#4517),#4535,.T.);
#4517 = FACE_BOUND('',#4518,.T.);
#4518 = EDGE_LOOP('',(#4519,#4527,#4533,#4534));
#4519 = ORIENTED_EDGE('',*,*,#4520,.F.);
#4520 = EDGE_CURVE('',#4521,#4473,#4523,.T.);
#4521 = VERTEX_POINT('',#4522);
#4522 = CARTESIAN_POINT('',(2.227969408035,14.192757606506,
    6.699999809265));
#4523 = LINE('',#4524,#4525);
#4524 = CARTESIAN_POINT('',(2.227969408035,14.192757606506,
    6.699999809265));
#4525 = VECTOR('',#4526,1.);
#4526 = DIRECTION('',(0.422618083568,0.90630787012,0.));
#4527 = ORIENTED_EDGE('',*,*,#4528,.F.);
#4528 = EDGE_CURVE('',#938,#4521,#4529,.T.);
#4529 = LINE('',#4530,#4531);
#4530 = CARTESIAN_POINT('',(2.227969408035,14.192757606506,0.));
#4531 = VECTOR('',#4532,1.);
#4532 = DIRECTION('',(0.,0.,1.));
#4533 = ORIENTED_EDGE('',*,*,#937,.F.);
#4534 = ORIENTED_EDGE('',*,*,#4480,.T.);
#4535 = PLANE('',#4536);
#4536 = AXIS2_PLACEMENT_3D('',#4537,#4538,#4539);
#4537 = CARTESIAN_POINT('',(2.57181096077,14.930128574371,3.349999904633
    ));
#4538 = DIRECTION('',(0.90630787012,-0.422618083568,0.));
#4539 = DIRECTION('',(0.422618083568,0.90630787012,0.));
#4540 = ADVANCED_FACE('',(#4541),#4559,.T.);
#4541 = FACE_BOUND('',#4542,.T.);
#4542 = EDGE_LOOP('',(#4543,#4551,#4552,#4553));
#4543 = ORIENTED_EDGE('',*,*,#4544,.F.);
#4544 = EDGE_CURVE('',#4497,#4545,#4547,.T.);
#4545 = VERTEX_POINT('',#4546);
#4546 = CARTESIAN_POINT('',(1.664999842644,11.,6.699999809265));
#4547 = LINE('',#4548,#4549);
#4548 = CARTESIAN_POINT('',(1.806819796562,9.378993988037,6.699999809265
    ));
#4549 = VECTOR('',#4550,1.);
#4550 = DIRECTION('',(-8.715592837494E-02,0.996194681851,0.));
#4551 = ORIENTED_EDGE('',*,*,#4506,.F.);
#4552 = ORIENTED_EDGE('',*,*,#961,.F.);
#4553 = ORIENTED_EDGE('',*,*,#4554,.F.);
#4554 = EDGE_CURVE('',#4545,#954,#4555,.T.);
#4555 = LINE('',#4556,#4557);
#4556 = CARTESIAN_POINT('',(1.664999842644,11.,6.699999809265));
#4557 = VECTOR('',#4558,1.);
#4558 = DIRECTION('',(0.,0.,-1.));
#4559 = PLANE('',#4560);
#4560 = AXIS2_PLACEMENT_3D('',#4561,#4562,#4563);
#4561 = CARTESIAN_POINT('',(1.735909819603,10.189496994019,
    3.349999904633));
#4562 = DIRECTION('',(0.996194681851,8.715592837494E-02,0.));
#4563 = DIRECTION('',(-8.715592837494E-02,0.996194681851,0.));
#4564 = ADVANCED_FACE('',(#4565),#4583,.T.);
#4565 = FACE_BOUND('',#4566,.T.);
#4566 = EDGE_LOOP('',(#4567,#4575,#4581,#4582));
#4567 = ORIENTED_EDGE('',*,*,#4568,.F.);
#4568 = EDGE_CURVE('',#4569,#4521,#4571,.T.);
#4569 = VERTEX_POINT('',#4570);
#4570 = CARTESIAN_POINT('',(1.806819796562,12.621006011963,
    6.699999809265));
#4571 = LINE('',#4572,#4573);
#4572 = CARTESIAN_POINT('',(1.806819796562,12.621006011963,
    6.699999809265));
#4573 = VECTOR('',#4574,1.);
#4574 = DIRECTION('',(0.258819068619,0.965925819988,0.));
#4575 = ORIENTED_EDGE('',*,*,#4576,.F.);
#4576 = EDGE_CURVE('',#946,#4569,#4577,.T.);
#4577 = LINE('',#4578,#4579);
#4578 = CARTESIAN_POINT('',(1.806819796562,12.621006011963,0.));
#4579 = VECTOR('',#4580,1.);
#4580 = DIRECTION('',(0.,0.,1.));
#4581 = ORIENTED_EDGE('',*,*,#945,.F.);
#4582 = ORIENTED_EDGE('',*,*,#4528,.T.);
#4583 = PLANE('',#4584);
#4584 = AXIS2_PLACEMENT_3D('',#4585,#4586,#4587);
#4585 = CARTESIAN_POINT('',(2.017394602299,13.406881809235,
    3.349999904633));
#4586 = DIRECTION('',(0.965925819988,-0.258819068619,0.));
#4587 = DIRECTION('',(0.258819068619,0.965925819988,0.));
#4588 = ADVANCED_FACE('',(#4589),#4600,.T.);
#4589 = FACE_BOUND('',#4590,.T.);
#4590 = EDGE_LOOP('',(#4591,#4597,#4598,#4599));
#4591 = ORIENTED_EDGE('',*,*,#4592,.F.);
#4592 = EDGE_CURVE('',#4545,#4569,#4593,.T.);
#4593 = LINE('',#4594,#4595);
#4594 = CARTESIAN_POINT('',(1.664999842644,11.,6.699999809265));
#4595 = VECTOR('',#4596,1.);
#4596 = DIRECTION('',(8.715592837494E-02,0.996194681851,0.));
#4597 = ORIENTED_EDGE('',*,*,#4554,.T.);
#4598 = ORIENTED_EDGE('',*,*,#953,.F.);
#4599 = ORIENTED_EDGE('',*,*,#4576,.T.);
#4600 = PLANE('',#4601);
#4601 = AXIS2_PLACEMENT_3D('',#4602,#4603,#4604);
#4602 = CARTESIAN_POINT('',(1.735909819603,11.810503005981,
    3.349999904633));
#4603 = DIRECTION('',(0.996194681851,-8.715592837494E-02,0.));
#4604 = DIRECTION('',(8.715592837494E-02,0.996194681851,0.));
#4605 = ADVANCED_FACE('',(#4606),#4631,.T.);
#4606 = FACE_BOUND('',#4607,.T.);
#4607 = EDGE_LOOP('',(#4608,#4618,#4624,#4625));
#4608 = ORIENTED_EDGE('',*,*,#4609,.F.);
#4609 = EDGE_CURVE('',#4610,#4612,#4614,.T.);
#4610 = VERTEX_POINT('',#4611);
#4611 = CARTESIAN_POINT('',(11.,22.164999008179,6.699999809265));
#4612 = VERTEX_POINT('',#4613);
#4613 = CARTESIAN_POINT('',(9.378993988037,22.306819915771,
    6.699999809265));
#4614 = LINE('',#4615,#4616);
#4615 = CARTESIAN_POINT('',(11.,22.164999008179,6.699999809265));
#4616 = VECTOR('',#4617,1.);
#4617 = DIRECTION('',(-0.996194630965,8.715651000666E-02,0.));
#4618 = ORIENTED_EDGE('',*,*,#4619,.F.);
#4619 = EDGE_CURVE('',#1100,#4610,#4620,.T.);
#4620 = LINE('',#4621,#4622);
#4621 = CARTESIAN_POINT('',(11.,22.164999008179,0.));
#4622 = VECTOR('',#4623,1.);
#4623 = DIRECTION('',(0.,0.,1.));
#4624 = ORIENTED_EDGE('',*,*,#1097,.F.);
#4625 = ORIENTED_EDGE('',*,*,#4626,.T.);
#4626 = EDGE_CURVE('',#1098,#4612,#4627,.T.);
#4627 = LINE('',#4628,#4629);
#4628 = CARTESIAN_POINT('',(9.378993988037,22.306819915771,0.));
#4629 = VECTOR('',#4630,1.);
#4630 = DIRECTION('',(0.,0.,1.));
#4631 = PLANE('',#4632);
#4632 = AXIS2_PLACEMENT_3D('',#4633,#4634,#4635);
#4633 = CARTESIAN_POINT('',(10.189496994019,22.235909461975,
    3.349999904633));
#4634 = DIRECTION('',(8.715651000666E-02,0.996194630965,0.));
#4635 = DIRECTION('',(0.996194630965,-8.715651000666E-02,0.));
#4636 = ADVANCED_FACE('',(#4637),#4655,.T.);
#4637 = FACE_BOUND('',#4638,.T.);
#4638 = EDGE_LOOP('',(#4639,#4647,#4648,#4649));
#4639 = ORIENTED_EDGE('',*,*,#4640,.F.);
#4640 = EDGE_CURVE('',#4612,#4641,#4643,.T.);
#4641 = VERTEX_POINT('',#4642);
#4642 = CARTESIAN_POINT('',(7.807241916656,22.727968215942,
    6.699999809265));
#4643 = LINE('',#4644,#4645);
#4644 = CARTESIAN_POINT('',(9.378993988037,22.306819915771,
    6.699999809265));
#4645 = VECTOR('',#4646,1.);
#4646 = DIRECTION('',(-0.965926041084,0.258818243475,0.));
#4647 = ORIENTED_EDGE('',*,*,#4626,.F.);
#4648 = ORIENTED_EDGE('',*,*,#1379,.F.);
#4649 = ORIENTED_EDGE('',*,*,#4650,.T.);
#4650 = EDGE_CURVE('',#1372,#4641,#4651,.T.);
#4651 = LINE('',#4652,#4653);
#4652 = CARTESIAN_POINT('',(7.807241916656,22.727968215942,0.));
#4653 = VECTOR('',#4654,1.);
#4654 = DIRECTION('',(0.,0.,1.));
#4655 = PLANE('',#4656);
#4656 = AXIS2_PLACEMENT_3D('',#4657,#4658,#4659);
#4657 = CARTESIAN_POINT('',(8.593117952347,22.517394065857,
    3.349999904633));
#4658 = DIRECTION('',(0.258818243475,0.965926041084,0.));
#4659 = DIRECTION('',(0.965926041084,-0.258818243475,0.));
#4660 = ADVANCED_FACE('',(#4661),#4679,.T.);
#4661 = FACE_BOUND('',#4662,.T.);
#4662 = EDGE_LOOP('',(#4663,#4671,#4677,#4678));
#4663 = ORIENTED_EDGE('',*,*,#4664,.F.);
#4664 = EDGE_CURVE('',#4665,#4610,#4667,.T.);
#4665 = VERTEX_POINT('',#4666);
#4666 = CARTESIAN_POINT('',(12.621006011963,22.306819915771,
    6.699999809265));
#4667 = LINE('',#4668,#4669);
#4668 = CARTESIAN_POINT('',(12.621006011963,22.306819915771,
    6.699999809265));
#4669 = VECTOR('',#4670,1.);
#4670 = DIRECTION('',(-0.996194630965,-8.715651000666E-02,0.));
#4671 = ORIENTED_EDGE('',*,*,#4672,.F.);
#4672 = EDGE_CURVE('',#1108,#4665,#4673,.T.);
#4673 = LINE('',#4674,#4675);
#4674 = CARTESIAN_POINT('',(12.621006011963,22.306819915771,0.));
#4675 = VECTOR('',#4676,1.);
#4676 = DIRECTION('',(0.,0.,1.));
#4677 = ORIENTED_EDGE('',*,*,#1107,.F.);
#4678 = ORIENTED_EDGE('',*,*,#4619,.T.);
#4679 = PLANE('',#4680);
#4680 = AXIS2_PLACEMENT_3D('',#4681,#4682,#4683);
#4681 = CARTESIAN_POINT('',(11.810503005981,22.235909461975,
    3.349999904633));
#4682 = DIRECTION('',(-8.715651000666E-02,0.996194630965,0.));
#4683 = DIRECTION('',(0.996194630965,8.715651000666E-02,0.));
#4684 = ADVANCED_FACE('',(#4685),#4703,.T.);
#4685 = FACE_BOUND('',#4686,.T.);
#4686 = EDGE_LOOP('',(#4687,#4695,#4696,#4697));
#4687 = ORIENTED_EDGE('',*,*,#4688,.F.);
#4688 = EDGE_CURVE('',#4641,#4689,#4691,.T.);
#4689 = VERTEX_POINT('',#4690);
#4690 = CARTESIAN_POINT('',(6.332499980927,23.41565322876,6.699999809265
    ));
#4691 = LINE('',#4692,#4693);
#4692 = CARTESIAN_POINT('',(7.807241916656,22.727968215942,
    6.699999809265));
#4693 = VECTOR('',#4694,1.);
#4694 = DIRECTION('',(-0.906307421154,0.422619046378,0.));
#4695 = ORIENTED_EDGE('',*,*,#4650,.F.);
#4696 = ORIENTED_EDGE('',*,*,#1371,.F.);
#4697 = ORIENTED_EDGE('',*,*,#4698,.T.);
#4698 = EDGE_CURVE('',#1364,#4689,#4699,.T.);
#4699 = LINE('',#4700,#4701);
#4700 = CARTESIAN_POINT('',(6.332499980927,23.41565322876,0.));
#4701 = VECTOR('',#4702,1.);
#4702 = DIRECTION('',(0.,0.,1.));
#4703 = PLANE('',#4704);
#4704 = AXIS2_PLACEMENT_3D('',#4705,#4706,#4707);
#4705 = CARTESIAN_POINT('',(7.069870948792,23.071810722351,
    3.349999904633));
#4706 = DIRECTION('',(0.422619046378,0.906307421154,0.));
#4707 = DIRECTION('',(0.906307421154,-0.422619046378,0.));
#4708 = ADVANCED_FACE('',(#4709),#4727,.T.);
#4709 = FACE_BOUND('',#4710,.T.);
#4710 = EDGE_LOOP('',(#4711,#4719,#4725,#4726));
#4711 = ORIENTED_EDGE('',*,*,#4712,.F.);
#4712 = EDGE_CURVE('',#4713,#4665,#4715,.T.);
#4713 = VERTEX_POINT('',#4714);
#4714 = CARTESIAN_POINT('',(14.192758560181,22.727968215942,
    6.699999809265));
#4715 = LINE('',#4716,#4717);
#4716 = CARTESIAN_POINT('',(14.192758560181,22.727968215942,
    6.699999809265));
#4717 = VECTOR('',#4718,1.);
#4718 = DIRECTION('',(-0.965926060714,-0.258818170215,0.));
#4719 = ORIENTED_EDGE('',*,*,#4720,.F.);
#4720 = EDGE_CURVE('',#1116,#4713,#4721,.T.);
#4721 = LINE('',#4722,#4723);
#4722 = CARTESIAN_POINT('',(14.192758560181,22.727968215942,0.));
#4723 = VECTOR('',#4724,1.);
#4724 = DIRECTION('',(0.,0.,1.));
#4725 = ORIENTED_EDGE('',*,*,#1115,.F.);
#4726 = ORIENTED_EDGE('',*,*,#4672,.T.);
#4727 = PLANE('',#4728);
#4728 = AXIS2_PLACEMENT_3D('',#4729,#4730,#4731);
#4729 = CARTESIAN_POINT('',(13.406882286072,22.517394065857,
    3.349999904633));
#4730 = DIRECTION('',(-0.258818170215,0.965926060714,0.));
#4731 = DIRECTION('',(0.965926060714,0.258818170215,0.));
#4732 = ADVANCED_FACE('',(#4733),#4751,.T.);
#4733 = FACE_BOUND('',#4734,.T.);
#4734 = EDGE_LOOP('',(#4735,#4743,#4744,#4745));
#4735 = ORIENTED_EDGE('',*,*,#4736,.F.);
#4736 = EDGE_CURVE('',#4689,#4737,#4739,.T.);
#4737 = VERTEX_POINT('',#4738);
#4738 = CARTESIAN_POINT('',(4.999577999115,24.348974227905,
    6.699999809265));
#4739 = LINE('',#4740,#4741);
#4740 = CARTESIAN_POINT('',(6.332499980927,23.41565322876,6.699999809265
    ));
#4741 = VECTOR('',#4742,1.);
#4742 = DIRECTION('',(-0.819152338915,0.573576015581,0.));
#4743 = ORIENTED_EDGE('',*,*,#4698,.F.);
#4744 = ORIENTED_EDGE('',*,*,#1363,.F.);
#4745 = ORIENTED_EDGE('',*,*,#4746,.T.);
#4746 = EDGE_CURVE('',#1356,#4737,#4747,.T.);
#4747 = LINE('',#4748,#4749);
#4748 = CARTESIAN_POINT('',(4.999577999115,24.348974227905,0.));
#4749 = VECTOR('',#4750,1.);
#4750 = DIRECTION('',(0.,0.,1.));
#4751 = PLANE('',#4752);
#4752 = AXIS2_PLACEMENT_3D('',#4753,#4754,#4755);
#4753 = CARTESIAN_POINT('',(5.666038990021,23.882313728333,
    3.349999904633));
#4754 = DIRECTION('',(0.573576015581,0.819152338915,0.));
#4755 = DIRECTION('',(0.819152338915,-0.573576015581,0.));
#4756 = ADVANCED_FACE('',(#4757),#4775,.T.);
#4757 = FACE_BOUND('',#4758,.T.);
#4758 = EDGE_LOOP('',(#4759,#4767,#4773,#4774));
#4759 = ORIENTED_EDGE('',*,*,#4760,.F.);
#4760 = EDGE_CURVE('',#4761,#4713,#4763,.T.);
#4761 = VERTEX_POINT('',#4762);
#4762 = CARTESIAN_POINT('',(15.667499542236,23.41565322876,
    6.699999809265));
#4763 = LINE('',#4764,#4765);
#4764 = CARTESIAN_POINT('',(15.667499542236,23.41565322876,
    6.699999809265));
#4765 = VECTOR('',#4766,1.);
#4766 = DIRECTION('',(-0.906307316475,-0.422619270862,0.));
#4767 = ORIENTED_EDGE('',*,*,#4768,.F.);
#4768 = EDGE_CURVE('',#1124,#4761,#4769,.T.);
#4769 = LINE('',#4770,#4771);
#4770 = CARTESIAN_POINT('',(15.667499542236,23.41565322876,0.));
#4771 = VECTOR('',#4772,1.);
#4772 = DIRECTION('',(0.,0.,1.));
#4773 = ORIENTED_EDGE('',*,*,#1123,.F.);
#4774 = ORIENTED_EDGE('',*,*,#4720,.T.);
#4775 = PLANE('',#4776);
#4776 = AXIS2_PLACEMENT_3D('',#4777,#4778,#4779);
#4777 = CARTESIAN_POINT('',(14.930129051208,23.071810722351,
    3.349999904633));
#4778 = DIRECTION('',(-0.422619270862,0.906307316475,0.));
#4779 = DIRECTION('',(0.906307316475,0.422619270862,0.));
#4780 = ADVANCED_FACE('',(#4781),#4799,.T.);
#4781 = FACE_BOUND('',#4782,.T.);
#4782 = EDGE_LOOP('',(#4783,#4791,#4792,#4793));
#4783 = ORIENTED_EDGE('',*,*,#4784,.F.);
#4784 = EDGE_CURVE('',#4737,#4785,#4787,.T.);
#4785 = VERTEX_POINT('',#4786);
#4786 = CARTESIAN_POINT('',(3.848975419998,25.499578475952,
    6.699999809265));
#4787 = LINE('',#4788,#4789);
#4788 = CARTESIAN_POINT('',(4.999577999115,24.348974227905,
    6.699999809265));
#4789 = VECTOR('',#4790,1.);
#4790 = DIRECTION('',(-0.707106268363,0.707107294009,0.));
#4791 = ORIENTED_EDGE('',*,*,#4746,.F.);
#4792 = ORIENTED_EDGE('',*,*,#1355,.F.);
#4793 = ORIENTED_EDGE('',*,*,#4794,.T.);
#4794 = EDGE_CURVE('',#1348,#4785,#4795,.T.);
#4795 = LINE('',#4796,#4797);
#4796 = CARTESIAN_POINT('',(3.848975419998,25.499578475952,0.));
#4797 = VECTOR('',#4798,1.);
#4798 = DIRECTION('',(0.,0.,1.));
#4799 = PLANE('',#4800);
#4800 = AXIS2_PLACEMENT_3D('',#4801,#4802,#4803);
#4801 = CARTESIAN_POINT('',(4.424276709557,24.924276351929,
    3.349999904633));
#4802 = DIRECTION('',(0.707107294009,0.707106268363,0.));
#4803 = DIRECTION('',(-0.707106268363,0.707107294009,0.));
#4804 = ADVANCED_FACE('',(#4805),#4823,.T.);
#4805 = FACE_BOUND('',#4806,.T.);
#4806 = EDGE_LOOP('',(#4807,#4815,#4821,#4822));
#4807 = ORIENTED_EDGE('',*,*,#4808,.F.);
#4808 = EDGE_CURVE('',#4809,#4761,#4811,.T.);
#4809 = VERTEX_POINT('',#4810);
#4810 = CARTESIAN_POINT('',(17.000423431396,24.348974227905,
    6.699999809265));
#4811 = LINE('',#4812,#4813);
#4812 = CARTESIAN_POINT('',(17.000423431396,24.348974227905,
    6.699999809265));
#4813 = VECTOR('',#4814,1.);
#4814 = DIRECTION('',(-0.819152724545,-0.573575464843,0.));
#4815 = ORIENTED_EDGE('',*,*,#4816,.F.);
#4816 = EDGE_CURVE('',#1132,#4809,#4817,.T.);
#4817 = LINE('',#4818,#4819);
#4818 = CARTESIAN_POINT('',(17.000423431396,24.348974227905,0.));
#4819 = VECTOR('',#4820,1.);
#4820 = DIRECTION('',(0.,0.,1.));
#4821 = ORIENTED_EDGE('',*,*,#1131,.F.);
#4822 = ORIENTED_EDGE('',*,*,#4768,.T.);
#4823 = PLANE('',#4824);
#4824 = AXIS2_PLACEMENT_3D('',#4825,#4826,#4827);
#4825 = CARTESIAN_POINT('',(16.333961486816,23.882313728333,
    3.349999904633));
#4826 = DIRECTION('',(-0.573575464843,0.819152724545,0.));
#4827 = DIRECTION('',(0.819152724545,0.573575464843,0.));
#4828 = ADVANCED_FACE('',(#4829),#4847,.T.);
#4829 = FACE_BOUND('',#4830,.T.);
#4830 = EDGE_LOOP('',(#4831,#4839,#4840,#4841));
#4831 = ORIENTED_EDGE('',*,*,#4832,.F.);
#4832 = EDGE_CURVE('',#4785,#4833,#4835,.T.);
#4833 = VERTEX_POINT('',#4834);
#4834 = CARTESIAN_POINT('',(2.915652513504,26.832500457764,
    6.699999809265));
#4835 = LINE('',#4836,#4837);
#4836 = CARTESIAN_POINT('',(3.848975419998,25.499578475952,
    6.699999809265));
#4837 = VECTOR('',#4838,1.);
#4838 = DIRECTION('',(-0.573576802118,0.819151788176,0.));
#4839 = ORIENTED_EDGE('',*,*,#4794,.F.);
#4840 = ORIENTED_EDGE('',*,*,#1347,.F.);
#4841 = ORIENTED_EDGE('',*,*,#4842,.T.);
#4842 = EDGE_CURVE('',#1340,#4833,#4843,.T.);
#4843 = LINE('',#4844,#4845);
#4844 = CARTESIAN_POINT('',(2.915652513504,26.832500457764,0.));
#4845 = VECTOR('',#4846,1.);
#4846 = DIRECTION('',(0.,0.,1.));
#4847 = PLANE('',#4848);
#4848 = AXIS2_PLACEMENT_3D('',#4849,#4850,#4851);
#4849 = CARTESIAN_POINT('',(3.382313966751,26.166039466858,
    3.349999904633));
#4850 = DIRECTION('',(0.819151788176,0.573576802118,0.));
#4851 = DIRECTION('',(-0.573576802118,0.819151788176,0.));
#4852 = ADVANCED_FACE('',(#4853),#4871,.T.);
#4853 = FACE_BOUND('',#4854,.T.);
#4854 = EDGE_LOOP('',(#4855,#4863,#4869,#4870));
#4855 = ORIENTED_EDGE('',*,*,#4856,.F.);
#4856 = EDGE_CURVE('',#4857,#4809,#4859,.T.);
#4857 = VERTEX_POINT('',#4858);
#4858 = CARTESIAN_POINT('',(18.151025772095,25.499578475952,
    6.699999809265));
#4859 = LINE('',#4860,#4861);
#4860 = CARTESIAN_POINT('',(18.151025772095,25.499578475952,
    6.699999809265));
#4861 = VECTOR('',#4862,1.);
#4862 = DIRECTION('',(-0.707106195103,-0.70710736727,0.));
#4863 = ORIENTED_EDGE('',*,*,#4864,.F.);
#4864 = EDGE_CURVE('',#1140,#4857,#4865,.T.);
#4865 = LINE('',#4866,#4867);
#4866 = CARTESIAN_POINT('',(18.151025772095,25.499578475952,0.));
#4867 = VECTOR('',#4868,1.);
#4868 = DIRECTION('',(0.,0.,1.));
#4869 = ORIENTED_EDGE('',*,*,#1139,.F.);
#4870 = ORIENTED_EDGE('',*,*,#4816,.T.);
#4871 = PLANE('',#4872);
#4872 = AXIS2_PLACEMENT_3D('',#4873,#4874,#4875);
#4873 = CARTESIAN_POINT('',(17.575724601746,24.924276351929,
    3.349999904633));
#4874 = DIRECTION('',(-0.70710736727,0.707106195103,0.));
#4875 = DIRECTION('',(-0.707106195103,-0.70710736727,0.));
#4876 = ADVANCED_FACE('',(#4877),#4895,.T.);
#4877 = FACE_BOUND('',#4878,.T.);
#4878 = EDGE_LOOP('',(#4879,#4887,#4888,#4889));
#4879 = ORIENTED_EDGE('',*,*,#4880,.F.);
#4880 = EDGE_CURVE('',#4833,#4881,#4883,.T.);
#4881 = VERTEX_POINT('',#4882);
#4882 = CARTESIAN_POINT('',(2.227969408035,28.307241439819,
    6.699999809265));
#4883 = LINE('',#4884,#4885);
#4884 = CARTESIAN_POINT('',(2.915652513504,26.832500457764,
    6.699999809265));
#4885 = VECTOR('',#4886,1.);
#4886 = DIRECTION('',(-0.422618308051,0.906307765442,0.));
#4887 = ORIENTED_EDGE('',*,*,#4842,.F.);
#4888 = ORIENTED_EDGE('',*,*,#1339,.F.);
#4889 = ORIENTED_EDGE('',*,*,#4890,.T.);
#4890 = EDGE_CURVE('',#1332,#4881,#4891,.T.);
#4891 = LINE('',#4892,#4893);
#4892 = CARTESIAN_POINT('',(2.227969408035,28.307241439819,0.));
#4893 = VECTOR('',#4894,1.);
#4894 = DIRECTION('',(0.,0.,1.));
#4895 = PLANE('',#4896);
#4896 = AXIS2_PLACEMENT_3D('',#4897,#4898,#4899);
#4897 = CARTESIAN_POINT('',(2.57181096077,27.569870948792,3.349999904633
    ));
#4898 = DIRECTION('',(0.906307765442,0.422618308051,0.));
#4899 = DIRECTION('',(-0.422618308051,0.906307765442,0.));
#4900 = ADVANCED_FACE('',(#4901),#4919,.T.);
#4901 = FACE_BOUND('',#4902,.T.);
#4902 = EDGE_LOOP('',(#4903,#4911,#4917,#4918));
#4903 = ORIENTED_EDGE('',*,*,#4904,.F.);
#4904 = EDGE_CURVE('',#4905,#4857,#4907,.T.);
#4905 = VERTEX_POINT('',#4906);
#4906 = CARTESIAN_POINT('',(19.08434677124,26.832500457764,
    6.699999809265));
#4907 = LINE('',#4908,#4909);
#4908 = CARTESIAN_POINT('',(19.08434677124,26.832500457764,
    6.699999809265));
#4909 = VECTOR('',#4910,1.);
#4910 = DIRECTION('',(-0.573576015581,-0.819152338915,0.));
#4911 = ORIENTED_EDGE('',*,*,#4912,.F.);
#4912 = EDGE_CURVE('',#1148,#4905,#4913,.T.);
#4913 = LINE('',#4914,#4915);
#4914 = CARTESIAN_POINT('',(19.08434677124,26.832500457764,0.));
#4915 = VECTOR('',#4916,1.);
#4916 = DIRECTION('',(0.,0.,1.));
#4917 = ORIENTED_EDGE('',*,*,#1147,.F.);
#4918 = ORIENTED_EDGE('',*,*,#4864,.T.);
#4919 = PLANE('',#4920);
#4920 = AXIS2_PLACEMENT_3D('',#4921,#4922,#4923);
#4921 = CARTESIAN_POINT('',(18.617686271667,26.166039466858,
    3.349999904633));
#4922 = DIRECTION('',(-0.819152338915,0.573576015581,0.));
#4923 = DIRECTION('',(-0.573576015581,-0.819152338915,0.));
#4924 = ADVANCED_FACE('',(#4925),#4943,.T.);
#4925 = FACE_BOUND('',#4926,.T.);
#4926 = EDGE_LOOP('',(#4927,#4935,#4936,#4937));
#4927 = ORIENTED_EDGE('',*,*,#4928,.F.);
#4928 = EDGE_CURVE('',#4881,#4929,#4931,.T.);
#4929 = VERTEX_POINT('',#4930);
#4930 = CARTESIAN_POINT('',(1.806819796562,29.878993988037,
    6.699999809265));
#4931 = LINE('',#4932,#4933);
#4932 = CARTESIAN_POINT('',(2.227969408035,28.307241439819,
    6.699999809265));
#4933 = VECTOR('',#4934,1.);
#4934 = DIRECTION('',(-0.258818922098,0.965925859248,0.));
#4935 = ORIENTED_EDGE('',*,*,#4890,.F.);
#4936 = ORIENTED_EDGE('',*,*,#1331,.F.);
#4937 = ORIENTED_EDGE('',*,*,#4938,.T.);
#4938 = EDGE_CURVE('',#1324,#4929,#4939,.T.);
#4939 = LINE('',#4940,#4941);
#4940 = CARTESIAN_POINT('',(1.806819796562,29.878993988037,0.));
#4941 = VECTOR('',#4942,1.);
#4942 = DIRECTION('',(0.,0.,1.));
#4943 = PLANE('',#4944);
#4944 = AXIS2_PLACEMENT_3D('',#4945,#4946,#4947);
#4945 = CARTESIAN_POINT('',(2.017394602299,29.093117713928,
    3.349999904633));
#4946 = DIRECTION('',(0.965925859248,0.258818922098,0.));
#4947 = DIRECTION('',(-0.258818922098,0.965925859248,0.));
#4948 = ADVANCED_FACE('',(#4949),#4967,.T.);
#4949 = FACE_BOUND('',#4950,.T.);
#4950 = EDGE_LOOP('',(#4951,#4959,#4965,#4966));
#4951 = ORIENTED_EDGE('',*,*,#4952,.F.);
#4952 = EDGE_CURVE('',#4953,#4905,#4955,.T.);
#4953 = VERTEX_POINT('',#4954);
#4954 = CARTESIAN_POINT('',(19.772031784058,28.307241439819,
    6.699999809265));
#4955 = LINE('',#4956,#4957);
#4956 = CARTESIAN_POINT('',(19.772031784058,28.307241439819,
    6.699999809265));
#4957 = VECTOR('',#4958,1.);
#4958 = DIRECTION('',(-0.422619270862,-0.906307316475,0.));
#4959 = ORIENTED_EDGE('',*,*,#4960,.F.);
#4960 = EDGE_CURVE('',#1156,#4953,#4961,.T.);
#4961 = LINE('',#4962,#4963);
#4962 = CARTESIAN_POINT('',(19.772031784058,28.307241439819,0.));
#4963 = VECTOR('',#4964,1.);
#4964 = DIRECTION('',(0.,0.,1.));
#4965 = ORIENTED_EDGE('',*,*,#1155,.F.);
#4966 = ORIENTED_EDGE('',*,*,#4912,.T.);
#4967 = PLANE('',#4968);
#4968 = AXIS2_PLACEMENT_3D('',#4969,#4970,#4971);
#4969 = CARTESIAN_POINT('',(19.428189277649,27.569870948792,
    3.349999904633));
#4970 = DIRECTION('',(-0.906307316475,0.422619270862,0.));
#4971 = DIRECTION('',(-0.422619270862,-0.906307316475,0.));
#4972 = ADVANCED_FACE('',(#4973),#4991,.T.);
#4973 = FACE_BOUND('',#4974,.T.);
#4974 = EDGE_LOOP('',(#4975,#4983,#4984,#4985));
#4975 = ORIENTED_EDGE('',*,*,#4976,.F.);
#4976 = EDGE_CURVE('',#4929,#4977,#4979,.T.);
#4977 = VERTEX_POINT('',#4978);
#4978 = CARTESIAN_POINT('',(1.664999842644,31.5,6.699999809265));
#4979 = LINE('',#4980,#4981);
#4980 = CARTESIAN_POINT('',(1.806819796562,29.878993988037,
    6.699999809265));
#4981 = VECTOR('',#4982,1.);
#4982 = DIRECTION('',(-8.715592837494E-02,0.996194681851,0.));
#4983 = ORIENTED_EDGE('',*,*,#4938,.F.);
#4984 = ORIENTED_EDGE('',*,*,#1323,.F.);
#4985 = ORIENTED_EDGE('',*,*,#4986,.F.);
#4986 = EDGE_CURVE('',#4977,#1316,#4987,.T.);
#4987 = LINE('',#4988,#4989);
#4988 = CARTESIAN_POINT('',(1.664999842644,31.5,6.699999809265));
#4989 = VECTOR('',#4990,1.);
#4990 = DIRECTION('',(0.,0.,-1.));
#4991 = PLANE('',#4992);
#4992 = AXIS2_PLACEMENT_3D('',#4993,#4994,#4995);
#4993 = CARTESIAN_POINT('',(1.735909819603,30.689496994019,
    3.349999904633));
#4994 = DIRECTION('',(0.996194681851,8.715592837494E-02,0.));
#4995 = DIRECTION('',(-8.715592837494E-02,0.996194681851,0.));
#4996 = ADVANCED_FACE('',(#4997),#5015,.T.);
#4997 = FACE_BOUND('',#4998,.T.);
#4998 = EDGE_LOOP('',(#4999,#5007,#5013,#5014));
#4999 = ORIENTED_EDGE('',*,*,#5000,.F.);
#5000 = EDGE_CURVE('',#5001,#4953,#5003,.T.);
#5001 = VERTEX_POINT('',#5002);
#5002 = CARTESIAN_POINT('',(20.193180084229,29.878993988037,
    6.699999809265));
#5003 = LINE('',#5004,#5005);
#5004 = CARTESIAN_POINT('',(20.193180084229,29.878993988037,
    6.699999809265));
#5005 = VECTOR('',#5006,1.);
#5006 = DIRECTION('',(-0.258818170215,-0.965926060714,0.));
#5007 = ORIENTED_EDGE('',*,*,#5008,.F.);
#5008 = EDGE_CURVE('',#1164,#5001,#5009,.T.);
#5009 = LINE('',#5010,#5011);
#5010 = CARTESIAN_POINT('',(20.193180084229,29.878993988037,0.));
#5011 = VECTOR('',#5012,1.);
#5012 = DIRECTION('',(0.,0.,1.));
#5013 = ORIENTED_EDGE('',*,*,#1163,.F.);
#5014 = ORIENTED_EDGE('',*,*,#4960,.T.);
#5015 = PLANE('',#5016);
#5016 = AXIS2_PLACEMENT_3D('',#5017,#5018,#5019);
#5017 = CARTESIAN_POINT('',(19.982605934143,29.093117713928,
    3.349999904633));
#5018 = DIRECTION('',(-0.965926060714,0.258818170215,0.));
#5019 = DIRECTION('',(-0.258818170215,-0.965926060714,0.));
#5020 = ADVANCED_FACE('',(#5021),#5039,.T.);
#5021 = FACE_BOUND('',#5022,.T.);
#5022 = EDGE_LOOP('',(#5023,#5031,#5032,#5033));
#5023 = ORIENTED_EDGE('',*,*,#5024,.F.);
#5024 = EDGE_CURVE('',#4977,#5025,#5027,.T.);
#5025 = VERTEX_POINT('',#5026);
#5026 = CARTESIAN_POINT('',(1.806819796562,33.121006011963,
    6.699999809265));
#5027 = LINE('',#5028,#5029);
#5028 = CARTESIAN_POINT('',(1.664999842644,31.5,6.699999809265));
#5029 = VECTOR('',#5030,1.);
#5030 = DIRECTION('',(8.715592837494E-02,0.996194681851,0.));
#5031 = ORIENTED_EDGE('',*,*,#4986,.T.);
#5032 = ORIENTED_EDGE('',*,*,#1315,.F.);
#5033 = ORIENTED_EDGE('',*,*,#5034,.T.);
#5034 = EDGE_CURVE('',#1308,#5025,#5035,.T.);
#5035 = LINE('',#5036,#5037);
#5036 = CARTESIAN_POINT('',(1.806819796562,33.121006011963,0.));
#5037 = VECTOR('',#5038,1.);
#5038 = DIRECTION('',(0.,0.,1.));
#5039 = PLANE('',#5040);
#5040 = AXIS2_PLACEMENT_3D('',#5041,#5042,#5043);
#5041 = CARTESIAN_POINT('',(1.735909819603,32.310503005981,
    3.349999904633));
#5042 = DIRECTION('',(0.996194681851,-8.715592837494E-02,0.));
#5043 = DIRECTION('',(8.715592837494E-02,0.996194681851,0.));
#5044 = ADVANCED_FACE('',(#5045),#5063,.T.);
#5045 = FACE_BOUND('',#5046,.T.);
#5046 = EDGE_LOOP('',(#5047,#5055,#5061,#5062));
#5047 = ORIENTED_EDGE('',*,*,#5048,.F.);
#5048 = EDGE_CURVE('',#5049,#5001,#5051,.T.);
#5049 = VERTEX_POINT('',#5050);
#5050 = CARTESIAN_POINT('',(20.335000991821,31.5,6.699999809265));
#5051 = LINE('',#5052,#5053);
#5052 = CARTESIAN_POINT('',(20.335000991821,31.5,6.699999809265));
#5053 = VECTOR('',#5054,1.);
#5054 = DIRECTION('',(-8.715651000666E-02,-0.996194630965,0.));
#5055 = ORIENTED_EDGE('',*,*,#5056,.F.);
#5056 = EDGE_CURVE('',#1172,#5049,#5057,.T.);
#5057 = LINE('',#5058,#5059);
#5058 = CARTESIAN_POINT('',(20.335000991821,31.5,0.));
#5059 = VECTOR('',#5060,1.);
#5060 = DIRECTION('',(0.,0.,1.));
#5061 = ORIENTED_EDGE('',*,*,#1171,.F.);
#5062 = ORIENTED_EDGE('',*,*,#5008,.T.);
#5063 = PLANE('',#5064);
#5064 = AXIS2_PLACEMENT_3D('',#5065,#5066,#5067);
#5065 = CARTESIAN_POINT('',(20.264090538025,30.689496994019,
    3.349999904633));
#5066 = DIRECTION('',(-0.996194630965,8.715651000666E-02,0.));
#5067 = DIRECTION('',(-8.715651000666E-02,-0.996194630965,0.));
#5068 = ADVANCED_FACE('',(#5069),#5087,.T.);
#5069 = FACE_BOUND('',#5070,.T.);
#5070 = EDGE_LOOP('',(#5071,#5079,#5080,#5081));
#5071 = ORIENTED_EDGE('',*,*,#5072,.F.);
#5072 = EDGE_CURVE('',#5025,#5073,#5075,.T.);
#5073 = VERTEX_POINT('',#5074);
#5074 = CARTESIAN_POINT('',(2.227969408035,34.692760467529,
    6.699999809265));
#5075 = LINE('',#5076,#5077);
#5076 = CARTESIAN_POINT('',(1.806819796562,33.121006011963,
    6.699999809265));
#5077 = VECTOR('',#5078,1.);
#5078 = DIRECTION('',(0.258818629056,0.965925937768,0.));
#5079 = ORIENTED_EDGE('',*,*,#5034,.F.);
#5080 = ORIENTED_EDGE('',*,*,#1307,.F.);
#5081 = ORIENTED_EDGE('',*,*,#5082,.T.);
#5082 = EDGE_CURVE('',#1300,#5073,#5083,.T.);
#5083 = LINE('',#5084,#5085);
#5084 = CARTESIAN_POINT('',(2.227969408035,34.692760467529,0.));
#5085 = VECTOR('',#5086,1.);
#5086 = DIRECTION('',(0.,0.,1.));
#5087 = PLANE('',#5088);
#5088 = AXIS2_PLACEMENT_3D('',#5089,#5090,#5091);
#5089 = CARTESIAN_POINT('',(2.017394602299,33.906883239746,
    3.349999904633));
#5090 = DIRECTION('',(0.965925937768,-0.258818629056,0.));
#5091 = DIRECTION('',(0.258818629056,0.965925937768,0.));
#5092 = ADVANCED_FACE('',(#5093),#5111,.T.);
#5093 = FACE_BOUND('',#5094,.T.);
#5094 = EDGE_LOOP('',(#5095,#5103,#5109,#5110));
#5095 = ORIENTED_EDGE('',*,*,#5096,.F.);
#5096 = EDGE_CURVE('',#5097,#5049,#5099,.T.);
#5097 = VERTEX_POINT('',#5098);
#5098 = CARTESIAN_POINT('',(20.193180084229,33.121006011963,
    6.699999809265));
#5099 = LINE('',#5100,#5101);
#5100 = CARTESIAN_POINT('',(20.193180084229,33.121006011963,
    6.699999809265));
#5101 = VECTOR('',#5102,1.);
#5102 = DIRECTION('',(8.715651000666E-02,-0.996194630965,0.));
#5103 = ORIENTED_EDGE('',*,*,#5104,.F.);
#5104 = EDGE_CURVE('',#1180,#5097,#5105,.T.);
#5105 = LINE('',#5106,#5107);
#5106 = CARTESIAN_POINT('',(20.193180084229,33.121006011963,0.));
#5107 = VECTOR('',#5108,1.);
#5108 = DIRECTION('',(0.,0.,1.));
#5109 = ORIENTED_EDGE('',*,*,#1179,.F.);
#5110 = ORIENTED_EDGE('',*,*,#5056,.T.);
#5111 = PLANE('',#5112);
#5112 = AXIS2_PLACEMENT_3D('',#5113,#5114,#5115);
#5113 = CARTESIAN_POINT('',(20.264090538025,32.310503005981,
    3.349999904633));
#5114 = DIRECTION('',(-0.996194630965,-8.715651000666E-02,-0.));
#5115 = DIRECTION('',(8.715651000666E-02,-0.996194630965,0.));
#5116 = ADVANCED_FACE('',(#5117),#5135,.T.);
#5117 = FACE_BOUND('',#5118,.T.);
#5118 = EDGE_LOOP('',(#5119,#5127,#5128,#5129));
#5119 = ORIENTED_EDGE('',*,*,#5120,.F.);
#5120 = EDGE_CURVE('',#5073,#5121,#5123,.T.);
#5121 = VERTEX_POINT('',#5122);
#5122 = CARTESIAN_POINT('',(2.915652513504,36.167499542236,
    6.699999809265));
#5123 = LINE('',#5124,#5125);
#5124 = CARTESIAN_POINT('',(2.227969408035,34.692760467529,
    6.699999809265));
#5125 = VECTOR('',#5126,1.);
#5126 = DIRECTION('',(0.422618757018,0.906307556085,0.));
#5127 = ORIENTED_EDGE('',*,*,#5082,.F.);
#5128 = ORIENTED_EDGE('',*,*,#1299,.F.);
#5129 = ORIENTED_EDGE('',*,*,#5130,.T.);
#5130 = EDGE_CURVE('',#1292,#5121,#5131,.T.);
#5131 = LINE('',#5132,#5133);
#5132 = CARTESIAN_POINT('',(2.915652513504,36.167499542236,0.));
#5133 = VECTOR('',#5134,1.);
#5134 = DIRECTION('',(0.,0.,1.));
#5135 = PLANE('',#5136);
#5136 = AXIS2_PLACEMENT_3D('',#5137,#5138,#5139);
#5137 = CARTESIAN_POINT('',(2.57181096077,35.430130004883,3.349999904633
    ));
#5138 = DIRECTION('',(0.906307556085,-0.422618757018,0.));
#5139 = DIRECTION('',(0.422618757018,0.906307556085,0.));
#5140 = ADVANCED_FACE('',(#5141),#5159,.T.);
#5141 = FACE_BOUND('',#5142,.T.);
#5142 = EDGE_LOOP('',(#5143,#5151,#5157,#5158));
#5143 = ORIENTED_EDGE('',*,*,#5144,.F.);
#5144 = EDGE_CURVE('',#5145,#5097,#5147,.T.);
#5145 = VERTEX_POINT('',#5146);
#5146 = CARTESIAN_POINT('',(19.772031784058,34.692760467529,
    6.699999809265));
#5147 = LINE('',#5148,#5149);
#5148 = CARTESIAN_POINT('',(19.772031784058,34.692760467529,
    6.699999809265));
#5149 = VECTOR('',#5150,1.);
#5150 = DIRECTION('',(0.258817877174,-0.965926139234,0.));
#5151 = ORIENTED_EDGE('',*,*,#5152,.F.);
#5152 = EDGE_CURVE('',#1188,#5145,#5153,.T.);
#5153 = LINE('',#5154,#5155);
#5154 = CARTESIAN_POINT('',(19.772031784058,34.692760467529,0.));
#5155 = VECTOR('',#5156,1.);
#5156 = DIRECTION('',(0.,0.,1.));
#5157 = ORIENTED_EDGE('',*,*,#1187,.F.);
#5158 = ORIENTED_EDGE('',*,*,#5104,.T.);
#5159 = PLANE('',#5160);
#5160 = AXIS2_PLACEMENT_3D('',#5161,#5162,#5163);
#5161 = CARTESIAN_POINT('',(19.982605934143,33.906883239746,
    3.349999904633));
#5162 = DIRECTION('',(-0.965926139234,-0.258817877174,-0.));
#5163 = DIRECTION('',(0.258817877174,-0.965926139234,0.));
#5164 = ADVANCED_FACE('',(#5165),#5183,.T.);
#5165 = FACE_BOUND('',#5166,.T.);
#5166 = EDGE_LOOP('',(#5167,#5175,#5176,#5177));
#5167 = ORIENTED_EDGE('',*,*,#5168,.F.);
#5168 = EDGE_CURVE('',#5121,#5169,#5171,.T.);
#5169 = VERTEX_POINT('',#5170);
#5170 = CARTESIAN_POINT('',(3.848975419998,37.500423431396,
    6.699999809265));
#5171 = LINE('',#5172,#5173);
#5172 = CARTESIAN_POINT('',(2.915652513504,36.167499542236,
    6.699999809265));
#5173 = VECTOR('',#5174,1.);
#5174 = DIRECTION('',(0.57357625138,0.819152173807,0.));
#5175 = ORIENTED_EDGE('',*,*,#5130,.F.);
#5176 = ORIENTED_EDGE('',*,*,#1291,.F.);
#5177 = ORIENTED_EDGE('',*,*,#5178,.T.);
#5178 = EDGE_CURVE('',#1284,#5169,#5179,.T.);
#5179 = LINE('',#5180,#5181);
#5180 = CARTESIAN_POINT('',(3.848975419998,37.500423431396,0.));
#5181 = VECTOR('',#5182,1.);
#5182 = DIRECTION('',(0.,0.,1.));
#5183 = PLANE('',#5184);
#5184 = AXIS2_PLACEMENT_3D('',#5185,#5186,#5187);
#5185 = CARTESIAN_POINT('',(3.382313966751,36.833961486816,
    3.349999904633));
#5186 = DIRECTION('',(0.819152173807,-0.57357625138,0.));
#5187 = DIRECTION('',(0.57357625138,0.819152173807,0.));
#5188 = ADVANCED_FACE('',(#5189),#5207,.T.);
#5189 = FACE_BOUND('',#5190,.T.);
#5190 = EDGE_LOOP('',(#5191,#5199,#5205,#5206));
#5191 = ORIENTED_EDGE('',*,*,#5192,.F.);
#5192 = EDGE_CURVE('',#5193,#5145,#5195,.T.);
#5193 = VERTEX_POINT('',#5194);
#5194 = CARTESIAN_POINT('',(19.08434677124,36.167499542236,
    6.699999809265));
#5195 = LINE('',#5196,#5197);
#5196 = CARTESIAN_POINT('',(19.08434677124,36.167499542236,
    6.699999809265));
#5197 = VECTOR('',#5198,1.);
#5198 = DIRECTION('',(0.42261971983,-0.906307107117,0.));
#5199 = ORIENTED_EDGE('',*,*,#5200,.F.);
#5200 = EDGE_CURVE('',#1196,#5193,#5201,.T.);
#5201 = LINE('',#5202,#5203);
#5202 = CARTESIAN_POINT('',(19.08434677124,36.167499542236,0.));
#5203 = VECTOR('',#5204,1.);
#5204 = DIRECTION('',(0.,0.,1.));
#5205 = ORIENTED_EDGE('',*,*,#1195,.F.);
#5206 = ORIENTED_EDGE('',*,*,#5152,.T.);
#5207 = PLANE('',#5208);
#5208 = AXIS2_PLACEMENT_3D('',#5209,#5210,#5211);
#5209 = CARTESIAN_POINT('',(19.428189277649,35.430130004883,
    3.349999904633));
#5210 = DIRECTION('',(-0.906307107117,-0.42261971983,-0.));
#5211 = DIRECTION('',(0.42261971983,-0.906307107117,0.));
#5212 = ADVANCED_FACE('',(#5213),#5231,.T.);
#5213 = FACE_BOUND('',#5214,.T.);
#5214 = EDGE_LOOP('',(#5215,#5223,#5224,#5225));
#5215 = ORIENTED_EDGE('',*,*,#5216,.F.);
#5216 = EDGE_CURVE('',#5169,#5217,#5219,.T.);
#5217 = VERTEX_POINT('',#5218);
#5218 = CARTESIAN_POINT('',(4.999577999115,38.651023864746,
    6.699999809265));
#5219 = LINE('',#5220,#5221);
#5220 = CARTESIAN_POINT('',(3.848975419998,37.500423431396,
    6.699999809265));
#5221 = VECTOR('',#5222,1.);
#5222 = DIRECTION('',(0.707107440531,0.707106121841,0.));
#5223 = ORIENTED_EDGE('',*,*,#5178,.F.);
#5224 = ORIENTED_EDGE('',*,*,#1283,.F.);
#5225 = ORIENTED_EDGE('',*,*,#5226,.T.);
#5226 = EDGE_CURVE('',#1276,#5217,#5227,.T.);
#5227 = LINE('',#5228,#5229);
#5228 = CARTESIAN_POINT('',(4.999577999115,38.651023864746,0.));
#5229 = VECTOR('',#5230,1.);
#5230 = DIRECTION('',(0.,0.,1.));
#5231 = PLANE('',#5232);
#5232 = AXIS2_PLACEMENT_3D('',#5233,#5234,#5235);
#5233 = CARTESIAN_POINT('',(4.424276709557,38.075723648071,
    3.349999904633));
#5234 = DIRECTION('',(0.707106121841,-0.707107440531,0.));
#5235 = DIRECTION('',(-0.707107440531,-0.707106121841,0.));
#5236 = ADVANCED_FACE('',(#5237),#5255,.T.);
#5237 = FACE_BOUND('',#5238,.T.);
#5238 = EDGE_LOOP('',(#5239,#5247,#5253,#5254));
#5239 = ORIENTED_EDGE('',*,*,#5240,.F.);
#5240 = EDGE_CURVE('',#5241,#5193,#5243,.T.);
#5241 = VERTEX_POINT('',#5242);
#5242 = CARTESIAN_POINT('',(18.151025772095,37.500423431396,
    6.699999809265));
#5243 = LINE('',#5244,#5245);
#5244 = CARTESIAN_POINT('',(18.151025772095,37.500423431396,
    6.699999809265));
#5245 = VECTOR('',#5246,1.);
#5246 = DIRECTION('',(0.573575464843,-0.819152724545,0.));
#5247 = ORIENTED_EDGE('',*,*,#5248,.F.);
#5248 = EDGE_CURVE('',#1204,#5241,#5249,.T.);
#5249 = LINE('',#5250,#5251);
#5250 = CARTESIAN_POINT('',(18.151025772095,37.500423431396,0.));
#5251 = VECTOR('',#5252,1.);
#5252 = DIRECTION('',(0.,0.,1.));
#5253 = ORIENTED_EDGE('',*,*,#1203,.F.);
#5254 = ORIENTED_EDGE('',*,*,#5200,.T.);
#5255 = PLANE('',#5256);
#5256 = AXIS2_PLACEMENT_3D('',#5257,#5258,#5259);
#5257 = CARTESIAN_POINT('',(18.617686271667,36.833961486816,
    3.349999904633));
#5258 = DIRECTION('',(-0.819152724545,-0.573575464843,-0.));
#5259 = DIRECTION('',(0.573575464843,-0.819152724545,0.));
#5260 = ADVANCED_FACE('',(#5261),#5279,.T.);
#5261 = FACE_BOUND('',#5262,.T.);
#5262 = EDGE_LOOP('',(#5263,#5271,#5272,#5273));
#5263 = ORIENTED_EDGE('',*,*,#5264,.F.);
#5264 = EDGE_CURVE('',#5217,#5265,#5267,.T.);
#5265 = VERTEX_POINT('',#5266);
#5266 = CARTESIAN_POINT('',(6.332499980927,39.58434677124,6.699999809265
    ));
#5267 = LINE('',#5268,#5269);
#5268 = CARTESIAN_POINT('',(4.999577999115,38.651023864746,
    6.699999809265));
#5269 = VECTOR('',#5270,1.);
#5270 = DIRECTION('',(0.819151788176,0.573576802118,0.));
#5271 = ORIENTED_EDGE('',*,*,#5226,.F.);
#5272 = ORIENTED_EDGE('',*,*,#1275,.F.);
#5273 = ORIENTED_EDGE('',*,*,#5274,.T.);
#5274 = EDGE_CURVE('',#1268,#5265,#5275,.T.);
#5275 = LINE('',#5276,#5277);
#5276 = CARTESIAN_POINT('',(6.332499980927,39.58434677124,0.));
#5277 = VECTOR('',#5278,1.);
#5278 = DIRECTION('',(0.,0.,1.));
#5279 = PLANE('',#5280);
#5280 = AXIS2_PLACEMENT_3D('',#5281,#5282,#5283);
#5281 = CARTESIAN_POINT('',(5.666038990021,39.117685317993,
    3.349999904633));
#5282 = DIRECTION('',(0.573576802118,-0.819151788176,0.));
#5283 = DIRECTION('',(-0.819151788176,-0.573576802118,0.));
#5284 = ADVANCED_FACE('',(#5285),#5303,.T.);
#5285 = FACE_BOUND('',#5286,.T.);
#5286 = EDGE_LOOP('',(#5287,#5295,#5301,#5302));
#5287 = ORIENTED_EDGE('',*,*,#5288,.F.);
#5288 = EDGE_CURVE('',#5289,#5241,#5291,.T.);
#5289 = VERTEX_POINT('',#5290);
#5290 = CARTESIAN_POINT('',(17.000423431396,38.651023864746,
    6.699999809265));
#5291 = LINE('',#5292,#5293);
#5292 = CARTESIAN_POINT('',(17.000423431396,38.651023864746,
    6.699999809265));
#5293 = VECTOR('',#5294,1.);
#5294 = DIRECTION('',(0.707107367271,-0.707106195102,0.));
#5295 = ORIENTED_EDGE('',*,*,#5296,.F.);
#5296 = EDGE_CURVE('',#1212,#5289,#5297,.T.);
#5297 = LINE('',#5298,#5299);
#5298 = CARTESIAN_POINT('',(17.000423431396,38.651023864746,0.));
#5299 = VECTOR('',#5300,1.);
#5300 = DIRECTION('',(0.,0.,1.));
#5301 = ORIENTED_EDGE('',*,*,#1211,.F.);
#5302 = ORIENTED_EDGE('',*,*,#5248,.T.);
#5303 = PLANE('',#5304);
#5304 = AXIS2_PLACEMENT_3D('',#5305,#5306,#5307);
#5305 = CARTESIAN_POINT('',(17.575724601746,38.075723648071,
    3.349999904633));
#5306 = DIRECTION('',(-0.707106195102,-0.707107367271,-0.));
#5307 = DIRECTION('',(-0.707107367271,0.707106195102,0.));
#5308 = ADVANCED_FACE('',(#5309),#5327,.T.);
#5309 = FACE_BOUND('',#5310,.T.);
#5310 = EDGE_LOOP('',(#5311,#5319,#5320,#5321));
#5311 = ORIENTED_EDGE('',*,*,#5312,.F.);
#5312 = EDGE_CURVE('',#5265,#5313,#5315,.T.);
#5313 = VERTEX_POINT('',#5314);
#5314 = CARTESIAN_POINT('',(7.807241916656,40.272029876709,
    6.699999809265));
#5315 = LINE('',#5316,#5317);
#5316 = CARTESIAN_POINT('',(6.332499980927,39.58434677124,6.699999809265
    ));
#5317 = VECTOR('',#5318,1.);
#5318 = DIRECTION('',(0.90630787012,0.422618083568,0.));
#5319 = ORIENTED_EDGE('',*,*,#5274,.F.);
#5320 = ORIENTED_EDGE('',*,*,#1267,.F.);
#5321 = ORIENTED_EDGE('',*,*,#5322,.T.);
#5322 = EDGE_CURVE('',#1260,#5313,#5323,.T.);
#5323 = LINE('',#5324,#5325);
#5324 = CARTESIAN_POINT('',(7.807241916656,40.272029876709,0.));
#5325 = VECTOR('',#5326,1.);
#5326 = DIRECTION('',(0.,0.,1.));
#5327 = PLANE('',#5328);
#5328 = AXIS2_PLACEMENT_3D('',#5329,#5330,#5331);
#5329 = CARTESIAN_POINT('',(7.069870948792,39.928188323975,
    3.349999904633));
#5330 = DIRECTION('',(0.422618083568,-0.90630787012,0.));
#5331 = DIRECTION('',(-0.90630787012,-0.422618083568,0.));
#5332 = ADVANCED_FACE('',(#5333),#5351,.T.);
#5333 = FACE_BOUND('',#5334,.T.);
#5334 = EDGE_LOOP('',(#5335,#5343,#5349,#5350));
#5335 = ORIENTED_EDGE('',*,*,#5336,.F.);
#5336 = EDGE_CURVE('',#5337,#5289,#5339,.T.);
#5337 = VERTEX_POINT('',#5338);
#5338 = CARTESIAN_POINT('',(15.667499542236,39.58434677124,
    6.699999809265));
#5339 = LINE('',#5340,#5341);
#5340 = CARTESIAN_POINT('',(15.667499542236,39.58434677124,
    6.699999809265));
#5341 = VECTOR('',#5342,1.);
#5342 = DIRECTION('',(0.819152173807,-0.57357625138,0.));
#5343 = ORIENTED_EDGE('',*,*,#5344,.F.);
#5344 = EDGE_CURVE('',#1220,#5337,#5345,.T.);
#5345 = LINE('',#5346,#5347);
#5346 = CARTESIAN_POINT('',(15.667499542236,39.58434677124,0.));
#5347 = VECTOR('',#5348,1.);
#5348 = DIRECTION('',(0.,0.,1.));
#5349 = ORIENTED_EDGE('',*,*,#1219,.F.);
#5350 = ORIENTED_EDGE('',*,*,#5296,.T.);
#5351 = PLANE('',#5352);
#5352 = AXIS2_PLACEMENT_3D('',#5353,#5354,#5355);
#5353 = CARTESIAN_POINT('',(16.333961486816,39.117685317993,
    3.349999904633));
#5354 = DIRECTION('',(-0.57357625138,-0.819152173807,-0.));
#5355 = DIRECTION('',(-0.819152173807,0.57357625138,0.));
#5356 = ADVANCED_FACE('',(#5357),#5375,.T.);
#5357 = FACE_BOUND('',#5358,.T.);
#5358 = EDGE_LOOP('',(#5359,#5367,#5368,#5369));
#5359 = ORIENTED_EDGE('',*,*,#5360,.F.);
#5360 = EDGE_CURVE('',#5313,#5361,#5363,.T.);
#5361 = VERTEX_POINT('',#5362);
#5362 = CARTESIAN_POINT('',(9.378993988037,40.693180084229,
    6.699999809265));
#5363 = LINE('',#5364,#5365);
#5364 = CARTESIAN_POINT('',(7.807241916656,40.272029876709,
    6.699999809265));
#5365 = VECTOR('',#5366,1.);
#5366 = DIRECTION('',(0.965925748042,0.258819337123,0.));
#5367 = ORIENTED_EDGE('',*,*,#5322,.F.);
#5368 = ORIENTED_EDGE('',*,*,#1259,.F.);
#5369 = ORIENTED_EDGE('',*,*,#5370,.T.);
#5370 = EDGE_CURVE('',#1252,#5361,#5371,.T.);
#5371 = LINE('',#5372,#5373);
#5372 = CARTESIAN_POINT('',(9.378993988037,40.693180084229,0.));
#5373 = VECTOR('',#5374,1.);
#5374 = DIRECTION('',(0.,0.,1.));
#5375 = PLANE('',#5376);
#5376 = AXIS2_PLACEMENT_3D('',#5377,#5378,#5379);
#5377 = CARTESIAN_POINT('',(8.593117952347,40.482604980469,
    3.349999904633));
#5378 = DIRECTION('',(0.258819337123,-0.965925748042,0.));
#5379 = DIRECTION('',(-0.965925748042,-0.258819337123,0.));
#5380 = ADVANCED_FACE('',(#5381),#5399,.T.);
#5381 = FACE_BOUND('',#5382,.T.);
#5382 = EDGE_LOOP('',(#5383,#5391,#5397,#5398));
#5383 = ORIENTED_EDGE('',*,*,#5384,.F.);
#5384 = EDGE_CURVE('',#5385,#5337,#5387,.T.);
#5385 = VERTEX_POINT('',#5386);
#5386 = CARTESIAN_POINT('',(14.192758560181,40.272029876709,
    6.699999809265));
#5387 = LINE('',#5388,#5389);
#5388 = CARTESIAN_POINT('',(14.192758560181,40.272029876709,
    6.699999809265));
#5389 = VECTOR('',#5390,1.);
#5390 = DIRECTION('',(0.906307765442,-0.422618308051,0.));
#5391 = ORIENTED_EDGE('',*,*,#5392,.F.);
#5392 = EDGE_CURVE('',#1228,#5385,#5393,.T.);
#5393 = LINE('',#5394,#5395);
#5394 = CARTESIAN_POINT('',(14.192758560181,40.272029876709,0.));
#5395 = VECTOR('',#5396,1.);
#5396 = DIRECTION('',(0.,0.,1.));
#5397 = ORIENTED_EDGE('',*,*,#1227,.F.);
#5398 = ORIENTED_EDGE('',*,*,#5344,.T.);
#5399 = PLANE('',#5400);
#5400 = AXIS2_PLACEMENT_3D('',#5401,#5402,#5403);
#5401 = CARTESIAN_POINT('',(14.930129051208,39.928188323975,
    3.349999904633));
#5402 = DIRECTION('',(-0.422618308051,-0.906307765442,-0.));
#5403 = DIRECTION('',(-0.906307765442,0.422618308051,0.));
#5404 = ADVANCED_FACE('',(#5405),#5423,.T.);
#5405 = FACE_BOUND('',#5406,.T.);
#5406 = EDGE_LOOP('',(#5407,#5415,#5416,#5417));
#5407 = ORIENTED_EDGE('',*,*,#5408,.F.);
#5408 = EDGE_CURVE('',#5361,#5409,#5411,.T.);
#5409 = VERTEX_POINT('',#5410);
#5410 = CARTESIAN_POINT('',(11.,40.834999084473,6.699999809265));
#5411 = LINE('',#5412,#5413);
#5412 = CARTESIAN_POINT('',(9.378993988037,40.693180084229,
    6.699999809265));
#5413 = VECTOR('',#5414,1.);
#5414 = DIRECTION('',(0.996194732738,8.715534674313E-02,0.));
#5415 = ORIENTED_EDGE('',*,*,#5370,.F.);
#5416 = ORIENTED_EDGE('',*,*,#1251,.F.);
#5417 = ORIENTED_EDGE('',*,*,#5418,.T.);
#5418 = EDGE_CURVE('',#1244,#5409,#5419,.T.);
#5419 = LINE('',#5420,#5421);
#5420 = CARTESIAN_POINT('',(11.,40.834999084473,0.));
#5421 = VECTOR('',#5422,1.);
#5422 = DIRECTION('',(0.,0.,1.));
#5423 = PLANE('',#5424);
#5424 = AXIS2_PLACEMENT_3D('',#5425,#5426,#5427);
#5425 = CARTESIAN_POINT('',(10.189496994019,40.764089584351,
    3.349999904633));
#5426 = DIRECTION('',(8.715534674313E-02,-0.996194732738,0.));
#5427 = DIRECTION('',(-0.996194732738,-8.715534674313E-02,0.));
#5428 = ADVANCED_FACE('',(#5429),#5447,.T.);
#5429 = FACE_BOUND('',#5430,.T.);
#5430 = EDGE_LOOP('',(#5431,#5439,#5445,#5446));
#5431 = ORIENTED_EDGE('',*,*,#5432,.F.);
#5432 = EDGE_CURVE('',#5433,#5385,#5435,.T.);
#5433 = VERTEX_POINT('',#5434);
#5434 = CARTESIAN_POINT('',(12.621006011963,40.693180084229,
    6.699999809265));
#5435 = LINE('',#5436,#5437);
#5436 = CARTESIAN_POINT('',(12.621006011963,40.693180084229,
    6.699999809265));
#5437 = VECTOR('',#5438,1.);
#5438 = DIRECTION('',(0.965925767672,-0.258819263862,0.));
#5439 = ORIENTED_EDGE('',*,*,#5440,.F.);
#5440 = EDGE_CURVE('',#1236,#5433,#5441,.T.);
#5441 = LINE('',#5442,#5443);
#5442 = CARTESIAN_POINT('',(12.621006011963,40.693180084229,0.));
#5443 = VECTOR('',#5444,1.);
#5444 = DIRECTION('',(0.,0.,1.));
#5445 = ORIENTED_EDGE('',*,*,#1235,.F.);
#5446 = ORIENTED_EDGE('',*,*,#5392,.T.);
#5447 = PLANE('',#5448);
#5448 = AXIS2_PLACEMENT_3D('',#5449,#5450,#5451);
#5449 = CARTESIAN_POINT('',(13.406882286072,40.482604980469,
    3.349999904633));
#5450 = DIRECTION('',(-0.258819263862,-0.965925767672,-0.));
#5451 = DIRECTION('',(-0.965925767672,0.258819263862,0.));
#5452 = ADVANCED_FACE('',(#5453),#5464,.T.);
#5453 = FACE_BOUND('',#5454,.T.);
#5454 = EDGE_LOOP('',(#5455,#5461,#5462,#5463));
#5455 = ORIENTED_EDGE('',*,*,#5456,.F.);
#5456 = EDGE_CURVE('',#5409,#5433,#5457,.T.);
#5457 = LINE('',#5458,#5459);
#5458 = CARTESIAN_POINT('',(11.,40.834999084473,6.699999809265));
#5459 = VECTOR('',#5460,1.);
#5460 = DIRECTION('',(0.996194732738,-8.715534674313E-02,0.));
#5461 = ORIENTED_EDGE('',*,*,#5418,.F.);
#5462 = ORIENTED_EDGE('',*,*,#1243,.F.);
#5463 = ORIENTED_EDGE('',*,*,#5440,.T.);
#5464 = PLANE('',#5465);
#5465 = AXIS2_PLACEMENT_3D('',#5466,#5467,#5468);
#5466 = CARTESIAN_POINT('',(11.810503005981,40.764089584351,
    3.349999904633));
#5467 = DIRECTION('',(-8.715534674313E-02,-0.996194732738,-0.));
#5468 = DIRECTION('',(-0.996194732738,8.715534674313E-02,0.));
#5469 = ADVANCED_FACE('',(#5470,#5570,#5608),#5646,.T.);
#5470 = FACE_BOUND('',#5471,.T.);
#5471 = EDGE_LOOP('',(#5472,#5473,#5474,#5475,#5476,#5477,#5478,#5479,
    #5480,#5481,#5482,#5483,#5484,#5485,#5486,#5487,#5488,#5489,#5490,
    #5491,#5492,#5493,#5494,#5495,#5496,#5497,#5498,#5499,#5500,#5501,
    #5502,#5503,#5504,#5505,#5506,#5507,#5508,#5509,#5510,#5511,#5512,
    #5513,#5514,#5515,#5516,#5517,#5518,#5519,#5520,#5521,#5522,#5523,
    #5524,#5525,#5526,#5527,#5528,#5529,#5530,#5531,#5532,#5533,#5534,
    #5535,#5536,#5537,#5538,#5539,#5540,#5541,#5542,#5543,#5544,#5545,
    #5546,#5547,#5548,#5549,#5550,#5551,#5552,#5553,#5554,#5555,#5556,
    #5557,#5558,#5559,#5560,#5561,#5562,#5563,#5564,#5565,#5566,#5567,
    #5568,#5569));
#5472 = ORIENTED_EDGE('',*,*,#3728,.T.);
#5473 = ORIENTED_EDGE('',*,*,#1393,.F.);
#5474 = ORIENTED_EDGE('',*,*,#1433,.T.);
#5475 = ORIENTED_EDGE('',*,*,#1457,.T.);
#5476 = ORIENTED_EDGE('',*,*,#1481,.T.);
#5477 = ORIENTED_EDGE('',*,*,#1505,.T.);
#5478 = ORIENTED_EDGE('',*,*,#1529,.T.);
#5479 = ORIENTED_EDGE('',*,*,#1553,.T.);
#5480 = ORIENTED_EDGE('',*,*,#1576,.T.);
#5481 = ORIENTED_EDGE('',*,*,#1601,.T.);
#5482 = ORIENTED_EDGE('',*,*,#1625,.T.);
#5483 = ORIENTED_EDGE('',*,*,#1649,.T.);
#5484 = ORIENTED_EDGE('',*,*,#1673,.T.);
#5485 = ORIENTED_EDGE('',*,*,#1697,.T.);
#5486 = ORIENTED_EDGE('',*,*,#1721,.T.);
#5487 = ORIENTED_EDGE('',*,*,#1745,.T.);
#5488 = ORIENTED_EDGE('',*,*,#1769,.T.);
#5489 = ORIENTED_EDGE('',*,*,#1793,.T.);
#5490 = ORIENTED_EDGE('',*,*,#1817,.T.);
#5491 = ORIENTED_EDGE('',*,*,#1840,.T.);
#5492 = ORIENTED_EDGE('',*,*,#1856,.T.);
#5493 = ORIENTED_EDGE('',*,*,#1880,.T.);
#5494 = ORIENTED_EDGE('',*,*,#1904,.T.);
#5495 = ORIENTED_EDGE('',*,*,#1928,.T.);
#5496 = ORIENTED_EDGE('',*,*,#1952,.T.);
#5497 = ORIENTED_EDGE('',*,*,#1976,.T.);
#5498 = ORIENTED_EDGE('',*,*,#2000,.F.);
#5499 = ORIENTED_EDGE('',*,*,#2033,.T.);
#5500 = ORIENTED_EDGE('',*,*,#2057,.T.);
#5501 = ORIENTED_EDGE('',*,*,#2081,.T.);
#5502 = ORIENTED_EDGE('',*,*,#2105,.T.);
#5503 = ORIENTED_EDGE('',*,*,#2129,.T.);
#5504 = ORIENTED_EDGE('',*,*,#2153,.T.);
#5505 = ORIENTED_EDGE('',*,*,#2178,.T.);
#5506 = ORIENTED_EDGE('',*,*,#2202,.T.);
#5507 = ORIENTED_EDGE('',*,*,#2226,.T.);
#5508 = ORIENTED_EDGE('',*,*,#2250,.T.);
#5509 = ORIENTED_EDGE('',*,*,#2274,.T.);
#5510 = ORIENTED_EDGE('',*,*,#2298,.T.);
#5511 = ORIENTED_EDGE('',*,*,#2320,.T.);
#5512 = ORIENTED_EDGE('',*,*,#2346,.T.);
#5513 = ORIENTED_EDGE('',*,*,#2370,.T.);
#5514 = ORIENTED_EDGE('',*,*,#2394,.T.);
#5515 = ORIENTED_EDGE('',*,*,#2418,.T.);
#5516 = ORIENTED_EDGE('',*,*,#2442,.T.);
#5517 = ORIENTED_EDGE('',*,*,#2464,.T.);
#5518 = ORIENTED_EDGE('',*,*,#2490,.T.);
#5519 = ORIENTED_EDGE('',*,*,#2514,.T.);
#5520 = ORIENTED_EDGE('',*,*,#2538,.T.);
#5521 = ORIENTED_EDGE('',*,*,#2562,.T.);
#5522 = ORIENTED_EDGE('',*,*,#2586,.T.);
#5523 = ORIENTED_EDGE('',*,*,#2608,.T.);
#5524 = ORIENTED_EDGE('',*,*,#2634,.T.);
#5525 = ORIENTED_EDGE('',*,*,#2658,.T.);
#5526 = ORIENTED_EDGE('',*,*,#2682,.T.);
#5527 = ORIENTED_EDGE('',*,*,#2706,.T.);
#5528 = ORIENTED_EDGE('',*,*,#2730,.T.);
#5529 = ORIENTED_EDGE('',*,*,#2752,.T.);
#5530 = ORIENTED_EDGE('',*,*,#2768,.T.);
#5531 = ORIENTED_EDGE('',*,*,#2792,.T.);
#5532 = ORIENTED_EDGE('',*,*,#2816,.T.);
#5533 = ORIENTED_EDGE('',*,*,#2840,.T.);
#5534 = ORIENTED_EDGE('',*,*,#2864,.T.);
#5535 = ORIENTED_EDGE('',*,*,#2888,.T.);
#5536 = ORIENTED_EDGE('',*,*,#2912,.T.);
#5537 = ORIENTED_EDGE('',*,*,#2936,.T.);
#5538 = ORIENTED_EDGE('',*,*,#2960,.T.);
#5539 = ORIENTED_EDGE('',*,*,#2984,.T.);
#5540 = ORIENTED_EDGE('',*,*,#3018,.T.);
#5541 = ORIENTED_EDGE('',*,*,#3042,.T.);
#5542 = ORIENTED_EDGE('',*,*,#3066,.T.);
#5543 = ORIENTED_EDGE('',*,*,#3090,.T.);
#5544 = ORIENTED_EDGE('',*,*,#3114,.T.);
#5545 = ORIENTED_EDGE('',*,*,#3138,.T.);
#5546 = ORIENTED_EDGE('',*,*,#3160,.T.);
#5547 = ORIENTED_EDGE('',*,*,#3186,.T.);
#5548 = ORIENTED_EDGE('',*,*,#3210,.T.);
#5549 = ORIENTED_EDGE('',*,*,#3234,.T.);
#5550 = ORIENTED_EDGE('',*,*,#3258,.T.);
#5551 = ORIENTED_EDGE('',*,*,#3282,.T.);
#5552 = ORIENTED_EDGE('',*,*,#3304,.T.);
#5553 = ORIENTED_EDGE('',*,*,#3330,.T.);
#5554 = ORIENTED_EDGE('',*,*,#3354,.T.);
#5555 = ORIENTED_EDGE('',*,*,#3378,.T.);
#5556 = ORIENTED_EDGE('',*,*,#3402,.T.);
#5557 = ORIENTED_EDGE('',*,*,#3426,.T.);
#5558 = ORIENTED_EDGE('',*,*,#3448,.T.);
#5559 = ORIENTED_EDGE('',*,*,#3474,.T.);
#5560 = ORIENTED_EDGE('',*,*,#3498,.T.);
#5561 = ORIENTED_EDGE('',*,*,#3522,.T.);
#5562 = ORIENTED_EDGE('',*,*,#3546,.T.);
#5563 = ORIENTED_EDGE('',*,*,#3570,.T.);
#5564 = ORIENTED_EDGE('',*,*,#3592,.T.);
#5565 = ORIENTED_EDGE('',*,*,#3608,.T.);
#5566 = ORIENTED_EDGE('',*,*,#3632,.T.);
#5567 = ORIENTED_EDGE('',*,*,#3656,.T.);
#5568 = ORIENTED_EDGE('',*,*,#3680,.T.);
#5569 = ORIENTED_EDGE('',*,*,#3704,.T.);
#5570 = FACE_BOUND('',#5571,.T.);
#5571 = EDGE_LOOP('',(#5572,#5573,#5574,#5575,#5576,#5577,#5578,#5579,
    #5580,#5581,#5582,#5583,#5584,#5585,#5586,#5587,#5588,#5589,#5590,
    #5591,#5592,#5593,#5594,#5595,#5596,#5597,#5598,#5599,#5600,#5601,
    #5602,#5603,#5604,#5605,#5606,#5607));
#5572 = ORIENTED_EDGE('',*,*,#4232,.T.);
#5573 = ORIENTED_EDGE('',*,*,#4184,.T.);
#5574 = ORIENTED_EDGE('',*,*,#4136,.T.);
#5575 = ORIENTED_EDGE('',*,*,#4088,.T.);
#5576 = ORIENTED_EDGE('',*,*,#4040,.T.);
#5577 = ORIENTED_EDGE('',*,*,#3992,.T.);
#5578 = ORIENTED_EDGE('',*,*,#3944,.T.);
#5579 = ORIENTED_EDGE('',*,*,#3896,.T.);
#5580 = ORIENTED_EDGE('',*,*,#3848,.T.);
#5581 = ORIENTED_EDGE('',*,*,#3800,.T.);
#5582 = ORIENTED_EDGE('',*,*,#3745,.T.);
#5583 = ORIENTED_EDGE('',*,*,#3776,.T.);
#5584 = ORIENTED_EDGE('',*,*,#3824,.T.);
#5585 = ORIENTED_EDGE('',*,*,#3872,.T.);
#5586 = ORIENTED_EDGE('',*,*,#3920,.T.);
#5587 = ORIENTED_EDGE('',*,*,#3968,.T.);
#5588 = ORIENTED_EDGE('',*,*,#4016,.T.);
#5589 = ORIENTED_EDGE('',*,*,#4064,.T.);
#5590 = ORIENTED_EDGE('',*,*,#4112,.T.);
#5591 = ORIENTED_EDGE('',*,*,#4160,.T.);
#5592 = ORIENTED_EDGE('',*,*,#4208,.T.);
#5593 = ORIENTED_EDGE('',*,*,#4256,.T.);
#5594 = ORIENTED_EDGE('',*,*,#4304,.T.);
#5595 = ORIENTED_EDGE('',*,*,#4352,.T.);
#5596 = ORIENTED_EDGE('',*,*,#4400,.T.);
#5597 = ORIENTED_EDGE('',*,*,#4448,.T.);
#5598 = ORIENTED_EDGE('',*,*,#4496,.T.);
#5599 = ORIENTED_EDGE('',*,*,#4544,.T.);
#5600 = ORIENTED_EDGE('',*,*,#4592,.T.);
#5601 = ORIENTED_EDGE('',*,*,#4568,.T.);
#5602 = ORIENTED_EDGE('',*,*,#4520,.T.);
#5603 = ORIENTED_EDGE('',*,*,#4472,.T.);
#5604 = ORIENTED_EDGE('',*,*,#4424,.T.);
#5605 = ORIENTED_EDGE('',*,*,#4376,.T.);
#5606 = ORIENTED_EDGE('',*,*,#4328,.T.);
#5607 = ORIENTED_EDGE('',*,*,#4280,.T.);
#5608 = FACE_BOUND('',#5609,.T.);
#5609 = EDGE_LOOP('',(#5610,#5611,#5612,#5613,#5614,#5615,#5616,#5617,
    #5618,#5619,#5620,#5621,#5622,#5623,#5624,#5625,#5626,#5627,#5628,
    #5629,#5630,#5631,#5632,#5633,#5634,#5635,#5636,#5637,#5638,#5639,
    #5640,#5641,#5642,#5643,#5644,#5645));
#5610 = ORIENTED_EDGE('',*,*,#5096,.T.);
#5611 = ORIENTED_EDGE('',*,*,#5048,.T.);
#5612 = ORIENTED_EDGE('',*,*,#5000,.T.);
#5613 = ORIENTED_EDGE('',*,*,#4952,.T.);
#5614 = ORIENTED_EDGE('',*,*,#4904,.T.);
#5615 = ORIENTED_EDGE('',*,*,#4856,.T.);
#5616 = ORIENTED_EDGE('',*,*,#4808,.T.);
#5617 = ORIENTED_EDGE('',*,*,#4760,.T.);
#5618 = ORIENTED_EDGE('',*,*,#4712,.T.);
#5619 = ORIENTED_EDGE('',*,*,#4664,.T.);
#5620 = ORIENTED_EDGE('',*,*,#4609,.T.);
#5621 = ORIENTED_EDGE('',*,*,#4640,.T.);
#5622 = ORIENTED_EDGE('',*,*,#4688,.T.);
#5623 = ORIENTED_EDGE('',*,*,#4736,.T.);
#5624 = ORIENTED_EDGE('',*,*,#4784,.T.);
#5625 = ORIENTED_EDGE('',*,*,#4832,.T.);
#5626 = ORIENTED_EDGE('',*,*,#4880,.T.);
#5627 = ORIENTED_EDGE('',*,*,#4928,.T.);
#5628 = ORIENTED_EDGE('',*,*,#4976,.T.);
#5629 = ORIENTED_EDGE('',*,*,#5024,.T.);
#5630 = ORIENTED_EDGE('',*,*,#5072,.T.);
#5631 = ORIENTED_EDGE('',*,*,#5120,.T.);
#5632 = ORIENTED_EDGE('',*,*,#5168,.T.);
#5633 = ORIENTED_EDGE('',*,*,#5216,.T.);
#5634 = ORIENTED_EDGE('',*,*,#5264,.T.);
#5635 = ORIENTED_EDGE('',*,*,#5312,.T.);
#5636 = ORIENTED_EDGE('',*,*,#5360,.T.);
#5637 = ORIENTED_EDGE('',*,*,#5408,.T.);
#5638 = ORIENTED_EDGE('',*,*,#5456,.T.);
#5639 = ORIENTED_EDGE('',*,*,#5432,.T.);
#5640 = ORIENTED_EDGE('',*,*,#5384,.T.);
#5641 = ORIENTED_EDGE('',*,*,#5336,.T.);
#5642 = ORIENTED_EDGE('',*,*,#5288,.T.);
#5643 = ORIENTED_EDGE('',*,*,#5240,.T.);
#5644 = ORIENTED_EDGE('',*,*,#5192,.T.);
#5645 = ORIENTED_EDGE('',*,*,#5144,.T.);
#5646 = PLANE('',#5647);
#5647 = AXIS2_PLACEMENT_3D('',#5648,#5649,#5650);
#5648 = CARTESIAN_POINT('',(21.250000410126,21.250000079972,
    6.699999809265));
#5649 = DIRECTION('',(0.,0.,1.));
#5650 = DIRECTION('',(1.,0.,0.));
#5651 = ( GEOMETRIC_REPRESENTATION_CONTEXT(3) 
GLOBAL_UNCERTAINTY_ASSIGNED_CONTEXT((#5655)) 
GLOBAL_UNIT_ASSIGNED_CONTEXT((#5652,#5653,#5654)) REPRESENTATION_CONTEXT
('Context #1','3D Context with UNIT and UNCERTAINTY') );
#5652 = ( LENGTH_UNIT() NAMED_UNIT(*) SI_UNIT(.MILLI.,.METRE.) );
#5653 = ( NAMED_UNIT(*) PLANE_ANGLE_UNIT() SI_UNIT($,.RADIAN.) );
#5654 = ( NAMED_UNIT(*) SI_UNIT($,.STERADIAN.) SOLID_ANGLE_UNIT() );
#5655 = UNCERTAINTY_MEASURE_WITH_UNIT(LENGTH_MEASURE(1.E-07),#5652,
  'distance_accuracy_value','confusion accuracy');
#5656 = PRODUCT_RELATED_PRODUCT_CATEGORY('part',$,(#7));
#5657 = MECHANICAL_DESIGN_GEOMETRIC_PRESENTATION_REPRESENTATION('',(
    #5658),#5651);
#5658 = STYLED_ITEM('color',(#5659),#15);
#5659 = PRESENTATION_STYLE_ASSIGNMENT((#5660,#5666));
#5660 = SURFACE_STYLE_USAGE(.BOTH.,#5661);
#5661 = SURFACE_SIDE_STYLE('',(#5662));
#5662 = SURFACE_STYLE_FILL_AREA(#5663);
#5663 = FILL_AREA_STYLE('',(#5664));
#5664 = FILL_AREA_STYLE_COLOUR('',#5665);
#5665 = COLOUR_RGB('',0.447059003357,0.474510015008,0.501960993452);
#5666 = CURVE_STYLE('',#5667,POSITIVE_LENGTH_MEASURE(0.1),#5668);
#5667 = DRAUGHTING_PRE_DEFINED_CURVE_FONT('continuous');
#5668 = DRAUGHTING_PRE_DEFINED_COLOUR('black');
ENDSEC;
END-ISO-10303-21;
