ISO-10303-21;
HEADER;
/* Generated by software containing ST-Developer
 * from STEP Tools, Inc. (www.steptools.com) 
 */

FILE_DESCRIPTION(
/* description */ (''),
/* implementation_level */ '2;1');

FILE_NAME(
/* name */ 'C:\\Users\\u127877\\3D Objects\\40pinGPIOcover.stp',
/* time_stamp */ '2023-02-10T20:44:02-05:00',
/* author */ ('u127877'),
/* organization */ ('L3 SSG'),
/* preprocessor_version */ 'ST-DEVELOPER v16.5',
/* originating_system */ 'Autodesk Inventor 2017',
/* authorisation */ '');

FILE_SCHEMA (('AUTOMOTIVE_DESIGN { 1 0 10303 214 3 1 1 }'));
ENDSEC;

DATA;
#10=MECHANICAL_DESIGN_GEOMETRIC_PRESENTATION_REPRESENTATION('',(#13),#9829);
#11=SHAPE_REPRESENTATION_RELATIONSHIP('SRR','None',#9841,#12);
#12=ADVANCED_BREP_SHAPE_REPRESENTATION('',(#14),#9828);
#13=STYLED_ITEM('',(#9850),#14);
#14=MANIFOLD_SOLID_BREP('Solid1',#6191);
#15=FACE_BOUND('',#430,.T.);
#16=FACE_BOUND('',#431,.T.);
#17=FACE_BOUND('',#432,.T.);
#18=FACE_BOUND('',#433,.T.);
#19=FACE_BOUND('',#434,.T.);
#20=FACE_BOUND('',#435,.T.);
#21=FACE_BOUND('',#436,.T.);
#22=FACE_BOUND('',#437,.T.);
#23=FACE_BOUND('',#438,.T.);
#24=FACE_BOUND('',#439,.T.);
#25=FACE_BOUND('',#440,.T.);
#26=FACE_BOUND('',#441,.T.);
#27=FACE_BOUND('',#442,.T.);
#28=FACE_BOUND('',#443,.T.);
#29=FACE_BOUND('',#444,.T.);
#30=FACE_BOUND('',#445,.T.);
#31=FACE_BOUND('',#446,.T.);
#32=FACE_BOUND('',#447,.T.);
#33=FACE_BOUND('',#448,.T.);
#34=FACE_BOUND('',#449,.T.);
#35=FACE_BOUND('',#450,.T.);
#36=FACE_BOUND('',#451,.T.);
#37=FACE_BOUND('',#452,.T.);
#38=FACE_BOUND('',#453,.T.);
#39=FACE_BOUND('',#454,.T.);
#40=FACE_BOUND('',#455,.T.);
#41=FACE_BOUND('',#456,.T.);
#42=FACE_BOUND('',#457,.T.);
#43=FACE_BOUND('',#458,.T.);
#44=FACE_BOUND('',#459,.T.);
#45=FACE_BOUND('',#460,.T.);
#46=FACE_BOUND('',#461,.T.);
#47=FACE_BOUND('',#462,.T.);
#48=FACE_BOUND('',#463,.T.);
#49=FACE_BOUND('',#464,.T.);
#50=FACE_BOUND('',#465,.T.);
#51=FACE_BOUND('',#466,.T.);
#52=FACE_BOUND('',#467,.T.);
#53=FACE_BOUND('',#468,.T.);
#54=FACE_BOUND('',#469,.T.);
#55=FACE_OUTER_BOUND('',#425,.T.);
#56=FACE_OUTER_BOUND('',#426,.T.);
#57=FACE_OUTER_BOUND('',#427,.T.);
#58=FACE_OUTER_BOUND('',#428,.T.);
#59=FACE_OUTER_BOUND('',#429,.T.);
#60=FACE_OUTER_BOUND('',#470,.T.);
#61=FACE_OUTER_BOUND('',#471,.T.);
#62=FACE_OUTER_BOUND('',#472,.T.);
#63=FACE_OUTER_BOUND('',#473,.T.);
#64=FACE_OUTER_BOUND('',#474,.T.);
#65=FACE_OUTER_BOUND('',#475,.T.);
#66=FACE_OUTER_BOUND('',#476,.T.);
#67=FACE_OUTER_BOUND('',#477,.T.);
#68=FACE_OUTER_BOUND('',#478,.T.);
#69=FACE_OUTER_BOUND('',#479,.T.);
#70=FACE_OUTER_BOUND('',#480,.T.);
#71=FACE_OUTER_BOUND('',#481,.T.);
#72=FACE_OUTER_BOUND('',#482,.T.);
#73=FACE_OUTER_BOUND('',#483,.T.);
#74=FACE_OUTER_BOUND('',#484,.T.);
#75=FACE_OUTER_BOUND('',#485,.T.);
#76=FACE_OUTER_BOUND('',#486,.T.);
#77=FACE_OUTER_BOUND('',#487,.T.);
#78=FACE_OUTER_BOUND('',#488,.T.);
#79=FACE_OUTER_BOUND('',#489,.T.);
#80=FACE_OUTER_BOUND('',#490,.T.);
#81=FACE_OUTER_BOUND('',#491,.T.);
#82=FACE_OUTER_BOUND('',#492,.T.);
#83=FACE_OUTER_BOUND('',#493,.T.);
#84=FACE_OUTER_BOUND('',#494,.T.);
#85=FACE_OUTER_BOUND('',#495,.T.);
#86=FACE_OUTER_BOUND('',#496,.T.);
#87=FACE_OUTER_BOUND('',#497,.T.);
#88=FACE_OUTER_BOUND('',#498,.T.);
#89=FACE_OUTER_BOUND('',#499,.T.);
#90=FACE_OUTER_BOUND('',#500,.T.);
#91=FACE_OUTER_BOUND('',#501,.T.);
#92=FACE_OUTER_BOUND('',#502,.T.);
#93=FACE_OUTER_BOUND('',#503,.T.);
#94=FACE_OUTER_BOUND('',#504,.T.);
#95=FACE_OUTER_BOUND('',#505,.T.);
#96=FACE_OUTER_BOUND('',#506,.T.);
#97=FACE_OUTER_BOUND('',#507,.T.);
#98=FACE_OUTER_BOUND('',#508,.T.);
#99=FACE_OUTER_BOUND('',#509,.T.);
#100=FACE_OUTER_BOUND('',#510,.T.);
#101=FACE_OUTER_BOUND('',#511,.T.);
#102=FACE_OUTER_BOUND('',#512,.T.);
#103=FACE_OUTER_BOUND('',#513,.T.);
#104=FACE_OUTER_BOUND('',#514,.T.);
#105=FACE_OUTER_BOUND('',#515,.T.);
#106=FACE_OUTER_BOUND('',#516,.T.);
#107=FACE_OUTER_BOUND('',#517,.T.);
#108=FACE_OUTER_BOUND('',#518,.T.);
#109=FACE_OUTER_BOUND('',#519,.T.);
#110=FACE_OUTER_BOUND('',#520,.T.);
#111=FACE_OUTER_BOUND('',#521,.T.);
#112=FACE_OUTER_BOUND('',#522,.T.);
#113=FACE_OUTER_BOUND('',#523,.T.);
#114=FACE_OUTER_BOUND('',#524,.T.);
#115=FACE_OUTER_BOUND('',#525,.T.);
#116=FACE_OUTER_BOUND('',#526,.T.);
#117=FACE_OUTER_BOUND('',#527,.T.);
#118=FACE_OUTER_BOUND('',#528,.T.);
#119=FACE_OUTER_BOUND('',#529,.T.);
#120=FACE_OUTER_BOUND('',#530,.T.);
#121=FACE_OUTER_BOUND('',#531,.T.);
#122=FACE_OUTER_BOUND('',#532,.T.);
#123=FACE_OUTER_BOUND('',#533,.T.);
#124=FACE_OUTER_BOUND('',#534,.T.);
#125=FACE_OUTER_BOUND('',#535,.T.);
#126=FACE_OUTER_BOUND('',#536,.T.);
#127=FACE_OUTER_BOUND('',#537,.T.);
#128=FACE_OUTER_BOUND('',#538,.T.);
#129=FACE_OUTER_BOUND('',#539,.T.);
#130=FACE_OUTER_BOUND('',#540,.T.);
#131=FACE_OUTER_BOUND('',#541,.T.);
#132=FACE_OUTER_BOUND('',#542,.T.);
#133=FACE_OUTER_BOUND('',#543,.T.);
#134=FACE_OUTER_BOUND('',#544,.T.);
#135=FACE_OUTER_BOUND('',#545,.T.);
#136=FACE_OUTER_BOUND('',#546,.T.);
#137=FACE_OUTER_BOUND('',#547,.T.);
#138=FACE_OUTER_BOUND('',#548,.T.);
#139=FACE_OUTER_BOUND('',#549,.T.);
#140=FACE_OUTER_BOUND('',#550,.T.);
#141=FACE_OUTER_BOUND('',#551,.T.);
#142=FACE_OUTER_BOUND('',#552,.T.);
#143=FACE_OUTER_BOUND('',#553,.T.);
#144=FACE_OUTER_BOUND('',#554,.T.);
#145=FACE_OUTER_BOUND('',#555,.T.);
#146=FACE_OUTER_BOUND('',#556,.T.);
#147=FACE_OUTER_BOUND('',#557,.T.);
#148=FACE_OUTER_BOUND('',#558,.T.);
#149=FACE_OUTER_BOUND('',#559,.T.);
#150=FACE_OUTER_BOUND('',#560,.T.);
#151=FACE_OUTER_BOUND('',#561,.T.);
#152=FACE_OUTER_BOUND('',#562,.T.);
#153=FACE_OUTER_BOUND('',#563,.T.);
#154=FACE_OUTER_BOUND('',#564,.T.);
#155=FACE_OUTER_BOUND('',#565,.T.);
#156=FACE_OUTER_BOUND('',#566,.T.);
#157=FACE_OUTER_BOUND('',#567,.T.);
#158=FACE_OUTER_BOUND('',#568,.T.);
#159=FACE_OUTER_BOUND('',#569,.T.);
#160=FACE_OUTER_BOUND('',#570,.T.);
#161=FACE_OUTER_BOUND('',#571,.T.);
#162=FACE_OUTER_BOUND('',#572,.T.);
#163=FACE_OUTER_BOUND('',#573,.T.);
#164=FACE_OUTER_BOUND('',#574,.T.);
#165=FACE_OUTER_BOUND('',#575,.T.);
#166=FACE_OUTER_BOUND('',#576,.T.);
#167=FACE_OUTER_BOUND('',#577,.T.);
#168=FACE_OUTER_BOUND('',#578,.T.);
#169=FACE_OUTER_BOUND('',#579,.T.);
#170=FACE_OUTER_BOUND('',#580,.T.);
#171=FACE_OUTER_BOUND('',#581,.T.);
#172=FACE_OUTER_BOUND('',#582,.T.);
#173=FACE_OUTER_BOUND('',#583,.T.);
#174=FACE_OUTER_BOUND('',#584,.T.);
#175=FACE_OUTER_BOUND('',#585,.T.);
#176=FACE_OUTER_BOUND('',#586,.T.);
#177=FACE_OUTER_BOUND('',#587,.T.);
#178=FACE_OUTER_BOUND('',#588,.T.);
#179=FACE_OUTER_BOUND('',#589,.T.);
#180=FACE_OUTER_BOUND('',#590,.T.);
#181=FACE_OUTER_BOUND('',#591,.T.);
#182=FACE_OUTER_BOUND('',#592,.T.);
#183=FACE_OUTER_BOUND('',#593,.T.);
#184=FACE_OUTER_BOUND('',#594,.T.);
#185=FACE_OUTER_BOUND('',#595,.T.);
#186=FACE_OUTER_BOUND('',#596,.T.);
#187=FACE_OUTER_BOUND('',#597,.T.);
#188=FACE_OUTER_BOUND('',#598,.T.);
#189=FACE_OUTER_BOUND('',#599,.T.);
#190=FACE_OUTER_BOUND('',#600,.T.);
#191=FACE_OUTER_BOUND('',#601,.T.);
#192=FACE_OUTER_BOUND('',#602,.T.);
#193=FACE_OUTER_BOUND('',#603,.T.);
#194=FACE_OUTER_BOUND('',#604,.T.);
#195=FACE_OUTER_BOUND('',#605,.T.);
#196=FACE_OUTER_BOUND('',#606,.T.);
#197=FACE_OUTER_BOUND('',#607,.T.);
#198=FACE_OUTER_BOUND('',#608,.T.);
#199=FACE_OUTER_BOUND('',#609,.T.);
#200=FACE_OUTER_BOUND('',#610,.T.);
#201=FACE_OUTER_BOUND('',#611,.T.);
#202=FACE_OUTER_BOUND('',#612,.T.);
#203=FACE_OUTER_BOUND('',#613,.T.);
#204=FACE_OUTER_BOUND('',#614,.T.);
#205=FACE_OUTER_BOUND('',#615,.T.);
#206=FACE_OUTER_BOUND('',#616,.T.);
#207=FACE_OUTER_BOUND('',#617,.T.);
#208=FACE_OUTER_BOUND('',#618,.T.);
#209=FACE_OUTER_BOUND('',#619,.T.);
#210=FACE_OUTER_BOUND('',#620,.T.);
#211=FACE_OUTER_BOUND('',#621,.T.);
#212=FACE_OUTER_BOUND('',#622,.T.);
#213=FACE_OUTER_BOUND('',#623,.T.);
#214=FACE_OUTER_BOUND('',#624,.T.);
#215=FACE_OUTER_BOUND('',#625,.T.);
#216=FACE_OUTER_BOUND('',#626,.T.);
#217=FACE_OUTER_BOUND('',#627,.T.);
#218=FACE_OUTER_BOUND('',#628,.T.);
#219=FACE_OUTER_BOUND('',#629,.T.);
#220=FACE_OUTER_BOUND('',#630,.T.);
#221=FACE_OUTER_BOUND('',#631,.T.);
#222=FACE_OUTER_BOUND('',#632,.T.);
#223=FACE_OUTER_BOUND('',#633,.T.);
#224=FACE_OUTER_BOUND('',#634,.T.);
#225=FACE_OUTER_BOUND('',#635,.T.);
#226=FACE_OUTER_BOUND('',#636,.T.);
#227=FACE_OUTER_BOUND('',#637,.T.);
#228=FACE_OUTER_BOUND('',#638,.T.);
#229=FACE_OUTER_BOUND('',#639,.T.);
#230=FACE_OUTER_BOUND('',#640,.T.);
#231=FACE_OUTER_BOUND('',#641,.T.);
#232=FACE_OUTER_BOUND('',#642,.T.);
#233=FACE_OUTER_BOUND('',#643,.T.);
#234=FACE_OUTER_BOUND('',#644,.T.);
#235=FACE_OUTER_BOUND('',#645,.T.);
#236=FACE_OUTER_BOUND('',#646,.T.);
#237=FACE_OUTER_BOUND('',#647,.T.);
#238=FACE_OUTER_BOUND('',#648,.T.);
#239=FACE_OUTER_BOUND('',#649,.T.);
#240=FACE_OUTER_BOUND('',#650,.T.);
#241=FACE_OUTER_BOUND('',#651,.T.);
#242=FACE_OUTER_BOUND('',#652,.T.);
#243=FACE_OUTER_BOUND('',#653,.T.);
#244=FACE_OUTER_BOUND('',#654,.T.);
#245=FACE_OUTER_BOUND('',#655,.T.);
#246=FACE_OUTER_BOUND('',#656,.T.);
#247=FACE_OUTER_BOUND('',#657,.T.);
#248=FACE_OUTER_BOUND('',#658,.T.);
#249=FACE_OUTER_BOUND('',#659,.T.);
#250=FACE_OUTER_BOUND('',#660,.T.);
#251=FACE_OUTER_BOUND('',#661,.T.);
#252=FACE_OUTER_BOUND('',#662,.T.);
#253=FACE_OUTER_BOUND('',#663,.T.);
#254=FACE_OUTER_BOUND('',#664,.T.);
#255=FACE_OUTER_BOUND('',#665,.T.);
#256=FACE_OUTER_BOUND('',#666,.T.);
#257=FACE_OUTER_BOUND('',#667,.T.);
#258=FACE_OUTER_BOUND('',#668,.T.);
#259=FACE_OUTER_BOUND('',#669,.T.);
#260=FACE_OUTER_BOUND('',#670,.T.);
#261=FACE_OUTER_BOUND('',#671,.T.);
#262=FACE_OUTER_BOUND('',#672,.T.);
#263=FACE_OUTER_BOUND('',#673,.T.);
#264=FACE_OUTER_BOUND('',#674,.T.);
#265=FACE_OUTER_BOUND('',#675,.T.);
#266=FACE_OUTER_BOUND('',#676,.T.);
#267=FACE_OUTER_BOUND('',#677,.T.);
#268=FACE_OUTER_BOUND('',#678,.T.);
#269=FACE_OUTER_BOUND('',#679,.T.);
#270=FACE_OUTER_BOUND('',#680,.T.);
#271=FACE_OUTER_BOUND('',#681,.T.);
#272=FACE_OUTER_BOUND('',#682,.T.);
#273=FACE_OUTER_BOUND('',#683,.T.);
#274=FACE_OUTER_BOUND('',#684,.T.);
#275=FACE_OUTER_BOUND('',#685,.T.);
#276=FACE_OUTER_BOUND('',#686,.T.);
#277=FACE_OUTER_BOUND('',#687,.T.);
#278=FACE_OUTER_BOUND('',#688,.T.);
#279=FACE_OUTER_BOUND('',#689,.T.);
#280=FACE_OUTER_BOUND('',#690,.T.);
#281=FACE_OUTER_BOUND('',#691,.T.);
#282=FACE_OUTER_BOUND('',#692,.T.);
#283=FACE_OUTER_BOUND('',#693,.T.);
#284=FACE_OUTER_BOUND('',#694,.T.);
#285=FACE_OUTER_BOUND('',#695,.T.);
#286=FACE_OUTER_BOUND('',#696,.T.);
#287=FACE_OUTER_BOUND('',#697,.T.);
#288=FACE_OUTER_BOUND('',#698,.T.);
#289=FACE_OUTER_BOUND('',#699,.T.);
#290=FACE_OUTER_BOUND('',#700,.T.);
#291=FACE_OUTER_BOUND('',#701,.T.);
#292=FACE_OUTER_BOUND('',#702,.T.);
#293=FACE_OUTER_BOUND('',#703,.T.);
#294=FACE_OUTER_BOUND('',#704,.T.);
#295=FACE_OUTER_BOUND('',#705,.T.);
#296=FACE_OUTER_BOUND('',#706,.T.);
#297=FACE_OUTER_BOUND('',#707,.T.);
#298=FACE_OUTER_BOUND('',#708,.T.);
#299=FACE_OUTER_BOUND('',#709,.T.);
#300=FACE_OUTER_BOUND('',#710,.T.);
#301=FACE_OUTER_BOUND('',#711,.T.);
#302=FACE_OUTER_BOUND('',#712,.T.);
#303=FACE_OUTER_BOUND('',#713,.T.);
#304=FACE_OUTER_BOUND('',#714,.T.);
#305=FACE_OUTER_BOUND('',#715,.T.);
#306=FACE_OUTER_BOUND('',#716,.T.);
#307=FACE_OUTER_BOUND('',#717,.T.);
#308=FACE_OUTER_BOUND('',#718,.T.);
#309=FACE_OUTER_BOUND('',#719,.T.);
#310=FACE_OUTER_BOUND('',#720,.T.);
#311=FACE_OUTER_BOUND('',#721,.T.);
#312=FACE_OUTER_BOUND('',#722,.T.);
#313=FACE_OUTER_BOUND('',#723,.T.);
#314=FACE_OUTER_BOUND('',#724,.T.);
#315=FACE_OUTER_BOUND('',#725,.T.);
#316=FACE_OUTER_BOUND('',#726,.T.);
#317=FACE_OUTER_BOUND('',#727,.T.);
#318=FACE_OUTER_BOUND('',#728,.T.);
#319=FACE_OUTER_BOUND('',#729,.T.);
#320=FACE_OUTER_BOUND('',#730,.T.);
#321=FACE_OUTER_BOUND('',#731,.T.);
#322=FACE_OUTER_BOUND('',#732,.T.);
#323=FACE_OUTER_BOUND('',#733,.T.);
#324=FACE_OUTER_BOUND('',#734,.T.);
#325=FACE_OUTER_BOUND('',#735,.T.);
#326=FACE_OUTER_BOUND('',#736,.T.);
#327=FACE_OUTER_BOUND('',#737,.T.);
#328=FACE_OUTER_BOUND('',#738,.T.);
#329=FACE_OUTER_BOUND('',#739,.T.);
#330=FACE_OUTER_BOUND('',#740,.T.);
#331=FACE_OUTER_BOUND('',#741,.T.);
#332=FACE_OUTER_BOUND('',#742,.T.);
#333=FACE_OUTER_BOUND('',#743,.T.);
#334=FACE_OUTER_BOUND('',#744,.T.);
#335=FACE_OUTER_BOUND('',#745,.T.);
#336=FACE_OUTER_BOUND('',#746,.T.);
#337=FACE_OUTER_BOUND('',#747,.T.);
#338=FACE_OUTER_BOUND('',#748,.T.);
#339=FACE_OUTER_BOUND('',#749,.T.);
#340=FACE_OUTER_BOUND('',#750,.T.);
#341=FACE_OUTER_BOUND('',#751,.T.);
#342=FACE_OUTER_BOUND('',#752,.T.);
#343=FACE_OUTER_BOUND('',#753,.T.);
#344=FACE_OUTER_BOUND('',#754,.T.);
#345=FACE_OUTER_BOUND('',#755,.T.);
#346=FACE_OUTER_BOUND('',#756,.T.);
#347=FACE_OUTER_BOUND('',#757,.T.);
#348=FACE_OUTER_BOUND('',#758,.T.);
#349=FACE_OUTER_BOUND('',#759,.T.);
#350=FACE_OUTER_BOUND('',#760,.T.);
#351=FACE_OUTER_BOUND('',#761,.T.);
#352=FACE_OUTER_BOUND('',#762,.T.);
#353=FACE_OUTER_BOUND('',#763,.T.);
#354=FACE_OUTER_BOUND('',#764,.T.);
#355=FACE_OUTER_BOUND('',#765,.T.);
#356=FACE_OUTER_BOUND('',#766,.T.);
#357=FACE_OUTER_BOUND('',#767,.T.);
#358=FACE_OUTER_BOUND('',#768,.T.);
#359=FACE_OUTER_BOUND('',#769,.T.);
#360=FACE_OUTER_BOUND('',#770,.T.);
#361=FACE_OUTER_BOUND('',#771,.T.);
#362=FACE_OUTER_BOUND('',#772,.T.);
#363=FACE_OUTER_BOUND('',#773,.T.);
#364=FACE_OUTER_BOUND('',#774,.T.);
#365=FACE_OUTER_BOUND('',#775,.T.);
#366=FACE_OUTER_BOUND('',#776,.T.);
#367=FACE_OUTER_BOUND('',#777,.T.);
#368=FACE_OUTER_BOUND('',#778,.T.);
#369=FACE_OUTER_BOUND('',#779,.T.);
#370=FACE_OUTER_BOUND('',#780,.T.);
#371=FACE_OUTER_BOUND('',#781,.T.);
#372=FACE_OUTER_BOUND('',#782,.T.);
#373=FACE_OUTER_BOUND('',#783,.T.);
#374=FACE_OUTER_BOUND('',#784,.T.);
#375=FACE_OUTER_BOUND('',#785,.T.);
#376=FACE_OUTER_BOUND('',#786,.T.);
#377=FACE_OUTER_BOUND('',#787,.T.);
#378=FACE_OUTER_BOUND('',#788,.T.);
#379=FACE_OUTER_BOUND('',#789,.T.);
#380=FACE_OUTER_BOUND('',#790,.T.);
#381=FACE_OUTER_BOUND('',#791,.T.);
#382=FACE_OUTER_BOUND('',#792,.T.);
#383=FACE_OUTER_BOUND('',#793,.T.);
#384=FACE_OUTER_BOUND('',#794,.T.);
#385=FACE_OUTER_BOUND('',#795,.T.);
#386=FACE_OUTER_BOUND('',#796,.T.);
#387=FACE_OUTER_BOUND('',#797,.T.);
#388=FACE_OUTER_BOUND('',#798,.T.);
#389=FACE_OUTER_BOUND('',#799,.T.);
#390=FACE_OUTER_BOUND('',#800,.T.);
#391=FACE_OUTER_BOUND('',#801,.T.);
#392=FACE_OUTER_BOUND('',#802,.T.);
#393=FACE_OUTER_BOUND('',#803,.T.);
#394=FACE_OUTER_BOUND('',#804,.T.);
#395=FACE_OUTER_BOUND('',#805,.T.);
#396=FACE_OUTER_BOUND('',#806,.T.);
#397=FACE_OUTER_BOUND('',#807,.T.);
#398=FACE_OUTER_BOUND('',#808,.T.);
#399=FACE_OUTER_BOUND('',#809,.T.);
#400=FACE_OUTER_BOUND('',#810,.T.);
#401=FACE_OUTER_BOUND('',#811,.T.);
#402=FACE_OUTER_BOUND('',#812,.T.);
#403=FACE_OUTER_BOUND('',#813,.T.);
#404=FACE_OUTER_BOUND('',#814,.T.);
#405=FACE_OUTER_BOUND('',#815,.T.);
#406=FACE_OUTER_BOUND('',#816,.T.);
#407=FACE_OUTER_BOUND('',#817,.T.);
#408=FACE_OUTER_BOUND('',#818,.T.);
#409=FACE_OUTER_BOUND('',#819,.T.);
#410=FACE_OUTER_BOUND('',#820,.T.);
#411=FACE_OUTER_BOUND('',#821,.T.);
#412=FACE_OUTER_BOUND('',#822,.T.);
#413=FACE_OUTER_BOUND('',#823,.T.);
#414=FACE_OUTER_BOUND('',#824,.T.);
#415=FACE_OUTER_BOUND('',#825,.T.);
#416=FACE_OUTER_BOUND('',#826,.T.);
#417=FACE_OUTER_BOUND('',#827,.T.);
#418=FACE_OUTER_BOUND('',#828,.T.);
#419=FACE_OUTER_BOUND('',#829,.T.);
#420=FACE_OUTER_BOUND('',#830,.T.);
#421=FACE_OUTER_BOUND('',#831,.T.);
#422=FACE_OUTER_BOUND('',#832,.T.);
#423=FACE_OUTER_BOUND('',#833,.T.);
#424=FACE_OUTER_BOUND('',#834,.T.);
#425=EDGE_LOOP('',(#3803,#3804,#3805,#3806));
#426=EDGE_LOOP('',(#3807,#3808,#3809,#3810,#3811,#3812,#3813,#3814));
#427=EDGE_LOOP('',(#3815,#3816,#3817,#3818));
#428=EDGE_LOOP('',(#3819,#3820,#3821,#3822,#3823,#3824,#3825,#3826));
#429=EDGE_LOOP('',(#3827,#3828,#3829,#3830));
#430=EDGE_LOOP('',(#3831,#3832,#3833,#3834));
#431=EDGE_LOOP('',(#3835,#3836,#3837,#3838));
#432=EDGE_LOOP('',(#3839,#3840,#3841,#3842));
#433=EDGE_LOOP('',(#3843,#3844,#3845,#3846));
#434=EDGE_LOOP('',(#3847,#3848,#3849,#3850));
#435=EDGE_LOOP('',(#3851,#3852,#3853,#3854));
#436=EDGE_LOOP('',(#3855,#3856,#3857,#3858));
#437=EDGE_LOOP('',(#3859,#3860,#3861,#3862));
#438=EDGE_LOOP('',(#3863,#3864,#3865,#3866));
#439=EDGE_LOOP('',(#3867,#3868,#3869,#3870));
#440=EDGE_LOOP('',(#3871,#3872,#3873,#3874));
#441=EDGE_LOOP('',(#3875,#3876,#3877,#3878));
#442=EDGE_LOOP('',(#3879,#3880,#3881,#3882));
#443=EDGE_LOOP('',(#3883,#3884,#3885,#3886));
#444=EDGE_LOOP('',(#3887,#3888,#3889,#3890));
#445=EDGE_LOOP('',(#3891,#3892,#3893,#3894));
#446=EDGE_LOOP('',(#3895,#3896,#3897,#3898));
#447=EDGE_LOOP('',(#3899,#3900,#3901,#3902));
#448=EDGE_LOOP('',(#3903,#3904,#3905,#3906));
#449=EDGE_LOOP('',(#3907,#3908,#3909,#3910));
#450=EDGE_LOOP('',(#3911,#3912,#3913,#3914));
#451=EDGE_LOOP('',(#3915,#3916,#3917,#3918));
#452=EDGE_LOOP('',(#3919,#3920,#3921,#3922));
#453=EDGE_LOOP('',(#3923,#3924,#3925,#3926));
#454=EDGE_LOOP('',(#3927,#3928,#3929,#3930));
#455=EDGE_LOOP('',(#3931,#3932,#3933,#3934));
#456=EDGE_LOOP('',(#3935,#3936,#3937,#3938));
#457=EDGE_LOOP('',(#3939,#3940,#3941,#3942));
#458=EDGE_LOOP('',(#3943,#3944,#3945,#3946));
#459=EDGE_LOOP('',(#3947,#3948,#3949,#3950));
#460=EDGE_LOOP('',(#3951,#3952,#3953,#3954));
#461=EDGE_LOOP('',(#3955,#3956,#3957,#3958));
#462=EDGE_LOOP('',(#3959,#3960,#3961,#3962));
#463=EDGE_LOOP('',(#3963,#3964,#3965,#3966));
#464=EDGE_LOOP('',(#3967,#3968,#3969,#3970));
#465=EDGE_LOOP('',(#3971,#3972,#3973,#3974));
#466=EDGE_LOOP('',(#3975,#3976,#3977,#3978));
#467=EDGE_LOOP('',(#3979,#3980,#3981,#3982));
#468=EDGE_LOOP('',(#3983,#3984,#3985,#3986));
#469=EDGE_LOOP('',(#3987,#3988,#3989,#3990));
#470=EDGE_LOOP('',(#3991,#3992,#3993,#3994));
#471=EDGE_LOOP('',(#3995,#3996,#3997,#3998));
#472=EDGE_LOOP('',(#3999,#4000,#4001,#4002));
#473=EDGE_LOOP('',(#4003,#4004,#4005,#4006));
#474=EDGE_LOOP('',(#4007,#4008,#4009,#4010));
#475=EDGE_LOOP('',(#4011,#4012,#4013,#4014));
#476=EDGE_LOOP('',(#4015,#4016,#4017,#4018));
#477=EDGE_LOOP('',(#4019,#4020,#4021,#4022));
#478=EDGE_LOOP('',(#4023,#4024,#4025,#4026));
#479=EDGE_LOOP('',(#4027,#4028,#4029,#4030));
#480=EDGE_LOOP('',(#4031,#4032,#4033,#4034));
#481=EDGE_LOOP('',(#4035,#4036,#4037,#4038));
#482=EDGE_LOOP('',(#4039,#4040,#4041,#4042));
#483=EDGE_LOOP('',(#4043,#4044,#4045,#4046));
#484=EDGE_LOOP('',(#4047,#4048,#4049,#4050));
#485=EDGE_LOOP('',(#4051,#4052,#4053,#4054));
#486=EDGE_LOOP('',(#4055,#4056,#4057,#4058));
#487=EDGE_LOOP('',(#4059,#4060,#4061,#4062));
#488=EDGE_LOOP('',(#4063,#4064,#4065,#4066));
#489=EDGE_LOOP('',(#4067,#4068,#4069,#4070));
#490=EDGE_LOOP('',(#4071,#4072,#4073,#4074));
#491=EDGE_LOOP('',(#4075,#4076,#4077,#4078));
#492=EDGE_LOOP('',(#4079,#4080,#4081,#4082));
#493=EDGE_LOOP('',(#4083,#4084,#4085,#4086));
#494=EDGE_LOOP('',(#4087,#4088,#4089,#4090));
#495=EDGE_LOOP('',(#4091,#4092,#4093,#4094));
#496=EDGE_LOOP('',(#4095,#4096,#4097,#4098));
#497=EDGE_LOOP('',(#4099,#4100,#4101,#4102));
#498=EDGE_LOOP('',(#4103,#4104,#4105,#4106));
#499=EDGE_LOOP('',(#4107,#4108,#4109,#4110));
#500=EDGE_LOOP('',(#4111,#4112,#4113,#4114));
#501=EDGE_LOOP('',(#4115,#4116,#4117,#4118));
#502=EDGE_LOOP('',(#4119,#4120,#4121,#4122));
#503=EDGE_LOOP('',(#4123,#4124,#4125,#4126));
#504=EDGE_LOOP('',(#4127,#4128,#4129,#4130));
#505=EDGE_LOOP('',(#4131,#4132,#4133,#4134));
#506=EDGE_LOOP('',(#4135,#4136,#4137,#4138));
#507=EDGE_LOOP('',(#4139,#4140,#4141,#4142));
#508=EDGE_LOOP('',(#4143,#4144,#4145,#4146));
#509=EDGE_LOOP('',(#4147,#4148,#4149,#4150));
#510=EDGE_LOOP('',(#4151,#4152,#4153,#4154));
#511=EDGE_LOOP('',(#4155,#4156,#4157,#4158));
#512=EDGE_LOOP('',(#4159,#4160,#4161,#4162));
#513=EDGE_LOOP('',(#4163,#4164,#4165,#4166));
#514=EDGE_LOOP('',(#4167,#4168,#4169,#4170));
#515=EDGE_LOOP('',(#4171,#4172,#4173,#4174));
#516=EDGE_LOOP('',(#4175,#4176,#4177,#4178));
#517=EDGE_LOOP('',(#4179,#4180,#4181,#4182));
#518=EDGE_LOOP('',(#4183,#4184,#4185,#4186));
#519=EDGE_LOOP('',(#4187,#4188,#4189,#4190));
#520=EDGE_LOOP('',(#4191,#4192,#4193,#4194));
#521=EDGE_LOOP('',(#4195,#4196,#4197,#4198));
#522=EDGE_LOOP('',(#4199,#4200,#4201,#4202));
#523=EDGE_LOOP('',(#4203,#4204,#4205,#4206));
#524=EDGE_LOOP('',(#4207,#4208,#4209,#4210));
#525=EDGE_LOOP('',(#4211,#4212,#4213,#4214));
#526=EDGE_LOOP('',(#4215,#4216,#4217,#4218));
#527=EDGE_LOOP('',(#4219,#4220,#4221,#4222));
#528=EDGE_LOOP('',(#4223,#4224,#4225,#4226));
#529=EDGE_LOOP('',(#4227,#4228,#4229,#4230));
#530=EDGE_LOOP('',(#4231,#4232,#4233,#4234));
#531=EDGE_LOOP('',(#4235,#4236,#4237,#4238));
#532=EDGE_LOOP('',(#4239,#4240,#4241,#4242));
#533=EDGE_LOOP('',(#4243,#4244,#4245,#4246));
#534=EDGE_LOOP('',(#4247,#4248,#4249,#4250));
#535=EDGE_LOOP('',(#4251,#4252,#4253,#4254));
#536=EDGE_LOOP('',(#4255,#4256,#4257,#4258));
#537=EDGE_LOOP('',(#4259,#4260,#4261,#4262));
#538=EDGE_LOOP('',(#4263,#4264,#4265,#4266));
#539=EDGE_LOOP('',(#4267,#4268,#4269,#4270));
#540=EDGE_LOOP('',(#4271,#4272,#4273,#4274));
#541=EDGE_LOOP('',(#4275,#4276,#4277,#4278));
#542=EDGE_LOOP('',(#4279,#4280,#4281,#4282));
#543=EDGE_LOOP('',(#4283,#4284,#4285,#4286));
#544=EDGE_LOOP('',(#4287,#4288,#4289,#4290));
#545=EDGE_LOOP('',(#4291,#4292,#4293,#4294));
#546=EDGE_LOOP('',(#4295,#4296,#4297,#4298));
#547=EDGE_LOOP('',(#4299,#4300,#4301,#4302));
#548=EDGE_LOOP('',(#4303,#4304,#4305,#4306));
#549=EDGE_LOOP('',(#4307,#4308,#4309,#4310));
#550=EDGE_LOOP('',(#4311,#4312,#4313,#4314));
#551=EDGE_LOOP('',(#4315,#4316,#4317,#4318));
#552=EDGE_LOOP('',(#4319,#4320,#4321,#4322));
#553=EDGE_LOOP('',(#4323,#4324,#4325,#4326));
#554=EDGE_LOOP('',(#4327,#4328,#4329,#4330));
#555=EDGE_LOOP('',(#4331,#4332,#4333,#4334));
#556=EDGE_LOOP('',(#4335,#4336,#4337,#4338));
#557=EDGE_LOOP('',(#4339,#4340,#4341,#4342));
#558=EDGE_LOOP('',(#4343,#4344,#4345,#4346));
#559=EDGE_LOOP('',(#4347,#4348,#4349,#4350));
#560=EDGE_LOOP('',(#4351,#4352,#4353,#4354));
#561=EDGE_LOOP('',(#4355,#4356,#4357,#4358));
#562=EDGE_LOOP('',(#4359,#4360,#4361,#4362));
#563=EDGE_LOOP('',(#4363,#4364,#4365,#4366));
#564=EDGE_LOOP('',(#4367,#4368,#4369,#4370));
#565=EDGE_LOOP('',(#4371,#4372,#4373,#4374));
#566=EDGE_LOOP('',(#4375,#4376,#4377,#4378));
#567=EDGE_LOOP('',(#4379,#4380,#4381,#4382));
#568=EDGE_LOOP('',(#4383,#4384,#4385,#4386));
#569=EDGE_LOOP('',(#4387,#4388,#4389,#4390));
#570=EDGE_LOOP('',(#4391,#4392,#4393,#4394));
#571=EDGE_LOOP('',(#4395,#4396,#4397,#4398));
#572=EDGE_LOOP('',(#4399,#4400,#4401,#4402));
#573=EDGE_LOOP('',(#4403,#4404,#4405,#4406));
#574=EDGE_LOOP('',(#4407,#4408,#4409,#4410));
#575=EDGE_LOOP('',(#4411,#4412,#4413,#4414));
#576=EDGE_LOOP('',(#4415,#4416,#4417,#4418));
#577=EDGE_LOOP('',(#4419,#4420,#4421,#4422));
#578=EDGE_LOOP('',(#4423,#4424,#4425,#4426));
#579=EDGE_LOOP('',(#4427,#4428,#4429,#4430));
#580=EDGE_LOOP('',(#4431,#4432,#4433,#4434));
#581=EDGE_LOOP('',(#4435,#4436,#4437,#4438));
#582=EDGE_LOOP('',(#4439,#4440,#4441,#4442));
#583=EDGE_LOOP('',(#4443,#4444,#4445,#4446));
#584=EDGE_LOOP('',(#4447,#4448,#4449,#4450));
#585=EDGE_LOOP('',(#4451,#4452,#4453,#4454));
#586=EDGE_LOOP('',(#4455,#4456,#4457,#4458));
#587=EDGE_LOOP('',(#4459,#4460,#4461,#4462));
#588=EDGE_LOOP('',(#4463,#4464,#4465,#4466));
#589=EDGE_LOOP('',(#4467,#4468,#4469,#4470));
#590=EDGE_LOOP('',(#4471,#4472,#4473,#4474));
#591=EDGE_LOOP('',(#4475,#4476,#4477,#4478));
#592=EDGE_LOOP('',(#4479,#4480,#4481,#4482));
#593=EDGE_LOOP('',(#4483,#4484,#4485,#4486));
#594=EDGE_LOOP('',(#4487,#4488,#4489,#4490));
#595=EDGE_LOOP('',(#4491,#4492,#4493,#4494));
#596=EDGE_LOOP('',(#4495,#4496,#4497,#4498));
#597=EDGE_LOOP('',(#4499,#4500,#4501,#4502));
#598=EDGE_LOOP('',(#4503,#4504,#4505,#4506));
#599=EDGE_LOOP('',(#4507,#4508,#4509,#4510));
#600=EDGE_LOOP('',(#4511,#4512,#4513,#4514));
#601=EDGE_LOOP('',(#4515,#4516,#4517,#4518));
#602=EDGE_LOOP('',(#4519,#4520,#4521,#4522));
#603=EDGE_LOOP('',(#4523,#4524,#4525,#4526));
#604=EDGE_LOOP('',(#4527,#4528,#4529,#4530));
#605=EDGE_LOOP('',(#4531,#4532,#4533,#4534));
#606=EDGE_LOOP('',(#4535,#4536,#4537,#4538));
#607=EDGE_LOOP('',(#4539,#4540,#4541,#4542));
#608=EDGE_LOOP('',(#4543,#4544,#4545,#4546));
#609=EDGE_LOOP('',(#4547,#4548,#4549,#4550));
#610=EDGE_LOOP('',(#4551,#4552,#4553,#4554));
#611=EDGE_LOOP('',(#4555,#4556,#4557,#4558));
#612=EDGE_LOOP('',(#4559,#4560,#4561,#4562));
#613=EDGE_LOOP('',(#4563,#4564,#4565,#4566));
#614=EDGE_LOOP('',(#4567,#4568,#4569,#4570));
#615=EDGE_LOOP('',(#4571,#4572,#4573,#4574));
#616=EDGE_LOOP('',(#4575,#4576,#4577,#4578));
#617=EDGE_LOOP('',(#4579,#4580,#4581,#4582));
#618=EDGE_LOOP('',(#4583,#4584,#4585,#4586));
#619=EDGE_LOOP('',(#4587,#4588,#4589,#4590));
#620=EDGE_LOOP('',(#4591,#4592,#4593,#4594));
#621=EDGE_LOOP('',(#4595,#4596,#4597,#4598));
#622=EDGE_LOOP('',(#4599,#4600,#4601,#4602));
#623=EDGE_LOOP('',(#4603,#4604,#4605,#4606));
#624=EDGE_LOOP('',(#4607,#4608,#4609,#4610));
#625=EDGE_LOOP('',(#4611,#4612,#4613,#4614));
#626=EDGE_LOOP('',(#4615,#4616,#4617,#4618));
#627=EDGE_LOOP('',(#4619,#4620,#4621,#4622));
#628=EDGE_LOOP('',(#4623,#4624,#4625,#4626));
#629=EDGE_LOOP('',(#4627,#4628,#4629,#4630));
#630=EDGE_LOOP('',(#4631,#4632,#4633,#4634));
#631=EDGE_LOOP('',(#4635,#4636,#4637,#4638));
#632=EDGE_LOOP('',(#4639,#4640,#4641,#4642));
#633=EDGE_LOOP('',(#4643,#4644,#4645,#4646));
#634=EDGE_LOOP('',(#4647,#4648,#4649,#4650));
#635=EDGE_LOOP('',(#4651,#4652,#4653,#4654));
#636=EDGE_LOOP('',(#4655,#4656,#4657,#4658));
#637=EDGE_LOOP('',(#4659,#4660,#4661,#4662));
#638=EDGE_LOOP('',(#4663,#4664,#4665,#4666));
#639=EDGE_LOOP('',(#4667,#4668,#4669,#4670));
#640=EDGE_LOOP('',(#4671,#4672,#4673,#4674));
#641=EDGE_LOOP('',(#4675,#4676,#4677,#4678));
#642=EDGE_LOOP('',(#4679,#4680,#4681,#4682));
#643=EDGE_LOOP('',(#4683,#4684,#4685,#4686));
#644=EDGE_LOOP('',(#4687,#4688,#4689,#4690));
#645=EDGE_LOOP('',(#4691,#4692,#4693,#4694));
#646=EDGE_LOOP('',(#4695,#4696,#4697,#4698));
#647=EDGE_LOOP('',(#4699,#4700,#4701,#4702));
#648=EDGE_LOOP('',(#4703,#4704,#4705,#4706));
#649=EDGE_LOOP('',(#4707,#4708,#4709,#4710));
#650=EDGE_LOOP('',(#4711,#4712,#4713,#4714));
#651=EDGE_LOOP('',(#4715,#4716,#4717,#4718));
#652=EDGE_LOOP('',(#4719,#4720,#4721,#4722));
#653=EDGE_LOOP('',(#4723,#4724,#4725,#4726));
#654=EDGE_LOOP('',(#4727,#4728,#4729,#4730));
#655=EDGE_LOOP('',(#4731,#4732,#4733,#4734));
#656=EDGE_LOOP('',(#4735,#4736,#4737,#4738));
#657=EDGE_LOOP('',(#4739,#4740,#4741,#4742));
#658=EDGE_LOOP('',(#4743,#4744,#4745,#4746));
#659=EDGE_LOOP('',(#4747,#4748,#4749,#4750));
#660=EDGE_LOOP('',(#4751,#4752,#4753,#4754));
#661=EDGE_LOOP('',(#4755,#4756,#4757,#4758));
#662=EDGE_LOOP('',(#4759,#4760,#4761,#4762));
#663=EDGE_LOOP('',(#4763,#4764,#4765,#4766));
#664=EDGE_LOOP('',(#4767,#4768,#4769,#4770));
#665=EDGE_LOOP('',(#4771,#4772,#4773,#4774));
#666=EDGE_LOOP('',(#4775,#4776,#4777,#4778));
#667=EDGE_LOOP('',(#4779,#4780,#4781,#4782));
#668=EDGE_LOOP('',(#4783,#4784,#4785,#4786));
#669=EDGE_LOOP('',(#4787,#4788,#4789,#4790));
#670=EDGE_LOOP('',(#4791,#4792,#4793,#4794));
#671=EDGE_LOOP('',(#4795,#4796,#4797,#4798));
#672=EDGE_LOOP('',(#4799,#4800,#4801,#4802));
#673=EDGE_LOOP('',(#4803,#4804,#4805,#4806));
#674=EDGE_LOOP('',(#4807,#4808,#4809,#4810));
#675=EDGE_LOOP('',(#4811,#4812,#4813,#4814));
#676=EDGE_LOOP('',(#4815,#4816,#4817,#4818));
#677=EDGE_LOOP('',(#4819,#4820,#4821,#4822));
#678=EDGE_LOOP('',(#4823,#4824,#4825,#4826));
#679=EDGE_LOOP('',(#4827,#4828,#4829,#4830));
#680=EDGE_LOOP('',(#4831,#4832,#4833,#4834));
#681=EDGE_LOOP('',(#4835,#4836,#4837,#4838));
#682=EDGE_LOOP('',(#4839,#4840,#4841,#4842));
#683=EDGE_LOOP('',(#4843,#4844,#4845,#4846));
#684=EDGE_LOOP('',(#4847,#4848,#4849,#4850));
#685=EDGE_LOOP('',(#4851,#4852,#4853,#4854));
#686=EDGE_LOOP('',(#4855,#4856,#4857,#4858));
#687=EDGE_LOOP('',(#4859,#4860,#4861,#4862));
#688=EDGE_LOOP('',(#4863,#4864,#4865,#4866));
#689=EDGE_LOOP('',(#4867,#4868,#4869,#4870));
#690=EDGE_LOOP('',(#4871,#4872,#4873,#4874));
#691=EDGE_LOOP('',(#4875,#4876,#4877,#4878));
#692=EDGE_LOOP('',(#4879,#4880,#4881,#4882));
#693=EDGE_LOOP('',(#4883,#4884,#4885,#4886));
#694=EDGE_LOOP('',(#4887,#4888,#4889,#4890));
#695=EDGE_LOOP('',(#4891,#4892,#4893,#4894));
#696=EDGE_LOOP('',(#4895,#4896,#4897,#4898));
#697=EDGE_LOOP('',(#4899,#4900,#4901,#4902));
#698=EDGE_LOOP('',(#4903,#4904,#4905,#4906));
#699=EDGE_LOOP('',(#4907,#4908,#4909,#4910));
#700=EDGE_LOOP('',(#4911,#4912,#4913,#4914));
#701=EDGE_LOOP('',(#4915,#4916,#4917,#4918));
#702=EDGE_LOOP('',(#4919,#4920,#4921,#4922));
#703=EDGE_LOOP('',(#4923,#4924,#4925,#4926));
#704=EDGE_LOOP('',(#4927,#4928,#4929,#4930));
#705=EDGE_LOOP('',(#4931,#4932,#4933,#4934));
#706=EDGE_LOOP('',(#4935,#4936,#4937,#4938));
#707=EDGE_LOOP('',(#4939,#4940,#4941,#4942));
#708=EDGE_LOOP('',(#4943,#4944,#4945,#4946));
#709=EDGE_LOOP('',(#4947,#4948,#4949,#4950));
#710=EDGE_LOOP('',(#4951,#4952,#4953,#4954));
#711=EDGE_LOOP('',(#4955,#4956,#4957,#4958));
#712=EDGE_LOOP('',(#4959,#4960,#4961,#4962));
#713=EDGE_LOOP('',(#4963,#4964,#4965,#4966));
#714=EDGE_LOOP('',(#4967,#4968,#4969,#4970));
#715=EDGE_LOOP('',(#4971,#4972,#4973,#4974));
#716=EDGE_LOOP('',(#4975,#4976,#4977,#4978));
#717=EDGE_LOOP('',(#4979,#4980,#4981,#4982));
#718=EDGE_LOOP('',(#4983,#4984,#4985,#4986));
#719=EDGE_LOOP('',(#4987,#4988,#4989,#4990));
#720=EDGE_LOOP('',(#4991,#4992,#4993,#4994));
#721=EDGE_LOOP('',(#4995,#4996,#4997,#4998));
#722=EDGE_LOOP('',(#4999,#5000,#5001,#5002));
#723=EDGE_LOOP('',(#5003,#5004,#5005,#5006));
#724=EDGE_LOOP('',(#5007,#5008,#5009,#5010));
#725=EDGE_LOOP('',(#5011,#5012,#5013,#5014));
#726=EDGE_LOOP('',(#5015,#5016,#5017,#5018));
#727=EDGE_LOOP('',(#5019,#5020,#5021,#5022));
#728=EDGE_LOOP('',(#5023,#5024,#5025,#5026));
#729=EDGE_LOOP('',(#5027,#5028,#5029,#5030));
#730=EDGE_LOOP('',(#5031,#5032,#5033,#5034));
#731=EDGE_LOOP('',(#5035,#5036,#5037,#5038));
#732=EDGE_LOOP('',(#5039,#5040,#5041,#5042));
#733=EDGE_LOOP('',(#5043,#5044,#5045,#5046));
#734=EDGE_LOOP('',(#5047,#5048,#5049,#5050));
#735=EDGE_LOOP('',(#5051,#5052,#5053,#5054));
#736=EDGE_LOOP('',(#5055,#5056,#5057,#5058));
#737=EDGE_LOOP('',(#5059,#5060,#5061,#5062));
#738=EDGE_LOOP('',(#5063,#5064,#5065,#5066));
#739=EDGE_LOOP('',(#5067,#5068,#5069,#5070));
#740=EDGE_LOOP('',(#5071,#5072,#5073,#5074));
#741=EDGE_LOOP('',(#5075,#5076,#5077,#5078));
#742=EDGE_LOOP('',(#5079,#5080,#5081,#5082));
#743=EDGE_LOOP('',(#5083,#5084,#5085,#5086));
#744=EDGE_LOOP('',(#5087,#5088,#5089,#5090));
#745=EDGE_LOOP('',(#5091,#5092,#5093,#5094));
#746=EDGE_LOOP('',(#5095,#5096,#5097,#5098));
#747=EDGE_LOOP('',(#5099,#5100,#5101,#5102));
#748=EDGE_LOOP('',(#5103,#5104,#5105,#5106));
#749=EDGE_LOOP('',(#5107,#5108,#5109,#5110));
#750=EDGE_LOOP('',(#5111,#5112,#5113,#5114));
#751=EDGE_LOOP('',(#5115,#5116,#5117,#5118));
#752=EDGE_LOOP('',(#5119,#5120,#5121,#5122));
#753=EDGE_LOOP('',(#5123,#5124,#5125,#5126));
#754=EDGE_LOOP('',(#5127,#5128,#5129,#5130));
#755=EDGE_LOOP('',(#5131,#5132,#5133,#5134));
#756=EDGE_LOOP('',(#5135,#5136,#5137,#5138));
#757=EDGE_LOOP('',(#5139,#5140,#5141,#5142));
#758=EDGE_LOOP('',(#5143,#5144,#5145,#5146));
#759=EDGE_LOOP('',(#5147,#5148,#5149,#5150));
#760=EDGE_LOOP('',(#5151,#5152,#5153,#5154));
#761=EDGE_LOOP('',(#5155,#5156,#5157,#5158));
#762=EDGE_LOOP('',(#5159,#5160,#5161,#5162));
#763=EDGE_LOOP('',(#5163,#5164,#5165,#5166));
#764=EDGE_LOOP('',(#5167,#5168,#5169,#5170));
#765=EDGE_LOOP('',(#5171,#5172,#5173,#5174));
#766=EDGE_LOOP('',(#5175,#5176,#5177,#5178));
#767=EDGE_LOOP('',(#5179,#5180,#5181,#5182));
#768=EDGE_LOOP('',(#5183,#5184,#5185,#5186));
#769=EDGE_LOOP('',(#5187,#5188,#5189,#5190));
#770=EDGE_LOOP('',(#5191,#5192,#5193,#5194));
#771=EDGE_LOOP('',(#5195,#5196,#5197,#5198));
#772=EDGE_LOOP('',(#5199,#5200,#5201,#5202));
#773=EDGE_LOOP('',(#5203,#5204,#5205,#5206));
#774=EDGE_LOOP('',(#5207,#5208,#5209,#5210));
#775=EDGE_LOOP('',(#5211,#5212,#5213,#5214));
#776=EDGE_LOOP('',(#5215,#5216,#5217,#5218));
#777=EDGE_LOOP('',(#5219,#5220,#5221,#5222));
#778=EDGE_LOOP('',(#5223,#5224,#5225,#5226));
#779=EDGE_LOOP('',(#5227,#5228,#5229,#5230));
#780=EDGE_LOOP('',(#5231,#5232,#5233,#5234));
#781=EDGE_LOOP('',(#5235,#5236,#5237,#5238));
#782=EDGE_LOOP('',(#5239,#5240,#5241,#5242));
#783=EDGE_LOOP('',(#5243,#5244,#5245,#5246));
#784=EDGE_LOOP('',(#5247,#5248,#5249,#5250));
#785=EDGE_LOOP('',(#5251,#5252,#5253,#5254));
#786=EDGE_LOOP('',(#5255,#5256,#5257,#5258));
#787=EDGE_LOOP('',(#5259,#5260,#5261,#5262));
#788=EDGE_LOOP('',(#5263,#5264,#5265,#5266));
#789=EDGE_LOOP('',(#5267,#5268,#5269,#5270));
#790=EDGE_LOOP('',(#5271,#5272,#5273,#5274));
#791=EDGE_LOOP('',(#5275,#5276,#5277,#5278));
#792=EDGE_LOOP('',(#5279,#5280,#5281,#5282));
#793=EDGE_LOOP('',(#5283,#5284,#5285,#5286));
#794=EDGE_LOOP('',(#5287,#5288,#5289,#5290));
#795=EDGE_LOOP('',(#5291,#5292,#5293,#5294));
#796=EDGE_LOOP('',(#5295,#5296,#5297,#5298));
#797=EDGE_LOOP('',(#5299,#5300,#5301,#5302));
#798=EDGE_LOOP('',(#5303,#5304,#5305,#5306));
#799=EDGE_LOOP('',(#5307,#5308,#5309,#5310));
#800=EDGE_LOOP('',(#5311,#5312,#5313,#5314));
#801=EDGE_LOOP('',(#5315,#5316,#5317,#5318));
#802=EDGE_LOOP('',(#5319,#5320,#5321,#5322));
#803=EDGE_LOOP('',(#5323,#5324,#5325,#5326));
#804=EDGE_LOOP('',(#5327,#5328,#5329,#5330));
#805=EDGE_LOOP('',(#5331,#5332,#5333,#5334));
#806=EDGE_LOOP('',(#5335,#5336,#5337,#5338));
#807=EDGE_LOOP('',(#5339,#5340,#5341,#5342));
#808=EDGE_LOOP('',(#5343,#5344,#5345,#5346));
#809=EDGE_LOOP('',(#5347,#5348,#5349,#5350));
#810=EDGE_LOOP('',(#5351,#5352,#5353,#5354));
#811=EDGE_LOOP('',(#5355,#5356,#5357,#5358));
#812=EDGE_LOOP('',(#5359,#5360,#5361,#5362));
#813=EDGE_LOOP('',(#5363,#5364,#5365,#5366));
#814=EDGE_LOOP('',(#5367,#5368,#5369,#5370));
#815=EDGE_LOOP('',(#5371,#5372,#5373,#5374));
#816=EDGE_LOOP('',(#5375,#5376,#5377,#5378));
#817=EDGE_LOOP('',(#5379,#5380,#5381,#5382));
#818=EDGE_LOOP('',(#5383,#5384,#5385,#5386));
#819=EDGE_LOOP('',(#5387,#5388,#5389,#5390));
#820=EDGE_LOOP('',(#5391,#5392,#5393,#5394));
#821=EDGE_LOOP('',(#5395,#5396,#5397,#5398));
#822=EDGE_LOOP('',(#5399,#5400,#5401,#5402));
#823=EDGE_LOOP('',(#5403,#5404,#5405,#5406));
#824=EDGE_LOOP('',(#5407,#5408,#5409,#5410));
#825=EDGE_LOOP('',(#5411,#5412,#5413,#5414));
#826=EDGE_LOOP('',(#5415,#5416,#5417,#5418));
#827=EDGE_LOOP('',(#5419,#5420,#5421,#5422));
#828=EDGE_LOOP('',(#5423,#5424,#5425,#5426));
#829=EDGE_LOOP('',(#5427,#5428,#5429,#5430));
#830=EDGE_LOOP('',(#5431,#5432,#5433,#5434));
#831=EDGE_LOOP('',(#5435,#5436,#5437,#5438));
#832=EDGE_LOOP('',(#5439,#5440,#5441,#5442));
#833=EDGE_LOOP('',(#5443,#5444,#5445,#5446));
#834=EDGE_LOOP('',(#5447,#5448,#5449,#5450));
#835=LINE('',#8139,#1659);
#836=LINE('',#8141,#1660);
#837=LINE('',#8143,#1661);
#838=LINE('',#8144,#1662);
#839=LINE('',#8147,#1663);
#840=LINE('',#8149,#1664);
#841=LINE('',#8151,#1665);
#842=LINE('',#8153,#1666);
#843=LINE('',#8155,#1667);
#844=LINE('',#8157,#1668);
#845=LINE('',#8158,#1669);
#846=LINE('',#8161,#1670);
#847=LINE('',#8163,#1671);
#848=LINE('',#8164,#1672);
#849=LINE('',#8167,#1673);
#850=LINE('',#8169,#1674);
#851=LINE('',#8170,#1675);
#852=LINE('',#8172,#1676);
#853=LINE('',#8174,#1677);
#854=LINE('',#8175,#1678);
#855=LINE('',#8177,#1679);
#856=LINE('',#8178,#1680);
#857=LINE('',#8181,#1681);
#858=LINE('',#8183,#1682);
#859=LINE('',#8185,#1683);
#860=LINE('',#8186,#1684);
#861=LINE('',#8189,#1685);
#862=LINE('',#8191,#1686);
#863=LINE('',#8193,#1687);
#864=LINE('',#8194,#1688);
#865=LINE('',#8197,#1689);
#866=LINE('',#8199,#1690);
#867=LINE('',#8201,#1691);
#868=LINE('',#8202,#1692);
#869=LINE('',#8205,#1693);
#870=LINE('',#8207,#1694);
#871=LINE('',#8209,#1695);
#872=LINE('',#8210,#1696);
#873=LINE('',#8213,#1697);
#874=LINE('',#8215,#1698);
#875=LINE('',#8217,#1699);
#876=LINE('',#8218,#1700);
#877=LINE('',#8221,#1701);
#878=LINE('',#8223,#1702);
#879=LINE('',#8225,#1703);
#880=LINE('',#8226,#1704);
#881=LINE('',#8229,#1705);
#882=LINE('',#8231,#1706);
#883=LINE('',#8233,#1707);
#884=LINE('',#8234,#1708);
#885=LINE('',#8237,#1709);
#886=LINE('',#8239,#1710);
#887=LINE('',#8241,#1711);
#888=LINE('',#8242,#1712);
#889=LINE('',#8245,#1713);
#890=LINE('',#8247,#1714);
#891=LINE('',#8249,#1715);
#892=LINE('',#8250,#1716);
#893=LINE('',#8253,#1717);
#894=LINE('',#8255,#1718);
#895=LINE('',#8257,#1719);
#896=LINE('',#8258,#1720);
#897=LINE('',#8261,#1721);
#898=LINE('',#8263,#1722);
#899=LINE('',#8265,#1723);
#900=LINE('',#8266,#1724);
#901=LINE('',#8269,#1725);
#902=LINE('',#8271,#1726);
#903=LINE('',#8273,#1727);
#904=LINE('',#8274,#1728);
#905=LINE('',#8277,#1729);
#906=LINE('',#8279,#1730);
#907=LINE('',#8281,#1731);
#908=LINE('',#8282,#1732);
#909=LINE('',#8285,#1733);
#910=LINE('',#8287,#1734);
#911=LINE('',#8289,#1735);
#912=LINE('',#8290,#1736);
#913=LINE('',#8293,#1737);
#914=LINE('',#8295,#1738);
#915=LINE('',#8297,#1739);
#916=LINE('',#8298,#1740);
#917=LINE('',#8301,#1741);
#918=LINE('',#8303,#1742);
#919=LINE('',#8305,#1743);
#920=LINE('',#8306,#1744);
#921=LINE('',#8309,#1745);
#922=LINE('',#8311,#1746);
#923=LINE('',#8313,#1747);
#924=LINE('',#8314,#1748);
#925=LINE('',#8317,#1749);
#926=LINE('',#8319,#1750);
#927=LINE('',#8321,#1751);
#928=LINE('',#8322,#1752);
#929=LINE('',#8325,#1753);
#930=LINE('',#8327,#1754);
#931=LINE('',#8329,#1755);
#932=LINE('',#8330,#1756);
#933=LINE('',#8333,#1757);
#934=LINE('',#8335,#1758);
#935=LINE('',#8337,#1759);
#936=LINE('',#8338,#1760);
#937=LINE('',#8341,#1761);
#938=LINE('',#8343,#1762);
#939=LINE('',#8345,#1763);
#940=LINE('',#8346,#1764);
#941=LINE('',#8349,#1765);
#942=LINE('',#8351,#1766);
#943=LINE('',#8353,#1767);
#944=LINE('',#8354,#1768);
#945=LINE('',#8357,#1769);
#946=LINE('',#8359,#1770);
#947=LINE('',#8361,#1771);
#948=LINE('',#8362,#1772);
#949=LINE('',#8365,#1773);
#950=LINE('',#8367,#1774);
#951=LINE('',#8369,#1775);
#952=LINE('',#8370,#1776);
#953=LINE('',#8373,#1777);
#954=LINE('',#8375,#1778);
#955=LINE('',#8377,#1779);
#956=LINE('',#8378,#1780);
#957=LINE('',#8381,#1781);
#958=LINE('',#8383,#1782);
#959=LINE('',#8385,#1783);
#960=LINE('',#8386,#1784);
#961=LINE('',#8389,#1785);
#962=LINE('',#8391,#1786);
#963=LINE('',#8393,#1787);
#964=LINE('',#8394,#1788);
#965=LINE('',#8397,#1789);
#966=LINE('',#8399,#1790);
#967=LINE('',#8401,#1791);
#968=LINE('',#8402,#1792);
#969=LINE('',#8405,#1793);
#970=LINE('',#8407,#1794);
#971=LINE('',#8409,#1795);
#972=LINE('',#8410,#1796);
#973=LINE('',#8413,#1797);
#974=LINE('',#8415,#1798);
#975=LINE('',#8417,#1799);
#976=LINE('',#8418,#1800);
#977=LINE('',#8421,#1801);
#978=LINE('',#8423,#1802);
#979=LINE('',#8425,#1803);
#980=LINE('',#8426,#1804);
#981=LINE('',#8429,#1805);
#982=LINE('',#8431,#1806);
#983=LINE('',#8433,#1807);
#984=LINE('',#8434,#1808);
#985=LINE('',#8437,#1809);
#986=LINE('',#8439,#1810);
#987=LINE('',#8441,#1811);
#988=LINE('',#8442,#1812);
#989=LINE('',#8445,#1813);
#990=LINE('',#8447,#1814);
#991=LINE('',#8449,#1815);
#992=LINE('',#8450,#1816);
#993=LINE('',#8453,#1817);
#994=LINE('',#8455,#1818);
#995=LINE('',#8457,#1819);
#996=LINE('',#8458,#1820);
#997=LINE('',#8461,#1821);
#998=LINE('',#8463,#1822);
#999=LINE('',#8465,#1823);
#1000=LINE('',#8466,#1824);
#1001=LINE('',#8469,#1825);
#1002=LINE('',#8471,#1826);
#1003=LINE('',#8473,#1827);
#1004=LINE('',#8474,#1828);
#1005=LINE('',#8477,#1829);
#1006=LINE('',#8479,#1830);
#1007=LINE('',#8481,#1831);
#1008=LINE('',#8482,#1832);
#1009=LINE('',#8485,#1833);
#1010=LINE('',#8487,#1834);
#1011=LINE('',#8489,#1835);
#1012=LINE('',#8490,#1836);
#1013=LINE('',#8493,#1837);
#1014=LINE('',#8495,#1838);
#1015=LINE('',#8497,#1839);
#1016=LINE('',#8498,#1840);
#1017=LINE('',#8500,#1841);
#1018=LINE('',#8503,#1842);
#1019=LINE('',#8507,#1843);
#1020=LINE('',#8509,#1844);
#1021=LINE('',#8510,#1845);
#1022=LINE('',#8513,#1846);
#1023=LINE('',#8514,#1847);
#1024=LINE('',#8517,#1848);
#1025=LINE('',#8518,#1849);
#1026=LINE('',#8520,#1850);
#1027=LINE('',#8523,#1851);
#1028=LINE('',#8525,#1852);
#1029=LINE('',#8526,#1853);
#1030=LINE('',#8529,#1854);
#1031=LINE('',#8530,#1855);
#1032=LINE('',#8533,#1856);
#1033=LINE('',#8535,#1857);
#1034=LINE('',#8536,#1858);
#1035=LINE('',#8539,#1859);
#1036=LINE('',#8540,#1860);
#1037=LINE('',#8543,#1861);
#1038=LINE('',#8544,#1862);
#1039=LINE('',#8546,#1863);
#1040=LINE('',#8549,#1864);
#1041=LINE('',#8551,#1865);
#1042=LINE('',#8552,#1866);
#1043=LINE('',#8555,#1867);
#1044=LINE('',#8556,#1868);
#1045=LINE('',#8559,#1869);
#1046=LINE('',#8561,#1870);
#1047=LINE('',#8562,#1871);
#1048=LINE('',#8565,#1872);
#1049=LINE('',#8566,#1873);
#1050=LINE('',#8569,#1874);
#1051=LINE('',#8570,#1875);
#1052=LINE('',#8572,#1876);
#1053=LINE('',#8575,#1877);
#1054=LINE('',#8577,#1878);
#1055=LINE('',#8578,#1879);
#1056=LINE('',#8581,#1880);
#1057=LINE('',#8582,#1881);
#1058=LINE('',#8585,#1882);
#1059=LINE('',#8587,#1883);
#1060=LINE('',#8588,#1884);
#1061=LINE('',#8591,#1885);
#1062=LINE('',#8592,#1886);
#1063=LINE('',#8595,#1887);
#1064=LINE('',#8596,#1888);
#1065=LINE('',#8598,#1889);
#1066=LINE('',#8601,#1890);
#1067=LINE('',#8603,#1891);
#1068=LINE('',#8604,#1892);
#1069=LINE('',#8607,#1893);
#1070=LINE('',#8608,#1894);
#1071=LINE('',#8611,#1895);
#1072=LINE('',#8613,#1896);
#1073=LINE('',#8614,#1897);
#1074=LINE('',#8617,#1898);
#1075=LINE('',#8618,#1899);
#1076=LINE('',#8621,#1900);
#1077=LINE('',#8622,#1901);
#1078=LINE('',#8624,#1902);
#1079=LINE('',#8627,#1903);
#1080=LINE('',#8629,#1904);
#1081=LINE('',#8630,#1905);
#1082=LINE('',#8633,#1906);
#1083=LINE('',#8634,#1907);
#1084=LINE('',#8637,#1908);
#1085=LINE('',#8639,#1909);
#1086=LINE('',#8640,#1910);
#1087=LINE('',#8643,#1911);
#1088=LINE('',#8644,#1912);
#1089=LINE('',#8647,#1913);
#1090=LINE('',#8648,#1914);
#1091=LINE('',#8650,#1915);
#1092=LINE('',#8653,#1916);
#1093=LINE('',#8655,#1917);
#1094=LINE('',#8656,#1918);
#1095=LINE('',#8659,#1919);
#1096=LINE('',#8660,#1920);
#1097=LINE('',#8663,#1921);
#1098=LINE('',#8665,#1922);
#1099=LINE('',#8666,#1923);
#1100=LINE('',#8669,#1924);
#1101=LINE('',#8670,#1925);
#1102=LINE('',#8673,#1926);
#1103=LINE('',#8674,#1927);
#1104=LINE('',#8676,#1928);
#1105=LINE('',#8679,#1929);
#1106=LINE('',#8681,#1930);
#1107=LINE('',#8682,#1931);
#1108=LINE('',#8685,#1932);
#1109=LINE('',#8686,#1933);
#1110=LINE('',#8689,#1934);
#1111=LINE('',#8691,#1935);
#1112=LINE('',#8692,#1936);
#1113=LINE('',#8695,#1937);
#1114=LINE('',#8696,#1938);
#1115=LINE('',#8699,#1939);
#1116=LINE('',#8700,#1940);
#1117=LINE('',#8702,#1941);
#1118=LINE('',#8705,#1942);
#1119=LINE('',#8707,#1943);
#1120=LINE('',#8708,#1944);
#1121=LINE('',#8711,#1945);
#1122=LINE('',#8712,#1946);
#1123=LINE('',#8715,#1947);
#1124=LINE('',#8717,#1948);
#1125=LINE('',#8718,#1949);
#1126=LINE('',#8721,#1950);
#1127=LINE('',#8722,#1951);
#1128=LINE('',#8725,#1952);
#1129=LINE('',#8726,#1953);
#1130=LINE('',#8728,#1954);
#1131=LINE('',#8731,#1955);
#1132=LINE('',#8733,#1956);
#1133=LINE('',#8734,#1957);
#1134=LINE('',#8737,#1958);
#1135=LINE('',#8738,#1959);
#1136=LINE('',#8741,#1960);
#1137=LINE('',#8743,#1961);
#1138=LINE('',#8744,#1962);
#1139=LINE('',#8747,#1963);
#1140=LINE('',#8748,#1964);
#1141=LINE('',#8751,#1965);
#1142=LINE('',#8752,#1966);
#1143=LINE('',#8754,#1967);
#1144=LINE('',#8757,#1968);
#1145=LINE('',#8759,#1969);
#1146=LINE('',#8760,#1970);
#1147=LINE('',#8763,#1971);
#1148=LINE('',#8764,#1972);
#1149=LINE('',#8767,#1973);
#1150=LINE('',#8769,#1974);
#1151=LINE('',#8770,#1975);
#1152=LINE('',#8773,#1976);
#1153=LINE('',#8774,#1977);
#1154=LINE('',#8777,#1978);
#1155=LINE('',#8778,#1979);
#1156=LINE('',#8780,#1980);
#1157=LINE('',#8783,#1981);
#1158=LINE('',#8785,#1982);
#1159=LINE('',#8786,#1983);
#1160=LINE('',#8789,#1984);
#1161=LINE('',#8790,#1985);
#1162=LINE('',#8793,#1986);
#1163=LINE('',#8795,#1987);
#1164=LINE('',#8796,#1988);
#1165=LINE('',#8799,#1989);
#1166=LINE('',#8800,#1990);
#1167=LINE('',#8803,#1991);
#1168=LINE('',#8804,#1992);
#1169=LINE('',#8806,#1993);
#1170=LINE('',#8809,#1994);
#1171=LINE('',#8811,#1995);
#1172=LINE('',#8812,#1996);
#1173=LINE('',#8815,#1997);
#1174=LINE('',#8816,#1998);
#1175=LINE('',#8819,#1999);
#1176=LINE('',#8821,#2000);
#1177=LINE('',#8822,#2001);
#1178=LINE('',#8825,#2002);
#1179=LINE('',#8826,#2003);
#1180=LINE('',#8829,#2004);
#1181=LINE('',#8830,#2005);
#1182=LINE('',#8832,#2006);
#1183=LINE('',#8835,#2007);
#1184=LINE('',#8837,#2008);
#1185=LINE('',#8838,#2009);
#1186=LINE('',#8841,#2010);
#1187=LINE('',#8842,#2011);
#1188=LINE('',#8845,#2012);
#1189=LINE('',#8847,#2013);
#1190=LINE('',#8848,#2014);
#1191=LINE('',#8851,#2015);
#1192=LINE('',#8852,#2016);
#1193=LINE('',#8855,#2017);
#1194=LINE('',#8856,#2018);
#1195=LINE('',#8858,#2019);
#1196=LINE('',#8861,#2020);
#1197=LINE('',#8863,#2021);
#1198=LINE('',#8864,#2022);
#1199=LINE('',#8867,#2023);
#1200=LINE('',#8868,#2024);
#1201=LINE('',#8871,#2025);
#1202=LINE('',#8873,#2026);
#1203=LINE('',#8874,#2027);
#1204=LINE('',#8877,#2028);
#1205=LINE('',#8878,#2029);
#1206=LINE('',#8881,#2030);
#1207=LINE('',#8882,#2031);
#1208=LINE('',#8884,#2032);
#1209=LINE('',#8887,#2033);
#1210=LINE('',#8889,#2034);
#1211=LINE('',#8890,#2035);
#1212=LINE('',#8893,#2036);
#1213=LINE('',#8894,#2037);
#1214=LINE('',#8897,#2038);
#1215=LINE('',#8899,#2039);
#1216=LINE('',#8900,#2040);
#1217=LINE('',#8903,#2041);
#1218=LINE('',#8904,#2042);
#1219=LINE('',#8907,#2043);
#1220=LINE('',#8908,#2044);
#1221=LINE('',#8910,#2045);
#1222=LINE('',#8913,#2046);
#1223=LINE('',#8915,#2047);
#1224=LINE('',#8916,#2048);
#1225=LINE('',#8919,#2049);
#1226=LINE('',#8920,#2050);
#1227=LINE('',#8923,#2051);
#1228=LINE('',#8925,#2052);
#1229=LINE('',#8926,#2053);
#1230=LINE('',#8929,#2054);
#1231=LINE('',#8930,#2055);
#1232=LINE('',#8933,#2056);
#1233=LINE('',#8934,#2057);
#1234=LINE('',#8936,#2058);
#1235=LINE('',#8939,#2059);
#1236=LINE('',#8941,#2060);
#1237=LINE('',#8942,#2061);
#1238=LINE('',#8945,#2062);
#1239=LINE('',#8946,#2063);
#1240=LINE('',#8949,#2064);
#1241=LINE('',#8951,#2065);
#1242=LINE('',#8952,#2066);
#1243=LINE('',#8955,#2067);
#1244=LINE('',#8956,#2068);
#1245=LINE('',#8959,#2069);
#1246=LINE('',#8960,#2070);
#1247=LINE('',#8962,#2071);
#1248=LINE('',#8965,#2072);
#1249=LINE('',#8967,#2073);
#1250=LINE('',#8968,#2074);
#1251=LINE('',#8971,#2075);
#1252=LINE('',#8972,#2076);
#1253=LINE('',#8975,#2077);
#1254=LINE('',#8977,#2078);
#1255=LINE('',#8978,#2079);
#1256=LINE('',#8981,#2080);
#1257=LINE('',#8982,#2081);
#1258=LINE('',#8985,#2082);
#1259=LINE('',#8986,#2083);
#1260=LINE('',#8988,#2084);
#1261=LINE('',#8991,#2085);
#1262=LINE('',#8993,#2086);
#1263=LINE('',#8994,#2087);
#1264=LINE('',#8997,#2088);
#1265=LINE('',#8998,#2089);
#1266=LINE('',#9001,#2090);
#1267=LINE('',#9003,#2091);
#1268=LINE('',#9004,#2092);
#1269=LINE('',#9007,#2093);
#1270=LINE('',#9008,#2094);
#1271=LINE('',#9011,#2095);
#1272=LINE('',#9012,#2096);
#1273=LINE('',#9014,#2097);
#1274=LINE('',#9017,#2098);
#1275=LINE('',#9019,#2099);
#1276=LINE('',#9020,#2100);
#1277=LINE('',#9023,#2101);
#1278=LINE('',#9024,#2102);
#1279=LINE('',#9027,#2103);
#1280=LINE('',#9029,#2104);
#1281=LINE('',#9030,#2105);
#1282=LINE('',#9033,#2106);
#1283=LINE('',#9034,#2107);
#1284=LINE('',#9037,#2108);
#1285=LINE('',#9038,#2109);
#1286=LINE('',#9040,#2110);
#1287=LINE('',#9043,#2111);
#1288=LINE('',#9045,#2112);
#1289=LINE('',#9046,#2113);
#1290=LINE('',#9049,#2114);
#1291=LINE('',#9050,#2115);
#1292=LINE('',#9053,#2116);
#1293=LINE('',#9055,#2117);
#1294=LINE('',#9056,#2118);
#1295=LINE('',#9059,#2119);
#1296=LINE('',#9060,#2120);
#1297=LINE('',#9063,#2121);
#1298=LINE('',#9064,#2122);
#1299=LINE('',#9066,#2123);
#1300=LINE('',#9069,#2124);
#1301=LINE('',#9071,#2125);
#1302=LINE('',#9072,#2126);
#1303=LINE('',#9075,#2127);
#1304=LINE('',#9076,#2128);
#1305=LINE('',#9079,#2129);
#1306=LINE('',#9081,#2130);
#1307=LINE('',#9082,#2131);
#1308=LINE('',#9085,#2132);
#1309=LINE('',#9086,#2133);
#1310=LINE('',#9089,#2134);
#1311=LINE('',#9090,#2135);
#1312=LINE('',#9092,#2136);
#1313=LINE('',#9095,#2137);
#1314=LINE('',#9097,#2138);
#1315=LINE('',#9098,#2139);
#1316=LINE('',#9101,#2140);
#1317=LINE('',#9102,#2141);
#1318=LINE('',#9105,#2142);
#1319=LINE('',#9107,#2143);
#1320=LINE('',#9108,#2144);
#1321=LINE('',#9111,#2145);
#1322=LINE('',#9112,#2146);
#1323=LINE('',#9115,#2147);
#1324=LINE('',#9116,#2148);
#1325=LINE('',#9118,#2149);
#1326=LINE('',#9121,#2150);
#1327=LINE('',#9123,#2151);
#1328=LINE('',#9124,#2152);
#1329=LINE('',#9127,#2153);
#1330=LINE('',#9128,#2154);
#1331=LINE('',#9131,#2155);
#1332=LINE('',#9133,#2156);
#1333=LINE('',#9134,#2157);
#1334=LINE('',#9137,#2158);
#1335=LINE('',#9138,#2159);
#1336=LINE('',#9141,#2160);
#1337=LINE('',#9142,#2161);
#1338=LINE('',#9144,#2162);
#1339=LINE('',#9147,#2163);
#1340=LINE('',#9149,#2164);
#1341=LINE('',#9150,#2165);
#1342=LINE('',#9153,#2166);
#1343=LINE('',#9154,#2167);
#1344=LINE('',#9157,#2168);
#1345=LINE('',#9159,#2169);
#1346=LINE('',#9160,#2170);
#1347=LINE('',#9163,#2171);
#1348=LINE('',#9164,#2172);
#1349=LINE('',#9167,#2173);
#1350=LINE('',#9168,#2174);
#1351=LINE('',#9170,#2175);
#1352=LINE('',#9173,#2176);
#1353=LINE('',#9175,#2177);
#1354=LINE('',#9176,#2178);
#1355=LINE('',#9179,#2179);
#1356=LINE('',#9180,#2180);
#1357=LINE('',#9183,#2181);
#1358=LINE('',#9185,#2182);
#1359=LINE('',#9186,#2183);
#1360=LINE('',#9189,#2184);
#1361=LINE('',#9190,#2185);
#1362=LINE('',#9193,#2186);
#1363=LINE('',#9194,#2187);
#1364=LINE('',#9196,#2188);
#1365=LINE('',#9199,#2189);
#1366=LINE('',#9201,#2190);
#1367=LINE('',#9202,#2191);
#1368=LINE('',#9205,#2192);
#1369=LINE('',#9206,#2193);
#1370=LINE('',#9209,#2194);
#1371=LINE('',#9211,#2195);
#1372=LINE('',#9212,#2196);
#1373=LINE('',#9215,#2197);
#1374=LINE('',#9216,#2198);
#1375=LINE('',#9219,#2199);
#1376=LINE('',#9220,#2200);
#1377=LINE('',#9222,#2201);
#1378=LINE('',#9225,#2202);
#1379=LINE('',#9227,#2203);
#1380=LINE('',#9228,#2204);
#1381=LINE('',#9231,#2205);
#1382=LINE('',#9232,#2206);
#1383=LINE('',#9235,#2207);
#1384=LINE('',#9237,#2208);
#1385=LINE('',#9238,#2209);
#1386=LINE('',#9241,#2210);
#1387=LINE('',#9242,#2211);
#1388=LINE('',#9245,#2212);
#1389=LINE('',#9246,#2213);
#1390=LINE('',#9248,#2214);
#1391=LINE('',#9251,#2215);
#1392=LINE('',#9253,#2216);
#1393=LINE('',#9254,#2217);
#1394=LINE('',#9257,#2218);
#1395=LINE('',#9258,#2219);
#1396=LINE('',#9261,#2220);
#1397=LINE('',#9263,#2221);
#1398=LINE('',#9264,#2222);
#1399=LINE('',#9267,#2223);
#1400=LINE('',#9268,#2224);
#1401=LINE('',#9271,#2225);
#1402=LINE('',#9272,#2226);
#1403=LINE('',#9274,#2227);
#1404=LINE('',#9277,#2228);
#1405=LINE('',#9279,#2229);
#1406=LINE('',#9280,#2230);
#1407=LINE('',#9283,#2231);
#1408=LINE('',#9284,#2232);
#1409=LINE('',#9287,#2233);
#1410=LINE('',#9289,#2234);
#1411=LINE('',#9290,#2235);
#1412=LINE('',#9293,#2236);
#1413=LINE('',#9294,#2237);
#1414=LINE('',#9297,#2238);
#1415=LINE('',#9298,#2239);
#1416=LINE('',#9300,#2240);
#1417=LINE('',#9303,#2241);
#1418=LINE('',#9305,#2242);
#1419=LINE('',#9306,#2243);
#1420=LINE('',#9309,#2244);
#1421=LINE('',#9310,#2245);
#1422=LINE('',#9313,#2246);
#1423=LINE('',#9315,#2247);
#1424=LINE('',#9316,#2248);
#1425=LINE('',#9319,#2249);
#1426=LINE('',#9320,#2250);
#1427=LINE('',#9323,#2251);
#1428=LINE('',#9324,#2252);
#1429=LINE('',#9326,#2253);
#1430=LINE('',#9329,#2254);
#1431=LINE('',#9331,#2255);
#1432=LINE('',#9332,#2256);
#1433=LINE('',#9335,#2257);
#1434=LINE('',#9336,#2258);
#1435=LINE('',#9339,#2259);
#1436=LINE('',#9341,#2260);
#1437=LINE('',#9342,#2261);
#1438=LINE('',#9345,#2262);
#1439=LINE('',#9346,#2263);
#1440=LINE('',#9349,#2264);
#1441=LINE('',#9350,#2265);
#1442=LINE('',#9352,#2266);
#1443=LINE('',#9355,#2267);
#1444=LINE('',#9357,#2268);
#1445=LINE('',#9358,#2269);
#1446=LINE('',#9361,#2270);
#1447=LINE('',#9362,#2271);
#1448=LINE('',#9365,#2272);
#1449=LINE('',#9367,#2273);
#1450=LINE('',#9368,#2274);
#1451=LINE('',#9371,#2275);
#1452=LINE('',#9372,#2276);
#1453=LINE('',#9375,#2277);
#1454=LINE('',#9376,#2278);
#1455=LINE('',#9378,#2279);
#1456=LINE('',#9381,#2280);
#1457=LINE('',#9383,#2281);
#1458=LINE('',#9384,#2282);
#1459=LINE('',#9387,#2283);
#1460=LINE('',#9388,#2284);
#1461=LINE('',#9391,#2285);
#1462=LINE('',#9393,#2286);
#1463=LINE('',#9394,#2287);
#1464=LINE('',#9397,#2288);
#1465=LINE('',#9398,#2289);
#1466=LINE('',#9401,#2290);
#1467=LINE('',#9402,#2291);
#1468=LINE('',#9404,#2292);
#1469=LINE('',#9407,#2293);
#1470=LINE('',#9409,#2294);
#1471=LINE('',#9410,#2295);
#1472=LINE('',#9413,#2296);
#1473=LINE('',#9414,#2297);
#1474=LINE('',#9417,#2298);
#1475=LINE('',#9419,#2299);
#1476=LINE('',#9420,#2300);
#1477=LINE('',#9423,#2301);
#1478=LINE('',#9424,#2302);
#1479=LINE('',#9427,#2303);
#1480=LINE('',#9428,#2304);
#1481=LINE('',#9430,#2305);
#1482=LINE('',#9433,#2306);
#1483=LINE('',#9435,#2307);
#1484=LINE('',#9436,#2308);
#1485=LINE('',#9439,#2309);
#1486=LINE('',#9440,#2310);
#1487=LINE('',#9443,#2311);
#1488=LINE('',#9445,#2312);
#1489=LINE('',#9446,#2313);
#1490=LINE('',#9449,#2314);
#1491=LINE('',#9450,#2315);
#1492=LINE('',#9453,#2316);
#1493=LINE('',#9454,#2317);
#1494=LINE('',#9456,#2318);
#1495=LINE('',#9459,#2319);
#1496=LINE('',#9461,#2320);
#1497=LINE('',#9462,#2321);
#1498=LINE('',#9465,#2322);
#1499=LINE('',#9466,#2323);
#1500=LINE('',#9469,#2324);
#1501=LINE('',#9471,#2325);
#1502=LINE('',#9472,#2326);
#1503=LINE('',#9475,#2327);
#1504=LINE('',#9476,#2328);
#1505=LINE('',#9479,#2329);
#1506=LINE('',#9480,#2330);
#1507=LINE('',#9482,#2331);
#1508=LINE('',#9485,#2332);
#1509=LINE('',#9487,#2333);
#1510=LINE('',#9488,#2334);
#1511=LINE('',#9491,#2335);
#1512=LINE('',#9492,#2336);
#1513=LINE('',#9495,#2337);
#1514=LINE('',#9497,#2338);
#1515=LINE('',#9498,#2339);
#1516=LINE('',#9501,#2340);
#1517=LINE('',#9502,#2341);
#1518=LINE('',#9505,#2342);
#1519=LINE('',#9506,#2343);
#1520=LINE('',#9508,#2344);
#1521=LINE('',#9511,#2345);
#1522=LINE('',#9513,#2346);
#1523=LINE('',#9514,#2347);
#1524=LINE('',#9517,#2348);
#1525=LINE('',#9518,#2349);
#1526=LINE('',#9521,#2350);
#1527=LINE('',#9522,#2351);
#1528=LINE('',#9524,#2352);
#1529=LINE('',#9528,#2353);
#1530=LINE('',#9529,#2354);
#1531=LINE('',#9531,#2355);
#1532=LINE('',#9535,#2356);
#1533=LINE('',#9536,#2357);
#1534=LINE('',#9538,#2358);
#1535=LINE('',#9542,#2359);
#1536=LINE('',#9543,#2360);
#1537=LINE('',#9545,#2361);
#1538=LINE('',#9549,#2362);
#1539=LINE('',#9550,#2363);
#1540=LINE('',#9552,#2364);
#1541=LINE('',#9556,#2365);
#1542=LINE('',#9557,#2366);
#1543=LINE('',#9559,#2367);
#1544=LINE('',#9563,#2368);
#1545=LINE('',#9564,#2369);
#1546=LINE('',#9566,#2370);
#1547=LINE('',#9570,#2371);
#1548=LINE('',#9571,#2372);
#1549=LINE('',#9573,#2373);
#1550=LINE('',#9577,#2374);
#1551=LINE('',#9578,#2375);
#1552=LINE('',#9580,#2376);
#1553=LINE('',#9584,#2377);
#1554=LINE('',#9585,#2378);
#1555=LINE('',#9587,#2379);
#1556=LINE('',#9591,#2380);
#1557=LINE('',#9592,#2381);
#1558=LINE('',#9594,#2382);
#1559=LINE('',#9598,#2383);
#1560=LINE('',#9599,#2384);
#1561=LINE('',#9601,#2385);
#1562=LINE('',#9605,#2386);
#1563=LINE('',#9606,#2387);
#1564=LINE('',#9608,#2388);
#1565=LINE('',#9612,#2389);
#1566=LINE('',#9613,#2390);
#1567=LINE('',#9615,#2391);
#1568=LINE('',#9619,#2392);
#1569=LINE('',#9620,#2393);
#1570=LINE('',#9622,#2394);
#1571=LINE('',#9626,#2395);
#1572=LINE('',#9627,#2396);
#1573=LINE('',#9629,#2397);
#1574=LINE('',#9633,#2398);
#1575=LINE('',#9634,#2399);
#1576=LINE('',#9636,#2400);
#1577=LINE('',#9640,#2401);
#1578=LINE('',#9641,#2402);
#1579=LINE('',#9643,#2403);
#1580=LINE('',#9647,#2404);
#1581=LINE('',#9648,#2405);
#1582=LINE('',#9650,#2406);
#1583=LINE('',#9654,#2407);
#1584=LINE('',#9655,#2408);
#1585=LINE('',#9657,#2409);
#1586=LINE('',#9661,#2410);
#1587=LINE('',#9662,#2411);
#1588=LINE('',#9664,#2412);
#1589=LINE('',#9668,#2413);
#1590=LINE('',#9669,#2414);
#1591=LINE('',#9671,#2415);
#1592=LINE('',#9675,#2416);
#1593=LINE('',#9676,#2417);
#1594=LINE('',#9678,#2418);
#1595=LINE('',#9682,#2419);
#1596=LINE('',#9683,#2420);
#1597=LINE('',#9685,#2421);
#1598=LINE('',#9689,#2422);
#1599=LINE('',#9690,#2423);
#1600=LINE('',#9692,#2424);
#1601=LINE('',#9696,#2425);
#1602=LINE('',#9697,#2426);
#1603=LINE('',#9699,#2427);
#1604=LINE('',#9703,#2428);
#1605=LINE('',#9704,#2429);
#1606=LINE('',#9706,#2430);
#1607=LINE('',#9710,#2431);
#1608=LINE('',#9711,#2432);
#1609=LINE('',#9713,#2433);
#1610=LINE('',#9717,#2434);
#1611=LINE('',#9718,#2435);
#1612=LINE('',#9720,#2436);
#1613=LINE('',#9724,#2437);
#1614=LINE('',#9725,#2438);
#1615=LINE('',#9727,#2439);
#1616=LINE('',#9731,#2440);
#1617=LINE('',#9732,#2441);
#1618=LINE('',#9734,#2442);
#1619=LINE('',#9738,#2443);
#1620=LINE('',#9739,#2444);
#1621=LINE('',#9741,#2445);
#1622=LINE('',#9745,#2446);
#1623=LINE('',#9746,#2447);
#1624=LINE('',#9748,#2448);
#1625=LINE('',#9752,#2449);
#1626=LINE('',#9753,#2450);
#1627=LINE('',#9755,#2451);
#1628=LINE('',#9759,#2452);
#1629=LINE('',#9760,#2453);
#1630=LINE('',#9762,#2454);
#1631=LINE('',#9766,#2455);
#1632=LINE('',#9767,#2456);
#1633=LINE('',#9769,#2457);
#1634=LINE('',#9773,#2458);
#1635=LINE('',#9774,#2459);
#1636=LINE('',#9776,#2460);
#1637=LINE('',#9780,#2461);
#1638=LINE('',#9781,#2462);
#1639=LINE('',#9783,#2463);
#1640=LINE('',#9787,#2464);
#1641=LINE('',#9788,#2465);
#1642=LINE('',#9790,#2466);
#1643=LINE('',#9794,#2467);
#1644=LINE('',#9796,#2468);
#1645=LINE('',#9797,#2469);
#1646=LINE('',#9800,#2470);
#1647=LINE('',#9801,#2471);
#1648=LINE('',#9804,#2472);
#1649=LINE('',#9805,#2473);
#1650=LINE('',#9807,#2474);
#1651=LINE('',#9810,#2475);
#1652=LINE('',#9812,#2476);
#1653=LINE('',#9813,#2477);
#1654=LINE('',#9816,#2478);
#1655=LINE('',#9817,#2479);
#1656=LINE('',#9820,#2480);
#1657=LINE('',#9821,#2481);
#1658=LINE('',#9823,#2482);
#1659=VECTOR('',#6573,0.393700787401575);
#1660=VECTOR('',#6574,0.393700787401575);
#1661=VECTOR('',#6575,0.393700787401575);
#1662=VECTOR('',#6576,0.393700787401575);
#1663=VECTOR('',#6579,0.393700787401575);
#1664=VECTOR('',#6580,0.393700787401575);
#1665=VECTOR('',#6581,0.393700787401575);
#1666=VECTOR('',#6582,0.393700787401575);
#1667=VECTOR('',#6583,0.393700787401575);
#1668=VECTOR('',#6584,0.393700787401575);
#1669=VECTOR('',#6585,0.393700787401575);
#1670=VECTOR('',#6588,0.393700787401575);
#1671=VECTOR('',#6589,0.393700787401575);
#1672=VECTOR('',#6590,0.393700787401575);
#1673=VECTOR('',#6593,0.393700787401575);
#1674=VECTOR('',#6594,0.393700787401575);
#1675=VECTOR('',#6595,0.393700787401575);
#1676=VECTOR('',#6596,0.393700787401575);
#1677=VECTOR('',#6597,0.393700787401575);
#1678=VECTOR('',#6598,0.393700787401575);
#1679=VECTOR('',#6601,0.393700787401575);
#1680=VECTOR('',#6602,0.393700787401575);
#1681=VECTOR('',#6603,0.393700787401575);
#1682=VECTOR('',#6604,0.393700787401575);
#1683=VECTOR('',#6605,0.393700787401575);
#1684=VECTOR('',#6606,0.393700787401575);
#1685=VECTOR('',#6607,0.393700787401575);
#1686=VECTOR('',#6608,0.393700787401575);
#1687=VECTOR('',#6609,0.393700787401575);
#1688=VECTOR('',#6610,0.393700787401575);
#1689=VECTOR('',#6611,0.393700787401575);
#1690=VECTOR('',#6612,0.393700787401575);
#1691=VECTOR('',#6613,0.393700787401575);
#1692=VECTOR('',#6614,0.393700787401575);
#1693=VECTOR('',#6615,0.393700787401575);
#1694=VECTOR('',#6616,0.393700787401575);
#1695=VECTOR('',#6617,0.393700787401575);
#1696=VECTOR('',#6618,0.393700787401575);
#1697=VECTOR('',#6619,0.393700787401575);
#1698=VECTOR('',#6620,0.393700787401575);
#1699=VECTOR('',#6621,0.393700787401575);
#1700=VECTOR('',#6622,0.393700787401575);
#1701=VECTOR('',#6623,0.393700787401575);
#1702=VECTOR('',#6624,0.393700787401575);
#1703=VECTOR('',#6625,0.393700787401575);
#1704=VECTOR('',#6626,0.393700787401575);
#1705=VECTOR('',#6627,0.393700787401575);
#1706=VECTOR('',#6628,0.393700787401575);
#1707=VECTOR('',#6629,0.393700787401575);
#1708=VECTOR('',#6630,0.393700787401575);
#1709=VECTOR('',#6631,0.393700787401575);
#1710=VECTOR('',#6632,0.393700787401575);
#1711=VECTOR('',#6633,0.393700787401575);
#1712=VECTOR('',#6634,0.393700787401575);
#1713=VECTOR('',#6635,0.393700787401575);
#1714=VECTOR('',#6636,0.393700787401575);
#1715=VECTOR('',#6637,0.393700787401575);
#1716=VECTOR('',#6638,0.393700787401575);
#1717=VECTOR('',#6639,0.393700787401575);
#1718=VECTOR('',#6640,0.393700787401575);
#1719=VECTOR('',#6641,0.393700787401575);
#1720=VECTOR('',#6642,0.393700787401575);
#1721=VECTOR('',#6643,0.393700787401575);
#1722=VECTOR('',#6644,0.393700787401575);
#1723=VECTOR('',#6645,0.393700787401575);
#1724=VECTOR('',#6646,0.393700787401575);
#1725=VECTOR('',#6647,0.393700787401575);
#1726=VECTOR('',#6648,0.393700787401575);
#1727=VECTOR('',#6649,0.393700787401575);
#1728=VECTOR('',#6650,0.393700787401575);
#1729=VECTOR('',#6651,0.393700787401575);
#1730=VECTOR('',#6652,0.393700787401575);
#1731=VECTOR('',#6653,0.393700787401575);
#1732=VECTOR('',#6654,0.393700787401575);
#1733=VECTOR('',#6655,0.393700787401575);
#1734=VECTOR('',#6656,0.393700787401575);
#1735=VECTOR('',#6657,0.393700787401575);
#1736=VECTOR('',#6658,0.393700787401575);
#1737=VECTOR('',#6659,0.393700787401575);
#1738=VECTOR('',#6660,0.393700787401575);
#1739=VECTOR('',#6661,0.393700787401575);
#1740=VECTOR('',#6662,0.393700787401575);
#1741=VECTOR('',#6663,0.393700787401575);
#1742=VECTOR('',#6664,0.393700787401575);
#1743=VECTOR('',#6665,0.393700787401575);
#1744=VECTOR('',#6666,0.393700787401575);
#1745=VECTOR('',#6667,0.393700787401575);
#1746=VECTOR('',#6668,0.393700787401575);
#1747=VECTOR('',#6669,0.393700787401575);
#1748=VECTOR('',#6670,0.393700787401575);
#1749=VECTOR('',#6671,0.393700787401575);
#1750=VECTOR('',#6672,0.393700787401575);
#1751=VECTOR('',#6673,0.393700787401575);
#1752=VECTOR('',#6674,0.393700787401575);
#1753=VECTOR('',#6675,0.393700787401575);
#1754=VECTOR('',#6676,0.393700787401575);
#1755=VECTOR('',#6677,0.393700787401575);
#1756=VECTOR('',#6678,0.393700787401575);
#1757=VECTOR('',#6679,0.393700787401575);
#1758=VECTOR('',#6680,0.393700787401575);
#1759=VECTOR('',#6681,0.393700787401575);
#1760=VECTOR('',#6682,0.393700787401575);
#1761=VECTOR('',#6683,0.393700787401575);
#1762=VECTOR('',#6684,0.393700787401575);
#1763=VECTOR('',#6685,0.393700787401575);
#1764=VECTOR('',#6686,0.393700787401575);
#1765=VECTOR('',#6687,0.393700787401575);
#1766=VECTOR('',#6688,0.393700787401575);
#1767=VECTOR('',#6689,0.393700787401575);
#1768=VECTOR('',#6690,0.393700787401575);
#1769=VECTOR('',#6691,0.393700787401575);
#1770=VECTOR('',#6692,0.393700787401575);
#1771=VECTOR('',#6693,0.393700787401575);
#1772=VECTOR('',#6694,0.393700787401575);
#1773=VECTOR('',#6695,0.393700787401575);
#1774=VECTOR('',#6696,0.393700787401575);
#1775=VECTOR('',#6697,0.393700787401575);
#1776=VECTOR('',#6698,0.393700787401575);
#1777=VECTOR('',#6699,0.393700787401575);
#1778=VECTOR('',#6700,0.393700787401575);
#1779=VECTOR('',#6701,0.393700787401575);
#1780=VECTOR('',#6702,0.393700787401575);
#1781=VECTOR('',#6703,0.393700787401575);
#1782=VECTOR('',#6704,0.393700787401575);
#1783=VECTOR('',#6705,0.393700787401575);
#1784=VECTOR('',#6706,0.393700787401575);
#1785=VECTOR('',#6707,0.393700787401575);
#1786=VECTOR('',#6708,0.393700787401575);
#1787=VECTOR('',#6709,0.393700787401575);
#1788=VECTOR('',#6710,0.393700787401575);
#1789=VECTOR('',#6711,0.393700787401575);
#1790=VECTOR('',#6712,0.393700787401575);
#1791=VECTOR('',#6713,0.393700787401575);
#1792=VECTOR('',#6714,0.393700787401575);
#1793=VECTOR('',#6715,0.393700787401575);
#1794=VECTOR('',#6716,0.393700787401575);
#1795=VECTOR('',#6717,0.393700787401575);
#1796=VECTOR('',#6718,0.393700787401575);
#1797=VECTOR('',#6719,0.393700787401575);
#1798=VECTOR('',#6720,0.393700787401575);
#1799=VECTOR('',#6721,0.393700787401575);
#1800=VECTOR('',#6722,0.393700787401575);
#1801=VECTOR('',#6723,0.393700787401575);
#1802=VECTOR('',#6724,0.393700787401575);
#1803=VECTOR('',#6725,0.393700787401575);
#1804=VECTOR('',#6726,0.393700787401575);
#1805=VECTOR('',#6727,0.393700787401575);
#1806=VECTOR('',#6728,0.393700787401575);
#1807=VECTOR('',#6729,0.393700787401575);
#1808=VECTOR('',#6730,0.393700787401575);
#1809=VECTOR('',#6731,0.393700787401575);
#1810=VECTOR('',#6732,0.393700787401575);
#1811=VECTOR('',#6733,0.393700787401575);
#1812=VECTOR('',#6734,0.393700787401575);
#1813=VECTOR('',#6735,0.393700787401575);
#1814=VECTOR('',#6736,0.393700787401575);
#1815=VECTOR('',#6737,0.393700787401575);
#1816=VECTOR('',#6738,0.393700787401575);
#1817=VECTOR('',#6739,0.393700787401575);
#1818=VECTOR('',#6740,0.393700787401575);
#1819=VECTOR('',#6741,0.393700787401575);
#1820=VECTOR('',#6742,0.393700787401575);
#1821=VECTOR('',#6743,0.393700787401575);
#1822=VECTOR('',#6744,0.393700787401575);
#1823=VECTOR('',#6745,0.393700787401575);
#1824=VECTOR('',#6746,0.393700787401575);
#1825=VECTOR('',#6747,0.393700787401575);
#1826=VECTOR('',#6748,0.393700787401575);
#1827=VECTOR('',#6749,0.393700787401575);
#1828=VECTOR('',#6750,0.393700787401575);
#1829=VECTOR('',#6751,0.393700787401575);
#1830=VECTOR('',#6752,0.393700787401575);
#1831=VECTOR('',#6753,0.393700787401575);
#1832=VECTOR('',#6754,0.393700787401575);
#1833=VECTOR('',#6755,0.393700787401575);
#1834=VECTOR('',#6756,0.393700787401575);
#1835=VECTOR('',#6757,0.393700787401575);
#1836=VECTOR('',#6758,0.393700787401575);
#1837=VECTOR('',#6759,0.393700787401575);
#1838=VECTOR('',#6760,0.393700787401575);
#1839=VECTOR('',#6761,0.393700787401575);
#1840=VECTOR('',#6762,0.393700787401575);
#1841=VECTOR('',#6765,0.393700787401575);
#1842=VECTOR('',#6770,0.393700787401575);
#1843=VECTOR('',#6775,0.393700787401575);
#1844=VECTOR('',#6776,0.393700787401575);
#1845=VECTOR('',#6777,0.393700787401575);
#1846=VECTOR('',#6780,0.393700787401575);
#1847=VECTOR('',#6781,0.393700787401575);
#1848=VECTOR('',#6784,0.393700787401575);
#1849=VECTOR('',#6785,0.393700787401575);
#1850=VECTOR('',#6788,0.393700787401575);
#1851=VECTOR('',#6791,0.393700787401575);
#1852=VECTOR('',#6792,0.393700787401575);
#1853=VECTOR('',#6793,0.393700787401575);
#1854=VECTOR('',#6796,0.393700787401575);
#1855=VECTOR('',#6797,0.393700787401575);
#1856=VECTOR('',#6800,0.393700787401575);
#1857=VECTOR('',#6801,0.393700787401575);
#1858=VECTOR('',#6802,0.393700787401575);
#1859=VECTOR('',#6805,0.393700787401575);
#1860=VECTOR('',#6806,0.393700787401575);
#1861=VECTOR('',#6809,0.393700787401575);
#1862=VECTOR('',#6810,0.393700787401575);
#1863=VECTOR('',#6813,0.393700787401575);
#1864=VECTOR('',#6816,0.393700787401575);
#1865=VECTOR('',#6817,0.393700787401575);
#1866=VECTOR('',#6818,0.393700787401575);
#1867=VECTOR('',#6821,0.393700787401575);
#1868=VECTOR('',#6822,0.393700787401575);
#1869=VECTOR('',#6825,0.393700787401575);
#1870=VECTOR('',#6826,0.393700787401575);
#1871=VECTOR('',#6827,0.393700787401575);
#1872=VECTOR('',#6830,0.393700787401575);
#1873=VECTOR('',#6831,0.393700787401575);
#1874=VECTOR('',#6834,0.393700787401575);
#1875=VECTOR('',#6835,0.393700787401575);
#1876=VECTOR('',#6838,0.393700787401575);
#1877=VECTOR('',#6841,0.393700787401575);
#1878=VECTOR('',#6842,0.393700787401575);
#1879=VECTOR('',#6843,0.393700787401575);
#1880=VECTOR('',#6846,0.393700787401575);
#1881=VECTOR('',#6847,0.393700787401575);
#1882=VECTOR('',#6850,0.393700787401575);
#1883=VECTOR('',#6851,0.393700787401575);
#1884=VECTOR('',#6852,0.393700787401575);
#1885=VECTOR('',#6855,0.393700787401575);
#1886=VECTOR('',#6856,0.393700787401575);
#1887=VECTOR('',#6859,0.393700787401575);
#1888=VECTOR('',#6860,0.393700787401575);
#1889=VECTOR('',#6863,0.393700787401575);
#1890=VECTOR('',#6866,0.393700787401575);
#1891=VECTOR('',#6867,0.393700787401575);
#1892=VECTOR('',#6868,0.393700787401575);
#1893=VECTOR('',#6871,0.393700787401575);
#1894=VECTOR('',#6872,0.393700787401575);
#1895=VECTOR('',#6875,0.393700787401575);
#1896=VECTOR('',#6876,0.393700787401575);
#1897=VECTOR('',#6877,0.393700787401575);
#1898=VECTOR('',#6880,0.393700787401575);
#1899=VECTOR('',#6881,0.393700787401575);
#1900=VECTOR('',#6884,0.393700787401575);
#1901=VECTOR('',#6885,0.393700787401575);
#1902=VECTOR('',#6888,0.393700787401575);
#1903=VECTOR('',#6891,0.393700787401575);
#1904=VECTOR('',#6892,0.393700787401575);
#1905=VECTOR('',#6893,0.393700787401575);
#1906=VECTOR('',#6896,0.393700787401575);
#1907=VECTOR('',#6897,0.393700787401575);
#1908=VECTOR('',#6900,0.393700787401575);
#1909=VECTOR('',#6901,0.393700787401575);
#1910=VECTOR('',#6902,0.393700787401575);
#1911=VECTOR('',#6905,0.393700787401575);
#1912=VECTOR('',#6906,0.393700787401575);
#1913=VECTOR('',#6909,0.393700787401575);
#1914=VECTOR('',#6910,0.393700787401575);
#1915=VECTOR('',#6913,0.393700787401575);
#1916=VECTOR('',#6916,0.393700787401575);
#1917=VECTOR('',#6917,0.393700787401575);
#1918=VECTOR('',#6918,0.393700787401575);
#1919=VECTOR('',#6921,0.393700787401575);
#1920=VECTOR('',#6922,0.393700787401575);
#1921=VECTOR('',#6925,0.393700787401575);
#1922=VECTOR('',#6926,0.393700787401575);
#1923=VECTOR('',#6927,0.393700787401575);
#1924=VECTOR('',#6930,0.393700787401575);
#1925=VECTOR('',#6931,0.393700787401575);
#1926=VECTOR('',#6934,0.393700787401575);
#1927=VECTOR('',#6935,0.393700787401575);
#1928=VECTOR('',#6938,0.393700787401575);
#1929=VECTOR('',#6941,0.393700787401575);
#1930=VECTOR('',#6942,0.393700787401575);
#1931=VECTOR('',#6943,0.393700787401575);
#1932=VECTOR('',#6946,0.393700787401575);
#1933=VECTOR('',#6947,0.393700787401575);
#1934=VECTOR('',#6950,0.393700787401575);
#1935=VECTOR('',#6951,0.393700787401575);
#1936=VECTOR('',#6952,0.393700787401575);
#1937=VECTOR('',#6955,0.393700787401575);
#1938=VECTOR('',#6956,0.393700787401575);
#1939=VECTOR('',#6959,0.393700787401575);
#1940=VECTOR('',#6960,0.393700787401575);
#1941=VECTOR('',#6963,0.393700787401575);
#1942=VECTOR('',#6966,0.393700787401575);
#1943=VECTOR('',#6967,0.393700787401575);
#1944=VECTOR('',#6968,0.393700787401575);
#1945=VECTOR('',#6971,0.393700787401575);
#1946=VECTOR('',#6972,0.393700787401575);
#1947=VECTOR('',#6975,0.393700787401575);
#1948=VECTOR('',#6976,0.393700787401575);
#1949=VECTOR('',#6977,0.393700787401575);
#1950=VECTOR('',#6980,0.393700787401575);
#1951=VECTOR('',#6981,0.393700787401575);
#1952=VECTOR('',#6984,0.393700787401575);
#1953=VECTOR('',#6985,0.393700787401575);
#1954=VECTOR('',#6988,0.393700787401575);
#1955=VECTOR('',#6991,0.393700787401575);
#1956=VECTOR('',#6992,0.393700787401575);
#1957=VECTOR('',#6993,0.393700787401575);
#1958=VECTOR('',#6996,0.393700787401575);
#1959=VECTOR('',#6997,0.393700787401575);
#1960=VECTOR('',#7000,0.393700787401575);
#1961=VECTOR('',#7001,0.393700787401575);
#1962=VECTOR('',#7002,0.393700787401575);
#1963=VECTOR('',#7005,0.393700787401575);
#1964=VECTOR('',#7006,0.393700787401575);
#1965=VECTOR('',#7009,0.393700787401575);
#1966=VECTOR('',#7010,0.393700787401575);
#1967=VECTOR('',#7013,0.393700787401575);
#1968=VECTOR('',#7016,0.393700787401575);
#1969=VECTOR('',#7017,0.393700787401575);
#1970=VECTOR('',#7018,0.393700787401575);
#1971=VECTOR('',#7021,0.393700787401575);
#1972=VECTOR('',#7022,0.393700787401575);
#1973=VECTOR('',#7025,0.393700787401575);
#1974=VECTOR('',#7026,0.393700787401575);
#1975=VECTOR('',#7027,0.393700787401575);
#1976=VECTOR('',#7030,0.393700787401575);
#1977=VECTOR('',#7031,0.393700787401575);
#1978=VECTOR('',#7034,0.393700787401575);
#1979=VECTOR('',#7035,0.393700787401575);
#1980=VECTOR('',#7038,0.393700787401575);
#1981=VECTOR('',#7041,0.393700787401575);
#1982=VECTOR('',#7042,0.393700787401575);
#1983=VECTOR('',#7043,0.393700787401575);
#1984=VECTOR('',#7046,0.393700787401575);
#1985=VECTOR('',#7047,0.393700787401575);
#1986=VECTOR('',#7050,0.393700787401575);
#1987=VECTOR('',#7051,0.393700787401575);
#1988=VECTOR('',#7052,0.393700787401575);
#1989=VECTOR('',#7055,0.393700787401575);
#1990=VECTOR('',#7056,0.393700787401575);
#1991=VECTOR('',#7059,0.393700787401575);
#1992=VECTOR('',#7060,0.393700787401575);
#1993=VECTOR('',#7063,0.393700787401575);
#1994=VECTOR('',#7066,0.393700787401575);
#1995=VECTOR('',#7067,0.393700787401575);
#1996=VECTOR('',#7068,0.393700787401575);
#1997=VECTOR('',#7071,0.393700787401575);
#1998=VECTOR('',#7072,0.393700787401575);
#1999=VECTOR('',#7075,0.393700787401575);
#2000=VECTOR('',#7076,0.393700787401575);
#2001=VECTOR('',#7077,0.393700787401575);
#2002=VECTOR('',#7080,0.393700787401575);
#2003=VECTOR('',#7081,0.393700787401575);
#2004=VECTOR('',#7084,0.393700787401575);
#2005=VECTOR('',#7085,0.393700787401575);
#2006=VECTOR('',#7088,0.393700787401575);
#2007=VECTOR('',#7091,0.393700787401575);
#2008=VECTOR('',#7092,0.393700787401575);
#2009=VECTOR('',#7093,0.393700787401575);
#2010=VECTOR('',#7096,0.393700787401575);
#2011=VECTOR('',#7097,0.393700787401575);
#2012=VECTOR('',#7100,0.393700787401575);
#2013=VECTOR('',#7101,0.393700787401575);
#2014=VECTOR('',#7102,0.393700787401575);
#2015=VECTOR('',#7105,0.393700787401575);
#2016=VECTOR('',#7106,0.393700787401575);
#2017=VECTOR('',#7109,0.393700787401575);
#2018=VECTOR('',#7110,0.393700787401575);
#2019=VECTOR('',#7113,0.393700787401575);
#2020=VECTOR('',#7116,0.393700787401575);
#2021=VECTOR('',#7117,0.393700787401575);
#2022=VECTOR('',#7118,0.393700787401575);
#2023=VECTOR('',#7121,0.393700787401575);
#2024=VECTOR('',#7122,0.393700787401575);
#2025=VECTOR('',#7125,0.393700787401575);
#2026=VECTOR('',#7126,0.393700787401575);
#2027=VECTOR('',#7127,0.393700787401575);
#2028=VECTOR('',#7130,0.393700787401575);
#2029=VECTOR('',#7131,0.393700787401575);
#2030=VECTOR('',#7134,0.393700787401575);
#2031=VECTOR('',#7135,0.393700787401575);
#2032=VECTOR('',#7138,0.393700787401575);
#2033=VECTOR('',#7141,0.393700787401575);
#2034=VECTOR('',#7142,0.393700787401575);
#2035=VECTOR('',#7143,0.393700787401575);
#2036=VECTOR('',#7146,0.393700787401575);
#2037=VECTOR('',#7147,0.393700787401575);
#2038=VECTOR('',#7150,0.393700787401575);
#2039=VECTOR('',#7151,0.393700787401575);
#2040=VECTOR('',#7152,0.393700787401575);
#2041=VECTOR('',#7155,0.393700787401575);
#2042=VECTOR('',#7156,0.393700787401575);
#2043=VECTOR('',#7159,0.393700787401575);
#2044=VECTOR('',#7160,0.393700787401575);
#2045=VECTOR('',#7163,0.393700787401575);
#2046=VECTOR('',#7166,0.393700787401575);
#2047=VECTOR('',#7167,0.393700787401575);
#2048=VECTOR('',#7168,0.393700787401575);
#2049=VECTOR('',#7171,0.393700787401575);
#2050=VECTOR('',#7172,0.393700787401575);
#2051=VECTOR('',#7175,0.393700787401575);
#2052=VECTOR('',#7176,0.393700787401575);
#2053=VECTOR('',#7177,0.393700787401575);
#2054=VECTOR('',#7180,0.393700787401575);
#2055=VECTOR('',#7181,0.393700787401575);
#2056=VECTOR('',#7184,0.393700787401575);
#2057=VECTOR('',#7185,0.393700787401575);
#2058=VECTOR('',#7188,0.393700787401575);
#2059=VECTOR('',#7191,0.393700787401575);
#2060=VECTOR('',#7192,0.393700787401575);
#2061=VECTOR('',#7193,0.393700787401575);
#2062=VECTOR('',#7196,0.393700787401575);
#2063=VECTOR('',#7197,0.393700787401575);
#2064=VECTOR('',#7200,0.393700787401575);
#2065=VECTOR('',#7201,0.393700787401575);
#2066=VECTOR('',#7202,0.393700787401575);
#2067=VECTOR('',#7205,0.393700787401575);
#2068=VECTOR('',#7206,0.393700787401575);
#2069=VECTOR('',#7209,0.393700787401575);
#2070=VECTOR('',#7210,0.393700787401575);
#2071=VECTOR('',#7213,0.393700787401575);
#2072=VECTOR('',#7216,0.393700787401575);
#2073=VECTOR('',#7217,0.393700787401575);
#2074=VECTOR('',#7218,0.393700787401575);
#2075=VECTOR('',#7221,0.393700787401575);
#2076=VECTOR('',#7222,0.393700787401575);
#2077=VECTOR('',#7225,0.393700787401575);
#2078=VECTOR('',#7226,0.393700787401575);
#2079=VECTOR('',#7227,0.393700787401575);
#2080=VECTOR('',#7230,0.393700787401575);
#2081=VECTOR('',#7231,0.393700787401575);
#2082=VECTOR('',#7234,0.393700787401575);
#2083=VECTOR('',#7235,0.393700787401575);
#2084=VECTOR('',#7238,0.393700787401575);
#2085=VECTOR('',#7241,0.393700787401575);
#2086=VECTOR('',#7242,0.393700787401575);
#2087=VECTOR('',#7243,0.393700787401575);
#2088=VECTOR('',#7246,0.393700787401575);
#2089=VECTOR('',#7247,0.393700787401575);
#2090=VECTOR('',#7250,0.393700787401575);
#2091=VECTOR('',#7251,0.393700787401575);
#2092=VECTOR('',#7252,0.393700787401575);
#2093=VECTOR('',#7255,0.393700787401575);
#2094=VECTOR('',#7256,0.393700787401575);
#2095=VECTOR('',#7259,0.393700787401575);
#2096=VECTOR('',#7260,0.393700787401575);
#2097=VECTOR('',#7263,0.393700787401575);
#2098=VECTOR('',#7266,0.393700787401575);
#2099=VECTOR('',#7267,0.393700787401575);
#2100=VECTOR('',#7268,0.393700787401575);
#2101=VECTOR('',#7271,0.393700787401575);
#2102=VECTOR('',#7272,0.393700787401575);
#2103=VECTOR('',#7275,0.393700787401575);
#2104=VECTOR('',#7276,0.393700787401575);
#2105=VECTOR('',#7277,0.393700787401575);
#2106=VECTOR('',#7280,0.393700787401575);
#2107=VECTOR('',#7281,0.393700787401575);
#2108=VECTOR('',#7284,0.393700787401575);
#2109=VECTOR('',#7285,0.393700787401575);
#2110=VECTOR('',#7288,0.393700787401575);
#2111=VECTOR('',#7291,0.393700787401575);
#2112=VECTOR('',#7292,0.393700787401575);
#2113=VECTOR('',#7293,0.393700787401575);
#2114=VECTOR('',#7296,0.393700787401575);
#2115=VECTOR('',#7297,0.393700787401575);
#2116=VECTOR('',#7300,0.393700787401575);
#2117=VECTOR('',#7301,0.393700787401575);
#2118=VECTOR('',#7302,0.393700787401575);
#2119=VECTOR('',#7305,0.393700787401575);
#2120=VECTOR('',#7306,0.393700787401575);
#2121=VECTOR('',#7309,0.393700787401575);
#2122=VECTOR('',#7310,0.393700787401575);
#2123=VECTOR('',#7313,0.393700787401575);
#2124=VECTOR('',#7316,0.393700787401575);
#2125=VECTOR('',#7317,0.393700787401575);
#2126=VECTOR('',#7318,0.393700787401575);
#2127=VECTOR('',#7321,0.393700787401575);
#2128=VECTOR('',#7322,0.393700787401575);
#2129=VECTOR('',#7325,0.393700787401575);
#2130=VECTOR('',#7326,0.393700787401575);
#2131=VECTOR('',#7327,0.393700787401575);
#2132=VECTOR('',#7330,0.393700787401575);
#2133=VECTOR('',#7331,0.393700787401575);
#2134=VECTOR('',#7334,0.393700787401575);
#2135=VECTOR('',#7335,0.393700787401575);
#2136=VECTOR('',#7338,0.393700787401575);
#2137=VECTOR('',#7341,0.393700787401575);
#2138=VECTOR('',#7342,0.393700787401575);
#2139=VECTOR('',#7343,0.393700787401575);
#2140=VECTOR('',#7346,0.393700787401575);
#2141=VECTOR('',#7347,0.393700787401575);
#2142=VECTOR('',#7350,0.393700787401575);
#2143=VECTOR('',#7351,0.393700787401575);
#2144=VECTOR('',#7352,0.393700787401575);
#2145=VECTOR('',#7355,0.393700787401575);
#2146=VECTOR('',#7356,0.393700787401575);
#2147=VECTOR('',#7359,0.393700787401575);
#2148=VECTOR('',#7360,0.393700787401575);
#2149=VECTOR('',#7363,0.393700787401575);
#2150=VECTOR('',#7366,0.393700787401575);
#2151=VECTOR('',#7367,0.393700787401575);
#2152=VECTOR('',#7368,0.393700787401575);
#2153=VECTOR('',#7371,0.393700787401575);
#2154=VECTOR('',#7372,0.393700787401575);
#2155=VECTOR('',#7375,0.393700787401575);
#2156=VECTOR('',#7376,0.393700787401575);
#2157=VECTOR('',#7377,0.393700787401575);
#2158=VECTOR('',#7380,0.393700787401575);
#2159=VECTOR('',#7381,0.393700787401575);
#2160=VECTOR('',#7384,0.393700787401575);
#2161=VECTOR('',#7385,0.393700787401575);
#2162=VECTOR('',#7388,0.393700787401575);
#2163=VECTOR('',#7391,0.393700787401575);
#2164=VECTOR('',#7392,0.393700787401575);
#2165=VECTOR('',#7393,0.393700787401575);
#2166=VECTOR('',#7396,0.393700787401575);
#2167=VECTOR('',#7397,0.393700787401575);
#2168=VECTOR('',#7400,0.393700787401575);
#2169=VECTOR('',#7401,0.393700787401575);
#2170=VECTOR('',#7402,0.393700787401575);
#2171=VECTOR('',#7405,0.393700787401575);
#2172=VECTOR('',#7406,0.393700787401575);
#2173=VECTOR('',#7409,0.393700787401575);
#2174=VECTOR('',#7410,0.393700787401575);
#2175=VECTOR('',#7413,0.393700787401575);
#2176=VECTOR('',#7416,0.393700787401575);
#2177=VECTOR('',#7417,0.393700787401575);
#2178=VECTOR('',#7418,0.393700787401575);
#2179=VECTOR('',#7421,0.393700787401575);
#2180=VECTOR('',#7422,0.393700787401575);
#2181=VECTOR('',#7425,0.393700787401575);
#2182=VECTOR('',#7426,0.393700787401575);
#2183=VECTOR('',#7427,0.393700787401575);
#2184=VECTOR('',#7430,0.393700787401575);
#2185=VECTOR('',#7431,0.393700787401575);
#2186=VECTOR('',#7434,0.393700787401575);
#2187=VECTOR('',#7435,0.393700787401575);
#2188=VECTOR('',#7438,0.393700787401575);
#2189=VECTOR('',#7441,0.393700787401575);
#2190=VECTOR('',#7442,0.393700787401575);
#2191=VECTOR('',#7443,0.393700787401575);
#2192=VECTOR('',#7446,0.393700787401575);
#2193=VECTOR('',#7447,0.393700787401575);
#2194=VECTOR('',#7450,0.393700787401575);
#2195=VECTOR('',#7451,0.393700787401575);
#2196=VECTOR('',#7452,0.393700787401575);
#2197=VECTOR('',#7455,0.393700787401575);
#2198=VECTOR('',#7456,0.393700787401575);
#2199=VECTOR('',#7459,0.393700787401575);
#2200=VECTOR('',#7460,0.393700787401575);
#2201=VECTOR('',#7463,0.393700787401575);
#2202=VECTOR('',#7466,0.393700787401575);
#2203=VECTOR('',#7467,0.393700787401575);
#2204=VECTOR('',#7468,0.393700787401575);
#2205=VECTOR('',#7471,0.393700787401575);
#2206=VECTOR('',#7472,0.393700787401575);
#2207=VECTOR('',#7475,0.393700787401575);
#2208=VECTOR('',#7476,0.393700787401575);
#2209=VECTOR('',#7477,0.393700787401575);
#2210=VECTOR('',#7480,0.393700787401575);
#2211=VECTOR('',#7481,0.393700787401575);
#2212=VECTOR('',#7484,0.393700787401575);
#2213=VECTOR('',#7485,0.393700787401575);
#2214=VECTOR('',#7488,0.393700787401575);
#2215=VECTOR('',#7491,0.393700787401575);
#2216=VECTOR('',#7492,0.393700787401575);
#2217=VECTOR('',#7493,0.393700787401575);
#2218=VECTOR('',#7496,0.393700787401575);
#2219=VECTOR('',#7497,0.393700787401575);
#2220=VECTOR('',#7500,0.393700787401575);
#2221=VECTOR('',#7501,0.393700787401575);
#2222=VECTOR('',#7502,0.393700787401575);
#2223=VECTOR('',#7505,0.393700787401575);
#2224=VECTOR('',#7506,0.393700787401575);
#2225=VECTOR('',#7509,0.393700787401575);
#2226=VECTOR('',#7510,0.393700787401575);
#2227=VECTOR('',#7513,0.393700787401575);
#2228=VECTOR('',#7516,0.393700787401575);
#2229=VECTOR('',#7517,0.393700787401575);
#2230=VECTOR('',#7518,0.393700787401575);
#2231=VECTOR('',#7521,0.393700787401575);
#2232=VECTOR('',#7522,0.393700787401575);
#2233=VECTOR('',#7525,0.393700787401575);
#2234=VECTOR('',#7526,0.393700787401575);
#2235=VECTOR('',#7527,0.393700787401575);
#2236=VECTOR('',#7530,0.393700787401575);
#2237=VECTOR('',#7531,0.393700787401575);
#2238=VECTOR('',#7534,0.393700787401575);
#2239=VECTOR('',#7535,0.393700787401575);
#2240=VECTOR('',#7538,0.393700787401575);
#2241=VECTOR('',#7541,0.393700787401575);
#2242=VECTOR('',#7542,0.393700787401575);
#2243=VECTOR('',#7543,0.393700787401575);
#2244=VECTOR('',#7546,0.393700787401575);
#2245=VECTOR('',#7547,0.393700787401575);
#2246=VECTOR('',#7550,0.393700787401575);
#2247=VECTOR('',#7551,0.393700787401575);
#2248=VECTOR('',#7552,0.393700787401575);
#2249=VECTOR('',#7555,0.393700787401575);
#2250=VECTOR('',#7556,0.393700787401575);
#2251=VECTOR('',#7559,0.393700787401575);
#2252=VECTOR('',#7560,0.393700787401575);
#2253=VECTOR('',#7563,0.393700787401575);
#2254=VECTOR('',#7566,0.393700787401575);
#2255=VECTOR('',#7567,0.393700787401575);
#2256=VECTOR('',#7568,0.393700787401575);
#2257=VECTOR('',#7571,0.393700787401575);
#2258=VECTOR('',#7572,0.393700787401575);
#2259=VECTOR('',#7575,0.393700787401575);
#2260=VECTOR('',#7576,0.393700787401575);
#2261=VECTOR('',#7577,0.393700787401575);
#2262=VECTOR('',#7580,0.393700787401575);
#2263=VECTOR('',#7581,0.393700787401575);
#2264=VECTOR('',#7584,0.393700787401575);
#2265=VECTOR('',#7585,0.393700787401575);
#2266=VECTOR('',#7588,0.393700787401575);
#2267=VECTOR('',#7591,0.393700787401575);
#2268=VECTOR('',#7592,0.393700787401575);
#2269=VECTOR('',#7593,0.393700787401575);
#2270=VECTOR('',#7596,0.393700787401575);
#2271=VECTOR('',#7597,0.393700787401575);
#2272=VECTOR('',#7600,0.393700787401575);
#2273=VECTOR('',#7601,0.393700787401575);
#2274=VECTOR('',#7602,0.393700787401575);
#2275=VECTOR('',#7605,0.393700787401575);
#2276=VECTOR('',#7606,0.393700787401575);
#2277=VECTOR('',#7609,0.393700787401575);
#2278=VECTOR('',#7610,0.393700787401575);
#2279=VECTOR('',#7613,0.393700787401575);
#2280=VECTOR('',#7616,0.393700787401575);
#2281=VECTOR('',#7617,0.393700787401575);
#2282=VECTOR('',#7618,0.393700787401575);
#2283=VECTOR('',#7621,0.393700787401575);
#2284=VECTOR('',#7622,0.393700787401575);
#2285=VECTOR('',#7625,0.393700787401575);
#2286=VECTOR('',#7626,0.393700787401575);
#2287=VECTOR('',#7627,0.393700787401575);
#2288=VECTOR('',#7630,0.393700787401575);
#2289=VECTOR('',#7631,0.393700787401575);
#2290=VECTOR('',#7634,0.393700787401575);
#2291=VECTOR('',#7635,0.393700787401575);
#2292=VECTOR('',#7638,0.393700787401575);
#2293=VECTOR('',#7641,0.393700787401575);
#2294=VECTOR('',#7642,0.393700787401575);
#2295=VECTOR('',#7643,0.393700787401575);
#2296=VECTOR('',#7646,0.393700787401575);
#2297=VECTOR('',#7647,0.393700787401575);
#2298=VECTOR('',#7650,0.393700787401575);
#2299=VECTOR('',#7651,0.393700787401575);
#2300=VECTOR('',#7652,0.393700787401575);
#2301=VECTOR('',#7655,0.393700787401575);
#2302=VECTOR('',#7656,0.393700787401575);
#2303=VECTOR('',#7659,0.393700787401575);
#2304=VECTOR('',#7660,0.393700787401575);
#2305=VECTOR('',#7663,0.393700787401575);
#2306=VECTOR('',#7666,0.393700787401575);
#2307=VECTOR('',#7667,0.393700787401575);
#2308=VECTOR('',#7668,0.393700787401575);
#2309=VECTOR('',#7671,0.393700787401575);
#2310=VECTOR('',#7672,0.393700787401575);
#2311=VECTOR('',#7675,0.393700787401575);
#2312=VECTOR('',#7676,0.393700787401575);
#2313=VECTOR('',#7677,0.393700787401575);
#2314=VECTOR('',#7680,0.393700787401575);
#2315=VECTOR('',#7681,0.393700787401575);
#2316=VECTOR('',#7684,0.393700787401575);
#2317=VECTOR('',#7685,0.393700787401575);
#2318=VECTOR('',#7688,0.393700787401575);
#2319=VECTOR('',#7691,0.393700787401575);
#2320=VECTOR('',#7692,0.393700787401575);
#2321=VECTOR('',#7693,0.393700787401575);
#2322=VECTOR('',#7696,0.393700787401575);
#2323=VECTOR('',#7697,0.393700787401575);
#2324=VECTOR('',#7700,0.393700787401575);
#2325=VECTOR('',#7701,0.393700787401575);
#2326=VECTOR('',#7702,0.393700787401575);
#2327=VECTOR('',#7705,0.393700787401575);
#2328=VECTOR('',#7706,0.393700787401575);
#2329=VECTOR('',#7709,0.393700787401575);
#2330=VECTOR('',#7710,0.393700787401575);
#2331=VECTOR('',#7713,0.393700787401575);
#2332=VECTOR('',#7716,0.393700787401575);
#2333=VECTOR('',#7717,0.393700787401575);
#2334=VECTOR('',#7718,0.393700787401575);
#2335=VECTOR('',#7721,0.393700787401575);
#2336=VECTOR('',#7722,0.393700787401575);
#2337=VECTOR('',#7725,0.393700787401575);
#2338=VECTOR('',#7726,0.393700787401575);
#2339=VECTOR('',#7727,0.393700787401575);
#2340=VECTOR('',#7730,0.393700787401575);
#2341=VECTOR('',#7731,0.393700787401575);
#2342=VECTOR('',#7734,0.393700787401575);
#2343=VECTOR('',#7735,0.393700787401575);
#2344=VECTOR('',#7738,0.393700787401575);
#2345=VECTOR('',#7741,0.393700787401575);
#2346=VECTOR('',#7742,0.393700787401575);
#2347=VECTOR('',#7743,0.393700787401575);
#2348=VECTOR('',#7746,0.393700787401575);
#2349=VECTOR('',#7747,0.393700787401575);
#2350=VECTOR('',#7750,0.393700787401575);
#2351=VECTOR('',#7751,0.393700787401575);
#2352=VECTOR('',#7754,0.393700787401575);
#2353=VECTOR('',#7759,0.393700787401575);
#2354=VECTOR('',#7760,0.393700787401575);
#2355=VECTOR('',#7763,0.393700787401575);
#2356=VECTOR('',#7768,0.393700787401575);
#2357=VECTOR('',#7769,0.393700787401575);
#2358=VECTOR('',#7772,0.393700787401575);
#2359=VECTOR('',#7777,0.393700787401575);
#2360=VECTOR('',#7778,0.393700787401575);
#2361=VECTOR('',#7781,0.393700787401575);
#2362=VECTOR('',#7786,0.393700787401575);
#2363=VECTOR('',#7787,0.393700787401575);
#2364=VECTOR('',#7790,0.393700787401575);
#2365=VECTOR('',#7795,0.393700787401575);
#2366=VECTOR('',#7796,0.393700787401575);
#2367=VECTOR('',#7799,0.393700787401575);
#2368=VECTOR('',#7804,0.393700787401575);
#2369=VECTOR('',#7805,0.393700787401575);
#2370=VECTOR('',#7808,0.393700787401575);
#2371=VECTOR('',#7813,0.393700787401575);
#2372=VECTOR('',#7814,0.393700787401575);
#2373=VECTOR('',#7817,0.393700787401575);
#2374=VECTOR('',#7822,0.393700787401575);
#2375=VECTOR('',#7823,0.393700787401575);
#2376=VECTOR('',#7826,0.393700787401575);
#2377=VECTOR('',#7831,0.393700787401575);
#2378=VECTOR('',#7832,0.393700787401575);
#2379=VECTOR('',#7835,0.393700787401575);
#2380=VECTOR('',#7840,0.393700787401575);
#2381=VECTOR('',#7841,0.393700787401575);
#2382=VECTOR('',#7844,0.393700787401575);
#2383=VECTOR('',#7849,0.393700787401575);
#2384=VECTOR('',#7850,0.393700787401575);
#2385=VECTOR('',#7853,0.393700787401575);
#2386=VECTOR('',#7858,0.393700787401575);
#2387=VECTOR('',#7859,0.393700787401575);
#2388=VECTOR('',#7862,0.393700787401575);
#2389=VECTOR('',#7867,0.393700787401575);
#2390=VECTOR('',#7868,0.393700787401575);
#2391=VECTOR('',#7871,0.393700787401575);
#2392=VECTOR('',#7876,0.393700787401575);
#2393=VECTOR('',#7877,0.393700787401575);
#2394=VECTOR('',#7880,0.393700787401575);
#2395=VECTOR('',#7885,0.393700787401575);
#2396=VECTOR('',#7886,0.393700787401575);
#2397=VECTOR('',#7889,0.393700787401575);
#2398=VECTOR('',#7894,0.393700787401575);
#2399=VECTOR('',#7895,0.393700787401575);
#2400=VECTOR('',#7898,0.393700787401575);
#2401=VECTOR('',#7903,0.393700787401575);
#2402=VECTOR('',#7904,0.393700787401575);
#2403=VECTOR('',#7907,0.393700787401575);
#2404=VECTOR('',#7912,0.393700787401575);
#2405=VECTOR('',#7913,0.393700787401575);
#2406=VECTOR('',#7916,0.393700787401575);
#2407=VECTOR('',#7921,0.393700787401575);
#2408=VECTOR('',#7922,0.393700787401575);
#2409=VECTOR('',#7925,0.393700787401575);
#2410=VECTOR('',#7930,0.393700787401575);
#2411=VECTOR('',#7931,0.393700787401575);
#2412=VECTOR('',#7934,0.393700787401575);
#2413=VECTOR('',#7939,0.393700787401575);
#2414=VECTOR('',#7940,0.393700787401575);
#2415=VECTOR('',#7943,0.393700787401575);
#2416=VECTOR('',#7948,0.393700787401575);
#2417=VECTOR('',#7949,0.393700787401575);
#2418=VECTOR('',#7952,0.393700787401575);
#2419=VECTOR('',#7957,0.393700787401575);
#2420=VECTOR('',#7958,0.393700787401575);
#2421=VECTOR('',#7961,0.393700787401575);
#2422=VECTOR('',#7966,0.393700787401575);
#2423=VECTOR('',#7967,0.393700787401575);
#2424=VECTOR('',#7970,0.393700787401575);
#2425=VECTOR('',#7975,0.393700787401575);
#2426=VECTOR('',#7976,0.393700787401575);
#2427=VECTOR('',#7979,0.393700787401575);
#2428=VECTOR('',#7984,0.393700787401575);
#2429=VECTOR('',#7985,0.393700787401575);
#2430=VECTOR('',#7988,0.393700787401575);
#2431=VECTOR('',#7993,0.393700787401575);
#2432=VECTOR('',#7994,0.393700787401575);
#2433=VECTOR('',#7997,0.393700787401575);
#2434=VECTOR('',#8002,0.393700787401575);
#2435=VECTOR('',#8003,0.393700787401575);
#2436=VECTOR('',#8006,0.393700787401575);
#2437=VECTOR('',#8011,0.393700787401575);
#2438=VECTOR('',#8012,0.393700787401575);
#2439=VECTOR('',#8015,0.393700787401575);
#2440=VECTOR('',#8020,0.393700787401575);
#2441=VECTOR('',#8021,0.393700787401575);
#2442=VECTOR('',#8024,0.393700787401575);
#2443=VECTOR('',#8029,0.393700787401575);
#2444=VECTOR('',#8030,0.393700787401575);
#2445=VECTOR('',#8033,0.393700787401575);
#2446=VECTOR('',#8038,0.393700787401575);
#2447=VECTOR('',#8039,0.393700787401575);
#2448=VECTOR('',#8042,0.393700787401575);
#2449=VECTOR('',#8047,0.393700787401575);
#2450=VECTOR('',#8048,0.393700787401575);
#2451=VECTOR('',#8051,0.393700787401575);
#2452=VECTOR('',#8056,0.393700787401575);
#2453=VECTOR('',#8057,0.393700787401575);
#2454=VECTOR('',#8060,0.393700787401575);
#2455=VECTOR('',#8065,0.393700787401575);
#2456=VECTOR('',#8066,0.393700787401575);
#2457=VECTOR('',#8069,0.393700787401575);
#2458=VECTOR('',#8074,0.393700787401575);
#2459=VECTOR('',#8075,0.393700787401575);
#2460=VECTOR('',#8078,0.393700787401575);
#2461=VECTOR('',#8083,0.393700787401575);
#2462=VECTOR('',#8084,0.393700787401575);
#2463=VECTOR('',#8087,0.393700787401575);
#2464=VECTOR('',#8092,0.393700787401575);
#2465=VECTOR('',#8093,0.393700787401575);
#2466=VECTOR('',#8096,0.393700787401575);
#2467=VECTOR('',#8101,0.393700787401575);
#2468=VECTOR('',#8102,0.393700787401575);
#2469=VECTOR('',#8103,0.393700787401575);
#2470=VECTOR('',#8106,0.393700787401575);
#2471=VECTOR('',#8107,0.393700787401575);
#2472=VECTOR('',#8110,0.393700787401575);
#2473=VECTOR('',#8111,0.393700787401575);
#2474=VECTOR('',#8114,0.393700787401575);
#2475=VECTOR('',#8117,0.393700787401575);
#2476=VECTOR('',#8118,0.393700787401575);
#2477=VECTOR('',#8119,0.393700787401575);
#2478=VECTOR('',#8122,0.393700787401575);
#2479=VECTOR('',#8123,0.393700787401575);
#2480=VECTOR('',#8126,0.393700787401575);
#2481=VECTOR('',#8127,0.393700787401575);
#2482=VECTOR('',#8130,0.393700787401575);
#2483=VERTEX_POINT('',#8137);
#2484=VERTEX_POINT('',#8138);
#2485=VERTEX_POINT('',#8140);
#2486=VERTEX_POINT('',#8142);
#2487=VERTEX_POINT('',#8146);
#2488=VERTEX_POINT('',#8148);
#2489=VERTEX_POINT('',#8150);
#2490=VERTEX_POINT('',#8152);
#2491=VERTEX_POINT('',#8154);
#2492=VERTEX_POINT('',#8156);
#2493=VERTEX_POINT('',#8160);
#2494=VERTEX_POINT('',#8162);
#2495=VERTEX_POINT('',#8166);
#2496=VERTEX_POINT('',#8168);
#2497=VERTEX_POINT('',#8171);
#2498=VERTEX_POINT('',#8173);
#2499=VERTEX_POINT('',#8179);
#2500=VERTEX_POINT('',#8180);
#2501=VERTEX_POINT('',#8182);
#2502=VERTEX_POINT('',#8184);
#2503=VERTEX_POINT('',#8187);
#2504=VERTEX_POINT('',#8188);
#2505=VERTEX_POINT('',#8190);
#2506=VERTEX_POINT('',#8192);
#2507=VERTEX_POINT('',#8195);
#2508=VERTEX_POINT('',#8196);
#2509=VERTEX_POINT('',#8198);
#2510=VERTEX_POINT('',#8200);
#2511=VERTEX_POINT('',#8203);
#2512=VERTEX_POINT('',#8204);
#2513=VERTEX_POINT('',#8206);
#2514=VERTEX_POINT('',#8208);
#2515=VERTEX_POINT('',#8211);
#2516=VERTEX_POINT('',#8212);
#2517=VERTEX_POINT('',#8214);
#2518=VERTEX_POINT('',#8216);
#2519=VERTEX_POINT('',#8219);
#2520=VERTEX_POINT('',#8220);
#2521=VERTEX_POINT('',#8222);
#2522=VERTEX_POINT('',#8224);
#2523=VERTEX_POINT('',#8227);
#2524=VERTEX_POINT('',#8228);
#2525=VERTEX_POINT('',#8230);
#2526=VERTEX_POINT('',#8232);
#2527=VERTEX_POINT('',#8235);
#2528=VERTEX_POINT('',#8236);
#2529=VERTEX_POINT('',#8238);
#2530=VERTEX_POINT('',#8240);
#2531=VERTEX_POINT('',#8243);
#2532=VERTEX_POINT('',#8244);
#2533=VERTEX_POINT('',#8246);
#2534=VERTEX_POINT('',#8248);
#2535=VERTEX_POINT('',#8251);
#2536=VERTEX_POINT('',#8252);
#2537=VERTEX_POINT('',#8254);
#2538=VERTEX_POINT('',#8256);
#2539=VERTEX_POINT('',#8259);
#2540=VERTEX_POINT('',#8260);
#2541=VERTEX_POINT('',#8262);
#2542=VERTEX_POINT('',#8264);
#2543=VERTEX_POINT('',#8267);
#2544=VERTEX_POINT('',#8268);
#2545=VERTEX_POINT('',#8270);
#2546=VERTEX_POINT('',#8272);
#2547=VERTEX_POINT('',#8275);
#2548=VERTEX_POINT('',#8276);
#2549=VERTEX_POINT('',#8278);
#2550=VERTEX_POINT('',#8280);
#2551=VERTEX_POINT('',#8283);
#2552=VERTEX_POINT('',#8284);
#2553=VERTEX_POINT('',#8286);
#2554=VERTEX_POINT('',#8288);
#2555=VERTEX_POINT('',#8291);
#2556=VERTEX_POINT('',#8292);
#2557=VERTEX_POINT('',#8294);
#2558=VERTEX_POINT('',#8296);
#2559=VERTEX_POINT('',#8299);
#2560=VERTEX_POINT('',#8300);
#2561=VERTEX_POINT('',#8302);
#2562=VERTEX_POINT('',#8304);
#2563=VERTEX_POINT('',#8307);
#2564=VERTEX_POINT('',#8308);
#2565=VERTEX_POINT('',#8310);
#2566=VERTEX_POINT('',#8312);
#2567=VERTEX_POINT('',#8315);
#2568=VERTEX_POINT('',#8316);
#2569=VERTEX_POINT('',#8318);
#2570=VERTEX_POINT('',#8320);
#2571=VERTEX_POINT('',#8323);
#2572=VERTEX_POINT('',#8324);
#2573=VERTEX_POINT('',#8326);
#2574=VERTEX_POINT('',#8328);
#2575=VERTEX_POINT('',#8331);
#2576=VERTEX_POINT('',#8332);
#2577=VERTEX_POINT('',#8334);
#2578=VERTEX_POINT('',#8336);
#2579=VERTEX_POINT('',#8339);
#2580=VERTEX_POINT('',#8340);
#2581=VERTEX_POINT('',#8342);
#2582=VERTEX_POINT('',#8344);
#2583=VERTEX_POINT('',#8347);
#2584=VERTEX_POINT('',#8348);
#2585=VERTEX_POINT('',#8350);
#2586=VERTEX_POINT('',#8352);
#2587=VERTEX_POINT('',#8355);
#2588=VERTEX_POINT('',#8356);
#2589=VERTEX_POINT('',#8358);
#2590=VERTEX_POINT('',#8360);
#2591=VERTEX_POINT('',#8363);
#2592=VERTEX_POINT('',#8364);
#2593=VERTEX_POINT('',#8366);
#2594=VERTEX_POINT('',#8368);
#2595=VERTEX_POINT('',#8371);
#2596=VERTEX_POINT('',#8372);
#2597=VERTEX_POINT('',#8374);
#2598=VERTEX_POINT('',#8376);
#2599=VERTEX_POINT('',#8379);
#2600=VERTEX_POINT('',#8380);
#2601=VERTEX_POINT('',#8382);
#2602=VERTEX_POINT('',#8384);
#2603=VERTEX_POINT('',#8387);
#2604=VERTEX_POINT('',#8388);
#2605=VERTEX_POINT('',#8390);
#2606=VERTEX_POINT('',#8392);
#2607=VERTEX_POINT('',#8395);
#2608=VERTEX_POINT('',#8396);
#2609=VERTEX_POINT('',#8398);
#2610=VERTEX_POINT('',#8400);
#2611=VERTEX_POINT('',#8403);
#2612=VERTEX_POINT('',#8404);
#2613=VERTEX_POINT('',#8406);
#2614=VERTEX_POINT('',#8408);
#2615=VERTEX_POINT('',#8411);
#2616=VERTEX_POINT('',#8412);
#2617=VERTEX_POINT('',#8414);
#2618=VERTEX_POINT('',#8416);
#2619=VERTEX_POINT('',#8419);
#2620=VERTEX_POINT('',#8420);
#2621=VERTEX_POINT('',#8422);
#2622=VERTEX_POINT('',#8424);
#2623=VERTEX_POINT('',#8427);
#2624=VERTEX_POINT('',#8428);
#2625=VERTEX_POINT('',#8430);
#2626=VERTEX_POINT('',#8432);
#2627=VERTEX_POINT('',#8435);
#2628=VERTEX_POINT('',#8436);
#2629=VERTEX_POINT('',#8438);
#2630=VERTEX_POINT('',#8440);
#2631=VERTEX_POINT('',#8443);
#2632=VERTEX_POINT('',#8444);
#2633=VERTEX_POINT('',#8446);
#2634=VERTEX_POINT('',#8448);
#2635=VERTEX_POINT('',#8451);
#2636=VERTEX_POINT('',#8452);
#2637=VERTEX_POINT('',#8454);
#2638=VERTEX_POINT('',#8456);
#2639=VERTEX_POINT('',#8459);
#2640=VERTEX_POINT('',#8460);
#2641=VERTEX_POINT('',#8462);
#2642=VERTEX_POINT('',#8464);
#2643=VERTEX_POINT('',#8467);
#2644=VERTEX_POINT('',#8468);
#2645=VERTEX_POINT('',#8470);
#2646=VERTEX_POINT('',#8472);
#2647=VERTEX_POINT('',#8475);
#2648=VERTEX_POINT('',#8476);
#2649=VERTEX_POINT('',#8478);
#2650=VERTEX_POINT('',#8480);
#2651=VERTEX_POINT('',#8483);
#2652=VERTEX_POINT('',#8484);
#2653=VERTEX_POINT('',#8486);
#2654=VERTEX_POINT('',#8488);
#2655=VERTEX_POINT('',#8491);
#2656=VERTEX_POINT('',#8492);
#2657=VERTEX_POINT('',#8494);
#2658=VERTEX_POINT('',#8496);
#2659=VERTEX_POINT('',#8506);
#2660=VERTEX_POINT('',#8508);
#2661=VERTEX_POINT('',#8512);
#2662=VERTEX_POINT('',#8516);
#2663=VERTEX_POINT('',#8522);
#2664=VERTEX_POINT('',#8524);
#2665=VERTEX_POINT('',#8528);
#2666=VERTEX_POINT('',#8532);
#2667=VERTEX_POINT('',#8534);
#2668=VERTEX_POINT('',#8538);
#2669=VERTEX_POINT('',#8542);
#2670=VERTEX_POINT('',#8548);
#2671=VERTEX_POINT('',#8550);
#2672=VERTEX_POINT('',#8554);
#2673=VERTEX_POINT('',#8558);
#2674=VERTEX_POINT('',#8560);
#2675=VERTEX_POINT('',#8564);
#2676=VERTEX_POINT('',#8568);
#2677=VERTEX_POINT('',#8574);
#2678=VERTEX_POINT('',#8576);
#2679=VERTEX_POINT('',#8580);
#2680=VERTEX_POINT('',#8584);
#2681=VERTEX_POINT('',#8586);
#2682=VERTEX_POINT('',#8590);
#2683=VERTEX_POINT('',#8594);
#2684=VERTEX_POINT('',#8600);
#2685=VERTEX_POINT('',#8602);
#2686=VERTEX_POINT('',#8606);
#2687=VERTEX_POINT('',#8610);
#2688=VERTEX_POINT('',#8612);
#2689=VERTEX_POINT('',#8616);
#2690=VERTEX_POINT('',#8620);
#2691=VERTEX_POINT('',#8626);
#2692=VERTEX_POINT('',#8628);
#2693=VERTEX_POINT('',#8632);
#2694=VERTEX_POINT('',#8636);
#2695=VERTEX_POINT('',#8638);
#2696=VERTEX_POINT('',#8642);
#2697=VERTEX_POINT('',#8646);
#2698=VERTEX_POINT('',#8652);
#2699=VERTEX_POINT('',#8654);
#2700=VERTEX_POINT('',#8658);
#2701=VERTEX_POINT('',#8662);
#2702=VERTEX_POINT('',#8664);
#2703=VERTEX_POINT('',#8668);
#2704=VERTEX_POINT('',#8672);
#2705=VERTEX_POINT('',#8678);
#2706=VERTEX_POINT('',#8680);
#2707=VERTEX_POINT('',#8684);
#2708=VERTEX_POINT('',#8688);
#2709=VERTEX_POINT('',#8690);
#2710=VERTEX_POINT('',#8694);
#2711=VERTEX_POINT('',#8698);
#2712=VERTEX_POINT('',#8704);
#2713=VERTEX_POINT('',#8706);
#2714=VERTEX_POINT('',#8710);
#2715=VERTEX_POINT('',#8714);
#2716=VERTEX_POINT('',#8716);
#2717=VERTEX_POINT('',#8720);
#2718=VERTEX_POINT('',#8724);
#2719=VERTEX_POINT('',#8730);
#2720=VERTEX_POINT('',#8732);
#2721=VERTEX_POINT('',#8736);
#2722=VERTEX_POINT('',#8740);
#2723=VERTEX_POINT('',#8742);
#2724=VERTEX_POINT('',#8746);
#2725=VERTEX_POINT('',#8750);
#2726=VERTEX_POINT('',#8756);
#2727=VERTEX_POINT('',#8758);
#2728=VERTEX_POINT('',#8762);
#2729=VERTEX_POINT('',#8766);
#2730=VERTEX_POINT('',#8768);
#2731=VERTEX_POINT('',#8772);
#2732=VERTEX_POINT('',#8776);
#2733=VERTEX_POINT('',#8782);
#2734=VERTEX_POINT('',#8784);
#2735=VERTEX_POINT('',#8788);
#2736=VERTEX_POINT('',#8792);
#2737=VERTEX_POINT('',#8794);
#2738=VERTEX_POINT('',#8798);
#2739=VERTEX_POINT('',#8802);
#2740=VERTEX_POINT('',#8808);
#2741=VERTEX_POINT('',#8810);
#2742=VERTEX_POINT('',#8814);
#2743=VERTEX_POINT('',#8818);
#2744=VERTEX_POINT('',#8820);
#2745=VERTEX_POINT('',#8824);
#2746=VERTEX_POINT('',#8828);
#2747=VERTEX_POINT('',#8834);
#2748=VERTEX_POINT('',#8836);
#2749=VERTEX_POINT('',#8840);
#2750=VERTEX_POINT('',#8844);
#2751=VERTEX_POINT('',#8846);
#2752=VERTEX_POINT('',#8850);
#2753=VERTEX_POINT('',#8854);
#2754=VERTEX_POINT('',#8860);
#2755=VERTEX_POINT('',#8862);
#2756=VERTEX_POINT('',#8866);
#2757=VERTEX_POINT('',#8870);
#2758=VERTEX_POINT('',#8872);
#2759=VERTEX_POINT('',#8876);
#2760=VERTEX_POINT('',#8880);
#2761=VERTEX_POINT('',#8886);
#2762=VERTEX_POINT('',#8888);
#2763=VERTEX_POINT('',#8892);
#2764=VERTEX_POINT('',#8896);
#2765=VERTEX_POINT('',#8898);
#2766=VERTEX_POINT('',#8902);
#2767=VERTEX_POINT('',#8906);
#2768=VERTEX_POINT('',#8912);
#2769=VERTEX_POINT('',#8914);
#2770=VERTEX_POINT('',#8918);
#2771=VERTEX_POINT('',#8922);
#2772=VERTEX_POINT('',#8924);
#2773=VERTEX_POINT('',#8928);
#2774=VERTEX_POINT('',#8932);
#2775=VERTEX_POINT('',#8938);
#2776=VERTEX_POINT('',#8940);
#2777=VERTEX_POINT('',#8944);
#2778=VERTEX_POINT('',#8948);
#2779=VERTEX_POINT('',#8950);
#2780=VERTEX_POINT('',#8954);
#2781=VERTEX_POINT('',#8958);
#2782=VERTEX_POINT('',#8964);
#2783=VERTEX_POINT('',#8966);
#2784=VERTEX_POINT('',#8970);
#2785=VERTEX_POINT('',#8974);
#2786=VERTEX_POINT('',#8976);
#2787=VERTEX_POINT('',#8980);
#2788=VERTEX_POINT('',#8984);
#2789=VERTEX_POINT('',#8990);
#2790=VERTEX_POINT('',#8992);
#2791=VERTEX_POINT('',#8996);
#2792=VERTEX_POINT('',#9000);
#2793=VERTEX_POINT('',#9002);
#2794=VERTEX_POINT('',#9006);
#2795=VERTEX_POINT('',#9010);
#2796=VERTEX_POINT('',#9016);
#2797=VERTEX_POINT('',#9018);
#2798=VERTEX_POINT('',#9022);
#2799=VERTEX_POINT('',#9026);
#2800=VERTEX_POINT('',#9028);
#2801=VERTEX_POINT('',#9032);
#2802=VERTEX_POINT('',#9036);
#2803=VERTEX_POINT('',#9042);
#2804=VERTEX_POINT('',#9044);
#2805=VERTEX_POINT('',#9048);
#2806=VERTEX_POINT('',#9052);
#2807=VERTEX_POINT('',#9054);
#2808=VERTEX_POINT('',#9058);
#2809=VERTEX_POINT('',#9062);
#2810=VERTEX_POINT('',#9068);
#2811=VERTEX_POINT('',#9070);
#2812=VERTEX_POINT('',#9074);
#2813=VERTEX_POINT('',#9078);
#2814=VERTEX_POINT('',#9080);
#2815=VERTEX_POINT('',#9084);
#2816=VERTEX_POINT('',#9088);
#2817=VERTEX_POINT('',#9094);
#2818=VERTEX_POINT('',#9096);
#2819=VERTEX_POINT('',#9100);
#2820=VERTEX_POINT('',#9104);
#2821=VERTEX_POINT('',#9106);
#2822=VERTEX_POINT('',#9110);
#2823=VERTEX_POINT('',#9114);
#2824=VERTEX_POINT('',#9120);
#2825=VERTEX_POINT('',#9122);
#2826=VERTEX_POINT('',#9126);
#2827=VERTEX_POINT('',#9130);
#2828=VERTEX_POINT('',#9132);
#2829=VERTEX_POINT('',#9136);
#2830=VERTEX_POINT('',#9140);
#2831=VERTEX_POINT('',#9146);
#2832=VERTEX_POINT('',#9148);
#2833=VERTEX_POINT('',#9152);
#2834=VERTEX_POINT('',#9156);
#2835=VERTEX_POINT('',#9158);
#2836=VERTEX_POINT('',#9162);
#2837=VERTEX_POINT('',#9166);
#2838=VERTEX_POINT('',#9172);
#2839=VERTEX_POINT('',#9174);
#2840=VERTEX_POINT('',#9178);
#2841=VERTEX_POINT('',#9182);
#2842=VERTEX_POINT('',#9184);
#2843=VERTEX_POINT('',#9188);
#2844=VERTEX_POINT('',#9192);
#2845=VERTEX_POINT('',#9198);
#2846=VERTEX_POINT('',#9200);
#2847=VERTEX_POINT('',#9204);
#2848=VERTEX_POINT('',#9208);
#2849=VERTEX_POINT('',#9210);
#2850=VERTEX_POINT('',#9214);
#2851=VERTEX_POINT('',#9218);
#2852=VERTEX_POINT('',#9224);
#2853=VERTEX_POINT('',#9226);
#2854=VERTEX_POINT('',#9230);
#2855=VERTEX_POINT('',#9234);
#2856=VERTEX_POINT('',#9236);
#2857=VERTEX_POINT('',#9240);
#2858=VERTEX_POINT('',#9244);
#2859=VERTEX_POINT('',#9250);
#2860=VERTEX_POINT('',#9252);
#2861=VERTEX_POINT('',#9256);
#2862=VERTEX_POINT('',#9260);
#2863=VERTEX_POINT('',#9262);
#2864=VERTEX_POINT('',#9266);
#2865=VERTEX_POINT('',#9270);
#2866=VERTEX_POINT('',#9276);
#2867=VERTEX_POINT('',#9278);
#2868=VERTEX_POINT('',#9282);
#2869=VERTEX_POINT('',#9286);
#2870=VERTEX_POINT('',#9288);
#2871=VERTEX_POINT('',#9292);
#2872=VERTEX_POINT('',#9296);
#2873=VERTEX_POINT('',#9302);
#2874=VERTEX_POINT('',#9304);
#2875=VERTEX_POINT('',#9308);
#2876=VERTEX_POINT('',#9312);
#2877=VERTEX_POINT('',#9314);
#2878=VERTEX_POINT('',#9318);
#2879=VERTEX_POINT('',#9322);
#2880=VERTEX_POINT('',#9328);
#2881=VERTEX_POINT('',#9330);
#2882=VERTEX_POINT('',#9334);
#2883=VERTEX_POINT('',#9338);
#2884=VERTEX_POINT('',#9340);
#2885=VERTEX_POINT('',#9344);
#2886=VERTEX_POINT('',#9348);
#2887=VERTEX_POINT('',#9354);
#2888=VERTEX_POINT('',#9356);
#2889=VERTEX_POINT('',#9360);
#2890=VERTEX_POINT('',#9364);
#2891=VERTEX_POINT('',#9366);
#2892=VERTEX_POINT('',#9370);
#2893=VERTEX_POINT('',#9374);
#2894=VERTEX_POINT('',#9380);
#2895=VERTEX_POINT('',#9382);
#2896=VERTEX_POINT('',#9386);
#2897=VERTEX_POINT('',#9390);
#2898=VERTEX_POINT('',#9392);
#2899=VERTEX_POINT('',#9396);
#2900=VERTEX_POINT('',#9400);
#2901=VERTEX_POINT('',#9406);
#2902=VERTEX_POINT('',#9408);
#2903=VERTEX_POINT('',#9412);
#2904=VERTEX_POINT('',#9416);
#2905=VERTEX_POINT('',#9418);
#2906=VERTEX_POINT('',#9422);
#2907=VERTEX_POINT('',#9426);
#2908=VERTEX_POINT('',#9432);
#2909=VERTEX_POINT('',#9434);
#2910=VERTEX_POINT('',#9438);
#2911=VERTEX_POINT('',#9442);
#2912=VERTEX_POINT('',#9444);
#2913=VERTEX_POINT('',#9448);
#2914=VERTEX_POINT('',#9452);
#2915=VERTEX_POINT('',#9458);
#2916=VERTEX_POINT('',#9460);
#2917=VERTEX_POINT('',#9464);
#2918=VERTEX_POINT('',#9468);
#2919=VERTEX_POINT('',#9470);
#2920=VERTEX_POINT('',#9474);
#2921=VERTEX_POINT('',#9478);
#2922=VERTEX_POINT('',#9484);
#2923=VERTEX_POINT('',#9486);
#2924=VERTEX_POINT('',#9490);
#2925=VERTEX_POINT('',#9494);
#2926=VERTEX_POINT('',#9496);
#2927=VERTEX_POINT('',#9500);
#2928=VERTEX_POINT('',#9504);
#2929=VERTEX_POINT('',#9510);
#2930=VERTEX_POINT('',#9512);
#2931=VERTEX_POINT('',#9516);
#2932=VERTEX_POINT('',#9520);
#2933=VERTEX_POINT('',#9527);
#2934=VERTEX_POINT('',#9534);
#2935=VERTEX_POINT('',#9541);
#2936=VERTEX_POINT('',#9548);
#2937=VERTEX_POINT('',#9555);
#2938=VERTEX_POINT('',#9562);
#2939=VERTEX_POINT('',#9569);
#2940=VERTEX_POINT('',#9576);
#2941=VERTEX_POINT('',#9583);
#2942=VERTEX_POINT('',#9590);
#2943=VERTEX_POINT('',#9597);
#2944=VERTEX_POINT('',#9604);
#2945=VERTEX_POINT('',#9611);
#2946=VERTEX_POINT('',#9618);
#2947=VERTEX_POINT('',#9625);
#2948=VERTEX_POINT('',#9632);
#2949=VERTEX_POINT('',#9639);
#2950=VERTEX_POINT('',#9646);
#2951=VERTEX_POINT('',#9653);
#2952=VERTEX_POINT('',#9660);
#2953=VERTEX_POINT('',#9667);
#2954=VERTEX_POINT('',#9674);
#2955=VERTEX_POINT('',#9681);
#2956=VERTEX_POINT('',#9688);
#2957=VERTEX_POINT('',#9695);
#2958=VERTEX_POINT('',#9702);
#2959=VERTEX_POINT('',#9709);
#2960=VERTEX_POINT('',#9716);
#2961=VERTEX_POINT('',#9723);
#2962=VERTEX_POINT('',#9730);
#2963=VERTEX_POINT('',#9737);
#2964=VERTEX_POINT('',#9744);
#2965=VERTEX_POINT('',#9751);
#2966=VERTEX_POINT('',#9758);
#2967=VERTEX_POINT('',#9765);
#2968=VERTEX_POINT('',#9772);
#2969=VERTEX_POINT('',#9779);
#2970=VERTEX_POINT('',#9786);
#2971=VERTEX_POINT('',#9793);
#2972=VERTEX_POINT('',#9795);
#2973=VERTEX_POINT('',#9799);
#2974=VERTEX_POINT('',#9803);
#2975=VERTEX_POINT('',#9809);
#2976=VERTEX_POINT('',#9811);
#2977=VERTEX_POINT('',#9815);
#2978=VERTEX_POINT('',#9819);
#2979=EDGE_CURVE('',#2483,#2484,#835,.T.);
#2980=EDGE_CURVE('',#2484,#2485,#836,.T.);
#2981=EDGE_CURVE('',#2485,#2486,#837,.T.);
#2982=EDGE_CURVE('',#2483,#2486,#838,.T.);
#2983=EDGE_CURVE('',#2487,#2485,#839,.T.);
#2984=EDGE_CURVE('',#2488,#2487,#840,.T.);
#2985=EDGE_CURVE('',#2489,#2488,#841,.T.);
#2986=EDGE_CURVE('',#2490,#2489,#842,.T.);
#2987=EDGE_CURVE('',#2491,#2490,#843,.T.);
#2988=EDGE_CURVE('',#2492,#2491,#844,.T.);
#2989=EDGE_CURVE('',#2486,#2492,#845,.T.);
#2990=EDGE_CURVE('',#2489,#2493,#846,.T.);
#2991=EDGE_CURVE('',#2493,#2494,#847,.T.);
#2992=EDGE_CURVE('',#2490,#2494,#848,.T.);
#2993=EDGE_CURVE('',#2495,#2483,#849,.T.);
#2994=EDGE_CURVE('',#2496,#2495,#850,.T.);
#2995=EDGE_CURVE('',#2494,#2496,#851,.T.);
#2996=EDGE_CURVE('',#2497,#2493,#852,.T.);
#2997=EDGE_CURVE('',#2498,#2497,#853,.T.);
#2998=EDGE_CURVE('',#2484,#2498,#854,.T.);
#2999=EDGE_CURVE('',#2496,#2491,#855,.T.);
#3000=EDGE_CURVE('',#2492,#2495,#856,.T.);
#3001=EDGE_CURVE('',#2499,#2500,#857,.T.);
#3002=EDGE_CURVE('',#2501,#2499,#858,.T.);
#3003=EDGE_CURVE('',#2502,#2501,#859,.T.);
#3004=EDGE_CURVE('',#2500,#2502,#860,.T.);
#3005=EDGE_CURVE('',#2503,#2504,#861,.T.);
#3006=EDGE_CURVE('',#2505,#2503,#862,.T.);
#3007=EDGE_CURVE('',#2506,#2505,#863,.T.);
#3008=EDGE_CURVE('',#2504,#2506,#864,.T.);
#3009=EDGE_CURVE('',#2507,#2508,#865,.T.);
#3010=EDGE_CURVE('',#2509,#2507,#866,.T.);
#3011=EDGE_CURVE('',#2510,#2509,#867,.T.);
#3012=EDGE_CURVE('',#2508,#2510,#868,.T.);
#3013=EDGE_CURVE('',#2511,#2512,#869,.T.);
#3014=EDGE_CURVE('',#2513,#2511,#870,.T.);
#3015=EDGE_CURVE('',#2514,#2513,#871,.T.);
#3016=EDGE_CURVE('',#2512,#2514,#872,.T.);
#3017=EDGE_CURVE('',#2515,#2516,#873,.T.);
#3018=EDGE_CURVE('',#2517,#2515,#874,.T.);
#3019=EDGE_CURVE('',#2518,#2517,#875,.T.);
#3020=EDGE_CURVE('',#2516,#2518,#876,.T.);
#3021=EDGE_CURVE('',#2519,#2520,#877,.T.);
#3022=EDGE_CURVE('',#2521,#2519,#878,.T.);
#3023=EDGE_CURVE('',#2522,#2521,#879,.T.);
#3024=EDGE_CURVE('',#2520,#2522,#880,.T.);
#3025=EDGE_CURVE('',#2523,#2524,#881,.T.);
#3026=EDGE_CURVE('',#2525,#2523,#882,.T.);
#3027=EDGE_CURVE('',#2526,#2525,#883,.T.);
#3028=EDGE_CURVE('',#2524,#2526,#884,.T.);
#3029=EDGE_CURVE('',#2527,#2528,#885,.T.);
#3030=EDGE_CURVE('',#2529,#2527,#886,.T.);
#3031=EDGE_CURVE('',#2530,#2529,#887,.T.);
#3032=EDGE_CURVE('',#2528,#2530,#888,.T.);
#3033=EDGE_CURVE('',#2531,#2532,#889,.T.);
#3034=EDGE_CURVE('',#2533,#2531,#890,.T.);
#3035=EDGE_CURVE('',#2534,#2533,#891,.T.);
#3036=EDGE_CURVE('',#2532,#2534,#892,.T.);
#3037=EDGE_CURVE('',#2535,#2536,#893,.T.);
#3038=EDGE_CURVE('',#2537,#2535,#894,.T.);
#3039=EDGE_CURVE('',#2538,#2537,#895,.T.);
#3040=EDGE_CURVE('',#2536,#2538,#896,.T.);
#3041=EDGE_CURVE('',#2539,#2540,#897,.T.);
#3042=EDGE_CURVE('',#2541,#2539,#898,.T.);
#3043=EDGE_CURVE('',#2542,#2541,#899,.T.);
#3044=EDGE_CURVE('',#2540,#2542,#900,.T.);
#3045=EDGE_CURVE('',#2543,#2544,#901,.T.);
#3046=EDGE_CURVE('',#2545,#2543,#902,.T.);
#3047=EDGE_CURVE('',#2546,#2545,#903,.T.);
#3048=EDGE_CURVE('',#2544,#2546,#904,.T.);
#3049=EDGE_CURVE('',#2547,#2548,#905,.T.);
#3050=EDGE_CURVE('',#2549,#2547,#906,.T.);
#3051=EDGE_CURVE('',#2550,#2549,#907,.T.);
#3052=EDGE_CURVE('',#2548,#2550,#908,.T.);
#3053=EDGE_CURVE('',#2551,#2552,#909,.T.);
#3054=EDGE_CURVE('',#2553,#2551,#910,.T.);
#3055=EDGE_CURVE('',#2554,#2553,#911,.T.);
#3056=EDGE_CURVE('',#2552,#2554,#912,.T.);
#3057=EDGE_CURVE('',#2555,#2556,#913,.T.);
#3058=EDGE_CURVE('',#2557,#2555,#914,.T.);
#3059=EDGE_CURVE('',#2558,#2557,#915,.T.);
#3060=EDGE_CURVE('',#2556,#2558,#916,.T.);
#3061=EDGE_CURVE('',#2559,#2560,#917,.T.);
#3062=EDGE_CURVE('',#2561,#2559,#918,.T.);
#3063=EDGE_CURVE('',#2562,#2561,#919,.T.);
#3064=EDGE_CURVE('',#2560,#2562,#920,.T.);
#3065=EDGE_CURVE('',#2563,#2564,#921,.T.);
#3066=EDGE_CURVE('',#2565,#2563,#922,.T.);
#3067=EDGE_CURVE('',#2566,#2565,#923,.T.);
#3068=EDGE_CURVE('',#2564,#2566,#924,.T.);
#3069=EDGE_CURVE('',#2567,#2568,#925,.T.);
#3070=EDGE_CURVE('',#2569,#2567,#926,.T.);
#3071=EDGE_CURVE('',#2570,#2569,#927,.T.);
#3072=EDGE_CURVE('',#2568,#2570,#928,.T.);
#3073=EDGE_CURVE('',#2571,#2572,#929,.T.);
#3074=EDGE_CURVE('',#2573,#2571,#930,.T.);
#3075=EDGE_CURVE('',#2574,#2573,#931,.T.);
#3076=EDGE_CURVE('',#2572,#2574,#932,.T.);
#3077=EDGE_CURVE('',#2575,#2576,#933,.T.);
#3078=EDGE_CURVE('',#2577,#2575,#934,.T.);
#3079=EDGE_CURVE('',#2578,#2577,#935,.T.);
#3080=EDGE_CURVE('',#2576,#2578,#936,.T.);
#3081=EDGE_CURVE('',#2579,#2580,#937,.T.);
#3082=EDGE_CURVE('',#2581,#2579,#938,.T.);
#3083=EDGE_CURVE('',#2582,#2581,#939,.T.);
#3084=EDGE_CURVE('',#2580,#2582,#940,.T.);
#3085=EDGE_CURVE('',#2583,#2584,#941,.T.);
#3086=EDGE_CURVE('',#2585,#2583,#942,.T.);
#3087=EDGE_CURVE('',#2586,#2585,#943,.T.);
#3088=EDGE_CURVE('',#2584,#2586,#944,.T.);
#3089=EDGE_CURVE('',#2587,#2588,#945,.T.);
#3090=EDGE_CURVE('',#2589,#2587,#946,.T.);
#3091=EDGE_CURVE('',#2590,#2589,#947,.T.);
#3092=EDGE_CURVE('',#2588,#2590,#948,.T.);
#3093=EDGE_CURVE('',#2591,#2592,#949,.T.);
#3094=EDGE_CURVE('',#2593,#2591,#950,.T.);
#3095=EDGE_CURVE('',#2594,#2593,#951,.T.);
#3096=EDGE_CURVE('',#2592,#2594,#952,.T.);
#3097=EDGE_CURVE('',#2595,#2596,#953,.T.);
#3098=EDGE_CURVE('',#2597,#2595,#954,.T.);
#3099=EDGE_CURVE('',#2598,#2597,#955,.T.);
#3100=EDGE_CURVE('',#2596,#2598,#956,.T.);
#3101=EDGE_CURVE('',#2599,#2600,#957,.T.);
#3102=EDGE_CURVE('',#2601,#2599,#958,.T.);
#3103=EDGE_CURVE('',#2602,#2601,#959,.T.);
#3104=EDGE_CURVE('',#2600,#2602,#960,.T.);
#3105=EDGE_CURVE('',#2603,#2604,#961,.T.);
#3106=EDGE_CURVE('',#2605,#2603,#962,.T.);
#3107=EDGE_CURVE('',#2606,#2605,#963,.T.);
#3108=EDGE_CURVE('',#2604,#2606,#964,.T.);
#3109=EDGE_CURVE('',#2607,#2608,#965,.T.);
#3110=EDGE_CURVE('',#2609,#2607,#966,.T.);
#3111=EDGE_CURVE('',#2610,#2609,#967,.T.);
#3112=EDGE_CURVE('',#2608,#2610,#968,.T.);
#3113=EDGE_CURVE('',#2611,#2612,#969,.T.);
#3114=EDGE_CURVE('',#2613,#2611,#970,.T.);
#3115=EDGE_CURVE('',#2614,#2613,#971,.T.);
#3116=EDGE_CURVE('',#2612,#2614,#972,.T.);
#3117=EDGE_CURVE('',#2615,#2616,#973,.T.);
#3118=EDGE_CURVE('',#2617,#2615,#974,.T.);
#3119=EDGE_CURVE('',#2618,#2617,#975,.T.);
#3120=EDGE_CURVE('',#2616,#2618,#976,.T.);
#3121=EDGE_CURVE('',#2619,#2620,#977,.T.);
#3122=EDGE_CURVE('',#2621,#2619,#978,.T.);
#3123=EDGE_CURVE('',#2622,#2621,#979,.T.);
#3124=EDGE_CURVE('',#2620,#2622,#980,.T.);
#3125=EDGE_CURVE('',#2623,#2624,#981,.T.);
#3126=EDGE_CURVE('',#2625,#2623,#982,.T.);
#3127=EDGE_CURVE('',#2626,#2625,#983,.T.);
#3128=EDGE_CURVE('',#2624,#2626,#984,.T.);
#3129=EDGE_CURVE('',#2627,#2628,#985,.T.);
#3130=EDGE_CURVE('',#2629,#2627,#986,.T.);
#3131=EDGE_CURVE('',#2630,#2629,#987,.T.);
#3132=EDGE_CURVE('',#2628,#2630,#988,.T.);
#3133=EDGE_CURVE('',#2631,#2632,#989,.T.);
#3134=EDGE_CURVE('',#2633,#2631,#990,.T.);
#3135=EDGE_CURVE('',#2634,#2633,#991,.T.);
#3136=EDGE_CURVE('',#2632,#2634,#992,.T.);
#3137=EDGE_CURVE('',#2635,#2636,#993,.T.);
#3138=EDGE_CURVE('',#2637,#2635,#994,.T.);
#3139=EDGE_CURVE('',#2638,#2637,#995,.T.);
#3140=EDGE_CURVE('',#2636,#2638,#996,.T.);
#3141=EDGE_CURVE('',#2639,#2640,#997,.T.);
#3142=EDGE_CURVE('',#2641,#2639,#998,.T.);
#3143=EDGE_CURVE('',#2642,#2641,#999,.T.);
#3144=EDGE_CURVE('',#2640,#2642,#1000,.T.);
#3145=EDGE_CURVE('',#2643,#2644,#1001,.T.);
#3146=EDGE_CURVE('',#2645,#2643,#1002,.T.);
#3147=EDGE_CURVE('',#2646,#2645,#1003,.T.);
#3148=EDGE_CURVE('',#2644,#2646,#1004,.T.);
#3149=EDGE_CURVE('',#2647,#2648,#1005,.T.);
#3150=EDGE_CURVE('',#2649,#2647,#1006,.T.);
#3151=EDGE_CURVE('',#2650,#2649,#1007,.T.);
#3152=EDGE_CURVE('',#2648,#2650,#1008,.T.);
#3153=EDGE_CURVE('',#2651,#2652,#1009,.T.);
#3154=EDGE_CURVE('',#2653,#2651,#1010,.T.);
#3155=EDGE_CURVE('',#2654,#2653,#1011,.T.);
#3156=EDGE_CURVE('',#2652,#2654,#1012,.T.);
#3157=EDGE_CURVE('',#2655,#2656,#1013,.T.);
#3158=EDGE_CURVE('',#2657,#2655,#1014,.T.);
#3159=EDGE_CURVE('',#2658,#2657,#1015,.T.);
#3160=EDGE_CURVE('',#2656,#2658,#1016,.T.);
#3161=EDGE_CURVE('',#2487,#2498,#1017,.T.);
#3162=EDGE_CURVE('',#2488,#2497,#1018,.T.);
#3163=EDGE_CURVE('',#2500,#2659,#1019,.T.);
#3164=EDGE_CURVE('',#2659,#2660,#1020,.T.);
#3165=EDGE_CURVE('',#2660,#2499,#1021,.T.);
#3166=EDGE_CURVE('',#2502,#2661,#1022,.T.);
#3167=EDGE_CURVE('',#2661,#2659,#1023,.T.);
#3168=EDGE_CURVE('',#2662,#2661,#1024,.T.);
#3169=EDGE_CURVE('',#2501,#2662,#1025,.T.);
#3170=EDGE_CURVE('',#2660,#2662,#1026,.T.);
#3171=EDGE_CURVE('',#2660,#2663,#1027,.T.);
#3172=EDGE_CURVE('',#2663,#2664,#1028,.T.);
#3173=EDGE_CURVE('',#2662,#2664,#1029,.T.);
#3174=EDGE_CURVE('',#2659,#2665,#1030,.T.);
#3175=EDGE_CURVE('',#2665,#2663,#1031,.T.);
#3176=EDGE_CURVE('',#2656,#2666,#1032,.T.);
#3177=EDGE_CURVE('',#2666,#2667,#1033,.T.);
#3178=EDGE_CURVE('',#2667,#2655,#1034,.T.);
#3179=EDGE_CURVE('',#2658,#2668,#1035,.T.);
#3180=EDGE_CURVE('',#2668,#2666,#1036,.T.);
#3181=EDGE_CURVE('',#2669,#2668,#1037,.T.);
#3182=EDGE_CURVE('',#2657,#2669,#1038,.T.);
#3183=EDGE_CURVE('',#2667,#2669,#1039,.T.);
#3184=EDGE_CURVE('',#2667,#2670,#1040,.T.);
#3185=EDGE_CURVE('',#2670,#2671,#1041,.T.);
#3186=EDGE_CURVE('',#2669,#2671,#1042,.T.);
#3187=EDGE_CURVE('',#2666,#2672,#1043,.T.);
#3188=EDGE_CURVE('',#2672,#2670,#1044,.T.);
#3189=EDGE_CURVE('',#2504,#2673,#1045,.T.);
#3190=EDGE_CURVE('',#2673,#2674,#1046,.T.);
#3191=EDGE_CURVE('',#2674,#2503,#1047,.T.);
#3192=EDGE_CURVE('',#2506,#2675,#1048,.T.);
#3193=EDGE_CURVE('',#2675,#2673,#1049,.T.);
#3194=EDGE_CURVE('',#2676,#2675,#1050,.T.);
#3195=EDGE_CURVE('',#2505,#2676,#1051,.T.);
#3196=EDGE_CURVE('',#2674,#2676,#1052,.T.);
#3197=EDGE_CURVE('',#2674,#2677,#1053,.T.);
#3198=EDGE_CURVE('',#2677,#2678,#1054,.T.);
#3199=EDGE_CURVE('',#2676,#2678,#1055,.T.);
#3200=EDGE_CURVE('',#2673,#2679,#1056,.T.);
#3201=EDGE_CURVE('',#2679,#2677,#1057,.T.);
#3202=EDGE_CURVE('',#2652,#2680,#1058,.T.);
#3203=EDGE_CURVE('',#2680,#2681,#1059,.T.);
#3204=EDGE_CURVE('',#2681,#2651,#1060,.T.);
#3205=EDGE_CURVE('',#2654,#2682,#1061,.T.);
#3206=EDGE_CURVE('',#2682,#2680,#1062,.T.);
#3207=EDGE_CURVE('',#2683,#2682,#1063,.T.);
#3208=EDGE_CURVE('',#2653,#2683,#1064,.T.);
#3209=EDGE_CURVE('',#2681,#2683,#1065,.T.);
#3210=EDGE_CURVE('',#2681,#2684,#1066,.T.);
#3211=EDGE_CURVE('',#2684,#2685,#1067,.T.);
#3212=EDGE_CURVE('',#2683,#2685,#1068,.T.);
#3213=EDGE_CURVE('',#2680,#2686,#1069,.T.);
#3214=EDGE_CURVE('',#2686,#2684,#1070,.T.);
#3215=EDGE_CURVE('',#2508,#2687,#1071,.T.);
#3216=EDGE_CURVE('',#2687,#2688,#1072,.T.);
#3217=EDGE_CURVE('',#2688,#2507,#1073,.T.);
#3218=EDGE_CURVE('',#2510,#2689,#1074,.T.);
#3219=EDGE_CURVE('',#2689,#2687,#1075,.T.);
#3220=EDGE_CURVE('',#2690,#2689,#1076,.T.);
#3221=EDGE_CURVE('',#2509,#2690,#1077,.T.);
#3222=EDGE_CURVE('',#2688,#2690,#1078,.T.);
#3223=EDGE_CURVE('',#2688,#2691,#1079,.T.);
#3224=EDGE_CURVE('',#2691,#2692,#1080,.T.);
#3225=EDGE_CURVE('',#2690,#2692,#1081,.T.);
#3226=EDGE_CURVE('',#2687,#2693,#1082,.T.);
#3227=EDGE_CURVE('',#2693,#2691,#1083,.T.);
#3228=EDGE_CURVE('',#2648,#2694,#1084,.T.);
#3229=EDGE_CURVE('',#2694,#2695,#1085,.T.);
#3230=EDGE_CURVE('',#2695,#2647,#1086,.T.);
#3231=EDGE_CURVE('',#2650,#2696,#1087,.T.);
#3232=EDGE_CURVE('',#2696,#2694,#1088,.T.);
#3233=EDGE_CURVE('',#2697,#2696,#1089,.T.);
#3234=EDGE_CURVE('',#2649,#2697,#1090,.T.);
#3235=EDGE_CURVE('',#2695,#2697,#1091,.T.);
#3236=EDGE_CURVE('',#2695,#2698,#1092,.T.);
#3237=EDGE_CURVE('',#2698,#2699,#1093,.T.);
#3238=EDGE_CURVE('',#2697,#2699,#1094,.T.);
#3239=EDGE_CURVE('',#2694,#2700,#1095,.T.);
#3240=EDGE_CURVE('',#2700,#2698,#1096,.T.);
#3241=EDGE_CURVE('',#2512,#2701,#1097,.T.);
#3242=EDGE_CURVE('',#2701,#2702,#1098,.T.);
#3243=EDGE_CURVE('',#2702,#2511,#1099,.T.);
#3244=EDGE_CURVE('',#2514,#2703,#1100,.T.);
#3245=EDGE_CURVE('',#2703,#2701,#1101,.T.);
#3246=EDGE_CURVE('',#2704,#2703,#1102,.T.);
#3247=EDGE_CURVE('',#2513,#2704,#1103,.T.);
#3248=EDGE_CURVE('',#2702,#2704,#1104,.T.);
#3249=EDGE_CURVE('',#2702,#2705,#1105,.T.);
#3250=EDGE_CURVE('',#2705,#2706,#1106,.T.);
#3251=EDGE_CURVE('',#2704,#2706,#1107,.T.);
#3252=EDGE_CURVE('',#2701,#2707,#1108,.T.);
#3253=EDGE_CURVE('',#2707,#2705,#1109,.T.);
#3254=EDGE_CURVE('',#2644,#2708,#1110,.T.);
#3255=EDGE_CURVE('',#2708,#2709,#1111,.T.);
#3256=EDGE_CURVE('',#2709,#2643,#1112,.T.);
#3257=EDGE_CURVE('',#2646,#2710,#1113,.T.);
#3258=EDGE_CURVE('',#2710,#2708,#1114,.T.);
#3259=EDGE_CURVE('',#2711,#2710,#1115,.T.);
#3260=EDGE_CURVE('',#2645,#2711,#1116,.T.);
#3261=EDGE_CURVE('',#2709,#2711,#1117,.T.);
#3262=EDGE_CURVE('',#2709,#2712,#1118,.T.);
#3263=EDGE_CURVE('',#2712,#2713,#1119,.T.);
#3264=EDGE_CURVE('',#2711,#2713,#1120,.T.);
#3265=EDGE_CURVE('',#2708,#2714,#1121,.T.);
#3266=EDGE_CURVE('',#2714,#2712,#1122,.T.);
#3267=EDGE_CURVE('',#2516,#2715,#1123,.T.);
#3268=EDGE_CURVE('',#2715,#2716,#1124,.T.);
#3269=EDGE_CURVE('',#2716,#2515,#1125,.T.);
#3270=EDGE_CURVE('',#2518,#2717,#1126,.T.);
#3271=EDGE_CURVE('',#2717,#2715,#1127,.T.);
#3272=EDGE_CURVE('',#2718,#2717,#1128,.T.);
#3273=EDGE_CURVE('',#2517,#2718,#1129,.T.);
#3274=EDGE_CURVE('',#2716,#2718,#1130,.T.);
#3275=EDGE_CURVE('',#2716,#2719,#1131,.T.);
#3276=EDGE_CURVE('',#2719,#2720,#1132,.T.);
#3277=EDGE_CURVE('',#2718,#2720,#1133,.T.);
#3278=EDGE_CURVE('',#2715,#2721,#1134,.T.);
#3279=EDGE_CURVE('',#2721,#2719,#1135,.T.);
#3280=EDGE_CURVE('',#2640,#2722,#1136,.T.);
#3281=EDGE_CURVE('',#2722,#2723,#1137,.T.);
#3282=EDGE_CURVE('',#2723,#2639,#1138,.T.);
#3283=EDGE_CURVE('',#2642,#2724,#1139,.T.);
#3284=EDGE_CURVE('',#2724,#2722,#1140,.T.);
#3285=EDGE_CURVE('',#2725,#2724,#1141,.T.);
#3286=EDGE_CURVE('',#2641,#2725,#1142,.T.);
#3287=EDGE_CURVE('',#2723,#2725,#1143,.T.);
#3288=EDGE_CURVE('',#2723,#2726,#1144,.T.);
#3289=EDGE_CURVE('',#2726,#2727,#1145,.T.);
#3290=EDGE_CURVE('',#2725,#2727,#1146,.T.);
#3291=EDGE_CURVE('',#2722,#2728,#1147,.T.);
#3292=EDGE_CURVE('',#2728,#2726,#1148,.T.);
#3293=EDGE_CURVE('',#2520,#2729,#1149,.T.);
#3294=EDGE_CURVE('',#2729,#2730,#1150,.T.);
#3295=EDGE_CURVE('',#2730,#2519,#1151,.T.);
#3296=EDGE_CURVE('',#2522,#2731,#1152,.T.);
#3297=EDGE_CURVE('',#2731,#2729,#1153,.T.);
#3298=EDGE_CURVE('',#2732,#2731,#1154,.T.);
#3299=EDGE_CURVE('',#2521,#2732,#1155,.T.);
#3300=EDGE_CURVE('',#2730,#2732,#1156,.T.);
#3301=EDGE_CURVE('',#2730,#2733,#1157,.T.);
#3302=EDGE_CURVE('',#2733,#2734,#1158,.T.);
#3303=EDGE_CURVE('',#2732,#2734,#1159,.T.);
#3304=EDGE_CURVE('',#2729,#2735,#1160,.T.);
#3305=EDGE_CURVE('',#2735,#2733,#1161,.T.);
#3306=EDGE_CURVE('',#2636,#2736,#1162,.T.);
#3307=EDGE_CURVE('',#2736,#2737,#1163,.T.);
#3308=EDGE_CURVE('',#2737,#2635,#1164,.T.);
#3309=EDGE_CURVE('',#2638,#2738,#1165,.T.);
#3310=EDGE_CURVE('',#2738,#2736,#1166,.T.);
#3311=EDGE_CURVE('',#2739,#2738,#1167,.T.);
#3312=EDGE_CURVE('',#2637,#2739,#1168,.T.);
#3313=EDGE_CURVE('',#2737,#2739,#1169,.T.);
#3314=EDGE_CURVE('',#2737,#2740,#1170,.T.);
#3315=EDGE_CURVE('',#2740,#2741,#1171,.T.);
#3316=EDGE_CURVE('',#2739,#2741,#1172,.T.);
#3317=EDGE_CURVE('',#2736,#2742,#1173,.T.);
#3318=EDGE_CURVE('',#2742,#2740,#1174,.T.);
#3319=EDGE_CURVE('',#2524,#2743,#1175,.T.);
#3320=EDGE_CURVE('',#2743,#2744,#1176,.T.);
#3321=EDGE_CURVE('',#2744,#2523,#1177,.T.);
#3322=EDGE_CURVE('',#2526,#2745,#1178,.T.);
#3323=EDGE_CURVE('',#2745,#2743,#1179,.T.);
#3324=EDGE_CURVE('',#2746,#2745,#1180,.T.);
#3325=EDGE_CURVE('',#2525,#2746,#1181,.T.);
#3326=EDGE_CURVE('',#2744,#2746,#1182,.T.);
#3327=EDGE_CURVE('',#2744,#2747,#1183,.T.);
#3328=EDGE_CURVE('',#2747,#2748,#1184,.T.);
#3329=EDGE_CURVE('',#2746,#2748,#1185,.T.);
#3330=EDGE_CURVE('',#2743,#2749,#1186,.T.);
#3331=EDGE_CURVE('',#2749,#2747,#1187,.T.);
#3332=EDGE_CURVE('',#2632,#2750,#1188,.T.);
#3333=EDGE_CURVE('',#2750,#2751,#1189,.T.);
#3334=EDGE_CURVE('',#2751,#2631,#1190,.T.);
#3335=EDGE_CURVE('',#2634,#2752,#1191,.T.);
#3336=EDGE_CURVE('',#2752,#2750,#1192,.T.);
#3337=EDGE_CURVE('',#2753,#2752,#1193,.T.);
#3338=EDGE_CURVE('',#2633,#2753,#1194,.T.);
#3339=EDGE_CURVE('',#2751,#2753,#1195,.T.);
#3340=EDGE_CURVE('',#2751,#2754,#1196,.T.);
#3341=EDGE_CURVE('',#2754,#2755,#1197,.T.);
#3342=EDGE_CURVE('',#2753,#2755,#1198,.T.);
#3343=EDGE_CURVE('',#2750,#2756,#1199,.T.);
#3344=EDGE_CURVE('',#2756,#2754,#1200,.T.);
#3345=EDGE_CURVE('',#2528,#2757,#1201,.T.);
#3346=EDGE_CURVE('',#2757,#2758,#1202,.T.);
#3347=EDGE_CURVE('',#2758,#2527,#1203,.T.);
#3348=EDGE_CURVE('',#2530,#2759,#1204,.T.);
#3349=EDGE_CURVE('',#2759,#2757,#1205,.T.);
#3350=EDGE_CURVE('',#2760,#2759,#1206,.T.);
#3351=EDGE_CURVE('',#2529,#2760,#1207,.T.);
#3352=EDGE_CURVE('',#2758,#2760,#1208,.T.);
#3353=EDGE_CURVE('',#2758,#2761,#1209,.T.);
#3354=EDGE_CURVE('',#2761,#2762,#1210,.T.);
#3355=EDGE_CURVE('',#2760,#2762,#1211,.T.);
#3356=EDGE_CURVE('',#2757,#2763,#1212,.T.);
#3357=EDGE_CURVE('',#2763,#2761,#1213,.T.);
#3358=EDGE_CURVE('',#2628,#2764,#1214,.T.);
#3359=EDGE_CURVE('',#2764,#2765,#1215,.T.);
#3360=EDGE_CURVE('',#2765,#2627,#1216,.T.);
#3361=EDGE_CURVE('',#2630,#2766,#1217,.T.);
#3362=EDGE_CURVE('',#2766,#2764,#1218,.T.);
#3363=EDGE_CURVE('',#2767,#2766,#1219,.T.);
#3364=EDGE_CURVE('',#2629,#2767,#1220,.T.);
#3365=EDGE_CURVE('',#2765,#2767,#1221,.T.);
#3366=EDGE_CURVE('',#2765,#2768,#1222,.T.);
#3367=EDGE_CURVE('',#2768,#2769,#1223,.T.);
#3368=EDGE_CURVE('',#2767,#2769,#1224,.T.);
#3369=EDGE_CURVE('',#2764,#2770,#1225,.T.);
#3370=EDGE_CURVE('',#2770,#2768,#1226,.T.);
#3371=EDGE_CURVE('',#2532,#2771,#1227,.T.);
#3372=EDGE_CURVE('',#2771,#2772,#1228,.T.);
#3373=EDGE_CURVE('',#2772,#2531,#1229,.T.);
#3374=EDGE_CURVE('',#2534,#2773,#1230,.T.);
#3375=EDGE_CURVE('',#2773,#2771,#1231,.T.);
#3376=EDGE_CURVE('',#2774,#2773,#1232,.T.);
#3377=EDGE_CURVE('',#2533,#2774,#1233,.T.);
#3378=EDGE_CURVE('',#2772,#2774,#1234,.T.);
#3379=EDGE_CURVE('',#2772,#2775,#1235,.T.);
#3380=EDGE_CURVE('',#2775,#2776,#1236,.T.);
#3381=EDGE_CURVE('',#2774,#2776,#1237,.T.);
#3382=EDGE_CURVE('',#2771,#2777,#1238,.T.);
#3383=EDGE_CURVE('',#2777,#2775,#1239,.T.);
#3384=EDGE_CURVE('',#2624,#2778,#1240,.T.);
#3385=EDGE_CURVE('',#2778,#2779,#1241,.T.);
#3386=EDGE_CURVE('',#2779,#2623,#1242,.T.);
#3387=EDGE_CURVE('',#2626,#2780,#1243,.T.);
#3388=EDGE_CURVE('',#2780,#2778,#1244,.T.);
#3389=EDGE_CURVE('',#2781,#2780,#1245,.T.);
#3390=EDGE_CURVE('',#2625,#2781,#1246,.T.);
#3391=EDGE_CURVE('',#2779,#2781,#1247,.T.);
#3392=EDGE_CURVE('',#2779,#2782,#1248,.T.);
#3393=EDGE_CURVE('',#2782,#2783,#1249,.T.);
#3394=EDGE_CURVE('',#2781,#2783,#1250,.T.);
#3395=EDGE_CURVE('',#2778,#2784,#1251,.T.);
#3396=EDGE_CURVE('',#2784,#2782,#1252,.T.);
#3397=EDGE_CURVE('',#2536,#2785,#1253,.T.);
#3398=EDGE_CURVE('',#2785,#2786,#1254,.T.);
#3399=EDGE_CURVE('',#2786,#2535,#1255,.T.);
#3400=EDGE_CURVE('',#2538,#2787,#1256,.T.);
#3401=EDGE_CURVE('',#2787,#2785,#1257,.T.);
#3402=EDGE_CURVE('',#2788,#2787,#1258,.T.);
#3403=EDGE_CURVE('',#2537,#2788,#1259,.T.);
#3404=EDGE_CURVE('',#2786,#2788,#1260,.T.);
#3405=EDGE_CURVE('',#2786,#2789,#1261,.T.);
#3406=EDGE_CURVE('',#2789,#2790,#1262,.T.);
#3407=EDGE_CURVE('',#2788,#2790,#1263,.T.);
#3408=EDGE_CURVE('',#2785,#2791,#1264,.T.);
#3409=EDGE_CURVE('',#2791,#2789,#1265,.T.);
#3410=EDGE_CURVE('',#2620,#2792,#1266,.T.);
#3411=EDGE_CURVE('',#2792,#2793,#1267,.T.);
#3412=EDGE_CURVE('',#2793,#2619,#1268,.T.);
#3413=EDGE_CURVE('',#2622,#2794,#1269,.T.);
#3414=EDGE_CURVE('',#2794,#2792,#1270,.T.);
#3415=EDGE_CURVE('',#2795,#2794,#1271,.T.);
#3416=EDGE_CURVE('',#2621,#2795,#1272,.T.);
#3417=EDGE_CURVE('',#2793,#2795,#1273,.T.);
#3418=EDGE_CURVE('',#2793,#2796,#1274,.T.);
#3419=EDGE_CURVE('',#2796,#2797,#1275,.T.);
#3420=EDGE_CURVE('',#2795,#2797,#1276,.T.);
#3421=EDGE_CURVE('',#2792,#2798,#1277,.T.);
#3422=EDGE_CURVE('',#2798,#2796,#1278,.T.);
#3423=EDGE_CURVE('',#2540,#2799,#1279,.T.);
#3424=EDGE_CURVE('',#2799,#2800,#1280,.T.);
#3425=EDGE_CURVE('',#2800,#2539,#1281,.T.);
#3426=EDGE_CURVE('',#2542,#2801,#1282,.T.);
#3427=EDGE_CURVE('',#2801,#2799,#1283,.T.);
#3428=EDGE_CURVE('',#2802,#2801,#1284,.T.);
#3429=EDGE_CURVE('',#2541,#2802,#1285,.T.);
#3430=EDGE_CURVE('',#2800,#2802,#1286,.T.);
#3431=EDGE_CURVE('',#2800,#2803,#1287,.T.);
#3432=EDGE_CURVE('',#2803,#2804,#1288,.T.);
#3433=EDGE_CURVE('',#2802,#2804,#1289,.T.);
#3434=EDGE_CURVE('',#2799,#2805,#1290,.T.);
#3435=EDGE_CURVE('',#2805,#2803,#1291,.T.);
#3436=EDGE_CURVE('',#2616,#2806,#1292,.T.);
#3437=EDGE_CURVE('',#2806,#2807,#1293,.T.);
#3438=EDGE_CURVE('',#2807,#2615,#1294,.T.);
#3439=EDGE_CURVE('',#2618,#2808,#1295,.T.);
#3440=EDGE_CURVE('',#2808,#2806,#1296,.T.);
#3441=EDGE_CURVE('',#2809,#2808,#1297,.T.);
#3442=EDGE_CURVE('',#2617,#2809,#1298,.T.);
#3443=EDGE_CURVE('',#2807,#2809,#1299,.T.);
#3444=EDGE_CURVE('',#2807,#2810,#1300,.T.);
#3445=EDGE_CURVE('',#2810,#2811,#1301,.T.);
#3446=EDGE_CURVE('',#2809,#2811,#1302,.T.);
#3447=EDGE_CURVE('',#2806,#2812,#1303,.T.);
#3448=EDGE_CURVE('',#2812,#2810,#1304,.T.);
#3449=EDGE_CURVE('',#2544,#2813,#1305,.T.);
#3450=EDGE_CURVE('',#2813,#2814,#1306,.T.);
#3451=EDGE_CURVE('',#2814,#2543,#1307,.T.);
#3452=EDGE_CURVE('',#2546,#2815,#1308,.T.);
#3453=EDGE_CURVE('',#2815,#2813,#1309,.T.);
#3454=EDGE_CURVE('',#2816,#2815,#1310,.T.);
#3455=EDGE_CURVE('',#2545,#2816,#1311,.T.);
#3456=EDGE_CURVE('',#2814,#2816,#1312,.T.);
#3457=EDGE_CURVE('',#2814,#2817,#1313,.T.);
#3458=EDGE_CURVE('',#2817,#2818,#1314,.T.);
#3459=EDGE_CURVE('',#2816,#2818,#1315,.T.);
#3460=EDGE_CURVE('',#2813,#2819,#1316,.T.);
#3461=EDGE_CURVE('',#2819,#2817,#1317,.T.);
#3462=EDGE_CURVE('',#2612,#2820,#1318,.T.);
#3463=EDGE_CURVE('',#2820,#2821,#1319,.T.);
#3464=EDGE_CURVE('',#2821,#2611,#1320,.T.);
#3465=EDGE_CURVE('',#2614,#2822,#1321,.T.);
#3466=EDGE_CURVE('',#2822,#2820,#1322,.T.);
#3467=EDGE_CURVE('',#2823,#2822,#1323,.T.);
#3468=EDGE_CURVE('',#2613,#2823,#1324,.T.);
#3469=EDGE_CURVE('',#2821,#2823,#1325,.T.);
#3470=EDGE_CURVE('',#2821,#2824,#1326,.T.);
#3471=EDGE_CURVE('',#2824,#2825,#1327,.T.);
#3472=EDGE_CURVE('',#2823,#2825,#1328,.T.);
#3473=EDGE_CURVE('',#2820,#2826,#1329,.T.);
#3474=EDGE_CURVE('',#2826,#2824,#1330,.T.);
#3475=EDGE_CURVE('',#2548,#2827,#1331,.T.);
#3476=EDGE_CURVE('',#2827,#2828,#1332,.T.);
#3477=EDGE_CURVE('',#2828,#2547,#1333,.T.);
#3478=EDGE_CURVE('',#2550,#2829,#1334,.T.);
#3479=EDGE_CURVE('',#2829,#2827,#1335,.T.);
#3480=EDGE_CURVE('',#2830,#2829,#1336,.T.);
#3481=EDGE_CURVE('',#2549,#2830,#1337,.T.);
#3482=EDGE_CURVE('',#2828,#2830,#1338,.T.);
#3483=EDGE_CURVE('',#2828,#2831,#1339,.T.);
#3484=EDGE_CURVE('',#2831,#2832,#1340,.T.);
#3485=EDGE_CURVE('',#2830,#2832,#1341,.T.);
#3486=EDGE_CURVE('',#2827,#2833,#1342,.T.);
#3487=EDGE_CURVE('',#2833,#2831,#1343,.T.);
#3488=EDGE_CURVE('',#2608,#2834,#1344,.T.);
#3489=EDGE_CURVE('',#2834,#2835,#1345,.T.);
#3490=EDGE_CURVE('',#2835,#2607,#1346,.T.);
#3491=EDGE_CURVE('',#2610,#2836,#1347,.T.);
#3492=EDGE_CURVE('',#2836,#2834,#1348,.T.);
#3493=EDGE_CURVE('',#2837,#2836,#1349,.T.);
#3494=EDGE_CURVE('',#2609,#2837,#1350,.T.);
#3495=EDGE_CURVE('',#2835,#2837,#1351,.T.);
#3496=EDGE_CURVE('',#2835,#2838,#1352,.T.);
#3497=EDGE_CURVE('',#2838,#2839,#1353,.T.);
#3498=EDGE_CURVE('',#2837,#2839,#1354,.T.);
#3499=EDGE_CURVE('',#2834,#2840,#1355,.T.);
#3500=EDGE_CURVE('',#2840,#2838,#1356,.T.);
#3501=EDGE_CURVE('',#2552,#2841,#1357,.T.);
#3502=EDGE_CURVE('',#2841,#2842,#1358,.T.);
#3503=EDGE_CURVE('',#2842,#2551,#1359,.T.);
#3504=EDGE_CURVE('',#2554,#2843,#1360,.T.);
#3505=EDGE_CURVE('',#2843,#2841,#1361,.T.);
#3506=EDGE_CURVE('',#2844,#2843,#1362,.T.);
#3507=EDGE_CURVE('',#2553,#2844,#1363,.T.);
#3508=EDGE_CURVE('',#2842,#2844,#1364,.T.);
#3509=EDGE_CURVE('',#2842,#2845,#1365,.T.);
#3510=EDGE_CURVE('',#2845,#2846,#1366,.T.);
#3511=EDGE_CURVE('',#2844,#2846,#1367,.T.);
#3512=EDGE_CURVE('',#2841,#2847,#1368,.T.);
#3513=EDGE_CURVE('',#2847,#2845,#1369,.T.);
#3514=EDGE_CURVE('',#2604,#2848,#1370,.T.);
#3515=EDGE_CURVE('',#2848,#2849,#1371,.T.);
#3516=EDGE_CURVE('',#2849,#2603,#1372,.T.);
#3517=EDGE_CURVE('',#2606,#2850,#1373,.T.);
#3518=EDGE_CURVE('',#2850,#2848,#1374,.T.);
#3519=EDGE_CURVE('',#2851,#2850,#1375,.T.);
#3520=EDGE_CURVE('',#2605,#2851,#1376,.T.);
#3521=EDGE_CURVE('',#2849,#2851,#1377,.T.);
#3522=EDGE_CURVE('',#2849,#2852,#1378,.T.);
#3523=EDGE_CURVE('',#2852,#2853,#1379,.T.);
#3524=EDGE_CURVE('',#2851,#2853,#1380,.T.);
#3525=EDGE_CURVE('',#2848,#2854,#1381,.T.);
#3526=EDGE_CURVE('',#2854,#2852,#1382,.T.);
#3527=EDGE_CURVE('',#2556,#2855,#1383,.T.);
#3528=EDGE_CURVE('',#2855,#2856,#1384,.T.);
#3529=EDGE_CURVE('',#2856,#2555,#1385,.T.);
#3530=EDGE_CURVE('',#2558,#2857,#1386,.T.);
#3531=EDGE_CURVE('',#2857,#2855,#1387,.T.);
#3532=EDGE_CURVE('',#2858,#2857,#1388,.T.);
#3533=EDGE_CURVE('',#2557,#2858,#1389,.T.);
#3534=EDGE_CURVE('',#2856,#2858,#1390,.T.);
#3535=EDGE_CURVE('',#2856,#2859,#1391,.T.);
#3536=EDGE_CURVE('',#2859,#2860,#1392,.T.);
#3537=EDGE_CURVE('',#2858,#2860,#1393,.T.);
#3538=EDGE_CURVE('',#2855,#2861,#1394,.T.);
#3539=EDGE_CURVE('',#2861,#2859,#1395,.T.);
#3540=EDGE_CURVE('',#2600,#2862,#1396,.T.);
#3541=EDGE_CURVE('',#2862,#2863,#1397,.T.);
#3542=EDGE_CURVE('',#2863,#2599,#1398,.T.);
#3543=EDGE_CURVE('',#2602,#2864,#1399,.T.);
#3544=EDGE_CURVE('',#2864,#2862,#1400,.T.);
#3545=EDGE_CURVE('',#2865,#2864,#1401,.T.);
#3546=EDGE_CURVE('',#2601,#2865,#1402,.T.);
#3547=EDGE_CURVE('',#2863,#2865,#1403,.T.);
#3548=EDGE_CURVE('',#2863,#2866,#1404,.T.);
#3549=EDGE_CURVE('',#2866,#2867,#1405,.T.);
#3550=EDGE_CURVE('',#2865,#2867,#1406,.T.);
#3551=EDGE_CURVE('',#2862,#2868,#1407,.T.);
#3552=EDGE_CURVE('',#2868,#2866,#1408,.T.);
#3553=EDGE_CURVE('',#2560,#2869,#1409,.T.);
#3554=EDGE_CURVE('',#2869,#2870,#1410,.T.);
#3555=EDGE_CURVE('',#2870,#2559,#1411,.T.);
#3556=EDGE_CURVE('',#2562,#2871,#1412,.T.);
#3557=EDGE_CURVE('',#2871,#2869,#1413,.T.);
#3558=EDGE_CURVE('',#2872,#2871,#1414,.T.);
#3559=EDGE_CURVE('',#2561,#2872,#1415,.T.);
#3560=EDGE_CURVE('',#2870,#2872,#1416,.T.);
#3561=EDGE_CURVE('',#2870,#2873,#1417,.T.);
#3562=EDGE_CURVE('',#2873,#2874,#1418,.T.);
#3563=EDGE_CURVE('',#2872,#2874,#1419,.T.);
#3564=EDGE_CURVE('',#2869,#2875,#1420,.T.);
#3565=EDGE_CURVE('',#2875,#2873,#1421,.T.);
#3566=EDGE_CURVE('',#2596,#2876,#1422,.T.);
#3567=EDGE_CURVE('',#2876,#2877,#1423,.T.);
#3568=EDGE_CURVE('',#2877,#2595,#1424,.T.);
#3569=EDGE_CURVE('',#2598,#2878,#1425,.T.);
#3570=EDGE_CURVE('',#2878,#2876,#1426,.T.);
#3571=EDGE_CURVE('',#2879,#2878,#1427,.T.);
#3572=EDGE_CURVE('',#2597,#2879,#1428,.T.);
#3573=EDGE_CURVE('',#2877,#2879,#1429,.T.);
#3574=EDGE_CURVE('',#2877,#2880,#1430,.T.);
#3575=EDGE_CURVE('',#2880,#2881,#1431,.T.);
#3576=EDGE_CURVE('',#2879,#2881,#1432,.T.);
#3577=EDGE_CURVE('',#2876,#2882,#1433,.T.);
#3578=EDGE_CURVE('',#2882,#2880,#1434,.T.);
#3579=EDGE_CURVE('',#2564,#2883,#1435,.T.);
#3580=EDGE_CURVE('',#2883,#2884,#1436,.T.);
#3581=EDGE_CURVE('',#2884,#2563,#1437,.T.);
#3582=EDGE_CURVE('',#2566,#2885,#1438,.T.);
#3583=EDGE_CURVE('',#2885,#2883,#1439,.T.);
#3584=EDGE_CURVE('',#2886,#2885,#1440,.T.);
#3585=EDGE_CURVE('',#2565,#2886,#1441,.T.);
#3586=EDGE_CURVE('',#2884,#2886,#1442,.T.);
#3587=EDGE_CURVE('',#2884,#2887,#1443,.T.);
#3588=EDGE_CURVE('',#2887,#2888,#1444,.T.);
#3589=EDGE_CURVE('',#2886,#2888,#1445,.T.);
#3590=EDGE_CURVE('',#2883,#2889,#1446,.T.);
#3591=EDGE_CURVE('',#2889,#2887,#1447,.T.);
#3592=EDGE_CURVE('',#2592,#2890,#1448,.T.);
#3593=EDGE_CURVE('',#2890,#2891,#1449,.T.);
#3594=EDGE_CURVE('',#2891,#2591,#1450,.T.);
#3595=EDGE_CURVE('',#2594,#2892,#1451,.T.);
#3596=EDGE_CURVE('',#2892,#2890,#1452,.T.);
#3597=EDGE_CURVE('',#2893,#2892,#1453,.T.);
#3598=EDGE_CURVE('',#2593,#2893,#1454,.T.);
#3599=EDGE_CURVE('',#2891,#2893,#1455,.T.);
#3600=EDGE_CURVE('',#2891,#2894,#1456,.T.);
#3601=EDGE_CURVE('',#2894,#2895,#1457,.T.);
#3602=EDGE_CURVE('',#2893,#2895,#1458,.T.);
#3603=EDGE_CURVE('',#2890,#2896,#1459,.T.);
#3604=EDGE_CURVE('',#2896,#2894,#1460,.T.);
#3605=EDGE_CURVE('',#2568,#2897,#1461,.T.);
#3606=EDGE_CURVE('',#2897,#2898,#1462,.T.);
#3607=EDGE_CURVE('',#2898,#2567,#1463,.T.);
#3608=EDGE_CURVE('',#2570,#2899,#1464,.T.);
#3609=EDGE_CURVE('',#2899,#2897,#1465,.T.);
#3610=EDGE_CURVE('',#2900,#2899,#1466,.T.);
#3611=EDGE_CURVE('',#2569,#2900,#1467,.T.);
#3612=EDGE_CURVE('',#2898,#2900,#1468,.T.);
#3613=EDGE_CURVE('',#2898,#2901,#1469,.T.);
#3614=EDGE_CURVE('',#2901,#2902,#1470,.T.);
#3615=EDGE_CURVE('',#2900,#2902,#1471,.T.);
#3616=EDGE_CURVE('',#2897,#2903,#1472,.T.);
#3617=EDGE_CURVE('',#2903,#2901,#1473,.T.);
#3618=EDGE_CURVE('',#2588,#2904,#1474,.T.);
#3619=EDGE_CURVE('',#2904,#2905,#1475,.T.);
#3620=EDGE_CURVE('',#2905,#2587,#1476,.T.);
#3621=EDGE_CURVE('',#2590,#2906,#1477,.T.);
#3622=EDGE_CURVE('',#2906,#2904,#1478,.T.);
#3623=EDGE_CURVE('',#2907,#2906,#1479,.T.);
#3624=EDGE_CURVE('',#2589,#2907,#1480,.T.);
#3625=EDGE_CURVE('',#2905,#2907,#1481,.T.);
#3626=EDGE_CURVE('',#2905,#2908,#1482,.T.);
#3627=EDGE_CURVE('',#2908,#2909,#1483,.T.);
#3628=EDGE_CURVE('',#2907,#2909,#1484,.T.);
#3629=EDGE_CURVE('',#2904,#2910,#1485,.T.);
#3630=EDGE_CURVE('',#2910,#2908,#1486,.T.);
#3631=EDGE_CURVE('',#2572,#2911,#1487,.T.);
#3632=EDGE_CURVE('',#2911,#2912,#1488,.T.);
#3633=EDGE_CURVE('',#2912,#2571,#1489,.T.);
#3634=EDGE_CURVE('',#2574,#2913,#1490,.T.);
#3635=EDGE_CURVE('',#2913,#2911,#1491,.T.);
#3636=EDGE_CURVE('',#2914,#2913,#1492,.T.);
#3637=EDGE_CURVE('',#2573,#2914,#1493,.T.);
#3638=EDGE_CURVE('',#2912,#2914,#1494,.T.);
#3639=EDGE_CURVE('',#2912,#2915,#1495,.T.);
#3640=EDGE_CURVE('',#2915,#2916,#1496,.T.);
#3641=EDGE_CURVE('',#2914,#2916,#1497,.T.);
#3642=EDGE_CURVE('',#2911,#2917,#1498,.T.);
#3643=EDGE_CURVE('',#2917,#2915,#1499,.T.);
#3644=EDGE_CURVE('',#2584,#2918,#1500,.T.);
#3645=EDGE_CURVE('',#2918,#2919,#1501,.T.);
#3646=EDGE_CURVE('',#2919,#2583,#1502,.T.);
#3647=EDGE_CURVE('',#2586,#2920,#1503,.T.);
#3648=EDGE_CURVE('',#2920,#2918,#1504,.T.);
#3649=EDGE_CURVE('',#2921,#2920,#1505,.T.);
#3650=EDGE_CURVE('',#2585,#2921,#1506,.T.);
#3651=EDGE_CURVE('',#2919,#2921,#1507,.T.);
#3652=EDGE_CURVE('',#2919,#2922,#1508,.T.);
#3653=EDGE_CURVE('',#2922,#2923,#1509,.T.);
#3654=EDGE_CURVE('',#2921,#2923,#1510,.T.);
#3655=EDGE_CURVE('',#2918,#2924,#1511,.T.);
#3656=EDGE_CURVE('',#2924,#2922,#1512,.T.);
#3657=EDGE_CURVE('',#2576,#2925,#1513,.T.);
#3658=EDGE_CURVE('',#2925,#2926,#1514,.T.);
#3659=EDGE_CURVE('',#2926,#2575,#1515,.T.);
#3660=EDGE_CURVE('',#2578,#2927,#1516,.T.);
#3661=EDGE_CURVE('',#2927,#2925,#1517,.T.);
#3662=EDGE_CURVE('',#2928,#2927,#1518,.T.);
#3663=EDGE_CURVE('',#2577,#2928,#1519,.T.);
#3664=EDGE_CURVE('',#2926,#2928,#1520,.T.);
#3665=EDGE_CURVE('',#2926,#2929,#1521,.T.);
#3666=EDGE_CURVE('',#2929,#2930,#1522,.T.);
#3667=EDGE_CURVE('',#2928,#2930,#1523,.T.);
#3668=EDGE_CURVE('',#2925,#2931,#1524,.T.);
#3669=EDGE_CURVE('',#2931,#2929,#1525,.T.);
#3670=EDGE_CURVE('',#2661,#2932,#1526,.T.);
#3671=EDGE_CURVE('',#2932,#2665,#1527,.T.);
#3672=EDGE_CURVE('',#2664,#2932,#1528,.T.);
#3673=EDGE_CURVE('',#2668,#2933,#1529,.T.);
#3674=EDGE_CURVE('',#2933,#2672,#1530,.T.);
#3675=EDGE_CURVE('',#2671,#2933,#1531,.T.);
#3676=EDGE_CURVE('',#2675,#2934,#1532,.T.);
#3677=EDGE_CURVE('',#2934,#2679,#1533,.T.);
#3678=EDGE_CURVE('',#2678,#2934,#1534,.T.);
#3679=EDGE_CURVE('',#2682,#2935,#1535,.T.);
#3680=EDGE_CURVE('',#2935,#2686,#1536,.T.);
#3681=EDGE_CURVE('',#2685,#2935,#1537,.T.);
#3682=EDGE_CURVE('',#2689,#2936,#1538,.T.);
#3683=EDGE_CURVE('',#2936,#2693,#1539,.T.);
#3684=EDGE_CURVE('',#2692,#2936,#1540,.T.);
#3685=EDGE_CURVE('',#2696,#2937,#1541,.T.);
#3686=EDGE_CURVE('',#2937,#2700,#1542,.T.);
#3687=EDGE_CURVE('',#2699,#2937,#1543,.T.);
#3688=EDGE_CURVE('',#2703,#2938,#1544,.T.);
#3689=EDGE_CURVE('',#2938,#2707,#1545,.T.);
#3690=EDGE_CURVE('',#2706,#2938,#1546,.T.);
#3691=EDGE_CURVE('',#2710,#2939,#1547,.T.);
#3692=EDGE_CURVE('',#2939,#2714,#1548,.T.);
#3693=EDGE_CURVE('',#2713,#2939,#1549,.T.);
#3694=EDGE_CURVE('',#2717,#2940,#1550,.T.);
#3695=EDGE_CURVE('',#2940,#2721,#1551,.T.);
#3696=EDGE_CURVE('',#2720,#2940,#1552,.T.);
#3697=EDGE_CURVE('',#2724,#2941,#1553,.T.);
#3698=EDGE_CURVE('',#2941,#2728,#1554,.T.);
#3699=EDGE_CURVE('',#2727,#2941,#1555,.T.);
#3700=EDGE_CURVE('',#2731,#2942,#1556,.T.);
#3701=EDGE_CURVE('',#2942,#2735,#1557,.T.);
#3702=EDGE_CURVE('',#2734,#2942,#1558,.T.);
#3703=EDGE_CURVE('',#2738,#2943,#1559,.T.);
#3704=EDGE_CURVE('',#2943,#2742,#1560,.T.);
#3705=EDGE_CURVE('',#2741,#2943,#1561,.T.);
#3706=EDGE_CURVE('',#2745,#2944,#1562,.T.);
#3707=EDGE_CURVE('',#2944,#2749,#1563,.T.);
#3708=EDGE_CURVE('',#2748,#2944,#1564,.T.);
#3709=EDGE_CURVE('',#2752,#2945,#1565,.T.);
#3710=EDGE_CURVE('',#2945,#2756,#1566,.T.);
#3711=EDGE_CURVE('',#2755,#2945,#1567,.T.);
#3712=EDGE_CURVE('',#2759,#2946,#1568,.T.);
#3713=EDGE_CURVE('',#2946,#2763,#1569,.T.);
#3714=EDGE_CURVE('',#2762,#2946,#1570,.T.);
#3715=EDGE_CURVE('',#2766,#2947,#1571,.T.);
#3716=EDGE_CURVE('',#2947,#2770,#1572,.T.);
#3717=EDGE_CURVE('',#2769,#2947,#1573,.T.);
#3718=EDGE_CURVE('',#2773,#2948,#1574,.T.);
#3719=EDGE_CURVE('',#2948,#2777,#1575,.T.);
#3720=EDGE_CURVE('',#2776,#2948,#1576,.T.);
#3721=EDGE_CURVE('',#2780,#2949,#1577,.T.);
#3722=EDGE_CURVE('',#2949,#2784,#1578,.T.);
#3723=EDGE_CURVE('',#2783,#2949,#1579,.T.);
#3724=EDGE_CURVE('',#2787,#2950,#1580,.T.);
#3725=EDGE_CURVE('',#2950,#2791,#1581,.T.);
#3726=EDGE_CURVE('',#2790,#2950,#1582,.T.);
#3727=EDGE_CURVE('',#2794,#2951,#1583,.T.);
#3728=EDGE_CURVE('',#2951,#2798,#1584,.T.);
#3729=EDGE_CURVE('',#2797,#2951,#1585,.T.);
#3730=EDGE_CURVE('',#2801,#2952,#1586,.T.);
#3731=EDGE_CURVE('',#2952,#2805,#1587,.T.);
#3732=EDGE_CURVE('',#2804,#2952,#1588,.T.);
#3733=EDGE_CURVE('',#2808,#2953,#1589,.T.);
#3734=EDGE_CURVE('',#2953,#2812,#1590,.T.);
#3735=EDGE_CURVE('',#2811,#2953,#1591,.T.);
#3736=EDGE_CURVE('',#2815,#2954,#1592,.T.);
#3737=EDGE_CURVE('',#2954,#2819,#1593,.T.);
#3738=EDGE_CURVE('',#2818,#2954,#1594,.T.);
#3739=EDGE_CURVE('',#2822,#2955,#1595,.T.);
#3740=EDGE_CURVE('',#2955,#2826,#1596,.T.);
#3741=EDGE_CURVE('',#2825,#2955,#1597,.T.);
#3742=EDGE_CURVE('',#2829,#2956,#1598,.T.);
#3743=EDGE_CURVE('',#2956,#2833,#1599,.T.);
#3744=EDGE_CURVE('',#2832,#2956,#1600,.T.);
#3745=EDGE_CURVE('',#2836,#2957,#1601,.T.);
#3746=EDGE_CURVE('',#2957,#2840,#1602,.T.);
#3747=EDGE_CURVE('',#2839,#2957,#1603,.T.);
#3748=EDGE_CURVE('',#2843,#2958,#1604,.T.);
#3749=EDGE_CURVE('',#2958,#2847,#1605,.T.);
#3750=EDGE_CURVE('',#2846,#2958,#1606,.T.);
#3751=EDGE_CURVE('',#2850,#2959,#1607,.T.);
#3752=EDGE_CURVE('',#2959,#2854,#1608,.T.);
#3753=EDGE_CURVE('',#2853,#2959,#1609,.T.);
#3754=EDGE_CURVE('',#2857,#2960,#1610,.T.);
#3755=EDGE_CURVE('',#2960,#2861,#1611,.T.);
#3756=EDGE_CURVE('',#2860,#2960,#1612,.T.);
#3757=EDGE_CURVE('',#2864,#2961,#1613,.T.);
#3758=EDGE_CURVE('',#2961,#2868,#1614,.T.);
#3759=EDGE_CURVE('',#2867,#2961,#1615,.T.);
#3760=EDGE_CURVE('',#2871,#2962,#1616,.T.);
#3761=EDGE_CURVE('',#2962,#2875,#1617,.T.);
#3762=EDGE_CURVE('',#2874,#2962,#1618,.T.);
#3763=EDGE_CURVE('',#2878,#2963,#1619,.T.);
#3764=EDGE_CURVE('',#2963,#2882,#1620,.T.);
#3765=EDGE_CURVE('',#2881,#2963,#1621,.T.);
#3766=EDGE_CURVE('',#2885,#2964,#1622,.T.);
#3767=EDGE_CURVE('',#2964,#2889,#1623,.T.);
#3768=EDGE_CURVE('',#2888,#2964,#1624,.T.);
#3769=EDGE_CURVE('',#2892,#2965,#1625,.T.);
#3770=EDGE_CURVE('',#2965,#2896,#1626,.T.);
#3771=EDGE_CURVE('',#2895,#2965,#1627,.T.);
#3772=EDGE_CURVE('',#2899,#2966,#1628,.T.);
#3773=EDGE_CURVE('',#2966,#2903,#1629,.T.);
#3774=EDGE_CURVE('',#2902,#2966,#1630,.T.);
#3775=EDGE_CURVE('',#2906,#2967,#1631,.T.);
#3776=EDGE_CURVE('',#2967,#2910,#1632,.T.);
#3777=EDGE_CURVE('',#2909,#2967,#1633,.T.);
#3778=EDGE_CURVE('',#2913,#2968,#1634,.T.);
#3779=EDGE_CURVE('',#2968,#2917,#1635,.T.);
#3780=EDGE_CURVE('',#2916,#2968,#1636,.T.);
#3781=EDGE_CURVE('',#2920,#2969,#1637,.T.);
#3782=EDGE_CURVE('',#2969,#2924,#1638,.T.);
#3783=EDGE_CURVE('',#2923,#2969,#1639,.T.);
#3784=EDGE_CURVE('',#2927,#2970,#1640,.T.);
#3785=EDGE_CURVE('',#2970,#2931,#1641,.T.);
#3786=EDGE_CURVE('',#2930,#2970,#1642,.T.);
#3787=EDGE_CURVE('',#2580,#2971,#1643,.T.);
#3788=EDGE_CURVE('',#2971,#2972,#1644,.T.);
#3789=EDGE_CURVE('',#2972,#2579,#1645,.T.);
#3790=EDGE_CURVE('',#2582,#2973,#1646,.T.);
#3791=EDGE_CURVE('',#2973,#2971,#1647,.T.);
#3792=EDGE_CURVE('',#2974,#2973,#1648,.T.);
#3793=EDGE_CURVE('',#2581,#2974,#1649,.T.);
#3794=EDGE_CURVE('',#2972,#2974,#1650,.T.);
#3795=EDGE_CURVE('',#2972,#2975,#1651,.T.);
#3796=EDGE_CURVE('',#2975,#2976,#1652,.T.);
#3797=EDGE_CURVE('',#2974,#2976,#1653,.T.);
#3798=EDGE_CURVE('',#2971,#2977,#1654,.T.);
#3799=EDGE_CURVE('',#2977,#2975,#1655,.T.);
#3800=EDGE_CURVE('',#2973,#2978,#1656,.T.);
#3801=EDGE_CURVE('',#2978,#2977,#1657,.T.);
#3802=EDGE_CURVE('',#2976,#2978,#1658,.T.);
#3803=ORIENTED_EDGE('',*,*,#2979,.T.);
#3804=ORIENTED_EDGE('',*,*,#2980,.T.);
#3805=ORIENTED_EDGE('',*,*,#2981,.T.);
#3806=ORIENTED_EDGE('',*,*,#2982,.F.);
#3807=ORIENTED_EDGE('',*,*,#2981,.F.);
#3808=ORIENTED_EDGE('',*,*,#2983,.F.);
#3809=ORIENTED_EDGE('',*,*,#2984,.F.);
#3810=ORIENTED_EDGE('',*,*,#2985,.F.);
#3811=ORIENTED_EDGE('',*,*,#2986,.F.);
#3812=ORIENTED_EDGE('',*,*,#2987,.F.);
#3813=ORIENTED_EDGE('',*,*,#2988,.F.);
#3814=ORIENTED_EDGE('',*,*,#2989,.F.);
#3815=ORIENTED_EDGE('',*,*,#2986,.T.);
#3816=ORIENTED_EDGE('',*,*,#2990,.T.);
#3817=ORIENTED_EDGE('',*,*,#2991,.T.);
#3818=ORIENTED_EDGE('',*,*,#2992,.F.);
#3819=ORIENTED_EDGE('',*,*,#2979,.F.);
#3820=ORIENTED_EDGE('',*,*,#2993,.F.);
#3821=ORIENTED_EDGE('',*,*,#2994,.F.);
#3822=ORIENTED_EDGE('',*,*,#2995,.F.);
#3823=ORIENTED_EDGE('',*,*,#2991,.F.);
#3824=ORIENTED_EDGE('',*,*,#2996,.F.);
#3825=ORIENTED_EDGE('',*,*,#2997,.F.);
#3826=ORIENTED_EDGE('',*,*,#2998,.F.);
#3827=ORIENTED_EDGE('',*,*,#2988,.T.);
#3828=ORIENTED_EDGE('',*,*,#2999,.F.);
#3829=ORIENTED_EDGE('',*,*,#2994,.T.);
#3830=ORIENTED_EDGE('',*,*,#3000,.F.);
#3831=ORIENTED_EDGE('',*,*,#3001,.F.);
#3832=ORIENTED_EDGE('',*,*,#3002,.F.);
#3833=ORIENTED_EDGE('',*,*,#3003,.F.);
#3834=ORIENTED_EDGE('',*,*,#3004,.F.);
#3835=ORIENTED_EDGE('',*,*,#3005,.F.);
#3836=ORIENTED_EDGE('',*,*,#3006,.F.);
#3837=ORIENTED_EDGE('',*,*,#3007,.F.);
#3838=ORIENTED_EDGE('',*,*,#3008,.F.);
#3839=ORIENTED_EDGE('',*,*,#3009,.F.);
#3840=ORIENTED_EDGE('',*,*,#3010,.F.);
#3841=ORIENTED_EDGE('',*,*,#3011,.F.);
#3842=ORIENTED_EDGE('',*,*,#3012,.F.);
#3843=ORIENTED_EDGE('',*,*,#3013,.F.);
#3844=ORIENTED_EDGE('',*,*,#3014,.F.);
#3845=ORIENTED_EDGE('',*,*,#3015,.F.);
#3846=ORIENTED_EDGE('',*,*,#3016,.F.);
#3847=ORIENTED_EDGE('',*,*,#3017,.F.);
#3848=ORIENTED_EDGE('',*,*,#3018,.F.);
#3849=ORIENTED_EDGE('',*,*,#3019,.F.);
#3850=ORIENTED_EDGE('',*,*,#3020,.F.);
#3851=ORIENTED_EDGE('',*,*,#3021,.F.);
#3852=ORIENTED_EDGE('',*,*,#3022,.F.);
#3853=ORIENTED_EDGE('',*,*,#3023,.F.);
#3854=ORIENTED_EDGE('',*,*,#3024,.F.);
#3855=ORIENTED_EDGE('',*,*,#3025,.F.);
#3856=ORIENTED_EDGE('',*,*,#3026,.F.);
#3857=ORIENTED_EDGE('',*,*,#3027,.F.);
#3858=ORIENTED_EDGE('',*,*,#3028,.F.);
#3859=ORIENTED_EDGE('',*,*,#3029,.F.);
#3860=ORIENTED_EDGE('',*,*,#3030,.F.);
#3861=ORIENTED_EDGE('',*,*,#3031,.F.);
#3862=ORIENTED_EDGE('',*,*,#3032,.F.);
#3863=ORIENTED_EDGE('',*,*,#3033,.F.);
#3864=ORIENTED_EDGE('',*,*,#3034,.F.);
#3865=ORIENTED_EDGE('',*,*,#3035,.F.);
#3866=ORIENTED_EDGE('',*,*,#3036,.F.);
#3867=ORIENTED_EDGE('',*,*,#3037,.F.);
#3868=ORIENTED_EDGE('',*,*,#3038,.F.);
#3869=ORIENTED_EDGE('',*,*,#3039,.F.);
#3870=ORIENTED_EDGE('',*,*,#3040,.F.);
#3871=ORIENTED_EDGE('',*,*,#3041,.F.);
#3872=ORIENTED_EDGE('',*,*,#3042,.F.);
#3873=ORIENTED_EDGE('',*,*,#3043,.F.);
#3874=ORIENTED_EDGE('',*,*,#3044,.F.);
#3875=ORIENTED_EDGE('',*,*,#3045,.F.);
#3876=ORIENTED_EDGE('',*,*,#3046,.F.);
#3877=ORIENTED_EDGE('',*,*,#3047,.F.);
#3878=ORIENTED_EDGE('',*,*,#3048,.F.);
#3879=ORIENTED_EDGE('',*,*,#3049,.F.);
#3880=ORIENTED_EDGE('',*,*,#3050,.F.);
#3881=ORIENTED_EDGE('',*,*,#3051,.F.);
#3882=ORIENTED_EDGE('',*,*,#3052,.F.);
#3883=ORIENTED_EDGE('',*,*,#3053,.F.);
#3884=ORIENTED_EDGE('',*,*,#3054,.F.);
#3885=ORIENTED_EDGE('',*,*,#3055,.F.);
#3886=ORIENTED_EDGE('',*,*,#3056,.F.);
#3887=ORIENTED_EDGE('',*,*,#3057,.F.);
#3888=ORIENTED_EDGE('',*,*,#3058,.F.);
#3889=ORIENTED_EDGE('',*,*,#3059,.F.);
#3890=ORIENTED_EDGE('',*,*,#3060,.F.);
#3891=ORIENTED_EDGE('',*,*,#3061,.F.);
#3892=ORIENTED_EDGE('',*,*,#3062,.F.);
#3893=ORIENTED_EDGE('',*,*,#3063,.F.);
#3894=ORIENTED_EDGE('',*,*,#3064,.F.);
#3895=ORIENTED_EDGE('',*,*,#3065,.F.);
#3896=ORIENTED_EDGE('',*,*,#3066,.F.);
#3897=ORIENTED_EDGE('',*,*,#3067,.F.);
#3898=ORIENTED_EDGE('',*,*,#3068,.F.);
#3899=ORIENTED_EDGE('',*,*,#3069,.F.);
#3900=ORIENTED_EDGE('',*,*,#3070,.F.);
#3901=ORIENTED_EDGE('',*,*,#3071,.F.);
#3902=ORIENTED_EDGE('',*,*,#3072,.F.);
#3903=ORIENTED_EDGE('',*,*,#3073,.F.);
#3904=ORIENTED_EDGE('',*,*,#3074,.F.);
#3905=ORIENTED_EDGE('',*,*,#3075,.F.);
#3906=ORIENTED_EDGE('',*,*,#3076,.F.);
#3907=ORIENTED_EDGE('',*,*,#3077,.F.);
#3908=ORIENTED_EDGE('',*,*,#3078,.F.);
#3909=ORIENTED_EDGE('',*,*,#3079,.F.);
#3910=ORIENTED_EDGE('',*,*,#3080,.F.);
#3911=ORIENTED_EDGE('',*,*,#3081,.F.);
#3912=ORIENTED_EDGE('',*,*,#3082,.F.);
#3913=ORIENTED_EDGE('',*,*,#3083,.F.);
#3914=ORIENTED_EDGE('',*,*,#3084,.F.);
#3915=ORIENTED_EDGE('',*,*,#3085,.F.);
#3916=ORIENTED_EDGE('',*,*,#3086,.F.);
#3917=ORIENTED_EDGE('',*,*,#3087,.F.);
#3918=ORIENTED_EDGE('',*,*,#3088,.F.);
#3919=ORIENTED_EDGE('',*,*,#3089,.F.);
#3920=ORIENTED_EDGE('',*,*,#3090,.F.);
#3921=ORIENTED_EDGE('',*,*,#3091,.F.);
#3922=ORIENTED_EDGE('',*,*,#3092,.F.);
#3923=ORIENTED_EDGE('',*,*,#3093,.F.);
#3924=ORIENTED_EDGE('',*,*,#3094,.F.);
#3925=ORIENTED_EDGE('',*,*,#3095,.F.);
#3926=ORIENTED_EDGE('',*,*,#3096,.F.);
#3927=ORIENTED_EDGE('',*,*,#3097,.F.);
#3928=ORIENTED_EDGE('',*,*,#3098,.F.);
#3929=ORIENTED_EDGE('',*,*,#3099,.F.);
#3930=ORIENTED_EDGE('',*,*,#3100,.F.);
#3931=ORIENTED_EDGE('',*,*,#3101,.F.);
#3932=ORIENTED_EDGE('',*,*,#3102,.F.);
#3933=ORIENTED_EDGE('',*,*,#3103,.F.);
#3934=ORIENTED_EDGE('',*,*,#3104,.F.);
#3935=ORIENTED_EDGE('',*,*,#3105,.F.);
#3936=ORIENTED_EDGE('',*,*,#3106,.F.);
#3937=ORIENTED_EDGE('',*,*,#3107,.F.);
#3938=ORIENTED_EDGE('',*,*,#3108,.F.);
#3939=ORIENTED_EDGE('',*,*,#3109,.F.);
#3940=ORIENTED_EDGE('',*,*,#3110,.F.);
#3941=ORIENTED_EDGE('',*,*,#3111,.F.);
#3942=ORIENTED_EDGE('',*,*,#3112,.F.);
#3943=ORIENTED_EDGE('',*,*,#3113,.F.);
#3944=ORIENTED_EDGE('',*,*,#3114,.F.);
#3945=ORIENTED_EDGE('',*,*,#3115,.F.);
#3946=ORIENTED_EDGE('',*,*,#3116,.F.);
#3947=ORIENTED_EDGE('',*,*,#3117,.F.);
#3948=ORIENTED_EDGE('',*,*,#3118,.F.);
#3949=ORIENTED_EDGE('',*,*,#3119,.F.);
#3950=ORIENTED_EDGE('',*,*,#3120,.F.);
#3951=ORIENTED_EDGE('',*,*,#3121,.F.);
#3952=ORIENTED_EDGE('',*,*,#3122,.F.);
#3953=ORIENTED_EDGE('',*,*,#3123,.F.);
#3954=ORIENTED_EDGE('',*,*,#3124,.F.);
#3955=ORIENTED_EDGE('',*,*,#3125,.F.);
#3956=ORIENTED_EDGE('',*,*,#3126,.F.);
#3957=ORIENTED_EDGE('',*,*,#3127,.F.);
#3958=ORIENTED_EDGE('',*,*,#3128,.F.);
#3959=ORIENTED_EDGE('',*,*,#3129,.F.);
#3960=ORIENTED_EDGE('',*,*,#3130,.F.);
#3961=ORIENTED_EDGE('',*,*,#3131,.F.);
#3962=ORIENTED_EDGE('',*,*,#3132,.F.);
#3963=ORIENTED_EDGE('',*,*,#3133,.F.);
#3964=ORIENTED_EDGE('',*,*,#3134,.F.);
#3965=ORIENTED_EDGE('',*,*,#3135,.F.);
#3966=ORIENTED_EDGE('',*,*,#3136,.F.);
#3967=ORIENTED_EDGE('',*,*,#3137,.F.);
#3968=ORIENTED_EDGE('',*,*,#3138,.F.);
#3969=ORIENTED_EDGE('',*,*,#3139,.F.);
#3970=ORIENTED_EDGE('',*,*,#3140,.F.);
#3971=ORIENTED_EDGE('',*,*,#3141,.F.);
#3972=ORIENTED_EDGE('',*,*,#3142,.F.);
#3973=ORIENTED_EDGE('',*,*,#3143,.F.);
#3974=ORIENTED_EDGE('',*,*,#3144,.F.);
#3975=ORIENTED_EDGE('',*,*,#3145,.F.);
#3976=ORIENTED_EDGE('',*,*,#3146,.F.);
#3977=ORIENTED_EDGE('',*,*,#3147,.F.);
#3978=ORIENTED_EDGE('',*,*,#3148,.F.);
#3979=ORIENTED_EDGE('',*,*,#3149,.F.);
#3980=ORIENTED_EDGE('',*,*,#3150,.F.);
#3981=ORIENTED_EDGE('',*,*,#3151,.F.);
#3982=ORIENTED_EDGE('',*,*,#3152,.F.);
#3983=ORIENTED_EDGE('',*,*,#3153,.F.);
#3984=ORIENTED_EDGE('',*,*,#3154,.F.);
#3985=ORIENTED_EDGE('',*,*,#3155,.F.);
#3986=ORIENTED_EDGE('',*,*,#3156,.F.);
#3987=ORIENTED_EDGE('',*,*,#3157,.F.);
#3988=ORIENTED_EDGE('',*,*,#3158,.F.);
#3989=ORIENTED_EDGE('',*,*,#3159,.F.);
#3990=ORIENTED_EDGE('',*,*,#3160,.F.);
#3991=ORIENTED_EDGE('',*,*,#2980,.F.);
#3992=ORIENTED_EDGE('',*,*,#2998,.T.);
#3993=ORIENTED_EDGE('',*,*,#3161,.F.);
#3994=ORIENTED_EDGE('',*,*,#2983,.T.);
#3995=ORIENTED_EDGE('',*,*,#2989,.T.);
#3996=ORIENTED_EDGE('',*,*,#3000,.T.);
#3997=ORIENTED_EDGE('',*,*,#2993,.T.);
#3998=ORIENTED_EDGE('',*,*,#2982,.T.);
#3999=ORIENTED_EDGE('',*,*,#2990,.F.);
#4000=ORIENTED_EDGE('',*,*,#2985,.T.);
#4001=ORIENTED_EDGE('',*,*,#3162,.T.);
#4002=ORIENTED_EDGE('',*,*,#2996,.T.);
#4003=ORIENTED_EDGE('',*,*,#2987,.T.);
#4004=ORIENTED_EDGE('',*,*,#2992,.T.);
#4005=ORIENTED_EDGE('',*,*,#2995,.T.);
#4006=ORIENTED_EDGE('',*,*,#2999,.T.);
#4007=ORIENTED_EDGE('',*,*,#3001,.T.);
#4008=ORIENTED_EDGE('',*,*,#3163,.T.);
#4009=ORIENTED_EDGE('',*,*,#3164,.T.);
#4010=ORIENTED_EDGE('',*,*,#3165,.T.);
#4011=ORIENTED_EDGE('',*,*,#3004,.T.);
#4012=ORIENTED_EDGE('',*,*,#3166,.T.);
#4013=ORIENTED_EDGE('',*,*,#3167,.T.);
#4014=ORIENTED_EDGE('',*,*,#3163,.F.);
#4015=ORIENTED_EDGE('',*,*,#3168,.T.);
#4016=ORIENTED_EDGE('',*,*,#3166,.F.);
#4017=ORIENTED_EDGE('',*,*,#3003,.T.);
#4018=ORIENTED_EDGE('',*,*,#3169,.T.);
#4019=ORIENTED_EDGE('',*,*,#3002,.T.);
#4020=ORIENTED_EDGE('',*,*,#3165,.F.);
#4021=ORIENTED_EDGE('',*,*,#3170,.T.);
#4022=ORIENTED_EDGE('',*,*,#3169,.F.);
#4023=ORIENTED_EDGE('',*,*,#3170,.F.);
#4024=ORIENTED_EDGE('',*,*,#3171,.T.);
#4025=ORIENTED_EDGE('',*,*,#3172,.T.);
#4026=ORIENTED_EDGE('',*,*,#3173,.F.);
#4027=ORIENTED_EDGE('',*,*,#3164,.F.);
#4028=ORIENTED_EDGE('',*,*,#3174,.T.);
#4029=ORIENTED_EDGE('',*,*,#3175,.T.);
#4030=ORIENTED_EDGE('',*,*,#3171,.F.);
#4031=ORIENTED_EDGE('',*,*,#3157,.T.);
#4032=ORIENTED_EDGE('',*,*,#3176,.T.);
#4033=ORIENTED_EDGE('',*,*,#3177,.T.);
#4034=ORIENTED_EDGE('',*,*,#3178,.T.);
#4035=ORIENTED_EDGE('',*,*,#3160,.T.);
#4036=ORIENTED_EDGE('',*,*,#3179,.T.);
#4037=ORIENTED_EDGE('',*,*,#3180,.T.);
#4038=ORIENTED_EDGE('',*,*,#3176,.F.);
#4039=ORIENTED_EDGE('',*,*,#3181,.T.);
#4040=ORIENTED_EDGE('',*,*,#3179,.F.);
#4041=ORIENTED_EDGE('',*,*,#3159,.T.);
#4042=ORIENTED_EDGE('',*,*,#3182,.T.);
#4043=ORIENTED_EDGE('',*,*,#3158,.T.);
#4044=ORIENTED_EDGE('',*,*,#3178,.F.);
#4045=ORIENTED_EDGE('',*,*,#3183,.T.);
#4046=ORIENTED_EDGE('',*,*,#3182,.F.);
#4047=ORIENTED_EDGE('',*,*,#3183,.F.);
#4048=ORIENTED_EDGE('',*,*,#3184,.T.);
#4049=ORIENTED_EDGE('',*,*,#3185,.T.);
#4050=ORIENTED_EDGE('',*,*,#3186,.F.);
#4051=ORIENTED_EDGE('',*,*,#3177,.F.);
#4052=ORIENTED_EDGE('',*,*,#3187,.T.);
#4053=ORIENTED_EDGE('',*,*,#3188,.T.);
#4054=ORIENTED_EDGE('',*,*,#3184,.F.);
#4055=ORIENTED_EDGE('',*,*,#3005,.T.);
#4056=ORIENTED_EDGE('',*,*,#3189,.T.);
#4057=ORIENTED_EDGE('',*,*,#3190,.T.);
#4058=ORIENTED_EDGE('',*,*,#3191,.T.);
#4059=ORIENTED_EDGE('',*,*,#3008,.T.);
#4060=ORIENTED_EDGE('',*,*,#3192,.T.);
#4061=ORIENTED_EDGE('',*,*,#3193,.T.);
#4062=ORIENTED_EDGE('',*,*,#3189,.F.);
#4063=ORIENTED_EDGE('',*,*,#3194,.T.);
#4064=ORIENTED_EDGE('',*,*,#3192,.F.);
#4065=ORIENTED_EDGE('',*,*,#3007,.T.);
#4066=ORIENTED_EDGE('',*,*,#3195,.T.);
#4067=ORIENTED_EDGE('',*,*,#3006,.T.);
#4068=ORIENTED_EDGE('',*,*,#3191,.F.);
#4069=ORIENTED_EDGE('',*,*,#3196,.T.);
#4070=ORIENTED_EDGE('',*,*,#3195,.F.);
#4071=ORIENTED_EDGE('',*,*,#3196,.F.);
#4072=ORIENTED_EDGE('',*,*,#3197,.T.);
#4073=ORIENTED_EDGE('',*,*,#3198,.T.);
#4074=ORIENTED_EDGE('',*,*,#3199,.F.);
#4075=ORIENTED_EDGE('',*,*,#3190,.F.);
#4076=ORIENTED_EDGE('',*,*,#3200,.T.);
#4077=ORIENTED_EDGE('',*,*,#3201,.T.);
#4078=ORIENTED_EDGE('',*,*,#3197,.F.);
#4079=ORIENTED_EDGE('',*,*,#3153,.T.);
#4080=ORIENTED_EDGE('',*,*,#3202,.T.);
#4081=ORIENTED_EDGE('',*,*,#3203,.T.);
#4082=ORIENTED_EDGE('',*,*,#3204,.T.);
#4083=ORIENTED_EDGE('',*,*,#3156,.T.);
#4084=ORIENTED_EDGE('',*,*,#3205,.T.);
#4085=ORIENTED_EDGE('',*,*,#3206,.T.);
#4086=ORIENTED_EDGE('',*,*,#3202,.F.);
#4087=ORIENTED_EDGE('',*,*,#3207,.T.);
#4088=ORIENTED_EDGE('',*,*,#3205,.F.);
#4089=ORIENTED_EDGE('',*,*,#3155,.T.);
#4090=ORIENTED_EDGE('',*,*,#3208,.T.);
#4091=ORIENTED_EDGE('',*,*,#3154,.T.);
#4092=ORIENTED_EDGE('',*,*,#3204,.F.);
#4093=ORIENTED_EDGE('',*,*,#3209,.T.);
#4094=ORIENTED_EDGE('',*,*,#3208,.F.);
#4095=ORIENTED_EDGE('',*,*,#3209,.F.);
#4096=ORIENTED_EDGE('',*,*,#3210,.T.);
#4097=ORIENTED_EDGE('',*,*,#3211,.T.);
#4098=ORIENTED_EDGE('',*,*,#3212,.F.);
#4099=ORIENTED_EDGE('',*,*,#3203,.F.);
#4100=ORIENTED_EDGE('',*,*,#3213,.T.);
#4101=ORIENTED_EDGE('',*,*,#3214,.T.);
#4102=ORIENTED_EDGE('',*,*,#3210,.F.);
#4103=ORIENTED_EDGE('',*,*,#3009,.T.);
#4104=ORIENTED_EDGE('',*,*,#3215,.T.);
#4105=ORIENTED_EDGE('',*,*,#3216,.T.);
#4106=ORIENTED_EDGE('',*,*,#3217,.T.);
#4107=ORIENTED_EDGE('',*,*,#3012,.T.);
#4108=ORIENTED_EDGE('',*,*,#3218,.T.);
#4109=ORIENTED_EDGE('',*,*,#3219,.T.);
#4110=ORIENTED_EDGE('',*,*,#3215,.F.);
#4111=ORIENTED_EDGE('',*,*,#3220,.T.);
#4112=ORIENTED_EDGE('',*,*,#3218,.F.);
#4113=ORIENTED_EDGE('',*,*,#3011,.T.);
#4114=ORIENTED_EDGE('',*,*,#3221,.T.);
#4115=ORIENTED_EDGE('',*,*,#3010,.T.);
#4116=ORIENTED_EDGE('',*,*,#3217,.F.);
#4117=ORIENTED_EDGE('',*,*,#3222,.T.);
#4118=ORIENTED_EDGE('',*,*,#3221,.F.);
#4119=ORIENTED_EDGE('',*,*,#3222,.F.);
#4120=ORIENTED_EDGE('',*,*,#3223,.T.);
#4121=ORIENTED_EDGE('',*,*,#3224,.T.);
#4122=ORIENTED_EDGE('',*,*,#3225,.F.);
#4123=ORIENTED_EDGE('',*,*,#3216,.F.);
#4124=ORIENTED_EDGE('',*,*,#3226,.T.);
#4125=ORIENTED_EDGE('',*,*,#3227,.T.);
#4126=ORIENTED_EDGE('',*,*,#3223,.F.);
#4127=ORIENTED_EDGE('',*,*,#3149,.T.);
#4128=ORIENTED_EDGE('',*,*,#3228,.T.);
#4129=ORIENTED_EDGE('',*,*,#3229,.T.);
#4130=ORIENTED_EDGE('',*,*,#3230,.T.);
#4131=ORIENTED_EDGE('',*,*,#3152,.T.);
#4132=ORIENTED_EDGE('',*,*,#3231,.T.);
#4133=ORIENTED_EDGE('',*,*,#3232,.T.);
#4134=ORIENTED_EDGE('',*,*,#3228,.F.);
#4135=ORIENTED_EDGE('',*,*,#3233,.T.);
#4136=ORIENTED_EDGE('',*,*,#3231,.F.);
#4137=ORIENTED_EDGE('',*,*,#3151,.T.);
#4138=ORIENTED_EDGE('',*,*,#3234,.T.);
#4139=ORIENTED_EDGE('',*,*,#3150,.T.);
#4140=ORIENTED_EDGE('',*,*,#3230,.F.);
#4141=ORIENTED_EDGE('',*,*,#3235,.T.);
#4142=ORIENTED_EDGE('',*,*,#3234,.F.);
#4143=ORIENTED_EDGE('',*,*,#3235,.F.);
#4144=ORIENTED_EDGE('',*,*,#3236,.T.);
#4145=ORIENTED_EDGE('',*,*,#3237,.T.);
#4146=ORIENTED_EDGE('',*,*,#3238,.F.);
#4147=ORIENTED_EDGE('',*,*,#3229,.F.);
#4148=ORIENTED_EDGE('',*,*,#3239,.T.);
#4149=ORIENTED_EDGE('',*,*,#3240,.T.);
#4150=ORIENTED_EDGE('',*,*,#3236,.F.);
#4151=ORIENTED_EDGE('',*,*,#3013,.T.);
#4152=ORIENTED_EDGE('',*,*,#3241,.T.);
#4153=ORIENTED_EDGE('',*,*,#3242,.T.);
#4154=ORIENTED_EDGE('',*,*,#3243,.T.);
#4155=ORIENTED_EDGE('',*,*,#3016,.T.);
#4156=ORIENTED_EDGE('',*,*,#3244,.T.);
#4157=ORIENTED_EDGE('',*,*,#3245,.T.);
#4158=ORIENTED_EDGE('',*,*,#3241,.F.);
#4159=ORIENTED_EDGE('',*,*,#3246,.T.);
#4160=ORIENTED_EDGE('',*,*,#3244,.F.);
#4161=ORIENTED_EDGE('',*,*,#3015,.T.);
#4162=ORIENTED_EDGE('',*,*,#3247,.T.);
#4163=ORIENTED_EDGE('',*,*,#3014,.T.);
#4164=ORIENTED_EDGE('',*,*,#3243,.F.);
#4165=ORIENTED_EDGE('',*,*,#3248,.T.);
#4166=ORIENTED_EDGE('',*,*,#3247,.F.);
#4167=ORIENTED_EDGE('',*,*,#3248,.F.);
#4168=ORIENTED_EDGE('',*,*,#3249,.T.);
#4169=ORIENTED_EDGE('',*,*,#3250,.T.);
#4170=ORIENTED_EDGE('',*,*,#3251,.F.);
#4171=ORIENTED_EDGE('',*,*,#3242,.F.);
#4172=ORIENTED_EDGE('',*,*,#3252,.T.);
#4173=ORIENTED_EDGE('',*,*,#3253,.T.);
#4174=ORIENTED_EDGE('',*,*,#3249,.F.);
#4175=ORIENTED_EDGE('',*,*,#3145,.T.);
#4176=ORIENTED_EDGE('',*,*,#3254,.T.);
#4177=ORIENTED_EDGE('',*,*,#3255,.T.);
#4178=ORIENTED_EDGE('',*,*,#3256,.T.);
#4179=ORIENTED_EDGE('',*,*,#3148,.T.);
#4180=ORIENTED_EDGE('',*,*,#3257,.T.);
#4181=ORIENTED_EDGE('',*,*,#3258,.T.);
#4182=ORIENTED_EDGE('',*,*,#3254,.F.);
#4183=ORIENTED_EDGE('',*,*,#3259,.T.);
#4184=ORIENTED_EDGE('',*,*,#3257,.F.);
#4185=ORIENTED_EDGE('',*,*,#3147,.T.);
#4186=ORIENTED_EDGE('',*,*,#3260,.T.);
#4187=ORIENTED_EDGE('',*,*,#3146,.T.);
#4188=ORIENTED_EDGE('',*,*,#3256,.F.);
#4189=ORIENTED_EDGE('',*,*,#3261,.T.);
#4190=ORIENTED_EDGE('',*,*,#3260,.F.);
#4191=ORIENTED_EDGE('',*,*,#3261,.F.);
#4192=ORIENTED_EDGE('',*,*,#3262,.T.);
#4193=ORIENTED_EDGE('',*,*,#3263,.T.);
#4194=ORIENTED_EDGE('',*,*,#3264,.F.);
#4195=ORIENTED_EDGE('',*,*,#3255,.F.);
#4196=ORIENTED_EDGE('',*,*,#3265,.T.);
#4197=ORIENTED_EDGE('',*,*,#3266,.T.);
#4198=ORIENTED_EDGE('',*,*,#3262,.F.);
#4199=ORIENTED_EDGE('',*,*,#3017,.T.);
#4200=ORIENTED_EDGE('',*,*,#3267,.T.);
#4201=ORIENTED_EDGE('',*,*,#3268,.T.);
#4202=ORIENTED_EDGE('',*,*,#3269,.T.);
#4203=ORIENTED_EDGE('',*,*,#3020,.T.);
#4204=ORIENTED_EDGE('',*,*,#3270,.T.);
#4205=ORIENTED_EDGE('',*,*,#3271,.T.);
#4206=ORIENTED_EDGE('',*,*,#3267,.F.);
#4207=ORIENTED_EDGE('',*,*,#3272,.T.);
#4208=ORIENTED_EDGE('',*,*,#3270,.F.);
#4209=ORIENTED_EDGE('',*,*,#3019,.T.);
#4210=ORIENTED_EDGE('',*,*,#3273,.T.);
#4211=ORIENTED_EDGE('',*,*,#3018,.T.);
#4212=ORIENTED_EDGE('',*,*,#3269,.F.);
#4213=ORIENTED_EDGE('',*,*,#3274,.T.);
#4214=ORIENTED_EDGE('',*,*,#3273,.F.);
#4215=ORIENTED_EDGE('',*,*,#3274,.F.);
#4216=ORIENTED_EDGE('',*,*,#3275,.T.);
#4217=ORIENTED_EDGE('',*,*,#3276,.T.);
#4218=ORIENTED_EDGE('',*,*,#3277,.F.);
#4219=ORIENTED_EDGE('',*,*,#3268,.F.);
#4220=ORIENTED_EDGE('',*,*,#3278,.T.);
#4221=ORIENTED_EDGE('',*,*,#3279,.T.);
#4222=ORIENTED_EDGE('',*,*,#3275,.F.);
#4223=ORIENTED_EDGE('',*,*,#3141,.T.);
#4224=ORIENTED_EDGE('',*,*,#3280,.T.);
#4225=ORIENTED_EDGE('',*,*,#3281,.T.);
#4226=ORIENTED_EDGE('',*,*,#3282,.T.);
#4227=ORIENTED_EDGE('',*,*,#3144,.T.);
#4228=ORIENTED_EDGE('',*,*,#3283,.T.);
#4229=ORIENTED_EDGE('',*,*,#3284,.T.);
#4230=ORIENTED_EDGE('',*,*,#3280,.F.);
#4231=ORIENTED_EDGE('',*,*,#3285,.T.);
#4232=ORIENTED_EDGE('',*,*,#3283,.F.);
#4233=ORIENTED_EDGE('',*,*,#3143,.T.);
#4234=ORIENTED_EDGE('',*,*,#3286,.T.);
#4235=ORIENTED_EDGE('',*,*,#3142,.T.);
#4236=ORIENTED_EDGE('',*,*,#3282,.F.);
#4237=ORIENTED_EDGE('',*,*,#3287,.T.);
#4238=ORIENTED_EDGE('',*,*,#3286,.F.);
#4239=ORIENTED_EDGE('',*,*,#3287,.F.);
#4240=ORIENTED_EDGE('',*,*,#3288,.T.);
#4241=ORIENTED_EDGE('',*,*,#3289,.T.);
#4242=ORIENTED_EDGE('',*,*,#3290,.F.);
#4243=ORIENTED_EDGE('',*,*,#3281,.F.);
#4244=ORIENTED_EDGE('',*,*,#3291,.T.);
#4245=ORIENTED_EDGE('',*,*,#3292,.T.);
#4246=ORIENTED_EDGE('',*,*,#3288,.F.);
#4247=ORIENTED_EDGE('',*,*,#3021,.T.);
#4248=ORIENTED_EDGE('',*,*,#3293,.T.);
#4249=ORIENTED_EDGE('',*,*,#3294,.T.);
#4250=ORIENTED_EDGE('',*,*,#3295,.T.);
#4251=ORIENTED_EDGE('',*,*,#3024,.T.);
#4252=ORIENTED_EDGE('',*,*,#3296,.T.);
#4253=ORIENTED_EDGE('',*,*,#3297,.T.);
#4254=ORIENTED_EDGE('',*,*,#3293,.F.);
#4255=ORIENTED_EDGE('',*,*,#3298,.T.);
#4256=ORIENTED_EDGE('',*,*,#3296,.F.);
#4257=ORIENTED_EDGE('',*,*,#3023,.T.);
#4258=ORIENTED_EDGE('',*,*,#3299,.T.);
#4259=ORIENTED_EDGE('',*,*,#3022,.T.);
#4260=ORIENTED_EDGE('',*,*,#3295,.F.);
#4261=ORIENTED_EDGE('',*,*,#3300,.T.);
#4262=ORIENTED_EDGE('',*,*,#3299,.F.);
#4263=ORIENTED_EDGE('',*,*,#3300,.F.);
#4264=ORIENTED_EDGE('',*,*,#3301,.T.);
#4265=ORIENTED_EDGE('',*,*,#3302,.T.);
#4266=ORIENTED_EDGE('',*,*,#3303,.F.);
#4267=ORIENTED_EDGE('',*,*,#3294,.F.);
#4268=ORIENTED_EDGE('',*,*,#3304,.T.);
#4269=ORIENTED_EDGE('',*,*,#3305,.T.);
#4270=ORIENTED_EDGE('',*,*,#3301,.F.);
#4271=ORIENTED_EDGE('',*,*,#3137,.T.);
#4272=ORIENTED_EDGE('',*,*,#3306,.T.);
#4273=ORIENTED_EDGE('',*,*,#3307,.T.);
#4274=ORIENTED_EDGE('',*,*,#3308,.T.);
#4275=ORIENTED_EDGE('',*,*,#3140,.T.);
#4276=ORIENTED_EDGE('',*,*,#3309,.T.);
#4277=ORIENTED_EDGE('',*,*,#3310,.T.);
#4278=ORIENTED_EDGE('',*,*,#3306,.F.);
#4279=ORIENTED_EDGE('',*,*,#3311,.T.);
#4280=ORIENTED_EDGE('',*,*,#3309,.F.);
#4281=ORIENTED_EDGE('',*,*,#3139,.T.);
#4282=ORIENTED_EDGE('',*,*,#3312,.T.);
#4283=ORIENTED_EDGE('',*,*,#3138,.T.);
#4284=ORIENTED_EDGE('',*,*,#3308,.F.);
#4285=ORIENTED_EDGE('',*,*,#3313,.T.);
#4286=ORIENTED_EDGE('',*,*,#3312,.F.);
#4287=ORIENTED_EDGE('',*,*,#3313,.F.);
#4288=ORIENTED_EDGE('',*,*,#3314,.T.);
#4289=ORIENTED_EDGE('',*,*,#3315,.T.);
#4290=ORIENTED_EDGE('',*,*,#3316,.F.);
#4291=ORIENTED_EDGE('',*,*,#3307,.F.);
#4292=ORIENTED_EDGE('',*,*,#3317,.T.);
#4293=ORIENTED_EDGE('',*,*,#3318,.T.);
#4294=ORIENTED_EDGE('',*,*,#3314,.F.);
#4295=ORIENTED_EDGE('',*,*,#3025,.T.);
#4296=ORIENTED_EDGE('',*,*,#3319,.T.);
#4297=ORIENTED_EDGE('',*,*,#3320,.T.);
#4298=ORIENTED_EDGE('',*,*,#3321,.T.);
#4299=ORIENTED_EDGE('',*,*,#3028,.T.);
#4300=ORIENTED_EDGE('',*,*,#3322,.T.);
#4301=ORIENTED_EDGE('',*,*,#3323,.T.);
#4302=ORIENTED_EDGE('',*,*,#3319,.F.);
#4303=ORIENTED_EDGE('',*,*,#3324,.T.);
#4304=ORIENTED_EDGE('',*,*,#3322,.F.);
#4305=ORIENTED_EDGE('',*,*,#3027,.T.);
#4306=ORIENTED_EDGE('',*,*,#3325,.T.);
#4307=ORIENTED_EDGE('',*,*,#3026,.T.);
#4308=ORIENTED_EDGE('',*,*,#3321,.F.);
#4309=ORIENTED_EDGE('',*,*,#3326,.T.);
#4310=ORIENTED_EDGE('',*,*,#3325,.F.);
#4311=ORIENTED_EDGE('',*,*,#3326,.F.);
#4312=ORIENTED_EDGE('',*,*,#3327,.T.);
#4313=ORIENTED_EDGE('',*,*,#3328,.T.);
#4314=ORIENTED_EDGE('',*,*,#3329,.F.);
#4315=ORIENTED_EDGE('',*,*,#3320,.F.);
#4316=ORIENTED_EDGE('',*,*,#3330,.T.);
#4317=ORIENTED_EDGE('',*,*,#3331,.T.);
#4318=ORIENTED_EDGE('',*,*,#3327,.F.);
#4319=ORIENTED_EDGE('',*,*,#3133,.T.);
#4320=ORIENTED_EDGE('',*,*,#3332,.T.);
#4321=ORIENTED_EDGE('',*,*,#3333,.T.);
#4322=ORIENTED_EDGE('',*,*,#3334,.T.);
#4323=ORIENTED_EDGE('',*,*,#3136,.T.);
#4324=ORIENTED_EDGE('',*,*,#3335,.T.);
#4325=ORIENTED_EDGE('',*,*,#3336,.T.);
#4326=ORIENTED_EDGE('',*,*,#3332,.F.);
#4327=ORIENTED_EDGE('',*,*,#3337,.T.);
#4328=ORIENTED_EDGE('',*,*,#3335,.F.);
#4329=ORIENTED_EDGE('',*,*,#3135,.T.);
#4330=ORIENTED_EDGE('',*,*,#3338,.T.);
#4331=ORIENTED_EDGE('',*,*,#3134,.T.);
#4332=ORIENTED_EDGE('',*,*,#3334,.F.);
#4333=ORIENTED_EDGE('',*,*,#3339,.T.);
#4334=ORIENTED_EDGE('',*,*,#3338,.F.);
#4335=ORIENTED_EDGE('',*,*,#3339,.F.);
#4336=ORIENTED_EDGE('',*,*,#3340,.T.);
#4337=ORIENTED_EDGE('',*,*,#3341,.T.);
#4338=ORIENTED_EDGE('',*,*,#3342,.F.);
#4339=ORIENTED_EDGE('',*,*,#3333,.F.);
#4340=ORIENTED_EDGE('',*,*,#3343,.T.);
#4341=ORIENTED_EDGE('',*,*,#3344,.T.);
#4342=ORIENTED_EDGE('',*,*,#3340,.F.);
#4343=ORIENTED_EDGE('',*,*,#3029,.T.);
#4344=ORIENTED_EDGE('',*,*,#3345,.T.);
#4345=ORIENTED_EDGE('',*,*,#3346,.T.);
#4346=ORIENTED_EDGE('',*,*,#3347,.T.);
#4347=ORIENTED_EDGE('',*,*,#3032,.T.);
#4348=ORIENTED_EDGE('',*,*,#3348,.T.);
#4349=ORIENTED_EDGE('',*,*,#3349,.T.);
#4350=ORIENTED_EDGE('',*,*,#3345,.F.);
#4351=ORIENTED_EDGE('',*,*,#3350,.T.);
#4352=ORIENTED_EDGE('',*,*,#3348,.F.);
#4353=ORIENTED_EDGE('',*,*,#3031,.T.);
#4354=ORIENTED_EDGE('',*,*,#3351,.T.);
#4355=ORIENTED_EDGE('',*,*,#3030,.T.);
#4356=ORIENTED_EDGE('',*,*,#3347,.F.);
#4357=ORIENTED_EDGE('',*,*,#3352,.T.);
#4358=ORIENTED_EDGE('',*,*,#3351,.F.);
#4359=ORIENTED_EDGE('',*,*,#3352,.F.);
#4360=ORIENTED_EDGE('',*,*,#3353,.T.);
#4361=ORIENTED_EDGE('',*,*,#3354,.T.);
#4362=ORIENTED_EDGE('',*,*,#3355,.F.);
#4363=ORIENTED_EDGE('',*,*,#3346,.F.);
#4364=ORIENTED_EDGE('',*,*,#3356,.T.);
#4365=ORIENTED_EDGE('',*,*,#3357,.T.);
#4366=ORIENTED_EDGE('',*,*,#3353,.F.);
#4367=ORIENTED_EDGE('',*,*,#3129,.T.);
#4368=ORIENTED_EDGE('',*,*,#3358,.T.);
#4369=ORIENTED_EDGE('',*,*,#3359,.T.);
#4370=ORIENTED_EDGE('',*,*,#3360,.T.);
#4371=ORIENTED_EDGE('',*,*,#3132,.T.);
#4372=ORIENTED_EDGE('',*,*,#3361,.T.);
#4373=ORIENTED_EDGE('',*,*,#3362,.T.);
#4374=ORIENTED_EDGE('',*,*,#3358,.F.);
#4375=ORIENTED_EDGE('',*,*,#3363,.T.);
#4376=ORIENTED_EDGE('',*,*,#3361,.F.);
#4377=ORIENTED_EDGE('',*,*,#3131,.T.);
#4378=ORIENTED_EDGE('',*,*,#3364,.T.);
#4379=ORIENTED_EDGE('',*,*,#3130,.T.);
#4380=ORIENTED_EDGE('',*,*,#3360,.F.);
#4381=ORIENTED_EDGE('',*,*,#3365,.T.);
#4382=ORIENTED_EDGE('',*,*,#3364,.F.);
#4383=ORIENTED_EDGE('',*,*,#3365,.F.);
#4384=ORIENTED_EDGE('',*,*,#3366,.T.);
#4385=ORIENTED_EDGE('',*,*,#3367,.T.);
#4386=ORIENTED_EDGE('',*,*,#3368,.F.);
#4387=ORIENTED_EDGE('',*,*,#3359,.F.);
#4388=ORIENTED_EDGE('',*,*,#3369,.T.);
#4389=ORIENTED_EDGE('',*,*,#3370,.T.);
#4390=ORIENTED_EDGE('',*,*,#3366,.F.);
#4391=ORIENTED_EDGE('',*,*,#3033,.T.);
#4392=ORIENTED_EDGE('',*,*,#3371,.T.);
#4393=ORIENTED_EDGE('',*,*,#3372,.T.);
#4394=ORIENTED_EDGE('',*,*,#3373,.T.);
#4395=ORIENTED_EDGE('',*,*,#3036,.T.);
#4396=ORIENTED_EDGE('',*,*,#3374,.T.);
#4397=ORIENTED_EDGE('',*,*,#3375,.T.);
#4398=ORIENTED_EDGE('',*,*,#3371,.F.);
#4399=ORIENTED_EDGE('',*,*,#3376,.T.);
#4400=ORIENTED_EDGE('',*,*,#3374,.F.);
#4401=ORIENTED_EDGE('',*,*,#3035,.T.);
#4402=ORIENTED_EDGE('',*,*,#3377,.T.);
#4403=ORIENTED_EDGE('',*,*,#3034,.T.);
#4404=ORIENTED_EDGE('',*,*,#3373,.F.);
#4405=ORIENTED_EDGE('',*,*,#3378,.T.);
#4406=ORIENTED_EDGE('',*,*,#3377,.F.);
#4407=ORIENTED_EDGE('',*,*,#3378,.F.);
#4408=ORIENTED_EDGE('',*,*,#3379,.T.);
#4409=ORIENTED_EDGE('',*,*,#3380,.T.);
#4410=ORIENTED_EDGE('',*,*,#3381,.F.);
#4411=ORIENTED_EDGE('',*,*,#3372,.F.);
#4412=ORIENTED_EDGE('',*,*,#3382,.T.);
#4413=ORIENTED_EDGE('',*,*,#3383,.T.);
#4414=ORIENTED_EDGE('',*,*,#3379,.F.);
#4415=ORIENTED_EDGE('',*,*,#3125,.T.);
#4416=ORIENTED_EDGE('',*,*,#3384,.T.);
#4417=ORIENTED_EDGE('',*,*,#3385,.T.);
#4418=ORIENTED_EDGE('',*,*,#3386,.T.);
#4419=ORIENTED_EDGE('',*,*,#3128,.T.);
#4420=ORIENTED_EDGE('',*,*,#3387,.T.);
#4421=ORIENTED_EDGE('',*,*,#3388,.T.);
#4422=ORIENTED_EDGE('',*,*,#3384,.F.);
#4423=ORIENTED_EDGE('',*,*,#3389,.T.);
#4424=ORIENTED_EDGE('',*,*,#3387,.F.);
#4425=ORIENTED_EDGE('',*,*,#3127,.T.);
#4426=ORIENTED_EDGE('',*,*,#3390,.T.);
#4427=ORIENTED_EDGE('',*,*,#3126,.T.);
#4428=ORIENTED_EDGE('',*,*,#3386,.F.);
#4429=ORIENTED_EDGE('',*,*,#3391,.T.);
#4430=ORIENTED_EDGE('',*,*,#3390,.F.);
#4431=ORIENTED_EDGE('',*,*,#3391,.F.);
#4432=ORIENTED_EDGE('',*,*,#3392,.T.);
#4433=ORIENTED_EDGE('',*,*,#3393,.T.);
#4434=ORIENTED_EDGE('',*,*,#3394,.F.);
#4435=ORIENTED_EDGE('',*,*,#3385,.F.);
#4436=ORIENTED_EDGE('',*,*,#3395,.T.);
#4437=ORIENTED_EDGE('',*,*,#3396,.T.);
#4438=ORIENTED_EDGE('',*,*,#3392,.F.);
#4439=ORIENTED_EDGE('',*,*,#3037,.T.);
#4440=ORIENTED_EDGE('',*,*,#3397,.T.);
#4441=ORIENTED_EDGE('',*,*,#3398,.T.);
#4442=ORIENTED_EDGE('',*,*,#3399,.T.);
#4443=ORIENTED_EDGE('',*,*,#3040,.T.);
#4444=ORIENTED_EDGE('',*,*,#3400,.T.);
#4445=ORIENTED_EDGE('',*,*,#3401,.T.);
#4446=ORIENTED_EDGE('',*,*,#3397,.F.);
#4447=ORIENTED_EDGE('',*,*,#3402,.T.);
#4448=ORIENTED_EDGE('',*,*,#3400,.F.);
#4449=ORIENTED_EDGE('',*,*,#3039,.T.);
#4450=ORIENTED_EDGE('',*,*,#3403,.T.);
#4451=ORIENTED_EDGE('',*,*,#3038,.T.);
#4452=ORIENTED_EDGE('',*,*,#3399,.F.);
#4453=ORIENTED_EDGE('',*,*,#3404,.T.);
#4454=ORIENTED_EDGE('',*,*,#3403,.F.);
#4455=ORIENTED_EDGE('',*,*,#3404,.F.);
#4456=ORIENTED_EDGE('',*,*,#3405,.T.);
#4457=ORIENTED_EDGE('',*,*,#3406,.T.);
#4458=ORIENTED_EDGE('',*,*,#3407,.F.);
#4459=ORIENTED_EDGE('',*,*,#3398,.F.);
#4460=ORIENTED_EDGE('',*,*,#3408,.T.);
#4461=ORIENTED_EDGE('',*,*,#3409,.T.);
#4462=ORIENTED_EDGE('',*,*,#3405,.F.);
#4463=ORIENTED_EDGE('',*,*,#3121,.T.);
#4464=ORIENTED_EDGE('',*,*,#3410,.T.);
#4465=ORIENTED_EDGE('',*,*,#3411,.T.);
#4466=ORIENTED_EDGE('',*,*,#3412,.T.);
#4467=ORIENTED_EDGE('',*,*,#3124,.T.);
#4468=ORIENTED_EDGE('',*,*,#3413,.T.);
#4469=ORIENTED_EDGE('',*,*,#3414,.T.);
#4470=ORIENTED_EDGE('',*,*,#3410,.F.);
#4471=ORIENTED_EDGE('',*,*,#3415,.T.);
#4472=ORIENTED_EDGE('',*,*,#3413,.F.);
#4473=ORIENTED_EDGE('',*,*,#3123,.T.);
#4474=ORIENTED_EDGE('',*,*,#3416,.T.);
#4475=ORIENTED_EDGE('',*,*,#3122,.T.);
#4476=ORIENTED_EDGE('',*,*,#3412,.F.);
#4477=ORIENTED_EDGE('',*,*,#3417,.T.);
#4478=ORIENTED_EDGE('',*,*,#3416,.F.);
#4479=ORIENTED_EDGE('',*,*,#3417,.F.);
#4480=ORIENTED_EDGE('',*,*,#3418,.T.);
#4481=ORIENTED_EDGE('',*,*,#3419,.T.);
#4482=ORIENTED_EDGE('',*,*,#3420,.F.);
#4483=ORIENTED_EDGE('',*,*,#3411,.F.);
#4484=ORIENTED_EDGE('',*,*,#3421,.T.);
#4485=ORIENTED_EDGE('',*,*,#3422,.T.);
#4486=ORIENTED_EDGE('',*,*,#3418,.F.);
#4487=ORIENTED_EDGE('',*,*,#3041,.T.);
#4488=ORIENTED_EDGE('',*,*,#3423,.T.);
#4489=ORIENTED_EDGE('',*,*,#3424,.T.);
#4490=ORIENTED_EDGE('',*,*,#3425,.T.);
#4491=ORIENTED_EDGE('',*,*,#3044,.T.);
#4492=ORIENTED_EDGE('',*,*,#3426,.T.);
#4493=ORIENTED_EDGE('',*,*,#3427,.T.);
#4494=ORIENTED_EDGE('',*,*,#3423,.F.);
#4495=ORIENTED_EDGE('',*,*,#3428,.T.);
#4496=ORIENTED_EDGE('',*,*,#3426,.F.);
#4497=ORIENTED_EDGE('',*,*,#3043,.T.);
#4498=ORIENTED_EDGE('',*,*,#3429,.T.);
#4499=ORIENTED_EDGE('',*,*,#3042,.T.);
#4500=ORIENTED_EDGE('',*,*,#3425,.F.);
#4501=ORIENTED_EDGE('',*,*,#3430,.T.);
#4502=ORIENTED_EDGE('',*,*,#3429,.F.);
#4503=ORIENTED_EDGE('',*,*,#3430,.F.);
#4504=ORIENTED_EDGE('',*,*,#3431,.T.);
#4505=ORIENTED_EDGE('',*,*,#3432,.T.);
#4506=ORIENTED_EDGE('',*,*,#3433,.F.);
#4507=ORIENTED_EDGE('',*,*,#3424,.F.);
#4508=ORIENTED_EDGE('',*,*,#3434,.T.);
#4509=ORIENTED_EDGE('',*,*,#3435,.T.);
#4510=ORIENTED_EDGE('',*,*,#3431,.F.);
#4511=ORIENTED_EDGE('',*,*,#3117,.T.);
#4512=ORIENTED_EDGE('',*,*,#3436,.T.);
#4513=ORIENTED_EDGE('',*,*,#3437,.T.);
#4514=ORIENTED_EDGE('',*,*,#3438,.T.);
#4515=ORIENTED_EDGE('',*,*,#3120,.T.);
#4516=ORIENTED_EDGE('',*,*,#3439,.T.);
#4517=ORIENTED_EDGE('',*,*,#3440,.T.);
#4518=ORIENTED_EDGE('',*,*,#3436,.F.);
#4519=ORIENTED_EDGE('',*,*,#3441,.T.);
#4520=ORIENTED_EDGE('',*,*,#3439,.F.);
#4521=ORIENTED_EDGE('',*,*,#3119,.T.);
#4522=ORIENTED_EDGE('',*,*,#3442,.T.);
#4523=ORIENTED_EDGE('',*,*,#3118,.T.);
#4524=ORIENTED_EDGE('',*,*,#3438,.F.);
#4525=ORIENTED_EDGE('',*,*,#3443,.T.);
#4526=ORIENTED_EDGE('',*,*,#3442,.F.);
#4527=ORIENTED_EDGE('',*,*,#3443,.F.);
#4528=ORIENTED_EDGE('',*,*,#3444,.T.);
#4529=ORIENTED_EDGE('',*,*,#3445,.T.);
#4530=ORIENTED_EDGE('',*,*,#3446,.F.);
#4531=ORIENTED_EDGE('',*,*,#3437,.F.);
#4532=ORIENTED_EDGE('',*,*,#3447,.T.);
#4533=ORIENTED_EDGE('',*,*,#3448,.T.);
#4534=ORIENTED_EDGE('',*,*,#3444,.F.);
#4535=ORIENTED_EDGE('',*,*,#3045,.T.);
#4536=ORIENTED_EDGE('',*,*,#3449,.T.);
#4537=ORIENTED_EDGE('',*,*,#3450,.T.);
#4538=ORIENTED_EDGE('',*,*,#3451,.T.);
#4539=ORIENTED_EDGE('',*,*,#3048,.T.);
#4540=ORIENTED_EDGE('',*,*,#3452,.T.);
#4541=ORIENTED_EDGE('',*,*,#3453,.T.);
#4542=ORIENTED_EDGE('',*,*,#3449,.F.);
#4543=ORIENTED_EDGE('',*,*,#3454,.T.);
#4544=ORIENTED_EDGE('',*,*,#3452,.F.);
#4545=ORIENTED_EDGE('',*,*,#3047,.T.);
#4546=ORIENTED_EDGE('',*,*,#3455,.T.);
#4547=ORIENTED_EDGE('',*,*,#3046,.T.);
#4548=ORIENTED_EDGE('',*,*,#3451,.F.);
#4549=ORIENTED_EDGE('',*,*,#3456,.T.);
#4550=ORIENTED_EDGE('',*,*,#3455,.F.);
#4551=ORIENTED_EDGE('',*,*,#3456,.F.);
#4552=ORIENTED_EDGE('',*,*,#3457,.T.);
#4553=ORIENTED_EDGE('',*,*,#3458,.T.);
#4554=ORIENTED_EDGE('',*,*,#3459,.F.);
#4555=ORIENTED_EDGE('',*,*,#3450,.F.);
#4556=ORIENTED_EDGE('',*,*,#3460,.T.);
#4557=ORIENTED_EDGE('',*,*,#3461,.T.);
#4558=ORIENTED_EDGE('',*,*,#3457,.F.);
#4559=ORIENTED_EDGE('',*,*,#3113,.T.);
#4560=ORIENTED_EDGE('',*,*,#3462,.T.);
#4561=ORIENTED_EDGE('',*,*,#3463,.T.);
#4562=ORIENTED_EDGE('',*,*,#3464,.T.);
#4563=ORIENTED_EDGE('',*,*,#3116,.T.);
#4564=ORIENTED_EDGE('',*,*,#3465,.T.);
#4565=ORIENTED_EDGE('',*,*,#3466,.T.);
#4566=ORIENTED_EDGE('',*,*,#3462,.F.);
#4567=ORIENTED_EDGE('',*,*,#3467,.T.);
#4568=ORIENTED_EDGE('',*,*,#3465,.F.);
#4569=ORIENTED_EDGE('',*,*,#3115,.T.);
#4570=ORIENTED_EDGE('',*,*,#3468,.T.);
#4571=ORIENTED_EDGE('',*,*,#3114,.T.);
#4572=ORIENTED_EDGE('',*,*,#3464,.F.);
#4573=ORIENTED_EDGE('',*,*,#3469,.T.);
#4574=ORIENTED_EDGE('',*,*,#3468,.F.);
#4575=ORIENTED_EDGE('',*,*,#3469,.F.);
#4576=ORIENTED_EDGE('',*,*,#3470,.T.);
#4577=ORIENTED_EDGE('',*,*,#3471,.T.);
#4578=ORIENTED_EDGE('',*,*,#3472,.F.);
#4579=ORIENTED_EDGE('',*,*,#3463,.F.);
#4580=ORIENTED_EDGE('',*,*,#3473,.T.);
#4581=ORIENTED_EDGE('',*,*,#3474,.T.);
#4582=ORIENTED_EDGE('',*,*,#3470,.F.);
#4583=ORIENTED_EDGE('',*,*,#3049,.T.);
#4584=ORIENTED_EDGE('',*,*,#3475,.T.);
#4585=ORIENTED_EDGE('',*,*,#3476,.T.);
#4586=ORIENTED_EDGE('',*,*,#3477,.T.);
#4587=ORIENTED_EDGE('',*,*,#3052,.T.);
#4588=ORIENTED_EDGE('',*,*,#3478,.T.);
#4589=ORIENTED_EDGE('',*,*,#3479,.T.);
#4590=ORIENTED_EDGE('',*,*,#3475,.F.);
#4591=ORIENTED_EDGE('',*,*,#3480,.T.);
#4592=ORIENTED_EDGE('',*,*,#3478,.F.);
#4593=ORIENTED_EDGE('',*,*,#3051,.T.);
#4594=ORIENTED_EDGE('',*,*,#3481,.T.);
#4595=ORIENTED_EDGE('',*,*,#3050,.T.);
#4596=ORIENTED_EDGE('',*,*,#3477,.F.);
#4597=ORIENTED_EDGE('',*,*,#3482,.T.);
#4598=ORIENTED_EDGE('',*,*,#3481,.F.);
#4599=ORIENTED_EDGE('',*,*,#3482,.F.);
#4600=ORIENTED_EDGE('',*,*,#3483,.T.);
#4601=ORIENTED_EDGE('',*,*,#3484,.T.);
#4602=ORIENTED_EDGE('',*,*,#3485,.F.);
#4603=ORIENTED_EDGE('',*,*,#3476,.F.);
#4604=ORIENTED_EDGE('',*,*,#3486,.T.);
#4605=ORIENTED_EDGE('',*,*,#3487,.T.);
#4606=ORIENTED_EDGE('',*,*,#3483,.F.);
#4607=ORIENTED_EDGE('',*,*,#3109,.T.);
#4608=ORIENTED_EDGE('',*,*,#3488,.T.);
#4609=ORIENTED_EDGE('',*,*,#3489,.T.);
#4610=ORIENTED_EDGE('',*,*,#3490,.T.);
#4611=ORIENTED_EDGE('',*,*,#3112,.T.);
#4612=ORIENTED_EDGE('',*,*,#3491,.T.);
#4613=ORIENTED_EDGE('',*,*,#3492,.T.);
#4614=ORIENTED_EDGE('',*,*,#3488,.F.);
#4615=ORIENTED_EDGE('',*,*,#3493,.T.);
#4616=ORIENTED_EDGE('',*,*,#3491,.F.);
#4617=ORIENTED_EDGE('',*,*,#3111,.T.);
#4618=ORIENTED_EDGE('',*,*,#3494,.T.);
#4619=ORIENTED_EDGE('',*,*,#3110,.T.);
#4620=ORIENTED_EDGE('',*,*,#3490,.F.);
#4621=ORIENTED_EDGE('',*,*,#3495,.T.);
#4622=ORIENTED_EDGE('',*,*,#3494,.F.);
#4623=ORIENTED_EDGE('',*,*,#3495,.F.);
#4624=ORIENTED_EDGE('',*,*,#3496,.T.);
#4625=ORIENTED_EDGE('',*,*,#3497,.T.);
#4626=ORIENTED_EDGE('',*,*,#3498,.F.);
#4627=ORIENTED_EDGE('',*,*,#3489,.F.);
#4628=ORIENTED_EDGE('',*,*,#3499,.T.);
#4629=ORIENTED_EDGE('',*,*,#3500,.T.);
#4630=ORIENTED_EDGE('',*,*,#3496,.F.);
#4631=ORIENTED_EDGE('',*,*,#3053,.T.);
#4632=ORIENTED_EDGE('',*,*,#3501,.T.);
#4633=ORIENTED_EDGE('',*,*,#3502,.T.);
#4634=ORIENTED_EDGE('',*,*,#3503,.T.);
#4635=ORIENTED_EDGE('',*,*,#3056,.T.);
#4636=ORIENTED_EDGE('',*,*,#3504,.T.);
#4637=ORIENTED_EDGE('',*,*,#3505,.T.);
#4638=ORIENTED_EDGE('',*,*,#3501,.F.);
#4639=ORIENTED_EDGE('',*,*,#3506,.T.);
#4640=ORIENTED_EDGE('',*,*,#3504,.F.);
#4641=ORIENTED_EDGE('',*,*,#3055,.T.);
#4642=ORIENTED_EDGE('',*,*,#3507,.T.);
#4643=ORIENTED_EDGE('',*,*,#3054,.T.);
#4644=ORIENTED_EDGE('',*,*,#3503,.F.);
#4645=ORIENTED_EDGE('',*,*,#3508,.T.);
#4646=ORIENTED_EDGE('',*,*,#3507,.F.);
#4647=ORIENTED_EDGE('',*,*,#3508,.F.);
#4648=ORIENTED_EDGE('',*,*,#3509,.T.);
#4649=ORIENTED_EDGE('',*,*,#3510,.T.);
#4650=ORIENTED_EDGE('',*,*,#3511,.F.);
#4651=ORIENTED_EDGE('',*,*,#3502,.F.);
#4652=ORIENTED_EDGE('',*,*,#3512,.T.);
#4653=ORIENTED_EDGE('',*,*,#3513,.T.);
#4654=ORIENTED_EDGE('',*,*,#3509,.F.);
#4655=ORIENTED_EDGE('',*,*,#3105,.T.);
#4656=ORIENTED_EDGE('',*,*,#3514,.T.);
#4657=ORIENTED_EDGE('',*,*,#3515,.T.);
#4658=ORIENTED_EDGE('',*,*,#3516,.T.);
#4659=ORIENTED_EDGE('',*,*,#3108,.T.);
#4660=ORIENTED_EDGE('',*,*,#3517,.T.);
#4661=ORIENTED_EDGE('',*,*,#3518,.T.);
#4662=ORIENTED_EDGE('',*,*,#3514,.F.);
#4663=ORIENTED_EDGE('',*,*,#3519,.T.);
#4664=ORIENTED_EDGE('',*,*,#3517,.F.);
#4665=ORIENTED_EDGE('',*,*,#3107,.T.);
#4666=ORIENTED_EDGE('',*,*,#3520,.T.);
#4667=ORIENTED_EDGE('',*,*,#3106,.T.);
#4668=ORIENTED_EDGE('',*,*,#3516,.F.);
#4669=ORIENTED_EDGE('',*,*,#3521,.T.);
#4670=ORIENTED_EDGE('',*,*,#3520,.F.);
#4671=ORIENTED_EDGE('',*,*,#3521,.F.);
#4672=ORIENTED_EDGE('',*,*,#3522,.T.);
#4673=ORIENTED_EDGE('',*,*,#3523,.T.);
#4674=ORIENTED_EDGE('',*,*,#3524,.F.);
#4675=ORIENTED_EDGE('',*,*,#3515,.F.);
#4676=ORIENTED_EDGE('',*,*,#3525,.T.);
#4677=ORIENTED_EDGE('',*,*,#3526,.T.);
#4678=ORIENTED_EDGE('',*,*,#3522,.F.);
#4679=ORIENTED_EDGE('',*,*,#3057,.T.);
#4680=ORIENTED_EDGE('',*,*,#3527,.T.);
#4681=ORIENTED_EDGE('',*,*,#3528,.T.);
#4682=ORIENTED_EDGE('',*,*,#3529,.T.);
#4683=ORIENTED_EDGE('',*,*,#3060,.T.);
#4684=ORIENTED_EDGE('',*,*,#3530,.T.);
#4685=ORIENTED_EDGE('',*,*,#3531,.T.);
#4686=ORIENTED_EDGE('',*,*,#3527,.F.);
#4687=ORIENTED_EDGE('',*,*,#3532,.T.);
#4688=ORIENTED_EDGE('',*,*,#3530,.F.);
#4689=ORIENTED_EDGE('',*,*,#3059,.T.);
#4690=ORIENTED_EDGE('',*,*,#3533,.T.);
#4691=ORIENTED_EDGE('',*,*,#3058,.T.);
#4692=ORIENTED_EDGE('',*,*,#3529,.F.);
#4693=ORIENTED_EDGE('',*,*,#3534,.T.);
#4694=ORIENTED_EDGE('',*,*,#3533,.F.);
#4695=ORIENTED_EDGE('',*,*,#3534,.F.);
#4696=ORIENTED_EDGE('',*,*,#3535,.T.);
#4697=ORIENTED_EDGE('',*,*,#3536,.T.);
#4698=ORIENTED_EDGE('',*,*,#3537,.F.);
#4699=ORIENTED_EDGE('',*,*,#3528,.F.);
#4700=ORIENTED_EDGE('',*,*,#3538,.T.);
#4701=ORIENTED_EDGE('',*,*,#3539,.T.);
#4702=ORIENTED_EDGE('',*,*,#3535,.F.);
#4703=ORIENTED_EDGE('',*,*,#3101,.T.);
#4704=ORIENTED_EDGE('',*,*,#3540,.T.);
#4705=ORIENTED_EDGE('',*,*,#3541,.T.);
#4706=ORIENTED_EDGE('',*,*,#3542,.T.);
#4707=ORIENTED_EDGE('',*,*,#3104,.T.);
#4708=ORIENTED_EDGE('',*,*,#3543,.T.);
#4709=ORIENTED_EDGE('',*,*,#3544,.T.);
#4710=ORIENTED_EDGE('',*,*,#3540,.F.);
#4711=ORIENTED_EDGE('',*,*,#3545,.T.);
#4712=ORIENTED_EDGE('',*,*,#3543,.F.);
#4713=ORIENTED_EDGE('',*,*,#3103,.T.);
#4714=ORIENTED_EDGE('',*,*,#3546,.T.);
#4715=ORIENTED_EDGE('',*,*,#3102,.T.);
#4716=ORIENTED_EDGE('',*,*,#3542,.F.);
#4717=ORIENTED_EDGE('',*,*,#3547,.T.);
#4718=ORIENTED_EDGE('',*,*,#3546,.F.);
#4719=ORIENTED_EDGE('',*,*,#3547,.F.);
#4720=ORIENTED_EDGE('',*,*,#3548,.T.);
#4721=ORIENTED_EDGE('',*,*,#3549,.T.);
#4722=ORIENTED_EDGE('',*,*,#3550,.F.);
#4723=ORIENTED_EDGE('',*,*,#3541,.F.);
#4724=ORIENTED_EDGE('',*,*,#3551,.T.);
#4725=ORIENTED_EDGE('',*,*,#3552,.T.);
#4726=ORIENTED_EDGE('',*,*,#3548,.F.);
#4727=ORIENTED_EDGE('',*,*,#3061,.T.);
#4728=ORIENTED_EDGE('',*,*,#3553,.T.);
#4729=ORIENTED_EDGE('',*,*,#3554,.T.);
#4730=ORIENTED_EDGE('',*,*,#3555,.T.);
#4731=ORIENTED_EDGE('',*,*,#3064,.T.);
#4732=ORIENTED_EDGE('',*,*,#3556,.T.);
#4733=ORIENTED_EDGE('',*,*,#3557,.T.);
#4734=ORIENTED_EDGE('',*,*,#3553,.F.);
#4735=ORIENTED_EDGE('',*,*,#3558,.T.);
#4736=ORIENTED_EDGE('',*,*,#3556,.F.);
#4737=ORIENTED_EDGE('',*,*,#3063,.T.);
#4738=ORIENTED_EDGE('',*,*,#3559,.T.);
#4739=ORIENTED_EDGE('',*,*,#3062,.T.);
#4740=ORIENTED_EDGE('',*,*,#3555,.F.);
#4741=ORIENTED_EDGE('',*,*,#3560,.T.);
#4742=ORIENTED_EDGE('',*,*,#3559,.F.);
#4743=ORIENTED_EDGE('',*,*,#3560,.F.);
#4744=ORIENTED_EDGE('',*,*,#3561,.T.);
#4745=ORIENTED_EDGE('',*,*,#3562,.T.);
#4746=ORIENTED_EDGE('',*,*,#3563,.F.);
#4747=ORIENTED_EDGE('',*,*,#3554,.F.);
#4748=ORIENTED_EDGE('',*,*,#3564,.T.);
#4749=ORIENTED_EDGE('',*,*,#3565,.T.);
#4750=ORIENTED_EDGE('',*,*,#3561,.F.);
#4751=ORIENTED_EDGE('',*,*,#3097,.T.);
#4752=ORIENTED_EDGE('',*,*,#3566,.T.);
#4753=ORIENTED_EDGE('',*,*,#3567,.T.);
#4754=ORIENTED_EDGE('',*,*,#3568,.T.);
#4755=ORIENTED_EDGE('',*,*,#3100,.T.);
#4756=ORIENTED_EDGE('',*,*,#3569,.T.);
#4757=ORIENTED_EDGE('',*,*,#3570,.T.);
#4758=ORIENTED_EDGE('',*,*,#3566,.F.);
#4759=ORIENTED_EDGE('',*,*,#3571,.T.);
#4760=ORIENTED_EDGE('',*,*,#3569,.F.);
#4761=ORIENTED_EDGE('',*,*,#3099,.T.);
#4762=ORIENTED_EDGE('',*,*,#3572,.T.);
#4763=ORIENTED_EDGE('',*,*,#3098,.T.);
#4764=ORIENTED_EDGE('',*,*,#3568,.F.);
#4765=ORIENTED_EDGE('',*,*,#3573,.T.);
#4766=ORIENTED_EDGE('',*,*,#3572,.F.);
#4767=ORIENTED_EDGE('',*,*,#3573,.F.);
#4768=ORIENTED_EDGE('',*,*,#3574,.T.);
#4769=ORIENTED_EDGE('',*,*,#3575,.T.);
#4770=ORIENTED_EDGE('',*,*,#3576,.F.);
#4771=ORIENTED_EDGE('',*,*,#3567,.F.);
#4772=ORIENTED_EDGE('',*,*,#3577,.T.);
#4773=ORIENTED_EDGE('',*,*,#3578,.T.);
#4774=ORIENTED_EDGE('',*,*,#3574,.F.);
#4775=ORIENTED_EDGE('',*,*,#3065,.T.);
#4776=ORIENTED_EDGE('',*,*,#3579,.T.);
#4777=ORIENTED_EDGE('',*,*,#3580,.T.);
#4778=ORIENTED_EDGE('',*,*,#3581,.T.);
#4779=ORIENTED_EDGE('',*,*,#3068,.T.);
#4780=ORIENTED_EDGE('',*,*,#3582,.T.);
#4781=ORIENTED_EDGE('',*,*,#3583,.T.);
#4782=ORIENTED_EDGE('',*,*,#3579,.F.);
#4783=ORIENTED_EDGE('',*,*,#3584,.T.);
#4784=ORIENTED_EDGE('',*,*,#3582,.F.);
#4785=ORIENTED_EDGE('',*,*,#3067,.T.);
#4786=ORIENTED_EDGE('',*,*,#3585,.T.);
#4787=ORIENTED_EDGE('',*,*,#3066,.T.);
#4788=ORIENTED_EDGE('',*,*,#3581,.F.);
#4789=ORIENTED_EDGE('',*,*,#3586,.T.);
#4790=ORIENTED_EDGE('',*,*,#3585,.F.);
#4791=ORIENTED_EDGE('',*,*,#3586,.F.);
#4792=ORIENTED_EDGE('',*,*,#3587,.T.);
#4793=ORIENTED_EDGE('',*,*,#3588,.T.);
#4794=ORIENTED_EDGE('',*,*,#3589,.F.);
#4795=ORIENTED_EDGE('',*,*,#3580,.F.);
#4796=ORIENTED_EDGE('',*,*,#3590,.T.);
#4797=ORIENTED_EDGE('',*,*,#3591,.T.);
#4798=ORIENTED_EDGE('',*,*,#3587,.F.);
#4799=ORIENTED_EDGE('',*,*,#3093,.T.);
#4800=ORIENTED_EDGE('',*,*,#3592,.T.);
#4801=ORIENTED_EDGE('',*,*,#3593,.T.);
#4802=ORIENTED_EDGE('',*,*,#3594,.T.);
#4803=ORIENTED_EDGE('',*,*,#3096,.T.);
#4804=ORIENTED_EDGE('',*,*,#3595,.T.);
#4805=ORIENTED_EDGE('',*,*,#3596,.T.);
#4806=ORIENTED_EDGE('',*,*,#3592,.F.);
#4807=ORIENTED_EDGE('',*,*,#3597,.T.);
#4808=ORIENTED_EDGE('',*,*,#3595,.F.);
#4809=ORIENTED_EDGE('',*,*,#3095,.T.);
#4810=ORIENTED_EDGE('',*,*,#3598,.T.);
#4811=ORIENTED_EDGE('',*,*,#3094,.T.);
#4812=ORIENTED_EDGE('',*,*,#3594,.F.);
#4813=ORIENTED_EDGE('',*,*,#3599,.T.);
#4814=ORIENTED_EDGE('',*,*,#3598,.F.);
#4815=ORIENTED_EDGE('',*,*,#3599,.F.);
#4816=ORIENTED_EDGE('',*,*,#3600,.T.);
#4817=ORIENTED_EDGE('',*,*,#3601,.T.);
#4818=ORIENTED_EDGE('',*,*,#3602,.F.);
#4819=ORIENTED_EDGE('',*,*,#3593,.F.);
#4820=ORIENTED_EDGE('',*,*,#3603,.T.);
#4821=ORIENTED_EDGE('',*,*,#3604,.T.);
#4822=ORIENTED_EDGE('',*,*,#3600,.F.);
#4823=ORIENTED_EDGE('',*,*,#3069,.T.);
#4824=ORIENTED_EDGE('',*,*,#3605,.T.);
#4825=ORIENTED_EDGE('',*,*,#3606,.T.);
#4826=ORIENTED_EDGE('',*,*,#3607,.T.);
#4827=ORIENTED_EDGE('',*,*,#3072,.T.);
#4828=ORIENTED_EDGE('',*,*,#3608,.T.);
#4829=ORIENTED_EDGE('',*,*,#3609,.T.);
#4830=ORIENTED_EDGE('',*,*,#3605,.F.);
#4831=ORIENTED_EDGE('',*,*,#3610,.T.);
#4832=ORIENTED_EDGE('',*,*,#3608,.F.);
#4833=ORIENTED_EDGE('',*,*,#3071,.T.);
#4834=ORIENTED_EDGE('',*,*,#3611,.T.);
#4835=ORIENTED_EDGE('',*,*,#3070,.T.);
#4836=ORIENTED_EDGE('',*,*,#3607,.F.);
#4837=ORIENTED_EDGE('',*,*,#3612,.T.);
#4838=ORIENTED_EDGE('',*,*,#3611,.F.);
#4839=ORIENTED_EDGE('',*,*,#3612,.F.);
#4840=ORIENTED_EDGE('',*,*,#3613,.T.);
#4841=ORIENTED_EDGE('',*,*,#3614,.T.);
#4842=ORIENTED_EDGE('',*,*,#3615,.F.);
#4843=ORIENTED_EDGE('',*,*,#3606,.F.);
#4844=ORIENTED_EDGE('',*,*,#3616,.T.);
#4845=ORIENTED_EDGE('',*,*,#3617,.T.);
#4846=ORIENTED_EDGE('',*,*,#3613,.F.);
#4847=ORIENTED_EDGE('',*,*,#3089,.T.);
#4848=ORIENTED_EDGE('',*,*,#3618,.T.);
#4849=ORIENTED_EDGE('',*,*,#3619,.T.);
#4850=ORIENTED_EDGE('',*,*,#3620,.T.);
#4851=ORIENTED_EDGE('',*,*,#3092,.T.);
#4852=ORIENTED_EDGE('',*,*,#3621,.T.);
#4853=ORIENTED_EDGE('',*,*,#3622,.T.);
#4854=ORIENTED_EDGE('',*,*,#3618,.F.);
#4855=ORIENTED_EDGE('',*,*,#3623,.T.);
#4856=ORIENTED_EDGE('',*,*,#3621,.F.);
#4857=ORIENTED_EDGE('',*,*,#3091,.T.);
#4858=ORIENTED_EDGE('',*,*,#3624,.T.);
#4859=ORIENTED_EDGE('',*,*,#3090,.T.);
#4860=ORIENTED_EDGE('',*,*,#3620,.F.);
#4861=ORIENTED_EDGE('',*,*,#3625,.T.);
#4862=ORIENTED_EDGE('',*,*,#3624,.F.);
#4863=ORIENTED_EDGE('',*,*,#3625,.F.);
#4864=ORIENTED_EDGE('',*,*,#3626,.T.);
#4865=ORIENTED_EDGE('',*,*,#3627,.T.);
#4866=ORIENTED_EDGE('',*,*,#3628,.F.);
#4867=ORIENTED_EDGE('',*,*,#3619,.F.);
#4868=ORIENTED_EDGE('',*,*,#3629,.T.);
#4869=ORIENTED_EDGE('',*,*,#3630,.T.);
#4870=ORIENTED_EDGE('',*,*,#3626,.F.);
#4871=ORIENTED_EDGE('',*,*,#3073,.T.);
#4872=ORIENTED_EDGE('',*,*,#3631,.T.);
#4873=ORIENTED_EDGE('',*,*,#3632,.T.);
#4874=ORIENTED_EDGE('',*,*,#3633,.T.);
#4875=ORIENTED_EDGE('',*,*,#3076,.T.);
#4876=ORIENTED_EDGE('',*,*,#3634,.T.);
#4877=ORIENTED_EDGE('',*,*,#3635,.T.);
#4878=ORIENTED_EDGE('',*,*,#3631,.F.);
#4879=ORIENTED_EDGE('',*,*,#3636,.T.);
#4880=ORIENTED_EDGE('',*,*,#3634,.F.);
#4881=ORIENTED_EDGE('',*,*,#3075,.T.);
#4882=ORIENTED_EDGE('',*,*,#3637,.T.);
#4883=ORIENTED_EDGE('',*,*,#3074,.T.);
#4884=ORIENTED_EDGE('',*,*,#3633,.F.);
#4885=ORIENTED_EDGE('',*,*,#3638,.T.);
#4886=ORIENTED_EDGE('',*,*,#3637,.F.);
#4887=ORIENTED_EDGE('',*,*,#3638,.F.);
#4888=ORIENTED_EDGE('',*,*,#3639,.T.);
#4889=ORIENTED_EDGE('',*,*,#3640,.T.);
#4890=ORIENTED_EDGE('',*,*,#3641,.F.);
#4891=ORIENTED_EDGE('',*,*,#3632,.F.);
#4892=ORIENTED_EDGE('',*,*,#3642,.T.);
#4893=ORIENTED_EDGE('',*,*,#3643,.T.);
#4894=ORIENTED_EDGE('',*,*,#3639,.F.);
#4895=ORIENTED_EDGE('',*,*,#3085,.T.);
#4896=ORIENTED_EDGE('',*,*,#3644,.T.);
#4897=ORIENTED_EDGE('',*,*,#3645,.T.);
#4898=ORIENTED_EDGE('',*,*,#3646,.T.);
#4899=ORIENTED_EDGE('',*,*,#3088,.T.);
#4900=ORIENTED_EDGE('',*,*,#3647,.T.);
#4901=ORIENTED_EDGE('',*,*,#3648,.T.);
#4902=ORIENTED_EDGE('',*,*,#3644,.F.);
#4903=ORIENTED_EDGE('',*,*,#3649,.T.);
#4904=ORIENTED_EDGE('',*,*,#3647,.F.);
#4905=ORIENTED_EDGE('',*,*,#3087,.T.);
#4906=ORIENTED_EDGE('',*,*,#3650,.T.);
#4907=ORIENTED_EDGE('',*,*,#3086,.T.);
#4908=ORIENTED_EDGE('',*,*,#3646,.F.);
#4909=ORIENTED_EDGE('',*,*,#3651,.T.);
#4910=ORIENTED_EDGE('',*,*,#3650,.F.);
#4911=ORIENTED_EDGE('',*,*,#3651,.F.);
#4912=ORIENTED_EDGE('',*,*,#3652,.T.);
#4913=ORIENTED_EDGE('',*,*,#3653,.T.);
#4914=ORIENTED_EDGE('',*,*,#3654,.F.);
#4915=ORIENTED_EDGE('',*,*,#3645,.F.);
#4916=ORIENTED_EDGE('',*,*,#3655,.T.);
#4917=ORIENTED_EDGE('',*,*,#3656,.T.);
#4918=ORIENTED_EDGE('',*,*,#3652,.F.);
#4919=ORIENTED_EDGE('',*,*,#3077,.T.);
#4920=ORIENTED_EDGE('',*,*,#3657,.T.);
#4921=ORIENTED_EDGE('',*,*,#3658,.T.);
#4922=ORIENTED_EDGE('',*,*,#3659,.T.);
#4923=ORIENTED_EDGE('',*,*,#3080,.T.);
#4924=ORIENTED_EDGE('',*,*,#3660,.T.);
#4925=ORIENTED_EDGE('',*,*,#3661,.T.);
#4926=ORIENTED_EDGE('',*,*,#3657,.F.);
#4927=ORIENTED_EDGE('',*,*,#3662,.T.);
#4928=ORIENTED_EDGE('',*,*,#3660,.F.);
#4929=ORIENTED_EDGE('',*,*,#3079,.T.);
#4930=ORIENTED_EDGE('',*,*,#3663,.T.);
#4931=ORIENTED_EDGE('',*,*,#3078,.T.);
#4932=ORIENTED_EDGE('',*,*,#3659,.F.);
#4933=ORIENTED_EDGE('',*,*,#3664,.T.);
#4934=ORIENTED_EDGE('',*,*,#3663,.F.);
#4935=ORIENTED_EDGE('',*,*,#3664,.F.);
#4936=ORIENTED_EDGE('',*,*,#3665,.T.);
#4937=ORIENTED_EDGE('',*,*,#3666,.T.);
#4938=ORIENTED_EDGE('',*,*,#3667,.F.);
#4939=ORIENTED_EDGE('',*,*,#3658,.F.);
#4940=ORIENTED_EDGE('',*,*,#3668,.T.);
#4941=ORIENTED_EDGE('',*,*,#3669,.T.);
#4942=ORIENTED_EDGE('',*,*,#3665,.F.);
#4943=ORIENTED_EDGE('',*,*,#3167,.F.);
#4944=ORIENTED_EDGE('',*,*,#3670,.T.);
#4945=ORIENTED_EDGE('',*,*,#3671,.T.);
#4946=ORIENTED_EDGE('',*,*,#3174,.F.);
#4947=ORIENTED_EDGE('',*,*,#3168,.F.);
#4948=ORIENTED_EDGE('',*,*,#3173,.T.);
#4949=ORIENTED_EDGE('',*,*,#3672,.T.);
#4950=ORIENTED_EDGE('',*,*,#3670,.F.);
#4951=ORIENTED_EDGE('',*,*,#3172,.F.);
#4952=ORIENTED_EDGE('',*,*,#3175,.F.);
#4953=ORIENTED_EDGE('',*,*,#3671,.F.);
#4954=ORIENTED_EDGE('',*,*,#3672,.F.);
#4955=ORIENTED_EDGE('',*,*,#3180,.F.);
#4956=ORIENTED_EDGE('',*,*,#3673,.T.);
#4957=ORIENTED_EDGE('',*,*,#3674,.T.);
#4958=ORIENTED_EDGE('',*,*,#3187,.F.);
#4959=ORIENTED_EDGE('',*,*,#3181,.F.);
#4960=ORIENTED_EDGE('',*,*,#3186,.T.);
#4961=ORIENTED_EDGE('',*,*,#3675,.T.);
#4962=ORIENTED_EDGE('',*,*,#3673,.F.);
#4963=ORIENTED_EDGE('',*,*,#3185,.F.);
#4964=ORIENTED_EDGE('',*,*,#3188,.F.);
#4965=ORIENTED_EDGE('',*,*,#3674,.F.);
#4966=ORIENTED_EDGE('',*,*,#3675,.F.);
#4967=ORIENTED_EDGE('',*,*,#3193,.F.);
#4968=ORIENTED_EDGE('',*,*,#3676,.T.);
#4969=ORIENTED_EDGE('',*,*,#3677,.T.);
#4970=ORIENTED_EDGE('',*,*,#3200,.F.);
#4971=ORIENTED_EDGE('',*,*,#3194,.F.);
#4972=ORIENTED_EDGE('',*,*,#3199,.T.);
#4973=ORIENTED_EDGE('',*,*,#3678,.T.);
#4974=ORIENTED_EDGE('',*,*,#3676,.F.);
#4975=ORIENTED_EDGE('',*,*,#3198,.F.);
#4976=ORIENTED_EDGE('',*,*,#3201,.F.);
#4977=ORIENTED_EDGE('',*,*,#3677,.F.);
#4978=ORIENTED_EDGE('',*,*,#3678,.F.);
#4979=ORIENTED_EDGE('',*,*,#3206,.F.);
#4980=ORIENTED_EDGE('',*,*,#3679,.T.);
#4981=ORIENTED_EDGE('',*,*,#3680,.T.);
#4982=ORIENTED_EDGE('',*,*,#3213,.F.);
#4983=ORIENTED_EDGE('',*,*,#3207,.F.);
#4984=ORIENTED_EDGE('',*,*,#3212,.T.);
#4985=ORIENTED_EDGE('',*,*,#3681,.T.);
#4986=ORIENTED_EDGE('',*,*,#3679,.F.);
#4987=ORIENTED_EDGE('',*,*,#3211,.F.);
#4988=ORIENTED_EDGE('',*,*,#3214,.F.);
#4989=ORIENTED_EDGE('',*,*,#3680,.F.);
#4990=ORIENTED_EDGE('',*,*,#3681,.F.);
#4991=ORIENTED_EDGE('',*,*,#3219,.F.);
#4992=ORIENTED_EDGE('',*,*,#3682,.T.);
#4993=ORIENTED_EDGE('',*,*,#3683,.T.);
#4994=ORIENTED_EDGE('',*,*,#3226,.F.);
#4995=ORIENTED_EDGE('',*,*,#3220,.F.);
#4996=ORIENTED_EDGE('',*,*,#3225,.T.);
#4997=ORIENTED_EDGE('',*,*,#3684,.T.);
#4998=ORIENTED_EDGE('',*,*,#3682,.F.);
#4999=ORIENTED_EDGE('',*,*,#3224,.F.);
#5000=ORIENTED_EDGE('',*,*,#3227,.F.);
#5001=ORIENTED_EDGE('',*,*,#3683,.F.);
#5002=ORIENTED_EDGE('',*,*,#3684,.F.);
#5003=ORIENTED_EDGE('',*,*,#3232,.F.);
#5004=ORIENTED_EDGE('',*,*,#3685,.T.);
#5005=ORIENTED_EDGE('',*,*,#3686,.T.);
#5006=ORIENTED_EDGE('',*,*,#3239,.F.);
#5007=ORIENTED_EDGE('',*,*,#3233,.F.);
#5008=ORIENTED_EDGE('',*,*,#3238,.T.);
#5009=ORIENTED_EDGE('',*,*,#3687,.T.);
#5010=ORIENTED_EDGE('',*,*,#3685,.F.);
#5011=ORIENTED_EDGE('',*,*,#3237,.F.);
#5012=ORIENTED_EDGE('',*,*,#3240,.F.);
#5013=ORIENTED_EDGE('',*,*,#3686,.F.);
#5014=ORIENTED_EDGE('',*,*,#3687,.F.);
#5015=ORIENTED_EDGE('',*,*,#3245,.F.);
#5016=ORIENTED_EDGE('',*,*,#3688,.T.);
#5017=ORIENTED_EDGE('',*,*,#3689,.T.);
#5018=ORIENTED_EDGE('',*,*,#3252,.F.);
#5019=ORIENTED_EDGE('',*,*,#3246,.F.);
#5020=ORIENTED_EDGE('',*,*,#3251,.T.);
#5021=ORIENTED_EDGE('',*,*,#3690,.T.);
#5022=ORIENTED_EDGE('',*,*,#3688,.F.);
#5023=ORIENTED_EDGE('',*,*,#3250,.F.);
#5024=ORIENTED_EDGE('',*,*,#3253,.F.);
#5025=ORIENTED_EDGE('',*,*,#3689,.F.);
#5026=ORIENTED_EDGE('',*,*,#3690,.F.);
#5027=ORIENTED_EDGE('',*,*,#3258,.F.);
#5028=ORIENTED_EDGE('',*,*,#3691,.T.);
#5029=ORIENTED_EDGE('',*,*,#3692,.T.);
#5030=ORIENTED_EDGE('',*,*,#3265,.F.);
#5031=ORIENTED_EDGE('',*,*,#3259,.F.);
#5032=ORIENTED_EDGE('',*,*,#3264,.T.);
#5033=ORIENTED_EDGE('',*,*,#3693,.T.);
#5034=ORIENTED_EDGE('',*,*,#3691,.F.);
#5035=ORIENTED_EDGE('',*,*,#3263,.F.);
#5036=ORIENTED_EDGE('',*,*,#3266,.F.);
#5037=ORIENTED_EDGE('',*,*,#3692,.F.);
#5038=ORIENTED_EDGE('',*,*,#3693,.F.);
#5039=ORIENTED_EDGE('',*,*,#3271,.F.);
#5040=ORIENTED_EDGE('',*,*,#3694,.T.);
#5041=ORIENTED_EDGE('',*,*,#3695,.T.);
#5042=ORIENTED_EDGE('',*,*,#3278,.F.);
#5043=ORIENTED_EDGE('',*,*,#3272,.F.);
#5044=ORIENTED_EDGE('',*,*,#3277,.T.);
#5045=ORIENTED_EDGE('',*,*,#3696,.T.);
#5046=ORIENTED_EDGE('',*,*,#3694,.F.);
#5047=ORIENTED_EDGE('',*,*,#3276,.F.);
#5048=ORIENTED_EDGE('',*,*,#3279,.F.);
#5049=ORIENTED_EDGE('',*,*,#3695,.F.);
#5050=ORIENTED_EDGE('',*,*,#3696,.F.);
#5051=ORIENTED_EDGE('',*,*,#3284,.F.);
#5052=ORIENTED_EDGE('',*,*,#3697,.T.);
#5053=ORIENTED_EDGE('',*,*,#3698,.T.);
#5054=ORIENTED_EDGE('',*,*,#3291,.F.);
#5055=ORIENTED_EDGE('',*,*,#3285,.F.);
#5056=ORIENTED_EDGE('',*,*,#3290,.T.);
#5057=ORIENTED_EDGE('',*,*,#3699,.T.);
#5058=ORIENTED_EDGE('',*,*,#3697,.F.);
#5059=ORIENTED_EDGE('',*,*,#3289,.F.);
#5060=ORIENTED_EDGE('',*,*,#3292,.F.);
#5061=ORIENTED_EDGE('',*,*,#3698,.F.);
#5062=ORIENTED_EDGE('',*,*,#3699,.F.);
#5063=ORIENTED_EDGE('',*,*,#3297,.F.);
#5064=ORIENTED_EDGE('',*,*,#3700,.T.);
#5065=ORIENTED_EDGE('',*,*,#3701,.T.);
#5066=ORIENTED_EDGE('',*,*,#3304,.F.);
#5067=ORIENTED_EDGE('',*,*,#3298,.F.);
#5068=ORIENTED_EDGE('',*,*,#3303,.T.);
#5069=ORIENTED_EDGE('',*,*,#3702,.T.);
#5070=ORIENTED_EDGE('',*,*,#3700,.F.);
#5071=ORIENTED_EDGE('',*,*,#3302,.F.);
#5072=ORIENTED_EDGE('',*,*,#3305,.F.);
#5073=ORIENTED_EDGE('',*,*,#3701,.F.);
#5074=ORIENTED_EDGE('',*,*,#3702,.F.);
#5075=ORIENTED_EDGE('',*,*,#3310,.F.);
#5076=ORIENTED_EDGE('',*,*,#3703,.T.);
#5077=ORIENTED_EDGE('',*,*,#3704,.T.);
#5078=ORIENTED_EDGE('',*,*,#3317,.F.);
#5079=ORIENTED_EDGE('',*,*,#3311,.F.);
#5080=ORIENTED_EDGE('',*,*,#3316,.T.);
#5081=ORIENTED_EDGE('',*,*,#3705,.T.);
#5082=ORIENTED_EDGE('',*,*,#3703,.F.);
#5083=ORIENTED_EDGE('',*,*,#3315,.F.);
#5084=ORIENTED_EDGE('',*,*,#3318,.F.);
#5085=ORIENTED_EDGE('',*,*,#3704,.F.);
#5086=ORIENTED_EDGE('',*,*,#3705,.F.);
#5087=ORIENTED_EDGE('',*,*,#3323,.F.);
#5088=ORIENTED_EDGE('',*,*,#3706,.T.);
#5089=ORIENTED_EDGE('',*,*,#3707,.T.);
#5090=ORIENTED_EDGE('',*,*,#3330,.F.);
#5091=ORIENTED_EDGE('',*,*,#3324,.F.);
#5092=ORIENTED_EDGE('',*,*,#3329,.T.);
#5093=ORIENTED_EDGE('',*,*,#3708,.T.);
#5094=ORIENTED_EDGE('',*,*,#3706,.F.);
#5095=ORIENTED_EDGE('',*,*,#3328,.F.);
#5096=ORIENTED_EDGE('',*,*,#3331,.F.);
#5097=ORIENTED_EDGE('',*,*,#3707,.F.);
#5098=ORIENTED_EDGE('',*,*,#3708,.F.);
#5099=ORIENTED_EDGE('',*,*,#3336,.F.);
#5100=ORIENTED_EDGE('',*,*,#3709,.T.);
#5101=ORIENTED_EDGE('',*,*,#3710,.T.);
#5102=ORIENTED_EDGE('',*,*,#3343,.F.);
#5103=ORIENTED_EDGE('',*,*,#3337,.F.);
#5104=ORIENTED_EDGE('',*,*,#3342,.T.);
#5105=ORIENTED_EDGE('',*,*,#3711,.T.);
#5106=ORIENTED_EDGE('',*,*,#3709,.F.);
#5107=ORIENTED_EDGE('',*,*,#3341,.F.);
#5108=ORIENTED_EDGE('',*,*,#3344,.F.);
#5109=ORIENTED_EDGE('',*,*,#3710,.F.);
#5110=ORIENTED_EDGE('',*,*,#3711,.F.);
#5111=ORIENTED_EDGE('',*,*,#3349,.F.);
#5112=ORIENTED_EDGE('',*,*,#3712,.T.);
#5113=ORIENTED_EDGE('',*,*,#3713,.T.);
#5114=ORIENTED_EDGE('',*,*,#3356,.F.);
#5115=ORIENTED_EDGE('',*,*,#3350,.F.);
#5116=ORIENTED_EDGE('',*,*,#3355,.T.);
#5117=ORIENTED_EDGE('',*,*,#3714,.T.);
#5118=ORIENTED_EDGE('',*,*,#3712,.F.);
#5119=ORIENTED_EDGE('',*,*,#3354,.F.);
#5120=ORIENTED_EDGE('',*,*,#3357,.F.);
#5121=ORIENTED_EDGE('',*,*,#3713,.F.);
#5122=ORIENTED_EDGE('',*,*,#3714,.F.);
#5123=ORIENTED_EDGE('',*,*,#3362,.F.);
#5124=ORIENTED_EDGE('',*,*,#3715,.T.);
#5125=ORIENTED_EDGE('',*,*,#3716,.T.);
#5126=ORIENTED_EDGE('',*,*,#3369,.F.);
#5127=ORIENTED_EDGE('',*,*,#3363,.F.);
#5128=ORIENTED_EDGE('',*,*,#3368,.T.);
#5129=ORIENTED_EDGE('',*,*,#3717,.T.);
#5130=ORIENTED_EDGE('',*,*,#3715,.F.);
#5131=ORIENTED_EDGE('',*,*,#3367,.F.);
#5132=ORIENTED_EDGE('',*,*,#3370,.F.);
#5133=ORIENTED_EDGE('',*,*,#3716,.F.);
#5134=ORIENTED_EDGE('',*,*,#3717,.F.);
#5135=ORIENTED_EDGE('',*,*,#3375,.F.);
#5136=ORIENTED_EDGE('',*,*,#3718,.T.);
#5137=ORIENTED_EDGE('',*,*,#3719,.T.);
#5138=ORIENTED_EDGE('',*,*,#3382,.F.);
#5139=ORIENTED_EDGE('',*,*,#3376,.F.);
#5140=ORIENTED_EDGE('',*,*,#3381,.T.);
#5141=ORIENTED_EDGE('',*,*,#3720,.T.);
#5142=ORIENTED_EDGE('',*,*,#3718,.F.);
#5143=ORIENTED_EDGE('',*,*,#3380,.F.);
#5144=ORIENTED_EDGE('',*,*,#3383,.F.);
#5145=ORIENTED_EDGE('',*,*,#3719,.F.);
#5146=ORIENTED_EDGE('',*,*,#3720,.F.);
#5147=ORIENTED_EDGE('',*,*,#3388,.F.);
#5148=ORIENTED_EDGE('',*,*,#3721,.T.);
#5149=ORIENTED_EDGE('',*,*,#3722,.T.);
#5150=ORIENTED_EDGE('',*,*,#3395,.F.);
#5151=ORIENTED_EDGE('',*,*,#3389,.F.);
#5152=ORIENTED_EDGE('',*,*,#3394,.T.);
#5153=ORIENTED_EDGE('',*,*,#3723,.T.);
#5154=ORIENTED_EDGE('',*,*,#3721,.F.);
#5155=ORIENTED_EDGE('',*,*,#3393,.F.);
#5156=ORIENTED_EDGE('',*,*,#3396,.F.);
#5157=ORIENTED_EDGE('',*,*,#3722,.F.);
#5158=ORIENTED_EDGE('',*,*,#3723,.F.);
#5159=ORIENTED_EDGE('',*,*,#3401,.F.);
#5160=ORIENTED_EDGE('',*,*,#3724,.T.);
#5161=ORIENTED_EDGE('',*,*,#3725,.T.);
#5162=ORIENTED_EDGE('',*,*,#3408,.F.);
#5163=ORIENTED_EDGE('',*,*,#3402,.F.);
#5164=ORIENTED_EDGE('',*,*,#3407,.T.);
#5165=ORIENTED_EDGE('',*,*,#3726,.T.);
#5166=ORIENTED_EDGE('',*,*,#3724,.F.);
#5167=ORIENTED_EDGE('',*,*,#3406,.F.);
#5168=ORIENTED_EDGE('',*,*,#3409,.F.);
#5169=ORIENTED_EDGE('',*,*,#3725,.F.);
#5170=ORIENTED_EDGE('',*,*,#3726,.F.);
#5171=ORIENTED_EDGE('',*,*,#3414,.F.);
#5172=ORIENTED_EDGE('',*,*,#3727,.T.);
#5173=ORIENTED_EDGE('',*,*,#3728,.T.);
#5174=ORIENTED_EDGE('',*,*,#3421,.F.);
#5175=ORIENTED_EDGE('',*,*,#3415,.F.);
#5176=ORIENTED_EDGE('',*,*,#3420,.T.);
#5177=ORIENTED_EDGE('',*,*,#3729,.T.);
#5178=ORIENTED_EDGE('',*,*,#3727,.F.);
#5179=ORIENTED_EDGE('',*,*,#3419,.F.);
#5180=ORIENTED_EDGE('',*,*,#3422,.F.);
#5181=ORIENTED_EDGE('',*,*,#3728,.F.);
#5182=ORIENTED_EDGE('',*,*,#3729,.F.);
#5183=ORIENTED_EDGE('',*,*,#3427,.F.);
#5184=ORIENTED_EDGE('',*,*,#3730,.T.);
#5185=ORIENTED_EDGE('',*,*,#3731,.T.);
#5186=ORIENTED_EDGE('',*,*,#3434,.F.);
#5187=ORIENTED_EDGE('',*,*,#3428,.F.);
#5188=ORIENTED_EDGE('',*,*,#3433,.T.);
#5189=ORIENTED_EDGE('',*,*,#3732,.T.);
#5190=ORIENTED_EDGE('',*,*,#3730,.F.);
#5191=ORIENTED_EDGE('',*,*,#3432,.F.);
#5192=ORIENTED_EDGE('',*,*,#3435,.F.);
#5193=ORIENTED_EDGE('',*,*,#3731,.F.);
#5194=ORIENTED_EDGE('',*,*,#3732,.F.);
#5195=ORIENTED_EDGE('',*,*,#3440,.F.);
#5196=ORIENTED_EDGE('',*,*,#3733,.T.);
#5197=ORIENTED_EDGE('',*,*,#3734,.T.);
#5198=ORIENTED_EDGE('',*,*,#3447,.F.);
#5199=ORIENTED_EDGE('',*,*,#3441,.F.);
#5200=ORIENTED_EDGE('',*,*,#3446,.T.);
#5201=ORIENTED_EDGE('',*,*,#3735,.T.);
#5202=ORIENTED_EDGE('',*,*,#3733,.F.);
#5203=ORIENTED_EDGE('',*,*,#3445,.F.);
#5204=ORIENTED_EDGE('',*,*,#3448,.F.);
#5205=ORIENTED_EDGE('',*,*,#3734,.F.);
#5206=ORIENTED_EDGE('',*,*,#3735,.F.);
#5207=ORIENTED_EDGE('',*,*,#3453,.F.);
#5208=ORIENTED_EDGE('',*,*,#3736,.T.);
#5209=ORIENTED_EDGE('',*,*,#3737,.T.);
#5210=ORIENTED_EDGE('',*,*,#3460,.F.);
#5211=ORIENTED_EDGE('',*,*,#3454,.F.);
#5212=ORIENTED_EDGE('',*,*,#3459,.T.);
#5213=ORIENTED_EDGE('',*,*,#3738,.T.);
#5214=ORIENTED_EDGE('',*,*,#3736,.F.);
#5215=ORIENTED_EDGE('',*,*,#3458,.F.);
#5216=ORIENTED_EDGE('',*,*,#3461,.F.);
#5217=ORIENTED_EDGE('',*,*,#3737,.F.);
#5218=ORIENTED_EDGE('',*,*,#3738,.F.);
#5219=ORIENTED_EDGE('',*,*,#3466,.F.);
#5220=ORIENTED_EDGE('',*,*,#3739,.T.);
#5221=ORIENTED_EDGE('',*,*,#3740,.T.);
#5222=ORIENTED_EDGE('',*,*,#3473,.F.);
#5223=ORIENTED_EDGE('',*,*,#3467,.F.);
#5224=ORIENTED_EDGE('',*,*,#3472,.T.);
#5225=ORIENTED_EDGE('',*,*,#3741,.T.);
#5226=ORIENTED_EDGE('',*,*,#3739,.F.);
#5227=ORIENTED_EDGE('',*,*,#3471,.F.);
#5228=ORIENTED_EDGE('',*,*,#3474,.F.);
#5229=ORIENTED_EDGE('',*,*,#3740,.F.);
#5230=ORIENTED_EDGE('',*,*,#3741,.F.);
#5231=ORIENTED_EDGE('',*,*,#3479,.F.);
#5232=ORIENTED_EDGE('',*,*,#3742,.T.);
#5233=ORIENTED_EDGE('',*,*,#3743,.T.);
#5234=ORIENTED_EDGE('',*,*,#3486,.F.);
#5235=ORIENTED_EDGE('',*,*,#3480,.F.);
#5236=ORIENTED_EDGE('',*,*,#3485,.T.);
#5237=ORIENTED_EDGE('',*,*,#3744,.T.);
#5238=ORIENTED_EDGE('',*,*,#3742,.F.);
#5239=ORIENTED_EDGE('',*,*,#3484,.F.);
#5240=ORIENTED_EDGE('',*,*,#3487,.F.);
#5241=ORIENTED_EDGE('',*,*,#3743,.F.);
#5242=ORIENTED_EDGE('',*,*,#3744,.F.);
#5243=ORIENTED_EDGE('',*,*,#3492,.F.);
#5244=ORIENTED_EDGE('',*,*,#3745,.T.);
#5245=ORIENTED_EDGE('',*,*,#3746,.T.);
#5246=ORIENTED_EDGE('',*,*,#3499,.F.);
#5247=ORIENTED_EDGE('',*,*,#3493,.F.);
#5248=ORIENTED_EDGE('',*,*,#3498,.T.);
#5249=ORIENTED_EDGE('',*,*,#3747,.T.);
#5250=ORIENTED_EDGE('',*,*,#3745,.F.);
#5251=ORIENTED_EDGE('',*,*,#3497,.F.);
#5252=ORIENTED_EDGE('',*,*,#3500,.F.);
#5253=ORIENTED_EDGE('',*,*,#3746,.F.);
#5254=ORIENTED_EDGE('',*,*,#3747,.F.);
#5255=ORIENTED_EDGE('',*,*,#3505,.F.);
#5256=ORIENTED_EDGE('',*,*,#3748,.T.);
#5257=ORIENTED_EDGE('',*,*,#3749,.T.);
#5258=ORIENTED_EDGE('',*,*,#3512,.F.);
#5259=ORIENTED_EDGE('',*,*,#3506,.F.);
#5260=ORIENTED_EDGE('',*,*,#3511,.T.);
#5261=ORIENTED_EDGE('',*,*,#3750,.T.);
#5262=ORIENTED_EDGE('',*,*,#3748,.F.);
#5263=ORIENTED_EDGE('',*,*,#3510,.F.);
#5264=ORIENTED_EDGE('',*,*,#3513,.F.);
#5265=ORIENTED_EDGE('',*,*,#3749,.F.);
#5266=ORIENTED_EDGE('',*,*,#3750,.F.);
#5267=ORIENTED_EDGE('',*,*,#3518,.F.);
#5268=ORIENTED_EDGE('',*,*,#3751,.T.);
#5269=ORIENTED_EDGE('',*,*,#3752,.T.);
#5270=ORIENTED_EDGE('',*,*,#3525,.F.);
#5271=ORIENTED_EDGE('',*,*,#3519,.F.);
#5272=ORIENTED_EDGE('',*,*,#3524,.T.);
#5273=ORIENTED_EDGE('',*,*,#3753,.T.);
#5274=ORIENTED_EDGE('',*,*,#3751,.F.);
#5275=ORIENTED_EDGE('',*,*,#3523,.F.);
#5276=ORIENTED_EDGE('',*,*,#3526,.F.);
#5277=ORIENTED_EDGE('',*,*,#3752,.F.);
#5278=ORIENTED_EDGE('',*,*,#3753,.F.);
#5279=ORIENTED_EDGE('',*,*,#3531,.F.);
#5280=ORIENTED_EDGE('',*,*,#3754,.T.);
#5281=ORIENTED_EDGE('',*,*,#3755,.T.);
#5282=ORIENTED_EDGE('',*,*,#3538,.F.);
#5283=ORIENTED_EDGE('',*,*,#3532,.F.);
#5284=ORIENTED_EDGE('',*,*,#3537,.T.);
#5285=ORIENTED_EDGE('',*,*,#3756,.T.);
#5286=ORIENTED_EDGE('',*,*,#3754,.F.);
#5287=ORIENTED_EDGE('',*,*,#3536,.F.);
#5288=ORIENTED_EDGE('',*,*,#3539,.F.);
#5289=ORIENTED_EDGE('',*,*,#3755,.F.);
#5290=ORIENTED_EDGE('',*,*,#3756,.F.);
#5291=ORIENTED_EDGE('',*,*,#3544,.F.);
#5292=ORIENTED_EDGE('',*,*,#3757,.T.);
#5293=ORIENTED_EDGE('',*,*,#3758,.T.);
#5294=ORIENTED_EDGE('',*,*,#3551,.F.);
#5295=ORIENTED_EDGE('',*,*,#3545,.F.);
#5296=ORIENTED_EDGE('',*,*,#3550,.T.);
#5297=ORIENTED_EDGE('',*,*,#3759,.T.);
#5298=ORIENTED_EDGE('',*,*,#3757,.F.);
#5299=ORIENTED_EDGE('',*,*,#3549,.F.);
#5300=ORIENTED_EDGE('',*,*,#3552,.F.);
#5301=ORIENTED_EDGE('',*,*,#3758,.F.);
#5302=ORIENTED_EDGE('',*,*,#3759,.F.);
#5303=ORIENTED_EDGE('',*,*,#3557,.F.);
#5304=ORIENTED_EDGE('',*,*,#3760,.T.);
#5305=ORIENTED_EDGE('',*,*,#3761,.T.);
#5306=ORIENTED_EDGE('',*,*,#3564,.F.);
#5307=ORIENTED_EDGE('',*,*,#3558,.F.);
#5308=ORIENTED_EDGE('',*,*,#3563,.T.);
#5309=ORIENTED_EDGE('',*,*,#3762,.T.);
#5310=ORIENTED_EDGE('',*,*,#3760,.F.);
#5311=ORIENTED_EDGE('',*,*,#3562,.F.);
#5312=ORIENTED_EDGE('',*,*,#3565,.F.);
#5313=ORIENTED_EDGE('',*,*,#3761,.F.);
#5314=ORIENTED_EDGE('',*,*,#3762,.F.);
#5315=ORIENTED_EDGE('',*,*,#3570,.F.);
#5316=ORIENTED_EDGE('',*,*,#3763,.T.);
#5317=ORIENTED_EDGE('',*,*,#3764,.T.);
#5318=ORIENTED_EDGE('',*,*,#3577,.F.);
#5319=ORIENTED_EDGE('',*,*,#3571,.F.);
#5320=ORIENTED_EDGE('',*,*,#3576,.T.);
#5321=ORIENTED_EDGE('',*,*,#3765,.T.);
#5322=ORIENTED_EDGE('',*,*,#3763,.F.);
#5323=ORIENTED_EDGE('',*,*,#3575,.F.);
#5324=ORIENTED_EDGE('',*,*,#3578,.F.);
#5325=ORIENTED_EDGE('',*,*,#3764,.F.);
#5326=ORIENTED_EDGE('',*,*,#3765,.F.);
#5327=ORIENTED_EDGE('',*,*,#3583,.F.);
#5328=ORIENTED_EDGE('',*,*,#3766,.T.);
#5329=ORIENTED_EDGE('',*,*,#3767,.T.);
#5330=ORIENTED_EDGE('',*,*,#3590,.F.);
#5331=ORIENTED_EDGE('',*,*,#3584,.F.);
#5332=ORIENTED_EDGE('',*,*,#3589,.T.);
#5333=ORIENTED_EDGE('',*,*,#3768,.T.);
#5334=ORIENTED_EDGE('',*,*,#3766,.F.);
#5335=ORIENTED_EDGE('',*,*,#3588,.F.);
#5336=ORIENTED_EDGE('',*,*,#3591,.F.);
#5337=ORIENTED_EDGE('',*,*,#3767,.F.);
#5338=ORIENTED_EDGE('',*,*,#3768,.F.);
#5339=ORIENTED_EDGE('',*,*,#3596,.F.);
#5340=ORIENTED_EDGE('',*,*,#3769,.T.);
#5341=ORIENTED_EDGE('',*,*,#3770,.T.);
#5342=ORIENTED_EDGE('',*,*,#3603,.F.);
#5343=ORIENTED_EDGE('',*,*,#3597,.F.);
#5344=ORIENTED_EDGE('',*,*,#3602,.T.);
#5345=ORIENTED_EDGE('',*,*,#3771,.T.);
#5346=ORIENTED_EDGE('',*,*,#3769,.F.);
#5347=ORIENTED_EDGE('',*,*,#3601,.F.);
#5348=ORIENTED_EDGE('',*,*,#3604,.F.);
#5349=ORIENTED_EDGE('',*,*,#3770,.F.);
#5350=ORIENTED_EDGE('',*,*,#3771,.F.);
#5351=ORIENTED_EDGE('',*,*,#3609,.F.);
#5352=ORIENTED_EDGE('',*,*,#3772,.T.);
#5353=ORIENTED_EDGE('',*,*,#3773,.T.);
#5354=ORIENTED_EDGE('',*,*,#3616,.F.);
#5355=ORIENTED_EDGE('',*,*,#3610,.F.);
#5356=ORIENTED_EDGE('',*,*,#3615,.T.);
#5357=ORIENTED_EDGE('',*,*,#3774,.T.);
#5358=ORIENTED_EDGE('',*,*,#3772,.F.);
#5359=ORIENTED_EDGE('',*,*,#3614,.F.);
#5360=ORIENTED_EDGE('',*,*,#3617,.F.);
#5361=ORIENTED_EDGE('',*,*,#3773,.F.);
#5362=ORIENTED_EDGE('',*,*,#3774,.F.);
#5363=ORIENTED_EDGE('',*,*,#3622,.F.);
#5364=ORIENTED_EDGE('',*,*,#3775,.T.);
#5365=ORIENTED_EDGE('',*,*,#3776,.T.);
#5366=ORIENTED_EDGE('',*,*,#3629,.F.);
#5367=ORIENTED_EDGE('',*,*,#3623,.F.);
#5368=ORIENTED_EDGE('',*,*,#3628,.T.);
#5369=ORIENTED_EDGE('',*,*,#3777,.T.);
#5370=ORIENTED_EDGE('',*,*,#3775,.F.);
#5371=ORIENTED_EDGE('',*,*,#3627,.F.);
#5372=ORIENTED_EDGE('',*,*,#3630,.F.);
#5373=ORIENTED_EDGE('',*,*,#3776,.F.);
#5374=ORIENTED_EDGE('',*,*,#3777,.F.);
#5375=ORIENTED_EDGE('',*,*,#3635,.F.);
#5376=ORIENTED_EDGE('',*,*,#3778,.T.);
#5377=ORIENTED_EDGE('',*,*,#3779,.T.);
#5378=ORIENTED_EDGE('',*,*,#3642,.F.);
#5379=ORIENTED_EDGE('',*,*,#3636,.F.);
#5380=ORIENTED_EDGE('',*,*,#3641,.T.);
#5381=ORIENTED_EDGE('',*,*,#3780,.T.);
#5382=ORIENTED_EDGE('',*,*,#3778,.F.);
#5383=ORIENTED_EDGE('',*,*,#3640,.F.);
#5384=ORIENTED_EDGE('',*,*,#3643,.F.);
#5385=ORIENTED_EDGE('',*,*,#3779,.F.);
#5386=ORIENTED_EDGE('',*,*,#3780,.F.);
#5387=ORIENTED_EDGE('',*,*,#3648,.F.);
#5388=ORIENTED_EDGE('',*,*,#3781,.T.);
#5389=ORIENTED_EDGE('',*,*,#3782,.T.);
#5390=ORIENTED_EDGE('',*,*,#3655,.F.);
#5391=ORIENTED_EDGE('',*,*,#3649,.F.);
#5392=ORIENTED_EDGE('',*,*,#3654,.T.);
#5393=ORIENTED_EDGE('',*,*,#3783,.T.);
#5394=ORIENTED_EDGE('',*,*,#3781,.F.);
#5395=ORIENTED_EDGE('',*,*,#3653,.F.);
#5396=ORIENTED_EDGE('',*,*,#3656,.F.);
#5397=ORIENTED_EDGE('',*,*,#3782,.F.);
#5398=ORIENTED_EDGE('',*,*,#3783,.F.);
#5399=ORIENTED_EDGE('',*,*,#3661,.F.);
#5400=ORIENTED_EDGE('',*,*,#3784,.T.);
#5401=ORIENTED_EDGE('',*,*,#3785,.T.);
#5402=ORIENTED_EDGE('',*,*,#3668,.F.);
#5403=ORIENTED_EDGE('',*,*,#3662,.F.);
#5404=ORIENTED_EDGE('',*,*,#3667,.T.);
#5405=ORIENTED_EDGE('',*,*,#3786,.T.);
#5406=ORIENTED_EDGE('',*,*,#3784,.F.);
#5407=ORIENTED_EDGE('',*,*,#3666,.F.);
#5408=ORIENTED_EDGE('',*,*,#3669,.F.);
#5409=ORIENTED_EDGE('',*,*,#3785,.F.);
#5410=ORIENTED_EDGE('',*,*,#3786,.F.);
#5411=ORIENTED_EDGE('',*,*,#3081,.T.);
#5412=ORIENTED_EDGE('',*,*,#3787,.T.);
#5413=ORIENTED_EDGE('',*,*,#3788,.T.);
#5414=ORIENTED_EDGE('',*,*,#3789,.T.);
#5415=ORIENTED_EDGE('',*,*,#3084,.T.);
#5416=ORIENTED_EDGE('',*,*,#3790,.T.);
#5417=ORIENTED_EDGE('',*,*,#3791,.T.);
#5418=ORIENTED_EDGE('',*,*,#3787,.F.);
#5419=ORIENTED_EDGE('',*,*,#3792,.T.);
#5420=ORIENTED_EDGE('',*,*,#3790,.F.);
#5421=ORIENTED_EDGE('',*,*,#3083,.T.);
#5422=ORIENTED_EDGE('',*,*,#3793,.T.);
#5423=ORIENTED_EDGE('',*,*,#3082,.T.);
#5424=ORIENTED_EDGE('',*,*,#3789,.F.);
#5425=ORIENTED_EDGE('',*,*,#3794,.T.);
#5426=ORIENTED_EDGE('',*,*,#3793,.F.);
#5427=ORIENTED_EDGE('',*,*,#3794,.F.);
#5428=ORIENTED_EDGE('',*,*,#3795,.T.);
#5429=ORIENTED_EDGE('',*,*,#3796,.T.);
#5430=ORIENTED_EDGE('',*,*,#3797,.F.);
#5431=ORIENTED_EDGE('',*,*,#3788,.F.);
#5432=ORIENTED_EDGE('',*,*,#3798,.T.);
#5433=ORIENTED_EDGE('',*,*,#3799,.T.);
#5434=ORIENTED_EDGE('',*,*,#3795,.F.);
#5435=ORIENTED_EDGE('',*,*,#3791,.F.);
#5436=ORIENTED_EDGE('',*,*,#3800,.T.);
#5437=ORIENTED_EDGE('',*,*,#3801,.T.);
#5438=ORIENTED_EDGE('',*,*,#3798,.F.);
#5439=ORIENTED_EDGE('',*,*,#3792,.F.);
#5440=ORIENTED_EDGE('',*,*,#3797,.T.);
#5441=ORIENTED_EDGE('',*,*,#3802,.T.);
#5442=ORIENTED_EDGE('',*,*,#3800,.F.);
#5443=ORIENTED_EDGE('',*,*,#3796,.F.);
#5444=ORIENTED_EDGE('',*,*,#3799,.F.);
#5445=ORIENTED_EDGE('',*,*,#3801,.F.);
#5446=ORIENTED_EDGE('',*,*,#3802,.F.);
#5447=ORIENTED_EDGE('',*,*,#2984,.T.);
#5448=ORIENTED_EDGE('',*,*,#3161,.T.);
#5449=ORIENTED_EDGE('',*,*,#2997,.T.);
#5450=ORIENTED_EDGE('',*,*,#3162,.F.);
#5451=PLANE('',#6199);
#5452=PLANE('',#6200);
#5453=PLANE('',#6201);
#5454=PLANE('',#6202);
#5455=PLANE('',#6203);
#5456=PLANE('',#6204);
#5457=PLANE('',#6205);
#5458=PLANE('',#6206);
#5459=PLANE('',#6207);
#5460=PLANE('',#6208);
#5461=PLANE('',#6209);
#5462=PLANE('',#6210);
#5463=PLANE('',#6211);
#5464=PLANE('',#6212);
#5465=PLANE('',#6213);
#5466=PLANE('',#6214);
#5467=PLANE('',#6215);
#5468=PLANE('',#6216);
#5469=PLANE('',#6217);
#5470=PLANE('',#6218);
#5471=PLANE('',#6219);
#5472=PLANE('',#6220);
#5473=PLANE('',#6221);
#5474=PLANE('',#6222);
#5475=PLANE('',#6223);
#5476=PLANE('',#6224);
#5477=PLANE('',#6225);
#5478=PLANE('',#6226);
#5479=PLANE('',#6227);
#5480=PLANE('',#6228);
#5481=PLANE('',#6229);
#5482=PLANE('',#6230);
#5483=PLANE('',#6231);
#5484=PLANE('',#6232);
#5485=PLANE('',#6233);
#5486=PLANE('',#6234);
#5487=PLANE('',#6235);
#5488=PLANE('',#6236);
#5489=PLANE('',#6237);
#5490=PLANE('',#6238);
#5491=PLANE('',#6239);
#5492=PLANE('',#6240);
#5493=PLANE('',#6241);
#5494=PLANE('',#6242);
#5495=PLANE('',#6243);
#5496=PLANE('',#6244);
#5497=PLANE('',#6245);
#5498=PLANE('',#6246);
#5499=PLANE('',#6247);
#5500=PLANE('',#6248);
#5501=PLANE('',#6249);
#5502=PLANE('',#6250);
#5503=PLANE('',#6251);
#5504=PLANE('',#6252);
#5505=PLANE('',#6253);
#5506=PLANE('',#6254);
#5507=PLANE('',#6255);
#5508=PLANE('',#6256);
#5509=PLANE('',#6257);
#5510=PLANE('',#6258);
#5511=PLANE('',#6259);
#5512=PLANE('',#6260);
#5513=PLANE('',#6261);
#5514=PLANE('',#6262);
#5515=PLANE('',#6263);
#5516=PLANE('',#6264);
#5517=PLANE('',#6265);
#5518=PLANE('',#6266);
#5519=PLANE('',#6267);
#5520=PLANE('',#6268);
#5521=PLANE('',#6269);
#5522=PLANE('',#6270);
#5523=PLANE('',#6271);
#5524=PLANE('',#6272);
#5525=PLANE('',#6273);
#5526=PLANE('',#6274);
#5527=PLANE('',#6275);
#5528=PLANE('',#6276);
#5529=PLANE('',#6277);
#5530=PLANE('',#6278);
#5531=PLANE('',#6279);
#5532=PLANE('',#6280);
#5533=PLANE('',#6281);
#5534=PLANE('',#6282);
#5535=PLANE('',#6283);
#5536=PLANE('',#6284);
#5537=PLANE('',#6285);
#5538=PLANE('',#6286);
#5539=PLANE('',#6287);
#5540=PLANE('',#6288);
#5541=PLANE('',#6289);
#5542=PLANE('',#6290);
#5543=PLANE('',#6291);
#5544=PLANE('',#6292);
#5545=PLANE('',#6293);
#5546=PLANE('',#6294);
#5547=PLANE('',#6295);
#5548=PLANE('',#6296);
#5549=PLANE('',#6297);
#5550=PLANE('',#6298);
#5551=PLANE('',#6299);
#5552=PLANE('',#6300);
#5553=PLANE('',#6301);
#5554=PLANE('',#6302);
#5555=PLANE('',#6303);
#5556=PLANE('',#6304);
#5557=PLANE('',#6305);
#5558=PLANE('',#6306);
#5559=PLANE('',#6307);
#5560=PLANE('',#6308);
#5561=PLANE('',#6309);
#5562=PLANE('',#6310);
#5563=PLANE('',#6311);
#5564=PLANE('',#6312);
#5565=PLANE('',#6313);
#5566=PLANE('',#6314);
#5567=PLANE('',#6315);
#5568=PLANE('',#6316);
#5569=PLANE('',#6317);
#5570=PLANE('',#6318);
#5571=PLANE('',#6319);
#5572=PLANE('',#6320);
#5573=PLANE('',#6321);
#5574=PLANE('',#6322);
#5575=PLANE('',#6323);
#5576=PLANE('',#6324);
#5577=PLANE('',#6325);
#5578=PLANE('',#6326);
#5579=PLANE('',#6327);
#5580=PLANE('',#6328);
#5581=PLANE('',#6329);
#5582=PLANE('',#6330);
#5583=PLANE('',#6331);
#5584=PLANE('',#6332);
#5585=PLANE('',#6333);
#5586=PLANE('',#6334);
#5587=PLANE('',#6335);
#5588=PLANE('',#6336);
#5589=PLANE('',#6337);
#5590=PLANE('',#6338);
#5591=PLANE('',#6339);
#5592=PLANE('',#6340);
#5593=PLANE('',#6341);
#5594=PLANE('',#6342);
#5595=PLANE('',#6343);
#5596=PLANE('',#6344);
#5597=PLANE('',#6345);
#5598=PLANE('',#6346);
#5599=PLANE('',#6347);
#5600=PLANE('',#6348);
#5601=PLANE('',#6349);
#5602=PLANE('',#6350);
#5603=PLANE('',#6351);
#5604=PLANE('',#6352);
#5605=PLANE('',#6353);
#5606=PLANE('',#6354);
#5607=PLANE('',#6355);
#5608=PLANE('',#6356);
#5609=PLANE('',#6357);
#5610=PLANE('',#6358);
#5611=PLANE('',#6359);
#5612=PLANE('',#6360);
#5613=PLANE('',#6361);
#5614=PLANE('',#6362);
#5615=PLANE('',#6363);
#5616=PLANE('',#6364);
#5617=PLANE('',#6365);
#5618=PLANE('',#6366);
#5619=PLANE('',#6367);
#5620=PLANE('',#6368);
#5621=PLANE('',#6369);
#5622=PLANE('',#6370);
#5623=PLANE('',#6371);
#5624=PLANE('',#6372);
#5625=PLANE('',#6373);
#5626=PLANE('',#6374);
#5627=PLANE('',#6375);
#5628=PLANE('',#6376);
#5629=PLANE('',#6377);
#5630=PLANE('',#6378);
#5631=PLANE('',#6379);
#5632=PLANE('',#6380);
#5633=PLANE('',#6381);
#5634=PLANE('',#6382);
#5635=PLANE('',#6383);
#5636=PLANE('',#6384);
#5637=PLANE('',#6385);
#5638=PLANE('',#6386);
#5639=PLANE('',#6387);
#5640=PLANE('',#6388);
#5641=PLANE('',#6389);
#5642=PLANE('',#6390);
#5643=PLANE('',#6391);
#5644=PLANE('',#6392);
#5645=PLANE('',#6393);
#5646=PLANE('',#6394);
#5647=PLANE('',#6395);
#5648=PLANE('',#6396);
#5649=PLANE('',#6397);
#5650=PLANE('',#6398);
#5651=PLANE('',#6399);
#5652=PLANE('',#6400);
#5653=PLANE('',#6401);
#5654=PLANE('',#6402);
#5655=PLANE('',#6403);
#5656=PLANE('',#6404);
#5657=PLANE('',#6405);
#5658=PLANE('',#6406);
#5659=PLANE('',#6407);
#5660=PLANE('',#6408);
#5661=PLANE('',#6409);
#5662=PLANE('',#6410);
#5663=PLANE('',#6411);
#5664=PLANE('',#6412);
#5665=PLANE('',#6413);
#5666=PLANE('',#6414);
#5667=PLANE('',#6415);
#5668=PLANE('',#6416);
#5669=PLANE('',#6417);
#5670=PLANE('',#6418);
#5671=PLANE('',#6419);
#5672=PLANE('',#6420);
#5673=PLANE('',#6421);
#5674=PLANE('',#6422);
#5675=PLANE('',#6423);
#5676=PLANE('',#6424);
#5677=PLANE('',#6425);
#5678=PLANE('',#6426);
#5679=PLANE('',#6427);
#5680=PLANE('',#6428);
#5681=PLANE('',#6429);
#5682=PLANE('',#6430);
#5683=PLANE('',#6431);
#5684=PLANE('',#6432);
#5685=PLANE('',#6433);
#5686=PLANE('',#6434);
#5687=PLANE('',#6435);
#5688=PLANE('',#6436);
#5689=PLANE('',#6437);
#5690=PLANE('',#6438);
#5691=PLANE('',#6439);
#5692=PLANE('',#6440);
#5693=PLANE('',#6441);
#5694=PLANE('',#6442);
#5695=PLANE('',#6443);
#5696=PLANE('',#6444);
#5697=PLANE('',#6445);
#5698=PLANE('',#6446);
#5699=PLANE('',#6447);
#5700=PLANE('',#6448);
#5701=PLANE('',#6449);
#5702=PLANE('',#6450);
#5703=PLANE('',#6451);
#5704=PLANE('',#6452);
#5705=PLANE('',#6453);
#5706=PLANE('',#6454);
#5707=PLANE('',#6455);
#5708=PLANE('',#6456);
#5709=PLANE('',#6457);
#5710=PLANE('',#6458);
#5711=PLANE('',#6459);
#5712=PLANE('',#6460);
#5713=PLANE('',#6461);
#5714=PLANE('',#6462);
#5715=PLANE('',#6463);
#5716=PLANE('',#6464);
#5717=PLANE('',#6465);
#5718=PLANE('',#6466);
#5719=PLANE('',#6467);
#5720=PLANE('',#6468);
#5721=PLANE('',#6469);
#5722=PLANE('',#6470);
#5723=PLANE('',#6471);
#5724=PLANE('',#6472);
#5725=PLANE('',#6473);
#5726=PLANE('',#6474);
#5727=PLANE('',#6475);
#5728=PLANE('',#6476);
#5729=PLANE('',#6477);
#5730=PLANE('',#6478);
#5731=PLANE('',#6479);
#5732=PLANE('',#6480);
#5733=PLANE('',#6481);
#5734=PLANE('',#6482);
#5735=PLANE('',#6483);
#5736=PLANE('',#6484);
#5737=PLANE('',#6485);
#5738=PLANE('',#6486);
#5739=PLANE('',#6487);
#5740=PLANE('',#6488);
#5741=PLANE('',#6489);
#5742=PLANE('',#6490);
#5743=PLANE('',#6491);
#5744=PLANE('',#6492);
#5745=PLANE('',#6493);
#5746=PLANE('',#6494);
#5747=PLANE('',#6495);
#5748=PLANE('',#6496);
#5749=PLANE('',#6497);
#5750=PLANE('',#6498);
#5751=PLANE('',#6499);
#5752=PLANE('',#6500);
#5753=PLANE('',#6501);
#5754=PLANE('',#6502);
#5755=PLANE('',#6503);
#5756=PLANE('',#6504);
#5757=PLANE('',#6505);
#5758=PLANE('',#6506);
#5759=PLANE('',#6507);
#5760=PLANE('',#6508);
#5761=PLANE('',#6509);
#5762=PLANE('',#6510);
#5763=PLANE('',#6511);
#5764=PLANE('',#6512);
#5765=PLANE('',#6513);
#5766=PLANE('',#6514);
#5767=PLANE('',#6515);
#5768=PLANE('',#6516);
#5769=PLANE('',#6517);
#5770=PLANE('',#6518);
#5771=PLANE('',#6519);
#5772=PLANE('',#6520);
#5773=PLANE('',#6521);
#5774=PLANE('',#6522);
#5775=PLANE('',#6523);
#5776=PLANE('',#6524);
#5777=PLANE('',#6525);
#5778=PLANE('',#6526);
#5779=PLANE('',#6527);
#5780=PLANE('',#6528);
#5781=PLANE('',#6529);
#5782=PLANE('',#6530);
#5783=PLANE('',#6531);
#5784=PLANE('',#6532);
#5785=PLANE('',#6533);
#5786=PLANE('',#6534);
#5787=PLANE('',#6535);
#5788=PLANE('',#6536);
#5789=PLANE('',#6537);
#5790=PLANE('',#6538);
#5791=PLANE('',#6539);
#5792=PLANE('',#6540);
#5793=PLANE('',#6541);
#5794=PLANE('',#6542);
#5795=PLANE('',#6543);
#5796=PLANE('',#6544);
#5797=PLANE('',#6545);
#5798=PLANE('',#6546);
#5799=PLANE('',#6547);
#5800=PLANE('',#6548);
#5801=PLANE('',#6549);
#5802=PLANE('',#6550);
#5803=PLANE('',#6551);
#5804=PLANE('',#6552);
#5805=PLANE('',#6553);
#5806=PLANE('',#6554);
#5807=PLANE('',#6555);
#5808=PLANE('',#6556);
#5809=PLANE('',#6557);
#5810=PLANE('',#6558);
#5811=PLANE('',#6559);
#5812=PLANE('',#6560);
#5813=PLANE('',#6561);
#5814=PLANE('',#6562);
#5815=PLANE('',#6563);
#5816=PLANE('',#6564);
#5817=PLANE('',#6565);
#5818=PLANE('',#6566);
#5819=PLANE('',#6567);
#5820=PLANE('',#6568);
#5821=ADVANCED_FACE('',(#55),#5451,.T.);
#5822=ADVANCED_FACE('',(#56),#5452,.F.);
#5823=ADVANCED_FACE('',(#57),#5453,.T.);
#5824=ADVANCED_FACE('',(#58),#5454,.F.);
#5825=ADVANCED_FACE('',(#59,#15,#16,#17,#18,#19,#20,#21,#22,#23,#24,#25,
#26,#27,#28,#29,#30,#31,#32,#33,#34,#35,#36,#37,#38,#39,#40,#41,#42,#43,
#44,#45,#46,#47,#48,#49,#50,#51,#52,#53,#54),#5455,.F.);
#5826=ADVANCED_FACE('',(#60),#5456,.T.);
#5827=ADVANCED_FACE('',(#61),#5457,.T.);
#5828=ADVANCED_FACE('',(#62),#5458,.T.);
#5829=ADVANCED_FACE('',(#63),#5459,.T.);
#5830=ADVANCED_FACE('',(#64),#5460,.T.);
#5831=ADVANCED_FACE('',(#65),#5461,.T.);
#5832=ADVANCED_FACE('',(#66),#5462,.T.);
#5833=ADVANCED_FACE('',(#67),#5463,.T.);
#5834=ADVANCED_FACE('',(#68),#5464,.F.);
#5835=ADVANCED_FACE('',(#69),#5465,.F.);
#5836=ADVANCED_FACE('',(#70),#5466,.T.);
#5837=ADVANCED_FACE('',(#71),#5467,.T.);
#5838=ADVANCED_FACE('',(#72),#5468,.T.);
#5839=ADVANCED_FACE('',(#73),#5469,.T.);
#5840=ADVANCED_FACE('',(#74),#5470,.F.);
#5841=ADVANCED_FACE('',(#75),#5471,.F.);
#5842=ADVANCED_FACE('',(#76),#5472,.T.);
#5843=ADVANCED_FACE('',(#77),#5473,.T.);
#5844=ADVANCED_FACE('',(#78),#5474,.T.);
#5845=ADVANCED_FACE('',(#79),#5475,.T.);
#5846=ADVANCED_FACE('',(#80),#5476,.F.);
#5847=ADVANCED_FACE('',(#81),#5477,.F.);
#5848=ADVANCED_FACE('',(#82),#5478,.T.);
#5849=ADVANCED_FACE('',(#83),#5479,.T.);
#5850=ADVANCED_FACE('',(#84),#5480,.T.);
#5851=ADVANCED_FACE('',(#85),#5481,.T.);
#5852=ADVANCED_FACE('',(#86),#5482,.F.);
#5853=ADVANCED_FACE('',(#87),#5483,.F.);
#5854=ADVANCED_FACE('',(#88),#5484,.T.);
#5855=ADVANCED_FACE('',(#89),#5485,.T.);
#5856=ADVANCED_FACE('',(#90),#5486,.T.);
#5857=ADVANCED_FACE('',(#91),#5487,.T.);
#5858=ADVANCED_FACE('',(#92),#5488,.F.);
#5859=ADVANCED_FACE('',(#93),#5489,.F.);
#5860=ADVANCED_FACE('',(#94),#5490,.T.);
#5861=ADVANCED_FACE('',(#95),#5491,.T.);
#5862=ADVANCED_FACE('',(#96),#5492,.T.);
#5863=ADVANCED_FACE('',(#97),#5493,.T.);
#5864=ADVANCED_FACE('',(#98),#5494,.F.);
#5865=ADVANCED_FACE('',(#99),#5495,.F.);
#5866=ADVANCED_FACE('',(#100),#5496,.T.);
#5867=ADVANCED_FACE('',(#101),#5497,.T.);
#5868=ADVANCED_FACE('',(#102),#5498,.T.);
#5869=ADVANCED_FACE('',(#103),#5499,.T.);
#5870=ADVANCED_FACE('',(#104),#5500,.F.);
#5871=ADVANCED_FACE('',(#105),#5501,.F.);
#5872=ADVANCED_FACE('',(#106),#5502,.T.);
#5873=ADVANCED_FACE('',(#107),#5503,.T.);
#5874=ADVANCED_FACE('',(#108),#5504,.T.);
#5875=ADVANCED_FACE('',(#109),#5505,.T.);
#5876=ADVANCED_FACE('',(#110),#5506,.F.);
#5877=ADVANCED_FACE('',(#111),#5507,.F.);
#5878=ADVANCED_FACE('',(#112),#5508,.T.);
#5879=ADVANCED_FACE('',(#113),#5509,.T.);
#5880=ADVANCED_FACE('',(#114),#5510,.T.);
#5881=ADVANCED_FACE('',(#115),#5511,.T.);
#5882=ADVANCED_FACE('',(#116),#5512,.F.);
#5883=ADVANCED_FACE('',(#117),#5513,.F.);
#5884=ADVANCED_FACE('',(#118),#5514,.T.);
#5885=ADVANCED_FACE('',(#119),#5515,.T.);
#5886=ADVANCED_FACE('',(#120),#5516,.T.);
#5887=ADVANCED_FACE('',(#121),#5517,.T.);
#5888=ADVANCED_FACE('',(#122),#5518,.F.);
#5889=ADVANCED_FACE('',(#123),#5519,.F.);
#5890=ADVANCED_FACE('',(#124),#5520,.T.);
#5891=ADVANCED_FACE('',(#125),#5521,.T.);
#5892=ADVANCED_FACE('',(#126),#5522,.T.);
#5893=ADVANCED_FACE('',(#127),#5523,.T.);
#5894=ADVANCED_FACE('',(#128),#5524,.F.);
#5895=ADVANCED_FACE('',(#129),#5525,.F.);
#5896=ADVANCED_FACE('',(#130),#5526,.T.);
#5897=ADVANCED_FACE('',(#131),#5527,.T.);
#5898=ADVANCED_FACE('',(#132),#5528,.T.);
#5899=ADVANCED_FACE('',(#133),#5529,.T.);
#5900=ADVANCED_FACE('',(#134),#5530,.F.);
#5901=ADVANCED_FACE('',(#135),#5531,.F.);
#5902=ADVANCED_FACE('',(#136),#5532,.T.);
#5903=ADVANCED_FACE('',(#137),#5533,.T.);
#5904=ADVANCED_FACE('',(#138),#5534,.T.);
#5905=ADVANCED_FACE('',(#139),#5535,.T.);
#5906=ADVANCED_FACE('',(#140),#5536,.F.);
#5907=ADVANCED_FACE('',(#141),#5537,.F.);
#5908=ADVANCED_FACE('',(#142),#5538,.T.);
#5909=ADVANCED_FACE('',(#143),#5539,.T.);
#5910=ADVANCED_FACE('',(#144),#5540,.T.);
#5911=ADVANCED_FACE('',(#145),#5541,.T.);
#5912=ADVANCED_FACE('',(#146),#5542,.F.);
#5913=ADVANCED_FACE('',(#147),#5543,.F.);
#5914=ADVANCED_FACE('',(#148),#5544,.T.);
#5915=ADVANCED_FACE('',(#149),#5545,.T.);
#5916=ADVANCED_FACE('',(#150),#5546,.T.);
#5917=ADVANCED_FACE('',(#151),#5547,.T.);
#5918=ADVANCED_FACE('',(#152),#5548,.F.);
#5919=ADVANCED_FACE('',(#153),#5549,.F.);
#5920=ADVANCED_FACE('',(#154),#5550,.T.);
#5921=ADVANCED_FACE('',(#155),#5551,.T.);
#5922=ADVANCED_FACE('',(#156),#5552,.T.);
#5923=ADVANCED_FACE('',(#157),#5553,.T.);
#5924=ADVANCED_FACE('',(#158),#5554,.F.);
#5925=ADVANCED_FACE('',(#159),#5555,.F.);
#5926=ADVANCED_FACE('',(#160),#5556,.T.);
#5927=ADVANCED_FACE('',(#161),#5557,.T.);
#5928=ADVANCED_FACE('',(#162),#5558,.T.);
#5929=ADVANCED_FACE('',(#163),#5559,.T.);
#5930=ADVANCED_FACE('',(#164),#5560,.F.);
#5931=ADVANCED_FACE('',(#165),#5561,.F.);
#5932=ADVANCED_FACE('',(#166),#5562,.T.);
#5933=ADVANCED_FACE('',(#167),#5563,.T.);
#5934=ADVANCED_FACE('',(#168),#5564,.T.);
#5935=ADVANCED_FACE('',(#169),#5565,.T.);
#5936=ADVANCED_FACE('',(#170),#5566,.F.);
#5937=ADVANCED_FACE('',(#171),#5567,.F.);
#5938=ADVANCED_FACE('',(#172),#5568,.T.);
#5939=ADVANCED_FACE('',(#173),#5569,.T.);
#5940=ADVANCED_FACE('',(#174),#5570,.T.);
#5941=ADVANCED_FACE('',(#175),#5571,.T.);
#5942=ADVANCED_FACE('',(#176),#5572,.F.);
#5943=ADVANCED_FACE('',(#177),#5573,.F.);
#5944=ADVANCED_FACE('',(#178),#5574,.T.);
#5945=ADVANCED_FACE('',(#179),#5575,.T.);
#5946=ADVANCED_FACE('',(#180),#5576,.T.);
#5947=ADVANCED_FACE('',(#181),#5577,.T.);
#5948=ADVANCED_FACE('',(#182),#5578,.F.);
#5949=ADVANCED_FACE('',(#183),#5579,.F.);
#5950=ADVANCED_FACE('',(#184),#5580,.T.);
#5951=ADVANCED_FACE('',(#185),#5581,.T.);
#5952=ADVANCED_FACE('',(#186),#5582,.T.);
#5953=ADVANCED_FACE('',(#187),#5583,.T.);
#5954=ADVANCED_FACE('',(#188),#5584,.F.);
#5955=ADVANCED_FACE('',(#189),#5585,.F.);
#5956=ADVANCED_FACE('',(#190),#5586,.T.);
#5957=ADVANCED_FACE('',(#191),#5587,.T.);
#5958=ADVANCED_FACE('',(#192),#5588,.T.);
#5959=ADVANCED_FACE('',(#193),#5589,.T.);
#5960=ADVANCED_FACE('',(#194),#5590,.F.);
#5961=ADVANCED_FACE('',(#195),#5591,.F.);
#5962=ADVANCED_FACE('',(#196),#5592,.T.);
#5963=ADVANCED_FACE('',(#197),#5593,.T.);
#5964=ADVANCED_FACE('',(#198),#5594,.T.);
#5965=ADVANCED_FACE('',(#199),#5595,.T.);
#5966=ADVANCED_FACE('',(#200),#5596,.F.);
#5967=ADVANCED_FACE('',(#201),#5597,.F.);
#5968=ADVANCED_FACE('',(#202),#5598,.T.);
#5969=ADVANCED_FACE('',(#203),#5599,.T.);
#5970=ADVANCED_FACE('',(#204),#5600,.T.);
#5971=ADVANCED_FACE('',(#205),#5601,.T.);
#5972=ADVANCED_FACE('',(#206),#5602,.F.);
#5973=ADVANCED_FACE('',(#207),#5603,.F.);
#5974=ADVANCED_FACE('',(#208),#5604,.T.);
#5975=ADVANCED_FACE('',(#209),#5605,.T.);
#5976=ADVANCED_FACE('',(#210),#5606,.T.);
#5977=ADVANCED_FACE('',(#211),#5607,.T.);
#5978=ADVANCED_FACE('',(#212),#5608,.F.);
#5979=ADVANCED_FACE('',(#213),#5609,.F.);
#5980=ADVANCED_FACE('',(#214),#5610,.T.);
#5981=ADVANCED_FACE('',(#215),#5611,.T.);
#5982=ADVANCED_FACE('',(#216),#5612,.T.);
#5983=ADVANCED_FACE('',(#217),#5613,.T.);
#5984=ADVANCED_FACE('',(#218),#5614,.F.);
#5985=ADVANCED_FACE('',(#219),#5615,.F.);
#5986=ADVANCED_FACE('',(#220),#5616,.T.);
#5987=ADVANCED_FACE('',(#221),#5617,.T.);
#5988=ADVANCED_FACE('',(#222),#5618,.T.);
#5989=ADVANCED_FACE('',(#223),#5619,.T.);
#5990=ADVANCED_FACE('',(#224),#5620,.F.);
#5991=ADVANCED_FACE('',(#225),#5621,.F.);
#5992=ADVANCED_FACE('',(#226),#5622,.T.);
#5993=ADVANCED_FACE('',(#227),#5623,.T.);
#5994=ADVANCED_FACE('',(#228),#5624,.T.);
#5995=ADVANCED_FACE('',(#229),#5625,.T.);
#5996=ADVANCED_FACE('',(#230),#5626,.F.);
#5997=ADVANCED_FACE('',(#231),#5627,.F.);
#5998=ADVANCED_FACE('',(#232),#5628,.T.);
#5999=ADVANCED_FACE('',(#233),#5629,.T.);
#6000=ADVANCED_FACE('',(#234),#5630,.T.);
#6001=ADVANCED_FACE('',(#235),#5631,.T.);
#6002=ADVANCED_FACE('',(#236),#5632,.F.);
#6003=ADVANCED_FACE('',(#237),#5633,.F.);
#6004=ADVANCED_FACE('',(#238),#5634,.T.);
#6005=ADVANCED_FACE('',(#239),#5635,.T.);
#6006=ADVANCED_FACE('',(#240),#5636,.T.);
#6007=ADVANCED_FACE('',(#241),#5637,.T.);
#6008=ADVANCED_FACE('',(#242),#5638,.F.);
#6009=ADVANCED_FACE('',(#243),#5639,.F.);
#6010=ADVANCED_FACE('',(#244),#5640,.T.);
#6011=ADVANCED_FACE('',(#245),#5641,.T.);
#6012=ADVANCED_FACE('',(#246),#5642,.T.);
#6013=ADVANCED_FACE('',(#247),#5643,.T.);
#6014=ADVANCED_FACE('',(#248),#5644,.F.);
#6015=ADVANCED_FACE('',(#249),#5645,.F.);
#6016=ADVANCED_FACE('',(#250),#5646,.T.);
#6017=ADVANCED_FACE('',(#251),#5647,.T.);
#6018=ADVANCED_FACE('',(#252),#5648,.T.);
#6019=ADVANCED_FACE('',(#253),#5649,.T.);
#6020=ADVANCED_FACE('',(#254),#5650,.F.);
#6021=ADVANCED_FACE('',(#255),#5651,.F.);
#6022=ADVANCED_FACE('',(#256),#5652,.T.);
#6023=ADVANCED_FACE('',(#257),#5653,.T.);
#6024=ADVANCED_FACE('',(#258),#5654,.T.);
#6025=ADVANCED_FACE('',(#259),#5655,.T.);
#6026=ADVANCED_FACE('',(#260),#5656,.F.);
#6027=ADVANCED_FACE('',(#261),#5657,.F.);
#6028=ADVANCED_FACE('',(#262),#5658,.T.);
#6029=ADVANCED_FACE('',(#263),#5659,.T.);
#6030=ADVANCED_FACE('',(#264),#5660,.T.);
#6031=ADVANCED_FACE('',(#265),#5661,.T.);
#6032=ADVANCED_FACE('',(#266),#5662,.F.);
#6033=ADVANCED_FACE('',(#267),#5663,.F.);
#6034=ADVANCED_FACE('',(#268),#5664,.T.);
#6035=ADVANCED_FACE('',(#269),#5665,.T.);
#6036=ADVANCED_FACE('',(#270),#5666,.T.);
#6037=ADVANCED_FACE('',(#271),#5667,.T.);
#6038=ADVANCED_FACE('',(#272),#5668,.F.);
#6039=ADVANCED_FACE('',(#273),#5669,.F.);
#6040=ADVANCED_FACE('',(#274),#5670,.T.);
#6041=ADVANCED_FACE('',(#275),#5671,.T.);
#6042=ADVANCED_FACE('',(#276),#5672,.T.);
#6043=ADVANCED_FACE('',(#277),#5673,.T.);
#6044=ADVANCED_FACE('',(#278),#5674,.F.);
#6045=ADVANCED_FACE('',(#279),#5675,.F.);
#6046=ADVANCED_FACE('',(#280),#5676,.T.);
#6047=ADVANCED_FACE('',(#281),#5677,.T.);
#6048=ADVANCED_FACE('',(#282),#5678,.T.);
#6049=ADVANCED_FACE('',(#283),#5679,.T.);
#6050=ADVANCED_FACE('',(#284),#5680,.F.);
#6051=ADVANCED_FACE('',(#285),#5681,.F.);
#6052=ADVANCED_FACE('',(#286),#5682,.T.);
#6053=ADVANCED_FACE('',(#287),#5683,.T.);
#6054=ADVANCED_FACE('',(#288),#5684,.T.);
#6055=ADVANCED_FACE('',(#289),#5685,.T.);
#6056=ADVANCED_FACE('',(#290),#5686,.F.);
#6057=ADVANCED_FACE('',(#291),#5687,.F.);
#6058=ADVANCED_FACE('',(#292),#5688,.T.);
#6059=ADVANCED_FACE('',(#293),#5689,.T.);
#6060=ADVANCED_FACE('',(#294),#5690,.T.);
#6061=ADVANCED_FACE('',(#295),#5691,.T.);
#6062=ADVANCED_FACE('',(#296),#5692,.F.);
#6063=ADVANCED_FACE('',(#297),#5693,.F.);
#6064=ADVANCED_FACE('',(#298),#5694,.F.);
#6065=ADVANCED_FACE('',(#299),#5695,.F.);
#6066=ADVANCED_FACE('',(#300),#5696,.F.);
#6067=ADVANCED_FACE('',(#301),#5697,.F.);
#6068=ADVANCED_FACE('',(#302),#5698,.F.);
#6069=ADVANCED_FACE('',(#303),#5699,.F.);
#6070=ADVANCED_FACE('',(#304),#5700,.F.);
#6071=ADVANCED_FACE('',(#305),#5701,.F.);
#6072=ADVANCED_FACE('',(#306),#5702,.F.);
#6073=ADVANCED_FACE('',(#307),#5703,.F.);
#6074=ADVANCED_FACE('',(#308),#5704,.F.);
#6075=ADVANCED_FACE('',(#309),#5705,.F.);
#6076=ADVANCED_FACE('',(#310),#5706,.F.);
#6077=ADVANCED_FACE('',(#311),#5707,.F.);
#6078=ADVANCED_FACE('',(#312),#5708,.F.);
#6079=ADVANCED_FACE('',(#313),#5709,.F.);
#6080=ADVANCED_FACE('',(#314),#5710,.F.);
#6081=ADVANCED_FACE('',(#315),#5711,.F.);
#6082=ADVANCED_FACE('',(#316),#5712,.F.);
#6083=ADVANCED_FACE('',(#317),#5713,.F.);
#6084=ADVANCED_FACE('',(#318),#5714,.F.);
#6085=ADVANCED_FACE('',(#319),#5715,.F.);
#6086=ADVANCED_FACE('',(#320),#5716,.F.);
#6087=ADVANCED_FACE('',(#321),#5717,.F.);
#6088=ADVANCED_FACE('',(#322),#5718,.F.);
#6089=ADVANCED_FACE('',(#323),#5719,.F.);
#6090=ADVANCED_FACE('',(#324),#5720,.F.);
#6091=ADVANCED_FACE('',(#325),#5721,.F.);
#6092=ADVANCED_FACE('',(#326),#5722,.F.);
#6093=ADVANCED_FACE('',(#327),#5723,.F.);
#6094=ADVANCED_FACE('',(#328),#5724,.F.);
#6095=ADVANCED_FACE('',(#329),#5725,.F.);
#6096=ADVANCED_FACE('',(#330),#5726,.F.);
#6097=ADVANCED_FACE('',(#331),#5727,.F.);
#6098=ADVANCED_FACE('',(#332),#5728,.F.);
#6099=ADVANCED_FACE('',(#333),#5729,.F.);
#6100=ADVANCED_FACE('',(#334),#5730,.F.);
#6101=ADVANCED_FACE('',(#335),#5731,.F.);
#6102=ADVANCED_FACE('',(#336),#5732,.F.);
#6103=ADVANCED_FACE('',(#337),#5733,.F.);
#6104=ADVANCED_FACE('',(#338),#5734,.F.);
#6105=ADVANCED_FACE('',(#339),#5735,.F.);
#6106=ADVANCED_FACE('',(#340),#5736,.F.);
#6107=ADVANCED_FACE('',(#341),#5737,.F.);
#6108=ADVANCED_FACE('',(#342),#5738,.F.);
#6109=ADVANCED_FACE('',(#343),#5739,.F.);
#6110=ADVANCED_FACE('',(#344),#5740,.F.);
#6111=ADVANCED_FACE('',(#345),#5741,.F.);
#6112=ADVANCED_FACE('',(#346),#5742,.F.);
#6113=ADVANCED_FACE('',(#347),#5743,.F.);
#6114=ADVANCED_FACE('',(#348),#5744,.F.);
#6115=ADVANCED_FACE('',(#349),#5745,.F.);
#6116=ADVANCED_FACE('',(#350),#5746,.F.);
#6117=ADVANCED_FACE('',(#351),#5747,.F.);
#6118=ADVANCED_FACE('',(#352),#5748,.F.);
#6119=ADVANCED_FACE('',(#353),#5749,.F.);
#6120=ADVANCED_FACE('',(#354),#5750,.F.);
#6121=ADVANCED_FACE('',(#355),#5751,.F.);
#6122=ADVANCED_FACE('',(#356),#5752,.F.);
#6123=ADVANCED_FACE('',(#357),#5753,.F.);
#6124=ADVANCED_FACE('',(#358),#5754,.F.);
#6125=ADVANCED_FACE('',(#359),#5755,.F.);
#6126=ADVANCED_FACE('',(#360),#5756,.F.);
#6127=ADVANCED_FACE('',(#361),#5757,.F.);
#6128=ADVANCED_FACE('',(#362),#5758,.F.);
#6129=ADVANCED_FACE('',(#363),#5759,.F.);
#6130=ADVANCED_FACE('',(#364),#5760,.F.);
#6131=ADVANCED_FACE('',(#365),#5761,.F.);
#6132=ADVANCED_FACE('',(#366),#5762,.F.);
#6133=ADVANCED_FACE('',(#367),#5763,.F.);
#6134=ADVANCED_FACE('',(#368),#5764,.F.);
#6135=ADVANCED_FACE('',(#369),#5765,.F.);
#6136=ADVANCED_FACE('',(#370),#5766,.F.);
#6137=ADVANCED_FACE('',(#371),#5767,.F.);
#6138=ADVANCED_FACE('',(#372),#5768,.F.);
#6139=ADVANCED_FACE('',(#373),#5769,.F.);
#6140=ADVANCED_FACE('',(#374),#5770,.F.);
#6141=ADVANCED_FACE('',(#375),#5771,.F.);
#6142=ADVANCED_FACE('',(#376),#5772,.F.);
#6143=ADVANCED_FACE('',(#377),#5773,.F.);
#6144=ADVANCED_FACE('',(#378),#5774,.F.);
#6145=ADVANCED_FACE('',(#379),#5775,.F.);
#6146=ADVANCED_FACE('',(#380),#5776,.F.);
#6147=ADVANCED_FACE('',(#381),#5777,.F.);
#6148=ADVANCED_FACE('',(#382),#5778,.F.);
#6149=ADVANCED_FACE('',(#383),#5779,.F.);
#6150=ADVANCED_FACE('',(#384),#5780,.F.);
#6151=ADVANCED_FACE('',(#385),#5781,.F.);
#6152=ADVANCED_FACE('',(#386),#5782,.F.);
#6153=ADVANCED_FACE('',(#387),#5783,.F.);
#6154=ADVANCED_FACE('',(#388),#5784,.F.);
#6155=ADVANCED_FACE('',(#389),#5785,.F.);
#6156=ADVANCED_FACE('',(#390),#5786,.F.);
#6157=ADVANCED_FACE('',(#391),#5787,.F.);
#6158=ADVANCED_FACE('',(#392),#5788,.F.);
#6159=ADVANCED_FACE('',(#393),#5789,.F.);
#6160=ADVANCED_FACE('',(#394),#5790,.F.);
#6161=ADVANCED_FACE('',(#395),#5791,.F.);
#6162=ADVANCED_FACE('',(#396),#5792,.F.);
#6163=ADVANCED_FACE('',(#397),#5793,.F.);
#6164=ADVANCED_FACE('',(#398),#5794,.F.);
#6165=ADVANCED_FACE('',(#399),#5795,.F.);
#6166=ADVANCED_FACE('',(#400),#5796,.F.);
#6167=ADVANCED_FACE('',(#401),#5797,.F.);
#6168=ADVANCED_FACE('',(#402),#5798,.F.);
#6169=ADVANCED_FACE('',(#403),#5799,.F.);
#6170=ADVANCED_FACE('',(#404),#5800,.F.);
#6171=ADVANCED_FACE('',(#405),#5801,.F.);
#6172=ADVANCED_FACE('',(#406),#5802,.F.);
#6173=ADVANCED_FACE('',(#407),#5803,.F.);
#6174=ADVANCED_FACE('',(#408),#5804,.F.);
#6175=ADVANCED_FACE('',(#409),#5805,.F.);
#6176=ADVANCED_FACE('',(#410),#5806,.F.);
#6177=ADVANCED_FACE('',(#411),#5807,.F.);
#6178=ADVANCED_FACE('',(#412),#5808,.F.);
#6179=ADVANCED_FACE('',(#413),#5809,.F.);
#6180=ADVANCED_FACE('',(#414),#5810,.F.);
#6181=ADVANCED_FACE('',(#415),#5811,.T.);
#6182=ADVANCED_FACE('',(#416),#5812,.T.);
#6183=ADVANCED_FACE('',(#417),#5813,.T.);
#6184=ADVANCED_FACE('',(#418),#5814,.T.);
#6185=ADVANCED_FACE('',(#419),#5815,.F.);
#6186=ADVANCED_FACE('',(#420),#5816,.F.);
#6187=ADVANCED_FACE('',(#421),#5817,.F.);
#6188=ADVANCED_FACE('',(#422),#5818,.F.);
#6189=ADVANCED_FACE('',(#423),#5819,.F.);
#6190=ADVANCED_FACE('',(#424),#5820,.T.);
#6191=CLOSED_SHELL('',(#5821,#5822,#5823,#5824,#5825,#5826,#5827,#5828,
#5829,#5830,#5831,#5832,#5833,#5834,#5835,#5836,#5837,#5838,#5839,#5840,
#5841,#5842,#5843,#5844,#5845,#5846,#5847,#5848,#5849,#5850,#5851,#5852,
#5853,#5854,#5855,#5856,#5857,#5858,#5859,#5860,#5861,#5862,#5863,#5864,
#5865,#5866,#5867,#5868,#5869,#5870,#5871,#5872,#5873,#5874,#5875,#5876,
#5877,#5878,#5879,#5880,#5881,#5882,#5883,#5884,#5885,#5886,#5887,#5888,
#5889,#5890,#5891,#5892,#5893,#5894,#5895,#5896,#5897,#5898,#5899,#5900,
#5901,#5902,#5903,#5904,#5905,#5906,#5907,#5908,#5909,#5910,#5911,#5912,
#5913,#5914,#5915,#5916,#5917,#5918,#5919,#5920,#5921,#5922,#5923,#5924,
#5925,#5926,#5927,#5928,#5929,#5930,#5931,#5932,#5933,#5934,#5935,#5936,
#5937,#5938,#5939,#5940,#5941,#5942,#5943,#5944,#5945,#5946,#5947,#5948,
#5949,#5950,#5951,#5952,#5953,#5954,#5955,#5956,#5957,#5958,#5959,#5960,
#5961,#5962,#5963,#5964,#5965,#5966,#5967,#5968,#5969,#5970,#5971,#5972,
#5973,#5974,#5975,#5976,#5977,#5978,#5979,#5980,#5981,#5982,#5983,#5984,
#5985,#5986,#5987,#5988,#5989,#5990,#5991,#5992,#5993,#5994,#5995,#5996,
#5997,#5998,#5999,#6000,#6001,#6002,#6003,#6004,#6005,#6006,#6007,#6008,
#6009,#6010,#6011,#6012,#6013,#6014,#6015,#6016,#6017,#6018,#6019,#6020,
#6021,#6022,#6023,#6024,#6025,#6026,#6027,#6028,#6029,#6030,#6031,#6032,
#6033,#6034,#6035,#6036,#6037,#6038,#6039,#6040,#6041,#6042,#6043,#6044,
#6045,#6046,#6047,#6048,#6049,#6050,#6051,#6052,#6053,#6054,#6055,#6056,
#6057,#6058,#6059,#6060,#6061,#6062,#6063,#6064,#6065,#6066,#6067,#6068,
#6069,#6070,#6071,#6072,#6073,#6074,#6075,#6076,#6077,#6078,#6079,#6080,
#6081,#6082,#6083,#6084,#6085,#6086,#6087,#6088,#6089,#6090,#6091,#6092,
#6093,#6094,#6095,#6096,#6097,#6098,#6099,#6100,#6101,#6102,#6103,#6104,
#6105,#6106,#6107,#6108,#6109,#6110,#6111,#6112,#6113,#6114,#6115,#6116,
#6117,#6118,#6119,#6120,#6121,#6122,#6123,#6124,#6125,#6126,#6127,#6128,
#6129,#6130,#6131,#6132,#6133,#6134,#6135,#6136,#6137,#6138,#6139,#6140,
#6141,#6142,#6143,#6144,#6145,#6146,#6147,#6148,#6149,#6150,#6151,#6152,
#6153,#6154,#6155,#6156,#6157,#6158,#6159,#6160,#6161,#6162,#6163,#6164,
#6165,#6166,#6167,#6168,#6169,#6170,#6171,#6172,#6173,#6174,#6175,#6176,
#6177,#6178,#6179,#6180,#6181,#6182,#6183,#6184,#6185,#6186,#6187,#6188,
#6189,#6190));
#6192=DATE_TIME_ROLE('creation_date');
#6193=APPLIED_DATE_AND_TIME_ASSIGNMENT(#6194,#6192,(#9843));
#6194=DATE_AND_TIME(#6195,#6196);
#6195=CALENDAR_DATE(2023,9,2);
#6196=LOCAL_TIME(20,20,47.,#6197);
#6197=COORDINATED_UNIVERSAL_TIME_OFFSET(0,0,.BEHIND.);
#6198=AXIS2_PLACEMENT_3D('placement',#8135,#6569,#6570);
#6199=AXIS2_PLACEMENT_3D('',#8136,#6571,#6572);
#6200=AXIS2_PLACEMENT_3D('',#8145,#6577,#6578);
#6201=AXIS2_PLACEMENT_3D('',#8159,#6586,#6587);
#6202=AXIS2_PLACEMENT_3D('',#8165,#6591,#6592);
#6203=AXIS2_PLACEMENT_3D('',#8176,#6599,#6600);
#6204=AXIS2_PLACEMENT_3D('',#8499,#6763,#6764);
#6205=AXIS2_PLACEMENT_3D('',#8501,#6766,#6767);
#6206=AXIS2_PLACEMENT_3D('',#8502,#6768,#6769);
#6207=AXIS2_PLACEMENT_3D('',#8504,#6771,#6772);
#6208=AXIS2_PLACEMENT_3D('',#8505,#6773,#6774);
#6209=AXIS2_PLACEMENT_3D('',#8511,#6778,#6779);
#6210=AXIS2_PLACEMENT_3D('',#8515,#6782,#6783);
#6211=AXIS2_PLACEMENT_3D('',#8519,#6786,#6787);
#6212=AXIS2_PLACEMENT_3D('',#8521,#6789,#6790);
#6213=AXIS2_PLACEMENT_3D('',#8527,#6794,#6795);
#6214=AXIS2_PLACEMENT_3D('',#8531,#6798,#6799);
#6215=AXIS2_PLACEMENT_3D('',#8537,#6803,#6804);
#6216=AXIS2_PLACEMENT_3D('',#8541,#6807,#6808);
#6217=AXIS2_PLACEMENT_3D('',#8545,#6811,#6812);
#6218=AXIS2_PLACEMENT_3D('',#8547,#6814,#6815);
#6219=AXIS2_PLACEMENT_3D('',#8553,#6819,#6820);
#6220=AXIS2_PLACEMENT_3D('',#8557,#6823,#6824);
#6221=AXIS2_PLACEMENT_3D('',#8563,#6828,#6829);
#6222=AXIS2_PLACEMENT_3D('',#8567,#6832,#6833);
#6223=AXIS2_PLACEMENT_3D('',#8571,#6836,#6837);
#6224=AXIS2_PLACEMENT_3D('',#8573,#6839,#6840);
#6225=AXIS2_PLACEMENT_3D('',#8579,#6844,#6845);
#6226=AXIS2_PLACEMENT_3D('',#8583,#6848,#6849);
#6227=AXIS2_PLACEMENT_3D('',#8589,#6853,#6854);
#6228=AXIS2_PLACEMENT_3D('',#8593,#6857,#6858);
#6229=AXIS2_PLACEMENT_3D('',#8597,#6861,#6862);
#6230=AXIS2_PLACEMENT_3D('',#8599,#6864,#6865);
#6231=AXIS2_PLACEMENT_3D('',#8605,#6869,#6870);
#6232=AXIS2_PLACEMENT_3D('',#8609,#6873,#6874);
#6233=AXIS2_PLACEMENT_3D('',#8615,#6878,#6879);
#6234=AXIS2_PLACEMENT_3D('',#8619,#6882,#6883);
#6235=AXIS2_PLACEMENT_3D('',#8623,#6886,#6887);
#6236=AXIS2_PLACEMENT_3D('',#8625,#6889,#6890);
#6237=AXIS2_PLACEMENT_3D('',#8631,#6894,#6895);
#6238=AXIS2_PLACEMENT_3D('',#8635,#6898,#6899);
#6239=AXIS2_PLACEMENT_3D('',#8641,#6903,#6904);
#6240=AXIS2_PLACEMENT_3D('',#8645,#6907,#6908);
#6241=AXIS2_PLACEMENT_3D('',#8649,#6911,#6912);
#6242=AXIS2_PLACEMENT_3D('',#8651,#6914,#6915);
#6243=AXIS2_PLACEMENT_3D('',#8657,#6919,#6920);
#6244=AXIS2_PLACEMENT_3D('',#8661,#6923,#6924);
#6245=AXIS2_PLACEMENT_3D('',#8667,#6928,#6929);
#6246=AXIS2_PLACEMENT_3D('',#8671,#6932,#6933);
#6247=AXIS2_PLACEMENT_3D('',#8675,#6936,#6937);
#6248=AXIS2_PLACEMENT_3D('',#8677,#6939,#6940);
#6249=AXIS2_PLACEMENT_3D('',#8683,#6944,#6945);
#6250=AXIS2_PLACEMENT_3D('',#8687,#6948,#6949);
#6251=AXIS2_PLACEMENT_3D('',#8693,#6953,#6954);
#6252=AXIS2_PLACEMENT_3D('',#8697,#6957,#6958);
#6253=AXIS2_PLACEMENT_3D('',#8701,#6961,#6962);
#6254=AXIS2_PLACEMENT_3D('',#8703,#6964,#6965);
#6255=AXIS2_PLACEMENT_3D('',#8709,#6969,#6970);
#6256=AXIS2_PLACEMENT_3D('',#8713,#6973,#6974);
#6257=AXIS2_PLACEMENT_3D('',#8719,#6978,#6979);
#6258=AXIS2_PLACEMENT_3D('',#8723,#6982,#6983);
#6259=AXIS2_PLACEMENT_3D('',#8727,#6986,#6987);
#6260=AXIS2_PLACEMENT_3D('',#8729,#6989,#6990);
#6261=AXIS2_PLACEMENT_3D('',#8735,#6994,#6995);
#6262=AXIS2_PLACEMENT_3D('',#8739,#6998,#6999);
#6263=AXIS2_PLACEMENT_3D('',#8745,#7003,#7004);
#6264=AXIS2_PLACEMENT_3D('',#8749,#7007,#7008);
#6265=AXIS2_PLACEMENT_3D('',#8753,#7011,#7012);
#6266=AXIS2_PLACEMENT_3D('',#8755,#7014,#7015);
#6267=AXIS2_PLACEMENT_3D('',#8761,#7019,#7020);
#6268=AXIS2_PLACEMENT_3D('',#8765,#7023,#7024);
#6269=AXIS2_PLACEMENT_3D('',#8771,#7028,#7029);
#6270=AXIS2_PLACEMENT_3D('',#8775,#7032,#7033);
#6271=AXIS2_PLACEMENT_3D('',#8779,#7036,#7037);
#6272=AXIS2_PLACEMENT_3D('',#8781,#7039,#7040);
#6273=AXIS2_PLACEMENT_3D('',#8787,#7044,#7045);
#6274=AXIS2_PLACEMENT_3D('',#8791,#7048,#7049);
#6275=AXIS2_PLACEMENT_3D('',#8797,#7053,#7054);
#6276=AXIS2_PLACEMENT_3D('',#8801,#7057,#7058);
#6277=AXIS2_PLACEMENT_3D('',#8805,#7061,#7062);
#6278=AXIS2_PLACEMENT_3D('',#8807,#7064,#7065);
#6279=AXIS2_PLACEMENT_3D('',#8813,#7069,#7070);
#6280=AXIS2_PLACEMENT_3D('',#8817,#7073,#7074);
#6281=AXIS2_PLACEMENT_3D('',#8823,#7078,#7079);
#6282=AXIS2_PLACEMENT_3D('',#8827,#7082,#7083);
#6283=AXIS2_PLACEMENT_3D('',#8831,#7086,#7087);
#6284=AXIS2_PLACEMENT_3D('',#8833,#7089,#7090);
#6285=AXIS2_PLACEMENT_3D('',#8839,#7094,#7095);
#6286=AXIS2_PLACEMENT_3D('',#8843,#7098,#7099);
#6287=AXIS2_PLACEMENT_3D('',#8849,#7103,#7104);
#6288=AXIS2_PLACEMENT_3D('',#8853,#7107,#7108);
#6289=AXIS2_PLACEMENT_3D('',#8857,#7111,#7112);
#6290=AXIS2_PLACEMENT_3D('',#8859,#7114,#7115);
#6291=AXIS2_PLACEMENT_3D('',#8865,#7119,#7120);
#6292=AXIS2_PLACEMENT_3D('',#8869,#7123,#7124);
#6293=AXIS2_PLACEMENT_3D('',#8875,#7128,#7129);
#6294=AXIS2_PLACEMENT_3D('',#8879,#7132,#7133);
#6295=AXIS2_PLACEMENT_3D('',#8883,#7136,#7137);
#6296=AXIS2_PLACEMENT_3D('',#8885,#7139,#7140);
#6297=AXIS2_PLACEMENT_3D('',#8891,#7144,#7145);
#6298=AXIS2_PLACEMENT_3D('',#8895,#7148,#7149);
#6299=AXIS2_PLACEMENT_3D('',#8901,#7153,#7154);
#6300=AXIS2_PLACEMENT_3D('',#8905,#7157,#7158);
#6301=AXIS2_PLACEMENT_3D('',#8909,#7161,#7162);
#6302=AXIS2_PLACEMENT_3D('',#8911,#7164,#7165);
#6303=AXIS2_PLACEMENT_3D('',#8917,#7169,#7170);
#6304=AXIS2_PLACEMENT_3D('',#8921,#7173,#7174);
#6305=AXIS2_PLACEMENT_3D('',#8927,#7178,#7179);
#6306=AXIS2_PLACEMENT_3D('',#8931,#7182,#7183);
#6307=AXIS2_PLACEMENT_3D('',#8935,#7186,#7187);
#6308=AXIS2_PLACEMENT_3D('',#8937,#7189,#7190);
#6309=AXIS2_PLACEMENT_3D('',#8943,#7194,#7195);
#6310=AXIS2_PLACEMENT_3D('',#8947,#7198,#7199);
#6311=AXIS2_PLACEMENT_3D('',#8953,#7203,#7204);
#6312=AXIS2_PLACEMENT_3D('',#8957,#7207,#7208);
#6313=AXIS2_PLACEMENT_3D('',#8961,#7211,#7212);
#6314=AXIS2_PLACEMENT_3D('',#8963,#7214,#7215);
#6315=AXIS2_PLACEMENT_3D('',#8969,#7219,#7220);
#6316=AXIS2_PLACEMENT_3D('',#8973,#7223,#7224);
#6317=AXIS2_PLACEMENT_3D('',#8979,#7228,#7229);
#6318=AXIS2_PLACEMENT_3D('',#8983,#7232,#7233);
#6319=AXIS2_PLACEMENT_3D('',#8987,#7236,#7237);
#6320=AXIS2_PLACEMENT_3D('',#8989,#7239,#7240);
#6321=AXIS2_PLACEMENT_3D('',#8995,#7244,#7245);
#6322=AXIS2_PLACEMENT_3D('',#8999,#7248,#7249);
#6323=AXIS2_PLACEMENT_3D('',#9005,#7253,#7254);
#6324=AXIS2_PLACEMENT_3D('',#9009,#7257,#7258);
#6325=AXIS2_PLACEMENT_3D('',#9013,#7261,#7262);
#6326=AXIS2_PLACEMENT_3D('',#9015,#7264,#7265);
#6327=AXIS2_PLACEMENT_3D('',#9021,#7269,#7270);
#6328=AXIS2_PLACEMENT_3D('',#9025,#7273,#7274);
#6329=AXIS2_PLACEMENT_3D('',#9031,#7278,#7279);
#6330=AXIS2_PLACEMENT_3D('',#9035,#7282,#7283);
#6331=AXIS2_PLACEMENT_3D('',#9039,#7286,#7287);
#6332=AXIS2_PLACEMENT_3D('',#9041,#7289,#7290);
#6333=AXIS2_PLACEMENT_3D('',#9047,#7294,#7295);
#6334=AXIS2_PLACEMENT_3D('',#9051,#7298,#7299);
#6335=AXIS2_PLACEMENT_3D('',#9057,#7303,#7304);
#6336=AXIS2_PLACEMENT_3D('',#9061,#7307,#7308);
#6337=AXIS2_PLACEMENT_3D('',#9065,#7311,#7312);
#6338=AXIS2_PLACEMENT_3D('',#9067,#7314,#7315);
#6339=AXIS2_PLACEMENT_3D('',#9073,#7319,#7320);
#6340=AXIS2_PLACEMENT_3D('',#9077,#7323,#7324);
#6341=AXIS2_PLACEMENT_3D('',#9083,#7328,#7329);
#6342=AXIS2_PLACEMENT_3D('',#9087,#7332,#7333);
#6343=AXIS2_PLACEMENT_3D('',#9091,#7336,#7337);
#6344=AXIS2_PLACEMENT_3D('',#9093,#7339,#7340);
#6345=AXIS2_PLACEMENT_3D('',#9099,#7344,#7345);
#6346=AXIS2_PLACEMENT_3D('',#9103,#7348,#7349);
#6347=AXIS2_PLACEMENT_3D('',#9109,#7353,#7354);
#6348=AXIS2_PLACEMENT_3D('',#9113,#7357,#7358);
#6349=AXIS2_PLACEMENT_3D('',#9117,#7361,#7362);
#6350=AXIS2_PLACEMENT_3D('',#9119,#7364,#7365);
#6351=AXIS2_PLACEMENT_3D('',#9125,#7369,#7370);
#6352=AXIS2_PLACEMENT_3D('',#9129,#7373,#7374);
#6353=AXIS2_PLACEMENT_3D('',#9135,#7378,#7379);
#6354=AXIS2_PLACEMENT_3D('',#9139,#7382,#7383);
#6355=AXIS2_PLACEMENT_3D('',#9143,#7386,#7387);
#6356=AXIS2_PLACEMENT_3D('',#9145,#7389,#7390);
#6357=AXIS2_PLACEMENT_3D('',#9151,#7394,#7395);
#6358=AXIS2_PLACEMENT_3D('',#9155,#7398,#7399);
#6359=AXIS2_PLACEMENT_3D('',#9161,#7403,#7404);
#6360=AXIS2_PLACEMENT_3D('',#9165,#7407,#7408);
#6361=AXIS2_PLACEMENT_3D('',#9169,#7411,#7412);
#6362=AXIS2_PLACEMENT_3D('',#9171,#7414,#7415);
#6363=AXIS2_PLACEMENT_3D('',#9177,#7419,#7420);
#6364=AXIS2_PLACEMENT_3D('',#9181,#7423,#7424);
#6365=AXIS2_PLACEMENT_3D('',#9187,#7428,#7429);
#6366=AXIS2_PLACEMENT_3D('',#9191,#7432,#7433);
#6367=AXIS2_PLACEMENT_3D('',#9195,#7436,#7437);
#6368=AXIS2_PLACEMENT_3D('',#9197,#7439,#7440);
#6369=AXIS2_PLACEMENT_3D('',#9203,#7444,#7445);
#6370=AXIS2_PLACEMENT_3D('',#9207,#7448,#7449);
#6371=AXIS2_PLACEMENT_3D('',#9213,#7453,#7454);
#6372=AXIS2_PLACEMENT_3D('',#9217,#7457,#7458);
#6373=AXIS2_PLACEMENT_3D('',#9221,#7461,#7462);
#6374=AXIS2_PLACEMENT_3D('',#9223,#7464,#7465);
#6375=AXIS2_PLACEMENT_3D('',#9229,#7469,#7470);
#6376=AXIS2_PLACEMENT_3D('',#9233,#7473,#7474);
#6377=AXIS2_PLACEMENT_3D('',#9239,#7478,#7479);
#6378=AXIS2_PLACEMENT_3D('',#9243,#7482,#7483);
#6379=AXIS2_PLACEMENT_3D('',#9247,#7486,#7487);
#6380=AXIS2_PLACEMENT_3D('',#9249,#7489,#7490);
#6381=AXIS2_PLACEMENT_3D('',#9255,#7494,#7495);
#6382=AXIS2_PLACEMENT_3D('',#9259,#7498,#7499);
#6383=AXIS2_PLACEMENT_3D('',#9265,#7503,#7504);
#6384=AXIS2_PLACEMENT_3D('',#9269,#7507,#7508);
#6385=AXIS2_PLACEMENT_3D('',#9273,#7511,#7512);
#6386=AXIS2_PLACEMENT_3D('',#9275,#7514,#7515);
#6387=AXIS2_PLACEMENT_3D('',#9281,#7519,#7520);
#6388=AXIS2_PLACEMENT_3D('',#9285,#7523,#7524);
#6389=AXIS2_PLACEMENT_3D('',#9291,#7528,#7529);
#6390=AXIS2_PLACEMENT_3D('',#9295,#7532,#7533);
#6391=AXIS2_PLACEMENT_3D('',#9299,#7536,#7537);
#6392=AXIS2_PLACEMENT_3D('',#9301,#7539,#7540);
#6393=AXIS2_PLACEMENT_3D('',#9307,#7544,#7545);
#6394=AXIS2_PLACEMENT_3D('',#9311,#7548,#7549);
#6395=AXIS2_PLACEMENT_3D('',#9317,#7553,#7554);
#6396=AXIS2_PLACEMENT_3D('',#9321,#7557,#7558);
#6397=AXIS2_PLACEMENT_3D('',#9325,#7561,#7562);
#6398=AXIS2_PLACEMENT_3D('',#9327,#7564,#7565);
#6399=AXIS2_PLACEMENT_3D('',#9333,#7569,#7570);
#6400=AXIS2_PLACEMENT_3D('',#9337,#7573,#7574);
#6401=AXIS2_PLACEMENT_3D('',#9343,#7578,#7579);
#6402=AXIS2_PLACEMENT_3D('',#9347,#7582,#7583);
#6403=AXIS2_PLACEMENT_3D('',#9351,#7586,#7587);
#6404=AXIS2_PLACEMENT_3D('',#9353,#7589,#7590);
#6405=AXIS2_PLACEMENT_3D('',#9359,#7594,#7595);
#6406=AXIS2_PLACEMENT_3D('',#9363,#7598,#7599);
#6407=AXIS2_PLACEMENT_3D('',#9369,#7603,#7604);
#6408=AXIS2_PLACEMENT_3D('',#9373,#7607,#7608);
#6409=AXIS2_PLACEMENT_3D('',#9377,#7611,#7612);
#6410=AXIS2_PLACEMENT_3D('',#9379,#7614,#7615);
#6411=AXIS2_PLACEMENT_3D('',#9385,#7619,#7620);
#6412=AXIS2_PLACEMENT_3D('',#9389,#7623,#7624);
#6413=AXIS2_PLACEMENT_3D('',#9395,#7628,#7629);
#6414=AXIS2_PLACEMENT_3D('',#9399,#7632,#7633);
#6415=AXIS2_PLACEMENT_3D('',#9403,#7636,#7637);
#6416=AXIS2_PLACEMENT_3D('',#9405,#7639,#7640);
#6417=AXIS2_PLACEMENT_3D('',#9411,#7644,#7645);
#6418=AXIS2_PLACEMENT_3D('',#9415,#7648,#7649);
#6419=AXIS2_PLACEMENT_3D('',#9421,#7653,#7654);
#6420=AXIS2_PLACEMENT_3D('',#9425,#7657,#7658);
#6421=AXIS2_PLACEMENT_3D('',#9429,#7661,#7662);
#6422=AXIS2_PLACEMENT_3D('',#9431,#7664,#7665);
#6423=AXIS2_PLACEMENT_3D('',#9437,#7669,#7670);
#6424=AXIS2_PLACEMENT_3D('',#9441,#7673,#7674);
#6425=AXIS2_PLACEMENT_3D('',#9447,#7678,#7679);
#6426=AXIS2_PLACEMENT_3D('',#9451,#7682,#7683);
#6427=AXIS2_PLACEMENT_3D('',#9455,#7686,#7687);
#6428=AXIS2_PLACEMENT_3D('',#9457,#7689,#7690);
#6429=AXIS2_PLACEMENT_3D('',#9463,#7694,#7695);
#6430=AXIS2_PLACEMENT_3D('',#9467,#7698,#7699);
#6431=AXIS2_PLACEMENT_3D('',#9473,#7703,#7704);
#6432=AXIS2_PLACEMENT_3D('',#9477,#7707,#7708);
#6433=AXIS2_PLACEMENT_3D('',#9481,#7711,#7712);
#6434=AXIS2_PLACEMENT_3D('',#9483,#7714,#7715);
#6435=AXIS2_PLACEMENT_3D('',#9489,#7719,#7720);
#6436=AXIS2_PLACEMENT_3D('',#9493,#7723,#7724);
#6437=AXIS2_PLACEMENT_3D('',#9499,#7728,#7729);
#6438=AXIS2_PLACEMENT_3D('',#9503,#7732,#7733);
#6439=AXIS2_PLACEMENT_3D('',#9507,#7736,#7737);
#6440=AXIS2_PLACEMENT_3D('',#9509,#7739,#7740);
#6441=AXIS2_PLACEMENT_3D('',#9515,#7744,#7745);
#6442=AXIS2_PLACEMENT_3D('',#9519,#7748,#7749);
#6443=AXIS2_PLACEMENT_3D('',#9523,#7752,#7753);
#6444=AXIS2_PLACEMENT_3D('',#9525,#7755,#7756);
#6445=AXIS2_PLACEMENT_3D('',#9526,#7757,#7758);
#6446=AXIS2_PLACEMENT_3D('',#9530,#7761,#7762);
#6447=AXIS2_PLACEMENT_3D('',#9532,#7764,#7765);
#6448=AXIS2_PLACEMENT_3D('',#9533,#7766,#7767);
#6449=AXIS2_PLACEMENT_3D('',#9537,#7770,#7771);
#6450=AXIS2_PLACEMENT_3D('',#9539,#7773,#7774);
#6451=AXIS2_PLACEMENT_3D('',#9540,#7775,#7776);
#6452=AXIS2_PLACEMENT_3D('',#9544,#7779,#7780);
#6453=AXIS2_PLACEMENT_3D('',#9546,#7782,#7783);
#6454=AXIS2_PLACEMENT_3D('',#9547,#7784,#7785);
#6455=AXIS2_PLACEMENT_3D('',#9551,#7788,#7789);
#6456=AXIS2_PLACEMENT_3D('',#9553,#7791,#7792);
#6457=AXIS2_PLACEMENT_3D('',#9554,#7793,#7794);
#6458=AXIS2_PLACEMENT_3D('',#9558,#7797,#7798);
#6459=AXIS2_PLACEMENT_3D('',#9560,#7800,#7801);
#6460=AXIS2_PLACEMENT_3D('',#9561,#7802,#7803);
#6461=AXIS2_PLACEMENT_3D('',#9565,#7806,#7807);
#6462=AXIS2_PLACEMENT_3D('',#9567,#7809,#7810);
#6463=AXIS2_PLACEMENT_3D('',#9568,#7811,#7812);
#6464=AXIS2_PLACEMENT_3D('',#9572,#7815,#7816);
#6465=AXIS2_PLACEMENT_3D('',#9574,#7818,#7819);
#6466=AXIS2_PLACEMENT_3D('',#9575,#7820,#7821);
#6467=AXIS2_PLACEMENT_3D('',#9579,#7824,#7825);
#6468=AXIS2_PLACEMENT_3D('',#9581,#7827,#7828);
#6469=AXIS2_PLACEMENT_3D('',#9582,#7829,#7830);
#6470=AXIS2_PLACEMENT_3D('',#9586,#7833,#7834);
#6471=AXIS2_PLACEMENT_3D('',#9588,#7836,#7837);
#6472=AXIS2_PLACEMENT_3D('',#9589,#7838,#7839);
#6473=AXIS2_PLACEMENT_3D('',#9593,#7842,#7843);
#6474=AXIS2_PLACEMENT_3D('',#9595,#7845,#7846);
#6475=AXIS2_PLACEMENT_3D('',#9596,#7847,#7848);
#6476=AXIS2_PLACEMENT_3D('',#9600,#7851,#7852);
#6477=AXIS2_PLACEMENT_3D('',#9602,#7854,#7855);
#6478=AXIS2_PLACEMENT_3D('',#9603,#7856,#7857);
#6479=AXIS2_PLACEMENT_3D('',#9607,#7860,#7861);
#6480=AXIS2_PLACEMENT_3D('',#9609,#7863,#7864);
#6481=AXIS2_PLACEMENT_3D('',#9610,#7865,#7866);
#6482=AXIS2_PLACEMENT_3D('',#9614,#7869,#7870);
#6483=AXIS2_PLACEMENT_3D('',#9616,#7872,#7873);
#6484=AXIS2_PLACEMENT_3D('',#9617,#7874,#7875);
#6485=AXIS2_PLACEMENT_3D('',#9621,#7878,#7879);
#6486=AXIS2_PLACEMENT_3D('',#9623,#7881,#7882);
#6487=AXIS2_PLACEMENT_3D('',#9624,#7883,#7884);
#6488=AXIS2_PLACEMENT_3D('',#9628,#7887,#7888);
#6489=AXIS2_PLACEMENT_3D('',#9630,#7890,#7891);
#6490=AXIS2_PLACEMENT_3D('',#9631,#7892,#7893);
#6491=AXIS2_PLACEMENT_3D('',#9635,#7896,#7897);
#6492=AXIS2_PLACEMENT_3D('',#9637,#7899,#7900);
#6493=AXIS2_PLACEMENT_3D('',#9638,#7901,#7902);
#6494=AXIS2_PLACEMENT_3D('',#9642,#7905,#7906);
#6495=AXIS2_PLACEMENT_3D('',#9644,#7908,#7909);
#6496=AXIS2_PLACEMENT_3D('',#9645,#7910,#7911);
#6497=AXIS2_PLACEMENT_3D('',#9649,#7914,#7915);
#6498=AXIS2_PLACEMENT_3D('',#9651,#7917,#7918);
#6499=AXIS2_PLACEMENT_3D('',#9652,#7919,#7920);
#6500=AXIS2_PLACEMENT_3D('',#9656,#7923,#7924);
#6501=AXIS2_PLACEMENT_3D('',#9658,#7926,#7927);
#6502=AXIS2_PLACEMENT_3D('',#9659,#7928,#7929);
#6503=AXIS2_PLACEMENT_3D('',#9663,#7932,#7933);
#6504=AXIS2_PLACEMENT_3D('',#9665,#7935,#7936);
#6505=AXIS2_PLACEMENT_3D('',#9666,#7937,#7938);
#6506=AXIS2_PLACEMENT_3D('',#9670,#7941,#7942);
#6507=AXIS2_PLACEMENT_3D('',#9672,#7944,#7945);
#6508=AXIS2_PLACEMENT_3D('',#9673,#7946,#7947);
#6509=AXIS2_PLACEMENT_3D('',#9677,#7950,#7951);
#6510=AXIS2_PLACEMENT_3D('',#9679,#7953,#7954);
#6511=AXIS2_PLACEMENT_3D('',#9680,#7955,#7956);
#6512=AXIS2_PLACEMENT_3D('',#9684,#7959,#7960);
#6513=AXIS2_PLACEMENT_3D('',#9686,#7962,#7963);
#6514=AXIS2_PLACEMENT_3D('',#9687,#7964,#7965);
#6515=AXIS2_PLACEMENT_3D('',#9691,#7968,#7969);
#6516=AXIS2_PLACEMENT_3D('',#9693,#7971,#7972);
#6517=AXIS2_PLACEMENT_3D('',#9694,#7973,#7974);
#6518=AXIS2_PLACEMENT_3D('',#9698,#7977,#7978);
#6519=AXIS2_PLACEMENT_3D('',#9700,#7980,#7981);
#6520=AXIS2_PLACEMENT_3D('',#9701,#7982,#7983);
#6521=AXIS2_PLACEMENT_3D('',#9705,#7986,#7987);
#6522=AXIS2_PLACEMENT_3D('',#9707,#7989,#7990);
#6523=AXIS2_PLACEMENT_3D('',#9708,#7991,#7992);
#6524=AXIS2_PLACEMENT_3D('',#9712,#7995,#7996);
#6525=AXIS2_PLACEMENT_3D('',#9714,#7998,#7999);
#6526=AXIS2_PLACEMENT_3D('',#9715,#8000,#8001);
#6527=AXIS2_PLACEMENT_3D('',#9719,#8004,#8005);
#6528=AXIS2_PLACEMENT_3D('',#9721,#8007,#8008);
#6529=AXIS2_PLACEMENT_3D('',#9722,#8009,#8010);
#6530=AXIS2_PLACEMENT_3D('',#9726,#8013,#8014);
#6531=AXIS2_PLACEMENT_3D('',#9728,#8016,#8017);
#6532=AXIS2_PLACEMENT_3D('',#9729,#8018,#8019);
#6533=AXIS2_PLACEMENT_3D('',#9733,#8022,#8023);
#6534=AXIS2_PLACEMENT_3D('',#9735,#8025,#8026);
#6535=AXIS2_PLACEMENT_3D('',#9736,#8027,#8028);
#6536=AXIS2_PLACEMENT_3D('',#9740,#8031,#8032);
#6537=AXIS2_PLACEMENT_3D('',#9742,#8034,#8035);
#6538=AXIS2_PLACEMENT_3D('',#9743,#8036,#8037);
#6539=AXIS2_PLACEMENT_3D('',#9747,#8040,#8041);
#6540=AXIS2_PLACEMENT_3D('',#9749,#8043,#8044);
#6541=AXIS2_PLACEMENT_3D('',#9750,#8045,#8046);
#6542=AXIS2_PLACEMENT_3D('',#9754,#8049,#8050);
#6543=AXIS2_PLACEMENT_3D('',#9756,#8052,#8053);
#6544=AXIS2_PLACEMENT_3D('',#9757,#8054,#8055);
#6545=AXIS2_PLACEMENT_3D('',#9761,#8058,#8059);
#6546=AXIS2_PLACEMENT_3D('',#9763,#8061,#8062);
#6547=AXIS2_PLACEMENT_3D('',#9764,#8063,#8064);
#6548=AXIS2_PLACEMENT_3D('',#9768,#8067,#8068);
#6549=AXIS2_PLACEMENT_3D('',#9770,#8070,#8071);
#6550=AXIS2_PLACEMENT_3D('',#9771,#8072,#8073);
#6551=AXIS2_PLACEMENT_3D('',#9775,#8076,#8077);
#6552=AXIS2_PLACEMENT_3D('',#9777,#8079,#8080);
#6553=AXIS2_PLACEMENT_3D('',#9778,#8081,#8082);
#6554=AXIS2_PLACEMENT_3D('',#9782,#8085,#8086);
#6555=AXIS2_PLACEMENT_3D('',#9784,#8088,#8089);
#6556=AXIS2_PLACEMENT_3D('',#9785,#8090,#8091);
#6557=AXIS2_PLACEMENT_3D('',#9789,#8094,#8095);
#6558=AXIS2_PLACEMENT_3D('',#9791,#8097,#8098);
#6559=AXIS2_PLACEMENT_3D('',#9792,#8099,#8100);
#6560=AXIS2_PLACEMENT_3D('',#9798,#8104,#8105);
#6561=AXIS2_PLACEMENT_3D('',#9802,#8108,#8109);
#6562=AXIS2_PLACEMENT_3D('',#9806,#8112,#8113);
#6563=AXIS2_PLACEMENT_3D('',#9808,#8115,#8116);
#6564=AXIS2_PLACEMENT_3D('',#9814,#8120,#8121);
#6565=AXIS2_PLACEMENT_3D('',#9818,#8124,#8125);
#6566=AXIS2_PLACEMENT_3D('',#9822,#8128,#8129);
#6567=AXIS2_PLACEMENT_3D('',#9824,#8131,#8132);
#6568=AXIS2_PLACEMENT_3D('',#9825,#8133,#8134);
#6569=DIRECTION('axis',(0.,0.,1.));
#6570=DIRECTION('refdir',(1.,0.,0.));
#6571=DIRECTION('center_axis',(0.,-0.707106781186547,0.707106781186548));
#6572=DIRECTION('ref_axis',(-1.,0.,0.));
#6573=DIRECTION('',(0.,-0.707106781186548,-0.707106781186547));
#6574=DIRECTION('',(1.,0.,0.));
#6575=DIRECTION('',(0.,0.707106781186548,0.707106781186547));
#6576=DIRECTION('',(1.,0.,0.));
#6577=DIRECTION('center_axis',(-1.,0.,0.));
#6578=DIRECTION('ref_axis',(0.,1.,-1.40998324127395E-16));
#6579=DIRECTION('',(0.,5.85057606841884E-16,1.));
#6580=DIRECTION('',(0.,-1.,1.22464679914735E-16));
#6581=DIRECTION('',(0.,3.40128247012413E-16,-1.));
#6582=DIRECTION('',(0.,0.707106781186547,-0.707106781186548));
#6583=DIRECTION('',(0.,-1.22464679914735E-16,-1.));
#6584=DIRECTION('',(0.,1.,-1.22464679914735E-16));
#6585=DIRECTION('',(0.,1.22464679914735E-16,1.));
#6586=DIRECTION('center_axis',(0.,0.707106781186548,0.707106781186547));
#6587=DIRECTION('ref_axis',(-1.,0.,0.));
#6588=DIRECTION('',(-1.,0.,0.));
#6589=DIRECTION('',(0.,-0.707106781186547,0.707106781186548));
#6590=DIRECTION('',(-1.,0.,0.));
#6591=DIRECTION('center_axis',(1.,0.,0.));
#6592=DIRECTION('ref_axis',(0.,-1.,1.40998324127395E-16));
#6593=DIRECTION('',(0.,-1.22464679914735E-16,-1.));
#6594=DIRECTION('',(0.,-1.,1.22464679914735E-16));
#6595=DIRECTION('',(0.,1.22464679914735E-16,1.));
#6596=DIRECTION('',(0.,-3.40128247012413E-16,1.));
#6597=DIRECTION('',(0.,1.,-1.22464679914735E-16));
#6598=DIRECTION('',(0.,-5.85057606841884E-16,-1.));
#6599=DIRECTION('center_axis',(0.,-1.22464679914735E-16,-1.));
#6600=DIRECTION('ref_axis',(1.,0.,0.));
#6601=DIRECTION('',(1.,0.,0.));
#6602=DIRECTION('',(-1.,0.,0.));
#6603=DIRECTION('',(0.,1.,-1.22464679914735E-16));
#6604=DIRECTION('',(1.,-2.07131161310664E-16,2.53662513702779E-32));
#6605=DIRECTION('',(0.,-1.,1.22464679914735E-16));
#6606=DIRECTION('',(-1.,2.07131161310664E-16,-2.53662513702779E-32));
#6607=DIRECTION('',(0.,1.,-1.22464679914735E-16));
#6608=DIRECTION('',(1.,-2.07131161310664E-16,2.53662513702779E-32));
#6609=DIRECTION('',(0.,-1.,1.22464679914735E-16));
#6610=DIRECTION('',(-1.,2.07131161310664E-16,-2.53662513702779E-32));
#6611=DIRECTION('',(0.,1.,-1.22464679914735E-16));
#6612=DIRECTION('',(1.,-2.07131161310664E-16,2.53662513702779E-32));
#6613=DIRECTION('',(0.,-1.,1.22464679914735E-16));
#6614=DIRECTION('',(-1.,2.07131161310664E-16,-2.53662513702779E-32));
#6615=DIRECTION('',(0.,1.,-1.22464679914735E-16));
#6616=DIRECTION('',(1.,-2.07131161310664E-16,2.53662513702779E-32));
#6617=DIRECTION('',(0.,-1.,1.22464679914735E-16));
#6618=DIRECTION('',(-1.,2.07131161310664E-16,-2.53662513702779E-32));
#6619=DIRECTION('',(0.,1.,-1.22464679914735E-16));
#6620=DIRECTION('',(1.,-2.07131161310664E-16,2.53662513702779E-32));
#6621=DIRECTION('',(0.,-1.,1.22464679914735E-16));
#6622=DIRECTION('',(-1.,2.07131161310664E-16,-2.53662513702779E-32));
#6623=DIRECTION('',(0.,1.,-1.22464679914735E-16));
#6624=DIRECTION('',(1.,-2.07131161310664E-16,2.53662513702779E-32));
#6625=DIRECTION('',(0.,-1.,1.22464679914735E-16));
#6626=DIRECTION('',(-1.,2.07131161310664E-16,-2.53662513702779E-32));
#6627=DIRECTION('',(0.,1.,-1.22464679914735E-16));
#6628=DIRECTION('',(1.,-2.07131161310664E-16,2.53662513702779E-32));
#6629=DIRECTION('',(0.,-1.,1.22464679914735E-16));
#6630=DIRECTION('',(-1.,2.07131161310664E-16,-2.53662513702779E-32));
#6631=DIRECTION('',(0.,1.,-1.22464679914735E-16));
#6632=DIRECTION('',(1.,-2.07131161310664E-16,2.53662513702779E-32));
#6633=DIRECTION('',(0.,-1.,1.22464679914735E-16));
#6634=DIRECTION('',(-1.,2.07131161310664E-16,-2.53662513702779E-32));
#6635=DIRECTION('',(0.,1.,-1.22464679914735E-16));
#6636=DIRECTION('',(1.,-2.07131161310664E-16,2.53662513702779E-32));
#6637=DIRECTION('',(0.,-1.,1.22464679914735E-16));
#6638=DIRECTION('',(-1.,2.07131161310664E-16,-2.53662513702779E-32));
#6639=DIRECTION('',(0.,1.,-1.22464679914735E-16));
#6640=DIRECTION('',(1.,-2.07131161310664E-16,2.53662513702779E-32));
#6641=DIRECTION('',(0.,-1.,1.22464679914735E-16));
#6642=DIRECTION('',(-1.,2.07131161310664E-16,-2.53662513702779E-32));
#6643=DIRECTION('',(0.,1.,-1.22464679914735E-16));
#6644=DIRECTION('',(1.,-2.07131161310664E-16,2.53662513702779E-32));
#6645=DIRECTION('',(0.,-1.,1.22464679914735E-16));
#6646=DIRECTION('',(-1.,2.07131161310664E-16,-2.53662513702779E-32));
#6647=DIRECTION('',(0.,1.,-1.22464679914735E-16));
#6648=DIRECTION('',(1.,-2.07131161310664E-16,2.53662513702779E-32));
#6649=DIRECTION('',(0.,-1.,1.22464679914735E-16));
#6650=DIRECTION('',(-1.,2.07131161310664E-16,-2.53662513702779E-32));
#6651=DIRECTION('',(0.,1.,-1.22464679914735E-16));
#6652=DIRECTION('',(1.,-2.07131161310664E-16,2.53662513702779E-32));
#6653=DIRECTION('',(0.,-1.,1.22464679914735E-16));
#6654=DIRECTION('',(-1.,2.07131161310664E-16,-2.53662513702779E-32));
#6655=DIRECTION('',(0.,1.,-1.22464679914735E-16));
#6656=DIRECTION('',(1.,-2.07131161310664E-16,2.53662513702779E-32));
#6657=DIRECTION('',(0.,-1.,1.22464679914735E-16));
#6658=DIRECTION('',(-1.,2.07131161310664E-16,-2.53662513702779E-32));
#6659=DIRECTION('',(0.,1.,-1.22464679914735E-16));
#6660=DIRECTION('',(1.,-2.07131161310664E-16,2.53662513702779E-32));
#6661=DIRECTION('',(0.,-1.,1.22464679914735E-16));
#6662=DIRECTION('',(-1.,2.07131161310664E-16,-2.53662513702779E-32));
#6663=DIRECTION('',(0.,1.,-1.22464679914735E-16));
#6664=DIRECTION('',(1.,-2.07131161310664E-16,2.53662513702779E-32));
#6665=DIRECTION('',(0.,-1.,1.22464679914735E-16));
#6666=DIRECTION('',(-1.,2.07131161310664E-16,-2.53662513702779E-32));
#6667=DIRECTION('',(0.,1.,-1.22464679914735E-16));
#6668=DIRECTION('',(1.,-2.07131161310664E-16,2.53662513702779E-32));
#6669=DIRECTION('',(0.,-1.,1.22464679914735E-16));
#6670=DIRECTION('',(-1.,2.07131161310664E-16,-2.53662513702779E-32));
#6671=DIRECTION('',(0.,1.,-1.22464679914735E-16));
#6672=DIRECTION('',(1.,-2.07131161310664E-16,2.53662513702779E-32));
#6673=DIRECTION('',(0.,-1.,1.22464679914735E-16));
#6674=DIRECTION('',(-1.,2.07131161310664E-16,-2.53662513702779E-32));
#6675=DIRECTION('',(0.,1.,-1.22464679914735E-16));
#6676=DIRECTION('',(1.,-2.07131161310664E-16,2.53662513702779E-32));
#6677=DIRECTION('',(0.,-1.,1.22464679914735E-16));
#6678=DIRECTION('',(-1.,2.07131161310664E-16,-2.53662513702779E-32));
#6679=DIRECTION('',(0.,1.,-1.22464679914735E-16));
#6680=DIRECTION('',(1.,-2.07131161310664E-16,2.53662513702779E-32));
#6681=DIRECTION('',(0.,-1.,1.22464679914735E-16));
#6682=DIRECTION('',(-1.,2.07131161310664E-16,-2.53662513702779E-32));
#6683=DIRECTION('',(0.,1.,-1.22464679914735E-16));
#6684=DIRECTION('',(1.,-2.07131161310664E-16,2.53662513702779E-32));
#6685=DIRECTION('',(0.,-1.,1.22464679914735E-16));
#6686=DIRECTION('',(-1.,2.07131161310664E-16,-2.53662513702779E-32));
#6687=DIRECTION('',(0.,1.,-1.22464679914735E-16));
#6688=DIRECTION('',(1.,-2.07131161310664E-16,2.53662513702779E-32));
#6689=DIRECTION('',(0.,-1.,1.22464679914735E-16));
#6690=DIRECTION('',(-1.,2.07131161310664E-16,-2.53662513702779E-32));
#6691=DIRECTION('',(0.,1.,-1.22464679914735E-16));
#6692=DIRECTION('',(1.,-2.07131161310664E-16,2.53662513702779E-32));
#6693=DIRECTION('',(0.,-1.,1.22464679914735E-16));
#6694=DIRECTION('',(-1.,2.07131161310664E-16,-2.53662513702779E-32));
#6695=DIRECTION('',(0.,1.,-1.22464679914735E-16));
#6696=DIRECTION('',(1.,-2.07131161310664E-16,2.53662513702779E-32));
#6697=DIRECTION('',(0.,-1.,1.22464679914735E-16));
#6698=DIRECTION('',(-1.,2.07131161310664E-16,-2.53662513702779E-32));
#6699=DIRECTION('',(0.,1.,-1.22464679914735E-16));
#6700=DIRECTION('',(1.,-2.07131161310664E-16,2.53662513702779E-32));
#6701=DIRECTION('',(0.,-1.,1.22464679914735E-16));
#6702=DIRECTION('',(-1.,2.07131161310664E-16,-2.53662513702779E-32));
#6703=DIRECTION('',(0.,1.,-1.22464679914735E-16));
#6704=DIRECTION('',(1.,-2.07131161310664E-16,2.53662513702779E-32));
#6705=DIRECTION('',(0.,-1.,1.22464679914735E-16));
#6706=DIRECTION('',(-1.,2.07131161310664E-16,-2.53662513702779E-32));
#6707=DIRECTION('',(0.,1.,-1.22464679914735E-16));
#6708=DIRECTION('',(1.,-2.07131161310664E-16,2.53662513702779E-32));
#6709=DIRECTION('',(0.,-1.,1.22464679914735E-16));
#6710=DIRECTION('',(-1.,2.07131161310664E-16,-2.53662513702779E-32));
#6711=DIRECTION('',(0.,1.,-1.22464679914735E-16));
#6712=DIRECTION('',(1.,-2.07131161310664E-16,2.53662513702779E-32));
#6713=DIRECTION('',(0.,-1.,1.22464679914735E-16));
#6714=DIRECTION('',(-1.,2.07131161310664E-16,-2.53662513702779E-32));
#6715=DIRECTION('',(0.,1.,-1.22464679914735E-16));
#6716=DIRECTION('',(1.,-2.07131161310664E-16,2.53662513702779E-32));
#6717=DIRECTION('',(0.,-1.,1.22464679914735E-16));
#6718=DIRECTION('',(-1.,2.07131161310664E-16,-2.53662513702779E-32));
#6719=DIRECTION('',(0.,1.,-1.22464679914735E-16));
#6720=DIRECTION('',(1.,-2.07131161310664E-16,2.53662513702779E-32));
#6721=DIRECTION('',(0.,-1.,1.22464679914735E-16));
#6722=DIRECTION('',(-1.,2.07131161310664E-16,-2.53662513702779E-32));
#6723=DIRECTION('',(0.,1.,-1.22464679914735E-16));
#6724=DIRECTION('',(1.,-2.07131161310664E-16,2.53662513702779E-32));
#6725=DIRECTION('',(0.,-1.,1.22464679914735E-16));
#6726=DIRECTION('',(-1.,2.07131161310664E-16,-2.53662513702779E-32));
#6727=DIRECTION('',(0.,1.,-1.22464679914735E-16));
#6728=DIRECTION('',(1.,-2.07131161310664E-16,2.53662513702779E-32));
#6729=DIRECTION('',(0.,-1.,1.22464679914735E-16));
#6730=DIRECTION('',(-1.,2.07131161310664E-16,-2.53662513702779E-32));
#6731=DIRECTION('',(0.,1.,-1.22464679914735E-16));
#6732=DIRECTION('',(1.,-2.07131161310664E-16,2.53662513702779E-32));
#6733=DIRECTION('',(0.,-1.,1.22464679914735E-16));
#6734=DIRECTION('',(-1.,2.07131161310664E-16,-2.53662513702779E-32));
#6735=DIRECTION('',(0.,1.,-1.22464679914735E-16));
#6736=DIRECTION('',(1.,-2.07131161310664E-16,2.53662513702779E-32));
#6737=DIRECTION('',(0.,-1.,1.22464679914735E-16));
#6738=DIRECTION('',(-1.,2.07131161310664E-16,-2.53662513702779E-32));
#6739=DIRECTION('',(0.,1.,-1.22464679914735E-16));
#6740=DIRECTION('',(1.,-2.07131161310664E-16,2.53662513702779E-32));
#6741=DIRECTION('',(0.,-1.,1.22464679914735E-16));
#6742=DIRECTION('',(-1.,2.07131161310664E-16,-2.53662513702779E-32));
#6743=DIRECTION('',(0.,1.,-1.22464679914735E-16));
#6744=DIRECTION('',(1.,-2.07131161310664E-16,2.53662513702779E-32));
#6745=DIRECTION('',(0.,-1.,1.22464679914735E-16));
#6746=DIRECTION('',(-1.,2.07131161310664E-16,-2.53662513702779E-32));
#6747=DIRECTION('',(0.,1.,-1.22464679914735E-16));
#6748=DIRECTION('',(1.,-2.07131161310664E-16,2.53662513702779E-32));
#6749=DIRECTION('',(0.,-1.,1.22464679914735E-16));
#6750=DIRECTION('',(-1.,2.07131161310664E-16,-2.53662513702779E-32));
#6751=DIRECTION('',(0.,1.,-1.22464679914735E-16));
#6752=DIRECTION('',(1.,-2.07131161310664E-16,2.53662513702779E-32));
#6753=DIRECTION('',(0.,-1.,1.22464679914735E-16));
#6754=DIRECTION('',(-1.,2.07131161310664E-16,-2.53662513702779E-32));
#6755=DIRECTION('',(0.,1.,-1.22464679914735E-16));
#6756=DIRECTION('',(1.,-2.07131161310664E-16,2.53662513702779E-32));
#6757=DIRECTION('',(0.,-1.,1.22464679914735E-16));
#6758=DIRECTION('',(-1.,2.07131161310664E-16,-2.53662513702779E-32));
#6759=DIRECTION('',(0.,1.,-1.22464679914735E-16));
#6760=DIRECTION('',(1.,-2.07131161310664E-16,2.53662513702779E-32));
#6761=DIRECTION('',(0.,-1.,1.22464679914735E-16));
#6762=DIRECTION('',(-1.,2.07131161310664E-16,-2.53662513702779E-32));
#6763=DIRECTION('center_axis',(0.,-1.,5.85057606841884E-16));
#6764=DIRECTION('ref_axis',(-5.6399329650958E-16,5.6399329650958E-16,1.));
#6765=DIRECTION('',(-1.,0.,0.));
#6766=DIRECTION('center_axis',(0.,-1.,1.22464679914735E-16));
#6767=DIRECTION('ref_axis',(-1.,0.,0.));
#6768=DIRECTION('center_axis',(0.,1.,3.40128247012413E-16));
#6769=DIRECTION('ref_axis',(0.,-3.52495810318487E-16,1.));
#6770=DIRECTION('',(-1.,0.,0.));
#6771=DIRECTION('center_axis',(0.,1.,-1.22464679914735E-16));
#6772=DIRECTION('ref_axis',(1.,0.,0.));
#6773=DIRECTION('center_axis',(-0.707106781186547,8.65956056235494E-17,
0.707106781186548));
#6774=DIRECTION('ref_axis',(-0.707106781186548,-8.81239525796218E-17,-0.707106781186547));
#6775=DIRECTION('',(-0.577350269189626,-0.577350269189626,-0.577350269189626));
#6776=DIRECTION('',(0.,-1.,1.22464679914735E-16));
#6777=DIRECTION('',(0.577350269189626,-0.577350269189625,0.577350269189626));
#6778=DIRECTION('center_axis',(-1.46463848757815E-16,-0.707106781186547,
0.707106781186548));
#6779=DIRECTION('ref_axis',(-1.,0.,-1.40998324127395E-16));
#6780=DIRECTION('',(0.577350269189626,-0.577350269189626,-0.577350269189625));
#6781=DIRECTION('',(1.,-2.07131161310664E-16,2.53662513702779E-32));
#6782=DIRECTION('center_axis',(0.707106781186547,8.65956056235494E-17,0.707106781186548));
#6783=DIRECTION('ref_axis',(-0.707106781186548,8.81239525796218E-17,0.707106781186547));
#6784=DIRECTION('',(0.,1.,-1.22464679914735E-16));
#6785=DIRECTION('',(0.577350269189626,0.577350269189625,-0.577350269189626));
#6786=DIRECTION('center_axis',(1.46463848757816E-16,0.707106781186548,0.707106781186547));
#6787=DIRECTION('ref_axis',(-1.,0.,1.40998324127395E-16));
#6788=DIRECTION('',(-1.,2.07131161310664E-16,-2.53662513702779E-32));
#6789=DIRECTION('center_axis',(-2.07131161310664E-16,-1.,1.22464679914735E-16));
#6790=DIRECTION('ref_axis',(-1.,2.11497486191092E-16,0.));
#6791=DIRECTION('',(0.,-1.22464679914735E-16,-1.));
#6792=DIRECTION('',(-1.,2.07131161310664E-16,-2.53662513702779E-32));
#6793=DIRECTION('',(0.,-1.22464679914735E-16,-1.));
#6794=DIRECTION('center_axis',(1.,0.,0.));
#6795=DIRECTION('ref_axis',(0.,-1.,1.40998324127395E-16));
#6796=DIRECTION('',(0.,-1.22464679914735E-16,-1.));
#6797=DIRECTION('',(0.,-1.,1.22464679914735E-16));
#6798=DIRECTION('center_axis',(-0.707106781186547,8.65956056235494E-17,
0.707106781186548));
#6799=DIRECTION('ref_axis',(-0.707106781186548,-8.81239525796218E-17,-0.707106781186547));
#6800=DIRECTION('',(-0.577350269189626,-0.577350269189626,-0.577350269189626));
#6801=DIRECTION('',(0.,-1.,1.22464679914735E-16));
#6802=DIRECTION('',(0.577350269189626,-0.577350269189626,0.577350269189626));
#6803=DIRECTION('center_axis',(-1.46463848757815E-16,-0.707106781186547,
0.707106781186548));
#6804=DIRECTION('ref_axis',(-1.,0.,-1.40998324127395E-16));
#6805=DIRECTION('',(0.577350269189626,-0.577350269189626,-0.577350269189625));
#6806=DIRECTION('',(1.,-2.07131161310664E-16,2.53662513702779E-32));
#6807=DIRECTION('center_axis',(0.707106781186547,8.65956056235494E-17,0.707106781186548));
#6808=DIRECTION('ref_axis',(-0.707106781186548,8.81239525796218E-17,0.707106781186547));
#6809=DIRECTION('',(0.,1.,-1.22464679914735E-16));
#6810=DIRECTION('',(0.577350269189626,0.577350269189625,-0.577350269189626));
#6811=DIRECTION('center_axis',(1.46463848757815E-16,0.707106781186548,0.707106781186547));
#6812=DIRECTION('ref_axis',(-1.,0.,1.40998324127395E-16));
#6813=DIRECTION('',(-1.,2.07131161310664E-16,-2.53662513702779E-32));
#6814=DIRECTION('center_axis',(-2.07131161310664E-16,-1.,1.22464679914735E-16));
#6815=DIRECTION('ref_axis',(-1.,2.11497486191092E-16,0.));
#6816=DIRECTION('',(0.,-1.22464679914735E-16,-1.));
#6817=DIRECTION('',(-1.,2.07131161310664E-16,-2.53662513702779E-32));
#6818=DIRECTION('',(0.,-1.22464679914735E-16,-1.));
#6819=DIRECTION('center_axis',(1.,0.,0.));
#6820=DIRECTION('ref_axis',(0.,-1.,1.40998324127395E-16));
#6821=DIRECTION('',(0.,-1.22464679914735E-16,-1.));
#6822=DIRECTION('',(0.,-1.,1.22464679914735E-16));
#6823=DIRECTION('center_axis',(-0.707106781186547,8.65956056235494E-17,
0.707106781186548));
#6824=DIRECTION('ref_axis',(-0.707106781186548,-8.81239525796218E-17,-0.707106781186547));
#6825=DIRECTION('',(-0.577350269189626,-0.577350269189626,-0.577350269189626));
#6826=DIRECTION('',(0.,-1.,1.22464679914735E-16));
#6827=DIRECTION('',(0.577350269189626,-0.577350269189625,0.577350269189626));
#6828=DIRECTION('center_axis',(-1.46463848757815E-16,-0.707106781186547,
0.707106781186548));
#6829=DIRECTION('ref_axis',(-1.,0.,-1.40998324127395E-16));
#6830=DIRECTION('',(0.577350269189626,-0.577350269189626,-0.577350269189625));
#6831=DIRECTION('',(1.,-2.07131161310664E-16,2.53662513702779E-32));
#6832=DIRECTION('center_axis',(0.707106781186547,8.65956056235494E-17,0.707106781186548));
#6833=DIRECTION('ref_axis',(-0.707106781186548,8.81239525796218E-17,0.707106781186547));
#6834=DIRECTION('',(0.,1.,-1.22464679914735E-16));
#6835=DIRECTION('',(0.577350269189626,0.577350269189625,-0.577350269189626));
#6836=DIRECTION('center_axis',(1.46463848757816E-16,0.707106781186548,0.707106781186547));
#6837=DIRECTION('ref_axis',(-1.,0.,1.40998324127395E-16));
#6838=DIRECTION('',(-1.,2.07131161310664E-16,-2.53662513702779E-32));
#6839=DIRECTION('center_axis',(-2.07131161310664E-16,-1.,1.22464679914735E-16));
#6840=DIRECTION('ref_axis',(-1.,2.11497486191092E-16,0.));
#6841=DIRECTION('',(0.,-1.22464679914735E-16,-1.));
#6842=DIRECTION('',(-1.,2.07131161310664E-16,-2.53662513702779E-32));
#6843=DIRECTION('',(0.,-1.22464679914735E-16,-1.));
#6844=DIRECTION('center_axis',(1.,0.,0.));
#6845=DIRECTION('ref_axis',(0.,-1.,1.40998324127395E-16));
#6846=DIRECTION('',(0.,-1.22464679914735E-16,-1.));
#6847=DIRECTION('',(0.,-1.,1.22464679914735E-16));
#6848=DIRECTION('center_axis',(-0.707106781186547,8.65956056235494E-17,
0.707106781186548));
#6849=DIRECTION('ref_axis',(-0.707106781186548,-8.81239525796218E-17,-0.707106781186547));
#6850=DIRECTION('',(-0.577350269189626,-0.577350269189626,-0.577350269189626));
#6851=DIRECTION('',(0.,-1.,1.22464679914735E-16));
#6852=DIRECTION('',(0.577350269189626,-0.577350269189626,0.577350269189626));
#6853=DIRECTION('center_axis',(-1.46463848757815E-16,-0.707106781186547,
0.707106781186548));
#6854=DIRECTION('ref_axis',(-1.,0.,-1.40998324127395E-16));
#6855=DIRECTION('',(0.577350269189626,-0.577350269189626,-0.577350269189625));
#6856=DIRECTION('',(1.,-2.07131161310664E-16,2.53662513702779E-32));
#6857=DIRECTION('center_axis',(0.707106781186547,8.65956056235494E-17,0.707106781186548));
#6858=DIRECTION('ref_axis',(-0.707106781186548,8.81239525796218E-17,0.707106781186547));
#6859=DIRECTION('',(0.,1.,-1.22464679914735E-16));
#6860=DIRECTION('',(0.577350269189626,0.577350269189625,-0.577350269189626));
#6861=DIRECTION('center_axis',(1.46463848757815E-16,0.707106781186548,0.707106781186547));
#6862=DIRECTION('ref_axis',(-1.,0.,1.40998324127395E-16));
#6863=DIRECTION('',(-1.,2.07131161310664E-16,-2.53662513702779E-32));
#6864=DIRECTION('center_axis',(-2.07131161310664E-16,-1.,1.22464679914735E-16));
#6865=DIRECTION('ref_axis',(-1.,2.11497486191092E-16,0.));
#6866=DIRECTION('',(0.,-1.22464679914735E-16,-1.));
#6867=DIRECTION('',(-1.,2.07131161310664E-16,-2.53662513702779E-32));
#6868=DIRECTION('',(0.,-1.22464679914735E-16,-1.));
#6869=DIRECTION('center_axis',(1.,0.,0.));
#6870=DIRECTION('ref_axis',(0.,-1.,1.40998324127395E-16));
#6871=DIRECTION('',(0.,-1.22464679914735E-16,-1.));
#6872=DIRECTION('',(0.,-1.,1.22464679914735E-16));
#6873=DIRECTION('center_axis',(-0.707106781186547,8.65956056235494E-17,
0.707106781186548));
#6874=DIRECTION('ref_axis',(-0.707106781186548,-8.81239525796218E-17,-0.707106781186547));
#6875=DIRECTION('',(-0.577350269189626,-0.577350269189626,-0.577350269189626));
#6876=DIRECTION('',(0.,-1.,1.22464679914735E-16));
#6877=DIRECTION('',(0.577350269189626,-0.577350269189625,0.577350269189626));
#6878=DIRECTION('center_axis',(-1.46463848757815E-16,-0.707106781186547,
0.707106781186548));
#6879=DIRECTION('ref_axis',(-1.,0.,-1.40998324127395E-16));
#6880=DIRECTION('',(0.577350269189626,-0.577350269189626,-0.577350269189625));
#6881=DIRECTION('',(1.,-2.07131161310664E-16,2.53662513702779E-32));
#6882=DIRECTION('center_axis',(0.707106781186547,8.65956056235494E-17,0.707106781186548));
#6883=DIRECTION('ref_axis',(-0.707106781186548,8.81239525796218E-17,0.707106781186547));
#6884=DIRECTION('',(0.,1.,-1.22464679914735E-16));
#6885=DIRECTION('',(0.577350269189626,0.577350269189625,-0.577350269189626));
#6886=DIRECTION('center_axis',(1.46463848757815E-16,0.707106781186548,0.707106781186547));
#6887=DIRECTION('ref_axis',(-1.,0.,1.40998324127395E-16));
#6888=DIRECTION('',(-1.,2.07131161310664E-16,-2.53662513702779E-32));
#6889=DIRECTION('center_axis',(-2.07131161310664E-16,-1.,1.22464679914735E-16));
#6890=DIRECTION('ref_axis',(-1.,2.11497486191092E-16,0.));
#6891=DIRECTION('',(0.,-1.22464679914735E-16,-1.));
#6892=DIRECTION('',(-1.,2.07131161310664E-16,-2.53662513702779E-32));
#6893=DIRECTION('',(0.,-1.22464679914735E-16,-1.));
#6894=DIRECTION('center_axis',(1.,0.,0.));
#6895=DIRECTION('ref_axis',(0.,-1.,1.40998324127395E-16));
#6896=DIRECTION('',(0.,-1.22464679914735E-16,-1.));
#6897=DIRECTION('',(0.,-1.,1.22464679914735E-16));
#6898=DIRECTION('center_axis',(-0.707106781186547,8.65956056235494E-17,
0.707106781186548));
#6899=DIRECTION('ref_axis',(-0.707106781186548,-8.81239525796218E-17,-0.707106781186547));
#6900=DIRECTION('',(-0.577350269189626,-0.577350269189626,-0.577350269189626));
#6901=DIRECTION('',(0.,-1.,1.22464679914735E-16));
#6902=DIRECTION('',(0.577350269189626,-0.577350269189626,0.577350269189626));
#6903=DIRECTION('center_axis',(-1.46463848757815E-16,-0.707106781186547,
0.707106781186548));
#6904=DIRECTION('ref_axis',(-1.,0.,-1.40998324127395E-16));
#6905=DIRECTION('',(0.577350269189626,-0.577350269189626,-0.577350269189625));
#6906=DIRECTION('',(1.,-2.07131161310664E-16,2.53662513702779E-32));
#6907=DIRECTION('center_axis',(0.707106781186547,8.65956056235494E-17,0.707106781186548));
#6908=DIRECTION('ref_axis',(-0.707106781186548,8.81239525796218E-17,0.707106781186547));
#6909=DIRECTION('',(0.,1.,-1.22464679914735E-16));
#6910=DIRECTION('',(0.577350269189626,0.577350269189625,-0.577350269189626));
#6911=DIRECTION('center_axis',(1.46463848757815E-16,0.707106781186548,0.707106781186547));
#6912=DIRECTION('ref_axis',(-1.,0.,1.40998324127395E-16));
#6913=DIRECTION('',(-1.,2.07131161310664E-16,-2.53662513702779E-32));
#6914=DIRECTION('center_axis',(-2.07131161310664E-16,-1.,1.22464679914735E-16));
#6915=DIRECTION('ref_axis',(-1.,2.11497486191092E-16,0.));
#6916=DIRECTION('',(0.,-1.22464679914735E-16,-1.));
#6917=DIRECTION('',(-1.,2.07131161310664E-16,-2.53662513702779E-32));
#6918=DIRECTION('',(0.,-1.22464679914735E-16,-1.));
#6919=DIRECTION('center_axis',(1.,0.,0.));
#6920=DIRECTION('ref_axis',(0.,-1.,1.40998324127395E-16));
#6921=DIRECTION('',(0.,-1.22464679914735E-16,-1.));
#6922=DIRECTION('',(0.,-1.,1.22464679914735E-16));
#6923=DIRECTION('center_axis',(-0.707106781186547,8.65956056235494E-17,
0.707106781186548));
#6924=DIRECTION('ref_axis',(-0.707106781186548,-8.81239525796218E-17,-0.707106781186547));
#6925=DIRECTION('',(-0.577350269189626,-0.577350269189626,-0.577350269189626));
#6926=DIRECTION('',(0.,-1.,1.22464679914735E-16));
#6927=DIRECTION('',(0.577350269189626,-0.577350269189625,0.577350269189626));
#6928=DIRECTION('center_axis',(-1.46463848757815E-16,-0.707106781186547,
0.707106781186548));
#6929=DIRECTION('ref_axis',(-1.,0.,-1.40998324127395E-16));
#6930=DIRECTION('',(0.577350269189626,-0.577350269189626,-0.577350269189625));
#6931=DIRECTION('',(1.,-2.07131161310664E-16,2.53662513702779E-32));
#6932=DIRECTION('center_axis',(0.707106781186547,8.65956056235494E-17,0.707106781186548));
#6933=DIRECTION('ref_axis',(-0.707106781186548,8.81239525796218E-17,0.707106781186547));
#6934=DIRECTION('',(0.,1.,-1.22464679914735E-16));
#6935=DIRECTION('',(0.577350269189626,0.577350269189625,-0.577350269189626));
#6936=DIRECTION('center_axis',(1.46463848757815E-16,0.707106781186548,0.707106781186547));
#6937=DIRECTION('ref_axis',(-1.,0.,1.40998324127395E-16));
#6938=DIRECTION('',(-1.,2.07131161310664E-16,-2.53662513702779E-32));
#6939=DIRECTION('center_axis',(-2.07131161310664E-16,-1.,1.22464679914735E-16));
#6940=DIRECTION('ref_axis',(-1.,2.11497486191092E-16,0.));
#6941=DIRECTION('',(0.,-1.22464679914735E-16,-1.));
#6942=DIRECTION('',(-1.,2.07131161310664E-16,-2.53662513702779E-32));
#6943=DIRECTION('',(0.,-1.22464679914735E-16,-1.));
#6944=DIRECTION('center_axis',(1.,0.,0.));
#6945=DIRECTION('ref_axis',(0.,-1.,1.40998324127395E-16));
#6946=DIRECTION('',(0.,-1.22464679914735E-16,-1.));
#6947=DIRECTION('',(0.,-1.,1.22464679914735E-16));
#6948=DIRECTION('center_axis',(-0.707106781186547,8.65956056235494E-17,
0.707106781186548));
#6949=DIRECTION('ref_axis',(-0.707106781186548,-8.81239525796218E-17,-0.707106781186547));
#6950=DIRECTION('',(-0.577350269189626,-0.577350269189626,-0.577350269189626));
#6951=DIRECTION('',(0.,-1.,1.22464679914735E-16));
#6952=DIRECTION('',(0.577350269189626,-0.577350269189626,0.577350269189626));
#6953=DIRECTION('center_axis',(-1.46463848757815E-16,-0.707106781186547,
0.707106781186548));
#6954=DIRECTION('ref_axis',(-1.,0.,-1.40998324127395E-16));
#6955=DIRECTION('',(0.577350269189626,-0.577350269189626,-0.577350269189625));
#6956=DIRECTION('',(1.,-2.07131161310664E-16,2.53662513702779E-32));
#6957=DIRECTION('center_axis',(0.707106781186547,8.65956056235494E-17,0.707106781186548));
#6958=DIRECTION('ref_axis',(-0.707106781186548,8.81239525796218E-17,0.707106781186547));
#6959=DIRECTION('',(0.,1.,-1.22464679914735E-16));
#6960=DIRECTION('',(0.577350269189626,0.577350269189625,-0.577350269189626));
#6961=DIRECTION('center_axis',(1.46463848757815E-16,0.707106781186548,0.707106781186547));
#6962=DIRECTION('ref_axis',(-1.,0.,1.40998324127395E-16));
#6963=DIRECTION('',(-1.,2.07131161310664E-16,-2.53662513702779E-32));
#6964=DIRECTION('center_axis',(-2.07131161310664E-16,-1.,1.22464679914735E-16));
#6965=DIRECTION('ref_axis',(-1.,2.11497486191092E-16,0.));
#6966=DIRECTION('',(0.,-1.22464679914735E-16,-1.));
#6967=DIRECTION('',(-1.,2.07131161310664E-16,-2.53662513702779E-32));
#6968=DIRECTION('',(0.,-1.22464679914735E-16,-1.));
#6969=DIRECTION('center_axis',(1.,0.,0.));
#6970=DIRECTION('ref_axis',(0.,-1.,1.40998324127395E-16));
#6971=DIRECTION('',(0.,-1.22464679914735E-16,-1.));
#6972=DIRECTION('',(0.,-1.,1.22464679914735E-16));
#6973=DIRECTION('center_axis',(-0.707106781186547,8.65956056235494E-17,
0.707106781186548));
#6974=DIRECTION('ref_axis',(-0.707106781186548,-8.81239525796218E-17,-0.707106781186547));
#6975=DIRECTION('',(-0.577350269189626,-0.577350269189626,-0.577350269189626));
#6976=DIRECTION('',(0.,-1.,1.22464679914735E-16));
#6977=DIRECTION('',(0.577350269189626,-0.577350269189625,0.577350269189626));
#6978=DIRECTION('center_axis',(-1.46463848757815E-16,-0.707106781186547,
0.707106781186548));
#6979=DIRECTION('ref_axis',(-1.,0.,-1.40998324127395E-16));
#6980=DIRECTION('',(0.577350269189626,-0.577350269189626,-0.577350269189626));
#6981=DIRECTION('',(1.,-2.07131161310664E-16,2.53662513702779E-32));
#6982=DIRECTION('center_axis',(0.707106781186547,8.65956056235494E-17,0.707106781186548));
#6983=DIRECTION('ref_axis',(-0.707106781186548,8.81239525796218E-17,0.707106781186547));
#6984=DIRECTION('',(0.,1.,-1.22464679914735E-16));
#6985=DIRECTION('',(0.577350269189626,0.577350269189625,-0.577350269189626));
#6986=DIRECTION('center_axis',(1.46463848757815E-16,0.707106781186548,0.707106781186547));
#6987=DIRECTION('ref_axis',(-1.,0.,1.40998324127395E-16));
#6988=DIRECTION('',(-1.,2.07131161310664E-16,-2.53662513702779E-32));
#6989=DIRECTION('center_axis',(-2.07131161310664E-16,-1.,1.22464679914735E-16));
#6990=DIRECTION('ref_axis',(-1.,2.11497486191092E-16,0.));
#6991=DIRECTION('',(0.,-1.22464679914735E-16,-1.));
#6992=DIRECTION('',(-1.,2.07131161310664E-16,-2.53662513702779E-32));
#6993=DIRECTION('',(0.,-1.22464679914735E-16,-1.));
#6994=DIRECTION('center_axis',(1.,0.,0.));
#6995=DIRECTION('ref_axis',(0.,-1.,1.40998324127395E-16));
#6996=DIRECTION('',(0.,-1.22464679914735E-16,-1.));
#6997=DIRECTION('',(0.,-1.,1.22464679914735E-16));
#6998=DIRECTION('center_axis',(-0.707106781186548,8.65956056235493E-17,
0.707106781186548));
#6999=DIRECTION('ref_axis',(-0.707106781186548,-8.81239525796218E-17,-0.707106781186548));
#7000=DIRECTION('',(-0.577350269189626,-0.577350269189626,-0.577350269189626));
#7001=DIRECTION('',(0.,-1.,1.22464679914735E-16));
#7002=DIRECTION('',(0.577350269189626,-0.577350269189626,0.577350269189626));
#7003=DIRECTION('center_axis',(-1.46463848757815E-16,-0.707106781186547,
0.707106781186548));
#7004=DIRECTION('ref_axis',(-1.,0.,-1.40998324127395E-16));
#7005=DIRECTION('',(0.577350269189626,-0.577350269189626,-0.577350269189626));
#7006=DIRECTION('',(1.,-2.07131161310664E-16,2.53662513702779E-32));
#7007=DIRECTION('center_axis',(0.707106781186548,8.65956056235493E-17,0.707106781186548));
#7008=DIRECTION('ref_axis',(-0.707106781186548,8.81239525796218E-17,0.707106781186547));
#7009=DIRECTION('',(0.,1.,-1.22464679914735E-16));
#7010=DIRECTION('',(0.577350269189626,0.577350269189625,-0.577350269189626));
#7011=DIRECTION('center_axis',(1.46463848757815E-16,0.707106781186548,0.707106781186547));
#7012=DIRECTION('ref_axis',(-1.,0.,1.40998324127395E-16));
#7013=DIRECTION('',(-1.,2.07131161310664E-16,-2.53662513702779E-32));
#7014=DIRECTION('center_axis',(-2.07131161310664E-16,-1.,1.22464679914735E-16));
#7015=DIRECTION('ref_axis',(-1.,2.11497486191092E-16,0.));
#7016=DIRECTION('',(0.,-1.22464679914735E-16,-1.));
#7017=DIRECTION('',(-1.,2.07131161310664E-16,-2.53662513702779E-32));
#7018=DIRECTION('',(0.,-1.22464679914735E-16,-1.));
#7019=DIRECTION('center_axis',(1.,0.,0.));
#7020=DIRECTION('ref_axis',(0.,-1.,1.40998324127395E-16));
#7021=DIRECTION('',(0.,-1.22464679914735E-16,-1.));
#7022=DIRECTION('',(0.,-1.,1.22464679914735E-16));
#7023=DIRECTION('center_axis',(-0.707106781186548,8.65956056235493E-17,
0.707106781186548));
#7024=DIRECTION('ref_axis',(-0.707106781186548,-8.81239525796218E-17,-0.707106781186548));
#7025=DIRECTION('',(-0.577350269189626,-0.577350269189626,-0.577350269189626));
#7026=DIRECTION('',(0.,-1.,1.22464679914735E-16));
#7027=DIRECTION('',(0.577350269189626,-0.577350269189625,0.577350269189626));
#7028=DIRECTION('center_axis',(-1.46463848757815E-16,-0.707106781186547,
0.707106781186548));
#7029=DIRECTION('ref_axis',(-1.,0.,-1.40998324127395E-16));
#7030=DIRECTION('',(0.577350269189626,-0.577350269189626,-0.577350269189626));
#7031=DIRECTION('',(1.,-2.07131161310664E-16,2.53662513702779E-32));
#7032=DIRECTION('center_axis',(0.707106781186548,8.65956056235493E-17,0.707106781186548));
#7033=DIRECTION('ref_axis',(-0.707106781186548,8.81239525796218E-17,0.707106781186547));
#7034=DIRECTION('',(0.,1.,-1.22464679914735E-16));
#7035=DIRECTION('',(0.577350269189626,0.577350269189625,-0.577350269189626));
#7036=DIRECTION('center_axis',(1.46463848757815E-16,0.707106781186548,0.707106781186547));
#7037=DIRECTION('ref_axis',(-1.,0.,1.40998324127395E-16));
#7038=DIRECTION('',(-1.,2.07131161310664E-16,-2.53662513702779E-32));
#7039=DIRECTION('center_axis',(-2.07131161310664E-16,-1.,1.22464679914735E-16));
#7040=DIRECTION('ref_axis',(-1.,2.11497486191092E-16,0.));
#7041=DIRECTION('',(0.,-1.22464679914735E-16,-1.));
#7042=DIRECTION('',(-1.,2.07131161310664E-16,-2.53662513702779E-32));
#7043=DIRECTION('',(0.,-1.22464679914735E-16,-1.));
#7044=DIRECTION('center_axis',(1.,0.,0.));
#7045=DIRECTION('ref_axis',(0.,-1.,1.40998324127395E-16));
#7046=DIRECTION('',(0.,-1.22464679914735E-16,-1.));
#7047=DIRECTION('',(0.,-1.,1.22464679914735E-16));
#7048=DIRECTION('center_axis',(-0.707106781186547,8.65956056235494E-17,
0.707106781186548));
#7049=DIRECTION('ref_axis',(-0.707106781186548,-8.81239525796218E-17,-0.707106781186547));
#7050=DIRECTION('',(-0.577350269189626,-0.577350269189626,-0.577350269189626));
#7051=DIRECTION('',(0.,-1.,1.22464679914735E-16));
#7052=DIRECTION('',(0.577350269189626,-0.577350269189625,0.577350269189626));
#7053=DIRECTION('center_axis',(-1.46463848757815E-16,-0.707106781186547,
0.707106781186548));
#7054=DIRECTION('ref_axis',(-1.,0.,-1.40998324127395E-16));
#7055=DIRECTION('',(0.577350269189626,-0.577350269189626,-0.577350269189625));
#7056=DIRECTION('',(1.,-2.07131161310664E-16,2.53662513702779E-32));
#7057=DIRECTION('center_axis',(0.707106781186547,8.65956056235494E-17,0.707106781186548));
#7058=DIRECTION('ref_axis',(-0.707106781186548,8.81239525796218E-17,0.707106781186547));
#7059=DIRECTION('',(0.,1.,-1.22464679914735E-16));
#7060=DIRECTION('',(0.577350269189626,0.577350269189625,-0.577350269189626));
#7061=DIRECTION('center_axis',(1.46463848757815E-16,0.707106781186548,0.707106781186547));
#7062=DIRECTION('ref_axis',(-1.,0.,1.40998324127395E-16));
#7063=DIRECTION('',(-1.,2.07131161310664E-16,-2.53662513702779E-32));
#7064=DIRECTION('center_axis',(-2.07131161310664E-16,-1.,1.22464679914735E-16));
#7065=DIRECTION('ref_axis',(-1.,2.11497486191092E-16,0.));
#7066=DIRECTION('',(0.,-1.22464679914735E-16,-1.));
#7067=DIRECTION('',(-1.,2.07131161310664E-16,-2.53662513702779E-32));
#7068=DIRECTION('',(0.,-1.22464679914735E-16,-1.));
#7069=DIRECTION('center_axis',(1.,0.,0.));
#7070=DIRECTION('ref_axis',(0.,-1.,1.40998324127395E-16));
#7071=DIRECTION('',(0.,-1.22464679914735E-16,-1.));
#7072=DIRECTION('',(0.,-1.,1.22464679914735E-16));
#7073=DIRECTION('center_axis',(-0.707106781186547,8.65956056235494E-17,
0.707106781186548));
#7074=DIRECTION('ref_axis',(-0.707106781186548,-8.81239525796218E-17,-0.707106781186547));
#7075=DIRECTION('',(-0.577350269189626,-0.577350269189626,-0.577350269189626));
#7076=DIRECTION('',(0.,-1.,1.22464679914735E-16));
#7077=DIRECTION('',(0.577350269189626,-0.577350269189625,0.577350269189626));
#7078=DIRECTION('center_axis',(-1.46463848757815E-16,-0.707106781186547,
0.707106781186548));
#7079=DIRECTION('ref_axis',(-1.,0.,-1.40998324127395E-16));
#7080=DIRECTION('',(0.577350269189626,-0.577350269189626,-0.577350269189625));
#7081=DIRECTION('',(1.,-2.07131161310664E-16,2.53662513702779E-32));
#7082=DIRECTION('center_axis',(0.707106781186547,8.65956056235494E-17,0.707106781186548));
#7083=DIRECTION('ref_axis',(-0.707106781186548,8.81239525796218E-17,0.707106781186547));
#7084=DIRECTION('',(0.,1.,-1.22464679914735E-16));
#7085=DIRECTION('',(0.577350269189626,0.577350269189625,-0.577350269189626));
#7086=DIRECTION('center_axis',(1.46463848757815E-16,0.707106781186548,0.707106781186547));
#7087=DIRECTION('ref_axis',(-1.,0.,1.40998324127395E-16));
#7088=DIRECTION('',(-1.,2.07131161310664E-16,-2.53662513702779E-32));
#7089=DIRECTION('center_axis',(-2.07131161310664E-16,-1.,1.22464679914735E-16));
#7090=DIRECTION('ref_axis',(-1.,2.11497486191092E-16,0.));
#7091=DIRECTION('',(0.,-1.22464679914735E-16,-1.));
#7092=DIRECTION('',(-1.,2.07131161310664E-16,-2.53662513702779E-32));
#7093=DIRECTION('',(0.,-1.22464679914735E-16,-1.));
#7094=DIRECTION('center_axis',(1.,0.,0.));
#7095=DIRECTION('ref_axis',(0.,-1.,1.40998324127395E-16));
#7096=DIRECTION('',(0.,-1.22464679914735E-16,-1.));
#7097=DIRECTION('',(0.,-1.,1.22464679914735E-16));
#7098=DIRECTION('center_axis',(-0.707106781186547,8.65956056235494E-17,
0.707106781186548));
#7099=DIRECTION('ref_axis',(-0.707106781186548,-8.81239525796218E-17,-0.707106781186547));
#7100=DIRECTION('',(-0.577350269189626,-0.577350269189626,-0.577350269189626));
#7101=DIRECTION('',(0.,-1.,1.22464679914735E-16));
#7102=DIRECTION('',(0.577350269189626,-0.577350269189625,0.577350269189626));
#7103=DIRECTION('center_axis',(-1.46463848757815E-16,-0.707106781186547,
0.707106781186548));
#7104=DIRECTION('ref_axis',(-1.,0.,-1.40998324127395E-16));
#7105=DIRECTION('',(0.577350269189626,-0.577350269189626,-0.577350269189625));
#7106=DIRECTION('',(1.,-2.07131161310664E-16,2.53662513702779E-32));
#7107=DIRECTION('center_axis',(0.707106781186547,8.65956056235494E-17,0.707106781186548));
#7108=DIRECTION('ref_axis',(-0.707106781186548,8.81239525796218E-17,0.707106781186547));
#7109=DIRECTION('',(0.,1.,-1.22464679914735E-16));
#7110=DIRECTION('',(0.577350269189626,0.577350269189625,-0.577350269189626));
#7111=DIRECTION('center_axis',(1.46463848757815E-16,0.707106781186548,0.707106781186547));
#7112=DIRECTION('ref_axis',(-1.,0.,1.40998324127395E-16));
#7113=DIRECTION('',(-1.,2.07131161310664E-16,-2.53662513702779E-32));
#7114=DIRECTION('center_axis',(-2.07131161310664E-16,-1.,1.22464679914735E-16));
#7115=DIRECTION('ref_axis',(-1.,2.11497486191092E-16,0.));
#7116=DIRECTION('',(0.,-1.22464679914735E-16,-1.));
#7117=DIRECTION('',(-1.,2.07131161310664E-16,-2.53662513702779E-32));
#7118=DIRECTION('',(0.,-1.22464679914735E-16,-1.));
#7119=DIRECTION('center_axis',(1.,0.,0.));
#7120=DIRECTION('ref_axis',(0.,-1.,1.40998324127395E-16));
#7121=DIRECTION('',(0.,-1.22464679914735E-16,-1.));
#7122=DIRECTION('',(0.,-1.,1.22464679914735E-16));
#7123=DIRECTION('center_axis',(-0.707106781186547,8.65956056235494E-17,
0.707106781186548));
#7124=DIRECTION('ref_axis',(-0.707106781186548,-8.81239525796218E-17,-0.707106781186547));
#7125=DIRECTION('',(-0.577350269189626,-0.577350269189626,-0.577350269189626));
#7126=DIRECTION('',(0.,-1.,1.22464679914735E-16));
#7127=DIRECTION('',(0.577350269189626,-0.577350269189625,0.577350269189626));
#7128=DIRECTION('center_axis',(-1.46463848757815E-16,-0.707106781186547,
0.707106781186548));
#7129=DIRECTION('ref_axis',(-1.,0.,-1.40998324127395E-16));
#7130=DIRECTION('',(0.577350269189626,-0.577350269189626,-0.577350269189625));
#7131=DIRECTION('',(1.,-2.07131161310664E-16,2.53662513702779E-32));
#7132=DIRECTION('center_axis',(0.707106781186547,8.65956056235494E-17,0.707106781186548));
#7133=DIRECTION('ref_axis',(-0.707106781186548,8.81239525796218E-17,0.707106781186547));
#7134=DIRECTION('',(0.,1.,-1.22464679914735E-16));
#7135=DIRECTION('',(0.577350269189626,0.577350269189625,-0.577350269189626));
#7136=DIRECTION('center_axis',(1.46463848757815E-16,0.707106781186548,0.707106781186547));
#7137=DIRECTION('ref_axis',(-1.,0.,1.40998324127395E-16));
#7138=DIRECTION('',(-1.,2.07131161310664E-16,-2.53662513702779E-32));
#7139=DIRECTION('center_axis',(-2.07131161310664E-16,-1.,1.22464679914735E-16));
#7140=DIRECTION('ref_axis',(-1.,2.11497486191092E-16,0.));
#7141=DIRECTION('',(0.,-1.22464679914735E-16,-1.));
#7142=DIRECTION('',(-1.,2.07131161310664E-16,-2.53662513702779E-32));
#7143=DIRECTION('',(0.,-1.22464679914735E-16,-1.));
#7144=DIRECTION('center_axis',(1.,0.,0.));
#7145=DIRECTION('ref_axis',(0.,-1.,1.40998324127395E-16));
#7146=DIRECTION('',(0.,-1.22464679914735E-16,-1.));
#7147=DIRECTION('',(0.,-1.,1.22464679914735E-16));
#7148=DIRECTION('center_axis',(-0.707106781186547,8.65956056235494E-17,
0.707106781186548));
#7149=DIRECTION('ref_axis',(-0.707106781186548,-8.81239525796218E-17,-0.707106781186547));
#7150=DIRECTION('',(-0.577350269189626,-0.577350269189626,-0.577350269189626));
#7151=DIRECTION('',(0.,-1.,1.22464679914735E-16));
#7152=DIRECTION('',(0.577350269189626,-0.577350269189626,0.577350269189626));
#7153=DIRECTION('center_axis',(-1.46463848757815E-16,-0.707106781186547,
0.707106781186548));
#7154=DIRECTION('ref_axis',(-1.,0.,-1.40998324127395E-16));
#7155=DIRECTION('',(0.577350269189626,-0.577350269189626,-0.577350269189625));
#7156=DIRECTION('',(1.,-2.07131161310664E-16,2.53662513702779E-32));
#7157=DIRECTION('center_axis',(0.707106781186547,8.65956056235494E-17,0.707106781186548));
#7158=DIRECTION('ref_axis',(-0.707106781186548,8.81239525796218E-17,0.707106781186547));
#7159=DIRECTION('',(0.,1.,-1.22464679914735E-16));
#7160=DIRECTION('',(0.577350269189626,0.577350269189626,-0.577350269189626));
#7161=DIRECTION('center_axis',(1.46463848757815E-16,0.707106781186548,0.707106781186547));
#7162=DIRECTION('ref_axis',(-1.,0.,1.40998324127395E-16));
#7163=DIRECTION('',(-1.,2.07131161310664E-16,-2.53662513702779E-32));
#7164=DIRECTION('center_axis',(-2.07131161310664E-16,-1.,1.22464679914735E-16));
#7165=DIRECTION('ref_axis',(-1.,2.11497486191092E-16,0.));
#7166=DIRECTION('',(0.,-1.22464679914735E-16,-1.));
#7167=DIRECTION('',(-1.,2.07131161310664E-16,-2.53662513702779E-32));
#7168=DIRECTION('',(0.,-1.22464679914735E-16,-1.));
#7169=DIRECTION('center_axis',(1.,0.,0.));
#7170=DIRECTION('ref_axis',(0.,-1.,1.40998324127395E-16));
#7171=DIRECTION('',(0.,-1.22464679914735E-16,-1.));
#7172=DIRECTION('',(0.,-1.,1.22464679914735E-16));
#7173=DIRECTION('center_axis',(-0.707106781186547,8.65956056235494E-17,
0.707106781186548));
#7174=DIRECTION('ref_axis',(-0.707106781186548,-8.81239525796218E-17,-0.707106781186547));
#7175=DIRECTION('',(-0.577350269189626,-0.577350269189626,-0.577350269189626));
#7176=DIRECTION('',(0.,-1.,1.22464679914735E-16));
#7177=DIRECTION('',(0.577350269189626,-0.577350269189626,0.577350269189626));
#7178=DIRECTION('center_axis',(-1.46463848757815E-16,-0.707106781186547,
0.707106781186548));
#7179=DIRECTION('ref_axis',(-1.,0.,-1.40998324127395E-16));
#7180=DIRECTION('',(0.577350269189626,-0.577350269189626,-0.577350269189625));
#7181=DIRECTION('',(1.,-2.07131161310664E-16,2.53662513702779E-32));
#7182=DIRECTION('center_axis',(0.707106781186547,8.65956056235494E-17,0.707106781186548));
#7183=DIRECTION('ref_axis',(-0.707106781186548,8.81239525796218E-17,0.707106781186547));
#7184=DIRECTION('',(0.,1.,-1.22464679914735E-16));
#7185=DIRECTION('',(0.577350269189626,0.577350269189626,-0.577350269189626));
#7186=DIRECTION('center_axis',(1.46463848757815E-16,0.707106781186548,0.707106781186547));
#7187=DIRECTION('ref_axis',(-1.,0.,1.40998324127395E-16));
#7188=DIRECTION('',(-1.,2.07131161310664E-16,-2.53662513702779E-32));
#7189=DIRECTION('center_axis',(-2.07131161310664E-16,-1.,1.22464679914735E-16));
#7190=DIRECTION('ref_axis',(-1.,2.11497486191092E-16,0.));
#7191=DIRECTION('',(0.,-1.22464679914735E-16,-1.));
#7192=DIRECTION('',(-1.,2.07131161310664E-16,-2.53662513702779E-32));
#7193=DIRECTION('',(0.,-1.22464679914735E-16,-1.));
#7194=DIRECTION('center_axis',(1.,0.,0.));
#7195=DIRECTION('ref_axis',(0.,-1.,1.40998324127395E-16));
#7196=DIRECTION('',(0.,-1.22464679914735E-16,-1.));
#7197=DIRECTION('',(0.,-1.,1.22464679914735E-16));
#7198=DIRECTION('center_axis',(-0.707106781186547,8.65956056235494E-17,
0.707106781186548));
#7199=DIRECTION('ref_axis',(-0.707106781186548,-8.81239525796218E-17,-0.707106781186547));
#7200=DIRECTION('',(-0.577350269189626,-0.577350269189626,-0.577350269189626));
#7201=DIRECTION('',(0.,-1.,1.22464679914735E-16));
#7202=DIRECTION('',(0.577350269189626,-0.577350269189626,0.577350269189626));
#7203=DIRECTION('center_axis',(-1.46463848757815E-16,-0.707106781186547,
0.707106781186548));
#7204=DIRECTION('ref_axis',(-1.,0.,-1.40998324127395E-16));
#7205=DIRECTION('',(0.577350269189626,-0.577350269189626,-0.577350269189626));
#7206=DIRECTION('',(1.,-2.07131161310664E-16,2.53662513702779E-32));
#7207=DIRECTION('center_axis',(0.707106781186547,8.65956056235494E-17,0.707106781186548));
#7208=DIRECTION('ref_axis',(-0.707106781186548,8.81239525796218E-17,0.707106781186547));
#7209=DIRECTION('',(0.,1.,-1.22464679914735E-16));
#7210=DIRECTION('',(0.577350269189626,0.577350269189626,-0.577350269189626));
#7211=DIRECTION('center_axis',(1.46463848757815E-16,0.707106781186548,0.707106781186547));
#7212=DIRECTION('ref_axis',(-1.,0.,1.40998324127395E-16));
#7213=DIRECTION('',(-1.,2.07131161310664E-16,-2.53662513702779E-32));
#7214=DIRECTION('center_axis',(-2.07131161310664E-16,-1.,1.22464679914735E-16));
#7215=DIRECTION('ref_axis',(-1.,2.11497486191092E-16,0.));
#7216=DIRECTION('',(0.,-1.22464679914735E-16,-1.));
#7217=DIRECTION('',(-1.,2.07131161310664E-16,-2.53662513702779E-32));
#7218=DIRECTION('',(0.,-1.22464679914735E-16,-1.));
#7219=DIRECTION('center_axis',(1.,0.,0.));
#7220=DIRECTION('ref_axis',(0.,-1.,1.40998324127395E-16));
#7221=DIRECTION('',(0.,-1.22464679914735E-16,-1.));
#7222=DIRECTION('',(0.,-1.,1.22464679914735E-16));
#7223=DIRECTION('center_axis',(-0.707106781186547,8.65956056235494E-17,
0.707106781186548));
#7224=DIRECTION('ref_axis',(-0.707106781186548,-8.81239525796218E-17,-0.707106781186547));
#7225=DIRECTION('',(-0.577350269189626,-0.577350269189626,-0.577350269189626));
#7226=DIRECTION('',(0.,-1.,1.22464679914735E-16));
#7227=DIRECTION('',(0.577350269189626,-0.577350269189626,0.577350269189626));
#7228=DIRECTION('center_axis',(-1.46463848757815E-16,-0.707106781186547,
0.707106781186548));
#7229=DIRECTION('ref_axis',(-1.,0.,-1.40998324127395E-16));
#7230=DIRECTION('',(0.577350269189626,-0.577350269189626,-0.577350269189625));
#7231=DIRECTION('',(1.,-2.07131161310664E-16,2.53662513702779E-32));
#7232=DIRECTION('center_axis',(0.707106781186547,8.65956056235494E-17,0.707106781186548));
#7233=DIRECTION('ref_axis',(-0.707106781186548,8.81239525796218E-17,0.707106781186547));
#7234=DIRECTION('',(0.,1.,-1.22464679914735E-16));
#7235=DIRECTION('',(0.577350269189626,0.577350269189626,-0.577350269189626));
#7236=DIRECTION('center_axis',(1.46463848757815E-16,0.707106781186548,0.707106781186547));
#7237=DIRECTION('ref_axis',(-1.,0.,1.40998324127395E-16));
#7238=DIRECTION('',(-1.,2.07131161310664E-16,-2.53662513702779E-32));
#7239=DIRECTION('center_axis',(-2.07131161310664E-16,-1.,1.22464679914735E-16));
#7240=DIRECTION('ref_axis',(-1.,2.11497486191092E-16,0.));
#7241=DIRECTION('',(0.,-1.22464679914735E-16,-1.));
#7242=DIRECTION('',(-1.,2.07131161310664E-16,-2.53662513702779E-32));
#7243=DIRECTION('',(0.,-1.22464679914735E-16,-1.));
#7244=DIRECTION('center_axis',(1.,0.,0.));
#7245=DIRECTION('ref_axis',(0.,-1.,1.40998324127395E-16));
#7246=DIRECTION('',(0.,-1.22464679914735E-16,-1.));
#7247=DIRECTION('',(0.,-1.,1.22464679914735E-16));
#7248=DIRECTION('center_axis',(-0.707106781186547,8.65956056235494E-17,
0.707106781186548));
#7249=DIRECTION('ref_axis',(-0.707106781186548,-8.81239525796218E-17,-0.707106781186547));
#7250=DIRECTION('',(-0.577350269189626,-0.577350269189626,-0.577350269189626));
#7251=DIRECTION('',(0.,-1.,1.22464679914735E-16));
#7252=DIRECTION('',(0.577350269189626,-0.577350269189626,0.577350269189626));
#7253=DIRECTION('center_axis',(-1.46463848757815E-16,-0.707106781186547,
0.707106781186548));
#7254=DIRECTION('ref_axis',(-1.,0.,-1.40998324127395E-16));
#7255=DIRECTION('',(0.577350269189626,-0.577350269189626,-0.577350269189625));
#7256=DIRECTION('',(1.,-2.07131161310664E-16,2.53662513702779E-32));
#7257=DIRECTION('center_axis',(0.707106781186547,8.65956056235494E-17,0.707106781186548));
#7258=DIRECTION('ref_axis',(-0.707106781186548,8.81239525796218E-17,0.707106781186547));
#7259=DIRECTION('',(0.,1.,-1.22464679914735E-16));
#7260=DIRECTION('',(0.577350269189626,0.577350269189626,-0.577350269189626));
#7261=DIRECTION('center_axis',(1.46463848757815E-16,0.707106781186548,0.707106781186547));
#7262=DIRECTION('ref_axis',(-1.,0.,1.40998324127395E-16));
#7263=DIRECTION('',(-1.,2.07131161310664E-16,-2.53662513702779E-32));
#7264=DIRECTION('center_axis',(-2.07131161310664E-16,-1.,1.22464679914735E-16));
#7265=DIRECTION('ref_axis',(-1.,2.11497486191092E-16,0.));
#7266=DIRECTION('',(0.,-1.22464679914735E-16,-1.));
#7267=DIRECTION('',(-1.,2.07131161310664E-16,-2.53662513702779E-32));
#7268=DIRECTION('',(0.,-1.22464679914735E-16,-1.));
#7269=DIRECTION('center_axis',(1.,0.,0.));
#7270=DIRECTION('ref_axis',(0.,-1.,1.40998324127395E-16));
#7271=DIRECTION('',(0.,-1.22464679914735E-16,-1.));
#7272=DIRECTION('',(0.,-1.,1.22464679914735E-16));
#7273=DIRECTION('center_axis',(-0.707106781186547,8.65956056235494E-17,
0.707106781186548));
#7274=DIRECTION('ref_axis',(-0.707106781186548,-8.81239525796218E-17,-0.707106781186547));
#7275=DIRECTION('',(-0.577350269189626,-0.577350269189626,-0.577350269189626));
#7276=DIRECTION('',(0.,-1.,1.22464679914735E-16));
#7277=DIRECTION('',(0.577350269189626,-0.577350269189626,0.577350269189626));
#7278=DIRECTION('center_axis',(-1.46463848757815E-16,-0.707106781186547,
0.707106781186548));
#7279=DIRECTION('ref_axis',(-1.,0.,-1.40998324127395E-16));
#7280=DIRECTION('',(0.577350269189626,-0.577350269189626,-0.577350269189625));
#7281=DIRECTION('',(1.,-2.07131161310664E-16,2.53662513702779E-32));
#7282=DIRECTION('center_axis',(0.707106781186547,8.65956056235494E-17,0.707106781186548));
#7283=DIRECTION('ref_axis',(-0.707106781186548,8.81239525796218E-17,0.707106781186547));
#7284=DIRECTION('',(0.,1.,-1.22464679914735E-16));
#7285=DIRECTION('',(0.577350269189626,0.577350269189625,-0.577350269189626));
#7286=DIRECTION('center_axis',(1.46463848757815E-16,0.707106781186548,0.707106781186547));
#7287=DIRECTION('ref_axis',(-1.,0.,1.40998324127395E-16));
#7288=DIRECTION('',(-1.,2.07131161310664E-16,-2.53662513702779E-32));
#7289=DIRECTION('center_axis',(-2.07131161310664E-16,-1.,1.22464679914735E-16));
#7290=DIRECTION('ref_axis',(-1.,2.11497486191092E-16,0.));
#7291=DIRECTION('',(0.,-1.22464679914735E-16,-1.));
#7292=DIRECTION('',(-1.,2.07131161310664E-16,-2.53662513702779E-32));
#7293=DIRECTION('',(0.,-1.22464679914735E-16,-1.));
#7294=DIRECTION('center_axis',(1.,0.,0.));
#7295=DIRECTION('ref_axis',(0.,-1.,1.40998324127395E-16));
#7296=DIRECTION('',(0.,-1.22464679914735E-16,-1.));
#7297=DIRECTION('',(0.,-1.,1.22464679914735E-16));
#7298=DIRECTION('center_axis',(-0.707106781186547,8.65956056235494E-17,
0.707106781186548));
#7299=DIRECTION('ref_axis',(-0.707106781186548,-8.81239525796218E-17,-0.707106781186547));
#7300=DIRECTION('',(-0.577350269189626,-0.577350269189626,-0.577350269189626));
#7301=DIRECTION('',(0.,-1.,1.22464679914735E-16));
#7302=DIRECTION('',(0.577350269189626,-0.577350269189626,0.577350269189626));
#7303=DIRECTION('center_axis',(-1.46463848757815E-16,-0.707106781186547,
0.707106781186548));
#7304=DIRECTION('ref_axis',(-1.,0.,-1.40998324127395E-16));
#7305=DIRECTION('',(0.577350269189626,-0.577350269189626,-0.577350269189626));
#7306=DIRECTION('',(1.,-2.07131161310664E-16,2.53662513702779E-32));
#7307=DIRECTION('center_axis',(0.707106781186547,8.65956056235494E-17,0.707106781186548));
#7308=DIRECTION('ref_axis',(-0.707106781186548,8.81239525796218E-17,0.707106781186547));
#7309=DIRECTION('',(0.,1.,-1.22464679914735E-16));
#7310=DIRECTION('',(0.577350269189626,0.577350269189625,-0.577350269189626));
#7311=DIRECTION('center_axis',(1.46463848757815E-16,0.707106781186548,0.707106781186547));
#7312=DIRECTION('ref_axis',(-1.,0.,1.40998324127395E-16));
#7313=DIRECTION('',(-1.,2.07131161310664E-16,-2.53662513702779E-32));
#7314=DIRECTION('center_axis',(-2.07131161310664E-16,-1.,1.22464679914735E-16));
#7315=DIRECTION('ref_axis',(-1.,2.11497486191092E-16,0.));
#7316=DIRECTION('',(0.,-1.22464679914735E-16,-1.));
#7317=DIRECTION('',(-1.,2.07131161310664E-16,-2.53662513702779E-32));
#7318=DIRECTION('',(0.,-1.22464679914735E-16,-1.));
#7319=DIRECTION('center_axis',(1.,0.,0.));
#7320=DIRECTION('ref_axis',(0.,-1.,1.40998324127395E-16));
#7321=DIRECTION('',(0.,-1.22464679914735E-16,-1.));
#7322=DIRECTION('',(0.,-1.,1.22464679914735E-16));
#7323=DIRECTION('center_axis',(-0.707106781186547,8.65956056235494E-17,
0.707106781186548));
#7324=DIRECTION('ref_axis',(-0.707106781186548,-8.81239525796218E-17,-0.707106781186547));
#7325=DIRECTION('',(-0.577350269189626,-0.577350269189626,-0.577350269189626));
#7326=DIRECTION('',(0.,-1.,1.22464679914735E-16));
#7327=DIRECTION('',(0.577350269189626,-0.577350269189626,0.577350269189626));
#7328=DIRECTION('center_axis',(-1.46463848757815E-16,-0.707106781186547,
0.707106781186548));
#7329=DIRECTION('ref_axis',(-1.,0.,-1.40998324127395E-16));
#7330=DIRECTION('',(0.577350269189626,-0.577350269189626,-0.577350269189626));
#7331=DIRECTION('',(1.,-2.07131161310664E-16,2.53662513702779E-32));
#7332=DIRECTION('center_axis',(0.707106781186547,8.65956056235494E-17,0.707106781186548));
#7333=DIRECTION('ref_axis',(-0.707106781186548,8.81239525796218E-17,0.707106781186547));
#7334=DIRECTION('',(0.,1.,-1.22464679914735E-16));
#7335=DIRECTION('',(0.577350269189626,0.577350269189625,-0.577350269189626));
#7336=DIRECTION('center_axis',(1.46463848757815E-16,0.707106781186548,0.707106781186547));
#7337=DIRECTION('ref_axis',(-1.,0.,1.40998324127395E-16));
#7338=DIRECTION('',(-1.,2.07131161310664E-16,-2.53662513702779E-32));
#7339=DIRECTION('center_axis',(-2.07131161310664E-16,-1.,1.22464679914735E-16));
#7340=DIRECTION('ref_axis',(-1.,2.11497486191092E-16,0.));
#7341=DIRECTION('',(0.,-1.22464679914735E-16,-1.));
#7342=DIRECTION('',(-1.,2.07131161310664E-16,-2.53662513702779E-32));
#7343=DIRECTION('',(0.,-1.22464679914735E-16,-1.));
#7344=DIRECTION('center_axis',(1.,0.,0.));
#7345=DIRECTION('ref_axis',(0.,-1.,1.40998324127395E-16));
#7346=DIRECTION('',(0.,-1.22464679914735E-16,-1.));
#7347=DIRECTION('',(0.,-1.,1.22464679914735E-16));
#7348=DIRECTION('center_axis',(-0.707106781186547,8.65956056235494E-17,
0.707106781186548));
#7349=DIRECTION('ref_axis',(-0.707106781186548,-8.81239525796218E-17,-0.707106781186547));
#7350=DIRECTION('',(-0.577350269189626,-0.577350269189626,-0.577350269189626));
#7351=DIRECTION('',(0.,-1.,1.22464679914735E-16));
#7352=DIRECTION('',(0.577350269189626,-0.577350269189626,0.577350269189626));
#7353=DIRECTION('center_axis',(-1.46463848757815E-16,-0.707106781186547,
0.707106781186548));
#7354=DIRECTION('ref_axis',(-1.,0.,-1.40998324127395E-16));
#7355=DIRECTION('',(0.577350269189626,-0.577350269189626,-0.577350269189626));
#7356=DIRECTION('',(1.,-2.07131161310664E-16,2.53662513702779E-32));
#7357=DIRECTION('center_axis',(0.707106781186547,8.65956056235494E-17,0.707106781186548));
#7358=DIRECTION('ref_axis',(-0.707106781186548,8.81239525796218E-17,0.707106781186547));
#7359=DIRECTION('',(0.,1.,-1.22464679914735E-16));
#7360=DIRECTION('',(0.577350269189626,0.577350269189625,-0.577350269189626));
#7361=DIRECTION('center_axis',(1.46463848757815E-16,0.707106781186548,0.707106781186547));
#7362=DIRECTION('ref_axis',(-1.,0.,1.40998324127395E-16));
#7363=DIRECTION('',(-1.,2.07131161310664E-16,-2.53662513702779E-32));
#7364=DIRECTION('center_axis',(-2.07131161310664E-16,-1.,1.22464679914735E-16));
#7365=DIRECTION('ref_axis',(-1.,2.11497486191092E-16,0.));
#7366=DIRECTION('',(0.,-1.22464679914735E-16,-1.));
#7367=DIRECTION('',(-1.,2.07131161310664E-16,-2.53662513702779E-32));
#7368=DIRECTION('',(0.,-1.22464679914735E-16,-1.));
#7369=DIRECTION('center_axis',(1.,0.,0.));
#7370=DIRECTION('ref_axis',(0.,-1.,1.40998324127395E-16));
#7371=DIRECTION('',(0.,-1.22464679914735E-16,-1.));
#7372=DIRECTION('',(0.,-1.,1.22464679914735E-16));
#7373=DIRECTION('center_axis',(-0.707106781186547,8.65956056235494E-17,
0.707106781186548));
#7374=DIRECTION('ref_axis',(-0.707106781186548,-8.81239525796218E-17,-0.707106781186547));
#7375=DIRECTION('',(-0.577350269189626,-0.577350269189626,-0.577350269189626));
#7376=DIRECTION('',(0.,-1.,1.22464679914735E-16));
#7377=DIRECTION('',(0.577350269189626,-0.577350269189626,0.577350269189626));
#7378=DIRECTION('center_axis',(-1.46463848757815E-16,-0.707106781186547,
0.707106781186548));
#7379=DIRECTION('ref_axis',(-1.,0.,-1.40998324127395E-16));
#7380=DIRECTION('',(0.577350269189626,-0.577350269189626,-0.577350269189626));
#7381=DIRECTION('',(1.,-2.07131161310664E-16,2.53662513702779E-32));
#7382=DIRECTION('center_axis',(0.707106781186547,8.65956056235494E-17,0.707106781186548));
#7383=DIRECTION('ref_axis',(-0.707106781186548,8.81239525796218E-17,0.707106781186547));
#7384=DIRECTION('',(0.,1.,-1.22464679914735E-16));
#7385=DIRECTION('',(0.577350269189626,0.577350269189625,-0.577350269189626));
#7386=DIRECTION('center_axis',(1.46463848757815E-16,0.707106781186548,0.707106781186547));
#7387=DIRECTION('ref_axis',(-1.,0.,1.40998324127395E-16));
#7388=DIRECTION('',(-1.,2.07131161310664E-16,-2.53662513702779E-32));
#7389=DIRECTION('center_axis',(-2.07131161310664E-16,-1.,1.22464679914735E-16));
#7390=DIRECTION('ref_axis',(-1.,2.11497486191092E-16,0.));
#7391=DIRECTION('',(0.,-1.22464679914735E-16,-1.));
#7392=DIRECTION('',(-1.,2.07131161310664E-16,-2.53662513702779E-32));
#7393=DIRECTION('',(0.,-1.22464679914735E-16,-1.));
#7394=DIRECTION('center_axis',(1.,0.,0.));
#7395=DIRECTION('ref_axis',(0.,-1.,1.40998324127395E-16));
#7396=DIRECTION('',(0.,-1.22464679914735E-16,-1.));
#7397=DIRECTION('',(0.,-1.,1.22464679914735E-16));
#7398=DIRECTION('center_axis',(-0.707106781186547,8.65956056235494E-17,
0.707106781186548));
#7399=DIRECTION('ref_axis',(-0.707106781186548,-8.81239525796218E-17,-0.707106781186547));
#7400=DIRECTION('',(-0.577350269189626,-0.577350269189626,-0.577350269189626));
#7401=DIRECTION('',(0.,-1.,1.22464679914735E-16));
#7402=DIRECTION('',(0.577350269189626,-0.577350269189626,0.577350269189626));
#7403=DIRECTION('center_axis',(-1.46463848757815E-16,-0.707106781186548,
0.707106781186547));
#7404=DIRECTION('ref_axis',(-1.,0.,-1.40998324127395E-16));
#7405=DIRECTION('',(0.577350269189626,-0.577350269189626,-0.577350269189626));
#7406=DIRECTION('',(1.,-2.07131161310664E-16,2.53662513702779E-32));
#7407=DIRECTION('center_axis',(0.707106781186547,8.65956056235494E-17,0.707106781186548));
#7408=DIRECTION('ref_axis',(-0.707106781186548,8.81239525796218E-17,0.707106781186547));
#7409=DIRECTION('',(0.,1.,-1.22464679914735E-16));
#7410=DIRECTION('',(0.577350269189626,0.577350269189625,-0.577350269189626));
#7411=DIRECTION('center_axis',(1.46463848757815E-16,0.707106781186548,0.707106781186547));
#7412=DIRECTION('ref_axis',(-1.,0.,1.40998324127395E-16));
#7413=DIRECTION('',(-1.,2.07131161310664E-16,-2.53662513702779E-32));
#7414=DIRECTION('center_axis',(-2.07131161310664E-16,-1.,1.22464679914735E-16));
#7415=DIRECTION('ref_axis',(-1.,2.11497486191092E-16,0.));
#7416=DIRECTION('',(0.,-1.22464679914735E-16,-1.));
#7417=DIRECTION('',(-1.,2.07131161310664E-16,-2.53662513702779E-32));
#7418=DIRECTION('',(0.,-1.22464679914735E-16,-1.));
#7419=DIRECTION('center_axis',(1.,0.,0.));
#7420=DIRECTION('ref_axis',(0.,-1.,1.40998324127395E-16));
#7421=DIRECTION('',(0.,-1.22464679914735E-16,-1.));
#7422=DIRECTION('',(0.,-1.,1.22464679914735E-16));
#7423=DIRECTION('center_axis',(-0.707106781186547,8.65956056235494E-17,
0.707106781186548));
#7424=DIRECTION('ref_axis',(-0.707106781186548,-8.81239525796218E-17,-0.707106781186547));
#7425=DIRECTION('',(-0.577350269189626,-0.577350269189626,-0.577350269189626));
#7426=DIRECTION('',(0.,-1.,1.22464679914735E-16));
#7427=DIRECTION('',(0.577350269189626,-0.577350269189626,0.577350269189626));
#7428=DIRECTION('center_axis',(-1.46463848757815E-16,-0.707106781186548,
0.707106781186547));
#7429=DIRECTION('ref_axis',(-1.,0.,-1.40998324127395E-16));
#7430=DIRECTION('',(0.577350269189626,-0.577350269189626,-0.577350269189626));
#7431=DIRECTION('',(1.,-2.07131161310664E-16,2.53662513702779E-32));
#7432=DIRECTION('center_axis',(0.707106781186547,8.65956056235494E-17,0.707106781186548));
#7433=DIRECTION('ref_axis',(-0.707106781186548,8.81239525796218E-17,0.707106781186547));
#7434=DIRECTION('',(0.,1.,-1.22464679914735E-16));
#7435=DIRECTION('',(0.577350269189626,0.577350269189625,-0.577350269189626));
#7436=DIRECTION('center_axis',(1.46463848757815E-16,0.707106781186548,0.707106781186547));
#7437=DIRECTION('ref_axis',(-1.,0.,1.40998324127395E-16));
#7438=DIRECTION('',(-1.,2.07131161310664E-16,-2.53662513702779E-32));
#7439=DIRECTION('center_axis',(-2.07131161310664E-16,-1.,1.22464679914735E-16));
#7440=DIRECTION('ref_axis',(-1.,2.11497486191092E-16,0.));
#7441=DIRECTION('',(0.,-1.22464679914735E-16,-1.));
#7442=DIRECTION('',(-1.,2.07131161310664E-16,-2.53662513702779E-32));
#7443=DIRECTION('',(0.,-1.22464679914735E-16,-1.));
#7444=DIRECTION('center_axis',(1.,0.,0.));
#7445=DIRECTION('ref_axis',(0.,-1.,1.40998324127395E-16));
#7446=DIRECTION('',(0.,-1.22464679914735E-16,-1.));
#7447=DIRECTION('',(0.,-1.,1.22464679914735E-16));
#7448=DIRECTION('center_axis',(-0.707106781186547,8.65956056235494E-17,
0.707106781186548));
#7449=DIRECTION('ref_axis',(-0.707106781186548,-8.81239525796218E-17,-0.707106781186547));
#7450=DIRECTION('',(-0.577350269189626,-0.577350269189626,-0.577350269189626));
#7451=DIRECTION('',(0.,-1.,1.22464679914735E-16));
#7452=DIRECTION('',(0.577350269189626,-0.577350269189626,0.577350269189626));
#7453=DIRECTION('center_axis',(-1.46463848757815E-16,-0.707106781186548,
0.707106781186547));
#7454=DIRECTION('ref_axis',(-1.,0.,-1.40998324127395E-16));
#7455=DIRECTION('',(0.577350269189626,-0.577350269189626,-0.577350269189626));
#7456=DIRECTION('',(1.,-2.07131161310664E-16,2.53662513702779E-32));
#7457=DIRECTION('center_axis',(0.707106781186547,8.65956056235494E-17,0.707106781186548));
#7458=DIRECTION('ref_axis',(-0.707106781186548,8.81239525796218E-17,0.707106781186547));
#7459=DIRECTION('',(0.,1.,-1.22464679914735E-16));
#7460=DIRECTION('',(0.577350269189626,0.577350269189625,-0.577350269189626));
#7461=DIRECTION('center_axis',(1.46463848757815E-16,0.707106781186548,0.707106781186547));
#7462=DIRECTION('ref_axis',(-1.,0.,1.40998324127395E-16));
#7463=DIRECTION('',(-1.,2.07131161310664E-16,-2.53662513702779E-32));
#7464=DIRECTION('center_axis',(-2.07131161310664E-16,-1.,1.22464679914735E-16));
#7465=DIRECTION('ref_axis',(-1.,2.11497486191092E-16,0.));
#7466=DIRECTION('',(0.,-1.22464679914735E-16,-1.));
#7467=DIRECTION('',(-1.,2.07131161310664E-16,-2.53662513702779E-32));
#7468=DIRECTION('',(0.,-1.22464679914735E-16,-1.));
#7469=DIRECTION('center_axis',(1.,0.,0.));
#7470=DIRECTION('ref_axis',(0.,-1.,1.40998324127395E-16));
#7471=DIRECTION('',(0.,-1.22464679914735E-16,-1.));
#7472=DIRECTION('',(0.,-1.,1.22464679914735E-16));
#7473=DIRECTION('center_axis',(-0.707106781186547,8.65956056235494E-17,
0.707106781186548));
#7474=DIRECTION('ref_axis',(-0.707106781186548,-8.81239525796218E-17,-0.707106781186547));
#7475=DIRECTION('',(-0.577350269189626,-0.577350269189626,-0.577350269189626));
#7476=DIRECTION('',(0.,-1.,1.22464679914735E-16));
#7477=DIRECTION('',(0.577350269189626,-0.577350269189626,0.577350269189626));
#7478=DIRECTION('center_axis',(-1.46463848757815E-16,-0.707106781186548,
0.707106781186547));
#7479=DIRECTION('ref_axis',(-1.,0.,-1.40998324127395E-16));
#7480=DIRECTION('',(0.577350269189626,-0.577350269189626,-0.577350269189626));
#7481=DIRECTION('',(1.,-2.07131161310664E-16,2.53662513702779E-32));
#7482=DIRECTION('center_axis',(0.707106781186547,8.65956056235494E-17,0.707106781186548));
#7483=DIRECTION('ref_axis',(-0.707106781186548,8.81239525796218E-17,0.707106781186547));
#7484=DIRECTION('',(0.,1.,-1.22464679914735E-16));
#7485=DIRECTION('',(0.577350269189626,0.577350269189626,-0.577350269189626));
#7486=DIRECTION('center_axis',(1.46463848757815E-16,0.707106781186548,0.707106781186547));
#7487=DIRECTION('ref_axis',(-1.,0.,1.40998324127395E-16));
#7488=DIRECTION('',(-1.,2.07131161310664E-16,-2.53662513702779E-32));
#7489=DIRECTION('center_axis',(-2.07131161310664E-16,-1.,1.22464679914735E-16));
#7490=DIRECTION('ref_axis',(-1.,2.11497486191092E-16,0.));
#7491=DIRECTION('',(0.,-1.22464679914735E-16,-1.));
#7492=DIRECTION('',(-1.,2.07131161310664E-16,-2.53662513702779E-32));
#7493=DIRECTION('',(0.,-1.22464679914735E-16,-1.));
#7494=DIRECTION('center_axis',(1.,0.,0.));
#7495=DIRECTION('ref_axis',(0.,-1.,1.40998324127395E-16));
#7496=DIRECTION('',(0.,-1.22464679914735E-16,-1.));
#7497=DIRECTION('',(0.,-1.,1.22464679914735E-16));
#7498=DIRECTION('center_axis',(-0.707106781186548,8.65956056235493E-17,
0.707106781186548));
#7499=DIRECTION('ref_axis',(-0.707106781186548,-8.81239525796218E-17,-0.707106781186548));
#7500=DIRECTION('',(-0.577350269189626,-0.577350269189625,-0.577350269189626));
#7501=DIRECTION('',(0.,-1.,1.22464679914735E-16));
#7502=DIRECTION('',(0.577350269189626,-0.577350269189626,0.577350269189626));
#7503=DIRECTION('center_axis',(-1.46463848757815E-16,-0.707106781186548,
0.707106781186547));
#7504=DIRECTION('ref_axis',(-1.,0.,-1.40998324127395E-16));
#7505=DIRECTION('',(0.577350269189626,-0.577350269189626,-0.577350269189626));
#7506=DIRECTION('',(1.,-2.07131161310664E-16,2.53662513702779E-32));
#7507=DIRECTION('center_axis',(0.707106781186548,8.65956056235493E-17,0.707106781186548));
#7508=DIRECTION('ref_axis',(-0.707106781186548,8.81239525796218E-17,0.707106781186547));
#7509=DIRECTION('',(0.,1.,-1.22464679914735E-16));
#7510=DIRECTION('',(0.577350269189626,0.577350269189626,-0.577350269189626));
#7511=DIRECTION('center_axis',(1.46463848757815E-16,0.707106781186548,0.707106781186547));
#7512=DIRECTION('ref_axis',(-1.,0.,1.40998324127395E-16));
#7513=DIRECTION('',(-1.,2.07131161310664E-16,-2.53662513702779E-32));
#7514=DIRECTION('center_axis',(-2.07131161310664E-16,-1.,1.22464679914735E-16));
#7515=DIRECTION('ref_axis',(-1.,2.11497486191092E-16,0.));
#7516=DIRECTION('',(0.,-1.22464679914735E-16,-1.));
#7517=DIRECTION('',(-1.,2.07131161310664E-16,-2.53662513702779E-32));
#7518=DIRECTION('',(0.,-1.22464679914735E-16,-1.));
#7519=DIRECTION('center_axis',(1.,0.,0.));
#7520=DIRECTION('ref_axis',(0.,-1.,1.40998324127395E-16));
#7521=DIRECTION('',(0.,-1.22464679914735E-16,-1.));
#7522=DIRECTION('',(0.,-1.,1.22464679914735E-16));
#7523=DIRECTION('center_axis',(-0.707106781186548,8.65956056235493E-17,
0.707106781186548));
#7524=DIRECTION('ref_axis',(-0.707106781186548,-8.81239525796218E-17,-0.707106781186548));
#7525=DIRECTION('',(-0.577350269189626,-0.577350269189626,-0.577350269189626));
#7526=DIRECTION('',(0.,-1.,1.22464679914735E-16));
#7527=DIRECTION('',(0.577350269189626,-0.577350269189626,0.577350269189626));
#7528=DIRECTION('center_axis',(-1.46463848757815E-16,-0.707106781186547,
0.707106781186548));
#7529=DIRECTION('ref_axis',(-1.,0.,-1.40998324127395E-16));
#7530=DIRECTION('',(0.577350269189626,-0.577350269189626,-0.577350269189626));
#7531=DIRECTION('',(1.,-2.07131161310664E-16,2.53662513702779E-32));
#7532=DIRECTION('center_axis',(0.707106781186548,8.65956056235493E-17,0.707106781186548));
#7533=DIRECTION('ref_axis',(-0.707106781186548,8.81239525796218E-17,0.707106781186547));
#7534=DIRECTION('',(0.,1.,-1.22464679914735E-16));
#7535=DIRECTION('',(0.577350269189626,0.577350269189626,-0.577350269189626));
#7536=DIRECTION('center_axis',(1.46463848757815E-16,0.707106781186548,0.707106781186547));
#7537=DIRECTION('ref_axis',(-1.,0.,1.40998324127395E-16));
#7538=DIRECTION('',(-1.,2.07131161310664E-16,-2.53662513702779E-32));
#7539=DIRECTION('center_axis',(-2.07131161310664E-16,-1.,1.22464679914735E-16));
#7540=DIRECTION('ref_axis',(-1.,2.11497486191092E-16,0.));
#7541=DIRECTION('',(0.,-1.22464679914735E-16,-1.));
#7542=DIRECTION('',(-1.,2.07131161310664E-16,-2.53662513702779E-32));
#7543=DIRECTION('',(0.,-1.22464679914735E-16,-1.));
#7544=DIRECTION('center_axis',(1.,0.,0.));
#7545=DIRECTION('ref_axis',(0.,-1.,1.40998324127395E-16));
#7546=DIRECTION('',(0.,-1.22464679914735E-16,-1.));
#7547=DIRECTION('',(0.,-1.,1.22464679914735E-16));
#7548=DIRECTION('center_axis',(-0.707106781186547,8.65956056235494E-17,
0.707106781186548));
#7549=DIRECTION('ref_axis',(-0.707106781186548,-8.81239525796218E-17,-0.707106781186547));
#7550=DIRECTION('',(-0.577350269189626,-0.577350269189625,-0.577350269189626));
#7551=DIRECTION('',(0.,-1.,1.22464679914735E-16));
#7552=DIRECTION('',(0.577350269189626,-0.577350269189626,0.577350269189626));
#7553=DIRECTION('center_axis',(-1.46463848757815E-16,-0.707106781186548,
0.707106781186547));
#7554=DIRECTION('ref_axis',(-1.,0.,-1.40998324127395E-16));
#7555=DIRECTION('',(0.577350269189626,-0.577350269189626,-0.577350269189626));
#7556=DIRECTION('',(1.,-2.07131161310664E-16,2.53662513702779E-32));
#7557=DIRECTION('center_axis',(0.707106781186547,8.65956056235494E-17,0.707106781186548));
#7558=DIRECTION('ref_axis',(-0.707106781186548,8.81239525796218E-17,0.707106781186547));
#7559=DIRECTION('',(0.,1.,-1.22464679914735E-16));
#7560=DIRECTION('',(0.577350269189626,0.577350269189625,-0.577350269189626));
#7561=DIRECTION('center_axis',(1.46463848757815E-16,0.707106781186548,0.707106781186547));
#7562=DIRECTION('ref_axis',(-1.,0.,1.40998324127395E-16));
#7563=DIRECTION('',(-1.,2.07131161310664E-16,-2.53662513702779E-32));
#7564=DIRECTION('center_axis',(-2.07131161310664E-16,-1.,1.22464679914735E-16));
#7565=DIRECTION('ref_axis',(-1.,2.11497486191092E-16,0.));
#7566=DIRECTION('',(0.,-1.22464679914735E-16,-1.));
#7567=DIRECTION('',(-1.,2.07131161310664E-16,-2.53662513702779E-32));
#7568=DIRECTION('',(0.,-1.22464679914735E-16,-1.));
#7569=DIRECTION('center_axis',(1.,0.,0.));
#7570=DIRECTION('ref_axis',(0.,-1.,1.40998324127395E-16));
#7571=DIRECTION('',(0.,-1.22464679914735E-16,-1.));
#7572=DIRECTION('',(0.,-1.,1.22464679914735E-16));
#7573=DIRECTION('center_axis',(-0.707106781186547,8.65956056235494E-17,
0.707106781186548));
#7574=DIRECTION('ref_axis',(-0.707106781186548,-8.81239525796218E-17,-0.707106781186547));
#7575=DIRECTION('',(-0.577350269189626,-0.577350269189626,-0.577350269189626));
#7576=DIRECTION('',(0.,-1.,1.22464679914735E-16));
#7577=DIRECTION('',(0.577350269189626,-0.577350269189626,0.577350269189626));
#7578=DIRECTION('center_axis',(-1.46463848757815E-16,-0.707106781186548,
0.707106781186547));
#7579=DIRECTION('ref_axis',(-1.,0.,-1.40998324127395E-16));
#7580=DIRECTION('',(0.577350269189626,-0.577350269189626,-0.577350269189626));
#7581=DIRECTION('',(1.,-2.07131161310664E-16,2.53662513702779E-32));
#7582=DIRECTION('center_axis',(0.707106781186547,8.65956056235494E-17,0.707106781186548));
#7583=DIRECTION('ref_axis',(-0.707106781186548,8.81239525796218E-17,0.707106781186547));
#7584=DIRECTION('',(0.,1.,-1.22464679914735E-16));
#7585=DIRECTION('',(0.577350269189626,0.577350269189625,-0.577350269189626));
#7586=DIRECTION('center_axis',(1.46463848757815E-16,0.707106781186548,0.707106781186547));
#7587=DIRECTION('ref_axis',(-1.,0.,1.40998324127395E-16));
#7588=DIRECTION('',(-1.,2.07131161310664E-16,-2.53662513702779E-32));
#7589=DIRECTION('center_axis',(-2.07131161310664E-16,-1.,1.22464679914735E-16));
#7590=DIRECTION('ref_axis',(-1.,2.11497486191092E-16,0.));
#7591=DIRECTION('',(0.,-1.22464679914735E-16,-1.));
#7592=DIRECTION('',(-1.,2.07131161310664E-16,-2.53662513702779E-32));
#7593=DIRECTION('',(0.,-1.22464679914735E-16,-1.));
#7594=DIRECTION('center_axis',(1.,0.,0.));
#7595=DIRECTION('ref_axis',(0.,-1.,1.40998324127395E-16));
#7596=DIRECTION('',(0.,-1.22464679914735E-16,-1.));
#7597=DIRECTION('',(0.,-1.,1.22464679914735E-16));
#7598=DIRECTION('center_axis',(-0.707106781186547,8.65956056235494E-17,
0.707106781186548));
#7599=DIRECTION('ref_axis',(-0.707106781186548,-8.81239525796218E-17,-0.707106781186547));
#7600=DIRECTION('',(-0.577350269189626,-0.577350269189625,-0.577350269189626));
#7601=DIRECTION('',(0.,-1.,1.22464679914735E-16));
#7602=DIRECTION('',(0.577350269189626,-0.577350269189626,0.577350269189626));
#7603=DIRECTION('center_axis',(-1.46463848757815E-16,-0.707106781186548,
0.707106781186547));
#7604=DIRECTION('ref_axis',(-1.,0.,-1.40998324127395E-16));
#7605=DIRECTION('',(0.577350269189626,-0.577350269189626,-0.577350269189626));
#7606=DIRECTION('',(1.,-2.07131161310664E-16,2.53662513702779E-32));
#7607=DIRECTION('center_axis',(0.707106781186547,8.65956056235494E-17,0.707106781186548));
#7608=DIRECTION('ref_axis',(-0.707106781186548,8.81239525796218E-17,0.707106781186547));
#7609=DIRECTION('',(0.,1.,-1.22464679914735E-16));
#7610=DIRECTION('',(0.577350269189626,0.577350269189625,-0.577350269189626));
#7611=DIRECTION('center_axis',(1.46463848757815E-16,0.707106781186548,0.707106781186547));
#7612=DIRECTION('ref_axis',(-1.,0.,1.40998324127395E-16));
#7613=DIRECTION('',(-1.,2.07131161310664E-16,-2.53662513702779E-32));
#7614=DIRECTION('center_axis',(-2.07131161310664E-16,-1.,1.22464679914735E-16));
#7615=DIRECTION('ref_axis',(-1.,2.11497486191092E-16,0.));
#7616=DIRECTION('',(0.,-1.22464679914735E-16,-1.));
#7617=DIRECTION('',(-1.,2.07131161310664E-16,-2.53662513702779E-32));
#7618=DIRECTION('',(0.,-1.22464679914735E-16,-1.));
#7619=DIRECTION('center_axis',(1.,0.,0.));
#7620=DIRECTION('ref_axis',(0.,-1.,1.40998324127395E-16));
#7621=DIRECTION('',(0.,-1.22464679914735E-16,-1.));
#7622=DIRECTION('',(0.,-1.,1.22464679914735E-16));
#7623=DIRECTION('center_axis',(-0.707106781186547,8.65956056235494E-17,
0.707106781186548));
#7624=DIRECTION('ref_axis',(-0.707106781186548,-8.81239525796218E-17,-0.707106781186547));
#7625=DIRECTION('',(-0.577350269189626,-0.577350269189626,-0.577350269189626));
#7626=DIRECTION('',(0.,-1.,1.22464679914735E-16));
#7627=DIRECTION('',(0.577350269189626,-0.577350269189626,0.577350269189626));
#7628=DIRECTION('center_axis',(-1.46463848757815E-16,-0.707106781186548,
0.707106781186547));
#7629=DIRECTION('ref_axis',(-1.,0.,-1.40998324127395E-16));
#7630=DIRECTION('',(0.577350269189626,-0.577350269189626,-0.577350269189626));
#7631=DIRECTION('',(1.,-2.07131161310664E-16,2.53662513702779E-32));
#7632=DIRECTION('center_axis',(0.707106781186547,8.65956056235494E-17,0.707106781186548));
#7633=DIRECTION('ref_axis',(-0.707106781186548,8.81239525796218E-17,0.707106781186547));
#7634=DIRECTION('',(0.,1.,-1.22464679914735E-16));
#7635=DIRECTION('',(0.577350269189626,0.577350269189625,-0.577350269189626));
#7636=DIRECTION('center_axis',(1.46463848757815E-16,0.707106781186548,0.707106781186547));
#7637=DIRECTION('ref_axis',(-1.,0.,1.40998324127395E-16));
#7638=DIRECTION('',(-1.,2.07131161310664E-16,-2.53662513702779E-32));
#7639=DIRECTION('center_axis',(-2.07131161310664E-16,-1.,1.22464679914735E-16));
#7640=DIRECTION('ref_axis',(-1.,2.11497486191092E-16,0.));
#7641=DIRECTION('',(0.,-1.22464679914735E-16,-1.));
#7642=DIRECTION('',(-1.,2.07131161310664E-16,-2.53662513702779E-32));
#7643=DIRECTION('',(0.,-1.22464679914735E-16,-1.));
#7644=DIRECTION('center_axis',(1.,0.,0.));
#7645=DIRECTION('ref_axis',(0.,-1.,1.40998324127395E-16));
#7646=DIRECTION('',(0.,-1.22464679914735E-16,-1.));
#7647=DIRECTION('',(0.,-1.,1.22464679914735E-16));
#7648=DIRECTION('center_axis',(-0.707106781186547,8.65956056235494E-17,
0.707106781186548));
#7649=DIRECTION('ref_axis',(-0.707106781186548,-8.81239525796218E-17,-0.707106781186547));
#7650=DIRECTION('',(-0.577350269189626,-0.577350269189625,-0.577350269189626));
#7651=DIRECTION('',(0.,-1.,1.22464679914735E-16));
#7652=DIRECTION('',(0.577350269189626,-0.577350269189626,0.577350269189626));
#7653=DIRECTION('center_axis',(-1.46463848757815E-16,-0.707106781186548,
0.707106781186547));
#7654=DIRECTION('ref_axis',(-1.,0.,-1.40998324127395E-16));
#7655=DIRECTION('',(0.577350269189626,-0.577350269189626,-0.577350269189626));
#7656=DIRECTION('',(1.,-2.07131161310664E-16,2.53662513702779E-32));
#7657=DIRECTION('center_axis',(0.707106781186547,8.65956056235494E-17,0.707106781186548));
#7658=DIRECTION('ref_axis',(-0.707106781186548,8.81239525796218E-17,0.707106781186547));
#7659=DIRECTION('',(0.,1.,-1.22464679914735E-16));
#7660=DIRECTION('',(0.577350269189626,0.577350269189625,-0.577350269189626));
#7661=DIRECTION('center_axis',(1.46463848757815E-16,0.707106781186548,0.707106781186547));
#7662=DIRECTION('ref_axis',(-1.,0.,1.40998324127395E-16));
#7663=DIRECTION('',(-1.,2.07131161310664E-16,-2.53662513702779E-32));
#7664=DIRECTION('center_axis',(-2.07131161310664E-16,-1.,1.22464679914735E-16));
#7665=DIRECTION('ref_axis',(-1.,2.11497486191092E-16,0.));
#7666=DIRECTION('',(0.,-1.22464679914735E-16,-1.));
#7667=DIRECTION('',(-1.,2.07131161310664E-16,-2.53662513702779E-32));
#7668=DIRECTION('',(0.,-1.22464679914735E-16,-1.));
#7669=DIRECTION('center_axis',(1.,0.,0.));
#7670=DIRECTION('ref_axis',(0.,-1.,1.40998324127395E-16));
#7671=DIRECTION('',(0.,-1.22464679914735E-16,-1.));
#7672=DIRECTION('',(0.,-1.,1.22464679914735E-16));
#7673=DIRECTION('center_axis',(-0.707106781186547,8.65956056235494E-17,
0.707106781186548));
#7674=DIRECTION('ref_axis',(-0.707106781186548,-8.81239525796218E-17,-0.707106781186547));
#7675=DIRECTION('',(-0.577350269189626,-0.577350269189626,-0.577350269189626));
#7676=DIRECTION('',(0.,-1.,1.22464679914735E-16));
#7677=DIRECTION('',(0.577350269189626,-0.577350269189626,0.577350269189626));
#7678=DIRECTION('center_axis',(-1.46463848757815E-16,-0.707106781186548,
0.707106781186547));
#7679=DIRECTION('ref_axis',(-1.,0.,-1.40998324127395E-16));
#7680=DIRECTION('',(0.577350269189626,-0.577350269189626,-0.577350269189626));
#7681=DIRECTION('',(1.,-2.07131161310664E-16,2.53662513702779E-32));
#7682=DIRECTION('center_axis',(0.707106781186547,8.65956056235494E-17,0.707106781186548));
#7683=DIRECTION('ref_axis',(-0.707106781186548,8.81239525796218E-17,0.707106781186547));
#7684=DIRECTION('',(0.,1.,-1.22464679914735E-16));
#7685=DIRECTION('',(0.577350269189626,0.577350269189625,-0.577350269189626));
#7686=DIRECTION('center_axis',(1.46463848757815E-16,0.707106781186548,0.707106781186547));
#7687=DIRECTION('ref_axis',(-1.,0.,1.40998324127395E-16));
#7688=DIRECTION('',(-1.,2.07131161310664E-16,-2.53662513702779E-32));
#7689=DIRECTION('center_axis',(-2.07131161310664E-16,-1.,1.22464679914735E-16));
#7690=DIRECTION('ref_axis',(-1.,2.11497486191092E-16,0.));
#7691=DIRECTION('',(0.,-1.22464679914735E-16,-1.));
#7692=DIRECTION('',(-1.,2.07131161310664E-16,-2.53662513702779E-32));
#7693=DIRECTION('',(0.,-1.22464679914735E-16,-1.));
#7694=DIRECTION('center_axis',(1.,0.,0.));
#7695=DIRECTION('ref_axis',(0.,-1.,1.40998324127395E-16));
#7696=DIRECTION('',(0.,-1.22464679914735E-16,-1.));
#7697=DIRECTION('',(0.,-1.,1.22464679914735E-16));
#7698=DIRECTION('center_axis',(-0.707106781186547,8.65956056235494E-17,
0.707106781186548));
#7699=DIRECTION('ref_axis',(-0.707106781186548,-8.81239525796218E-17,-0.707106781186547));
#7700=DIRECTION('',(-0.577350269189626,-0.577350269189625,-0.577350269189626));
#7701=DIRECTION('',(0.,-1.,1.22464679914735E-16));
#7702=DIRECTION('',(0.577350269189626,-0.577350269189626,0.577350269189626));
#7703=DIRECTION('center_axis',(-1.46463848757816E-16,-0.707106781186548,
0.707106781186547));
#7704=DIRECTION('ref_axis',(-1.,0.,-1.40998324127395E-16));
#7705=DIRECTION('',(0.577350269189626,-0.577350269189626,-0.577350269189626));
#7706=DIRECTION('',(1.,-2.07131161310664E-16,2.53662513702779E-32));
#7707=DIRECTION('center_axis',(0.707106781186547,8.65956056235494E-17,0.707106781186548));
#7708=DIRECTION('ref_axis',(-0.707106781186548,8.81239525796218E-17,0.707106781186547));
#7709=DIRECTION('',(0.,1.,-1.22464679914735E-16));
#7710=DIRECTION('',(0.577350269189626,0.577350269189626,-0.577350269189626));
#7711=DIRECTION('center_axis',(1.46463848757815E-16,0.707106781186548,0.707106781186547));
#7712=DIRECTION('ref_axis',(-1.,0.,1.40998324127395E-16));
#7713=DIRECTION('',(-1.,2.07131161310664E-16,-2.53662513702779E-32));
#7714=DIRECTION('center_axis',(-2.07131161310664E-16,-1.,1.22464679914735E-16));
#7715=DIRECTION('ref_axis',(-1.,2.11497486191092E-16,0.));
#7716=DIRECTION('',(0.,-1.22464679914735E-16,-1.));
#7717=DIRECTION('',(-1.,2.07131161310664E-16,-2.53662513702779E-32));
#7718=DIRECTION('',(0.,-1.22464679914735E-16,-1.));
#7719=DIRECTION('center_axis',(1.,0.,0.));
#7720=DIRECTION('ref_axis',(0.,-1.,1.40998324127395E-16));
#7721=DIRECTION('',(0.,-1.22464679914735E-16,-1.));
#7722=DIRECTION('',(0.,-1.,1.22464679914735E-16));
#7723=DIRECTION('center_axis',(-0.707106781186547,8.65956056235494E-17,
0.707106781186548));
#7724=DIRECTION('ref_axis',(-0.707106781186548,-8.81239525796218E-17,-0.707106781186547));
#7725=DIRECTION('',(-0.577350269189626,-0.577350269189626,-0.577350269189626));
#7726=DIRECTION('',(0.,-1.,1.22464679914735E-16));
#7727=DIRECTION('',(0.577350269189626,-0.577350269189626,0.577350269189626));
#7728=DIRECTION('center_axis',(-1.46463848757815E-16,-0.707106781186548,
0.707106781186547));
#7729=DIRECTION('ref_axis',(-1.,0.,-1.40998324127395E-16));
#7730=DIRECTION('',(0.577350269189626,-0.577350269189626,-0.577350269189626));
#7731=DIRECTION('',(1.,-2.07131161310664E-16,2.53662513702779E-32));
#7732=DIRECTION('center_axis',(0.707106781186547,8.65956056235494E-17,0.707106781186548));
#7733=DIRECTION('ref_axis',(-0.707106781186548,8.81239525796218E-17,0.707106781186547));
#7734=DIRECTION('',(0.,1.,-1.22464679914735E-16));
#7735=DIRECTION('',(0.577350269189626,0.577350269189625,-0.577350269189626));
#7736=DIRECTION('center_axis',(1.46463848757815E-16,0.707106781186548,0.707106781186547));
#7737=DIRECTION('ref_axis',(-1.,0.,1.40998324127395E-16));
#7738=DIRECTION('',(-1.,2.07131161310664E-16,-2.53662513702779E-32));
#7739=DIRECTION('center_axis',(-2.07131161310664E-16,-1.,1.22464679914735E-16));
#7740=DIRECTION('ref_axis',(-1.,2.11497486191092E-16,0.));
#7741=DIRECTION('',(0.,-1.22464679914735E-16,-1.));
#7742=DIRECTION('',(-1.,2.07131161310664E-16,-2.53662513702779E-32));
#7743=DIRECTION('',(0.,-1.22464679914735E-16,-1.));
#7744=DIRECTION('center_axis',(1.,0.,0.));
#7745=DIRECTION('ref_axis',(0.,-1.,1.40998324127395E-16));
#7746=DIRECTION('',(0.,-1.22464679914735E-16,-1.));
#7747=DIRECTION('',(0.,-1.,1.22464679914735E-16));
#7748=DIRECTION('center_axis',(2.07131161310664E-16,1.,-1.22464679914735E-16));
#7749=DIRECTION('ref_axis',(1.,-2.11497486191092E-16,0.));
#7750=DIRECTION('',(0.,-1.22464679914735E-16,-1.));
#7751=DIRECTION('',(1.,-2.07131161310664E-16,2.53662513702779E-32));
#7752=DIRECTION('center_axis',(-1.,0.,0.));
#7753=DIRECTION('ref_axis',(0.,1.,-1.40998324127395E-16));
#7754=DIRECTION('',(0.,1.,-1.22464679914735E-16));
#7755=DIRECTION('center_axis',(0.,-1.22464679914735E-16,-1.));
#7756=DIRECTION('ref_axis',(1.,0.,0.));
#7757=DIRECTION('center_axis',(2.07131161310664E-16,1.,-1.22464679914735E-16));
#7758=DIRECTION('ref_axis',(1.,-2.11497486191092E-16,0.));
#7759=DIRECTION('',(0.,-1.22464679914735E-16,-1.));
#7760=DIRECTION('',(1.,-2.07131161310664E-16,2.53662513702779E-32));
#7761=DIRECTION('center_axis',(-1.,0.,0.));
#7762=DIRECTION('ref_axis',(0.,1.,-1.40998324127395E-16));
#7763=DIRECTION('',(0.,1.,-1.22464679914735E-16));
#7764=DIRECTION('center_axis',(0.,-1.22464679914735E-16,-1.));
#7765=DIRECTION('ref_axis',(1.,0.,0.));
#7766=DIRECTION('center_axis',(2.07131161310664E-16,1.,-1.22464679914735E-16));
#7767=DIRECTION('ref_axis',(1.,-2.11497486191092E-16,0.));
#7768=DIRECTION('',(0.,-1.22464679914735E-16,-1.));
#7769=DIRECTION('',(1.,-2.07131161310664E-16,2.53662513702779E-32));
#7770=DIRECTION('center_axis',(-1.,0.,0.));
#7771=DIRECTION('ref_axis',(0.,1.,-1.40998324127395E-16));
#7772=DIRECTION('',(0.,1.,-1.22464679914735E-16));
#7773=DIRECTION('center_axis',(0.,-1.22464679914735E-16,-1.));
#7774=DIRECTION('ref_axis',(1.,0.,0.));
#7775=DIRECTION('center_axis',(2.07131161310664E-16,1.,-1.22464679914735E-16));
#7776=DIRECTION('ref_axis',(1.,-2.11497486191092E-16,0.));
#7777=DIRECTION('',(0.,-1.22464679914735E-16,-1.));
#7778=DIRECTION('',(1.,-2.07131161310664E-16,2.53662513702779E-32));
#7779=DIRECTION('center_axis',(-1.,0.,0.));
#7780=DIRECTION('ref_axis',(0.,1.,-1.40998324127395E-16));
#7781=DIRECTION('',(0.,1.,-1.22464679914735E-16));
#7782=DIRECTION('center_axis',(0.,-1.22464679914735E-16,-1.));
#7783=DIRECTION('ref_axis',(1.,0.,0.));
#7784=DIRECTION('center_axis',(2.07131161310664E-16,1.,-1.22464679914735E-16));
#7785=DIRECTION('ref_axis',(1.,-2.11497486191092E-16,0.));
#7786=DIRECTION('',(0.,-1.22464679914735E-16,-1.));
#7787=DIRECTION('',(1.,-2.07131161310664E-16,2.53662513702779E-32));
#7788=DIRECTION('center_axis',(-1.,0.,0.));
#7789=DIRECTION('ref_axis',(0.,1.,-1.40998324127395E-16));
#7790=DIRECTION('',(0.,1.,-1.22464679914735E-16));
#7791=DIRECTION('center_axis',(0.,-1.22464679914735E-16,-1.));
#7792=DIRECTION('ref_axis',(1.,0.,0.));
#7793=DIRECTION('center_axis',(2.07131161310664E-16,1.,-1.22464679914735E-16));
#7794=DIRECTION('ref_axis',(1.,-2.11497486191092E-16,0.));
#7795=DIRECTION('',(0.,-1.22464679914735E-16,-1.));
#7796=DIRECTION('',(1.,-2.07131161310664E-16,2.53662513702779E-32));
#7797=DIRECTION('center_axis',(-1.,0.,0.));
#7798=DIRECTION('ref_axis',(0.,1.,-1.40998324127395E-16));
#7799=DIRECTION('',(0.,1.,-1.22464679914735E-16));
#7800=DIRECTION('center_axis',(0.,-1.22464679914735E-16,-1.));
#7801=DIRECTION('ref_axis',(1.,0.,0.));
#7802=DIRECTION('center_axis',(2.07131161310664E-16,1.,-1.22464679914735E-16));
#7803=DIRECTION('ref_axis',(1.,-2.11497486191092E-16,0.));
#7804=DIRECTION('',(0.,-1.22464679914735E-16,-1.));
#7805=DIRECTION('',(1.,-2.07131161310664E-16,2.53662513702779E-32));
#7806=DIRECTION('center_axis',(-1.,0.,0.));
#7807=DIRECTION('ref_axis',(0.,1.,-1.40998324127395E-16));
#7808=DIRECTION('',(0.,1.,-1.22464679914735E-16));
#7809=DIRECTION('center_axis',(0.,-1.22464679914735E-16,-1.));
#7810=DIRECTION('ref_axis',(1.,0.,0.));
#7811=DIRECTION('center_axis',(2.07131161310664E-16,1.,-1.22464679914735E-16));
#7812=DIRECTION('ref_axis',(1.,-2.11497486191092E-16,0.));
#7813=DIRECTION('',(0.,-1.22464679914735E-16,-1.));
#7814=DIRECTION('',(1.,-2.07131161310664E-16,2.53662513702779E-32));
#7815=DIRECTION('center_axis',(-1.,0.,0.));
#7816=DIRECTION('ref_axis',(0.,1.,-1.40998324127395E-16));
#7817=DIRECTION('',(0.,1.,-1.22464679914735E-16));
#7818=DIRECTION('center_axis',(0.,-1.22464679914735E-16,-1.));
#7819=DIRECTION('ref_axis',(1.,0.,0.));
#7820=DIRECTION('center_axis',(2.07131161310664E-16,1.,-1.22464679914735E-16));
#7821=DIRECTION('ref_axis',(1.,-2.11497486191092E-16,0.));
#7822=DIRECTION('',(0.,-1.22464679914735E-16,-1.));
#7823=DIRECTION('',(1.,-2.07131161310664E-16,2.53662513702779E-32));
#7824=DIRECTION('center_axis',(-1.,0.,0.));
#7825=DIRECTION('ref_axis',(0.,1.,-1.40998324127395E-16));
#7826=DIRECTION('',(0.,1.,-1.22464679914735E-16));
#7827=DIRECTION('center_axis',(0.,-1.22464679914735E-16,-1.));
#7828=DIRECTION('ref_axis',(1.,0.,0.));
#7829=DIRECTION('center_axis',(2.07131161310664E-16,1.,-1.22464679914735E-16));
#7830=DIRECTION('ref_axis',(1.,-2.11497486191092E-16,0.));
#7831=DIRECTION('',(0.,-1.22464679914735E-16,-1.));
#7832=DIRECTION('',(1.,-2.07131161310664E-16,2.53662513702779E-32));
#7833=DIRECTION('center_axis',(-1.,0.,0.));
#7834=DIRECTION('ref_axis',(0.,1.,-1.40998324127395E-16));
#7835=DIRECTION('',(0.,1.,-1.22464679914735E-16));
#7836=DIRECTION('center_axis',(0.,-1.22464679914735E-16,-1.));
#7837=DIRECTION('ref_axis',(1.,0.,0.));
#7838=DIRECTION('center_axis',(2.07131161310664E-16,1.,-1.22464679914735E-16));
#7839=DIRECTION('ref_axis',(1.,-2.11497486191092E-16,0.));
#7840=DIRECTION('',(0.,-1.22464679914735E-16,-1.));
#7841=DIRECTION('',(1.,-2.07131161310664E-16,2.53662513702779E-32));
#7842=DIRECTION('center_axis',(-1.,0.,0.));
#7843=DIRECTION('ref_axis',(0.,1.,-1.40998324127395E-16));
#7844=DIRECTION('',(0.,1.,-1.22464679914735E-16));
#7845=DIRECTION('center_axis',(0.,-1.22464679914735E-16,-1.));
#7846=DIRECTION('ref_axis',(1.,0.,0.));
#7847=DIRECTION('center_axis',(2.07131161310664E-16,1.,-1.22464679914735E-16));
#7848=DIRECTION('ref_axis',(1.,-2.11497486191092E-16,0.));
#7849=DIRECTION('',(0.,-1.22464679914735E-16,-1.));
#7850=DIRECTION('',(1.,-2.07131161310664E-16,2.53662513702779E-32));
#7851=DIRECTION('center_axis',(-1.,0.,0.));
#7852=DIRECTION('ref_axis',(0.,1.,-1.40998324127395E-16));
#7853=DIRECTION('',(0.,1.,-1.22464679914735E-16));
#7854=DIRECTION('center_axis',(0.,-1.22464679914735E-16,-1.));
#7855=DIRECTION('ref_axis',(1.,0.,0.));
#7856=DIRECTION('center_axis',(2.07131161310664E-16,1.,-1.22464679914735E-16));
#7857=DIRECTION('ref_axis',(1.,-2.11497486191092E-16,0.));
#7858=DIRECTION('',(0.,-1.22464679914735E-16,-1.));
#7859=DIRECTION('',(1.,-2.07131161310664E-16,2.53662513702779E-32));
#7860=DIRECTION('center_axis',(-1.,0.,0.));
#7861=DIRECTION('ref_axis',(0.,1.,-1.40998324127395E-16));
#7862=DIRECTION('',(0.,1.,-1.22464679914735E-16));
#7863=DIRECTION('center_axis',(0.,-1.22464679914735E-16,-1.));
#7864=DIRECTION('ref_axis',(1.,0.,0.));
#7865=DIRECTION('center_axis',(2.07131161310664E-16,1.,-1.22464679914735E-16));
#7866=DIRECTION('ref_axis',(1.,-2.11497486191092E-16,0.));
#7867=DIRECTION('',(0.,-1.22464679914735E-16,-1.));
#7868=DIRECTION('',(1.,-2.07131161310664E-16,2.53662513702779E-32));
#7869=DIRECTION('center_axis',(-1.,0.,0.));
#7870=DIRECTION('ref_axis',(0.,1.,-1.40998324127395E-16));
#7871=DIRECTION('',(0.,1.,-1.22464679914735E-16));
#7872=DIRECTION('center_axis',(0.,-1.22464679914735E-16,-1.));
#7873=DIRECTION('ref_axis',(1.,0.,0.));
#7874=DIRECTION('center_axis',(2.07131161310664E-16,1.,-1.22464679914735E-16));
#7875=DIRECTION('ref_axis',(1.,-2.11497486191092E-16,0.));
#7876=DIRECTION('',(0.,-1.22464679914735E-16,-1.));
#7877=DIRECTION('',(1.,-2.07131161310664E-16,2.53662513702779E-32));
#7878=DIRECTION('center_axis',(-1.,0.,0.));
#7879=DIRECTION('ref_axis',(0.,1.,-1.40998324127395E-16));
#7880=DIRECTION('',(0.,1.,-1.22464679914735E-16));
#7881=DIRECTION('center_axis',(0.,-1.22464679914735E-16,-1.));
#7882=DIRECTION('ref_axis',(1.,0.,0.));
#7883=DIRECTION('center_axis',(2.07131161310664E-16,1.,-1.22464679914735E-16));
#7884=DIRECTION('ref_axis',(1.,-2.11497486191092E-16,0.));
#7885=DIRECTION('',(0.,-1.22464679914735E-16,-1.));
#7886=DIRECTION('',(1.,-2.07131161310664E-16,2.53662513702779E-32));
#7887=DIRECTION('center_axis',(-1.,0.,0.));
#7888=DIRECTION('ref_axis',(0.,1.,-1.40998324127395E-16));
#7889=DIRECTION('',(0.,1.,-1.22464679914735E-16));
#7890=DIRECTION('center_axis',(0.,-1.22464679914735E-16,-1.));
#7891=DIRECTION('ref_axis',(1.,0.,0.));
#7892=DIRECTION('center_axis',(2.07131161310664E-16,1.,-1.22464679914735E-16));
#7893=DIRECTION('ref_axis',(1.,-2.11497486191092E-16,0.));
#7894=DIRECTION('',(0.,-1.22464679914735E-16,-1.));
#7895=DIRECTION('',(1.,-2.07131161310664E-16,2.53662513702779E-32));
#7896=DIRECTION('center_axis',(-1.,0.,0.));
#7897=DIRECTION('ref_axis',(0.,1.,-1.40998324127395E-16));
#7898=DIRECTION('',(0.,1.,-1.22464679914735E-16));
#7899=DIRECTION('center_axis',(0.,-1.22464679914735E-16,-1.));
#7900=DIRECTION('ref_axis',(1.,0.,0.));
#7901=DIRECTION('center_axis',(2.07131161310664E-16,1.,-1.22464679914735E-16));
#7902=DIRECTION('ref_axis',(1.,-2.11497486191092E-16,0.));
#7903=DIRECTION('',(0.,-1.22464679914735E-16,-1.));
#7904=DIRECTION('',(1.,-2.07131161310664E-16,2.53662513702779E-32));
#7905=DIRECTION('center_axis',(-1.,0.,0.));
#7906=DIRECTION('ref_axis',(0.,1.,-1.40998324127395E-16));
#7907=DIRECTION('',(0.,1.,-1.22464679914735E-16));
#7908=DIRECTION('center_axis',(0.,-1.22464679914735E-16,-1.));
#7909=DIRECTION('ref_axis',(1.,0.,0.));
#7910=DIRECTION('center_axis',(2.07131161310664E-16,1.,-1.22464679914735E-16));
#7911=DIRECTION('ref_axis',(1.,-2.11497486191092E-16,0.));
#7912=DIRECTION('',(0.,-1.22464679914735E-16,-1.));
#7913=DIRECTION('',(1.,-2.07131161310664E-16,2.53662513702779E-32));
#7914=DIRECTION('center_axis',(-1.,0.,0.));
#7915=DIRECTION('ref_axis',(0.,1.,-1.40998324127395E-16));
#7916=DIRECTION('',(0.,1.,-1.22464679914735E-16));
#7917=DIRECTION('center_axis',(0.,-1.22464679914735E-16,-1.));
#7918=DIRECTION('ref_axis',(1.,0.,0.));
#7919=DIRECTION('center_axis',(2.07131161310664E-16,1.,-1.22464679914735E-16));
#7920=DIRECTION('ref_axis',(1.,-2.11497486191092E-16,0.));
#7921=DIRECTION('',(0.,-1.22464679914735E-16,-1.));
#7922=DIRECTION('',(1.,-2.07131161310664E-16,2.53662513702779E-32));
#7923=DIRECTION('center_axis',(-1.,0.,0.));
#7924=DIRECTION('ref_axis',(0.,1.,-1.40998324127395E-16));
#7925=DIRECTION('',(0.,1.,-1.22464679914735E-16));
#7926=DIRECTION('center_axis',(0.,-1.22464679914735E-16,-1.));
#7927=DIRECTION('ref_axis',(1.,0.,0.));
#7928=DIRECTION('center_axis',(2.07131161310664E-16,1.,-1.22464679914735E-16));
#7929=DIRECTION('ref_axis',(1.,-2.11497486191092E-16,0.));
#7930=DIRECTION('',(0.,-1.22464679914735E-16,-1.));
#7931=DIRECTION('',(1.,-2.07131161310664E-16,2.53662513702779E-32));
#7932=DIRECTION('center_axis',(-1.,0.,0.));
#7933=DIRECTION('ref_axis',(0.,1.,-1.40998324127395E-16));
#7934=DIRECTION('',(0.,1.,-1.22464679914735E-16));
#7935=DIRECTION('center_axis',(0.,-1.22464679914735E-16,-1.));
#7936=DIRECTION('ref_axis',(1.,0.,0.));
#7937=DIRECTION('center_axis',(2.07131161310664E-16,1.,-1.22464679914735E-16));
#7938=DIRECTION('ref_axis',(1.,-2.11497486191092E-16,0.));
#7939=DIRECTION('',(0.,-1.22464679914735E-16,-1.));
#7940=DIRECTION('',(1.,-2.07131161310664E-16,2.53662513702779E-32));
#7941=DIRECTION('center_axis',(-1.,0.,0.));
#7942=DIRECTION('ref_axis',(0.,1.,-1.40998324127395E-16));
#7943=DIRECTION('',(0.,1.,-1.22464679914735E-16));
#7944=DIRECTION('center_axis',(0.,-1.22464679914735E-16,-1.));
#7945=DIRECTION('ref_axis',(1.,0.,0.));
#7946=DIRECTION('center_axis',(2.07131161310664E-16,1.,-1.22464679914735E-16));
#7947=DIRECTION('ref_axis',(1.,-2.11497486191092E-16,0.));
#7948=DIRECTION('',(0.,-1.22464679914735E-16,-1.));
#7949=DIRECTION('',(1.,-2.07131161310664E-16,2.53662513702779E-32));
#7950=DIRECTION('center_axis',(-1.,0.,0.));
#7951=DIRECTION('ref_axis',(0.,1.,-1.40998324127395E-16));
#7952=DIRECTION('',(0.,1.,-1.22464679914735E-16));
#7953=DIRECTION('center_axis',(0.,-1.22464679914735E-16,-1.));
#7954=DIRECTION('ref_axis',(1.,0.,0.));
#7955=DIRECTION('center_axis',(2.07131161310664E-16,1.,-1.22464679914735E-16));
#7956=DIRECTION('ref_axis',(1.,-2.11497486191092E-16,0.));
#7957=DIRECTION('',(0.,-1.22464679914735E-16,-1.));
#7958=DIRECTION('',(1.,-2.07131161310664E-16,2.53662513702779E-32));
#7959=DIRECTION('center_axis',(-1.,0.,0.));
#7960=DIRECTION('ref_axis',(0.,1.,-1.40998324127395E-16));
#7961=DIRECTION('',(0.,1.,-1.22464679914735E-16));
#7962=DIRECTION('center_axis',(0.,-1.22464679914735E-16,-1.));
#7963=DIRECTION('ref_axis',(1.,0.,0.));
#7964=DIRECTION('center_axis',(2.07131161310664E-16,1.,-1.22464679914735E-16));
#7965=DIRECTION('ref_axis',(1.,-2.11497486191092E-16,0.));
#7966=DIRECTION('',(0.,-1.22464679914735E-16,-1.));
#7967=DIRECTION('',(1.,-2.07131161310664E-16,2.53662513702779E-32));
#7968=DIRECTION('center_axis',(-1.,0.,0.));
#7969=DIRECTION('ref_axis',(0.,1.,-1.40998324127395E-16));
#7970=DIRECTION('',(0.,1.,-1.22464679914735E-16));
#7971=DIRECTION('center_axis',(0.,-1.22464679914735E-16,-1.));
#7972=DIRECTION('ref_axis',(1.,0.,0.));
#7973=DIRECTION('center_axis',(2.07131161310664E-16,1.,-1.22464679914735E-16));
#7974=DIRECTION('ref_axis',(1.,-2.11497486191092E-16,0.));
#7975=DIRECTION('',(0.,-1.22464679914735E-16,-1.));
#7976=DIRECTION('',(1.,-2.07131161310664E-16,2.53662513702779E-32));
#7977=DIRECTION('center_axis',(-1.,0.,0.));
#7978=DIRECTION('ref_axis',(0.,1.,-1.40998324127395E-16));
#7979=DIRECTION('',(0.,1.,-1.22464679914735E-16));
#7980=DIRECTION('center_axis',(0.,-1.22464679914735E-16,-1.));
#7981=DIRECTION('ref_axis',(1.,0.,0.));
#7982=DIRECTION('center_axis',(2.07131161310664E-16,1.,-1.22464679914735E-16));
#7983=DIRECTION('ref_axis',(1.,-2.11497486191092E-16,0.));
#7984=DIRECTION('',(0.,-1.22464679914735E-16,-1.));
#7985=DIRECTION('',(1.,-2.07131161310664E-16,2.53662513702779E-32));
#7986=DIRECTION('center_axis',(-1.,0.,0.));
#7987=DIRECTION('ref_axis',(0.,1.,-1.40998324127395E-16));
#7988=DIRECTION('',(0.,1.,-1.22464679914735E-16));
#7989=DIRECTION('center_axis',(0.,-1.22464679914735E-16,-1.));
#7990=DIRECTION('ref_axis',(1.,0.,0.));
#7991=DIRECTION('center_axis',(2.07131161310664E-16,1.,-1.22464679914735E-16));
#7992=DIRECTION('ref_axis',(1.,-2.11497486191092E-16,0.));
#7993=DIRECTION('',(0.,-1.22464679914735E-16,-1.));
#7994=DIRECTION('',(1.,-2.07131161310664E-16,2.53662513702779E-32));
#7995=DIRECTION('center_axis',(-1.,0.,0.));
#7996=DIRECTION('ref_axis',(0.,1.,-1.40998324127395E-16));
#7997=DIRECTION('',(0.,1.,-1.22464679914735E-16));
#7998=DIRECTION('center_axis',(0.,-1.22464679914735E-16,-1.));
#7999=DIRECTION('ref_axis',(1.,0.,0.));
#8000=DIRECTION('center_axis',(2.07131161310664E-16,1.,-1.22464679914735E-16));
#8001=DIRECTION('ref_axis',(1.,-2.11497486191092E-16,0.));
#8002=DIRECTION('',(0.,-1.22464679914735E-16,-1.));
#8003=DIRECTION('',(1.,-2.07131161310664E-16,2.53662513702779E-32));
#8004=DIRECTION('center_axis',(-1.,0.,0.));
#8005=DIRECTION('ref_axis',(0.,1.,-1.40998324127395E-16));
#8006=DIRECTION('',(0.,1.,-1.22464679914735E-16));
#8007=DIRECTION('center_axis',(0.,-1.22464679914735E-16,-1.));
#8008=DIRECTION('ref_axis',(1.,0.,0.));
#8009=DIRECTION('center_axis',(2.07131161310664E-16,1.,-1.22464679914735E-16));
#8010=DIRECTION('ref_axis',(1.,-2.11497486191092E-16,0.));
#8011=DIRECTION('',(0.,-1.22464679914735E-16,-1.));
#8012=DIRECTION('',(1.,-2.07131161310664E-16,2.53662513702779E-32));
#8013=DIRECTION('center_axis',(-1.,0.,0.));
#8014=DIRECTION('ref_axis',(0.,1.,-1.40998324127395E-16));
#8015=DIRECTION('',(0.,1.,-1.22464679914735E-16));
#8016=DIRECTION('center_axis',(0.,-1.22464679914735E-16,-1.));
#8017=DIRECTION('ref_axis',(1.,0.,0.));
#8018=DIRECTION('center_axis',(2.07131161310664E-16,1.,-1.22464679914735E-16));
#8019=DIRECTION('ref_axis',(1.,-2.11497486191092E-16,0.));
#8020=DIRECTION('',(0.,-1.22464679914735E-16,-1.));
#8021=DIRECTION('',(1.,-2.07131161310664E-16,2.53662513702779E-32));
#8022=DIRECTION('center_axis',(-1.,0.,0.));
#8023=DIRECTION('ref_axis',(0.,1.,-1.40998324127395E-16));
#8024=DIRECTION('',(0.,1.,-1.22464679914735E-16));
#8025=DIRECTION('center_axis',(0.,-1.22464679914735E-16,-1.));
#8026=DIRECTION('ref_axis',(1.,0.,0.));
#8027=DIRECTION('center_axis',(2.07131161310664E-16,1.,-1.22464679914735E-16));
#8028=DIRECTION('ref_axis',(1.,-2.11497486191092E-16,0.));
#8029=DIRECTION('',(0.,-1.22464679914735E-16,-1.));
#8030=DIRECTION('',(1.,-2.07131161310664E-16,2.53662513702779E-32));
#8031=DIRECTION('center_axis',(-1.,0.,0.));
#8032=DIRECTION('ref_axis',(0.,1.,-1.40998324127395E-16));
#8033=DIRECTION('',(0.,1.,-1.22464679914735E-16));
#8034=DIRECTION('center_axis',(0.,-1.22464679914735E-16,-1.));
#8035=DIRECTION('ref_axis',(1.,0.,0.));
#8036=DIRECTION('center_axis',(2.07131161310664E-16,1.,-1.22464679914735E-16));
#8037=DIRECTION('ref_axis',(1.,-2.11497486191092E-16,0.));
#8038=DIRECTION('',(0.,-1.22464679914735E-16,-1.));
#8039=DIRECTION('',(1.,-2.07131161310664E-16,2.53662513702779E-32));
#8040=DIRECTION('center_axis',(-1.,0.,0.));
#8041=DIRECTION('ref_axis',(0.,1.,-1.40998324127395E-16));
#8042=DIRECTION('',(0.,1.,-1.22464679914735E-16));
#8043=DIRECTION('center_axis',(0.,-1.22464679914735E-16,-1.));
#8044=DIRECTION('ref_axis',(1.,0.,0.));
#8045=DIRECTION('center_axis',(2.07131161310664E-16,1.,-1.22464679914735E-16));
#8046=DIRECTION('ref_axis',(1.,-2.11497486191092E-16,0.));
#8047=DIRECTION('',(0.,-1.22464679914735E-16,-1.));
#8048=DIRECTION('',(1.,-2.07131161310664E-16,2.53662513702779E-32));
#8049=DIRECTION('center_axis',(-1.,0.,0.));
#8050=DIRECTION('ref_axis',(0.,1.,-1.40998324127395E-16));
#8051=DIRECTION('',(0.,1.,-1.22464679914735E-16));
#8052=DIRECTION('center_axis',(0.,-1.22464679914735E-16,-1.));
#8053=DIRECTION('ref_axis',(1.,0.,0.));
#8054=DIRECTION('center_axis',(2.07131161310664E-16,1.,-1.22464679914735E-16));
#8055=DIRECTION('ref_axis',(1.,-2.11497486191092E-16,0.));
#8056=DIRECTION('',(0.,-1.22464679914735E-16,-1.));
#8057=DIRECTION('',(1.,-2.07131161310664E-16,2.53662513702779E-32));
#8058=DIRECTION('center_axis',(-1.,0.,0.));
#8059=DIRECTION('ref_axis',(0.,1.,-1.40998324127395E-16));
#8060=DIRECTION('',(0.,1.,-1.22464679914735E-16));
#8061=DIRECTION('center_axis',(0.,-1.22464679914735E-16,-1.));
#8062=DIRECTION('ref_axis',(1.,0.,0.));
#8063=DIRECTION('center_axis',(2.07131161310664E-16,1.,-1.22464679914735E-16));
#8064=DIRECTION('ref_axis',(1.,-2.11497486191092E-16,0.));
#8065=DIRECTION('',(0.,-1.22464679914735E-16,-1.));
#8066=DIRECTION('',(1.,-2.07131161310664E-16,2.53662513702779E-32));
#8067=DIRECTION('center_axis',(-1.,0.,0.));
#8068=DIRECTION('ref_axis',(0.,1.,-1.40998324127395E-16));
#8069=DIRECTION('',(0.,1.,-1.22464679914735E-16));
#8070=DIRECTION('center_axis',(0.,-1.22464679914735E-16,-1.));
#8071=DIRECTION('ref_axis',(1.,0.,0.));
#8072=DIRECTION('center_axis',(2.07131161310664E-16,1.,-1.22464679914735E-16));
#8073=DIRECTION('ref_axis',(1.,-2.11497486191092E-16,0.));
#8074=DIRECTION('',(0.,-1.22464679914735E-16,-1.));
#8075=DIRECTION('',(1.,-2.07131161310664E-16,2.53662513702779E-32));
#8076=DIRECTION('center_axis',(-1.,0.,0.));
#8077=DIRECTION('ref_axis',(0.,1.,-1.40998324127395E-16));
#8078=DIRECTION('',(0.,1.,-1.22464679914735E-16));
#8079=DIRECTION('center_axis',(0.,-1.22464679914735E-16,-1.));
#8080=DIRECTION('ref_axis',(1.,0.,0.));
#8081=DIRECTION('center_axis',(2.07131161310664E-16,1.,-1.22464679914735E-16));
#8082=DIRECTION('ref_axis',(1.,-2.11497486191092E-16,0.));
#8083=DIRECTION('',(0.,-1.22464679914735E-16,-1.));
#8084=DIRECTION('',(1.,-2.07131161310664E-16,2.53662513702779E-32));
#8085=DIRECTION('center_axis',(-1.,0.,0.));
#8086=DIRECTION('ref_axis',(0.,1.,-1.40998324127395E-16));
#8087=DIRECTION('',(0.,1.,-1.22464679914735E-16));
#8088=DIRECTION('center_axis',(0.,-1.22464679914735E-16,-1.));
#8089=DIRECTION('ref_axis',(1.,0.,0.));
#8090=DIRECTION('center_axis',(2.07131161310664E-16,1.,-1.22464679914735E-16));
#8091=DIRECTION('ref_axis',(1.,-2.11497486191092E-16,0.));
#8092=DIRECTION('',(0.,-1.22464679914735E-16,-1.));
#8093=DIRECTION('',(1.,-2.07131161310664E-16,2.53662513702779E-32));
#8094=DIRECTION('center_axis',(-1.,0.,0.));
#8095=DIRECTION('ref_axis',(0.,1.,-1.40998324127395E-16));
#8096=DIRECTION('',(0.,1.,-1.22464679914735E-16));
#8097=DIRECTION('center_axis',(0.,-1.22464679914735E-16,-1.));
#8098=DIRECTION('ref_axis',(1.,0.,0.));
#8099=DIRECTION('center_axis',(-0.707106781186547,8.65956056235494E-17,
0.707106781186548));
#8100=DIRECTION('ref_axis',(-0.707106781186548,-8.81239525796218E-17,-0.707106781186547));
#8101=DIRECTION('',(-0.577350269189626,-0.577350269189625,-0.577350269189626));
#8102=DIRECTION('',(0.,-1.,1.22464679914735E-16));
#8103=DIRECTION('',(0.577350269189626,-0.577350269189626,0.577350269189626));
#8104=DIRECTION('center_axis',(-1.46463848757816E-16,-0.707106781186548,
0.707106781186547));
#8105=DIRECTION('ref_axis',(-1.,0.,-1.40998324127395E-16));
#8106=DIRECTION('',(0.577350269189626,-0.577350269189626,-0.577350269189626));
#8107=DIRECTION('',(1.,-2.07131161310664E-16,2.53662513702779E-32));
#8108=DIRECTION('center_axis',(0.707106781186547,8.65956056235494E-17,0.707106781186548));
#8109=DIRECTION('ref_axis',(-0.707106781186548,8.81239525796218E-17,0.707106781186547));
#8110=DIRECTION('',(0.,1.,-1.22464679914735E-16));
#8111=DIRECTION('',(0.577350269189626,0.577350269189625,-0.577350269189626));
#8112=DIRECTION('center_axis',(1.46463848757815E-16,0.707106781186548,0.707106781186547));
#8113=DIRECTION('ref_axis',(-1.,0.,1.40998324127395E-16));
#8114=DIRECTION('',(-1.,2.07131161310664E-16,-2.53662513702779E-32));
#8115=DIRECTION('center_axis',(-2.07131161310664E-16,-1.,1.22464679914735E-16));
#8116=DIRECTION('ref_axis',(-1.,2.11497486191092E-16,0.));
#8117=DIRECTION('',(0.,-1.22464679914735E-16,-1.));
#8118=DIRECTION('',(-1.,2.07131161310664E-16,-2.53662513702779E-32));
#8119=DIRECTION('',(0.,-1.22464679914735E-16,-1.));
#8120=DIRECTION('center_axis',(1.,0.,0.));
#8121=DIRECTION('ref_axis',(0.,-1.,1.40998324127395E-16));
#8122=DIRECTION('',(0.,-1.22464679914735E-16,-1.));
#8123=DIRECTION('',(0.,-1.,1.22464679914735E-16));
#8124=DIRECTION('center_axis',(2.07131161310664E-16,1.,-1.22464679914735E-16));
#8125=DIRECTION('ref_axis',(1.,-2.11497486191092E-16,0.));
#8126=DIRECTION('',(0.,-1.22464679914735E-16,-1.));
#8127=DIRECTION('',(1.,-2.07131161310664E-16,2.53662513702779E-32));
#8128=DIRECTION('center_axis',(-1.,0.,0.));
#8129=DIRECTION('ref_axis',(0.,1.,-1.40998324127395E-16));
#8130=DIRECTION('',(0.,1.,-1.22464679914735E-16));
#8131=DIRECTION('center_axis',(0.,-1.22464679914735E-16,-1.));
#8132=DIRECTION('ref_axis',(1.,0.,0.));
#8133=DIRECTION('center_axis',(0.,-1.22464679914735E-16,-1.));
#8134=DIRECTION('ref_axis',(1.,0.,0.));
#8135=CARTESIAN_POINT('',(0.,0.,0.));
#8136=CARTESIAN_POINT('Origin',(1.03779527559055,-0.122834645669294,0.0267716535433069));
#8137=CARTESIAN_POINT('',(-1.00393700787402,-0.107874015748032,0.0417322834645665));
#8138=CARTESIAN_POINT('',(-1.00393700787402,-0.137795275590553,0.0118110236220473));
#8139=CARTESIAN_POINT('',(-1.00393700787402,0.0143700787401563,0.163976377952757));
#8140=CARTESIAN_POINT('',(1.00393700787402,-0.137795275590553,0.0118110236220473));
#8141=CARTESIAN_POINT('',(1.03779527559055,-0.137795275590553,0.0118110236220473));
#8142=CARTESIAN_POINT('',(1.00393700787402,-0.107874015748032,0.0417322834645665));
#8143=CARTESIAN_POINT('',(1.00393700787402,-0.0545275590551203,0.0950787401574801));
#8144=CARTESIAN_POINT('',(1.02283464566929,-0.107874015748032,0.0417322834645665));
#8145=CARTESIAN_POINT('Origin',(1.00393700787402,-0.137795275590553,0.31496062992126));
#8146=CARTESIAN_POINT('',(1.00393700787402,-0.137795275590553,0.));
#8147=CARTESIAN_POINT('',(1.00393700787402,-0.137795275590553,0.15748031496063));
#8148=CARTESIAN_POINT('',(1.00393700787402,0.137795275590553,0.));
#8149=CARTESIAN_POINT('',(1.00393700787402,-0.0688976377952766,0.));
#8150=CARTESIAN_POINT('',(1.00393700787402,0.137795275590553,0.0118110236220473));
#8151=CARTESIAN_POINT('',(1.00393700787402,0.137795275590553,0.15748031496063));
#8152=CARTESIAN_POINT('',(1.00393700787402,0.107874015748032,0.0417322834645665));
#8153=CARTESIAN_POINT('',(1.00393700787402,-0.0143700787401564,0.163976377952757));
#8154=CARTESIAN_POINT('',(1.00393700787402,0.107874015748032,0.31496062992126));
#8155=CARTESIAN_POINT('',(1.00393700787402,0.107874015748032,0.31496062992126));
#8156=CARTESIAN_POINT('',(1.00393700787402,-0.107874015748032,0.31496062992126));
#8157=CARTESIAN_POINT('',(1.00393700787402,-0.0688976377952766,0.31496062992126));
#8158=CARTESIAN_POINT('',(1.00393700787402,-0.107874015748032,0.31496062992126));
#8159=CARTESIAN_POINT('Origin',(0.0149606299212608,0.122834645669294,0.0267716535433069));
#8160=CARTESIAN_POINT('',(-1.00393700787402,0.137795275590553,0.0118110236220473));
#8161=CARTESIAN_POINT('',(0.0149606299212608,0.137795275590553,0.0118110236220473));
#8162=CARTESIAN_POINT('',(-1.00393700787402,0.107874015748032,0.0417322834645665));
#8163=CARTESIAN_POINT('',(-1.00393700787402,0.0545275590551202,0.0950787401574803));
#8164=CARTESIAN_POINT('',(0.0149606299212608,0.107874015748032,0.0417322834645665));
#8165=CARTESIAN_POINT('Origin',(-1.00393700787402,0.137795275590553,0.31496062992126));
#8166=CARTESIAN_POINT('',(-1.00393700787402,-0.107874015748032,0.31496062992126));
#8167=CARTESIAN_POINT('',(-1.00393700787402,-0.107874015748032,0.31496062992126));
#8168=CARTESIAN_POINT('',(-1.00393700787402,0.107874015748032,0.31496062992126));
#8169=CARTESIAN_POINT('',(-1.00393700787402,0.0688976377952765,0.31496062992126));
#8170=CARTESIAN_POINT('',(-1.00393700787402,0.107874015748032,0.31496062992126));
#8171=CARTESIAN_POINT('',(-1.00393700787402,0.137795275590553,0.));
#8172=CARTESIAN_POINT('',(-1.00393700787402,0.137795275590553,0.15748031496063));
#8173=CARTESIAN_POINT('',(-1.00393700787402,-0.137795275590553,0.));
#8174=CARTESIAN_POINT('',(-1.00393700787402,0.0688976377952764,0.));
#8175=CARTESIAN_POINT('',(-1.00393700787402,-0.137795275590553,0.15748031496063));
#8176=CARTESIAN_POINT('Origin',(0.,0.,0.31496062992126));
#8177=CARTESIAN_POINT('',(-1.00787401574803,0.107874015748032,0.31496062992126));
#8178=CARTESIAN_POINT('',(1.00787401574803,-0.107874015748032,0.31496062992126));
#8179=CARTESIAN_POINT('',(0.992125984251969,-0.0921259842519685,0.31496062992126));
#8180=CARTESIAN_POINT('',(0.992125984251969,-0.00787401574803137,0.31496062992126));
#8181=CARTESIAN_POINT('',(0.992125984251969,-0.0118110236220472,0.31496062992126));
#8182=CARTESIAN_POINT('',(0.907874015748032,-0.0921259842519685,0.31496062992126));
#8183=CARTESIAN_POINT('',(0.488188976377953,-0.0921259842519684,0.31496062992126));
#8184=CARTESIAN_POINT('',(0.907874015748032,-0.00787401574803136,0.31496062992126));
#8185=CARTESIAN_POINT('',(0.907874015748032,-0.0381889763779528,0.31496062992126));
#8186=CARTESIAN_POINT('',(0.461811023622048,-0.00787401574803127,0.31496062992126));
#8187=CARTESIAN_POINT('',(0.792125984251968,-0.0921259842519685,0.31496062992126));
#8188=CARTESIAN_POINT('',(0.792125984251968,-0.00787401574803137,0.31496062992126));
#8189=CARTESIAN_POINT('',(0.792125984251968,-0.0118110236220472,0.31496062992126));
#8190=CARTESIAN_POINT('',(0.707874015748032,-0.0921259842519685,0.31496062992126));
#8191=CARTESIAN_POINT('',(0.388188976377953,-0.0921259842519684,0.31496062992126));
#8192=CARTESIAN_POINT('',(0.707874015748032,-0.00787401574803136,0.31496062992126));
#8193=CARTESIAN_POINT('',(0.707874015748032,-0.0381889763779528,0.31496062992126));
#8194=CARTESIAN_POINT('',(0.361811023622047,-0.00787401574803128,0.31496062992126));
#8195=CARTESIAN_POINT('',(0.592125984251968,-0.0921259842519685,0.31496062992126));
#8196=CARTESIAN_POINT('',(0.592125984251968,-0.00787401574803137,0.31496062992126));
#8197=CARTESIAN_POINT('',(0.592125984251968,-0.0118110236220472,0.31496062992126));
#8198=CARTESIAN_POINT('',(0.507874015748032,-0.0921259842519685,0.31496062992126));
#8199=CARTESIAN_POINT('',(0.288188976377953,-0.0921259842519684,0.31496062992126));
#8200=CARTESIAN_POINT('',(0.507874015748032,-0.00787401574803136,0.31496062992126));
#8201=CARTESIAN_POINT('',(0.507874015748032,-0.0381889763779528,0.31496062992126));
#8202=CARTESIAN_POINT('',(0.261811023622047,-0.00787401574803131,0.31496062992126));
#8203=CARTESIAN_POINT('',(0.392125984251968,-0.0921259842519685,0.31496062992126));
#8204=CARTESIAN_POINT('',(0.392125984251968,-0.00787401574803137,0.31496062992126));
#8205=CARTESIAN_POINT('',(0.392125984251968,-0.0118110236220472,0.31496062992126));
#8206=CARTESIAN_POINT('',(0.307874015748032,-0.0921259842519685,0.31496062992126));
#8207=CARTESIAN_POINT('',(0.188188976377953,-0.0921259842519685,0.31496062992126));
#8208=CARTESIAN_POINT('',(0.307874015748032,-0.00787401574803136,0.31496062992126));
#8209=CARTESIAN_POINT('',(0.307874015748032,-0.0381889763779528,0.31496062992126));
#8210=CARTESIAN_POINT('',(0.161811023622047,-0.00787401574803133,0.31496062992126));
#8211=CARTESIAN_POINT('',(0.192125984251968,-0.0921259842519685,0.31496062992126));
#8212=CARTESIAN_POINT('',(0.192125984251968,-0.00787401574803138,0.31496062992126));
#8213=CARTESIAN_POINT('',(0.192125984251968,-0.0118110236220472,0.31496062992126));
#8214=CARTESIAN_POINT('',(0.107874015748032,-0.0921259842519685,0.31496062992126));
#8215=CARTESIAN_POINT('',(0.0881889763779527,-0.0921259842519685,0.31496062992126));
#8216=CARTESIAN_POINT('',(0.107874015748032,-0.00787401574803136,0.31496062992126));
#8217=CARTESIAN_POINT('',(0.107874015748032,-0.0381889763779528,0.31496062992126));
#8218=CARTESIAN_POINT('',(0.0618110236220473,-0.00787401574803135,0.31496062992126));
#8219=CARTESIAN_POINT('',(-0.00787401574803151,-0.0921259842519685,0.31496062992126));
#8220=CARTESIAN_POINT('',(-0.00787401574803151,-0.00787401574803137,0.31496062992126));
#8221=CARTESIAN_POINT('',(-0.00787401574803151,-0.0118110236220472,0.31496062992126));
#8222=CARTESIAN_POINT('',(-0.0921259842519683,-0.0921259842519685,0.31496062992126));
#8223=CARTESIAN_POINT('',(-0.0118110236220473,-0.0921259842519685,0.31496062992126));
#8224=CARTESIAN_POINT('',(-0.0921259842519683,-0.00787401574803136,0.31496062992126));
#8225=CARTESIAN_POINT('',(-0.0921259842519683,-0.0381889763779528,0.31496062992126));
#8226=CARTESIAN_POINT('',(-0.0381889763779527,-0.00787401574803137,0.31496062992126));
#8227=CARTESIAN_POINT('',(-0.207874015748031,-0.0921259842519685,0.31496062992126));
#8228=CARTESIAN_POINT('',(-0.207874015748031,-0.00787401574803137,0.31496062992126));
#8229=CARTESIAN_POINT('',(-0.207874015748031,-0.0118110236220472,0.31496062992126));
#8230=CARTESIAN_POINT('',(-0.292125984251968,-0.0921259842519685,0.31496062992126));
#8231=CARTESIAN_POINT('',(-0.111811023622047,-0.0921259842519685,0.31496062992126));
#8232=CARTESIAN_POINT('',(-0.292125984251968,-0.00787401574803136,0.31496062992126));
#8233=CARTESIAN_POINT('',(-0.292125984251968,-0.0381889763779528,0.31496062992126));
#8234=CARTESIAN_POINT('',(-0.138188976377953,-0.00787401574803139,0.31496062992126));
#8235=CARTESIAN_POINT('',(-0.407874015748031,-0.0921259842519685,0.31496062992126));
#8236=CARTESIAN_POINT('',(-0.407874015748031,-0.00787401574803137,0.31496062992126));
#8237=CARTESIAN_POINT('',(-0.407874015748031,-0.0118110236220472,0.31496062992126));
#8238=CARTESIAN_POINT('',(-0.492125984251968,-0.0921259842519685,0.31496062992126));
#8239=CARTESIAN_POINT('',(-0.211811023622047,-0.0921259842519686,0.31496062992126));
#8240=CARTESIAN_POINT('',(-0.492125984251968,-0.00787401574803136,0.31496062992126));
#8241=CARTESIAN_POINT('',(-0.492125984251968,-0.0381889763779528,0.31496062992126));
#8242=CARTESIAN_POINT('',(-0.238188976377953,-0.00787401574803141,0.31496062992126));
#8243=CARTESIAN_POINT('',(-0.607874015748031,-0.0921259842519685,0.31496062992126));
#8244=CARTESIAN_POINT('',(-0.607874015748031,-0.00787401574803137,0.31496062992126));
#8245=CARTESIAN_POINT('',(-0.607874015748031,-0.0118110236220472,0.31496062992126));
#8246=CARTESIAN_POINT('',(-0.692125984251968,-0.0921259842519685,0.31496062992126));
#8247=CARTESIAN_POINT('',(-0.311811023622047,-0.0921259842519686,0.31496062992126));
#8248=CARTESIAN_POINT('',(-0.692125984251968,-0.00787401574803136,0.31496062992126));
#8249=CARTESIAN_POINT('',(-0.692125984251968,-0.0381889763779528,0.31496062992126));
#8250=CARTESIAN_POINT('',(-0.338188976377953,-0.00787401574803143,0.31496062992126));
#8251=CARTESIAN_POINT('',(-0.807874015748031,-0.0921259842519685,0.31496062992126));
#8252=CARTESIAN_POINT('',(-0.807874015748031,-0.00787401574803137,0.31496062992126));
#8253=CARTESIAN_POINT('',(-0.807874015748031,-0.0118110236220472,0.31496062992126));
#8254=CARTESIAN_POINT('',(-0.892125984251968,-0.0921259842519685,0.31496062992126));
#8255=CARTESIAN_POINT('',(-0.411811023622047,-0.0921259842519686,0.31496062992126));
#8256=CARTESIAN_POINT('',(-0.892125984251968,-0.00787401574803136,0.31496062992126));
#8257=CARTESIAN_POINT('',(-0.892125984251968,-0.0381889763779528,0.31496062992126));
#8258=CARTESIAN_POINT('',(-0.438188976377953,-0.00787401574803145,0.31496062992126));
#8259=CARTESIAN_POINT('',(0.992125984251969,0.00787401574803146,0.31496062992126));
#8260=CARTESIAN_POINT('',(0.992125984251969,0.0921259842519686,0.31496062992126));
#8261=CARTESIAN_POINT('',(0.992125984251969,0.0381889763779528,0.31496062992126));
#8262=CARTESIAN_POINT('',(0.907874015748032,0.00787401574803148,0.31496062992126));
#8263=CARTESIAN_POINT('',(0.488188976377953,0.00787401574803157,0.31496062992126));
#8264=CARTESIAN_POINT('',(0.907874015748032,0.0921259842519686,0.31496062992126));
#8265=CARTESIAN_POINT('',(0.907874015748032,0.0118110236220472,0.31496062992126));
#8266=CARTESIAN_POINT('',(0.461811023622048,0.0921259842519687,0.31496062992126));
#8267=CARTESIAN_POINT('',(0.792125984251968,0.00787401574803147,0.31496062992126));
#8268=CARTESIAN_POINT('',(0.792125984251968,0.0921259842519686,0.31496062992126));
#8269=CARTESIAN_POINT('',(0.792125984251968,0.0381889763779528,0.31496062992126));
#8270=CARTESIAN_POINT('',(0.707874015748032,0.00787401574803149,0.31496062992126));
#8271=CARTESIAN_POINT('',(0.388188976377953,0.00787401574803155,0.31496062992126));
#8272=CARTESIAN_POINT('',(0.707874015748032,0.0921259842519686,0.31496062992126));
#8273=CARTESIAN_POINT('',(0.707874015748032,0.0118110236220472,0.31496062992126));
#8274=CARTESIAN_POINT('',(0.361811023622047,0.0921259842519687,0.31496062992126));
#8275=CARTESIAN_POINT('',(0.592125984251968,0.00787401574803146,0.31496062992126));
#8276=CARTESIAN_POINT('',(0.592125984251968,0.0921259842519686,0.31496062992126));
#8277=CARTESIAN_POINT('',(0.592125984251968,0.0381889763779528,0.31496062992126));
#8278=CARTESIAN_POINT('',(0.507874015748032,0.00787401574803148,0.31496062992126));
#8279=CARTESIAN_POINT('',(0.288188976377953,0.00787401574803153,0.31496062992126));
#8280=CARTESIAN_POINT('',(0.507874015748032,0.0921259842519686,0.31496062992126));
#8281=CARTESIAN_POINT('',(0.507874015748032,0.0118110236220472,0.31496062992126));
#8282=CARTESIAN_POINT('',(0.261811023622047,0.0921259842519687,0.31496062992126));
#8283=CARTESIAN_POINT('',(0.392125984251968,0.00787401574803146,0.31496062992126));
#8284=CARTESIAN_POINT('',(0.392125984251968,0.0921259842519686,0.31496062992126));
#8285=CARTESIAN_POINT('',(0.392125984251968,0.0381889763779528,0.31496062992126));
#8286=CARTESIAN_POINT('',(0.307874015748032,0.00787401574803148,0.31496062992126));
#8287=CARTESIAN_POINT('',(0.188188976377953,0.00787401574803151,0.31496062992126));
#8288=CARTESIAN_POINT('',(0.307874015748032,0.0921259842519686,0.31496062992126));
#8289=CARTESIAN_POINT('',(0.307874015748032,0.0118110236220472,0.31496062992126));
#8290=CARTESIAN_POINT('',(0.161811023622047,0.0921259842519686,0.31496062992126));
#8291=CARTESIAN_POINT('',(0.192125984251968,0.00787401574803146,0.31496062992126));
#8292=CARTESIAN_POINT('',(0.192125984251968,0.0921259842519686,0.31496062992126));
#8293=CARTESIAN_POINT('',(0.192125984251968,0.0381889763779528,0.31496062992126));
#8294=CARTESIAN_POINT('',(0.107874015748032,0.00787401574803148,0.31496062992126));
#8295=CARTESIAN_POINT('',(0.0881889763779527,0.00787401574803149,0.31496062992126));
#8296=CARTESIAN_POINT('',(0.107874015748032,0.0921259842519686,0.31496062992126));
#8297=CARTESIAN_POINT('',(0.107874015748032,0.0118110236220472,0.31496062992126));
#8298=CARTESIAN_POINT('',(0.0618110236220474,0.0921259842519686,0.31496062992126));
#8299=CARTESIAN_POINT('',(-0.00787401574803151,0.00787401574803146,0.31496062992126));
#8300=CARTESIAN_POINT('',(-0.00787401574803151,0.0921259842519686,0.31496062992126));
#8301=CARTESIAN_POINT('',(-0.00787401574803151,0.0381889763779528,0.31496062992126));
#8302=CARTESIAN_POINT('',(-0.0921259842519683,0.00787401574803148,0.31496062992126));
#8303=CARTESIAN_POINT('',(-0.0118110236220473,0.00787401574803147,0.31496062992126));
#8304=CARTESIAN_POINT('',(-0.0921259842519683,0.0921259842519686,0.31496062992126));
#8305=CARTESIAN_POINT('',(-0.0921259842519683,0.0118110236220472,0.31496062992126));
#8306=CARTESIAN_POINT('',(-0.0381889763779526,0.0921259842519686,0.31496062992126));
#8307=CARTESIAN_POINT('',(-0.207874015748031,0.00787401574803146,0.31496062992126));
#8308=CARTESIAN_POINT('',(-0.207874015748031,0.0921259842519686,0.31496062992126));
#8309=CARTESIAN_POINT('',(-0.207874015748031,0.0381889763779528,0.31496062992126));
#8310=CARTESIAN_POINT('',(-0.292125984251968,0.00787401574803148,0.31496062992126));
#8311=CARTESIAN_POINT('',(-0.111811023622047,0.00787401574803145,0.31496062992126));
#8312=CARTESIAN_POINT('',(-0.292125984251968,0.0921259842519686,0.31496062992126));
#8313=CARTESIAN_POINT('',(-0.292125984251968,0.0118110236220472,0.31496062992126));
#8314=CARTESIAN_POINT('',(-0.138188976377953,0.0921259842519686,0.31496062992126));
#8315=CARTESIAN_POINT('',(-0.407874015748031,0.00787401574803146,0.31496062992126));
#8316=CARTESIAN_POINT('',(-0.407874015748031,0.0921259842519686,0.31496062992126));
#8317=CARTESIAN_POINT('',(-0.407874015748031,0.0381889763779528,0.31496062992126));
#8318=CARTESIAN_POINT('',(-0.492125984251968,0.00787401574803148,0.31496062992126));
#8319=CARTESIAN_POINT('',(-0.211811023622047,0.00787401574803143,0.31496062992126));
#8320=CARTESIAN_POINT('',(-0.492125984251968,0.0921259842519686,0.31496062992126));
#8321=CARTESIAN_POINT('',(-0.492125984251968,0.0118110236220472,0.31496062992126));
#8322=CARTESIAN_POINT('',(-0.238188976377953,0.0921259842519686,0.31496062992126));
#8323=CARTESIAN_POINT('',(-0.607874015748031,0.00787401574803146,0.31496062992126));
#8324=CARTESIAN_POINT('',(-0.607874015748031,0.0921259842519686,0.31496062992126));
#8325=CARTESIAN_POINT('',(-0.607874015748031,0.0381889763779528,0.31496062992126));
#8326=CARTESIAN_POINT('',(-0.692125984251968,0.00787401574803148,0.31496062992126));
#8327=CARTESIAN_POINT('',(-0.311811023622047,0.0078740157480314,0.31496062992126));
#8328=CARTESIAN_POINT('',(-0.692125984251968,0.0921259842519686,0.31496062992126));
#8329=CARTESIAN_POINT('',(-0.692125984251968,0.0118110236220472,0.31496062992126));
#8330=CARTESIAN_POINT('',(-0.338188976377953,0.0921259842519686,0.31496062992126));
#8331=CARTESIAN_POINT('',(-0.807874015748031,0.00787401574803146,0.31496062992126));
#8332=CARTESIAN_POINT('',(-0.807874015748031,0.0921259842519686,0.31496062992126));
#8333=CARTESIAN_POINT('',(-0.807874015748031,0.0381889763779528,0.31496062992126));
#8334=CARTESIAN_POINT('',(-0.892125984251968,0.00787401574803148,0.31496062992126));
#8335=CARTESIAN_POINT('',(-0.411811023622047,0.00787401574803138,0.31496062992126));
#8336=CARTESIAN_POINT('',(-0.892125984251968,0.0921259842519686,0.31496062992126));
#8337=CARTESIAN_POINT('',(-0.892125984251968,0.0118110236220472,0.31496062992126));
#8338=CARTESIAN_POINT('',(-0.438188976377953,0.0921259842519685,0.31496062992126));
#8339=CARTESIAN_POINT('',(-0.907874015748031,0.00787401574803146,0.31496062992126));
#8340=CARTESIAN_POINT('',(-0.907874015748031,0.0921259842519686,0.31496062992126));
#8341=CARTESIAN_POINT('',(-0.907874015748031,0.0381889763779528,0.31496062992126));
#8342=CARTESIAN_POINT('',(-0.992125984251968,0.00787401574803148,0.31496062992126));
#8343=CARTESIAN_POINT('',(-0.461811023622047,0.00787401574803137,0.31496062992126));
#8344=CARTESIAN_POINT('',(-0.992125984251968,0.0921259842519686,0.31496062992126));
#8345=CARTESIAN_POINT('',(-0.992125984251968,0.0118110236220472,0.31496062992126));
#8346=CARTESIAN_POINT('',(-0.488188976377953,0.0921259842519685,0.31496062992126));
#8347=CARTESIAN_POINT('',(-0.707874015748031,0.00787401574803146,0.31496062992126));
#8348=CARTESIAN_POINT('',(-0.707874015748031,0.0921259842519686,0.31496062992126));
#8349=CARTESIAN_POINT('',(-0.707874015748031,0.0381889763779528,0.31496062992126));
#8350=CARTESIAN_POINT('',(-0.792125984251968,0.00787401574803148,0.31496062992126));
#8351=CARTESIAN_POINT('',(-0.361811023622047,0.00787401574803139,0.31496062992126));
#8352=CARTESIAN_POINT('',(-0.792125984251968,0.0921259842519686,0.31496062992126));
#8353=CARTESIAN_POINT('',(-0.792125984251968,0.0118110236220472,0.31496062992126));
#8354=CARTESIAN_POINT('',(-0.388188976377953,0.0921259842519685,0.31496062992126));
#8355=CARTESIAN_POINT('',(-0.507874015748031,0.00787401574803146,0.31496062992126));
#8356=CARTESIAN_POINT('',(-0.507874015748031,0.0921259842519686,0.31496062992126));
#8357=CARTESIAN_POINT('',(-0.507874015748031,0.0381889763779528,0.31496062992126));
#8358=CARTESIAN_POINT('',(-0.592125984251968,0.00787401574803148,0.31496062992126));
#8359=CARTESIAN_POINT('',(-0.261811023622047,0.00787401574803141,0.31496062992126));
#8360=CARTESIAN_POINT('',(-0.592125984251968,0.0921259842519686,0.31496062992126));
#8361=CARTESIAN_POINT('',(-0.592125984251968,0.0118110236220472,0.31496062992126));
#8362=CARTESIAN_POINT('',(-0.288188976377953,0.0921259842519686,0.31496062992126));
#8363=CARTESIAN_POINT('',(-0.307874015748031,0.00787401574803146,0.31496062992126));
#8364=CARTESIAN_POINT('',(-0.307874015748031,0.0921259842519686,0.31496062992126));
#8365=CARTESIAN_POINT('',(-0.307874015748031,0.0381889763779528,0.31496062992126));
#8366=CARTESIAN_POINT('',(-0.392125984251968,0.00787401574803148,0.31496062992126));
#8367=CARTESIAN_POINT('',(-0.161811023622047,0.00787401574803144,0.31496062992126));
#8368=CARTESIAN_POINT('',(-0.392125984251968,0.0921259842519686,0.31496062992126));
#8369=CARTESIAN_POINT('',(-0.392125984251968,0.0118110236220472,0.31496062992126));
#8370=CARTESIAN_POINT('',(-0.188188976377953,0.0921259842519686,0.31496062992126));
#8371=CARTESIAN_POINT('',(-0.107874015748032,0.00787401574803147,0.31496062992126));
#8372=CARTESIAN_POINT('',(-0.107874015748032,0.0921259842519686,0.31496062992126));
#8373=CARTESIAN_POINT('',(-0.107874015748032,0.0381889763779528,0.31496062992126));
#8374=CARTESIAN_POINT('',(-0.192125984251968,0.00787401574803149,0.31496062992126));
#8375=CARTESIAN_POINT('',(-0.0618110236220472,0.00787401574803146,0.31496062992126));
#8376=CARTESIAN_POINT('',(-0.192125984251968,0.0921259842519686,0.31496062992126));
#8377=CARTESIAN_POINT('',(-0.192125984251968,0.0118110236220472,0.31496062992126));
#8378=CARTESIAN_POINT('',(-0.0881889763779526,0.0921259842519686,0.31496062992126));
#8379=CARTESIAN_POINT('',(0.0921259842519685,0.00787401574803146,0.31496062992126));
#8380=CARTESIAN_POINT('',(0.0921259842519685,0.0921259842519686,0.31496062992126));
#8381=CARTESIAN_POINT('',(0.0921259842519685,0.0381889763779528,0.31496062992126));
#8382=CARTESIAN_POINT('',(0.00787401574803169,0.00787401574803148,0.31496062992126));
#8383=CARTESIAN_POINT('',(0.0381889763779527,0.00787401574803148,0.31496062992126));
#8384=CARTESIAN_POINT('',(0.00787401574803169,0.0921259842519686,0.31496062992126));
#8385=CARTESIAN_POINT('',(0.00787401574803169,0.0118110236220472,0.31496062992126));
#8386=CARTESIAN_POINT('',(0.0118110236220474,0.0921259842519686,0.31496062992126));
#8387=CARTESIAN_POINT('',(0.292125984251968,0.00787401574803146,0.31496062992126));
#8388=CARTESIAN_POINT('',(0.292125984251968,0.0921259842519686,0.31496062992126));
#8389=CARTESIAN_POINT('',(0.292125984251968,0.0381889763779528,0.31496062992126));
#8390=CARTESIAN_POINT('',(0.207874015748032,0.00787401574803148,0.31496062992126));
#8391=CARTESIAN_POINT('',(0.138188976377953,0.0078740157480315,0.31496062992126));
#8392=CARTESIAN_POINT('',(0.207874015748032,0.0921259842519686,0.31496062992126));
#8393=CARTESIAN_POINT('',(0.207874015748032,0.0118110236220472,0.31496062992126));
#8394=CARTESIAN_POINT('',(0.111811023622047,0.0921259842519686,0.31496062992126));
#8395=CARTESIAN_POINT('',(0.492125984251968,0.00787401574803146,0.31496062992126));
#8396=CARTESIAN_POINT('',(0.492125984251968,0.0921259842519686,0.31496062992126));
#8397=CARTESIAN_POINT('',(0.492125984251968,0.0381889763779528,0.31496062992126));
#8398=CARTESIAN_POINT('',(0.407874015748032,0.00787401574803148,0.31496062992126));
#8399=CARTESIAN_POINT('',(0.238188976377953,0.00787401574803152,0.31496062992126));
#8400=CARTESIAN_POINT('',(0.407874015748032,0.0921259842519686,0.31496062992126));
#8401=CARTESIAN_POINT('',(0.407874015748032,0.0118110236220472,0.31496062992126));
#8402=CARTESIAN_POINT('',(0.211811023622047,0.0921259842519687,0.31496062992126));
#8403=CARTESIAN_POINT('',(0.692125984251968,0.00787401574803146,0.31496062992126));
#8404=CARTESIAN_POINT('',(0.692125984251968,0.0921259842519686,0.31496062992126));
#8405=CARTESIAN_POINT('',(0.692125984251968,0.0381889763779528,0.31496062992126));
#8406=CARTESIAN_POINT('',(0.607874015748032,0.00787401574803148,0.31496062992126));
#8407=CARTESIAN_POINT('',(0.338188976377953,0.00787401574803154,0.31496062992126));
#8408=CARTESIAN_POINT('',(0.607874015748032,0.0921259842519686,0.31496062992126));
#8409=CARTESIAN_POINT('',(0.607874015748032,0.0118110236220472,0.31496062992126));
#8410=CARTESIAN_POINT('',(0.311811023622047,0.0921259842519687,0.31496062992126));
#8411=CARTESIAN_POINT('',(0.892125984251968,0.00787401574803146,0.31496062992126));
#8412=CARTESIAN_POINT('',(0.892125984251968,0.0921259842519686,0.31496062992126));
#8413=CARTESIAN_POINT('',(0.892125984251968,0.0381889763779528,0.31496062992126));
#8414=CARTESIAN_POINT('',(0.807874015748031,0.00787401574803148,0.31496062992126));
#8415=CARTESIAN_POINT('',(0.438188976377953,0.00787401574803156,0.31496062992126));
#8416=CARTESIAN_POINT('',(0.807874015748031,0.0921259842519686,0.31496062992126));
#8417=CARTESIAN_POINT('',(0.807874015748031,0.0118110236220472,0.31496062992126));
#8418=CARTESIAN_POINT('',(0.411811023622047,0.0921259842519687,0.31496062992126));
#8419=CARTESIAN_POINT('',(-0.907874015748031,-0.0921259842519685,0.31496062992126));
#8420=CARTESIAN_POINT('',(-0.907874015748031,-0.00787401574803137,0.31496062992126));
#8421=CARTESIAN_POINT('',(-0.907874015748031,-0.0118110236220472,0.31496062992126));
#8422=CARTESIAN_POINT('',(-0.992125984251968,-0.0921259842519685,0.31496062992126));
#8423=CARTESIAN_POINT('',(-0.461811023622047,-0.0921259842519686,0.31496062992126));
#8424=CARTESIAN_POINT('',(-0.992125984251968,-0.00787401574803136,0.31496062992126));
#8425=CARTESIAN_POINT('',(-0.992125984251968,-0.0381889763779528,0.31496062992126));
#8426=CARTESIAN_POINT('',(-0.488188976377953,-0.00787401574803146,0.31496062992126));
#8427=CARTESIAN_POINT('',(-0.707874015748031,-0.0921259842519685,0.31496062992126));
#8428=CARTESIAN_POINT('',(-0.707874015748031,-0.00787401574803138,0.31496062992126));
#8429=CARTESIAN_POINT('',(-0.707874015748031,-0.0118110236220472,0.31496062992126));
#8430=CARTESIAN_POINT('',(-0.792125984251968,-0.0921259842519685,0.31496062992126));
#8431=CARTESIAN_POINT('',(-0.361811023622047,-0.0921259842519686,0.31496062992126));
#8432=CARTESIAN_POINT('',(-0.792125984251968,-0.00787401574803136,0.31496062992126));
#8433=CARTESIAN_POINT('',(-0.792125984251968,-0.0381889763779528,0.31496062992126));
#8434=CARTESIAN_POINT('',(-0.388188976377953,-0.00787401574803144,0.31496062992126));
#8435=CARTESIAN_POINT('',(-0.507874015748031,-0.0921259842519685,0.31496062992126));
#8436=CARTESIAN_POINT('',(-0.507874015748031,-0.00787401574803137,0.31496062992126));
#8437=CARTESIAN_POINT('',(-0.507874015748031,-0.0118110236220472,0.31496062992126));
#8438=CARTESIAN_POINT('',(-0.592125984251968,-0.0921259842519685,0.31496062992126));
#8439=CARTESIAN_POINT('',(-0.261811023622047,-0.0921259842519686,0.31496062992126));
#8440=CARTESIAN_POINT('',(-0.592125984251968,-0.00787401574803136,0.31496062992126));
#8441=CARTESIAN_POINT('',(-0.592125984251968,-0.0381889763779528,0.31496062992126));
#8442=CARTESIAN_POINT('',(-0.288188976377953,-0.00787401574803142,0.31496062992126));
#8443=CARTESIAN_POINT('',(-0.307874015748031,-0.0921259842519685,0.31496062992126));
#8444=CARTESIAN_POINT('',(-0.307874015748031,-0.00787401574803137,0.31496062992126));
#8445=CARTESIAN_POINT('',(-0.307874015748031,-0.0118110236220472,0.31496062992126));
#8446=CARTESIAN_POINT('',(-0.392125984251968,-0.0921259842519685,0.31496062992126));
#8447=CARTESIAN_POINT('',(-0.161811023622047,-0.0921259842519686,0.31496062992126));
#8448=CARTESIAN_POINT('',(-0.392125984251968,-0.00787401574803136,0.31496062992126));
#8449=CARTESIAN_POINT('',(-0.392125984251968,-0.0381889763779528,0.31496062992126));
#8450=CARTESIAN_POINT('',(-0.188188976377953,-0.0078740157480314,0.31496062992126));
#8451=CARTESIAN_POINT('',(-0.107874015748032,-0.0921259842519685,0.31496062992126));
#8452=CARTESIAN_POINT('',(-0.107874015748032,-0.00787401574803137,0.31496062992126));
#8453=CARTESIAN_POINT('',(-0.107874015748032,-0.0118110236220472,0.31496062992126));
#8454=CARTESIAN_POINT('',(-0.192125984251968,-0.0921259842519685,0.31496062992126));
#8455=CARTESIAN_POINT('',(-0.0618110236220473,-0.0921259842519685,0.31496062992126));
#8456=CARTESIAN_POINT('',(-0.192125984251968,-0.00787401574803136,0.31496062992126));
#8457=CARTESIAN_POINT('',(-0.192125984251968,-0.0381889763779528,0.31496062992126));
#8458=CARTESIAN_POINT('',(-0.0881889763779527,-0.00787401574803138,0.31496062992126));
#8459=CARTESIAN_POINT('',(0.0921259842519685,-0.0921259842519685,0.31496062992126));
#8460=CARTESIAN_POINT('',(0.0921259842519685,-0.00787401574803137,0.31496062992126));
#8461=CARTESIAN_POINT('',(0.0921259842519685,-0.0118110236220472,0.31496062992126));
#8462=CARTESIAN_POINT('',(0.00787401574803169,-0.0921259842519685,0.31496062992126));
#8463=CARTESIAN_POINT('',(0.0381889763779527,-0.0921259842519685,0.31496062992126));
#8464=CARTESIAN_POINT('',(0.00787401574803169,-0.00787401574803136,0.31496062992126));
#8465=CARTESIAN_POINT('',(0.00787401574803169,-0.0381889763779528,0.31496062992126));
#8466=CARTESIAN_POINT('',(0.0118110236220473,-0.00787401574803136,0.31496062992126));
#8467=CARTESIAN_POINT('',(0.292125984251968,-0.0921259842519685,0.31496062992126));
#8468=CARTESIAN_POINT('',(0.292125984251968,-0.00787401574803137,0.31496062992126));
#8469=CARTESIAN_POINT('',(0.292125984251968,-0.0118110236220472,0.31496062992126));
#8470=CARTESIAN_POINT('',(0.207874015748032,-0.0921259842519685,0.31496062992126));
#8471=CARTESIAN_POINT('',(0.138188976377953,-0.0921259842519685,0.31496062992126));
#8472=CARTESIAN_POINT('',(0.207874015748032,-0.00787401574803136,0.31496062992126));
#8473=CARTESIAN_POINT('',(0.207874015748032,-0.0381889763779528,0.31496062992126));
#8474=CARTESIAN_POINT('',(0.111811023622047,-0.00787401574803134,0.31496062992126));
#8475=CARTESIAN_POINT('',(0.492125984251968,-0.0921259842519685,0.31496062992126));
#8476=CARTESIAN_POINT('',(0.492125984251968,-0.00787401574803137,0.31496062992126));
#8477=CARTESIAN_POINT('',(0.492125984251968,-0.0118110236220472,0.31496062992126));
#8478=CARTESIAN_POINT('',(0.407874015748032,-0.0921259842519685,0.31496062992126));
#8479=CARTESIAN_POINT('',(0.238188976377953,-0.0921259842519685,0.31496062992126));
#8480=CARTESIAN_POINT('',(0.407874015748032,-0.00787401574803136,0.31496062992126));
#8481=CARTESIAN_POINT('',(0.407874015748032,-0.0381889763779528,0.31496062992126));
#8482=CARTESIAN_POINT('',(0.211811023622047,-0.00787401574803132,0.31496062992126));
#8483=CARTESIAN_POINT('',(0.692125984251968,-0.0921259842519685,0.31496062992126));
#8484=CARTESIAN_POINT('',(0.692125984251968,-0.00787401574803137,0.31496062992126));
#8485=CARTESIAN_POINT('',(0.692125984251968,-0.0118110236220472,0.31496062992126));
#8486=CARTESIAN_POINT('',(0.607874015748032,-0.0921259842519685,0.31496062992126));
#8487=CARTESIAN_POINT('',(0.338188976377953,-0.0921259842519684,0.31496062992126));
#8488=CARTESIAN_POINT('',(0.607874015748032,-0.00787401574803136,0.31496062992126));
#8489=CARTESIAN_POINT('',(0.607874015748032,-0.0381889763779528,0.31496062992126));
#8490=CARTESIAN_POINT('',(0.311811023622047,-0.00787401574803129,0.31496062992126));
#8491=CARTESIAN_POINT('',(0.892125984251968,-0.0921259842519685,0.31496062992126));
#8492=CARTESIAN_POINT('',(0.892125984251968,-0.00787401574803137,0.31496062992126));
#8493=CARTESIAN_POINT('',(0.892125984251968,-0.0118110236220472,0.31496062992126));
#8494=CARTESIAN_POINT('',(0.807874015748031,-0.0921259842519685,0.31496062992126));
#8495=CARTESIAN_POINT('',(0.438188976377953,-0.0921259842519684,0.31496062992126));
#8496=CARTESIAN_POINT('',(0.807874015748031,-0.00787401574803136,0.31496062992126));
#8497=CARTESIAN_POINT('',(0.807874015748031,-0.0381889763779528,0.31496062992126));
#8498=CARTESIAN_POINT('',(0.411811023622047,-0.00787401574803128,0.31496062992126));
#8499=CARTESIAN_POINT('Origin',(1.03779527559055,-0.137795275590553,0.));
#8500=CARTESIAN_POINT('',(1.03779527559055,-0.137795275590553,0.));
#8501=CARTESIAN_POINT('Origin',(1.00787401574803,-0.107874015748032,0.31496062992126));
#8502=CARTESIAN_POINT('Origin',(-1.00787401574803,0.137795275590553,0.));
#8503=CARTESIAN_POINT('',(-1.00787401574803,0.137795275590553,0.));
#8504=CARTESIAN_POINT('Origin',(-1.00787401574803,0.107874015748032,0.31496062992126));
#8505=CARTESIAN_POINT('Origin',(0.984251968503937,-0.0118110236220472,0.307086614173228));
#8506=CARTESIAN_POINT('',(0.976377952755906,-0.0236220472440944,0.299212598425197));
#8507=CARTESIAN_POINT('',(0.992125984251969,-0.00787401574803137,0.31496062992126));
#8508=CARTESIAN_POINT('',(0.976377952755906,-0.0763779527559055,0.299212598425197));
#8509=CARTESIAN_POINT('',(0.976377952755906,-0.0118110236220472,0.299212598425197));
#8510=CARTESIAN_POINT('',(0.976377952755906,-0.0763779527559055,0.299212598425197));
#8511=CARTESIAN_POINT('Origin',(0.461811023622048,-0.0157480314960628,0.307086614173228));
#8512=CARTESIAN_POINT('',(0.923622047244095,-0.0236220472440944,0.299212598425197));
#8513=CARTESIAN_POINT('',(0.907874015748032,-0.00787401574803136,0.31496062992126));
#8514=CARTESIAN_POINT('',(0.461811023622048,-0.0236220472440943,0.299212598425197));
#8515=CARTESIAN_POINT('Origin',(0.915748031496063,-0.0381889763779528,0.307086614173228));
#8516=CARTESIAN_POINT('',(0.923622047244095,-0.0763779527559055,0.299212598425197));
#8517=CARTESIAN_POINT('',(0.923622047244095,-0.0381889763779528,0.299212598425197));
#8518=CARTESIAN_POINT('',(0.907874015748032,-0.0921259842519685,0.31496062992126));
#8519=CARTESIAN_POINT('Origin',(0.488188976377953,-0.0842519685039369,0.307086614173228));
#8520=CARTESIAN_POINT('',(0.488188976377953,-0.0763779527559054,0.299212598425197));
#8521=CARTESIAN_POINT('Origin',(0.976377952755906,-0.0763779527559055,0.31496062992126));
#8522=CARTESIAN_POINT('',(0.976377952755906,-0.0763779527559056,0.0393700787401575));
#8523=CARTESIAN_POINT('',(0.976377952755906,-0.0763779527559055,0.31496062992126));
#8524=CARTESIAN_POINT('',(0.923622047244095,-0.0763779527559055,0.0393700787401575));
#8525=CARTESIAN_POINT('',(0.976377952755906,-0.0763779527559056,0.0393700787401575));
#8526=CARTESIAN_POINT('',(0.923622047244095,-0.0763779527559055,0.31496062992126));
#8527=CARTESIAN_POINT('Origin',(0.976377952755906,-0.0236220472440944,0.31496062992126));
#8528=CARTESIAN_POINT('',(0.976377952755906,-0.0236220472440944,0.0393700787401575));
#8529=CARTESIAN_POINT('',(0.976377952755906,-0.0236220472440944,0.31496062992126));
#8530=CARTESIAN_POINT('',(0.976377952755906,-0.0236220472440944,0.0393700787401575));
#8531=CARTESIAN_POINT('Origin',(0.884251968503937,-0.0118110236220472,0.307086614173228));
#8532=CARTESIAN_POINT('',(0.876377952755905,-0.0236220472440944,0.299212598425197));
#8533=CARTESIAN_POINT('',(0.892125984251968,-0.00787401574803137,0.31496062992126));
#8534=CARTESIAN_POINT('',(0.876377952755905,-0.0763779527559055,0.299212598425197));
#8535=CARTESIAN_POINT('',(0.876377952755905,-0.0118110236220472,0.299212598425197));
#8536=CARTESIAN_POINT('',(0.876377952755905,-0.0763779527559055,0.299212598425197));
#8537=CARTESIAN_POINT('Origin',(0.411811023622047,-0.0157480314960628,0.307086614173228));
#8538=CARTESIAN_POINT('',(0.823622047244094,-0.0236220472440944,0.299212598425197));
#8539=CARTESIAN_POINT('',(0.807874015748031,-0.00787401574803136,0.31496062992126));
#8540=CARTESIAN_POINT('',(0.411811023622047,-0.0236220472440943,0.299212598425197));
#8541=CARTESIAN_POINT('Origin',(0.815748031496063,-0.0381889763779528,0.307086614173228));
#8542=CARTESIAN_POINT('',(0.823622047244094,-0.0763779527559055,0.299212598425197));
#8543=CARTESIAN_POINT('',(0.823622047244094,-0.0381889763779528,0.299212598425197));
#8544=CARTESIAN_POINT('',(0.807874015748031,-0.0921259842519685,0.31496062992126));
#8545=CARTESIAN_POINT('Origin',(0.438188976377953,-0.0842519685039369,0.307086614173228));
#8546=CARTESIAN_POINT('',(0.438188976377953,-0.0763779527559054,0.299212598425197));
#8547=CARTESIAN_POINT('Origin',(0.876377952755905,-0.0763779527559055,0.31496062992126));
#8548=CARTESIAN_POINT('',(0.876377952755905,-0.0763779527559056,0.0393700787401575));
#8549=CARTESIAN_POINT('',(0.876377952755905,-0.0763779527559055,0.31496062992126));
#8550=CARTESIAN_POINT('',(0.823622047244094,-0.0763779527559055,0.0393700787401575));
#8551=CARTESIAN_POINT('',(0.876377952755905,-0.0763779527559056,0.0393700787401575));
#8552=CARTESIAN_POINT('',(0.823622047244094,-0.0763779527559055,0.31496062992126));
#8553=CARTESIAN_POINT('Origin',(0.876377952755905,-0.0236220472440944,0.31496062992126));
#8554=CARTESIAN_POINT('',(0.876377952755905,-0.0236220472440944,0.0393700787401575));
#8555=CARTESIAN_POINT('',(0.876377952755905,-0.0236220472440944,0.31496062992126));
#8556=CARTESIAN_POINT('',(0.876377952755905,-0.0236220472440944,0.0393700787401575));
#8557=CARTESIAN_POINT('Origin',(0.784251968503937,-0.0118110236220472,0.307086614173228));
#8558=CARTESIAN_POINT('',(0.776377952755905,-0.0236220472440944,0.299212598425197));
#8559=CARTESIAN_POINT('',(0.792125984251968,-0.00787401574803137,0.31496062992126));
#8560=CARTESIAN_POINT('',(0.776377952755905,-0.0763779527559055,0.299212598425197));
#8561=CARTESIAN_POINT('',(0.776377952755905,-0.0118110236220472,0.299212598425197));
#8562=CARTESIAN_POINT('',(0.776377952755905,-0.0763779527559055,0.299212598425197));
#8563=CARTESIAN_POINT('Origin',(0.361811023622047,-0.0157480314960628,0.307086614173228));
#8564=CARTESIAN_POINT('',(0.723622047244095,-0.0236220472440944,0.299212598425197));
#8565=CARTESIAN_POINT('',(0.707874015748032,-0.00787401574803136,0.31496062992126));
#8566=CARTESIAN_POINT('',(0.361811023622047,-0.0236220472440943,0.299212598425197));
#8567=CARTESIAN_POINT('Origin',(0.715748031496063,-0.0381889763779528,0.307086614173228));
#8568=CARTESIAN_POINT('',(0.723622047244095,-0.0763779527559055,0.299212598425197));
#8569=CARTESIAN_POINT('',(0.723622047244095,-0.0381889763779528,0.299212598425197));
#8570=CARTESIAN_POINT('',(0.707874015748032,-0.0921259842519685,0.31496062992126));
#8571=CARTESIAN_POINT('Origin',(0.388188976377953,-0.0842519685039369,0.307086614173228));
#8572=CARTESIAN_POINT('',(0.388188976377953,-0.0763779527559054,0.299212598425197));
#8573=CARTESIAN_POINT('Origin',(0.776377952755905,-0.0763779527559055,0.31496062992126));
#8574=CARTESIAN_POINT('',(0.776377952755905,-0.0763779527559056,0.0393700787401575));
#8575=CARTESIAN_POINT('',(0.776377952755905,-0.0763779527559055,0.31496062992126));
#8576=CARTESIAN_POINT('',(0.723622047244095,-0.0763779527559055,0.0393700787401575));
#8577=CARTESIAN_POINT('',(0.776377952755905,-0.0763779527559056,0.0393700787401575));
#8578=CARTESIAN_POINT('',(0.723622047244095,-0.0763779527559055,0.31496062992126));
#8579=CARTESIAN_POINT('Origin',(0.776377952755905,-0.0236220472440944,0.31496062992126));
#8580=CARTESIAN_POINT('',(0.776377952755905,-0.0236220472440944,0.0393700787401575));
#8581=CARTESIAN_POINT('',(0.776377952755905,-0.0236220472440944,0.31496062992126));
#8582=CARTESIAN_POINT('',(0.776377952755905,-0.0236220472440944,0.0393700787401575));
#8583=CARTESIAN_POINT('Origin',(0.684251968503937,-0.0118110236220472,0.307086614173228));
#8584=CARTESIAN_POINT('',(0.676377952755905,-0.0236220472440944,0.299212598425197));
#8585=CARTESIAN_POINT('',(0.692125984251968,-0.00787401574803137,0.31496062992126));
#8586=CARTESIAN_POINT('',(0.676377952755905,-0.0763779527559055,0.299212598425197));
#8587=CARTESIAN_POINT('',(0.676377952755905,-0.0118110236220472,0.299212598425197));
#8588=CARTESIAN_POINT('',(0.676377952755905,-0.0763779527559055,0.299212598425197));
#8589=CARTESIAN_POINT('Origin',(0.311811023622047,-0.0157480314960628,0.307086614173228));
#8590=CARTESIAN_POINT('',(0.623622047244095,-0.0236220472440944,0.299212598425197));
#8591=CARTESIAN_POINT('',(0.607874015748032,-0.00787401574803136,0.31496062992126));
#8592=CARTESIAN_POINT('',(0.311811023622047,-0.0236220472440943,0.299212598425197));
#8593=CARTESIAN_POINT('Origin',(0.615748031496063,-0.0381889763779528,0.307086614173228));
#8594=CARTESIAN_POINT('',(0.623622047244095,-0.0763779527559055,0.299212598425197));
#8595=CARTESIAN_POINT('',(0.623622047244095,-0.0381889763779528,0.299212598425197));
#8596=CARTESIAN_POINT('',(0.607874015748032,-0.0921259842519685,0.31496062992126));
#8597=CARTESIAN_POINT('Origin',(0.338188976377953,-0.084251968503937,0.307086614173228));
#8598=CARTESIAN_POINT('',(0.338188976377953,-0.0763779527559055,0.299212598425197));
#8599=CARTESIAN_POINT('Origin',(0.676377952755905,-0.0763779527559055,0.31496062992126));
#8600=CARTESIAN_POINT('',(0.676377952755905,-0.0763779527559056,0.0393700787401575));
#8601=CARTESIAN_POINT('',(0.676377952755905,-0.0763779527559055,0.31496062992126));
#8602=CARTESIAN_POINT('',(0.623622047244095,-0.0763779527559055,0.0393700787401575));
#8603=CARTESIAN_POINT('',(0.676377952755905,-0.0763779527559056,0.0393700787401575));
#8604=CARTESIAN_POINT('',(0.623622047244095,-0.0763779527559055,0.31496062992126));
#8605=CARTESIAN_POINT('Origin',(0.676377952755905,-0.0236220472440944,0.31496062992126));
#8606=CARTESIAN_POINT('',(0.676377952755905,-0.0236220472440944,0.0393700787401575));
#8607=CARTESIAN_POINT('',(0.676377952755905,-0.0236220472440944,0.31496062992126));
#8608=CARTESIAN_POINT('',(0.676377952755905,-0.0236220472440944,0.0393700787401575));
#8609=CARTESIAN_POINT('Origin',(0.584251968503937,-0.0118110236220472,0.307086614173228));
#8610=CARTESIAN_POINT('',(0.576377952755905,-0.0236220472440944,0.299212598425197));
#8611=CARTESIAN_POINT('',(0.592125984251968,-0.00787401574803137,0.31496062992126));
#8612=CARTESIAN_POINT('',(0.576377952755905,-0.0763779527559055,0.299212598425197));
#8613=CARTESIAN_POINT('',(0.576377952755905,-0.0118110236220472,0.299212598425197));
#8614=CARTESIAN_POINT('',(0.576377952755905,-0.0763779527559055,0.299212598425197));
#8615=CARTESIAN_POINT('Origin',(0.261811023622047,-0.0157480314960628,0.307086614173228));
#8616=CARTESIAN_POINT('',(0.523622047244095,-0.0236220472440944,0.299212598425197));
#8617=CARTESIAN_POINT('',(0.507874015748032,-0.00787401574803136,0.31496062992126));
#8618=CARTESIAN_POINT('',(0.261811023622047,-0.0236220472440943,0.299212598425197));
#8619=CARTESIAN_POINT('Origin',(0.515748031496063,-0.0381889763779528,0.307086614173228));
#8620=CARTESIAN_POINT('',(0.523622047244095,-0.0763779527559055,0.299212598425197));
#8621=CARTESIAN_POINT('',(0.523622047244095,-0.0381889763779528,0.299212598425197));
#8622=CARTESIAN_POINT('',(0.507874015748032,-0.0921259842519685,0.31496062992126));
#8623=CARTESIAN_POINT('Origin',(0.288188976377953,-0.084251968503937,0.307086614173228));
#8624=CARTESIAN_POINT('',(0.288188976377953,-0.0763779527559055,0.299212598425197));
#8625=CARTESIAN_POINT('Origin',(0.576377952755905,-0.0763779527559055,0.31496062992126));
#8626=CARTESIAN_POINT('',(0.576377952755905,-0.0763779527559056,0.0393700787401575));
#8627=CARTESIAN_POINT('',(0.576377952755905,-0.0763779527559055,0.31496062992126));
#8628=CARTESIAN_POINT('',(0.523622047244095,-0.0763779527559055,0.0393700787401575));
#8629=CARTESIAN_POINT('',(0.576377952755905,-0.0763779527559056,0.0393700787401575));
#8630=CARTESIAN_POINT('',(0.523622047244095,-0.0763779527559055,0.31496062992126));
#8631=CARTESIAN_POINT('Origin',(0.576377952755905,-0.0236220472440944,0.31496062992126));
#8632=CARTESIAN_POINT('',(0.576377952755905,-0.0236220472440944,0.0393700787401575));
#8633=CARTESIAN_POINT('',(0.576377952755905,-0.0236220472440944,0.31496062992126));
#8634=CARTESIAN_POINT('',(0.576377952755905,-0.0236220472440944,0.0393700787401575));
#8635=CARTESIAN_POINT('Origin',(0.484251968503937,-0.0118110236220472,0.307086614173228));
#8636=CARTESIAN_POINT('',(0.476377952755905,-0.0236220472440944,0.299212598425197));
#8637=CARTESIAN_POINT('',(0.492125984251968,-0.00787401574803137,0.31496062992126));
#8638=CARTESIAN_POINT('',(0.476377952755905,-0.0763779527559055,0.299212598425197));
#8639=CARTESIAN_POINT('',(0.476377952755905,-0.0118110236220472,0.299212598425197));
#8640=CARTESIAN_POINT('',(0.476377952755905,-0.0763779527559055,0.299212598425197));
#8641=CARTESIAN_POINT('Origin',(0.211811023622047,-0.0157480314960628,0.307086614173228));
#8642=CARTESIAN_POINT('',(0.423622047244095,-0.0236220472440944,0.299212598425197));
#8643=CARTESIAN_POINT('',(0.407874015748032,-0.00787401574803136,0.31496062992126));
#8644=CARTESIAN_POINT('',(0.211811023622047,-0.0236220472440943,0.299212598425197));
#8645=CARTESIAN_POINT('Origin',(0.415748031496063,-0.0381889763779528,0.307086614173228));
#8646=CARTESIAN_POINT('',(0.423622047244095,-0.0763779527559055,0.299212598425197));
#8647=CARTESIAN_POINT('',(0.423622047244095,-0.0381889763779528,0.299212598425197));
#8648=CARTESIAN_POINT('',(0.407874015748032,-0.0921259842519685,0.31496062992126));
#8649=CARTESIAN_POINT('Origin',(0.238188976377953,-0.084251968503937,0.307086614173228));
#8650=CARTESIAN_POINT('',(0.238188976377953,-0.0763779527559055,0.299212598425197));
#8651=CARTESIAN_POINT('Origin',(0.476377952755905,-0.0763779527559055,0.31496062992126));
#8652=CARTESIAN_POINT('',(0.476377952755905,-0.0763779527559056,0.0393700787401575));
#8653=CARTESIAN_POINT('',(0.476377952755905,-0.0763779527559055,0.31496062992126));
#8654=CARTESIAN_POINT('',(0.423622047244095,-0.0763779527559055,0.0393700787401575));
#8655=CARTESIAN_POINT('',(0.476377952755905,-0.0763779527559056,0.0393700787401575));
#8656=CARTESIAN_POINT('',(0.423622047244095,-0.0763779527559055,0.31496062992126));
#8657=CARTESIAN_POINT('Origin',(0.476377952755905,-0.0236220472440944,0.31496062992126));
#8658=CARTESIAN_POINT('',(0.476377952755905,-0.0236220472440944,0.0393700787401575));
#8659=CARTESIAN_POINT('',(0.476377952755905,-0.0236220472440944,0.31496062992126));
#8660=CARTESIAN_POINT('',(0.476377952755905,-0.0236220472440944,0.0393700787401575));
#8661=CARTESIAN_POINT('Origin',(0.384251968503937,-0.0118110236220472,0.307086614173228));
#8662=CARTESIAN_POINT('',(0.376377952755905,-0.0236220472440944,0.299212598425197));
#8663=CARTESIAN_POINT('',(0.392125984251968,-0.00787401574803137,0.31496062992126));
#8664=CARTESIAN_POINT('',(0.376377952755905,-0.0763779527559055,0.299212598425197));
#8665=CARTESIAN_POINT('',(0.376377952755905,-0.0118110236220472,0.299212598425197));
#8666=CARTESIAN_POINT('',(0.376377952755905,-0.0763779527559055,0.299212598425197));
#8667=CARTESIAN_POINT('Origin',(0.161811023622047,-0.0157480314960628,0.307086614173228));
#8668=CARTESIAN_POINT('',(0.323622047244095,-0.0236220472440944,0.299212598425197));
#8669=CARTESIAN_POINT('',(0.307874015748032,-0.00787401574803136,0.31496062992126));
#8670=CARTESIAN_POINT('',(0.161811023622047,-0.0236220472440943,0.299212598425197));
#8671=CARTESIAN_POINT('Origin',(0.315748031496063,-0.0381889763779528,0.307086614173228));
#8672=CARTESIAN_POINT('',(0.323622047244095,-0.0763779527559055,0.299212598425197));
#8673=CARTESIAN_POINT('',(0.323622047244095,-0.0381889763779528,0.299212598425197));
#8674=CARTESIAN_POINT('',(0.307874015748032,-0.0921259842519685,0.31496062992126));
#8675=CARTESIAN_POINT('Origin',(0.188188976377953,-0.084251968503937,0.307086614173228));
#8676=CARTESIAN_POINT('',(0.188188976377953,-0.0763779527559055,0.299212598425197));
#8677=CARTESIAN_POINT('Origin',(0.376377952755905,-0.0763779527559055,0.31496062992126));
#8678=CARTESIAN_POINT('',(0.376377952755905,-0.0763779527559056,0.0393700787401575));
#8679=CARTESIAN_POINT('',(0.376377952755905,-0.0763779527559055,0.31496062992126));
#8680=CARTESIAN_POINT('',(0.323622047244095,-0.0763779527559055,0.0393700787401575));
#8681=CARTESIAN_POINT('',(0.376377952755905,-0.0763779527559056,0.0393700787401575));
#8682=CARTESIAN_POINT('',(0.323622047244095,-0.0763779527559055,0.31496062992126));
#8683=CARTESIAN_POINT('Origin',(0.376377952755905,-0.0236220472440944,0.31496062992126));
#8684=CARTESIAN_POINT('',(0.376377952755905,-0.0236220472440944,0.0393700787401575));
#8685=CARTESIAN_POINT('',(0.376377952755905,-0.0236220472440944,0.31496062992126));
#8686=CARTESIAN_POINT('',(0.376377952755905,-0.0236220472440944,0.0393700787401575));
#8687=CARTESIAN_POINT('Origin',(0.284251968503937,-0.0118110236220472,0.307086614173228));
#8688=CARTESIAN_POINT('',(0.276377952755905,-0.0236220472440944,0.299212598425197));
#8689=CARTESIAN_POINT('',(0.292125984251968,-0.00787401574803137,0.31496062992126));
#8690=CARTESIAN_POINT('',(0.276377952755905,-0.0763779527559055,0.299212598425197));
#8691=CARTESIAN_POINT('',(0.276377952755905,-0.0118110236220472,0.299212598425197));
#8692=CARTESIAN_POINT('',(0.276377952755905,-0.0763779527559055,0.299212598425197));
#8693=CARTESIAN_POINT('Origin',(0.111811023622047,-0.0157480314960628,0.307086614173228));
#8694=CARTESIAN_POINT('',(0.223622047244095,-0.0236220472440944,0.299212598425197));
#8695=CARTESIAN_POINT('',(0.207874015748032,-0.00787401574803136,0.31496062992126));
#8696=CARTESIAN_POINT('',(0.111811023622047,-0.0236220472440943,0.299212598425197));
#8697=CARTESIAN_POINT('Origin',(0.215748031496063,-0.0381889763779528,0.307086614173228));
#8698=CARTESIAN_POINT('',(0.223622047244095,-0.0763779527559055,0.299212598425197));
#8699=CARTESIAN_POINT('',(0.223622047244095,-0.0381889763779528,0.299212598425197));
#8700=CARTESIAN_POINT('',(0.207874015748032,-0.0921259842519685,0.31496062992126));
#8701=CARTESIAN_POINT('Origin',(0.138188976377953,-0.084251968503937,0.307086614173228));
#8702=CARTESIAN_POINT('',(0.138188976377953,-0.0763779527559055,0.299212598425197));
#8703=CARTESIAN_POINT('Origin',(0.276377952755905,-0.0763779527559055,0.31496062992126));
#8704=CARTESIAN_POINT('',(0.276377952755905,-0.0763779527559056,0.0393700787401575));
#8705=CARTESIAN_POINT('',(0.276377952755905,-0.0763779527559055,0.31496062992126));
#8706=CARTESIAN_POINT('',(0.223622047244095,-0.0763779527559055,0.0393700787401575));
#8707=CARTESIAN_POINT('',(0.276377952755905,-0.0763779527559056,0.0393700787401575));
#8708=CARTESIAN_POINT('',(0.223622047244095,-0.0763779527559055,0.31496062992126));
#8709=CARTESIAN_POINT('Origin',(0.276377952755905,-0.0236220472440944,0.31496062992126));
#8710=CARTESIAN_POINT('',(0.276377952755905,-0.0236220472440944,0.0393700787401575));
#8711=CARTESIAN_POINT('',(0.276377952755905,-0.0236220472440944,0.31496062992126));
#8712=CARTESIAN_POINT('',(0.276377952755905,-0.0236220472440944,0.0393700787401575));
#8713=CARTESIAN_POINT('Origin',(0.184251968503937,-0.0118110236220472,0.307086614173228));
#8714=CARTESIAN_POINT('',(0.176377952755905,-0.0236220472440944,0.299212598425197));
#8715=CARTESIAN_POINT('',(0.192125984251968,-0.00787401574803138,0.31496062992126));
#8716=CARTESIAN_POINT('',(0.176377952755905,-0.0763779527559055,0.299212598425197));
#8717=CARTESIAN_POINT('',(0.176377952755905,-0.0118110236220472,0.299212598425197));
#8718=CARTESIAN_POINT('',(0.176377952755905,-0.0763779527559055,0.299212598425197));
#8719=CARTESIAN_POINT('Origin',(0.0618110236220473,-0.0157480314960628,
0.307086614173228));
#8720=CARTESIAN_POINT('',(0.123622047244095,-0.0236220472440944,0.299212598425197));
#8721=CARTESIAN_POINT('',(0.107874015748032,-0.00787401574803136,0.31496062992126));
#8722=CARTESIAN_POINT('',(0.0618110236220473,-0.0236220472440943,0.299212598425197));
#8723=CARTESIAN_POINT('Origin',(0.115748031496063,-0.0381889763779528,0.307086614173228));
#8724=CARTESIAN_POINT('',(0.123622047244095,-0.0763779527559055,0.299212598425197));
#8725=CARTESIAN_POINT('',(0.123622047244095,-0.0381889763779528,0.299212598425197));
#8726=CARTESIAN_POINT('',(0.107874015748032,-0.0921259842519685,0.31496062992126));
#8727=CARTESIAN_POINT('Origin',(0.0881889763779527,-0.084251968503937,0.307086614173228));
#8728=CARTESIAN_POINT('',(0.0881889763779527,-0.0763779527559055,0.299212598425197));
#8729=CARTESIAN_POINT('Origin',(0.176377952755905,-0.0763779527559055,0.31496062992126));
#8730=CARTESIAN_POINT('',(0.176377952755905,-0.0763779527559056,0.0393700787401575));
#8731=CARTESIAN_POINT('',(0.176377952755905,-0.0763779527559055,0.31496062992126));
#8732=CARTESIAN_POINT('',(0.123622047244095,-0.0763779527559055,0.0393700787401575));
#8733=CARTESIAN_POINT('',(0.176377952755905,-0.0763779527559056,0.0393700787401575));
#8734=CARTESIAN_POINT('',(0.123622047244095,-0.0763779527559055,0.31496062992126));
#8735=CARTESIAN_POINT('Origin',(0.176377952755905,-0.0236220472440944,0.31496062992126));
#8736=CARTESIAN_POINT('',(0.176377952755905,-0.0236220472440944,0.0393700787401575));
#8737=CARTESIAN_POINT('',(0.176377952755905,-0.0236220472440944,0.31496062992126));
#8738=CARTESIAN_POINT('',(0.176377952755905,-0.0236220472440944,0.0393700787401575));
#8739=CARTESIAN_POINT('Origin',(0.084251968503937,-0.0118110236220472,0.307086614173228));
#8740=CARTESIAN_POINT('',(0.0763779527559055,-0.0236220472440944,0.299212598425197));
#8741=CARTESIAN_POINT('',(0.0921259842519685,-0.00787401574803137,0.31496062992126));
#8742=CARTESIAN_POINT('',(0.0763779527559055,-0.0763779527559055,0.299212598425197));
#8743=CARTESIAN_POINT('',(0.0763779527559055,-0.0118110236220472,0.299212598425197));
#8744=CARTESIAN_POINT('',(0.0763779527559055,-0.0763779527559055,0.299212598425197));
#8745=CARTESIAN_POINT('Origin',(0.0118110236220473,-0.0157480314960629,
0.307086614173228));
#8746=CARTESIAN_POINT('',(0.0236220472440947,-0.0236220472440944,0.299212598425197));
#8747=CARTESIAN_POINT('',(0.00787401574803169,-0.00787401574803136,0.31496062992126));
#8748=CARTESIAN_POINT('',(0.0118110236220473,-0.0236220472440944,0.299212598425197));
#8749=CARTESIAN_POINT('Origin',(0.0157480314960632,-0.0381889763779528,
0.307086614173228));
#8750=CARTESIAN_POINT('',(0.0236220472440947,-0.0763779527559055,0.299212598425197));
#8751=CARTESIAN_POINT('',(0.0236220472440947,-0.0381889763779528,0.299212598425197));
#8752=CARTESIAN_POINT('',(0.00787401574803169,-0.0921259842519685,0.31496062992126));
#8753=CARTESIAN_POINT('Origin',(0.0381889763779527,-0.084251968503937,0.307086614173228));
#8754=CARTESIAN_POINT('',(0.0381889763779527,-0.0763779527559055,0.299212598425197));
#8755=CARTESIAN_POINT('Origin',(0.0763779527559055,-0.0763779527559055,
0.31496062992126));
#8756=CARTESIAN_POINT('',(0.0763779527559055,-0.0763779527559056,0.0393700787401575));
#8757=CARTESIAN_POINT('',(0.0763779527559055,-0.0763779527559055,0.31496062992126));
#8758=CARTESIAN_POINT('',(0.0236220472440947,-0.0763779527559055,0.0393700787401575));
#8759=CARTESIAN_POINT('',(0.0763779527559055,-0.0763779527559056,0.0393700787401575));
#8760=CARTESIAN_POINT('',(0.0236220472440947,-0.0763779527559055,0.31496062992126));
#8761=CARTESIAN_POINT('Origin',(0.0763779527559055,-0.0236220472440944,
0.31496062992126));
#8762=CARTESIAN_POINT('',(0.0763779527559055,-0.0236220472440944,0.0393700787401575));
#8763=CARTESIAN_POINT('',(0.0763779527559055,-0.0236220472440944,0.31496062992126));
#8764=CARTESIAN_POINT('',(0.0763779527559055,-0.0236220472440944,0.0393700787401575));
#8765=CARTESIAN_POINT('Origin',(-0.015748031496063,-0.0118110236220472,
0.307086614173228));
#8766=CARTESIAN_POINT('',(-0.0236220472440945,-0.0236220472440944,0.299212598425197));
#8767=CARTESIAN_POINT('',(-0.00787401574803151,-0.00787401574803137,0.31496062992126));
#8768=CARTESIAN_POINT('',(-0.0236220472440945,-0.0763779527559055,0.299212598425197));
#8769=CARTESIAN_POINT('',(-0.0236220472440945,-0.0118110236220472,0.299212598425197));
#8770=CARTESIAN_POINT('',(-0.0236220472440945,-0.0763779527559055,0.299212598425197));
#8771=CARTESIAN_POINT('Origin',(-0.0381889763779527,-0.0157480314960629,
0.307086614173228));
#8772=CARTESIAN_POINT('',(-0.0763779527559053,-0.0236220472440944,0.299212598425197));
#8773=CARTESIAN_POINT('',(-0.0921259842519683,-0.00787401574803136,0.31496062992126));
#8774=CARTESIAN_POINT('',(-0.0381889763779527,-0.0236220472440944,0.299212598425197));
#8775=CARTESIAN_POINT('Origin',(-0.0842519685039368,-0.0381889763779528,
0.307086614173228));
#8776=CARTESIAN_POINT('',(-0.0763779527559053,-0.0763779527559055,0.299212598425197));
#8777=CARTESIAN_POINT('',(-0.0763779527559053,-0.0381889763779528,0.299212598425197));
#8778=CARTESIAN_POINT('',(-0.0921259842519683,-0.0921259842519685,0.31496062992126));
#8779=CARTESIAN_POINT('Origin',(-0.0118110236220473,-0.084251968503937,
0.307086614173228));
#8780=CARTESIAN_POINT('',(-0.0118110236220473,-0.0763779527559055,0.299212598425197));
#8781=CARTESIAN_POINT('Origin',(-0.0236220472440945,-0.0763779527559055,
0.31496062992126));
#8782=CARTESIAN_POINT('',(-0.0236220472440945,-0.0763779527559056,0.0393700787401575));
#8783=CARTESIAN_POINT('',(-0.0236220472440945,-0.0763779527559055,0.31496062992126));
#8784=CARTESIAN_POINT('',(-0.0763779527559053,-0.0763779527559055,0.0393700787401575));
#8785=CARTESIAN_POINT('',(-0.0236220472440945,-0.0763779527559056,0.0393700787401575));
#8786=CARTESIAN_POINT('',(-0.0763779527559053,-0.0763779527559055,0.31496062992126));
#8787=CARTESIAN_POINT('Origin',(-0.0236220472440945,-0.0236220472440944,
0.31496062992126));
#8788=CARTESIAN_POINT('',(-0.0236220472440945,-0.0236220472440944,0.0393700787401575));
#8789=CARTESIAN_POINT('',(-0.0236220472440945,-0.0236220472440944,0.31496062992126));
#8790=CARTESIAN_POINT('',(-0.0236220472440945,-0.0236220472440944,0.0393700787401575));
#8791=CARTESIAN_POINT('Origin',(-0.115748031496063,-0.0118110236220472,
0.307086614173228));
#8792=CARTESIAN_POINT('',(-0.123622047244094,-0.0236220472440944,0.299212598425197));
#8793=CARTESIAN_POINT('',(-0.107874015748032,-0.00787401574803137,0.31496062992126));
#8794=CARTESIAN_POINT('',(-0.123622047244094,-0.0763779527559055,0.299212598425197));
#8795=CARTESIAN_POINT('',(-0.123622047244094,-0.0118110236220472,0.299212598425197));
#8796=CARTESIAN_POINT('',(-0.123622047244094,-0.0763779527559055,0.299212598425197));
#8797=CARTESIAN_POINT('Origin',(-0.0881889763779527,-0.0157480314960629,
0.307086614173228));
#8798=CARTESIAN_POINT('',(-0.176377952755905,-0.0236220472440944,0.299212598425197));
#8799=CARTESIAN_POINT('',(-0.192125984251968,-0.00787401574803136,0.31496062992126));
#8800=CARTESIAN_POINT('',(-0.0881889763779527,-0.0236220472440944,0.299212598425197));
#8801=CARTESIAN_POINT('Origin',(-0.184251968503937,-0.0381889763779528,
0.307086614173228));
#8802=CARTESIAN_POINT('',(-0.176377952755905,-0.0763779527559055,0.299212598425197));
#8803=CARTESIAN_POINT('',(-0.176377952755905,-0.0381889763779528,0.299212598425197));
#8804=CARTESIAN_POINT('',(-0.192125984251968,-0.0921259842519685,0.31496062992126));
#8805=CARTESIAN_POINT('Origin',(-0.0618110236220473,-0.084251968503937,
0.307086614173228));
#8806=CARTESIAN_POINT('',(-0.0618110236220473,-0.0763779527559055,0.299212598425197));
#8807=CARTESIAN_POINT('Origin',(-0.123622047244094,-0.0763779527559055,
0.31496062992126));
#8808=CARTESIAN_POINT('',(-0.123622047244094,-0.0763779527559056,0.0393700787401575));
#8809=CARTESIAN_POINT('',(-0.123622047244094,-0.0763779527559055,0.31496062992126));
#8810=CARTESIAN_POINT('',(-0.176377952755905,-0.0763779527559055,0.0393700787401575));
#8811=CARTESIAN_POINT('',(-0.123622047244094,-0.0763779527559056,0.0393700787401575));
#8812=CARTESIAN_POINT('',(-0.176377952755905,-0.0763779527559055,0.31496062992126));
#8813=CARTESIAN_POINT('Origin',(-0.123622047244094,-0.0236220472440944,
0.31496062992126));
#8814=CARTESIAN_POINT('',(-0.123622047244094,-0.0236220472440944,0.0393700787401575));
#8815=CARTESIAN_POINT('',(-0.123622047244094,-0.0236220472440944,0.31496062992126));
#8816=CARTESIAN_POINT('',(-0.123622047244094,-0.0236220472440944,0.0393700787401575));
#8817=CARTESIAN_POINT('Origin',(-0.215748031496063,-0.0118110236220472,
0.307086614173228));
#8818=CARTESIAN_POINT('',(-0.223622047244094,-0.0236220472440944,0.299212598425197));
#8819=CARTESIAN_POINT('',(-0.207874015748031,-0.00787401574803137,0.31496062992126));
#8820=CARTESIAN_POINT('',(-0.223622047244094,-0.0763779527559055,0.299212598425197));
#8821=CARTESIAN_POINT('',(-0.223622047244094,-0.0118110236220472,0.299212598425197));
#8822=CARTESIAN_POINT('',(-0.223622047244094,-0.0763779527559055,0.299212598425197));
#8823=CARTESIAN_POINT('Origin',(-0.138188976377953,-0.0157480314960629,
0.307086614173228));
#8824=CARTESIAN_POINT('',(-0.276377952755905,-0.0236220472440944,0.299212598425197));
#8825=CARTESIAN_POINT('',(-0.292125984251968,-0.00787401574803136,0.31496062992126));
#8826=CARTESIAN_POINT('',(-0.138188976377953,-0.0236220472440944,0.299212598425197));
#8827=CARTESIAN_POINT('Origin',(-0.284251968503937,-0.0381889763779528,
0.307086614173228));
#8828=CARTESIAN_POINT('',(-0.276377952755905,-0.0763779527559055,0.299212598425197));
#8829=CARTESIAN_POINT('',(-0.276377952755905,-0.0381889763779528,0.299212598425197));
#8830=CARTESIAN_POINT('',(-0.292125984251968,-0.0921259842519685,0.31496062992126));
#8831=CARTESIAN_POINT('Origin',(-0.111811023622047,-0.084251968503937,0.307086614173228));
#8832=CARTESIAN_POINT('',(-0.111811023622047,-0.0763779527559055,0.299212598425197));
#8833=CARTESIAN_POINT('Origin',(-0.223622047244094,-0.0763779527559055,
0.31496062992126));
#8834=CARTESIAN_POINT('',(-0.223622047244094,-0.0763779527559056,0.0393700787401575));
#8835=CARTESIAN_POINT('',(-0.223622047244094,-0.0763779527559055,0.31496062992126));
#8836=CARTESIAN_POINT('',(-0.276377952755905,-0.0763779527559055,0.0393700787401575));
#8837=CARTESIAN_POINT('',(-0.223622047244094,-0.0763779527559056,0.0393700787401575));
#8838=CARTESIAN_POINT('',(-0.276377952755905,-0.0763779527559055,0.31496062992126));
#8839=CARTESIAN_POINT('Origin',(-0.223622047244094,-0.0236220472440944,
0.31496062992126));
#8840=CARTESIAN_POINT('',(-0.223622047244094,-0.0236220472440944,0.0393700787401575));
#8841=CARTESIAN_POINT('',(-0.223622047244094,-0.0236220472440944,0.31496062992126));
#8842=CARTESIAN_POINT('',(-0.223622047244094,-0.0236220472440944,0.0393700787401575));
#8843=CARTESIAN_POINT('Origin',(-0.315748031496063,-0.0118110236220472,
0.307086614173228));
#8844=CARTESIAN_POINT('',(-0.323622047244094,-0.0236220472440944,0.299212598425197));
#8845=CARTESIAN_POINT('',(-0.307874015748031,-0.00787401574803137,0.31496062992126));
#8846=CARTESIAN_POINT('',(-0.323622047244094,-0.0763779527559055,0.299212598425197));
#8847=CARTESIAN_POINT('',(-0.323622047244094,-0.0118110236220472,0.299212598425197));
#8848=CARTESIAN_POINT('',(-0.323622047244094,-0.0763779527559055,0.299212598425197));
#8849=CARTESIAN_POINT('Origin',(-0.188188976377953,-0.0157480314960629,
0.307086614173228));
#8850=CARTESIAN_POINT('',(-0.376377952755905,-0.0236220472440944,0.299212598425197));
#8851=CARTESIAN_POINT('',(-0.392125984251968,-0.00787401574803136,0.31496062992126));
#8852=CARTESIAN_POINT('',(-0.188188976377953,-0.0236220472440944,0.299212598425197));
#8853=CARTESIAN_POINT('Origin',(-0.384251968503937,-0.0381889763779528,
0.307086614173228));
#8854=CARTESIAN_POINT('',(-0.376377952755905,-0.0763779527559055,0.299212598425197));
#8855=CARTESIAN_POINT('',(-0.376377952755905,-0.0381889763779528,0.299212598425197));
#8856=CARTESIAN_POINT('',(-0.392125984251968,-0.0921259842519685,0.31496062992126));
#8857=CARTESIAN_POINT('Origin',(-0.161811023622047,-0.0842519685039371,
0.307086614173228));
#8858=CARTESIAN_POINT('',(-0.161811023622047,-0.0763779527559056,0.299212598425197));
#8859=CARTESIAN_POINT('Origin',(-0.323622047244094,-0.0763779527559055,
0.31496062992126));
#8860=CARTESIAN_POINT('',(-0.323622047244094,-0.0763779527559056,0.0393700787401575));
#8861=CARTESIAN_POINT('',(-0.323622047244094,-0.0763779527559055,0.31496062992126));
#8862=CARTESIAN_POINT('',(-0.376377952755905,-0.0763779527559055,0.0393700787401575));
#8863=CARTESIAN_POINT('',(-0.323622047244094,-0.0763779527559056,0.0393700787401575));
#8864=CARTESIAN_POINT('',(-0.376377952755905,-0.0763779527559055,0.31496062992126));
#8865=CARTESIAN_POINT('Origin',(-0.323622047244094,-0.0236220472440944,
0.31496062992126));
#8866=CARTESIAN_POINT('',(-0.323622047244094,-0.0236220472440944,0.0393700787401575));
#8867=CARTESIAN_POINT('',(-0.323622047244094,-0.0236220472440944,0.31496062992126));
#8868=CARTESIAN_POINT('',(-0.323622047244094,-0.0236220472440944,0.0393700787401575));
#8869=CARTESIAN_POINT('Origin',(-0.415748031496063,-0.0118110236220472,
0.307086614173228));
#8870=CARTESIAN_POINT('',(-0.423622047244094,-0.0236220472440944,0.299212598425197));
#8871=CARTESIAN_POINT('',(-0.407874015748031,-0.00787401574803137,0.31496062992126));
#8872=CARTESIAN_POINT('',(-0.423622047244094,-0.0763779527559055,0.299212598425197));
#8873=CARTESIAN_POINT('',(-0.423622047244094,-0.0118110236220472,0.299212598425197));
#8874=CARTESIAN_POINT('',(-0.423622047244094,-0.0763779527559055,0.299212598425197));
#8875=CARTESIAN_POINT('Origin',(-0.238188976377953,-0.0157480314960629,
0.307086614173228));
#8876=CARTESIAN_POINT('',(-0.476377952755905,-0.0236220472440944,0.299212598425197));
#8877=CARTESIAN_POINT('',(-0.492125984251968,-0.00787401574803136,0.31496062992126));
#8878=CARTESIAN_POINT('',(-0.238188976377953,-0.0236220472440944,0.299212598425197));
#8879=CARTESIAN_POINT('Origin',(-0.484251968503937,-0.0381889763779528,
0.307086614173228));
#8880=CARTESIAN_POINT('',(-0.476377952755905,-0.0763779527559055,0.299212598425197));
#8881=CARTESIAN_POINT('',(-0.476377952755905,-0.0381889763779528,0.299212598425197));
#8882=CARTESIAN_POINT('',(-0.492125984251968,-0.0921259842519685,0.31496062992126));
#8883=CARTESIAN_POINT('Origin',(-0.211811023622047,-0.0842519685039371,
0.307086614173228));
#8884=CARTESIAN_POINT('',(-0.211811023622047,-0.0763779527559056,0.299212598425197));
#8885=CARTESIAN_POINT('Origin',(-0.423622047244094,-0.0763779527559055,
0.31496062992126));
#8886=CARTESIAN_POINT('',(-0.423622047244094,-0.0763779527559056,0.0393700787401575));
#8887=CARTESIAN_POINT('',(-0.423622047244094,-0.0763779527559055,0.31496062992126));
#8888=CARTESIAN_POINT('',(-0.476377952755905,-0.0763779527559055,0.0393700787401575));
#8889=CARTESIAN_POINT('',(-0.423622047244094,-0.0763779527559056,0.0393700787401575));
#8890=CARTESIAN_POINT('',(-0.476377952755905,-0.0763779527559055,0.31496062992126));
#8891=CARTESIAN_POINT('Origin',(-0.423622047244094,-0.0236220472440944,
0.31496062992126));
#8892=CARTESIAN_POINT('',(-0.423622047244094,-0.0236220472440944,0.0393700787401575));
#8893=CARTESIAN_POINT('',(-0.423622047244094,-0.0236220472440944,0.31496062992126));
#8894=CARTESIAN_POINT('',(-0.423622047244094,-0.0236220472440944,0.0393700787401575));
#8895=CARTESIAN_POINT('Origin',(-0.515748031496063,-0.0118110236220472,
0.307086614173228));
#8896=CARTESIAN_POINT('',(-0.523622047244094,-0.0236220472440944,0.299212598425197));
#8897=CARTESIAN_POINT('',(-0.507874015748031,-0.00787401574803137,0.31496062992126));
#8898=CARTESIAN_POINT('',(-0.523622047244094,-0.0763779527559055,0.299212598425197));
#8899=CARTESIAN_POINT('',(-0.523622047244094,-0.0118110236220472,0.299212598425197));
#8900=CARTESIAN_POINT('',(-0.523622047244094,-0.0763779527559055,0.299212598425197));
#8901=CARTESIAN_POINT('Origin',(-0.288188976377953,-0.0157480314960629,
0.307086614173228));
#8902=CARTESIAN_POINT('',(-0.576377952755905,-0.0236220472440944,0.299212598425197));
#8903=CARTESIAN_POINT('',(-0.592125984251968,-0.00787401574803136,0.31496062992126));
#8904=CARTESIAN_POINT('',(-0.288188976377953,-0.0236220472440944,0.299212598425197));
#8905=CARTESIAN_POINT('Origin',(-0.584251968503937,-0.0381889763779528,
0.307086614173228));
#8906=CARTESIAN_POINT('',(-0.576377952755905,-0.0763779527559055,0.299212598425197));
#8907=CARTESIAN_POINT('',(-0.576377952755905,-0.0381889763779528,0.299212598425197));
#8908=CARTESIAN_POINT('',(-0.592125984251968,-0.0921259842519685,0.31496062992126));
#8909=CARTESIAN_POINT('Origin',(-0.261811023622047,-0.0842519685039371,
0.307086614173228));
#8910=CARTESIAN_POINT('',(-0.261811023622047,-0.0763779527559056,0.299212598425197));
#8911=CARTESIAN_POINT('Origin',(-0.523622047244094,-0.0763779527559055,
0.31496062992126));
#8912=CARTESIAN_POINT('',(-0.523622047244094,-0.0763779527559056,0.0393700787401575));
#8913=CARTESIAN_POINT('',(-0.523622047244094,-0.0763779527559055,0.31496062992126));
#8914=CARTESIAN_POINT('',(-0.576377952755905,-0.0763779527559055,0.0393700787401575));
#8915=CARTESIAN_POINT('',(-0.523622047244094,-0.0763779527559056,0.0393700787401575));
#8916=CARTESIAN_POINT('',(-0.576377952755905,-0.0763779527559055,0.31496062992126));
#8917=CARTESIAN_POINT('Origin',(-0.523622047244094,-0.0236220472440944,
0.31496062992126));
#8918=CARTESIAN_POINT('',(-0.523622047244094,-0.0236220472440944,0.0393700787401575));
#8919=CARTESIAN_POINT('',(-0.523622047244094,-0.0236220472440944,0.31496062992126));
#8920=CARTESIAN_POINT('',(-0.523622047244094,-0.0236220472440944,0.0393700787401575));
#8921=CARTESIAN_POINT('Origin',(-0.615748031496063,-0.0118110236220472,
0.307086614173228));
#8922=CARTESIAN_POINT('',(-0.623622047244094,-0.0236220472440944,0.299212598425197));
#8923=CARTESIAN_POINT('',(-0.607874015748031,-0.00787401574803137,0.31496062992126));
#8924=CARTESIAN_POINT('',(-0.623622047244094,-0.0763779527559055,0.299212598425197));
#8925=CARTESIAN_POINT('',(-0.623622047244094,-0.0118110236220472,0.299212598425197));
#8926=CARTESIAN_POINT('',(-0.623622047244094,-0.0763779527559055,0.299212598425197));
#8927=CARTESIAN_POINT('Origin',(-0.338188976377953,-0.0157480314960629,
0.307086614173228));
#8928=CARTESIAN_POINT('',(-0.676377952755905,-0.0236220472440944,0.299212598425197));
#8929=CARTESIAN_POINT('',(-0.692125984251968,-0.00787401574803136,0.31496062992126));
#8930=CARTESIAN_POINT('',(-0.338188976377953,-0.0236220472440944,0.299212598425197));
#8931=CARTESIAN_POINT('Origin',(-0.684251968503937,-0.0381889763779528,
0.307086614173228));
#8932=CARTESIAN_POINT('',(-0.676377952755905,-0.0763779527559055,0.299212598425197));
#8933=CARTESIAN_POINT('',(-0.676377952755905,-0.0381889763779528,0.299212598425197));
#8934=CARTESIAN_POINT('',(-0.692125984251968,-0.0921259842519685,0.31496062992126));
#8935=CARTESIAN_POINT('Origin',(-0.311811023622047,-0.0842519685039371,
0.307086614173228));
#8936=CARTESIAN_POINT('',(-0.311811023622047,-0.0763779527559056,0.299212598425197));
#8937=CARTESIAN_POINT('Origin',(-0.623622047244094,-0.0763779527559055,
0.31496062992126));
#8938=CARTESIAN_POINT('',(-0.623622047244094,-0.0763779527559056,0.0393700787401575));
#8939=CARTESIAN_POINT('',(-0.623622047244094,-0.0763779527559055,0.31496062992126));
#8940=CARTESIAN_POINT('',(-0.676377952755905,-0.0763779527559055,0.0393700787401575));
#8941=CARTESIAN_POINT('',(-0.623622047244094,-0.0763779527559056,0.0393700787401575));
#8942=CARTESIAN_POINT('',(-0.676377952755905,-0.0763779527559055,0.31496062992126));
#8943=CARTESIAN_POINT('Origin',(-0.623622047244094,-0.0236220472440944,
0.31496062992126));
#8944=CARTESIAN_POINT('',(-0.623622047244094,-0.0236220472440944,0.0393700787401575));
#8945=CARTESIAN_POINT('',(-0.623622047244094,-0.0236220472440944,0.31496062992126));
#8946=CARTESIAN_POINT('',(-0.623622047244094,-0.0236220472440944,0.0393700787401575));
#8947=CARTESIAN_POINT('Origin',(-0.715748031496063,-0.0118110236220472,
0.307086614173228));
#8948=CARTESIAN_POINT('',(-0.723622047244095,-0.0236220472440944,0.299212598425197));
#8949=CARTESIAN_POINT('',(-0.707874015748031,-0.00787401574803138,0.31496062992126));
#8950=CARTESIAN_POINT('',(-0.723622047244095,-0.0763779527559055,0.299212598425197));
#8951=CARTESIAN_POINT('',(-0.723622047244095,-0.0118110236220472,0.299212598425197));
#8952=CARTESIAN_POINT('',(-0.723622047244095,-0.0763779527559055,0.299212598425197));
#8953=CARTESIAN_POINT('Origin',(-0.388188976377953,-0.0157480314960629,
0.307086614173228));
#8954=CARTESIAN_POINT('',(-0.776377952755905,-0.0236220472440944,0.299212598425197));
#8955=CARTESIAN_POINT('',(-0.792125984251968,-0.00787401574803136,0.31496062992126));
#8956=CARTESIAN_POINT('',(-0.388188976377953,-0.0236220472440944,0.299212598425197));
#8957=CARTESIAN_POINT('Origin',(-0.784251968503937,-0.0381889763779528,
0.307086614173228));
#8958=CARTESIAN_POINT('',(-0.776377952755905,-0.0763779527559055,0.299212598425197));
#8959=CARTESIAN_POINT('',(-0.776377952755905,-0.0381889763779528,0.299212598425197));
#8960=CARTESIAN_POINT('',(-0.792125984251968,-0.0921259842519685,0.31496062992126));
#8961=CARTESIAN_POINT('Origin',(-0.361811023622047,-0.0842519685039371,
0.307086614173228));
#8962=CARTESIAN_POINT('',(-0.361811023622047,-0.0763779527559056,0.299212598425197));
#8963=CARTESIAN_POINT('Origin',(-0.723622047244095,-0.0763779527559055,
0.31496062992126));
#8964=CARTESIAN_POINT('',(-0.723622047244095,-0.0763779527559056,0.0393700787401575));
#8965=CARTESIAN_POINT('',(-0.723622047244095,-0.0763779527559055,0.31496062992126));
#8966=CARTESIAN_POINT('',(-0.776377952755905,-0.0763779527559055,0.0393700787401575));
#8967=CARTESIAN_POINT('',(-0.723622047244095,-0.0763779527559056,0.0393700787401575));
#8968=CARTESIAN_POINT('',(-0.776377952755905,-0.0763779527559055,0.31496062992126));
#8969=CARTESIAN_POINT('Origin',(-0.723622047244095,-0.0236220472440944,
0.31496062992126));
#8970=CARTESIAN_POINT('',(-0.723622047244095,-0.0236220472440944,0.0393700787401575));
#8971=CARTESIAN_POINT('',(-0.723622047244095,-0.0236220472440944,0.31496062992126));
#8972=CARTESIAN_POINT('',(-0.723622047244095,-0.0236220472440944,0.0393700787401575));
#8973=CARTESIAN_POINT('Origin',(-0.815748031496063,-0.0118110236220472,
0.307086614173228));
#8974=CARTESIAN_POINT('',(-0.823622047244094,-0.0236220472440944,0.299212598425197));
#8975=CARTESIAN_POINT('',(-0.807874015748031,-0.00787401574803137,0.31496062992126));
#8976=CARTESIAN_POINT('',(-0.823622047244094,-0.0763779527559055,0.299212598425197));
#8977=CARTESIAN_POINT('',(-0.823622047244094,-0.0118110236220472,0.299212598425197));
#8978=CARTESIAN_POINT('',(-0.823622047244094,-0.0763779527559055,0.299212598425197));
#8979=CARTESIAN_POINT('Origin',(-0.438188976377953,-0.0157480314960629,
0.307086614173228));
#8980=CARTESIAN_POINT('',(-0.876377952755905,-0.0236220472440944,0.299212598425197));
#8981=CARTESIAN_POINT('',(-0.892125984251968,-0.00787401574803136,0.31496062992126));
#8982=CARTESIAN_POINT('',(-0.438188976377953,-0.0236220472440944,0.299212598425197));
#8983=CARTESIAN_POINT('Origin',(-0.884251968503937,-0.0381889763779528,
0.307086614173228));
#8984=CARTESIAN_POINT('',(-0.876377952755905,-0.0763779527559055,0.299212598425197));
#8985=CARTESIAN_POINT('',(-0.876377952755905,-0.0381889763779528,0.299212598425197));
#8986=CARTESIAN_POINT('',(-0.892125984251968,-0.0921259842519685,0.31496062992126));
#8987=CARTESIAN_POINT('Origin',(-0.411811023622047,-0.0842519685039371,
0.307086614173228));
#8988=CARTESIAN_POINT('',(-0.411811023622047,-0.0763779527559056,0.299212598425197));
#8989=CARTESIAN_POINT('Origin',(-0.823622047244094,-0.0763779527559055,
0.31496062992126));
#8990=CARTESIAN_POINT('',(-0.823622047244094,-0.0763779527559056,0.0393700787401575));
#8991=CARTESIAN_POINT('',(-0.823622047244094,-0.0763779527559055,0.31496062992126));
#8992=CARTESIAN_POINT('',(-0.876377952755905,-0.0763779527559055,0.0393700787401575));
#8993=CARTESIAN_POINT('',(-0.823622047244094,-0.0763779527559056,0.0393700787401575));
#8994=CARTESIAN_POINT('',(-0.876377952755905,-0.0763779527559055,0.31496062992126));
#8995=CARTESIAN_POINT('Origin',(-0.823622047244094,-0.0236220472440944,
0.31496062992126));
#8996=CARTESIAN_POINT('',(-0.823622047244094,-0.0236220472440944,0.0393700787401575));
#8997=CARTESIAN_POINT('',(-0.823622047244094,-0.0236220472440944,0.31496062992126));
#8998=CARTESIAN_POINT('',(-0.823622047244094,-0.0236220472440944,0.0393700787401575));
#8999=CARTESIAN_POINT('Origin',(-0.915748031496063,-0.0118110236220472,
0.307086614173228));
#9000=CARTESIAN_POINT('',(-0.923622047244094,-0.0236220472440944,0.299212598425197));
#9001=CARTESIAN_POINT('',(-0.907874015748031,-0.00787401574803137,0.31496062992126));
#9002=CARTESIAN_POINT('',(-0.923622047244094,-0.0763779527559055,0.299212598425197));
#9003=CARTESIAN_POINT('',(-0.923622047244094,-0.0118110236220472,0.299212598425197));
#9004=CARTESIAN_POINT('',(-0.923622047244094,-0.0763779527559055,0.299212598425197));
#9005=CARTESIAN_POINT('Origin',(-0.488188976377953,-0.015748031496063,0.307086614173228));
#9006=CARTESIAN_POINT('',(-0.976377952755905,-0.0236220472440944,0.299212598425197));
#9007=CARTESIAN_POINT('',(-0.992125984251968,-0.00787401574803136,0.31496062992126));
#9008=CARTESIAN_POINT('',(-0.488188976377953,-0.0236220472440945,0.299212598425197));
#9009=CARTESIAN_POINT('Origin',(-0.984251968503937,-0.0381889763779528,
0.307086614173228));
#9010=CARTESIAN_POINT('',(-0.976377952755905,-0.0763779527559055,0.299212598425197));
#9011=CARTESIAN_POINT('',(-0.976377952755905,-0.0381889763779528,0.299212598425197));
#9012=CARTESIAN_POINT('',(-0.992125984251968,-0.0921259842519685,0.31496062992126));
#9013=CARTESIAN_POINT('Origin',(-0.461811023622047,-0.0842519685039371,
0.307086614173228));
#9014=CARTESIAN_POINT('',(-0.461811023622047,-0.0763779527559056,0.299212598425197));
#9015=CARTESIAN_POINT('Origin',(-0.923622047244094,-0.0763779527559055,
0.31496062992126));
#9016=CARTESIAN_POINT('',(-0.923622047244094,-0.0763779527559056,0.0393700787401575));
#9017=CARTESIAN_POINT('',(-0.923622047244094,-0.0763779527559055,0.31496062992126));
#9018=CARTESIAN_POINT('',(-0.976377952755905,-0.0763779527559055,0.0393700787401575));
#9019=CARTESIAN_POINT('',(-0.923622047244094,-0.0763779527559056,0.0393700787401575));
#9020=CARTESIAN_POINT('',(-0.976377952755905,-0.0763779527559055,0.31496062992126));
#9021=CARTESIAN_POINT('Origin',(-0.923622047244094,-0.0236220472440944,
0.31496062992126));
#9022=CARTESIAN_POINT('',(-0.923622047244094,-0.0236220472440944,0.0393700787401575));
#9023=CARTESIAN_POINT('',(-0.923622047244094,-0.0236220472440944,0.31496062992126));
#9024=CARTESIAN_POINT('',(-0.923622047244094,-0.0236220472440944,0.0393700787401575));
#9025=CARTESIAN_POINT('Origin',(0.984251968503937,0.0381889763779528,0.307086614173228));
#9026=CARTESIAN_POINT('',(0.976377952755906,0.0763779527559056,0.299212598425197));
#9027=CARTESIAN_POINT('',(0.992125984251969,0.0921259842519686,0.31496062992126));
#9028=CARTESIAN_POINT('',(0.976377952755906,0.0236220472440945,0.299212598425197));
#9029=CARTESIAN_POINT('',(0.976377952755906,0.0381889763779528,0.299212598425197));
#9030=CARTESIAN_POINT('',(0.976377952755906,0.0236220472440945,0.299212598425197));
#9031=CARTESIAN_POINT('Origin',(0.461811023622048,0.0842519685039372,0.307086614173228));
#9032=CARTESIAN_POINT('',(0.923622047244095,0.0763779527559056,0.299212598425197));
#9033=CARTESIAN_POINT('',(0.907874015748032,0.0921259842519686,0.31496062992126));
#9034=CARTESIAN_POINT('',(0.461811023622048,0.0763779527559057,0.299212598425197));
#9035=CARTESIAN_POINT('Origin',(0.915748031496063,0.0118110236220472,0.307086614173228));
#9036=CARTESIAN_POINT('',(0.923622047244095,0.0236220472440945,0.299212598425197));
#9037=CARTESIAN_POINT('',(0.923622047244095,0.0118110236220472,0.299212598425197));
#9038=CARTESIAN_POINT('',(0.907874015748032,0.00787401574803148,0.31496062992126));
#9039=CARTESIAN_POINT('Origin',(0.488188976377953,0.0157480314960631,0.307086614173228));
#9040=CARTESIAN_POINT('',(0.488188976377953,0.0236220472440946,0.299212598425197));
#9041=CARTESIAN_POINT('Origin',(0.976377952755906,0.0236220472440945,0.31496062992126));
#9042=CARTESIAN_POINT('',(0.976377952755906,0.0236220472440944,0.0393700787401575));
#9043=CARTESIAN_POINT('',(0.976377952755906,0.0236220472440945,0.31496062992126));
#9044=CARTESIAN_POINT('',(0.923622047244095,0.0236220472440944,0.0393700787401575));
#9045=CARTESIAN_POINT('',(0.976377952755906,0.0236220472440944,0.0393700787401575));
#9046=CARTESIAN_POINT('',(0.923622047244095,0.0236220472440945,0.31496062992126));
#9047=CARTESIAN_POINT('Origin',(0.976377952755906,0.0763779527559056,0.31496062992126));
#9048=CARTESIAN_POINT('',(0.976377952755906,0.0763779527559056,0.0393700787401575));
#9049=CARTESIAN_POINT('',(0.976377952755906,0.0763779527559056,0.31496062992126));
#9050=CARTESIAN_POINT('',(0.976377952755906,0.0763779527559056,0.0393700787401575));
#9051=CARTESIAN_POINT('Origin',(0.884251968503937,0.0381889763779528,0.307086614173228));
#9052=CARTESIAN_POINT('',(0.876377952755905,0.0763779527559056,0.299212598425197));
#9053=CARTESIAN_POINT('',(0.892125984251968,0.0921259842519686,0.31496062992126));
#9054=CARTESIAN_POINT('',(0.876377952755905,0.0236220472440945,0.299212598425197));
#9055=CARTESIAN_POINT('',(0.876377952755905,0.0381889763779528,0.299212598425197));
#9056=CARTESIAN_POINT('',(0.876377952755905,0.0236220472440945,0.299212598425197));
#9057=CARTESIAN_POINT('Origin',(0.411811023622047,0.0842519685039372,0.307086614173228));
#9058=CARTESIAN_POINT('',(0.823622047244094,0.0763779527559056,0.299212598425197));
#9059=CARTESIAN_POINT('',(0.807874015748031,0.0921259842519686,0.31496062992126));
#9060=CARTESIAN_POINT('',(0.411811023622047,0.0763779527559057,0.299212598425197));
#9061=CARTESIAN_POINT('Origin',(0.815748031496063,0.0118110236220472,0.307086614173228));
#9062=CARTESIAN_POINT('',(0.823622047244094,0.0236220472440945,0.299212598425197));
#9063=CARTESIAN_POINT('',(0.823622047244094,0.0118110236220472,0.299212598425197));
#9064=CARTESIAN_POINT('',(0.807874015748031,0.00787401574803148,0.31496062992126));
#9065=CARTESIAN_POINT('Origin',(0.438188976377953,0.0157480314960631,0.307086614173228));
#9066=CARTESIAN_POINT('',(0.438188976377953,0.0236220472440946,0.299212598425197));
#9067=CARTESIAN_POINT('Origin',(0.876377952755905,0.0236220472440945,0.31496062992126));
#9068=CARTESIAN_POINT('',(0.876377952755905,0.0236220472440944,0.0393700787401575));
#9069=CARTESIAN_POINT('',(0.876377952755905,0.0236220472440945,0.31496062992126));
#9070=CARTESIAN_POINT('',(0.823622047244094,0.0236220472440944,0.0393700787401575));
#9071=CARTESIAN_POINT('',(0.876377952755905,0.0236220472440944,0.0393700787401575));
#9072=CARTESIAN_POINT('',(0.823622047244094,0.0236220472440945,0.31496062992126));
#9073=CARTESIAN_POINT('Origin',(0.876377952755905,0.0763779527559056,0.31496062992126));
#9074=CARTESIAN_POINT('',(0.876377952755905,0.0763779527559056,0.0393700787401575));
#9075=CARTESIAN_POINT('',(0.876377952755905,0.0763779527559056,0.31496062992126));
#9076=CARTESIAN_POINT('',(0.876377952755905,0.0763779527559056,0.0393700787401575));
#9077=CARTESIAN_POINT('Origin',(0.784251968503937,0.0381889763779528,0.307086614173228));
#9078=CARTESIAN_POINT('',(0.776377952755905,0.0763779527559056,0.299212598425197));
#9079=CARTESIAN_POINT('',(0.792125984251968,0.0921259842519686,0.31496062992126));
#9080=CARTESIAN_POINT('',(0.776377952755905,0.0236220472440945,0.299212598425197));
#9081=CARTESIAN_POINT('',(0.776377952755905,0.0381889763779528,0.299212598425197));
#9082=CARTESIAN_POINT('',(0.776377952755905,0.0236220472440945,0.299212598425197));
#9083=CARTESIAN_POINT('Origin',(0.361811023622047,0.0842519685039372,0.307086614173228));
#9084=CARTESIAN_POINT('',(0.723622047244095,0.0763779527559056,0.299212598425197));
#9085=CARTESIAN_POINT('',(0.707874015748032,0.0921259842519686,0.31496062992126));
#9086=CARTESIAN_POINT('',(0.361811023622047,0.0763779527559057,0.299212598425197));
#9087=CARTESIAN_POINT('Origin',(0.715748031496063,0.0118110236220472,0.307086614173228));
#9088=CARTESIAN_POINT('',(0.723622047244095,0.0236220472440945,0.299212598425197));
#9089=CARTESIAN_POINT('',(0.723622047244095,0.0118110236220472,0.299212598425197));
#9090=CARTESIAN_POINT('',(0.707874015748032,0.00787401574803149,0.31496062992126));
#9091=CARTESIAN_POINT('Origin',(0.388188976377953,0.015748031496063,0.307086614173228));
#9092=CARTESIAN_POINT('',(0.388188976377953,0.0236220472440945,0.299212598425197));
#9093=CARTESIAN_POINT('Origin',(0.776377952755905,0.0236220472440945,0.31496062992126));
#9094=CARTESIAN_POINT('',(0.776377952755905,0.0236220472440944,0.0393700787401575));
#9095=CARTESIAN_POINT('',(0.776377952755905,0.0236220472440945,0.31496062992126));
#9096=CARTESIAN_POINT('',(0.723622047244095,0.0236220472440944,0.0393700787401575));
#9097=CARTESIAN_POINT('',(0.776377952755905,0.0236220472440944,0.0393700787401575));
#9098=CARTESIAN_POINT('',(0.723622047244095,0.0236220472440945,0.31496062992126));
#9099=CARTESIAN_POINT('Origin',(0.776377952755905,0.0763779527559056,0.31496062992126));
#9100=CARTESIAN_POINT('',(0.776377952755905,0.0763779527559056,0.0393700787401575));
#9101=CARTESIAN_POINT('',(0.776377952755905,0.0763779527559056,0.31496062992126));
#9102=CARTESIAN_POINT('',(0.776377952755905,0.0763779527559056,0.0393700787401575));
#9103=CARTESIAN_POINT('Origin',(0.684251968503937,0.0381889763779528,0.307086614173228));
#9104=CARTESIAN_POINT('',(0.676377952755905,0.0763779527559056,0.299212598425197));
#9105=CARTESIAN_POINT('',(0.692125984251968,0.0921259842519686,0.31496062992126));
#9106=CARTESIAN_POINT('',(0.676377952755905,0.0236220472440945,0.299212598425197));
#9107=CARTESIAN_POINT('',(0.676377952755905,0.0381889763779528,0.299212598425197));
#9108=CARTESIAN_POINT('',(0.676377952755905,0.0236220472440945,0.299212598425197));
#9109=CARTESIAN_POINT('Origin',(0.311811023622047,0.0842519685039372,0.307086614173228));
#9110=CARTESIAN_POINT('',(0.623622047244095,0.0763779527559056,0.299212598425197));
#9111=CARTESIAN_POINT('',(0.607874015748032,0.0921259842519686,0.31496062992126));
#9112=CARTESIAN_POINT('',(0.311811023622047,0.0763779527559057,0.299212598425197));
#9113=CARTESIAN_POINT('Origin',(0.615748031496063,0.0118110236220472,0.307086614173228));
#9114=CARTESIAN_POINT('',(0.623622047244095,0.0236220472440945,0.299212598425197));
#9115=CARTESIAN_POINT('',(0.623622047244095,0.0118110236220472,0.299212598425197));
#9116=CARTESIAN_POINT('',(0.607874015748032,0.00787401574803148,0.31496062992126));
#9117=CARTESIAN_POINT('Origin',(0.338188976377953,0.015748031496063,0.307086614173228));
#9118=CARTESIAN_POINT('',(0.338188976377953,0.0236220472440945,0.299212598425197));
#9119=CARTESIAN_POINT('Origin',(0.676377952755905,0.0236220472440945,0.31496062992126));
#9120=CARTESIAN_POINT('',(0.676377952755905,0.0236220472440944,0.0393700787401575));
#9121=CARTESIAN_POINT('',(0.676377952755905,0.0236220472440945,0.31496062992126));
#9122=CARTESIAN_POINT('',(0.623622047244095,0.0236220472440944,0.0393700787401575));
#9123=CARTESIAN_POINT('',(0.676377952755905,0.0236220472440944,0.0393700787401575));
#9124=CARTESIAN_POINT('',(0.623622047244095,0.0236220472440945,0.31496062992126));
#9125=CARTESIAN_POINT('Origin',(0.676377952755905,0.0763779527559056,0.31496062992126));
#9126=CARTESIAN_POINT('',(0.676377952755905,0.0763779527559056,0.0393700787401575));
#9127=CARTESIAN_POINT('',(0.676377952755905,0.0763779527559056,0.31496062992126));
#9128=CARTESIAN_POINT('',(0.676377952755905,0.0763779527559056,0.0393700787401575));
#9129=CARTESIAN_POINT('Origin',(0.584251968503937,0.0381889763779528,0.307086614173228));
#9130=CARTESIAN_POINT('',(0.576377952755905,0.0763779527559056,0.299212598425197));
#9131=CARTESIAN_POINT('',(0.592125984251968,0.0921259842519686,0.31496062992126));
#9132=CARTESIAN_POINT('',(0.576377952755905,0.0236220472440945,0.299212598425197));
#9133=CARTESIAN_POINT('',(0.576377952755905,0.0381889763779528,0.299212598425197));
#9134=CARTESIAN_POINT('',(0.576377952755905,0.0236220472440945,0.299212598425197));
#9135=CARTESIAN_POINT('Origin',(0.261811023622047,0.0842519685039372,0.307086614173228));
#9136=CARTESIAN_POINT('',(0.523622047244095,0.0763779527559056,0.299212598425197));
#9137=CARTESIAN_POINT('',(0.507874015748032,0.0921259842519686,0.31496062992126));
#9138=CARTESIAN_POINT('',(0.261811023622047,0.0763779527559057,0.299212598425197));
#9139=CARTESIAN_POINT('Origin',(0.515748031496063,0.0118110236220472,0.307086614173228));
#9140=CARTESIAN_POINT('',(0.523622047244095,0.0236220472440945,0.299212598425197));
#9141=CARTESIAN_POINT('',(0.523622047244095,0.0118110236220472,0.299212598425197));
#9142=CARTESIAN_POINT('',(0.507874015748032,0.00787401574803148,0.31496062992126));
#9143=CARTESIAN_POINT('Origin',(0.288188976377953,0.015748031496063,0.307086614173228));
#9144=CARTESIAN_POINT('',(0.288188976377953,0.0236220472440945,0.299212598425197));
#9145=CARTESIAN_POINT('Origin',(0.576377952755905,0.0236220472440945,0.31496062992126));
#9146=CARTESIAN_POINT('',(0.576377952755905,0.0236220472440944,0.0393700787401575));
#9147=CARTESIAN_POINT('',(0.576377952755905,0.0236220472440945,0.31496062992126));
#9148=CARTESIAN_POINT('',(0.523622047244095,0.0236220472440944,0.0393700787401575));
#9149=CARTESIAN_POINT('',(0.576377952755905,0.0236220472440944,0.0393700787401575));
#9150=CARTESIAN_POINT('',(0.523622047244095,0.0236220472440945,0.31496062992126));
#9151=CARTESIAN_POINT('Origin',(0.576377952755905,0.0763779527559056,0.31496062992126));
#9152=CARTESIAN_POINT('',(0.576377952755905,0.0763779527559056,0.0393700787401575));
#9153=CARTESIAN_POINT('',(0.576377952755905,0.0763779527559056,0.31496062992126));
#9154=CARTESIAN_POINT('',(0.576377952755905,0.0763779527559056,0.0393700787401575));
#9155=CARTESIAN_POINT('Origin',(0.484251968503937,0.0381889763779528,0.307086614173228));
#9156=CARTESIAN_POINT('',(0.476377952755905,0.0763779527559056,0.299212598425197));
#9157=CARTESIAN_POINT('',(0.492125984251968,0.0921259842519686,0.31496062992126));
#9158=CARTESIAN_POINT('',(0.476377952755905,0.0236220472440945,0.299212598425197));
#9159=CARTESIAN_POINT('',(0.476377952755905,0.0381889763779528,0.299212598425197));
#9160=CARTESIAN_POINT('',(0.476377952755905,0.0236220472440945,0.299212598425197));
#9161=CARTESIAN_POINT('Origin',(0.211811023622047,0.0842519685039372,0.307086614173228));
#9162=CARTESIAN_POINT('',(0.423622047244095,0.0763779527559056,0.299212598425197));
#9163=CARTESIAN_POINT('',(0.407874015748032,0.0921259842519686,0.31496062992126));
#9164=CARTESIAN_POINT('',(0.211811023622047,0.0763779527559057,0.299212598425197));
#9165=CARTESIAN_POINT('Origin',(0.415748031496063,0.0118110236220472,0.307086614173228));
#9166=CARTESIAN_POINT('',(0.423622047244095,0.0236220472440945,0.299212598425197));
#9167=CARTESIAN_POINT('',(0.423622047244095,0.0118110236220472,0.299212598425197));
#9168=CARTESIAN_POINT('',(0.407874015748032,0.00787401574803148,0.31496062992126));
#9169=CARTESIAN_POINT('Origin',(0.238188976377953,0.015748031496063,0.307086614173228));
#9170=CARTESIAN_POINT('',(0.238188976377953,0.0236220472440945,0.299212598425197));
#9171=CARTESIAN_POINT('Origin',(0.476377952755905,0.0236220472440945,0.31496062992126));
#9172=CARTESIAN_POINT('',(0.476377952755905,0.0236220472440944,0.0393700787401575));
#9173=CARTESIAN_POINT('',(0.476377952755905,0.0236220472440945,0.31496062992126));
#9174=CARTESIAN_POINT('',(0.423622047244095,0.0236220472440944,0.0393700787401575));
#9175=CARTESIAN_POINT('',(0.476377952755905,0.0236220472440944,0.0393700787401575));
#9176=CARTESIAN_POINT('',(0.423622047244095,0.0236220472440945,0.31496062992126));
#9177=CARTESIAN_POINT('Origin',(0.476377952755905,0.0763779527559056,0.31496062992126));
#9178=CARTESIAN_POINT('',(0.476377952755905,0.0763779527559056,0.0393700787401575));
#9179=CARTESIAN_POINT('',(0.476377952755905,0.0763779527559056,0.31496062992126));
#9180=CARTESIAN_POINT('',(0.476377952755905,0.0763779527559056,0.0393700787401575));
#9181=CARTESIAN_POINT('Origin',(0.384251968503937,0.0381889763779528,0.307086614173228));
#9182=CARTESIAN_POINT('',(0.376377952755905,0.0763779527559056,0.299212598425197));
#9183=CARTESIAN_POINT('',(0.392125984251968,0.0921259842519686,0.31496062992126));
#9184=CARTESIAN_POINT('',(0.376377952755905,0.0236220472440945,0.299212598425197));
#9185=CARTESIAN_POINT('',(0.376377952755905,0.0381889763779528,0.299212598425197));
#9186=CARTESIAN_POINT('',(0.376377952755905,0.0236220472440945,0.299212598425197));
#9187=CARTESIAN_POINT('Origin',(0.161811023622047,0.0842519685039372,0.307086614173228));
#9188=CARTESIAN_POINT('',(0.323622047244095,0.0763779527559056,0.299212598425197));
#9189=CARTESIAN_POINT('',(0.307874015748032,0.0921259842519686,0.31496062992126));
#9190=CARTESIAN_POINT('',(0.161811023622047,0.0763779527559057,0.299212598425197));
#9191=CARTESIAN_POINT('Origin',(0.315748031496063,0.0118110236220472,0.307086614173228));
#9192=CARTESIAN_POINT('',(0.323622047244095,0.0236220472440945,0.299212598425197));
#9193=CARTESIAN_POINT('',(0.323622047244095,0.0118110236220472,0.299212598425197));
#9194=CARTESIAN_POINT('',(0.307874015748032,0.00787401574803148,0.31496062992126));
#9195=CARTESIAN_POINT('Origin',(0.188188976377953,0.015748031496063,0.307086614173228));
#9196=CARTESIAN_POINT('',(0.188188976377953,0.0236220472440945,0.299212598425197));
#9197=CARTESIAN_POINT('Origin',(0.376377952755905,0.0236220472440945,0.31496062992126));
#9198=CARTESIAN_POINT('',(0.376377952755905,0.0236220472440944,0.0393700787401575));
#9199=CARTESIAN_POINT('',(0.376377952755905,0.0236220472440945,0.31496062992126));
#9200=CARTESIAN_POINT('',(0.323622047244095,0.0236220472440944,0.0393700787401575));
#9201=CARTESIAN_POINT('',(0.376377952755905,0.0236220472440944,0.0393700787401575));
#9202=CARTESIAN_POINT('',(0.323622047244095,0.0236220472440945,0.31496062992126));
#9203=CARTESIAN_POINT('Origin',(0.376377952755905,0.0763779527559056,0.31496062992126));
#9204=CARTESIAN_POINT('',(0.376377952755905,0.0763779527559056,0.0393700787401575));
#9205=CARTESIAN_POINT('',(0.376377952755905,0.0763779527559056,0.31496062992126));
#9206=CARTESIAN_POINT('',(0.376377952755905,0.0763779527559056,0.0393700787401575));
#9207=CARTESIAN_POINT('Origin',(0.284251968503937,0.0381889763779528,0.307086614173228));
#9208=CARTESIAN_POINT('',(0.276377952755905,0.0763779527559056,0.299212598425197));
#9209=CARTESIAN_POINT('',(0.292125984251968,0.0921259842519686,0.31496062992126));
#9210=CARTESIAN_POINT('',(0.276377952755905,0.0236220472440945,0.299212598425197));
#9211=CARTESIAN_POINT('',(0.276377952755905,0.0381889763779528,0.299212598425197));
#9212=CARTESIAN_POINT('',(0.276377952755905,0.0236220472440945,0.299212598425197));
#9213=CARTESIAN_POINT('Origin',(0.111811023622047,0.0842519685039372,0.307086614173228));
#9214=CARTESIAN_POINT('',(0.223622047244095,0.0763779527559056,0.299212598425197));
#9215=CARTESIAN_POINT('',(0.207874015748032,0.0921259842519686,0.31496062992126));
#9216=CARTESIAN_POINT('',(0.111811023622047,0.0763779527559057,0.299212598425197));
#9217=CARTESIAN_POINT('Origin',(0.215748031496063,0.0118110236220472,0.307086614173228));
#9218=CARTESIAN_POINT('',(0.223622047244095,0.0236220472440945,0.299212598425197));
#9219=CARTESIAN_POINT('',(0.223622047244095,0.0118110236220472,0.299212598425197));
#9220=CARTESIAN_POINT('',(0.207874015748032,0.00787401574803148,0.31496062992126));
#9221=CARTESIAN_POINT('Origin',(0.138188976377953,0.015748031496063,0.307086614173228));
#9222=CARTESIAN_POINT('',(0.138188976377953,0.0236220472440945,0.299212598425197));
#9223=CARTESIAN_POINT('Origin',(0.276377952755905,0.0236220472440945,0.31496062992126));
#9224=CARTESIAN_POINT('',(0.276377952755905,0.0236220472440944,0.0393700787401575));
#9225=CARTESIAN_POINT('',(0.276377952755905,0.0236220472440945,0.31496062992126));
#9226=CARTESIAN_POINT('',(0.223622047244095,0.0236220472440944,0.0393700787401575));
#9227=CARTESIAN_POINT('',(0.276377952755905,0.0236220472440944,0.0393700787401575));
#9228=CARTESIAN_POINT('',(0.223622047244095,0.0236220472440945,0.31496062992126));
#9229=CARTESIAN_POINT('Origin',(0.276377952755905,0.0763779527559056,0.31496062992126));
#9230=CARTESIAN_POINT('',(0.276377952755905,0.0763779527559056,0.0393700787401575));
#9231=CARTESIAN_POINT('',(0.276377952755905,0.0763779527559056,0.31496062992126));
#9232=CARTESIAN_POINT('',(0.276377952755905,0.0763779527559056,0.0393700787401575));
#9233=CARTESIAN_POINT('Origin',(0.184251968503937,0.0381889763779528,0.307086614173228));
#9234=CARTESIAN_POINT('',(0.176377952755905,0.0763779527559056,0.299212598425197));
#9235=CARTESIAN_POINT('',(0.192125984251968,0.0921259842519686,0.31496062992126));
#9236=CARTESIAN_POINT('',(0.176377952755905,0.0236220472440945,0.299212598425197));
#9237=CARTESIAN_POINT('',(0.176377952755905,0.0381889763779528,0.299212598425197));
#9238=CARTESIAN_POINT('',(0.176377952755905,0.0236220472440945,0.299212598425197));
#9239=CARTESIAN_POINT('Origin',(0.0618110236220474,0.0842519685039371,0.307086614173228));
#9240=CARTESIAN_POINT('',(0.123622047244095,0.0763779527559056,0.299212598425197));
#9241=CARTESIAN_POINT('',(0.107874015748032,0.0921259842519686,0.31496062992126));
#9242=CARTESIAN_POINT('',(0.0618110236220474,0.0763779527559057,0.299212598425197));
#9243=CARTESIAN_POINT('Origin',(0.115748031496063,0.0118110236220472,0.307086614173228));
#9244=CARTESIAN_POINT('',(0.123622047244095,0.0236220472440945,0.299212598425197));
#9245=CARTESIAN_POINT('',(0.123622047244095,0.0118110236220472,0.299212598425197));
#9246=CARTESIAN_POINT('',(0.107874015748032,0.00787401574803148,0.31496062992126));
#9247=CARTESIAN_POINT('Origin',(0.0881889763779527,0.015748031496063,0.307086614173228));
#9248=CARTESIAN_POINT('',(0.0881889763779527,0.0236220472440945,0.299212598425197));
#9249=CARTESIAN_POINT('Origin',(0.176377952755905,0.0236220472440945,0.31496062992126));
#9250=CARTESIAN_POINT('',(0.176377952755905,0.0236220472440944,0.0393700787401575));
#9251=CARTESIAN_POINT('',(0.176377952755905,0.0236220472440945,0.31496062992126));
#9252=CARTESIAN_POINT('',(0.123622047244095,0.0236220472440944,0.0393700787401575));
#9253=CARTESIAN_POINT('',(0.176377952755905,0.0236220472440944,0.0393700787401575));
#9254=CARTESIAN_POINT('',(0.123622047244095,0.0236220472440945,0.31496062992126));
#9255=CARTESIAN_POINT('Origin',(0.176377952755905,0.0763779527559056,0.31496062992126));
#9256=CARTESIAN_POINT('',(0.176377952755905,0.0763779527559056,0.0393700787401575));
#9257=CARTESIAN_POINT('',(0.176377952755905,0.0763779527559056,0.31496062992126));
#9258=CARTESIAN_POINT('',(0.176377952755905,0.0763779527559056,0.0393700787401575));
#9259=CARTESIAN_POINT('Origin',(0.084251968503937,0.0381889763779528,0.307086614173228));
#9260=CARTESIAN_POINT('',(0.0763779527559055,0.0763779527559056,0.299212598425197));
#9261=CARTESIAN_POINT('',(0.0921259842519685,0.0921259842519686,0.31496062992126));
#9262=CARTESIAN_POINT('',(0.0763779527559055,0.0236220472440945,0.299212598425197));
#9263=CARTESIAN_POINT('',(0.0763779527559055,0.0381889763779528,0.299212598425197));
#9264=CARTESIAN_POINT('',(0.0763779527559055,0.0236220472440945,0.299212598425197));
#9265=CARTESIAN_POINT('Origin',(0.0118110236220473,0.0842519685039371,0.307086614173228));
#9266=CARTESIAN_POINT('',(0.0236220472440947,0.0763779527559056,0.299212598425197));
#9267=CARTESIAN_POINT('',(0.00787401574803169,0.0921259842519686,0.31496062992126));
#9268=CARTESIAN_POINT('',(0.0118110236220473,0.0763779527559056,0.299212598425197));
#9269=CARTESIAN_POINT('Origin',(0.0157480314960632,0.0118110236220472,0.307086614173228));
#9270=CARTESIAN_POINT('',(0.0236220472440947,0.0236220472440945,0.299212598425197));
#9271=CARTESIAN_POINT('',(0.0236220472440947,0.0118110236220472,0.299212598425197));
#9272=CARTESIAN_POINT('',(0.00787401574803169,0.00787401574803148,0.31496062992126));
#9273=CARTESIAN_POINT('Origin',(0.0381889763779527,0.015748031496063,0.307086614173228));
#9274=CARTESIAN_POINT('',(0.0381889763779527,0.0236220472440945,0.299212598425197));
#9275=CARTESIAN_POINT('Origin',(0.0763779527559055,0.0236220472440945,0.31496062992126));
#9276=CARTESIAN_POINT('',(0.0763779527559055,0.0236220472440944,0.0393700787401575));
#9277=CARTESIAN_POINT('',(0.0763779527559055,0.0236220472440945,0.31496062992126));
#9278=CARTESIAN_POINT('',(0.0236220472440947,0.0236220472440944,0.0393700787401575));
#9279=CARTESIAN_POINT('',(0.0763779527559055,0.0236220472440944,0.0393700787401575));
#9280=CARTESIAN_POINT('',(0.0236220472440947,0.0236220472440945,0.31496062992126));
#9281=CARTESIAN_POINT('Origin',(0.0763779527559055,0.0763779527559056,0.31496062992126));
#9282=CARTESIAN_POINT('',(0.0763779527559055,0.0763779527559056,0.0393700787401575));
#9283=CARTESIAN_POINT('',(0.0763779527559055,0.0763779527559056,0.31496062992126));
#9284=CARTESIAN_POINT('',(0.0763779527559055,0.0763779527559056,0.0393700787401575));
#9285=CARTESIAN_POINT('Origin',(-0.015748031496063,0.0381889763779528,0.307086614173228));
#9286=CARTESIAN_POINT('',(-0.0236220472440945,0.0763779527559056,0.299212598425197));
#9287=CARTESIAN_POINT('',(-0.00787401574803151,0.0921259842519686,0.31496062992126));
#9288=CARTESIAN_POINT('',(-0.0236220472440945,0.0236220472440945,0.299212598425197));
#9289=CARTESIAN_POINT('',(-0.0236220472440945,0.0381889763779528,0.299212598425197));
#9290=CARTESIAN_POINT('',(-0.0236220472440945,0.0236220472440945,0.299212598425197));
#9291=CARTESIAN_POINT('Origin',(-0.0381889763779526,0.0842519685039371,
0.307086614173228));
#9292=CARTESIAN_POINT('',(-0.0763779527559053,0.0763779527559056,0.299212598425197));
#9293=CARTESIAN_POINT('',(-0.0921259842519683,0.0921259842519686,0.31496062992126));
#9294=CARTESIAN_POINT('',(-0.0381889763779526,0.0763779527559056,0.299212598425197));
#9295=CARTESIAN_POINT('Origin',(-0.0842519685039368,0.0118110236220472,
0.307086614173228));
#9296=CARTESIAN_POINT('',(-0.0763779527559053,0.0236220472440945,0.299212598425197));
#9297=CARTESIAN_POINT('',(-0.0763779527559053,0.0118110236220472,0.299212598425197));
#9298=CARTESIAN_POINT('',(-0.0921259842519683,0.00787401574803148,0.31496062992126));
#9299=CARTESIAN_POINT('Origin',(-0.0118110236220473,0.015748031496063,0.307086614173228));
#9300=CARTESIAN_POINT('',(-0.0118110236220473,0.0236220472440945,0.299212598425197));
#9301=CARTESIAN_POINT('Origin',(-0.0236220472440945,0.0236220472440945,
0.31496062992126));
#9302=CARTESIAN_POINT('',(-0.0236220472440945,0.0236220472440944,0.0393700787401575));
#9303=CARTESIAN_POINT('',(-0.0236220472440945,0.0236220472440945,0.31496062992126));
#9304=CARTESIAN_POINT('',(-0.0763779527559053,0.0236220472440944,0.0393700787401575));
#9305=CARTESIAN_POINT('',(-0.0236220472440945,0.0236220472440944,0.0393700787401575));
#9306=CARTESIAN_POINT('',(-0.0763779527559053,0.0236220472440945,0.31496062992126));
#9307=CARTESIAN_POINT('Origin',(-0.0236220472440945,0.0763779527559056,
0.31496062992126));
#9308=CARTESIAN_POINT('',(-0.0236220472440945,0.0763779527559056,0.0393700787401575));
#9309=CARTESIAN_POINT('',(-0.0236220472440945,0.0763779527559056,0.31496062992126));
#9310=CARTESIAN_POINT('',(-0.0236220472440945,0.0763779527559056,0.0393700787401575));
#9311=CARTESIAN_POINT('Origin',(-0.115748031496063,0.0381889763779528,0.307086614173228));
#9312=CARTESIAN_POINT('',(-0.123622047244094,0.0763779527559056,0.299212598425197));
#9313=CARTESIAN_POINT('',(-0.107874015748032,0.0921259842519686,0.31496062992126));
#9314=CARTESIAN_POINT('',(-0.123622047244094,0.0236220472440945,0.299212598425197));
#9315=CARTESIAN_POINT('',(-0.123622047244094,0.0381889763779528,0.299212598425197));
#9316=CARTESIAN_POINT('',(-0.123622047244094,0.0236220472440945,0.299212598425197));
#9317=CARTESIAN_POINT('Origin',(-0.0881889763779526,0.0842519685039371,
0.307086614173228));
#9318=CARTESIAN_POINT('',(-0.176377952755905,0.0763779527559056,0.299212598425197));
#9319=CARTESIAN_POINT('',(-0.192125984251968,0.0921259842519686,0.31496062992126));
#9320=CARTESIAN_POINT('',(-0.0881889763779526,0.0763779527559056,0.299212598425197));
#9321=CARTESIAN_POINT('Origin',(-0.184251968503937,0.0118110236220472,0.307086614173228));
#9322=CARTESIAN_POINT('',(-0.176377952755905,0.0236220472440945,0.299212598425197));
#9323=CARTESIAN_POINT('',(-0.176377952755905,0.0118110236220472,0.299212598425197));
#9324=CARTESIAN_POINT('',(-0.192125984251968,0.00787401574803149,0.31496062992126));
#9325=CARTESIAN_POINT('Origin',(-0.0618110236220472,0.015748031496063,0.307086614173228));
#9326=CARTESIAN_POINT('',(-0.0618110236220472,0.0236220472440944,0.299212598425197));
#9327=CARTESIAN_POINT('Origin',(-0.123622047244094,0.0236220472440945,0.31496062992126));
#9328=CARTESIAN_POINT('',(-0.123622047244094,0.0236220472440944,0.0393700787401575));
#9329=CARTESIAN_POINT('',(-0.123622047244094,0.0236220472440945,0.31496062992126));
#9330=CARTESIAN_POINT('',(-0.176377952755905,0.0236220472440944,0.0393700787401575));
#9331=CARTESIAN_POINT('',(-0.123622047244094,0.0236220472440944,0.0393700787401575));
#9332=CARTESIAN_POINT('',(-0.176377952755905,0.0236220472440945,0.31496062992126));
#9333=CARTESIAN_POINT('Origin',(-0.123622047244094,0.0763779527559056,0.31496062992126));
#9334=CARTESIAN_POINT('',(-0.123622047244094,0.0763779527559056,0.0393700787401575));
#9335=CARTESIAN_POINT('',(-0.123622047244094,0.0763779527559056,0.31496062992126));
#9336=CARTESIAN_POINT('',(-0.123622047244094,0.0763779527559056,0.0393700787401575));
#9337=CARTESIAN_POINT('Origin',(-0.215748031496063,0.0381889763779528,0.307086614173228));
#9338=CARTESIAN_POINT('',(-0.223622047244094,0.0763779527559056,0.299212598425197));
#9339=CARTESIAN_POINT('',(-0.207874015748031,0.0921259842519686,0.31496062992126));
#9340=CARTESIAN_POINT('',(-0.223622047244094,0.0236220472440945,0.299212598425197));
#9341=CARTESIAN_POINT('',(-0.223622047244094,0.0381889763779528,0.299212598425197));
#9342=CARTESIAN_POINT('',(-0.223622047244094,0.0236220472440945,0.299212598425197));
#9343=CARTESIAN_POINT('Origin',(-0.138188976377953,0.0842519685039371,0.307086614173228));
#9344=CARTESIAN_POINT('',(-0.276377952755905,0.0763779527559056,0.299212598425197));
#9345=CARTESIAN_POINT('',(-0.292125984251968,0.0921259842519686,0.31496062992126));
#9346=CARTESIAN_POINT('',(-0.138188976377953,0.0763779527559056,0.299212598425197));
#9347=CARTESIAN_POINT('Origin',(-0.284251968503937,0.0118110236220472,0.307086614173228));
#9348=CARTESIAN_POINT('',(-0.276377952755905,0.0236220472440945,0.299212598425197));
#9349=CARTESIAN_POINT('',(-0.276377952755905,0.0118110236220472,0.299212598425197));
#9350=CARTESIAN_POINT('',(-0.292125984251968,0.00787401574803148,0.31496062992126));
#9351=CARTESIAN_POINT('Origin',(-0.111811023622047,0.0157480314960629,0.307086614173228));
#9352=CARTESIAN_POINT('',(-0.111811023622047,0.0236220472440944,0.299212598425197));
#9353=CARTESIAN_POINT('Origin',(-0.223622047244094,0.0236220472440945,0.31496062992126));
#9354=CARTESIAN_POINT('',(-0.223622047244094,0.0236220472440944,0.0393700787401575));
#9355=CARTESIAN_POINT('',(-0.223622047244094,0.0236220472440945,0.31496062992126));
#9356=CARTESIAN_POINT('',(-0.276377952755905,0.0236220472440944,0.0393700787401575));
#9357=CARTESIAN_POINT('',(-0.223622047244094,0.0236220472440944,0.0393700787401575));
#9358=CARTESIAN_POINT('',(-0.276377952755905,0.0236220472440945,0.31496062992126));
#9359=CARTESIAN_POINT('Origin',(-0.223622047244094,0.0763779527559056,0.31496062992126));
#9360=CARTESIAN_POINT('',(-0.223622047244094,0.0763779527559056,0.0393700787401575));
#9361=CARTESIAN_POINT('',(-0.223622047244094,0.0763779527559056,0.31496062992126));
#9362=CARTESIAN_POINT('',(-0.223622047244094,0.0763779527559056,0.0393700787401575));
#9363=CARTESIAN_POINT('Origin',(-0.315748031496063,0.0381889763779528,0.307086614173228));
#9364=CARTESIAN_POINT('',(-0.323622047244094,0.0763779527559056,0.299212598425197));
#9365=CARTESIAN_POINT('',(-0.307874015748031,0.0921259842519686,0.31496062992126));
#9366=CARTESIAN_POINT('',(-0.323622047244094,0.0236220472440945,0.299212598425197));
#9367=CARTESIAN_POINT('',(-0.323622047244094,0.0381889763779528,0.299212598425197));
#9368=CARTESIAN_POINT('',(-0.323622047244094,0.0236220472440945,0.299212598425197));
#9369=CARTESIAN_POINT('Origin',(-0.188188976377953,0.0842519685039371,0.307086614173228));
#9370=CARTESIAN_POINT('',(-0.376377952755905,0.0763779527559056,0.299212598425197));
#9371=CARTESIAN_POINT('',(-0.392125984251968,0.0921259842519686,0.31496062992126));
#9372=CARTESIAN_POINT('',(-0.188188976377953,0.0763779527559056,0.299212598425197));
#9373=CARTESIAN_POINT('Origin',(-0.384251968503937,0.0118110236220472,0.307086614173228));
#9374=CARTESIAN_POINT('',(-0.376377952755905,0.0236220472440945,0.299212598425197));
#9375=CARTESIAN_POINT('',(-0.376377952755905,0.0118110236220472,0.299212598425197));
#9376=CARTESIAN_POINT('',(-0.392125984251968,0.00787401574803148,0.31496062992126));
#9377=CARTESIAN_POINT('Origin',(-0.161811023622047,0.0157480314960629,0.307086614173228));
#9378=CARTESIAN_POINT('',(-0.161811023622047,0.0236220472440944,0.299212598425197));
#9379=CARTESIAN_POINT('Origin',(-0.323622047244094,0.0236220472440945,0.31496062992126));
#9380=CARTESIAN_POINT('',(-0.323622047244094,0.0236220472440944,0.0393700787401575));
#9381=CARTESIAN_POINT('',(-0.323622047244094,0.0236220472440945,0.31496062992126));
#9382=CARTESIAN_POINT('',(-0.376377952755905,0.0236220472440944,0.0393700787401575));
#9383=CARTESIAN_POINT('',(-0.323622047244094,0.0236220472440944,0.0393700787401575));
#9384=CARTESIAN_POINT('',(-0.376377952755905,0.0236220472440945,0.31496062992126));
#9385=CARTESIAN_POINT('Origin',(-0.323622047244094,0.0763779527559056,0.31496062992126));
#9386=CARTESIAN_POINT('',(-0.323622047244094,0.0763779527559056,0.0393700787401575));
#9387=CARTESIAN_POINT('',(-0.323622047244094,0.0763779527559056,0.31496062992126));
#9388=CARTESIAN_POINT('',(-0.323622047244094,0.0763779527559056,0.0393700787401575));
#9389=CARTESIAN_POINT('Origin',(-0.415748031496063,0.0381889763779528,0.307086614173228));
#9390=CARTESIAN_POINT('',(-0.423622047244094,0.0763779527559056,0.299212598425197));
#9391=CARTESIAN_POINT('',(-0.407874015748031,0.0921259842519686,0.31496062992126));
#9392=CARTESIAN_POINT('',(-0.423622047244094,0.0236220472440945,0.299212598425197));
#9393=CARTESIAN_POINT('',(-0.423622047244094,0.0381889763779528,0.299212598425197));
#9394=CARTESIAN_POINT('',(-0.423622047244094,0.0236220472440945,0.299212598425197));
#9395=CARTESIAN_POINT('Origin',(-0.238188976377953,0.0842519685039371,0.307086614173228));
#9396=CARTESIAN_POINT('',(-0.476377952755905,0.0763779527559056,0.299212598425197));
#9397=CARTESIAN_POINT('',(-0.492125984251968,0.0921259842519686,0.31496062992126));
#9398=CARTESIAN_POINT('',(-0.238188976377953,0.0763779527559056,0.299212598425197));
#9399=CARTESIAN_POINT('Origin',(-0.484251968503937,0.0118110236220472,0.307086614173228));
#9400=CARTESIAN_POINT('',(-0.476377952755905,0.0236220472440945,0.299212598425197));
#9401=CARTESIAN_POINT('',(-0.476377952755905,0.0118110236220472,0.299212598425197));
#9402=CARTESIAN_POINT('',(-0.492125984251968,0.00787401574803148,0.31496062992126));
#9403=CARTESIAN_POINT('Origin',(-0.211811023622047,0.0157480314960629,0.307086614173228));
#9404=CARTESIAN_POINT('',(-0.211811023622047,0.0236220472440944,0.299212598425197));
#9405=CARTESIAN_POINT('Origin',(-0.423622047244094,0.0236220472440945,0.31496062992126));
#9406=CARTESIAN_POINT('',(-0.423622047244094,0.0236220472440944,0.0393700787401575));
#9407=CARTESIAN_POINT('',(-0.423622047244094,0.0236220472440945,0.31496062992126));
#9408=CARTESIAN_POINT('',(-0.476377952755905,0.0236220472440944,0.0393700787401575));
#9409=CARTESIAN_POINT('',(-0.423622047244094,0.0236220472440944,0.0393700787401575));
#9410=CARTESIAN_POINT('',(-0.476377952755905,0.0236220472440945,0.31496062992126));
#9411=CARTESIAN_POINT('Origin',(-0.423622047244094,0.0763779527559056,0.31496062992126));
#9412=CARTESIAN_POINT('',(-0.423622047244094,0.0763779527559056,0.0393700787401575));
#9413=CARTESIAN_POINT('',(-0.423622047244094,0.0763779527559056,0.31496062992126));
#9414=CARTESIAN_POINT('',(-0.423622047244094,0.0763779527559056,0.0393700787401575));
#9415=CARTESIAN_POINT('Origin',(-0.515748031496063,0.0381889763779528,0.307086614173228));
#9416=CARTESIAN_POINT('',(-0.523622047244094,0.0763779527559056,0.299212598425197));
#9417=CARTESIAN_POINT('',(-0.507874015748031,0.0921259842519686,0.31496062992126));
#9418=CARTESIAN_POINT('',(-0.523622047244094,0.0236220472440945,0.299212598425197));
#9419=CARTESIAN_POINT('',(-0.523622047244094,0.0381889763779528,0.299212598425197));
#9420=CARTESIAN_POINT('',(-0.523622047244094,0.0236220472440945,0.299212598425197));
#9421=CARTESIAN_POINT('Origin',(-0.288188976377953,0.0842519685039371,0.307086614173228));
#9422=CARTESIAN_POINT('',(-0.576377952755905,0.0763779527559056,0.299212598425197));
#9423=CARTESIAN_POINT('',(-0.592125984251968,0.0921259842519686,0.31496062992126));
#9424=CARTESIAN_POINT('',(-0.288188976377953,0.0763779527559056,0.299212598425197));
#9425=CARTESIAN_POINT('Origin',(-0.584251968503937,0.0118110236220472,0.307086614173228));
#9426=CARTESIAN_POINT('',(-0.576377952755905,0.0236220472440945,0.299212598425197));
#9427=CARTESIAN_POINT('',(-0.576377952755905,0.0118110236220472,0.299212598425197));
#9428=CARTESIAN_POINT('',(-0.592125984251968,0.00787401574803148,0.31496062992126));
#9429=CARTESIAN_POINT('Origin',(-0.261811023622047,0.0157480314960629,0.307086614173228));
#9430=CARTESIAN_POINT('',(-0.261811023622047,0.0236220472440944,0.299212598425197));
#9431=CARTESIAN_POINT('Origin',(-0.523622047244094,0.0236220472440945,0.31496062992126));
#9432=CARTESIAN_POINT('',(-0.523622047244094,0.0236220472440944,0.0393700787401575));
#9433=CARTESIAN_POINT('',(-0.523622047244094,0.0236220472440945,0.31496062992126));
#9434=CARTESIAN_POINT('',(-0.576377952755905,0.0236220472440944,0.0393700787401575));
#9435=CARTESIAN_POINT('',(-0.523622047244094,0.0236220472440944,0.0393700787401575));
#9436=CARTESIAN_POINT('',(-0.576377952755905,0.0236220472440945,0.31496062992126));
#9437=CARTESIAN_POINT('Origin',(-0.523622047244094,0.0763779527559056,0.31496062992126));
#9438=CARTESIAN_POINT('',(-0.523622047244094,0.0763779527559056,0.0393700787401575));
#9439=CARTESIAN_POINT('',(-0.523622047244094,0.0763779527559056,0.31496062992126));
#9440=CARTESIAN_POINT('',(-0.523622047244094,0.0763779527559056,0.0393700787401575));
#9441=CARTESIAN_POINT('Origin',(-0.615748031496063,0.0381889763779528,0.307086614173228));
#9442=CARTESIAN_POINT('',(-0.623622047244094,0.0763779527559056,0.299212598425197));
#9443=CARTESIAN_POINT('',(-0.607874015748031,0.0921259842519686,0.31496062992126));
#9444=CARTESIAN_POINT('',(-0.623622047244094,0.0236220472440945,0.299212598425197));
#9445=CARTESIAN_POINT('',(-0.623622047244094,0.0381889763779528,0.299212598425197));
#9446=CARTESIAN_POINT('',(-0.623622047244094,0.0236220472440945,0.299212598425197));
#9447=CARTESIAN_POINT('Origin',(-0.338188976377953,0.0842519685039371,0.307086614173228));
#9448=CARTESIAN_POINT('',(-0.676377952755905,0.0763779527559056,0.299212598425197));
#9449=CARTESIAN_POINT('',(-0.692125984251968,0.0921259842519686,0.31496062992126));
#9450=CARTESIAN_POINT('',(-0.338188976377953,0.0763779527559056,0.299212598425197));
#9451=CARTESIAN_POINT('Origin',(-0.684251968503937,0.0118110236220472,0.307086614173228));
#9452=CARTESIAN_POINT('',(-0.676377952755905,0.0236220472440945,0.299212598425197));
#9453=CARTESIAN_POINT('',(-0.676377952755905,0.0118110236220472,0.299212598425197));
#9454=CARTESIAN_POINT('',(-0.692125984251968,0.00787401574803148,0.31496062992126));
#9455=CARTESIAN_POINT('Origin',(-0.311811023622047,0.0157480314960629,0.307086614173228));
#9456=CARTESIAN_POINT('',(-0.311811023622047,0.0236220472440944,0.299212598425197));
#9457=CARTESIAN_POINT('Origin',(-0.623622047244094,0.0236220472440945,0.31496062992126));
#9458=CARTESIAN_POINT('',(-0.623622047244094,0.0236220472440944,0.0393700787401575));
#9459=CARTESIAN_POINT('',(-0.623622047244094,0.0236220472440945,0.31496062992126));
#9460=CARTESIAN_POINT('',(-0.676377952755905,0.0236220472440944,0.0393700787401575));
#9461=CARTESIAN_POINT('',(-0.623622047244094,0.0236220472440944,0.0393700787401575));
#9462=CARTESIAN_POINT('',(-0.676377952755905,0.0236220472440945,0.31496062992126));
#9463=CARTESIAN_POINT('Origin',(-0.623622047244094,0.0763779527559056,0.31496062992126));
#9464=CARTESIAN_POINT('',(-0.623622047244094,0.0763779527559056,0.0393700787401575));
#9465=CARTESIAN_POINT('',(-0.623622047244094,0.0763779527559056,0.31496062992126));
#9466=CARTESIAN_POINT('',(-0.623622047244094,0.0763779527559056,0.0393700787401575));
#9467=CARTESIAN_POINT('Origin',(-0.715748031496063,0.0381889763779528,0.307086614173228));
#9468=CARTESIAN_POINT('',(-0.723622047244095,0.0763779527559056,0.299212598425197));
#9469=CARTESIAN_POINT('',(-0.707874015748031,0.0921259842519686,0.31496062992126));
#9470=CARTESIAN_POINT('',(-0.723622047244095,0.0236220472440945,0.299212598425197));
#9471=CARTESIAN_POINT('',(-0.723622047244095,0.0381889763779528,0.299212598425197));
#9472=CARTESIAN_POINT('',(-0.723622047244095,0.0236220472440945,0.299212598425197));
#9473=CARTESIAN_POINT('Origin',(-0.388188976377953,0.0842519685039371,0.307086614173228));
#9474=CARTESIAN_POINT('',(-0.776377952755905,0.0763779527559056,0.299212598425197));
#9475=CARTESIAN_POINT('',(-0.792125984251968,0.0921259842519686,0.31496062992126));
#9476=CARTESIAN_POINT('',(-0.388188976377953,0.0763779527559056,0.299212598425197));
#9477=CARTESIAN_POINT('Origin',(-0.784251968503937,0.0118110236220472,0.307086614173228));
#9478=CARTESIAN_POINT('',(-0.776377952755905,0.0236220472440945,0.299212598425197));
#9479=CARTESIAN_POINT('',(-0.776377952755905,0.0118110236220472,0.299212598425197));
#9480=CARTESIAN_POINT('',(-0.792125984251968,0.00787401574803148,0.31496062992126));
#9481=CARTESIAN_POINT('Origin',(-0.361811023622047,0.0157480314960629,0.307086614173228));
#9482=CARTESIAN_POINT('',(-0.361811023622047,0.0236220472440944,0.299212598425197));
#9483=CARTESIAN_POINT('Origin',(-0.723622047244095,0.0236220472440945,0.31496062992126));
#9484=CARTESIAN_POINT('',(-0.723622047244095,0.0236220472440944,0.0393700787401575));
#9485=CARTESIAN_POINT('',(-0.723622047244095,0.0236220472440945,0.31496062992126));
#9486=CARTESIAN_POINT('',(-0.776377952755905,0.0236220472440944,0.0393700787401575));
#9487=CARTESIAN_POINT('',(-0.723622047244095,0.0236220472440944,0.0393700787401575));
#9488=CARTESIAN_POINT('',(-0.776377952755905,0.0236220472440945,0.31496062992126));
#9489=CARTESIAN_POINT('Origin',(-0.723622047244095,0.0763779527559056,0.31496062992126));
#9490=CARTESIAN_POINT('',(-0.723622047244095,0.0763779527559056,0.0393700787401575));
#9491=CARTESIAN_POINT('',(-0.723622047244095,0.0763779527559056,0.31496062992126));
#9492=CARTESIAN_POINT('',(-0.723622047244095,0.0763779527559056,0.0393700787401575));
#9493=CARTESIAN_POINT('Origin',(-0.815748031496063,0.0381889763779528,0.307086614173228));
#9494=CARTESIAN_POINT('',(-0.823622047244094,0.0763779527559056,0.299212598425197));
#9495=CARTESIAN_POINT('',(-0.807874015748031,0.0921259842519686,0.31496062992126));
#9496=CARTESIAN_POINT('',(-0.823622047244094,0.0236220472440945,0.299212598425197));
#9497=CARTESIAN_POINT('',(-0.823622047244094,0.0381889763779528,0.299212598425197));
#9498=CARTESIAN_POINT('',(-0.823622047244094,0.0236220472440945,0.299212598425197));
#9499=CARTESIAN_POINT('Origin',(-0.438188976377953,0.084251968503937,0.307086614173228));
#9500=CARTESIAN_POINT('',(-0.876377952755905,0.0763779527559056,0.299212598425197));
#9501=CARTESIAN_POINT('',(-0.892125984251968,0.0921259842519686,0.31496062992126));
#9502=CARTESIAN_POINT('',(-0.438188976377953,0.0763779527559055,0.299212598425197));
#9503=CARTESIAN_POINT('Origin',(-0.884251968503937,0.0118110236220472,0.307086614173228));
#9504=CARTESIAN_POINT('',(-0.876377952755905,0.0236220472440945,0.299212598425197));
#9505=CARTESIAN_POINT('',(-0.876377952755905,0.0118110236220472,0.299212598425197));
#9506=CARTESIAN_POINT('',(-0.892125984251968,0.00787401574803148,0.31496062992126));
#9507=CARTESIAN_POINT('Origin',(-0.411811023622047,0.0157480314960629,0.307086614173228));
#9508=CARTESIAN_POINT('',(-0.411811023622047,0.0236220472440944,0.299212598425197));
#9509=CARTESIAN_POINT('Origin',(-0.823622047244094,0.0236220472440945,0.31496062992126));
#9510=CARTESIAN_POINT('',(-0.823622047244094,0.0236220472440944,0.0393700787401575));
#9511=CARTESIAN_POINT('',(-0.823622047244094,0.0236220472440945,0.31496062992126));
#9512=CARTESIAN_POINT('',(-0.876377952755905,0.0236220472440944,0.0393700787401575));
#9513=CARTESIAN_POINT('',(-0.823622047244094,0.0236220472440944,0.0393700787401575));
#9514=CARTESIAN_POINT('',(-0.876377952755905,0.0236220472440945,0.31496062992126));
#9515=CARTESIAN_POINT('Origin',(-0.823622047244094,0.0763779527559056,0.31496062992126));
#9516=CARTESIAN_POINT('',(-0.823622047244094,0.0763779527559056,0.0393700787401575));
#9517=CARTESIAN_POINT('',(-0.823622047244094,0.0763779527559056,0.31496062992126));
#9518=CARTESIAN_POINT('',(-0.823622047244094,0.0763779527559056,0.0393700787401575));
#9519=CARTESIAN_POINT('Origin',(0.923622047244095,-0.0236220472440944,0.31496062992126));
#9520=CARTESIAN_POINT('',(0.923622047244095,-0.0236220472440944,0.0393700787401575));
#9521=CARTESIAN_POINT('',(0.923622047244095,-0.0236220472440944,0.31496062992126));
#9522=CARTESIAN_POINT('',(0.923622047244095,-0.0236220472440944,0.0393700787401575));
#9523=CARTESIAN_POINT('Origin',(0.923622047244095,-0.0763779527559055,0.31496062992126));
#9524=CARTESIAN_POINT('',(0.923622047244095,-0.0763779527559055,0.0393700787401575));
#9525=CARTESIAN_POINT('Origin',(0.950000000000001,-0.05,0.0393700787401575));
#9526=CARTESIAN_POINT('Origin',(0.823622047244094,-0.0236220472440944,0.31496062992126));
#9527=CARTESIAN_POINT('',(0.823622047244094,-0.0236220472440944,0.0393700787401575));
#9528=CARTESIAN_POINT('',(0.823622047244094,-0.0236220472440944,0.31496062992126));
#9529=CARTESIAN_POINT('',(0.823622047244094,-0.0236220472440944,0.0393700787401575));
#9530=CARTESIAN_POINT('Origin',(0.823622047244094,-0.0763779527559055,0.31496062992126));
#9531=CARTESIAN_POINT('',(0.823622047244094,-0.0763779527559055,0.0393700787401575));
#9532=CARTESIAN_POINT('Origin',(0.85,-0.05,0.0393700787401575));
#9533=CARTESIAN_POINT('Origin',(0.723622047244095,-0.0236220472440944,0.31496062992126));
#9534=CARTESIAN_POINT('',(0.723622047244095,-0.0236220472440944,0.0393700787401575));
#9535=CARTESIAN_POINT('',(0.723622047244095,-0.0236220472440944,0.31496062992126));
#9536=CARTESIAN_POINT('',(0.723622047244095,-0.0236220472440944,0.0393700787401575));
#9537=CARTESIAN_POINT('Origin',(0.723622047244095,-0.0763779527559055,0.31496062992126));
#9538=CARTESIAN_POINT('',(0.723622047244095,-0.0763779527559055,0.0393700787401575));
#9539=CARTESIAN_POINT('Origin',(0.75,-0.05,0.0393700787401575));
#9540=CARTESIAN_POINT('Origin',(0.623622047244095,-0.0236220472440944,0.31496062992126));
#9541=CARTESIAN_POINT('',(0.623622047244095,-0.0236220472440944,0.0393700787401575));
#9542=CARTESIAN_POINT('',(0.623622047244095,-0.0236220472440944,0.31496062992126));
#9543=CARTESIAN_POINT('',(0.623622047244095,-0.0236220472440944,0.0393700787401575));
#9544=CARTESIAN_POINT('Origin',(0.623622047244095,-0.0763779527559055,0.31496062992126));
#9545=CARTESIAN_POINT('',(0.623622047244095,-0.0763779527559055,0.0393700787401575));
#9546=CARTESIAN_POINT('Origin',(0.65,-0.05,0.0393700787401575));
#9547=CARTESIAN_POINT('Origin',(0.523622047244095,-0.0236220472440944,0.31496062992126));
#9548=CARTESIAN_POINT('',(0.523622047244095,-0.0236220472440944,0.0393700787401575));
#9549=CARTESIAN_POINT('',(0.523622047244095,-0.0236220472440944,0.31496062992126));
#9550=CARTESIAN_POINT('',(0.523622047244095,-0.0236220472440944,0.0393700787401575));
#9551=CARTESIAN_POINT('Origin',(0.523622047244095,-0.0763779527559055,0.31496062992126));
#9552=CARTESIAN_POINT('',(0.523622047244095,-0.0763779527559055,0.0393700787401575));
#9553=CARTESIAN_POINT('Origin',(0.55,-0.05,0.0393700787401575));
#9554=CARTESIAN_POINT('Origin',(0.423622047244095,-0.0236220472440944,0.31496062992126));
#9555=CARTESIAN_POINT('',(0.423622047244095,-0.0236220472440944,0.0393700787401575));
#9556=CARTESIAN_POINT('',(0.423622047244095,-0.0236220472440944,0.31496062992126));
#9557=CARTESIAN_POINT('',(0.423622047244095,-0.0236220472440944,0.0393700787401575));
#9558=CARTESIAN_POINT('Origin',(0.423622047244095,-0.0763779527559055,0.31496062992126));
#9559=CARTESIAN_POINT('',(0.423622047244095,-0.0763779527559055,0.0393700787401575));
#9560=CARTESIAN_POINT('Origin',(0.45,-0.05,0.0393700787401575));
#9561=CARTESIAN_POINT('Origin',(0.323622047244095,-0.0236220472440944,0.31496062992126));
#9562=CARTESIAN_POINT('',(0.323622047244095,-0.0236220472440944,0.0393700787401575));
#9563=CARTESIAN_POINT('',(0.323622047244095,-0.0236220472440944,0.31496062992126));
#9564=CARTESIAN_POINT('',(0.323622047244095,-0.0236220472440944,0.0393700787401575));
#9565=CARTESIAN_POINT('Origin',(0.323622047244095,-0.0763779527559055,0.31496062992126));
#9566=CARTESIAN_POINT('',(0.323622047244095,-0.0763779527559055,0.0393700787401575));
#9567=CARTESIAN_POINT('Origin',(0.35,-0.05,0.0393700787401575));
#9568=CARTESIAN_POINT('Origin',(0.223622047244095,-0.0236220472440944,0.31496062992126));
#9569=CARTESIAN_POINT('',(0.223622047244095,-0.0236220472440944,0.0393700787401575));
#9570=CARTESIAN_POINT('',(0.223622047244095,-0.0236220472440944,0.31496062992126));
#9571=CARTESIAN_POINT('',(0.223622047244095,-0.0236220472440944,0.0393700787401575));
#9572=CARTESIAN_POINT('Origin',(0.223622047244095,-0.0763779527559055,0.31496062992126));
#9573=CARTESIAN_POINT('',(0.223622047244095,-0.0763779527559055,0.0393700787401575));
#9574=CARTESIAN_POINT('Origin',(0.25,-0.05,0.0393700787401575));
#9575=CARTESIAN_POINT('Origin',(0.123622047244095,-0.0236220472440944,0.31496062992126));
#9576=CARTESIAN_POINT('',(0.123622047244095,-0.0236220472440944,0.0393700787401575));
#9577=CARTESIAN_POINT('',(0.123622047244095,-0.0236220472440944,0.31496062992126));
#9578=CARTESIAN_POINT('',(0.123622047244095,-0.0236220472440944,0.0393700787401575));
#9579=CARTESIAN_POINT('Origin',(0.123622047244095,-0.0763779527559055,0.31496062992126));
#9580=CARTESIAN_POINT('',(0.123622047244095,-0.0763779527559055,0.0393700787401575));
#9581=CARTESIAN_POINT('Origin',(0.15,-0.05,0.0393700787401575));
#9582=CARTESIAN_POINT('Origin',(0.0236220472440947,-0.0236220472440944,
0.31496062992126));
#9583=CARTESIAN_POINT('',(0.0236220472440947,-0.0236220472440944,0.0393700787401575));
#9584=CARTESIAN_POINT('',(0.0236220472440947,-0.0236220472440944,0.31496062992126));
#9585=CARTESIAN_POINT('',(0.0236220472440947,-0.0236220472440944,0.0393700787401575));
#9586=CARTESIAN_POINT('Origin',(0.0236220472440947,-0.0763779527559055,
0.31496062992126));
#9587=CARTESIAN_POINT('',(0.0236220472440947,-0.0763779527559055,0.0393700787401575));
#9588=CARTESIAN_POINT('Origin',(0.0500000000000003,-0.05,0.0393700787401575));
#9589=CARTESIAN_POINT('Origin',(-0.0763779527559053,-0.0236220472440944,
0.31496062992126));
#9590=CARTESIAN_POINT('',(-0.0763779527559053,-0.0236220472440944,0.0393700787401575));
#9591=CARTESIAN_POINT('',(-0.0763779527559053,-0.0236220472440944,0.31496062992126));
#9592=CARTESIAN_POINT('',(-0.0763779527559053,-0.0236220472440944,0.0393700787401575));
#9593=CARTESIAN_POINT('Origin',(-0.0763779527559053,-0.0763779527559055,
0.31496062992126));
#9594=CARTESIAN_POINT('',(-0.0763779527559053,-0.0763779527559055,0.0393700787401575));
#9595=CARTESIAN_POINT('Origin',(-0.0499999999999997,-0.05,0.0393700787401575));
#9596=CARTESIAN_POINT('Origin',(-0.176377952755905,-0.0236220472440944,
0.31496062992126));
#9597=CARTESIAN_POINT('',(-0.176377952755905,-0.0236220472440944,0.0393700787401575));
#9598=CARTESIAN_POINT('',(-0.176377952755905,-0.0236220472440944,0.31496062992126));
#9599=CARTESIAN_POINT('',(-0.176377952755905,-0.0236220472440944,0.0393700787401575));
#9600=CARTESIAN_POINT('Origin',(-0.176377952755905,-0.0763779527559055,
0.31496062992126));
#9601=CARTESIAN_POINT('',(-0.176377952755905,-0.0763779527559055,0.0393700787401575));
#9602=CARTESIAN_POINT('Origin',(-0.15,-0.05,0.0393700787401575));
#9603=CARTESIAN_POINT('Origin',(-0.276377952755905,-0.0236220472440944,
0.31496062992126));
#9604=CARTESIAN_POINT('',(-0.276377952755905,-0.0236220472440944,0.0393700787401575));
#9605=CARTESIAN_POINT('',(-0.276377952755905,-0.0236220472440944,0.31496062992126));
#9606=CARTESIAN_POINT('',(-0.276377952755905,-0.0236220472440944,0.0393700787401575));
#9607=CARTESIAN_POINT('Origin',(-0.276377952755905,-0.0763779527559055,
0.31496062992126));
#9608=CARTESIAN_POINT('',(-0.276377952755905,-0.0763779527559055,0.0393700787401575));
#9609=CARTESIAN_POINT('Origin',(-0.25,-0.05,0.0393700787401575));
#9610=CARTESIAN_POINT('Origin',(-0.376377952755905,-0.0236220472440944,
0.31496062992126));
#9611=CARTESIAN_POINT('',(-0.376377952755905,-0.0236220472440944,0.0393700787401575));
#9612=CARTESIAN_POINT('',(-0.376377952755905,-0.0236220472440944,0.31496062992126));
#9613=CARTESIAN_POINT('',(-0.376377952755905,-0.0236220472440944,0.0393700787401575));
#9614=CARTESIAN_POINT('Origin',(-0.376377952755905,-0.0763779527559055,
0.31496062992126));
#9615=CARTESIAN_POINT('',(-0.376377952755905,-0.0763779527559055,0.0393700787401575));
#9616=CARTESIAN_POINT('Origin',(-0.35,-0.05,0.0393700787401575));
#9617=CARTESIAN_POINT('Origin',(-0.476377952755905,-0.0236220472440944,
0.31496062992126));
#9618=CARTESIAN_POINT('',(-0.476377952755905,-0.0236220472440944,0.0393700787401575));
#9619=CARTESIAN_POINT('',(-0.476377952755905,-0.0236220472440944,0.31496062992126));
#9620=CARTESIAN_POINT('',(-0.476377952755905,-0.0236220472440944,0.0393700787401575));
#9621=CARTESIAN_POINT('Origin',(-0.476377952755905,-0.0763779527559055,
0.31496062992126));
#9622=CARTESIAN_POINT('',(-0.476377952755905,-0.0763779527559055,0.0393700787401575));
#9623=CARTESIAN_POINT('Origin',(-0.45,-0.05,0.0393700787401575));
#9624=CARTESIAN_POINT('Origin',(-0.576377952755905,-0.0236220472440944,
0.31496062992126));
#9625=CARTESIAN_POINT('',(-0.576377952755905,-0.0236220472440944,0.0393700787401575));
#9626=CARTESIAN_POINT('',(-0.576377952755905,-0.0236220472440944,0.31496062992126));
#9627=CARTESIAN_POINT('',(-0.576377952755905,-0.0236220472440944,0.0393700787401575));
#9628=CARTESIAN_POINT('Origin',(-0.576377952755905,-0.0763779527559055,
0.31496062992126));
#9629=CARTESIAN_POINT('',(-0.576377952755905,-0.0763779527559055,0.0393700787401575));
#9630=CARTESIAN_POINT('Origin',(-0.55,-0.05,0.0393700787401575));
#9631=CARTESIAN_POINT('Origin',(-0.676377952755905,-0.0236220472440944,
0.31496062992126));
#9632=CARTESIAN_POINT('',(-0.676377952755905,-0.0236220472440944,0.0393700787401575));
#9633=CARTESIAN_POINT('',(-0.676377952755905,-0.0236220472440944,0.31496062992126));
#9634=CARTESIAN_POINT('',(-0.676377952755905,-0.0236220472440944,0.0393700787401575));
#9635=CARTESIAN_POINT('Origin',(-0.676377952755905,-0.0763779527559055,
0.31496062992126));
#9636=CARTESIAN_POINT('',(-0.676377952755905,-0.0763779527559055,0.0393700787401575));
#9637=CARTESIAN_POINT('Origin',(-0.65,-0.05,0.0393700787401575));
#9638=CARTESIAN_POINT('Origin',(-0.776377952755905,-0.0236220472440944,
0.31496062992126));
#9639=CARTESIAN_POINT('',(-0.776377952755905,-0.0236220472440944,0.0393700787401575));
#9640=CARTESIAN_POINT('',(-0.776377952755905,-0.0236220472440944,0.31496062992126));
#9641=CARTESIAN_POINT('',(-0.776377952755905,-0.0236220472440944,0.0393700787401575));
#9642=CARTESIAN_POINT('Origin',(-0.776377952755905,-0.0763779527559055,
0.31496062992126));
#9643=CARTESIAN_POINT('',(-0.776377952755905,-0.0763779527559055,0.0393700787401575));
#9644=CARTESIAN_POINT('Origin',(-0.75,-0.05,0.0393700787401575));
#9645=CARTESIAN_POINT('Origin',(-0.876377952755905,-0.0236220472440944,
0.31496062992126));
#9646=CARTESIAN_POINT('',(-0.876377952755905,-0.0236220472440944,0.0393700787401575));
#9647=CARTESIAN_POINT('',(-0.876377952755905,-0.0236220472440944,0.31496062992126));
#9648=CARTESIAN_POINT('',(-0.876377952755905,-0.0236220472440944,0.0393700787401575));
#9649=CARTESIAN_POINT('Origin',(-0.876377952755905,-0.0763779527559055,
0.31496062992126));
#9650=CARTESIAN_POINT('',(-0.876377952755905,-0.0763779527559055,0.0393700787401575));
#9651=CARTESIAN_POINT('Origin',(-0.85,-0.05,0.0393700787401575));
#9652=CARTESIAN_POINT('Origin',(-0.976377952755905,-0.0236220472440944,
0.31496062992126));
#9653=CARTESIAN_POINT('',(-0.976377952755905,-0.0236220472440944,0.0393700787401575));
#9654=CARTESIAN_POINT('',(-0.976377952755905,-0.0236220472440944,0.31496062992126));
#9655=CARTESIAN_POINT('',(-0.976377952755905,-0.0236220472440944,0.0393700787401575));
#9656=CARTESIAN_POINT('Origin',(-0.976377952755905,-0.0763779527559055,
0.31496062992126));
#9657=CARTESIAN_POINT('',(-0.976377952755905,-0.0763779527559055,0.0393700787401575));
#9658=CARTESIAN_POINT('Origin',(-0.95,-0.05,0.0393700787401575));
#9659=CARTESIAN_POINT('Origin',(0.923622047244095,0.0763779527559056,0.31496062992126));
#9660=CARTESIAN_POINT('',(0.923622047244095,0.0763779527559056,0.0393700787401575));
#9661=CARTESIAN_POINT('',(0.923622047244095,0.0763779527559056,0.31496062992126));
#9662=CARTESIAN_POINT('',(0.923622047244095,0.0763779527559056,0.0393700787401575));
#9663=CARTESIAN_POINT('Origin',(0.923622047244095,0.0236220472440945,0.31496062992126));
#9664=CARTESIAN_POINT('',(0.923622047244095,0.0236220472440944,0.0393700787401575));
#9665=CARTESIAN_POINT('Origin',(0.950000000000001,0.05,0.0393700787401575));
#9666=CARTESIAN_POINT('Origin',(0.823622047244094,0.0763779527559056,0.31496062992126));
#9667=CARTESIAN_POINT('',(0.823622047244094,0.0763779527559056,0.0393700787401575));
#9668=CARTESIAN_POINT('',(0.823622047244094,0.0763779527559056,0.31496062992126));
#9669=CARTESIAN_POINT('',(0.823622047244094,0.0763779527559056,0.0393700787401575));
#9670=CARTESIAN_POINT('Origin',(0.823622047244094,0.0236220472440945,0.31496062992126));
#9671=CARTESIAN_POINT('',(0.823622047244094,0.0236220472440944,0.0393700787401575));
#9672=CARTESIAN_POINT('Origin',(0.85,0.05,0.0393700787401575));
#9673=CARTESIAN_POINT('Origin',(0.723622047244095,0.0763779527559056,0.31496062992126));
#9674=CARTESIAN_POINT('',(0.723622047244095,0.0763779527559056,0.0393700787401575));
#9675=CARTESIAN_POINT('',(0.723622047244095,0.0763779527559056,0.31496062992126));
#9676=CARTESIAN_POINT('',(0.723622047244095,0.0763779527559056,0.0393700787401575));
#9677=CARTESIAN_POINT('Origin',(0.723622047244095,0.0236220472440945,0.31496062992126));
#9678=CARTESIAN_POINT('',(0.723622047244095,0.0236220472440944,0.0393700787401575));
#9679=CARTESIAN_POINT('Origin',(0.75,0.05,0.0393700787401575));
#9680=CARTESIAN_POINT('Origin',(0.623622047244095,0.0763779527559056,0.31496062992126));
#9681=CARTESIAN_POINT('',(0.623622047244095,0.0763779527559056,0.0393700787401575));
#9682=CARTESIAN_POINT('',(0.623622047244095,0.0763779527559056,0.31496062992126));
#9683=CARTESIAN_POINT('',(0.623622047244095,0.0763779527559056,0.0393700787401575));
#9684=CARTESIAN_POINT('Origin',(0.623622047244095,0.0236220472440945,0.31496062992126));
#9685=CARTESIAN_POINT('',(0.623622047244095,0.0236220472440944,0.0393700787401575));
#9686=CARTESIAN_POINT('Origin',(0.65,0.05,0.0393700787401575));
#9687=CARTESIAN_POINT('Origin',(0.523622047244095,0.0763779527559056,0.31496062992126));
#9688=CARTESIAN_POINT('',(0.523622047244095,0.0763779527559056,0.0393700787401575));
#9689=CARTESIAN_POINT('',(0.523622047244095,0.0763779527559056,0.31496062992126));
#9690=CARTESIAN_POINT('',(0.523622047244095,0.0763779527559056,0.0393700787401575));
#9691=CARTESIAN_POINT('Origin',(0.523622047244095,0.0236220472440945,0.31496062992126));
#9692=CARTESIAN_POINT('',(0.523622047244095,0.0236220472440944,0.0393700787401575));
#9693=CARTESIAN_POINT('Origin',(0.55,0.05,0.0393700787401575));
#9694=CARTESIAN_POINT('Origin',(0.423622047244095,0.0763779527559056,0.31496062992126));
#9695=CARTESIAN_POINT('',(0.423622047244095,0.0763779527559056,0.0393700787401575));
#9696=CARTESIAN_POINT('',(0.423622047244095,0.0763779527559056,0.31496062992126));
#9697=CARTESIAN_POINT('',(0.423622047244095,0.0763779527559056,0.0393700787401575));
#9698=CARTESIAN_POINT('Origin',(0.423622047244095,0.0236220472440945,0.31496062992126));
#9699=CARTESIAN_POINT('',(0.423622047244095,0.0236220472440944,0.0393700787401575));
#9700=CARTESIAN_POINT('Origin',(0.45,0.05,0.0393700787401575));
#9701=CARTESIAN_POINT('Origin',(0.323622047244095,0.0763779527559056,0.31496062992126));
#9702=CARTESIAN_POINT('',(0.323622047244095,0.0763779527559056,0.0393700787401575));
#9703=CARTESIAN_POINT('',(0.323622047244095,0.0763779527559056,0.31496062992126));
#9704=CARTESIAN_POINT('',(0.323622047244095,0.0763779527559056,0.0393700787401575));
#9705=CARTESIAN_POINT('Origin',(0.323622047244095,0.0236220472440945,0.31496062992126));
#9706=CARTESIAN_POINT('',(0.323622047244095,0.0236220472440944,0.0393700787401575));
#9707=CARTESIAN_POINT('Origin',(0.35,0.05,0.0393700787401575));
#9708=CARTESIAN_POINT('Origin',(0.223622047244095,0.0763779527559056,0.31496062992126));
#9709=CARTESIAN_POINT('',(0.223622047244095,0.0763779527559056,0.0393700787401575));
#9710=CARTESIAN_POINT('',(0.223622047244095,0.0763779527559056,0.31496062992126));
#9711=CARTESIAN_POINT('',(0.223622047244095,0.0763779527559056,0.0393700787401575));
#9712=CARTESIAN_POINT('Origin',(0.223622047244095,0.0236220472440945,0.31496062992126));
#9713=CARTESIAN_POINT('',(0.223622047244095,0.0236220472440944,0.0393700787401575));
#9714=CARTESIAN_POINT('Origin',(0.25,0.05,0.0393700787401575));
#9715=CARTESIAN_POINT('Origin',(0.123622047244095,0.0763779527559056,0.31496062992126));
#9716=CARTESIAN_POINT('',(0.123622047244095,0.0763779527559056,0.0393700787401575));
#9717=CARTESIAN_POINT('',(0.123622047244095,0.0763779527559056,0.31496062992126));
#9718=CARTESIAN_POINT('',(0.123622047244095,0.0763779527559056,0.0393700787401575));
#9719=CARTESIAN_POINT('Origin',(0.123622047244095,0.0236220472440945,0.31496062992126));
#9720=CARTESIAN_POINT('',(0.123622047244095,0.0236220472440944,0.0393700787401575));
#9721=CARTESIAN_POINT('Origin',(0.15,0.05,0.0393700787401575));
#9722=CARTESIAN_POINT('Origin',(0.0236220472440947,0.0763779527559056,0.31496062992126));
#9723=CARTESIAN_POINT('',(0.0236220472440947,0.0763779527559056,0.0393700787401575));
#9724=CARTESIAN_POINT('',(0.0236220472440947,0.0763779527559056,0.31496062992126));
#9725=CARTESIAN_POINT('',(0.0236220472440947,0.0763779527559056,0.0393700787401575));
#9726=CARTESIAN_POINT('Origin',(0.0236220472440947,0.0236220472440945,0.31496062992126));
#9727=CARTESIAN_POINT('',(0.0236220472440947,0.0236220472440944,0.0393700787401575));
#9728=CARTESIAN_POINT('Origin',(0.0500000000000003,0.05,0.0393700787401575));
#9729=CARTESIAN_POINT('Origin',(-0.0763779527559053,0.0763779527559056,
0.31496062992126));
#9730=CARTESIAN_POINT('',(-0.0763779527559053,0.0763779527559056,0.0393700787401575));
#9731=CARTESIAN_POINT('',(-0.0763779527559053,0.0763779527559056,0.31496062992126));
#9732=CARTESIAN_POINT('',(-0.0763779527559053,0.0763779527559056,0.0393700787401575));
#9733=CARTESIAN_POINT('Origin',(-0.0763779527559053,0.0236220472440945,
0.31496062992126));
#9734=CARTESIAN_POINT('',(-0.0763779527559053,0.0236220472440944,0.0393700787401575));
#9735=CARTESIAN_POINT('Origin',(-0.0499999999999997,0.05,0.0393700787401575));
#9736=CARTESIAN_POINT('Origin',(-0.176377952755905,0.0763779527559056,0.31496062992126));
#9737=CARTESIAN_POINT('',(-0.176377952755905,0.0763779527559056,0.0393700787401575));
#9738=CARTESIAN_POINT('',(-0.176377952755905,0.0763779527559056,0.31496062992126));
#9739=CARTESIAN_POINT('',(-0.176377952755905,0.0763779527559056,0.0393700787401575));
#9740=CARTESIAN_POINT('Origin',(-0.176377952755905,0.0236220472440945,0.31496062992126));
#9741=CARTESIAN_POINT('',(-0.176377952755905,0.0236220472440944,0.0393700787401575));
#9742=CARTESIAN_POINT('Origin',(-0.15,0.05,0.0393700787401575));
#9743=CARTESIAN_POINT('Origin',(-0.276377952755905,0.0763779527559056,0.31496062992126));
#9744=CARTESIAN_POINT('',(-0.276377952755905,0.0763779527559056,0.0393700787401575));
#9745=CARTESIAN_POINT('',(-0.276377952755905,0.0763779527559056,0.31496062992126));
#9746=CARTESIAN_POINT('',(-0.276377952755905,0.0763779527559056,0.0393700787401575));
#9747=CARTESIAN_POINT('Origin',(-0.276377952755905,0.0236220472440945,0.31496062992126));
#9748=CARTESIAN_POINT('',(-0.276377952755905,0.0236220472440944,0.0393700787401575));
#9749=CARTESIAN_POINT('Origin',(-0.25,0.05,0.0393700787401575));
#9750=CARTESIAN_POINT('Origin',(-0.376377952755905,0.0763779527559056,0.31496062992126));
#9751=CARTESIAN_POINT('',(-0.376377952755905,0.0763779527559056,0.0393700787401575));
#9752=CARTESIAN_POINT('',(-0.376377952755905,0.0763779527559056,0.31496062992126));
#9753=CARTESIAN_POINT('',(-0.376377952755905,0.0763779527559056,0.0393700787401575));
#9754=CARTESIAN_POINT('Origin',(-0.376377952755905,0.0236220472440945,0.31496062992126));
#9755=CARTESIAN_POINT('',(-0.376377952755905,0.0236220472440944,0.0393700787401575));
#9756=CARTESIAN_POINT('Origin',(-0.35,0.05,0.0393700787401575));
#9757=CARTESIAN_POINT('Origin',(-0.476377952755905,0.0763779527559056,0.31496062992126));
#9758=CARTESIAN_POINT('',(-0.476377952755905,0.0763779527559056,0.0393700787401575));
#9759=CARTESIAN_POINT('',(-0.476377952755905,0.0763779527559056,0.31496062992126));
#9760=CARTESIAN_POINT('',(-0.476377952755905,0.0763779527559056,0.0393700787401575));
#9761=CARTESIAN_POINT('Origin',(-0.476377952755905,0.0236220472440945,0.31496062992126));
#9762=CARTESIAN_POINT('',(-0.476377952755905,0.0236220472440944,0.0393700787401575));
#9763=CARTESIAN_POINT('Origin',(-0.45,0.05,0.0393700787401575));
#9764=CARTESIAN_POINT('Origin',(-0.576377952755905,0.0763779527559056,0.31496062992126));
#9765=CARTESIAN_POINT('',(-0.576377952755905,0.0763779527559056,0.0393700787401575));
#9766=CARTESIAN_POINT('',(-0.576377952755905,0.0763779527559056,0.31496062992126));
#9767=CARTESIAN_POINT('',(-0.576377952755905,0.0763779527559056,0.0393700787401575));
#9768=CARTESIAN_POINT('Origin',(-0.576377952755905,0.0236220472440945,0.31496062992126));
#9769=CARTESIAN_POINT('',(-0.576377952755905,0.0236220472440944,0.0393700787401575));
#9770=CARTESIAN_POINT('Origin',(-0.55,0.05,0.0393700787401575));
#9771=CARTESIAN_POINT('Origin',(-0.676377952755905,0.0763779527559056,0.31496062992126));
#9772=CARTESIAN_POINT('',(-0.676377952755905,0.0763779527559056,0.0393700787401575));
#9773=CARTESIAN_POINT('',(-0.676377952755905,0.0763779527559056,0.31496062992126));
#9774=CARTESIAN_POINT('',(-0.676377952755905,0.0763779527559056,0.0393700787401575));
#9775=CARTESIAN_POINT('Origin',(-0.676377952755905,0.0236220472440945,0.31496062992126));
#9776=CARTESIAN_POINT('',(-0.676377952755905,0.0236220472440944,0.0393700787401575));
#9777=CARTESIAN_POINT('Origin',(-0.65,0.05,0.0393700787401575));
#9778=CARTESIAN_POINT('Origin',(-0.776377952755905,0.0763779527559056,0.31496062992126));
#9779=CARTESIAN_POINT('',(-0.776377952755905,0.0763779527559056,0.0393700787401575));
#9780=CARTESIAN_POINT('',(-0.776377952755905,0.0763779527559056,0.31496062992126));
#9781=CARTESIAN_POINT('',(-0.776377952755905,0.0763779527559056,0.0393700787401575));
#9782=CARTESIAN_POINT('Origin',(-0.776377952755905,0.0236220472440945,0.31496062992126));
#9783=CARTESIAN_POINT('',(-0.776377952755905,0.0236220472440944,0.0393700787401575));
#9784=CARTESIAN_POINT('Origin',(-0.75,0.05,0.0393700787401575));
#9785=CARTESIAN_POINT('Origin',(-0.876377952755905,0.0763779527559056,0.31496062992126));
#9786=CARTESIAN_POINT('',(-0.876377952755905,0.0763779527559056,0.0393700787401575));
#9787=CARTESIAN_POINT('',(-0.876377952755905,0.0763779527559056,0.31496062992126));
#9788=CARTESIAN_POINT('',(-0.876377952755905,0.0763779527559056,0.0393700787401575));
#9789=CARTESIAN_POINT('Origin',(-0.876377952755905,0.0236220472440945,0.31496062992126));
#9790=CARTESIAN_POINT('',(-0.876377952755905,0.0236220472440944,0.0393700787401575));
#9791=CARTESIAN_POINT('Origin',(-0.85,0.05,0.0393700787401575));
#9792=CARTESIAN_POINT('Origin',(-0.915748031496063,0.0381889763779528,0.307086614173228));
#9793=CARTESIAN_POINT('',(-0.923622047244094,0.0763779527559056,0.299212598425197));
#9794=CARTESIAN_POINT('',(-0.907874015748031,0.0921259842519686,0.31496062992126));
#9795=CARTESIAN_POINT('',(-0.923622047244094,0.0236220472440945,0.299212598425197));
#9796=CARTESIAN_POINT('',(-0.923622047244094,0.0381889763779528,0.299212598425197));
#9797=CARTESIAN_POINT('',(-0.923622047244094,0.0236220472440945,0.299212598425197));
#9798=CARTESIAN_POINT('Origin',(-0.488188976377953,0.084251968503937,0.307086614173228));
#9799=CARTESIAN_POINT('',(-0.976377952755905,0.0763779527559056,0.299212598425197));
#9800=CARTESIAN_POINT('',(-0.992125984251968,0.0921259842519686,0.31496062992126));
#9801=CARTESIAN_POINT('',(-0.488188976377953,0.0763779527559055,0.299212598425197));
#9802=CARTESIAN_POINT('Origin',(-0.984251968503937,0.0118110236220472,0.307086614173228));
#9803=CARTESIAN_POINT('',(-0.976377952755905,0.0236220472440945,0.299212598425197));
#9804=CARTESIAN_POINT('',(-0.976377952755905,0.0118110236220472,0.299212598425197));
#9805=CARTESIAN_POINT('',(-0.992125984251968,0.00787401574803148,0.31496062992126));
#9806=CARTESIAN_POINT('Origin',(-0.461811023622047,0.0157480314960629,0.307086614173228));
#9807=CARTESIAN_POINT('',(-0.461811023622047,0.0236220472440944,0.299212598425197));
#9808=CARTESIAN_POINT('Origin',(-0.923622047244094,0.0236220472440945,0.31496062992126));
#9809=CARTESIAN_POINT('',(-0.923622047244094,0.0236220472440944,0.0393700787401575));
#9810=CARTESIAN_POINT('',(-0.923622047244094,0.0236220472440945,0.31496062992126));
#9811=CARTESIAN_POINT('',(-0.976377952755905,0.0236220472440944,0.0393700787401575));
#9812=CARTESIAN_POINT('',(-0.923622047244094,0.0236220472440944,0.0393700787401575));
#9813=CARTESIAN_POINT('',(-0.976377952755905,0.0236220472440945,0.31496062992126));
#9814=CARTESIAN_POINT('Origin',(-0.923622047244094,0.0763779527559056,0.31496062992126));
#9815=CARTESIAN_POINT('',(-0.923622047244094,0.0763779527559056,0.0393700787401575));
#9816=CARTESIAN_POINT('',(-0.923622047244094,0.0763779527559056,0.31496062992126));
#9817=CARTESIAN_POINT('',(-0.923622047244094,0.0763779527559056,0.0393700787401575));
#9818=CARTESIAN_POINT('Origin',(-0.976377952755905,0.0763779527559056,0.31496062992126));
#9819=CARTESIAN_POINT('',(-0.976377952755905,0.0763779527559056,0.0393700787401575));
#9820=CARTESIAN_POINT('',(-0.976377952755905,0.0763779527559056,0.31496062992126));
#9821=CARTESIAN_POINT('',(-0.976377952755905,0.0763779527559056,0.0393700787401575));
#9822=CARTESIAN_POINT('Origin',(-0.976377952755905,0.0236220472440945,0.31496062992126));
#9823=CARTESIAN_POINT('',(-0.976377952755905,0.0236220472440944,0.0393700787401575));
#9824=CARTESIAN_POINT('Origin',(-0.95,0.05,0.0393700787401575));
#9825=CARTESIAN_POINT('Origin',(0.,-3.85715527290505E-17,0.));
#9826=UNCERTAINTY_MEASURE_WITH_UNIT(LENGTH_MEASURE(0.000393700787401575),
#9830,'DISTANCE_ACCURACY_VALUE',
'Maximum model space distance between geometric entities at asserted c
onnectivities');
#9827=UNCERTAINTY_MEASURE_WITH_UNIT(LENGTH_MEASURE(1.E-6),#9831,
'DISTANCE_ACCURACY_VALUE',
'Maximum model space distance between geometric entities at asserted c
onnectivities');
#9828=(
GEOMETRIC_REPRESENTATION_CONTEXT(3)
GLOBAL_UNCERTAINTY_ASSIGNED_CONTEXT((#9826))
GLOBAL_UNIT_ASSIGNED_CONTEXT((#9830,#9836,#9833))
REPRESENTATION_CONTEXT('','3D')
);
#9829=(
GEOMETRIC_REPRESENTATION_CONTEXT(3)
GLOBAL_UNCERTAINTY_ASSIGNED_CONTEXT((#9827))
GLOBAL_UNIT_ASSIGNED_CONTEXT((#9831,#9836,#9833))
REPRESENTATION_CONTEXT('','3D')
);
#9830=(
CONVERSION_BASED_UNIT('__CONSTANT UNIT inch',#9832)
LENGTH_UNIT()
NAMED_UNIT(#9835)
);
#9831=(
LENGTH_UNIT()
NAMED_UNIT(*)
SI_UNIT(.MILLI.,.METRE.)
);
#9832=LENGTH_MEASURE_WITH_UNIT(LENGTH_MEASURE(25.4),#9831);
#9833=(
NAMED_UNIT(*)
SI_UNIT($,.STERADIAN.)
SOLID_ANGLE_UNIT()
);
#9834=DIMENSIONAL_EXPONENTS(0.,0.,0.,0.,0.,0.,0.);
#9835=DIMENSIONAL_EXPONENTS(1.,0.,0.,0.,0.,0.,0.);
#9836=(
CONVERSION_BASED_UNIT('degree',#9838)
NAMED_UNIT(#9834)
PLANE_ANGLE_UNIT()
);
#9837=(
NAMED_UNIT(*)
PLANE_ANGLE_UNIT()
SI_UNIT($,.RADIAN.)
);
#9838=PLANE_ANGLE_MEASURE_WITH_UNIT(PLANE_ANGLE_MEASURE(0.01745329252),
#9837);
#9839=SHAPE_DEFINITION_REPRESENTATION(#9840,#9841);
#9840=PRODUCT_DEFINITION_SHAPE('',$,#9843);
#9841=SHAPE_REPRESENTATION('',(#6198),#9828);
#9842=PRODUCT_DEFINITION_CONTEXT('part definition',#9847,'design');
#9843=PRODUCT_DEFINITION('40pinGPIOcover','40pinGPIOcover',#9844,#9842);
#9844=PRODUCT_DEFINITION_FORMATION('H.1',$,#9849);
#9845=PRODUCT_RELATED_PRODUCT_CATEGORY('40pinGPIOcover',
'40pinGPIOcover',(#9849));
#9846=APPLICATION_PROTOCOL_DEFINITION('international standard',
'automotive_design',2009,#9847);
#9847=APPLICATION_CONTEXT(
'Core Data for Automotive Mechanical Design Process');
#9848=PRODUCT_CONTEXT('part definition',#9847,'mechanical');
#9849=PRODUCT('40pinGPIOcover','40pinGPIOcover',$,(#9848));
#9850=PRESENTATION_STYLE_ASSIGNMENT((#9851));
#9851=SURFACE_STYLE_USAGE(.BOTH.,#9852);
#9852=SURFACE_SIDE_STYLE('',(#9853));
#9853=SURFACE_STYLE_FILL_AREA(#9854);
#9854=FILL_AREA_STYLE('',(#9855));
#9855=FILL_AREA_STYLE_COLOUR('',#9856);
#9856=COLOUR_RGB('',0.749019607843137,0.749019607843137,0.749019607843137);
ENDSEC;
END-ISO-10303-21;
