ISO-10303-21;
HEADER;
FILE_DESCRIPTION(('FreeCAD Model'),'2;1');
FILE_NAME('Open CASCADE Shape Model','2026-09-27T10:07:32',(''),(''),
  'Open CASCADE STEP processor 7.8','FreeCAD','Unknown');
FILE_SCHEMA(('AUTOMOTIVE_DESIGN { 1 0 10303 214 1 1 1 1 }'));
ENDSEC;
DATA;
#1 = APPLICATION_PROTOCOL_DEFINITION('international standard',
  'automotive_design',2000,#2);
#2 = APPLICATION_CONTEXT(
  'core data for automotive mechanical design processes');
#3 = SHAPE_DEFINITION_REPRESENTATION(#4,#10);
#4 = PRODUCT_DEFINITION_SHAPE('','',#5);
#5 = PRODUCT_DEFINITION('design','',#6,#9);
#6 = PRODUCT_DEFINITION_FORMATION('','',#7);
#7 = PRODUCT('Body','Body','',(#8));
#8 = PRODUCT_CONTEXT('',#2,'mechanical');
#9 = PRODUCT_DEFINITION_CONTEXT('part definition',#2,'design');
#10 = ADVANCED_BREP_SHAPE_REPRESENTATION('',(#11,#15),#9003);
#11 = AXIS2_PLACEMENT_3D('',#12,#13,#14);
#12 = CARTESIAN_POINT('',(0.,0.,0.));
#13 = DIRECTION('',(0.,0.,1.));
#14 = DIRECTION('',(1.,0.,-0.));
#15 = MANIFOLD_SOLID_BREP('',#16);
#16 = CLOSED_SHELL('',(#17,#57,#88,#144,#168,#209,#1523,#1556,#1580,
    #1604,#1621,#1645,#1659,#1690,#1714,#1738,#1755,#1786,#1810,#1834,
    #1851,#1882,#1906,#1930,#1947,#1978,#2002,#2026,#2043,#2074,#2098,
    #2122,#2139,#2170,#2194,#2218,#2235,#2266,#2290,#2314,#2331,#2362,
    #2386,#2410,#2427,#2458,#2482,#2506,#2523,#2554,#2578,#2602,#2619,
    #2650,#2674,#2698,#2715,#2746,#2770,#2794,#2811,#2842,#2866,#2890,
    #2907,#2938,#2962,#2986,#3003,#3034,#3058,#3082,#3099,#3130,#3154,
    #3178,#3195,#3226,#3250,#3274,#3291,#3322,#3346,#3370,#3387,#3418,
    #3442,#3466,#3483,#3514,#3538,#3562,#3579,#3610,#3634,#3658,#3675,
    #3706,#3730,#3754,#3771,#3802,#3826,#3850,#3867,#3898,#3922,#3946,
    #3963,#3994,#4018,#4042,#4059,#4090,#4114,#4138,#4155,#4186,#4210,
    #4234,#4251,#4282,#4306,#4330,#4347,#4378,#4402,#4426,#4443,#4474,
    #4498,#4522,#4539,#4570,#4594,#4618,#4635,#4666,#4690,#4714,#4731,
    #4762,#4786,#4810,#4827,#4858,#4882,#4906,#4923,#4954,#4978,#5002,
    #5019,#5050,#5074,#5098,#5115,#5146,#5170,#5194,#5211,#5242,#5266,
    #5290,#5307,#5338,#5362,#5386,#5403,#5434,#5458,#5482,#5499,#5530,
    #5554,#5578,#5595,#5626,#5650,#5674,#5691,#5722,#5746,#5770,#5787,
    #5818,#5842,#5866,#5883,#5914,#5938,#5962,#5979,#6010,#6034,#6058,
    #6075,#6106,#6130,#6154,#6171,#6202,#6226,#6250,#6267,#6298,#6322,
    #6346,#6363,#6394,#6418,#6442,#6459,#6490,#6514,#6538,#6555,#6586,
    #6610,#6634,#6651,#6682,#6706,#6730,#6747,#6778,#6802,#6826,#6843,
    #6874,#6898,#6922,#6939,#6970,#6994,#7018,#7035,#7066,#7090,#7114,
    #7131,#7162,#7186,#7210,#7227,#7258,#7282,#7306,#7323,#7354,#7378,
    #7402,#7419,#7450,#7474,#7498,#7515,#7546,#7570,#7594,#7611,#7642,
    #7666,#7690,#7707,#7738,#7762,#7786,#7803,#7834,#7858,#7882,#7899,
    #7930,#7954,#7978,#7995,#8026,#8050,#8074,#8091,#8122,#8146,#8170,
    #8187,#8218,#8242,#8266,#8283,#8314,#8338,#8362,#8379,#8410,#8434,
    #8458,#8475,#8506,#8530,#8554,#8571,#8583,#8595,#8607,#8619,#8631,
    #8643,#8655,#8667,#8679,#8691,#8703,#8715,#8727,#8739,#8751,#8763,
    #8775,#8787,#8799,#8811,#8823,#8835,#8847,#8859,#8871,#8883,#8895,
    #8907,#8919,#8931,#8943,#8955,#8967,#8979,#8991));
#17 = ADVANCED_FACE('',(#18),#52,.T.);
#18 = FACE_BOUND('',#19,.T.);
#19 = EDGE_LOOP('',(#20,#30,#38,#46));
#20 = ORIENTED_EDGE('',*,*,#21,.F.);
#21 = EDGE_CURVE('',#22,#24,#26,.T.);
#22 = VERTEX_POINT('',#23);
#23 = CARTESIAN_POINT('',(-15.44,-2.74,1.06));
#24 = VERTEX_POINT('',#25);
#25 = CARTESIAN_POINT('',(25.5,-2.74,1.06));
#26 = LINE('',#27,#28);
#27 = CARTESIAN_POINT('',(25.98,-2.74,1.06));
#28 = VECTOR('',#29,1.);
#29 = DIRECTION('',(1.,0.,0.));
#30 = ORIENTED_EDGE('',*,*,#31,.F.);
#31 = EDGE_CURVE('',#32,#22,#34,.T.);
#32 = VERTEX_POINT('',#33);
#33 = CARTESIAN_POINT('',(-15.44,-3.5,0.3));
#34 = LINE('',#35,#36);
#35 = CARTESIAN_POINT('',(-15.44,-2.56,1.24));
#36 = VECTOR('',#37,1.);
#37 = DIRECTION('',(0.,0.707106781187,0.707106781187));
#38 = ORIENTED_EDGE('',*,*,#39,.T.);
#39 = EDGE_CURVE('',#32,#40,#42,.T.);
#40 = VERTEX_POINT('',#41);
#41 = CARTESIAN_POINT('',(25.5,-3.5,0.3));
#42 = LINE('',#43,#44);
#43 = CARTESIAN_POINT('',(26.36,-3.5,0.3));
#44 = VECTOR('',#45,1.);
#45 = DIRECTION('',(1.,0.,0.));
#46 = ORIENTED_EDGE('',*,*,#47,.T.);
#47 = EDGE_CURVE('',#40,#24,#48,.T.);
#48 = LINE('',#49,#50);
#49 = CARTESIAN_POINT('',(25.5,-1.385,2.415));
#50 = VECTOR('',#51,1.);
#51 = DIRECTION('',(0.,0.707106781187,0.707106781187));
#52 = PLANE('',#53);
#53 = AXIS2_PLACEMENT_3D('',#54,#55,#56);
#54 = CARTESIAN_POINT('',(26.36,-3.12,0.68));
#55 = DIRECTION('',(0.,-0.707106781187,0.707106781187));
#56 = DIRECTION('',(-1.,0.,0.));
#57 = ADVANCED_FACE('',(#58),#83,.T.);
#58 = FACE_BOUND('',#59,.T.);
#59 = EDGE_LOOP('',(#60,#61,#69,#77));
#60 = ORIENTED_EDGE('',*,*,#21,.T.);
#61 = ORIENTED_EDGE('',*,*,#62,.T.);
#62 = EDGE_CURVE('',#24,#63,#65,.T.);
#63 = VERTEX_POINT('',#64);
#64 = CARTESIAN_POINT('',(25.5,-2.74,8.));
#65 = LINE('',#66,#67);
#66 = CARTESIAN_POINT('',(25.5,-2.74,8.));
#67 = VECTOR('',#68,1.);
#68 = DIRECTION('',(0.,1.2E-16,1.));
#69 = ORIENTED_EDGE('',*,*,#70,.T.);
#70 = EDGE_CURVE('',#63,#71,#73,.T.);
#71 = VERTEX_POINT('',#72);
#72 = CARTESIAN_POINT('',(-15.44,-2.74,8.));
#73 = LINE('',#74,#75);
#74 = CARTESIAN_POINT('',(25.6,-2.74,8.));
#75 = VECTOR('',#76,1.);
#76 = DIRECTION('',(-1.,0.,0.));
#77 = ORIENTED_EDGE('',*,*,#78,.F.);
#78 = EDGE_CURVE('',#22,#71,#79,.T.);
#79 = LINE('',#80,#81);
#80 = CARTESIAN_POINT('',(-15.44,-2.74,4.));
#81 = VECTOR('',#82,1.);
#82 = DIRECTION('',(0.,1.2E-16,1.));
#83 = PLANE('',#84);
#84 = AXIS2_PLACEMENT_3D('',#85,#86,#87);
#85 = CARTESIAN_POINT('',(25.6,-2.74,8.));
#86 = DIRECTION('',(0.,-1.,1.2E-16));
#87 = DIRECTION('',(-1.,0.,0.));
#88 = ADVANCED_FACE('',(#89),#139,.F.);
#89 = FACE_BOUND('',#90,.T.);
#90 = EDGE_LOOP('',(#91,#92,#100,#108,#116,#124,#132,#138));
#91 = ORIENTED_EDGE('',*,*,#47,.F.);
#92 = ORIENTED_EDGE('',*,*,#93,.F.);
#93 = EDGE_CURVE('',#94,#40,#96,.T.);
#94 = VERTEX_POINT('',#95);
#95 = CARTESIAN_POINT('',(25.5,-3.5,0.));
#96 = LINE('',#97,#98);
#97 = CARTESIAN_POINT('',(25.5,-3.5,4.));
#98 = VECTOR('',#99,1.);
#99 = DIRECTION('',(0.,5.9E-16,1.));
#100 = ORIENTED_EDGE('',*,*,#101,.F.);
#101 = EDGE_CURVE('',#102,#94,#104,.T.);
#102 = VERTEX_POINT('',#103);
#103 = CARTESIAN_POINT('',(25.5,3.5,0.));
#104 = LINE('',#105,#106);
#105 = CARTESIAN_POINT('',(25.5,-1.75,0.));
#106 = VECTOR('',#107,1.);
#107 = DIRECTION('',(0.,-1.,1.2E-16));
#108 = ORIENTED_EDGE('',*,*,#109,.F.);
#109 = EDGE_CURVE('',#110,#102,#112,.T.);
#110 = VERTEX_POINT('',#111);
#111 = CARTESIAN_POINT('',(25.5,3.5,0.3));
#112 = LINE('',#113,#114);
#113 = CARTESIAN_POINT('',(25.5,3.5,4.));
#114 = VECTOR('',#115,1.);
#115 = DIRECTION('',(0.,3.4E-16,-1.));
#116 = ORIENTED_EDGE('',*,*,#117,.F.);
#117 = EDGE_CURVE('',#118,#110,#120,.T.);
#118 = VERTEX_POINT('',#119);
#119 = CARTESIAN_POINT('',(25.5,2.74,1.06));
#120 = LINE('',#121,#122);
#121 = CARTESIAN_POINT('',(25.5,-0.365,4.165));
#122 = VECTOR('',#123,1.);
#123 = DIRECTION('',(0.,0.707106781187,-0.707106781187));
#124 = ORIENTED_EDGE('',*,*,#125,.F.);
#125 = EDGE_CURVE('',#126,#118,#128,.T.);
#126 = VERTEX_POINT('',#127);
#127 = CARTESIAN_POINT('',(25.5,2.74,8.));
#128 = LINE('',#129,#130);
#129 = CARTESIAN_POINT('',(25.5,2.74,8.));
#130 = VECTOR('',#131,1.);
#131 = DIRECTION('',(0.,-1.2E-16,-1.));
#132 = ORIENTED_EDGE('',*,*,#133,.F.);
#133 = EDGE_CURVE('',#63,#126,#134,.T.);
#134 = LINE('',#135,#136);
#135 = CARTESIAN_POINT('',(25.5,-1.75,8.));
#136 = VECTOR('',#137,1.);
#137 = DIRECTION('',(0.,1.,-1.2E-16));
#138 = ORIENTED_EDGE('',*,*,#62,.F.);
#139 = PLANE('',#140);
#140 = AXIS2_PLACEMENT_3D('',#141,#142,#143);
#141 = CARTESIAN_POINT('',(25.5,-3.5,8.));
#142 = DIRECTION('',(-1.,0.,0.));
#143 = DIRECTION('',(0.,1.,-1.4E-16));
#144 = ADVANCED_FACE('',(#145),#163,.T.);
#145 = FACE_BOUND('',#146,.T.);
#146 = EDGE_LOOP('',(#147,#148,#156,#162));
#147 = ORIENTED_EDGE('',*,*,#39,.F.);
#148 = ORIENTED_EDGE('',*,*,#149,.F.);
#149 = EDGE_CURVE('',#150,#32,#152,.T.);
#150 = VERTEX_POINT('',#151);
#151 = CARTESIAN_POINT('',(-15.44,-3.5,-0.));
#152 = LINE('',#153,#154);
#153 = CARTESIAN_POINT('',(-15.44,-3.5,-0.));
#154 = VECTOR('',#155,1.);
#155 = DIRECTION('',(0.,0.,1.));
#156 = ORIENTED_EDGE('',*,*,#157,.F.);
#157 = EDGE_CURVE('',#94,#150,#158,.T.);
#158 = LINE('',#159,#160);
#159 = CARTESIAN_POINT('',(26.36,-3.5,0.));
#160 = VECTOR('',#161,1.);
#161 = DIRECTION('',(-1.,0.,0.));
#162 = ORIENTED_EDGE('',*,*,#93,.T.);
#163 = PLANE('',#164);
#164 = AXIS2_PLACEMENT_3D('',#165,#166,#167);
#165 = CARTESIAN_POINT('',(26.36,-3.5,0.));
#166 = DIRECTION('',(0.,-1.,5.9E-16));
#167 = DIRECTION('',(-5.6E-16,5.9E-16,1.));
#168 = ADVANCED_FACE('',(#169),#204,.F.);
#169 = FACE_BOUND('',#170,.F.);
#170 = EDGE_LOOP('',(#171,#179,#187,#195,#201,#202,#203));
#171 = ORIENTED_EDGE('',*,*,#172,.F.);
#172 = EDGE_CURVE('',#173,#150,#175,.T.);
#173 = VERTEX_POINT('',#174);
#174 = CARTESIAN_POINT('',(-15.44,-0.2,-0.));
#175 = LINE('',#176,#177);
#176 = CARTESIAN_POINT('',(-15.44,-0.2,0.));
#177 = VECTOR('',#178,1.);
#178 = DIRECTION('',(0.,-1.,0.));
#179 = ORIENTED_EDGE('',*,*,#180,.T.);
#180 = EDGE_CURVE('',#173,#181,#183,.T.);
#181 = VERTEX_POINT('',#182);
#182 = CARTESIAN_POINT('',(-15.44,-0.2,8.));
#183 = LINE('',#184,#185);
#184 = CARTESIAN_POINT('',(-15.44,-0.2,-0.));
#185 = VECTOR('',#186,1.);
#186 = DIRECTION('',(0.,0.,1.));
#187 = ORIENTED_EDGE('',*,*,#188,.F.);
#188 = EDGE_CURVE('',#189,#181,#191,.T.);
#189 = VERTEX_POINT('',#190);
#190 = CARTESIAN_POINT('',(-15.44,-2.34,8.));
#191 = LINE('',#192,#193);
#192 = CARTESIAN_POINT('',(-15.44,-0.3,8.));
#193 = VECTOR('',#194,1.);
#194 = DIRECTION('',(0.,1.,-1.2E-16));
#195 = ORIENTED_EDGE('',*,*,#196,.T.);
#196 = EDGE_CURVE('',#189,#71,#197,.T.);
#197 = LINE('',#198,#199);
#198 = CARTESIAN_POINT('',(-15.44,-1.E-01,8.));
#199 = VECTOR('',#200,1.);
#200 = DIRECTION('',(0.,-1.,1.2E-16));
#201 = ORIENTED_EDGE('',*,*,#78,.F.);
#202 = ORIENTED_EDGE('',*,*,#31,.F.);
#203 = ORIENTED_EDGE('',*,*,#149,.F.);
#204 = PLANE('',#205);
#205 = AXIS2_PLACEMENT_3D('',#206,#207,#208);
#206 = CARTESIAN_POINT('',(-15.44,-0.2,-0.));
#207 = DIRECTION('',(1.,0.,0.));
#208 = DIRECTION('',(0.,-1.,0.));
#209 = ADVANCED_FACE('',(#210,#294,#328,#362,#396,#430,#464,#498,#532,
    #566,#600,#634,#668,#702,#736,#770,#804,#838,#872,#906,#940,#974,
    #1008,#1042,#1076,#1110,#1144,#1178,#1212,#1246,#1280,#1314,#1348,
    #1382,#1416,#1450,#1484),#1518,.F.);
#210 = FACE_BOUND('',#211,.F.);
#211 = EDGE_LOOP('',(#212,#213,#214,#215,#216,#224,#232,#240,#248,#256,
    #264,#272,#280,#288));
#212 = ORIENTED_EDGE('',*,*,#133,.F.);
#213 = ORIENTED_EDGE('',*,*,#70,.T.);
#214 = ORIENTED_EDGE('',*,*,#196,.F.);
#215 = ORIENTED_EDGE('',*,*,#188,.T.);
#216 = ORIENTED_EDGE('',*,*,#217,.T.);
#217 = EDGE_CURVE('',#181,#218,#220,.T.);
#218 = VERTEX_POINT('',#219);
#219 = CARTESIAN_POINT('',(-17.58,-0.2,8.));
#220 = LINE('',#221,#222);
#221 = CARTESIAN_POINT('',(-8.59,-0.2,8.));
#222 = VECTOR('',#223,1.);
#223 = DIRECTION('',(-1.,2.1E-16,0.));
#224 = ORIENTED_EDGE('',*,*,#225,.F.);
#225 = EDGE_CURVE('',#226,#218,#228,.T.);
#226 = VERTEX_POINT('',#227);
#227 = CARTESIAN_POINT('',(-17.98,-0.2,8.));
#228 = LINE('',#229,#230);
#229 = CARTESIAN_POINT('',(-12.75,-0.2,8.));
#230 = VECTOR('',#231,1.);
#231 = DIRECTION('',(1.,0.,0.));
#232 = ORIENTED_EDGE('',*,*,#233,.T.);
#233 = EDGE_CURVE('',#226,#234,#236,.T.);
#234 = VERTEX_POINT('',#235);
#235 = CARTESIAN_POINT('',(-20.12,-0.2,8.));
#236 = LINE('',#237,#238);
#237 = CARTESIAN_POINT('',(-9.86,-0.2,8.));
#238 = VECTOR('',#239,1.);
#239 = DIRECTION('',(-1.,2.1E-16,0.));
#240 = ORIENTED_EDGE('',*,*,#241,.F.);
#241 = EDGE_CURVE('',#242,#234,#244,.T.);
#242 = VERTEX_POINT('',#243);
#243 = CARTESIAN_POINT('',(-20.52,-0.2,8.));
#244 = LINE('',#245,#246);
#245 = CARTESIAN_POINT('',(-12.75,-0.2,8.));
#246 = VECTOR('',#247,1.);
#247 = DIRECTION('',(1.,0.,0.));
#248 = ORIENTED_EDGE('',*,*,#249,.T.);
#249 = EDGE_CURVE('',#242,#250,#252,.T.);
#250 = VERTEX_POINT('',#251);
#251 = CARTESIAN_POINT('',(-22.66,-0.2,8.));
#252 = LINE('',#253,#254);
#253 = CARTESIAN_POINT('',(-11.13,-0.2,8.));
#254 = VECTOR('',#255,1.);
#255 = DIRECTION('',(-1.,2.1E-16,0.));
#256 = ORIENTED_EDGE('',*,*,#257,.F.);
#257 = EDGE_CURVE('',#258,#250,#260,.T.);
#258 = VERTEX_POINT('',#259);
#259 = CARTESIAN_POINT('',(-23.06,-0.2,8.));
#260 = LINE('',#261,#262);
#261 = CARTESIAN_POINT('',(-12.75,-0.2,8.));
#262 = VECTOR('',#263,1.);
#263 = DIRECTION('',(1.,0.,0.));
#264 = ORIENTED_EDGE('',*,*,#265,.T.);
#265 = EDGE_CURVE('',#258,#266,#268,.T.);
#266 = VERTEX_POINT('',#267);
#267 = CARTESIAN_POINT('',(-25.2,-0.2,8.));
#268 = LINE('',#269,#270);
#269 = CARTESIAN_POINT('',(-12.4,-0.2,8.));
#270 = VECTOR('',#271,1.);
#271 = DIRECTION('',(-1.,2.1E-16,0.));
#272 = ORIENTED_EDGE('',*,*,#273,.F.);
#273 = EDGE_CURVE('',#274,#266,#276,.T.);
#274 = VERTEX_POINT('',#275);
#275 = CARTESIAN_POINT('',(-25.5,-0.2,8.));
#276 = LINE('',#277,#278);
#277 = CARTESIAN_POINT('',(-12.75,-0.2,8.));
#278 = VECTOR('',#279,1.);
#279 = DIRECTION('',(1.,0.,0.));
#280 = ORIENTED_EDGE('',*,*,#281,.F.);
#281 = EDGE_CURVE('',#282,#274,#284,.T.);
#282 = VERTEX_POINT('',#283);
#283 = CARTESIAN_POINT('',(-25.5,2.74,8.));
#284 = LINE('',#285,#286);
#285 = CARTESIAN_POINT('',(-25.5,1.75,8.));
#286 = VECTOR('',#287,1.);
#287 = DIRECTION('',(0.,-1.,1.2E-16));
#288 = ORIENTED_EDGE('',*,*,#289,.T.);
#289 = EDGE_CURVE('',#282,#126,#290,.T.);
#290 = LINE('',#291,#292);
#291 = CARTESIAN_POINT('',(-25.6,2.74,8.));
#292 = VECTOR('',#293,1.);
#293 = DIRECTION('',(1.,0.,0.));
#294 = FACE_BOUND('',#295,.F.);
#295 = EDGE_LOOP('',(#296,#306,#314,#322));
#296 = ORIENTED_EDGE('',*,*,#297,.T.);
#297 = EDGE_CURVE('',#298,#300,#302,.T.);
#298 = VERTEX_POINT('',#299);
#299 = CARTESIAN_POINT('',(-23.06,0.2,8.));
#300 = VERTEX_POINT('',#301);
#301 = CARTESIAN_POINT('',(-23.06,2.34,8.));
#302 = LINE('',#303,#304);
#303 = CARTESIAN_POINT('',(-23.06,0.97,8.));
#304 = VECTOR('',#305,1.);
#305 = DIRECTION('',(0.,1.,-1.2E-16));
#306 = ORIENTED_EDGE('',*,*,#307,.T.);
#307 = EDGE_CURVE('',#300,#308,#310,.T.);
#308 = VERTEX_POINT('',#309);
#309 = CARTESIAN_POINT('',(-25.2,2.34,8.));
#310 = LINE('',#311,#312);
#311 = CARTESIAN_POINT('',(-12.4,2.34,8.));
#312 = VECTOR('',#313,1.);
#313 = DIRECTION('',(-1.,2.1E-16,0.));
#314 = ORIENTED_EDGE('',*,*,#315,.T.);
#315 = EDGE_CURVE('',#308,#316,#318,.T.);
#316 = VERTEX_POINT('',#317);
#317 = CARTESIAN_POINT('',(-25.2,0.2,8.));
#318 = LINE('',#319,#320);
#319 = CARTESIAN_POINT('',(-25.2,0.3,8.));
#320 = VECTOR('',#321,1.);
#321 = DIRECTION('',(0.,-1.,1.2E-16));
#322 = ORIENTED_EDGE('',*,*,#323,.T.);
#323 = EDGE_CURVE('',#316,#298,#324,.T.);
#324 = LINE('',#325,#326);
#325 = CARTESIAN_POINT('',(-11.73,0.2,8.));
#326 = VECTOR('',#327,1.);
#327 = DIRECTION('',(1.,-2.1E-16,0.));
#328 = FACE_BOUND('',#329,.F.);
#329 = EDGE_LOOP('',(#330,#340,#348,#356));
#330 = ORIENTED_EDGE('',*,*,#331,.T.);
#331 = EDGE_CURVE('',#332,#334,#336,.T.);
#332 = VERTEX_POINT('',#333);
#333 = CARTESIAN_POINT('',(-20.52,0.2,8.));
#334 = VERTEX_POINT('',#335);
#335 = CARTESIAN_POINT('',(-20.52,2.34,8.));
#336 = LINE('',#337,#338);
#337 = CARTESIAN_POINT('',(-20.52,0.97,8.));
#338 = VECTOR('',#339,1.);
#339 = DIRECTION('',(0.,1.,-1.2E-16));
#340 = ORIENTED_EDGE('',*,*,#341,.T.);
#341 = EDGE_CURVE('',#334,#342,#344,.T.);
#342 = VERTEX_POINT('',#343);
#343 = CARTESIAN_POINT('',(-22.66,2.34,8.));
#344 = LINE('',#345,#346);
#345 = CARTESIAN_POINT('',(-11.13,2.34,8.));
#346 = VECTOR('',#347,1.);
#347 = DIRECTION('',(-1.,2.1E-16,0.));
#348 = ORIENTED_EDGE('',*,*,#349,.T.);
#349 = EDGE_CURVE('',#342,#350,#352,.T.);
#350 = VERTEX_POINT('',#351);
#351 = CARTESIAN_POINT('',(-22.66,0.2,8.));
#352 = LINE('',#353,#354);
#353 = CARTESIAN_POINT('',(-22.66,0.3,8.));
#354 = VECTOR('',#355,1.);
#355 = DIRECTION('',(0.,-1.,1.2E-16));
#356 = ORIENTED_EDGE('',*,*,#357,.T.);
#357 = EDGE_CURVE('',#350,#332,#358,.T.);
#358 = LINE('',#359,#360);
#359 = CARTESIAN_POINT('',(-10.46,0.2,8.));
#360 = VECTOR('',#361,1.);
#361 = DIRECTION('',(1.,-2.1E-16,0.));
#362 = FACE_BOUND('',#363,.F.);
#363 = EDGE_LOOP('',(#364,#374,#382,#390));
#364 = ORIENTED_EDGE('',*,*,#365,.T.);
#365 = EDGE_CURVE('',#366,#368,#370,.T.);
#366 = VERTEX_POINT('',#367);
#367 = CARTESIAN_POINT('',(-17.98,0.2,8.));
#368 = VERTEX_POINT('',#369);
#369 = CARTESIAN_POINT('',(-17.98,2.34,8.));
#370 = LINE('',#371,#372);
#371 = CARTESIAN_POINT('',(-17.98,0.97,8.));
#372 = VECTOR('',#373,1.);
#373 = DIRECTION('',(0.,1.,-1.2E-16));
#374 = ORIENTED_EDGE('',*,*,#375,.T.);
#375 = EDGE_CURVE('',#368,#376,#378,.T.);
#376 = VERTEX_POINT('',#377);
#377 = CARTESIAN_POINT('',(-20.12,2.34,8.));
#378 = LINE('',#379,#380);
#379 = CARTESIAN_POINT('',(-9.86,2.34,8.));
#380 = VECTOR('',#381,1.);
#381 = DIRECTION('',(-1.,2.1E-16,0.));
#382 = ORIENTED_EDGE('',*,*,#383,.T.);
#383 = EDGE_CURVE('',#376,#384,#386,.T.);
#384 = VERTEX_POINT('',#385);
#385 = CARTESIAN_POINT('',(-20.12,0.2,8.));
#386 = LINE('',#387,#388);
#387 = CARTESIAN_POINT('',(-20.12,0.3,8.));
#388 = VECTOR('',#389,1.);
#389 = DIRECTION('',(0.,-1.,1.2E-16));
#390 = ORIENTED_EDGE('',*,*,#391,.T.);
#391 = EDGE_CURVE('',#384,#366,#392,.T.);
#392 = LINE('',#393,#394);
#393 = CARTESIAN_POINT('',(-9.19,0.2,8.));
#394 = VECTOR('',#395,1.);
#395 = DIRECTION('',(1.,-2.1E-16,0.));
#396 = FACE_BOUND('',#397,.F.);
#397 = EDGE_LOOP('',(#398,#408,#416,#424));
#398 = ORIENTED_EDGE('',*,*,#399,.T.);
#399 = EDGE_CURVE('',#400,#402,#404,.T.);
#400 = VERTEX_POINT('',#401);
#401 = CARTESIAN_POINT('',(-15.44,0.2,8.));
#402 = VERTEX_POINT('',#403);
#403 = CARTESIAN_POINT('',(-15.44,2.34,8.));
#404 = LINE('',#405,#406);
#405 = CARTESIAN_POINT('',(-15.44,0.97,8.));
#406 = VECTOR('',#407,1.);
#407 = DIRECTION('',(0.,1.,-1.2E-16));
#408 = ORIENTED_EDGE('',*,*,#409,.T.);
#409 = EDGE_CURVE('',#402,#410,#412,.T.);
#410 = VERTEX_POINT('',#411);
#411 = CARTESIAN_POINT('',(-17.58,2.34,8.));
#412 = LINE('',#413,#414);
#413 = CARTESIAN_POINT('',(-8.59,2.34,8.));
#414 = VECTOR('',#415,1.);
#415 = DIRECTION('',(-1.,2.1E-16,0.));
#416 = ORIENTED_EDGE('',*,*,#417,.T.);
#417 = EDGE_CURVE('',#410,#418,#420,.T.);
#418 = VERTEX_POINT('',#419);
#419 = CARTESIAN_POINT('',(-17.58,0.2,8.));
#420 = LINE('',#421,#422);
#421 = CARTESIAN_POINT('',(-17.58,0.3,8.));
#422 = VECTOR('',#423,1.);
#423 = DIRECTION('',(0.,-1.,1.2E-16));
#424 = ORIENTED_EDGE('',*,*,#425,.T.);
#425 = EDGE_CURVE('',#418,#400,#426,.T.);
#426 = LINE('',#427,#428);
#427 = CARTESIAN_POINT('',(-7.92,0.2,8.));
#428 = VECTOR('',#429,1.);
#429 = DIRECTION('',(1.,-2.1E-16,0.));
#430 = FACE_BOUND('',#431,.F.);
#431 = EDGE_LOOP('',(#432,#442,#450,#458));
#432 = ORIENTED_EDGE('',*,*,#433,.T.);
#433 = EDGE_CURVE('',#434,#436,#438,.T.);
#434 = VERTEX_POINT('',#435);
#435 = CARTESIAN_POINT('',(-12.9,0.2,8.));
#436 = VERTEX_POINT('',#437);
#437 = CARTESIAN_POINT('',(-12.9,2.34,8.));
#438 = LINE('',#439,#440);
#439 = CARTESIAN_POINT('',(-12.9,0.97,8.));
#440 = VECTOR('',#441,1.);
#441 = DIRECTION('',(0.,1.,-1.2E-16));
#442 = ORIENTED_EDGE('',*,*,#443,.T.);
#443 = EDGE_CURVE('',#436,#444,#446,.T.);
#444 = VERTEX_POINT('',#445);
#445 = CARTESIAN_POINT('',(-15.04,2.34,8.));
#446 = LINE('',#447,#448);
#447 = CARTESIAN_POINT('',(-7.32,2.34,8.));
#448 = VECTOR('',#449,1.);
#449 = DIRECTION('',(-1.,2.1E-16,0.));
#450 = ORIENTED_EDGE('',*,*,#451,.T.);
#451 = EDGE_CURVE('',#444,#452,#454,.T.);
#452 = VERTEX_POINT('',#453);
#453 = CARTESIAN_POINT('',(-15.04,0.2,8.));
#454 = LINE('',#455,#456);
#455 = CARTESIAN_POINT('',(-15.04,0.3,8.));
#456 = VECTOR('',#457,1.);
#457 = DIRECTION('',(0.,-1.,1.2E-16));
#458 = ORIENTED_EDGE('',*,*,#459,.T.);
#459 = EDGE_CURVE('',#452,#434,#460,.T.);
#460 = LINE('',#461,#462);
#461 = CARTESIAN_POINT('',(-6.65,0.2,8.));
#462 = VECTOR('',#463,1.);
#463 = DIRECTION('',(1.,-2.1E-16,0.));
#464 = FACE_BOUND('',#465,.F.);
#465 = EDGE_LOOP('',(#466,#476,#484,#492));
#466 = ORIENTED_EDGE('',*,*,#467,.T.);
#467 = EDGE_CURVE('',#468,#470,#472,.T.);
#468 = VERTEX_POINT('',#469);
#469 = CARTESIAN_POINT('',(-10.36,0.2,8.));
#470 = VERTEX_POINT('',#471);
#471 = CARTESIAN_POINT('',(-10.36,2.34,8.));
#472 = LINE('',#473,#474);
#473 = CARTESIAN_POINT('',(-10.36,0.97,8.));
#474 = VECTOR('',#475,1.);
#475 = DIRECTION('',(0.,1.,-1.2E-16));
#476 = ORIENTED_EDGE('',*,*,#477,.T.);
#477 = EDGE_CURVE('',#470,#478,#480,.T.);
#478 = VERTEX_POINT('',#479);
#479 = CARTESIAN_POINT('',(-12.5,2.34,8.));
#480 = LINE('',#481,#482);
#481 = CARTESIAN_POINT('',(-6.05,2.34,8.));
#482 = VECTOR('',#483,1.);
#483 = DIRECTION('',(-1.,2.1E-16,0.));
#484 = ORIENTED_EDGE('',*,*,#485,.T.);
#485 = EDGE_CURVE('',#478,#486,#488,.T.);
#486 = VERTEX_POINT('',#487);
#487 = CARTESIAN_POINT('',(-12.5,0.2,8.));
#488 = LINE('',#489,#490);
#489 = CARTESIAN_POINT('',(-12.5,0.3,8.));
#490 = VECTOR('',#491,1.);
#491 = DIRECTION('',(0.,-1.,1.2E-16));
#492 = ORIENTED_EDGE('',*,*,#493,.T.);
#493 = EDGE_CURVE('',#486,#468,#494,.T.);
#494 = LINE('',#495,#496);
#495 = CARTESIAN_POINT('',(-5.38,0.2,8.));
#496 = VECTOR('',#497,1.);
#497 = DIRECTION('',(1.,-2.1E-16,0.));
#498 = FACE_BOUND('',#499,.F.);
#499 = EDGE_LOOP('',(#500,#510,#518,#526));
#500 = ORIENTED_EDGE('',*,*,#501,.T.);
#501 = EDGE_CURVE('',#502,#504,#506,.T.);
#502 = VERTEX_POINT('',#503);
#503 = CARTESIAN_POINT('',(-7.82,0.2,8.));
#504 = VERTEX_POINT('',#505);
#505 = CARTESIAN_POINT('',(-7.82,2.34,8.));
#506 = LINE('',#507,#508);
#507 = CARTESIAN_POINT('',(-7.82,0.97,8.));
#508 = VECTOR('',#509,1.);
#509 = DIRECTION('',(0.,1.,-1.2E-16));
#510 = ORIENTED_EDGE('',*,*,#511,.T.);
#511 = EDGE_CURVE('',#504,#512,#514,.T.);
#512 = VERTEX_POINT('',#513);
#513 = CARTESIAN_POINT('',(-9.96,2.34,8.));
#514 = LINE('',#515,#516);
#515 = CARTESIAN_POINT('',(-4.78,2.34,8.));
#516 = VECTOR('',#517,1.);
#517 = DIRECTION('',(-1.,2.1E-16,0.));
#518 = ORIENTED_EDGE('',*,*,#519,.T.);
#519 = EDGE_CURVE('',#512,#520,#522,.T.);
#520 = VERTEX_POINT('',#521);
#521 = CARTESIAN_POINT('',(-9.96,0.2,8.));
#522 = LINE('',#523,#524);
#523 = CARTESIAN_POINT('',(-9.96,0.3,8.));
#524 = VECTOR('',#525,1.);
#525 = DIRECTION('',(0.,-1.,1.2E-16));
#526 = ORIENTED_EDGE('',*,*,#527,.T.);
#527 = EDGE_CURVE('',#520,#502,#528,.T.);
#528 = LINE('',#529,#530);
#529 = CARTESIAN_POINT('',(-4.11,0.2,8.));
#530 = VECTOR('',#531,1.);
#531 = DIRECTION('',(1.,-2.1E-16,0.));
#532 = FACE_BOUND('',#533,.F.);
#533 = EDGE_LOOP('',(#534,#544,#552,#560));
#534 = ORIENTED_EDGE('',*,*,#535,.T.);
#535 = EDGE_CURVE('',#536,#538,#540,.T.);
#536 = VERTEX_POINT('',#537);
#537 = CARTESIAN_POINT('',(-5.28,0.2,8.));
#538 = VERTEX_POINT('',#539);
#539 = CARTESIAN_POINT('',(-5.28,2.34,8.));
#540 = LINE('',#541,#542);
#541 = CARTESIAN_POINT('',(-5.28,0.97,8.));
#542 = VECTOR('',#543,1.);
#543 = DIRECTION('',(0.,1.,-1.2E-16));
#544 = ORIENTED_EDGE('',*,*,#545,.T.);
#545 = EDGE_CURVE('',#538,#546,#548,.T.);
#546 = VERTEX_POINT('',#547);
#547 = CARTESIAN_POINT('',(-7.42,2.34,8.));
#548 = LINE('',#549,#550);
#549 = CARTESIAN_POINT('',(-3.51,2.34,8.));
#550 = VECTOR('',#551,1.);
#551 = DIRECTION('',(-1.,2.1E-16,0.));
#552 = ORIENTED_EDGE('',*,*,#553,.T.);
#553 = EDGE_CURVE('',#546,#554,#556,.T.);
#554 = VERTEX_POINT('',#555);
#555 = CARTESIAN_POINT('',(-7.42,0.2,8.));
#556 = LINE('',#557,#558);
#557 = CARTESIAN_POINT('',(-7.42,0.3,8.));
#558 = VECTOR('',#559,1.);
#559 = DIRECTION('',(0.,-1.,1.2E-16));
#560 = ORIENTED_EDGE('',*,*,#561,.T.);
#561 = EDGE_CURVE('',#554,#536,#562,.T.);
#562 = LINE('',#563,#564);
#563 = CARTESIAN_POINT('',(-2.84,0.2,8.));
#564 = VECTOR('',#565,1.);
#565 = DIRECTION('',(1.,-2.1E-16,0.));
#566 = FACE_BOUND('',#567,.F.);
#567 = EDGE_LOOP('',(#568,#578,#586,#594));
#568 = ORIENTED_EDGE('',*,*,#569,.T.);
#569 = EDGE_CURVE('',#570,#572,#574,.T.);
#570 = VERTEX_POINT('',#571);
#571 = CARTESIAN_POINT('',(-2.74,0.2,8.));
#572 = VERTEX_POINT('',#573);
#573 = CARTESIAN_POINT('',(-2.74,2.34,8.));
#574 = LINE('',#575,#576);
#575 = CARTESIAN_POINT('',(-2.74,0.97,8.));
#576 = VECTOR('',#577,1.);
#577 = DIRECTION('',(0.,1.,-1.2E-16));
#578 = ORIENTED_EDGE('',*,*,#579,.T.);
#579 = EDGE_CURVE('',#572,#580,#582,.T.);
#580 = VERTEX_POINT('',#581);
#581 = CARTESIAN_POINT('',(-4.88,2.34,8.));
#582 = LINE('',#583,#584);
#583 = CARTESIAN_POINT('',(-2.24,2.34,8.));
#584 = VECTOR('',#585,1.);
#585 = DIRECTION('',(-1.,2.1E-16,0.));
#586 = ORIENTED_EDGE('',*,*,#587,.T.);
#587 = EDGE_CURVE('',#580,#588,#590,.T.);
#588 = VERTEX_POINT('',#589);
#589 = CARTESIAN_POINT('',(-4.88,0.2,8.));
#590 = LINE('',#591,#592);
#591 = CARTESIAN_POINT('',(-4.88,0.3,8.));
#592 = VECTOR('',#593,1.);
#593 = DIRECTION('',(0.,-1.,1.2E-16));
#594 = ORIENTED_EDGE('',*,*,#595,.T.);
#595 = EDGE_CURVE('',#588,#570,#596,.T.);
#596 = LINE('',#597,#598);
#597 = CARTESIAN_POINT('',(-1.57,0.2,8.));
#598 = VECTOR('',#599,1.);
#599 = DIRECTION('',(1.,-2.1E-16,0.));
#600 = FACE_BOUND('',#601,.F.);
#601 = EDGE_LOOP('',(#602,#612,#620,#628));
#602 = ORIENTED_EDGE('',*,*,#603,.T.);
#603 = EDGE_CURVE('',#604,#606,#608,.T.);
#604 = VERTEX_POINT('',#605);
#605 = CARTESIAN_POINT('',(-0.2,0.2,8.));
#606 = VERTEX_POINT('',#607);
#607 = CARTESIAN_POINT('',(-0.2,2.34,8.));
#608 = LINE('',#609,#610);
#609 = CARTESIAN_POINT('',(-0.2,0.97,8.));
#610 = VECTOR('',#611,1.);
#611 = DIRECTION('',(0.,1.,-1.2E-16));
#612 = ORIENTED_EDGE('',*,*,#613,.T.);
#613 = EDGE_CURVE('',#606,#614,#616,.T.);
#614 = VERTEX_POINT('',#615);
#615 = CARTESIAN_POINT('',(-2.34,2.34,8.));
#616 = LINE('',#617,#618);
#617 = CARTESIAN_POINT('',(-0.97,2.34,8.));
#618 = VECTOR('',#619,1.);
#619 = DIRECTION('',(-1.,2.1E-16,0.));
#620 = ORIENTED_EDGE('',*,*,#621,.T.);
#621 = EDGE_CURVE('',#614,#622,#624,.T.);
#622 = VERTEX_POINT('',#623);
#623 = CARTESIAN_POINT('',(-2.34,0.2,8.));
#624 = LINE('',#625,#626);
#625 = CARTESIAN_POINT('',(-2.34,0.3,8.));
#626 = VECTOR('',#627,1.);
#627 = DIRECTION('',(0.,-1.,1.2E-16));
#628 = ORIENTED_EDGE('',*,*,#629,.T.);
#629 = EDGE_CURVE('',#622,#604,#630,.T.);
#630 = LINE('',#631,#632);
#631 = CARTESIAN_POINT('',(-0.3,0.2,8.));
#632 = VECTOR('',#633,1.);
#633 = DIRECTION('',(1.,-2.1E-16,0.));
#634 = FACE_BOUND('',#635,.F.);
#635 = EDGE_LOOP('',(#636,#646,#654,#662));
#636 = ORIENTED_EDGE('',*,*,#637,.T.);
#637 = EDGE_CURVE('',#638,#640,#642,.T.);
#638 = VERTEX_POINT('',#639);
#639 = CARTESIAN_POINT('',(2.34,0.2,8.));
#640 = VERTEX_POINT('',#641);
#641 = CARTESIAN_POINT('',(2.34,2.34,8.));
#642 = LINE('',#643,#644);
#643 = CARTESIAN_POINT('',(2.34,0.97,8.));
#644 = VECTOR('',#645,1.);
#645 = DIRECTION('',(0.,1.,-1.2E-16));
#646 = ORIENTED_EDGE('',*,*,#647,.T.);
#647 = EDGE_CURVE('',#640,#648,#650,.T.);
#648 = VERTEX_POINT('',#649);
#649 = CARTESIAN_POINT('',(0.2,2.34,8.));
#650 = LINE('',#651,#652);
#651 = CARTESIAN_POINT('',(0.3,2.34,8.));
#652 = VECTOR('',#653,1.);
#653 = DIRECTION('',(-1.,2.1E-16,0.));
#654 = ORIENTED_EDGE('',*,*,#655,.T.);
#655 = EDGE_CURVE('',#648,#656,#658,.T.);
#656 = VERTEX_POINT('',#657);
#657 = CARTESIAN_POINT('',(0.2,0.2,8.));
#658 = LINE('',#659,#660);
#659 = CARTESIAN_POINT('',(0.2,0.3,8.));
#660 = VECTOR('',#661,1.);
#661 = DIRECTION('',(0.,-1.,1.2E-16));
#662 = ORIENTED_EDGE('',*,*,#663,.T.);
#663 = EDGE_CURVE('',#656,#638,#664,.T.);
#664 = LINE('',#665,#666);
#665 = CARTESIAN_POINT('',(0.97,0.2,8.));
#666 = VECTOR('',#667,1.);
#667 = DIRECTION('',(1.,-2.1E-16,0.));
#668 = FACE_BOUND('',#669,.F.);
#669 = EDGE_LOOP('',(#670,#680,#688,#696));
#670 = ORIENTED_EDGE('',*,*,#671,.T.);
#671 = EDGE_CURVE('',#672,#674,#676,.T.);
#672 = VERTEX_POINT('',#673);
#673 = CARTESIAN_POINT('',(4.88,0.2,8.));
#674 = VERTEX_POINT('',#675);
#675 = CARTESIAN_POINT('',(4.88,2.34,8.));
#676 = LINE('',#677,#678);
#677 = CARTESIAN_POINT('',(4.88,0.97,8.));
#678 = VECTOR('',#679,1.);
#679 = DIRECTION('',(0.,1.,-1.2E-16));
#680 = ORIENTED_EDGE('',*,*,#681,.T.);
#681 = EDGE_CURVE('',#674,#682,#684,.T.);
#682 = VERTEX_POINT('',#683);
#683 = CARTESIAN_POINT('',(2.74,2.34,8.));
#684 = LINE('',#685,#686);
#685 = CARTESIAN_POINT('',(1.57,2.34,8.));
#686 = VECTOR('',#687,1.);
#687 = DIRECTION('',(-1.,2.1E-16,0.));
#688 = ORIENTED_EDGE('',*,*,#689,.T.);
#689 = EDGE_CURVE('',#682,#690,#692,.T.);
#690 = VERTEX_POINT('',#691);
#691 = CARTESIAN_POINT('',(2.74,0.2,8.));
#692 = LINE('',#693,#694);
#693 = CARTESIAN_POINT('',(2.74,0.3,8.));
#694 = VECTOR('',#695,1.);
#695 = DIRECTION('',(0.,-1.,1.2E-16));
#696 = ORIENTED_EDGE('',*,*,#697,.T.);
#697 = EDGE_CURVE('',#690,#672,#698,.T.);
#698 = LINE('',#699,#700);
#699 = CARTESIAN_POINT('',(2.24,0.2,8.));
#700 = VECTOR('',#701,1.);
#701 = DIRECTION('',(1.,-2.1E-16,0.));
#702 = FACE_BOUND('',#703,.F.);
#703 = EDGE_LOOP('',(#704,#714,#722,#730));
#704 = ORIENTED_EDGE('',*,*,#705,.T.);
#705 = EDGE_CURVE('',#706,#708,#710,.T.);
#706 = VERTEX_POINT('',#707);
#707 = CARTESIAN_POINT('',(7.42,0.2,8.));
#708 = VERTEX_POINT('',#709);
#709 = CARTESIAN_POINT('',(7.42,2.34,8.));
#710 = LINE('',#711,#712);
#711 = CARTESIAN_POINT('',(7.42,0.97,8.));
#712 = VECTOR('',#713,1.);
#713 = DIRECTION('',(0.,1.,-1.2E-16));
#714 = ORIENTED_EDGE('',*,*,#715,.T.);
#715 = EDGE_CURVE('',#708,#716,#718,.T.);
#716 = VERTEX_POINT('',#717);
#717 = CARTESIAN_POINT('',(5.28,2.34,8.));
#718 = LINE('',#719,#720);
#719 = CARTESIAN_POINT('',(2.84,2.34,8.));
#720 = VECTOR('',#721,1.);
#721 = DIRECTION('',(-1.,2.1E-16,0.));
#722 = ORIENTED_EDGE('',*,*,#723,.T.);
#723 = EDGE_CURVE('',#716,#724,#726,.T.);
#724 = VERTEX_POINT('',#725);
#725 = CARTESIAN_POINT('',(5.28,0.2,8.));
#726 = LINE('',#727,#728);
#727 = CARTESIAN_POINT('',(5.28,0.3,8.));
#728 = VECTOR('',#729,1.);
#729 = DIRECTION('',(0.,-1.,1.2E-16));
#730 = ORIENTED_EDGE('',*,*,#731,.T.);
#731 = EDGE_CURVE('',#724,#706,#732,.T.);
#732 = LINE('',#733,#734);
#733 = CARTESIAN_POINT('',(3.51,0.2,8.));
#734 = VECTOR('',#735,1.);
#735 = DIRECTION('',(1.,-2.1E-16,0.));
#736 = FACE_BOUND('',#737,.F.);
#737 = EDGE_LOOP('',(#738,#748,#756,#764));
#738 = ORIENTED_EDGE('',*,*,#739,.T.);
#739 = EDGE_CURVE('',#740,#742,#744,.T.);
#740 = VERTEX_POINT('',#741);
#741 = CARTESIAN_POINT('',(9.96,0.2,8.));
#742 = VERTEX_POINT('',#743);
#743 = CARTESIAN_POINT('',(9.96,2.34,8.));
#744 = LINE('',#745,#746);
#745 = CARTESIAN_POINT('',(9.96,0.97,8.));
#746 = VECTOR('',#747,1.);
#747 = DIRECTION('',(0.,1.,-1.2E-16));
#748 = ORIENTED_EDGE('',*,*,#749,.T.);
#749 = EDGE_CURVE('',#742,#750,#752,.T.);
#750 = VERTEX_POINT('',#751);
#751 = CARTESIAN_POINT('',(7.82,2.34,8.));
#752 = LINE('',#753,#754);
#753 = CARTESIAN_POINT('',(4.11,2.34,8.));
#754 = VECTOR('',#755,1.);
#755 = DIRECTION('',(-1.,2.1E-16,0.));
#756 = ORIENTED_EDGE('',*,*,#757,.T.);
#757 = EDGE_CURVE('',#750,#758,#760,.T.);
#758 = VERTEX_POINT('',#759);
#759 = CARTESIAN_POINT('',(7.82,0.2,8.));
#760 = LINE('',#761,#762);
#761 = CARTESIAN_POINT('',(7.82,0.3,8.));
#762 = VECTOR('',#763,1.);
#763 = DIRECTION('',(0.,-1.,1.2E-16));
#764 = ORIENTED_EDGE('',*,*,#765,.T.);
#765 = EDGE_CURVE('',#758,#740,#766,.T.);
#766 = LINE('',#767,#768);
#767 = CARTESIAN_POINT('',(4.78,0.2,8.));
#768 = VECTOR('',#769,1.);
#769 = DIRECTION('',(1.,-2.1E-16,0.));
#770 = FACE_BOUND('',#771,.F.);
#771 = EDGE_LOOP('',(#772,#782,#790,#798));
#772 = ORIENTED_EDGE('',*,*,#773,.T.);
#773 = EDGE_CURVE('',#774,#776,#778,.T.);
#774 = VERTEX_POINT('',#775);
#775 = CARTESIAN_POINT('',(12.5,0.2,8.));
#776 = VERTEX_POINT('',#777);
#777 = CARTESIAN_POINT('',(12.5,2.34,8.));
#778 = LINE('',#779,#780);
#779 = CARTESIAN_POINT('',(12.5,0.97,8.));
#780 = VECTOR('',#781,1.);
#781 = DIRECTION('',(0.,1.,-1.2E-16));
#782 = ORIENTED_EDGE('',*,*,#783,.T.);
#783 = EDGE_CURVE('',#776,#784,#786,.T.);
#784 = VERTEX_POINT('',#785);
#785 = CARTESIAN_POINT('',(10.36,2.34,8.));
#786 = LINE('',#787,#788);
#787 = CARTESIAN_POINT('',(5.38,2.34,8.));
#788 = VECTOR('',#789,1.);
#789 = DIRECTION('',(-1.,2.1E-16,0.));
#790 = ORIENTED_EDGE('',*,*,#791,.T.);
#791 = EDGE_CURVE('',#784,#792,#794,.T.);
#792 = VERTEX_POINT('',#793);
#793 = CARTESIAN_POINT('',(10.36,0.2,8.));
#794 = LINE('',#795,#796);
#795 = CARTESIAN_POINT('',(10.36,0.3,8.));
#796 = VECTOR('',#797,1.);
#797 = DIRECTION('',(0.,-1.,1.2E-16));
#798 = ORIENTED_EDGE('',*,*,#799,.T.);
#799 = EDGE_CURVE('',#792,#774,#800,.T.);
#800 = LINE('',#801,#802);
#801 = CARTESIAN_POINT('',(6.05,0.2,8.));
#802 = VECTOR('',#803,1.);
#803 = DIRECTION('',(1.,-2.1E-16,0.));
#804 = FACE_BOUND('',#805,.F.);
#805 = EDGE_LOOP('',(#806,#816,#824,#832));
#806 = ORIENTED_EDGE('',*,*,#807,.T.);
#807 = EDGE_CURVE('',#808,#810,#812,.T.);
#808 = VERTEX_POINT('',#809);
#809 = CARTESIAN_POINT('',(15.04,0.2,8.));
#810 = VERTEX_POINT('',#811);
#811 = CARTESIAN_POINT('',(15.04,2.34,8.));
#812 = LINE('',#813,#814);
#813 = CARTESIAN_POINT('',(15.04,0.97,8.));
#814 = VECTOR('',#815,1.);
#815 = DIRECTION('',(0.,1.,-1.2E-16));
#816 = ORIENTED_EDGE('',*,*,#817,.T.);
#817 = EDGE_CURVE('',#810,#818,#820,.T.);
#818 = VERTEX_POINT('',#819);
#819 = CARTESIAN_POINT('',(12.9,2.34,8.));
#820 = LINE('',#821,#822);
#821 = CARTESIAN_POINT('',(6.65,2.34,8.));
#822 = VECTOR('',#823,1.);
#823 = DIRECTION('',(-1.,2.1E-16,0.));
#824 = ORIENTED_EDGE('',*,*,#825,.T.);
#825 = EDGE_CURVE('',#818,#826,#828,.T.);
#826 = VERTEX_POINT('',#827);
#827 = CARTESIAN_POINT('',(12.9,0.2,8.));
#828 = LINE('',#829,#830);
#829 = CARTESIAN_POINT('',(12.9,0.3,8.));
#830 = VECTOR('',#831,1.);
#831 = DIRECTION('',(0.,-1.,1.2E-16));
#832 = ORIENTED_EDGE('',*,*,#833,.T.);
#833 = EDGE_CURVE('',#826,#808,#834,.T.);
#834 = LINE('',#835,#836);
#835 = CARTESIAN_POINT('',(7.32,0.2,8.));
#836 = VECTOR('',#837,1.);
#837 = DIRECTION('',(1.,-2.1E-16,0.));
#838 = FACE_BOUND('',#839,.F.);
#839 = EDGE_LOOP('',(#840,#850,#858,#866));
#840 = ORIENTED_EDGE('',*,*,#841,.T.);
#841 = EDGE_CURVE('',#842,#844,#846,.T.);
#842 = VERTEX_POINT('',#843);
#843 = CARTESIAN_POINT('',(17.58,0.2,8.));
#844 = VERTEX_POINT('',#845);
#845 = CARTESIAN_POINT('',(17.58,2.34,8.));
#846 = LINE('',#847,#848);
#847 = CARTESIAN_POINT('',(17.58,0.97,8.));
#848 = VECTOR('',#849,1.);
#849 = DIRECTION('',(0.,1.,-1.2E-16));
#850 = ORIENTED_EDGE('',*,*,#851,.T.);
#851 = EDGE_CURVE('',#844,#852,#854,.T.);
#852 = VERTEX_POINT('',#853);
#853 = CARTESIAN_POINT('',(15.44,2.34,8.));
#854 = LINE('',#855,#856);
#855 = CARTESIAN_POINT('',(7.92,2.34,8.));
#856 = VECTOR('',#857,1.);
#857 = DIRECTION('',(-1.,2.1E-16,0.));
#858 = ORIENTED_EDGE('',*,*,#859,.T.);
#859 = EDGE_CURVE('',#852,#860,#862,.T.);
#860 = VERTEX_POINT('',#861);
#861 = CARTESIAN_POINT('',(15.44,0.2,8.));
#862 = LINE('',#863,#864);
#863 = CARTESIAN_POINT('',(15.44,0.3,8.));
#864 = VECTOR('',#865,1.);
#865 = DIRECTION('',(0.,-1.,1.2E-16));
#866 = ORIENTED_EDGE('',*,*,#867,.T.);
#867 = EDGE_CURVE('',#860,#842,#868,.T.);
#868 = LINE('',#869,#870);
#869 = CARTESIAN_POINT('',(8.59,0.2,8.));
#870 = VECTOR('',#871,1.);
#871 = DIRECTION('',(1.,-2.1E-16,0.));
#872 = FACE_BOUND('',#873,.F.);
#873 = EDGE_LOOP('',(#874,#884,#892,#900));
#874 = ORIENTED_EDGE('',*,*,#875,.T.);
#875 = EDGE_CURVE('',#876,#878,#880,.T.);
#876 = VERTEX_POINT('',#877);
#877 = CARTESIAN_POINT('',(20.12,0.2,8.));
#878 = VERTEX_POINT('',#879);
#879 = CARTESIAN_POINT('',(20.12,2.34,8.));
#880 = LINE('',#881,#882);
#881 = CARTESIAN_POINT('',(20.12,0.97,8.));
#882 = VECTOR('',#883,1.);
#883 = DIRECTION('',(0.,1.,-1.2E-16));
#884 = ORIENTED_EDGE('',*,*,#885,.T.);
#885 = EDGE_CURVE('',#878,#886,#888,.T.);
#886 = VERTEX_POINT('',#887);
#887 = CARTESIAN_POINT('',(17.98,2.34,8.));
#888 = LINE('',#889,#890);
#889 = CARTESIAN_POINT('',(9.19,2.34,8.));
#890 = VECTOR('',#891,1.);
#891 = DIRECTION('',(-1.,2.1E-16,0.));
#892 = ORIENTED_EDGE('',*,*,#893,.T.);
#893 = EDGE_CURVE('',#886,#894,#896,.T.);
#894 = VERTEX_POINT('',#895);
#895 = CARTESIAN_POINT('',(17.98,0.2,8.));
#896 = LINE('',#897,#898);
#897 = CARTESIAN_POINT('',(17.98,0.3,8.));
#898 = VECTOR('',#899,1.);
#899 = DIRECTION('',(0.,-1.,1.2E-16));
#900 = ORIENTED_EDGE('',*,*,#901,.T.);
#901 = EDGE_CURVE('',#894,#876,#902,.T.);
#902 = LINE('',#903,#904);
#903 = CARTESIAN_POINT('',(9.86,0.2,8.));
#904 = VECTOR('',#905,1.);
#905 = DIRECTION('',(1.,-2.1E-16,0.));
#906 = FACE_BOUND('',#907,.F.);
#907 = EDGE_LOOP('',(#908,#918,#926,#934));
#908 = ORIENTED_EDGE('',*,*,#909,.T.);
#909 = EDGE_CURVE('',#910,#912,#914,.T.);
#910 = VERTEX_POINT('',#911);
#911 = CARTESIAN_POINT('',(22.66,0.2,8.));
#912 = VERTEX_POINT('',#913);
#913 = CARTESIAN_POINT('',(22.66,2.34,8.));
#914 = LINE('',#915,#916);
#915 = CARTESIAN_POINT('',(22.66,0.97,8.));
#916 = VECTOR('',#917,1.);
#917 = DIRECTION('',(0.,1.,-1.2E-16));
#918 = ORIENTED_EDGE('',*,*,#919,.T.);
#919 = EDGE_CURVE('',#912,#920,#922,.T.);
#920 = VERTEX_POINT('',#921);
#921 = CARTESIAN_POINT('',(20.52,2.34,8.));
#922 = LINE('',#923,#924);
#923 = CARTESIAN_POINT('',(10.46,2.34,8.));
#924 = VECTOR('',#925,1.);
#925 = DIRECTION('',(-1.,2.1E-16,0.));
#926 = ORIENTED_EDGE('',*,*,#927,.T.);
#927 = EDGE_CURVE('',#920,#928,#930,.T.);
#928 = VERTEX_POINT('',#929);
#929 = CARTESIAN_POINT('',(20.52,0.2,8.));
#930 = LINE('',#931,#932);
#931 = CARTESIAN_POINT('',(20.52,0.3,8.));
#932 = VECTOR('',#933,1.);
#933 = DIRECTION('',(0.,-1.,1.2E-16));
#934 = ORIENTED_EDGE('',*,*,#935,.T.);
#935 = EDGE_CURVE('',#928,#910,#936,.T.);
#936 = LINE('',#937,#938);
#937 = CARTESIAN_POINT('',(11.13,0.2,8.));
#938 = VECTOR('',#939,1.);
#939 = DIRECTION('',(1.,-2.1E-16,0.));
#940 = FACE_BOUND('',#941,.F.);
#941 = EDGE_LOOP('',(#942,#952,#960,#968));
#942 = ORIENTED_EDGE('',*,*,#943,.T.);
#943 = EDGE_CURVE('',#944,#946,#948,.T.);
#944 = VERTEX_POINT('',#945);
#945 = CARTESIAN_POINT('',(25.2,0.2,8.));
#946 = VERTEX_POINT('',#947);
#947 = CARTESIAN_POINT('',(25.2,2.34,8.));
#948 = LINE('',#949,#950);
#949 = CARTESIAN_POINT('',(25.2,0.97,8.));
#950 = VECTOR('',#951,1.);
#951 = DIRECTION('',(0.,1.,-1.2E-16));
#952 = ORIENTED_EDGE('',*,*,#953,.T.);
#953 = EDGE_CURVE('',#946,#954,#956,.T.);
#954 = VERTEX_POINT('',#955);
#955 = CARTESIAN_POINT('',(23.06,2.34,8.));
#956 = LINE('',#957,#958);
#957 = CARTESIAN_POINT('',(11.73,2.34,8.));
#958 = VECTOR('',#959,1.);
#959 = DIRECTION('',(-1.,2.1E-16,0.));
#960 = ORIENTED_EDGE('',*,*,#961,.T.);
#961 = EDGE_CURVE('',#954,#962,#964,.T.);
#962 = VERTEX_POINT('',#963);
#963 = CARTESIAN_POINT('',(23.06,0.2,8.));
#964 = LINE('',#965,#966);
#965 = CARTESIAN_POINT('',(23.06,0.3,8.));
#966 = VECTOR('',#967,1.);
#967 = DIRECTION('',(0.,-1.,1.2E-16));
#968 = ORIENTED_EDGE('',*,*,#969,.T.);
#969 = EDGE_CURVE('',#962,#944,#970,.T.);
#970 = LINE('',#971,#972);
#971 = CARTESIAN_POINT('',(12.4,0.2,8.));
#972 = VECTOR('',#973,1.);
#973 = DIRECTION('',(1.,-2.1E-16,0.));
#974 = FACE_BOUND('',#975,.F.);
#975 = EDGE_LOOP('',(#976,#986,#994,#1002));
#976 = ORIENTED_EDGE('',*,*,#977,.T.);
#977 = EDGE_CURVE('',#978,#980,#982,.T.);
#978 = VERTEX_POINT('',#979);
#979 = CARTESIAN_POINT('',(-12.9,-2.34,8.));
#980 = VERTEX_POINT('',#981);
#981 = CARTESIAN_POINT('',(-12.9,-0.2,8.));
#982 = LINE('',#983,#984);
#983 = CARTESIAN_POINT('',(-12.9,-0.3,8.));
#984 = VECTOR('',#985,1.);
#985 = DIRECTION('',(0.,1.,-1.2E-16));
#986 = ORIENTED_EDGE('',*,*,#987,.T.);
#987 = EDGE_CURVE('',#980,#988,#990,.T.);
#988 = VERTEX_POINT('',#989);
#989 = CARTESIAN_POINT('',(-15.04,-0.2,8.));
#990 = LINE('',#991,#992);
#991 = CARTESIAN_POINT('',(-7.32,-0.2,8.));
#992 = VECTOR('',#993,1.);
#993 = DIRECTION('',(-1.,2.1E-16,0.));
#994 = ORIENTED_EDGE('',*,*,#995,.T.);
#995 = EDGE_CURVE('',#988,#996,#998,.T.);
#996 = VERTEX_POINT('',#997);
#997 = CARTESIAN_POINT('',(-15.04,-2.34,8.));
#998 = LINE('',#999,#1000);
#999 = CARTESIAN_POINT('',(-15.04,-0.97,8.));
#1000 = VECTOR('',#1001,1.);
#1001 = DIRECTION('',(0.,-1.,1.2E-16));
#1002 = ORIENTED_EDGE('',*,*,#1003,.T.);
#1003 = EDGE_CURVE('',#996,#978,#1004,.T.);
#1004 = LINE('',#1005,#1006);
#1005 = CARTESIAN_POINT('',(-6.65,-2.34,8.));
#1006 = VECTOR('',#1007,1.);
#1007 = DIRECTION('',(1.,-2.1E-16,0.));
#1008 = FACE_BOUND('',#1009,.F.);
#1009 = EDGE_LOOP('',(#1010,#1020,#1028,#1036));
#1010 = ORIENTED_EDGE('',*,*,#1011,.T.);
#1011 = EDGE_CURVE('',#1012,#1014,#1016,.T.);
#1012 = VERTEX_POINT('',#1013);
#1013 = CARTESIAN_POINT('',(-10.36,-2.34,8.));
#1014 = VERTEX_POINT('',#1015);
#1015 = CARTESIAN_POINT('',(-10.36,-0.2,8.));
#1016 = LINE('',#1017,#1018);
#1017 = CARTESIAN_POINT('',(-10.36,-0.3,8.));
#1018 = VECTOR('',#1019,1.);
#1019 = DIRECTION('',(0.,1.,-1.2E-16));
#1020 = ORIENTED_EDGE('',*,*,#1021,.T.);
#1021 = EDGE_CURVE('',#1014,#1022,#1024,.T.);
#1022 = VERTEX_POINT('',#1023);
#1023 = CARTESIAN_POINT('',(-12.5,-0.2,8.));
#1024 = LINE('',#1025,#1026);
#1025 = CARTESIAN_POINT('',(-6.05,-0.2,8.));
#1026 = VECTOR('',#1027,1.);
#1027 = DIRECTION('',(-1.,2.1E-16,0.));
#1028 = ORIENTED_EDGE('',*,*,#1029,.T.);
#1029 = EDGE_CURVE('',#1022,#1030,#1032,.T.);
#1030 = VERTEX_POINT('',#1031);
#1031 = CARTESIAN_POINT('',(-12.5,-2.34,8.));
#1032 = LINE('',#1033,#1034);
#1033 = CARTESIAN_POINT('',(-12.5,-0.97,8.));
#1034 = VECTOR('',#1035,1.);
#1035 = DIRECTION('',(0.,-1.,1.2E-16));
#1036 = ORIENTED_EDGE('',*,*,#1037,.T.);
#1037 = EDGE_CURVE('',#1030,#1012,#1038,.T.);
#1038 = LINE('',#1039,#1040);
#1039 = CARTESIAN_POINT('',(-5.38,-2.34,8.));
#1040 = VECTOR('',#1041,1.);
#1041 = DIRECTION('',(1.,-2.1E-16,0.));
#1042 = FACE_BOUND('',#1043,.F.);
#1043 = EDGE_LOOP('',(#1044,#1054,#1062,#1070));
#1044 = ORIENTED_EDGE('',*,*,#1045,.T.);
#1045 = EDGE_CURVE('',#1046,#1048,#1050,.T.);
#1046 = VERTEX_POINT('',#1047);
#1047 = CARTESIAN_POINT('',(-7.82,-2.34,8.));
#1048 = VERTEX_POINT('',#1049);
#1049 = CARTESIAN_POINT('',(-7.82,-0.2,8.));
#1050 = LINE('',#1051,#1052);
#1051 = CARTESIAN_POINT('',(-7.82,-0.3,8.));
#1052 = VECTOR('',#1053,1.);
#1053 = DIRECTION('',(0.,1.,-1.2E-16));
#1054 = ORIENTED_EDGE('',*,*,#1055,.T.);
#1055 = EDGE_CURVE('',#1048,#1056,#1058,.T.);
#1056 = VERTEX_POINT('',#1057);
#1057 = CARTESIAN_POINT('',(-9.96,-0.2,8.));
#1058 = LINE('',#1059,#1060);
#1059 = CARTESIAN_POINT('',(-4.78,-0.2,8.));
#1060 = VECTOR('',#1061,1.);
#1061 = DIRECTION('',(-1.,2.1E-16,0.));
#1062 = ORIENTED_EDGE('',*,*,#1063,.T.);
#1063 = EDGE_CURVE('',#1056,#1064,#1066,.T.);
#1064 = VERTEX_POINT('',#1065);
#1065 = CARTESIAN_POINT('',(-9.96,-2.34,8.));
#1066 = LINE('',#1067,#1068);
#1067 = CARTESIAN_POINT('',(-9.96,-0.97,8.));
#1068 = VECTOR('',#1069,1.);
#1069 = DIRECTION('',(0.,-1.,1.2E-16));
#1070 = ORIENTED_EDGE('',*,*,#1071,.T.);
#1071 = EDGE_CURVE('',#1064,#1046,#1072,.T.);
#1072 = LINE('',#1073,#1074);
#1073 = CARTESIAN_POINT('',(-4.11,-2.34,8.));
#1074 = VECTOR('',#1075,1.);
#1075 = DIRECTION('',(1.,-2.1E-16,0.));
#1076 = FACE_BOUND('',#1077,.F.);
#1077 = EDGE_LOOP('',(#1078,#1088,#1096,#1104));
#1078 = ORIENTED_EDGE('',*,*,#1079,.T.);
#1079 = EDGE_CURVE('',#1080,#1082,#1084,.T.);
#1080 = VERTEX_POINT('',#1081);
#1081 = CARTESIAN_POINT('',(-5.28,-2.34,8.));
#1082 = VERTEX_POINT('',#1083);
#1083 = CARTESIAN_POINT('',(-5.28,-0.2,8.));
#1084 = LINE('',#1085,#1086);
#1085 = CARTESIAN_POINT('',(-5.28,-0.3,8.));
#1086 = VECTOR('',#1087,1.);
#1087 = DIRECTION('',(0.,1.,-1.2E-16));
#1088 = ORIENTED_EDGE('',*,*,#1089,.T.);
#1089 = EDGE_CURVE('',#1082,#1090,#1092,.T.);
#1090 = VERTEX_POINT('',#1091);
#1091 = CARTESIAN_POINT('',(-7.42,-0.2,8.));
#1092 = LINE('',#1093,#1094);
#1093 = CARTESIAN_POINT('',(-3.51,-0.2,8.));
#1094 = VECTOR('',#1095,1.);
#1095 = DIRECTION('',(-1.,2.1E-16,0.));
#1096 = ORIENTED_EDGE('',*,*,#1097,.T.);
#1097 = EDGE_CURVE('',#1090,#1098,#1100,.T.);
#1098 = VERTEX_POINT('',#1099);
#1099 = CARTESIAN_POINT('',(-7.42,-2.34,8.));
#1100 = LINE('',#1101,#1102);
#1101 = CARTESIAN_POINT('',(-7.42,-0.97,8.));
#1102 = VECTOR('',#1103,1.);
#1103 = DIRECTION('',(0.,-1.,1.2E-16));
#1104 = ORIENTED_EDGE('',*,*,#1105,.T.);
#1105 = EDGE_CURVE('',#1098,#1080,#1106,.T.);
#1106 = LINE('',#1107,#1108);
#1107 = CARTESIAN_POINT('',(-2.84,-2.34,8.));
#1108 = VECTOR('',#1109,1.);
#1109 = DIRECTION('',(1.,-2.1E-16,0.));
#1110 = FACE_BOUND('',#1111,.F.);
#1111 = EDGE_LOOP('',(#1112,#1122,#1130,#1138));
#1112 = ORIENTED_EDGE('',*,*,#1113,.T.);
#1113 = EDGE_CURVE('',#1114,#1116,#1118,.T.);
#1114 = VERTEX_POINT('',#1115);
#1115 = CARTESIAN_POINT('',(-2.74,-2.34,8.));
#1116 = VERTEX_POINT('',#1117);
#1117 = CARTESIAN_POINT('',(-2.74,-0.2,8.));
#1118 = LINE('',#1119,#1120);
#1119 = CARTESIAN_POINT('',(-2.74,-0.3,8.));
#1120 = VECTOR('',#1121,1.);
#1121 = DIRECTION('',(0.,1.,-1.2E-16));
#1122 = ORIENTED_EDGE('',*,*,#1123,.T.);
#1123 = EDGE_CURVE('',#1116,#1124,#1126,.T.);
#1124 = VERTEX_POINT('',#1125);
#1125 = CARTESIAN_POINT('',(-4.88,-0.2,8.));
#1126 = LINE('',#1127,#1128);
#1127 = CARTESIAN_POINT('',(-2.24,-0.2,8.));
#1128 = VECTOR('',#1129,1.);
#1129 = DIRECTION('',(-1.,2.1E-16,0.));
#1130 = ORIENTED_EDGE('',*,*,#1131,.T.);
#1131 = EDGE_CURVE('',#1124,#1132,#1134,.T.);
#1132 = VERTEX_POINT('',#1133);
#1133 = CARTESIAN_POINT('',(-4.88,-2.34,8.));
#1134 = LINE('',#1135,#1136);
#1135 = CARTESIAN_POINT('',(-4.88,-0.97,8.));
#1136 = VECTOR('',#1137,1.);
#1137 = DIRECTION('',(0.,-1.,1.2E-16));
#1138 = ORIENTED_EDGE('',*,*,#1139,.T.);
#1139 = EDGE_CURVE('',#1132,#1114,#1140,.T.);
#1140 = LINE('',#1141,#1142);
#1141 = CARTESIAN_POINT('',(-1.57,-2.34,8.));
#1142 = VECTOR('',#1143,1.);
#1143 = DIRECTION('',(1.,-2.1E-16,0.));
#1144 = FACE_BOUND('',#1145,.F.);
#1145 = EDGE_LOOP('',(#1146,#1156,#1164,#1172));
#1146 = ORIENTED_EDGE('',*,*,#1147,.T.);
#1147 = EDGE_CURVE('',#1148,#1150,#1152,.T.);
#1148 = VERTEX_POINT('',#1149);
#1149 = CARTESIAN_POINT('',(-0.2,-2.34,8.));
#1150 = VERTEX_POINT('',#1151);
#1151 = CARTESIAN_POINT('',(-0.2,-0.2,8.));
#1152 = LINE('',#1153,#1154);
#1153 = CARTESIAN_POINT('',(-0.2,-0.3,8.));
#1154 = VECTOR('',#1155,1.);
#1155 = DIRECTION('',(0.,1.,-1.2E-16));
#1156 = ORIENTED_EDGE('',*,*,#1157,.T.);
#1157 = EDGE_CURVE('',#1150,#1158,#1160,.T.);
#1158 = VERTEX_POINT('',#1159);
#1159 = CARTESIAN_POINT('',(-2.34,-0.2,8.));
#1160 = LINE('',#1161,#1162);
#1161 = CARTESIAN_POINT('',(-0.97,-0.2,8.));
#1162 = VECTOR('',#1163,1.);
#1163 = DIRECTION('',(-1.,2.1E-16,0.));
#1164 = ORIENTED_EDGE('',*,*,#1165,.T.);
#1165 = EDGE_CURVE('',#1158,#1166,#1168,.T.);
#1166 = VERTEX_POINT('',#1167);
#1167 = CARTESIAN_POINT('',(-2.34,-2.34,8.));
#1168 = LINE('',#1169,#1170);
#1169 = CARTESIAN_POINT('',(-2.34,-0.97,8.));
#1170 = VECTOR('',#1171,1.);
#1171 = DIRECTION('',(0.,-1.,1.2E-16));
#1172 = ORIENTED_EDGE('',*,*,#1173,.T.);
#1173 = EDGE_CURVE('',#1166,#1148,#1174,.T.);
#1174 = LINE('',#1175,#1176);
#1175 = CARTESIAN_POINT('',(-0.3,-2.34,8.));
#1176 = VECTOR('',#1177,1.);
#1177 = DIRECTION('',(1.,-2.1E-16,0.));
#1178 = FACE_BOUND('',#1179,.F.);
#1179 = EDGE_LOOP('',(#1180,#1190,#1198,#1206));
#1180 = ORIENTED_EDGE('',*,*,#1181,.T.);
#1181 = EDGE_CURVE('',#1182,#1184,#1186,.T.);
#1182 = VERTEX_POINT('',#1183);
#1183 = CARTESIAN_POINT('',(2.34,-2.34,8.));
#1184 = VERTEX_POINT('',#1185);
#1185 = CARTESIAN_POINT('',(2.34,-0.2,8.));
#1186 = LINE('',#1187,#1188);
#1187 = CARTESIAN_POINT('',(2.34,-0.3,8.));
#1188 = VECTOR('',#1189,1.);
#1189 = DIRECTION('',(0.,1.,-1.2E-16));
#1190 = ORIENTED_EDGE('',*,*,#1191,.T.);
#1191 = EDGE_CURVE('',#1184,#1192,#1194,.T.);
#1192 = VERTEX_POINT('',#1193);
#1193 = CARTESIAN_POINT('',(0.2,-0.2,8.));
#1194 = LINE('',#1195,#1196);
#1195 = CARTESIAN_POINT('',(0.3,-0.2,8.));
#1196 = VECTOR('',#1197,1.);
#1197 = DIRECTION('',(-1.,2.1E-16,0.));
#1198 = ORIENTED_EDGE('',*,*,#1199,.T.);
#1199 = EDGE_CURVE('',#1192,#1200,#1202,.T.);
#1200 = VERTEX_POINT('',#1201);
#1201 = CARTESIAN_POINT('',(0.2,-2.34,8.));
#1202 = LINE('',#1203,#1204);
#1203 = CARTESIAN_POINT('',(0.2,-0.97,8.));
#1204 = VECTOR('',#1205,1.);
#1205 = DIRECTION('',(0.,-1.,1.2E-16));
#1206 = ORIENTED_EDGE('',*,*,#1207,.T.);
#1207 = EDGE_CURVE('',#1200,#1182,#1208,.T.);
#1208 = LINE('',#1209,#1210);
#1209 = CARTESIAN_POINT('',(0.97,-2.34,8.));
#1210 = VECTOR('',#1211,1.);
#1211 = DIRECTION('',(1.,-2.1E-16,0.));
#1212 = FACE_BOUND('',#1213,.F.);
#1213 = EDGE_LOOP('',(#1214,#1224,#1232,#1240));
#1214 = ORIENTED_EDGE('',*,*,#1215,.T.);
#1215 = EDGE_CURVE('',#1216,#1218,#1220,.T.);
#1216 = VERTEX_POINT('',#1217);
#1217 = CARTESIAN_POINT('',(4.88,-2.34,8.));
#1218 = VERTEX_POINT('',#1219);
#1219 = CARTESIAN_POINT('',(4.88,-0.2,8.));
#1220 = LINE('',#1221,#1222);
#1221 = CARTESIAN_POINT('',(4.88,-0.3,8.));
#1222 = VECTOR('',#1223,1.);
#1223 = DIRECTION('',(0.,1.,-1.2E-16));
#1224 = ORIENTED_EDGE('',*,*,#1225,.T.);
#1225 = EDGE_CURVE('',#1218,#1226,#1228,.T.);
#1226 = VERTEX_POINT('',#1227);
#1227 = CARTESIAN_POINT('',(2.74,-0.2,8.));
#1228 = LINE('',#1229,#1230);
#1229 = CARTESIAN_POINT('',(1.57,-0.2,8.));
#1230 = VECTOR('',#1231,1.);
#1231 = DIRECTION('',(-1.,2.1E-16,0.));
#1232 = ORIENTED_EDGE('',*,*,#1233,.T.);
#1233 = EDGE_CURVE('',#1226,#1234,#1236,.T.);
#1234 = VERTEX_POINT('',#1235);
#1235 = CARTESIAN_POINT('',(2.74,-2.34,8.));
#1236 = LINE('',#1237,#1238);
#1237 = CARTESIAN_POINT('',(2.74,-0.97,8.));
#1238 = VECTOR('',#1239,1.);
#1239 = DIRECTION('',(0.,-1.,1.2E-16));
#1240 = ORIENTED_EDGE('',*,*,#1241,.T.);
#1241 = EDGE_CURVE('',#1234,#1216,#1242,.T.);
#1242 = LINE('',#1243,#1244);
#1243 = CARTESIAN_POINT('',(2.24,-2.34,8.));
#1244 = VECTOR('',#1245,1.);
#1245 = DIRECTION('',(1.,-2.1E-16,0.));
#1246 = FACE_BOUND('',#1247,.F.);
#1247 = EDGE_LOOP('',(#1248,#1258,#1266,#1274));
#1248 = ORIENTED_EDGE('',*,*,#1249,.T.);
#1249 = EDGE_CURVE('',#1250,#1252,#1254,.T.);
#1250 = VERTEX_POINT('',#1251);
#1251 = CARTESIAN_POINT('',(7.42,-2.34,8.));
#1252 = VERTEX_POINT('',#1253);
#1253 = CARTESIAN_POINT('',(7.42,-0.2,8.));
#1254 = LINE('',#1255,#1256);
#1255 = CARTESIAN_POINT('',(7.42,-0.3,8.));
#1256 = VECTOR('',#1257,1.);
#1257 = DIRECTION('',(0.,1.,-1.2E-16));
#1258 = ORIENTED_EDGE('',*,*,#1259,.T.);
#1259 = EDGE_CURVE('',#1252,#1260,#1262,.T.);
#1260 = VERTEX_POINT('',#1261);
#1261 = CARTESIAN_POINT('',(5.28,-0.2,8.));
#1262 = LINE('',#1263,#1264);
#1263 = CARTESIAN_POINT('',(2.84,-0.2,8.));
#1264 = VECTOR('',#1265,1.);
#1265 = DIRECTION('',(-1.,2.1E-16,0.));
#1266 = ORIENTED_EDGE('',*,*,#1267,.T.);
#1267 = EDGE_CURVE('',#1260,#1268,#1270,.T.);
#1268 = VERTEX_POINT('',#1269);
#1269 = CARTESIAN_POINT('',(5.28,-2.34,8.));
#1270 = LINE('',#1271,#1272);
#1271 = CARTESIAN_POINT('',(5.28,-0.97,8.));
#1272 = VECTOR('',#1273,1.);
#1273 = DIRECTION('',(0.,-1.,1.2E-16));
#1274 = ORIENTED_EDGE('',*,*,#1275,.T.);
#1275 = EDGE_CURVE('',#1268,#1250,#1276,.T.);
#1276 = LINE('',#1277,#1278);
#1277 = CARTESIAN_POINT('',(3.51,-2.34,8.));
#1278 = VECTOR('',#1279,1.);
#1279 = DIRECTION('',(1.,-2.1E-16,0.));
#1280 = FACE_BOUND('',#1281,.F.);
#1281 = EDGE_LOOP('',(#1282,#1292,#1300,#1308));
#1282 = ORIENTED_EDGE('',*,*,#1283,.T.);
#1283 = EDGE_CURVE('',#1284,#1286,#1288,.T.);
#1284 = VERTEX_POINT('',#1285);
#1285 = CARTESIAN_POINT('',(9.96,-2.34,8.));
#1286 = VERTEX_POINT('',#1287);
#1287 = CARTESIAN_POINT('',(9.96,-0.2,8.));
#1288 = LINE('',#1289,#1290);
#1289 = CARTESIAN_POINT('',(9.96,-0.3,8.));
#1290 = VECTOR('',#1291,1.);
#1291 = DIRECTION('',(0.,1.,-1.2E-16));
#1292 = ORIENTED_EDGE('',*,*,#1293,.T.);
#1293 = EDGE_CURVE('',#1286,#1294,#1296,.T.);
#1294 = VERTEX_POINT('',#1295);
#1295 = CARTESIAN_POINT('',(7.82,-0.2,8.));
#1296 = LINE('',#1297,#1298);
#1297 = CARTESIAN_POINT('',(4.11,-0.2,8.));
#1298 = VECTOR('',#1299,1.);
#1299 = DIRECTION('',(-1.,2.1E-16,0.));
#1300 = ORIENTED_EDGE('',*,*,#1301,.T.);
#1301 = EDGE_CURVE('',#1294,#1302,#1304,.T.);
#1302 = VERTEX_POINT('',#1303);
#1303 = CARTESIAN_POINT('',(7.82,-2.34,8.));
#1304 = LINE('',#1305,#1306);
#1305 = CARTESIAN_POINT('',(7.82,-0.97,8.));
#1306 = VECTOR('',#1307,1.);
#1307 = DIRECTION('',(0.,-1.,1.2E-16));
#1308 = ORIENTED_EDGE('',*,*,#1309,.T.);
#1309 = EDGE_CURVE('',#1302,#1284,#1310,.T.);
#1310 = LINE('',#1311,#1312);
#1311 = CARTESIAN_POINT('',(4.78,-2.34,8.));
#1312 = VECTOR('',#1313,1.);
#1313 = DIRECTION('',(1.,-2.1E-16,0.));
#1314 = FACE_BOUND('',#1315,.F.);
#1315 = EDGE_LOOP('',(#1316,#1326,#1334,#1342));
#1316 = ORIENTED_EDGE('',*,*,#1317,.T.);
#1317 = EDGE_CURVE('',#1318,#1320,#1322,.T.);
#1318 = VERTEX_POINT('',#1319);
#1319 = CARTESIAN_POINT('',(12.5,-2.34,8.));
#1320 = VERTEX_POINT('',#1321);
#1321 = CARTESIAN_POINT('',(12.5,-0.2,8.));
#1322 = LINE('',#1323,#1324);
#1323 = CARTESIAN_POINT('',(12.5,-0.3,8.));
#1324 = VECTOR('',#1325,1.);
#1325 = DIRECTION('',(0.,1.,-1.2E-16));
#1326 = ORIENTED_EDGE('',*,*,#1327,.T.);
#1327 = EDGE_CURVE('',#1320,#1328,#1330,.T.);
#1328 = VERTEX_POINT('',#1329);
#1329 = CARTESIAN_POINT('',(10.36,-0.2,8.));
#1330 = LINE('',#1331,#1332);
#1331 = CARTESIAN_POINT('',(5.38,-0.2,8.));
#1332 = VECTOR('',#1333,1.);
#1333 = DIRECTION('',(-1.,2.1E-16,0.));
#1334 = ORIENTED_EDGE('',*,*,#1335,.T.);
#1335 = EDGE_CURVE('',#1328,#1336,#1338,.T.);
#1336 = VERTEX_POINT('',#1337);
#1337 = CARTESIAN_POINT('',(10.36,-2.34,8.));
#1338 = LINE('',#1339,#1340);
#1339 = CARTESIAN_POINT('',(10.36,-0.97,8.));
#1340 = VECTOR('',#1341,1.);
#1341 = DIRECTION('',(0.,-1.,1.2E-16));
#1342 = ORIENTED_EDGE('',*,*,#1343,.T.);
#1343 = EDGE_CURVE('',#1336,#1318,#1344,.T.);
#1344 = LINE('',#1345,#1346);
#1345 = CARTESIAN_POINT('',(6.05,-2.34,8.));
#1346 = VECTOR('',#1347,1.);
#1347 = DIRECTION('',(1.,-2.1E-16,0.));
#1348 = FACE_BOUND('',#1349,.F.);
#1349 = EDGE_LOOP('',(#1350,#1360,#1368,#1376));
#1350 = ORIENTED_EDGE('',*,*,#1351,.T.);
#1351 = EDGE_CURVE('',#1352,#1354,#1356,.T.);
#1352 = VERTEX_POINT('',#1353);
#1353 = CARTESIAN_POINT('',(15.04,-2.34,8.));
#1354 = VERTEX_POINT('',#1355);
#1355 = CARTESIAN_POINT('',(15.04,-0.2,8.));
#1356 = LINE('',#1357,#1358);
#1357 = CARTESIAN_POINT('',(15.04,-0.3,8.));
#1358 = VECTOR('',#1359,1.);
#1359 = DIRECTION('',(0.,1.,-1.2E-16));
#1360 = ORIENTED_EDGE('',*,*,#1361,.T.);
#1361 = EDGE_CURVE('',#1354,#1362,#1364,.T.);
#1362 = VERTEX_POINT('',#1363);
#1363 = CARTESIAN_POINT('',(12.9,-0.2,8.));
#1364 = LINE('',#1365,#1366);
#1365 = CARTESIAN_POINT('',(6.65,-0.2,8.));
#1366 = VECTOR('',#1367,1.);
#1367 = DIRECTION('',(-1.,2.1E-16,0.));
#1368 = ORIENTED_EDGE('',*,*,#1369,.T.);
#1369 = EDGE_CURVE('',#1362,#1370,#1372,.T.);
#1370 = VERTEX_POINT('',#1371);
#1371 = CARTESIAN_POINT('',(12.9,-2.34,8.));
#1372 = LINE('',#1373,#1374);
#1373 = CARTESIAN_POINT('',(12.9,-0.97,8.));
#1374 = VECTOR('',#1375,1.);
#1375 = DIRECTION('',(0.,-1.,1.2E-16));
#1376 = ORIENTED_EDGE('',*,*,#1377,.T.);
#1377 = EDGE_CURVE('',#1370,#1352,#1378,.T.);
#1378 = LINE('',#1379,#1380);
#1379 = CARTESIAN_POINT('',(7.32,-2.34,8.));
#1380 = VECTOR('',#1381,1.);
#1381 = DIRECTION('',(1.,-2.1E-16,0.));
#1382 = FACE_BOUND('',#1383,.F.);
#1383 = EDGE_LOOP('',(#1384,#1394,#1402,#1410));
#1384 = ORIENTED_EDGE('',*,*,#1385,.T.);
#1385 = EDGE_CURVE('',#1386,#1388,#1390,.T.);
#1386 = VERTEX_POINT('',#1387);
#1387 = CARTESIAN_POINT('',(17.58,-2.34,8.));
#1388 = VERTEX_POINT('',#1389);
#1389 = CARTESIAN_POINT('',(17.58,-0.2,8.));
#1390 = LINE('',#1391,#1392);
#1391 = CARTESIAN_POINT('',(17.58,-0.3,8.));
#1392 = VECTOR('',#1393,1.);
#1393 = DIRECTION('',(0.,1.,-1.2E-16));
#1394 = ORIENTED_EDGE('',*,*,#1395,.T.);
#1395 = EDGE_CURVE('',#1388,#1396,#1398,.T.);
#1396 = VERTEX_POINT('',#1397);
#1397 = CARTESIAN_POINT('',(15.44,-0.2,8.));
#1398 = LINE('',#1399,#1400);
#1399 = CARTESIAN_POINT('',(7.92,-0.2,8.));
#1400 = VECTOR('',#1401,1.);
#1401 = DIRECTION('',(-1.,2.1E-16,0.));
#1402 = ORIENTED_EDGE('',*,*,#1403,.T.);
#1403 = EDGE_CURVE('',#1396,#1404,#1406,.T.);
#1404 = VERTEX_POINT('',#1405);
#1405 = CARTESIAN_POINT('',(15.44,-2.34,8.));
#1406 = LINE('',#1407,#1408);
#1407 = CARTESIAN_POINT('',(15.44,-0.97,8.));
#1408 = VECTOR('',#1409,1.);
#1409 = DIRECTION('',(0.,-1.,1.2E-16));
#1410 = ORIENTED_EDGE('',*,*,#1411,.T.);
#1411 = EDGE_CURVE('',#1404,#1386,#1412,.T.);
#1412 = LINE('',#1413,#1414);
#1413 = CARTESIAN_POINT('',(8.59,-2.34,8.));
#1414 = VECTOR('',#1415,1.);
#1415 = DIRECTION('',(1.,-2.1E-16,0.));
#1416 = FACE_BOUND('',#1417,.F.);
#1417 = EDGE_LOOP('',(#1418,#1428,#1436,#1444));
#1418 = ORIENTED_EDGE('',*,*,#1419,.T.);
#1419 = EDGE_CURVE('',#1420,#1422,#1424,.T.);
#1420 = VERTEX_POINT('',#1421);
#1421 = CARTESIAN_POINT('',(20.12,-2.34,8.));
#1422 = VERTEX_POINT('',#1423);
#1423 = CARTESIAN_POINT('',(20.12,-0.2,8.));
#1424 = LINE('',#1425,#1426);
#1425 = CARTESIAN_POINT('',(20.12,-0.3,8.));
#1426 = VECTOR('',#1427,1.);
#1427 = DIRECTION('',(0.,1.,-1.2E-16));
#1428 = ORIENTED_EDGE('',*,*,#1429,.T.);
#1429 = EDGE_CURVE('',#1422,#1430,#1432,.T.);
#1430 = VERTEX_POINT('',#1431);
#1431 = CARTESIAN_POINT('',(17.98,-0.2,8.));
#1432 = LINE('',#1433,#1434);
#1433 = CARTESIAN_POINT('',(9.19,-0.2,8.));
#1434 = VECTOR('',#1435,1.);
#1435 = DIRECTION('',(-1.,2.1E-16,0.));
#1436 = ORIENTED_EDGE('',*,*,#1437,.T.);
#1437 = EDGE_CURVE('',#1430,#1438,#1440,.T.);
#1438 = VERTEX_POINT('',#1439);
#1439 = CARTESIAN_POINT('',(17.98,-2.34,8.));
#1440 = LINE('',#1441,#1442);
#1441 = CARTESIAN_POINT('',(17.98,-0.97,8.));
#1442 = VECTOR('',#1443,1.);
#1443 = DIRECTION('',(0.,-1.,1.2E-16));
#1444 = ORIENTED_EDGE('',*,*,#1445,.T.);
#1445 = EDGE_CURVE('',#1438,#1420,#1446,.T.);
#1446 = LINE('',#1447,#1448);
#1447 = CARTESIAN_POINT('',(9.86,-2.34,8.));
#1448 = VECTOR('',#1449,1.);
#1449 = DIRECTION('',(1.,-2.1E-16,0.));
#1450 = FACE_BOUND('',#1451,.F.);
#1451 = EDGE_LOOP('',(#1452,#1462,#1470,#1478));
#1452 = ORIENTED_EDGE('',*,*,#1453,.T.);
#1453 = EDGE_CURVE('',#1454,#1456,#1458,.T.);
#1454 = VERTEX_POINT('',#1455);
#1455 = CARTESIAN_POINT('',(22.66,-2.34,8.));
#1456 = VERTEX_POINT('',#1457);
#1457 = CARTESIAN_POINT('',(22.66,-0.2,8.));
#1458 = LINE('',#1459,#1460);
#1459 = CARTESIAN_POINT('',(22.66,-0.3,8.));
#1460 = VECTOR('',#1461,1.);
#1461 = DIRECTION('',(0.,1.,-1.2E-16));
#1462 = ORIENTED_EDGE('',*,*,#1463,.T.);
#1463 = EDGE_CURVE('',#1456,#1464,#1466,.T.);
#1464 = VERTEX_POINT('',#1465);
#1465 = CARTESIAN_POINT('',(20.52,-0.2,8.));
#1466 = LINE('',#1467,#1468);
#1467 = CARTESIAN_POINT('',(10.46,-0.2,8.));
#1468 = VECTOR('',#1469,1.);
#1469 = DIRECTION('',(-1.,2.1E-16,0.));
#1470 = ORIENTED_EDGE('',*,*,#1471,.T.);
#1471 = EDGE_CURVE('',#1464,#1472,#1474,.T.);
#1472 = VERTEX_POINT('',#1473);
#1473 = CARTESIAN_POINT('',(20.52,-2.34,8.));
#1474 = LINE('',#1475,#1476);
#1475 = CARTESIAN_POINT('',(20.52,-0.97,8.));
#1476 = VECTOR('',#1477,1.);
#1477 = DIRECTION('',(0.,-1.,1.2E-16));
#1478 = ORIENTED_EDGE('',*,*,#1479,.T.);
#1479 = EDGE_CURVE('',#1472,#1454,#1480,.T.);
#1480 = LINE('',#1481,#1482);
#1481 = CARTESIAN_POINT('',(11.13,-2.34,8.));
#1482 = VECTOR('',#1483,1.);
#1483 = DIRECTION('',(1.,-2.1E-16,0.));
#1484 = FACE_BOUND('',#1485,.F.);
#1485 = EDGE_LOOP('',(#1486,#1496,#1504,#1512));
#1486 = ORIENTED_EDGE('',*,*,#1487,.T.);
#1487 = EDGE_CURVE('',#1488,#1490,#1492,.T.);
#1488 = VERTEX_POINT('',#1489);
#1489 = CARTESIAN_POINT('',(25.2,-2.34,8.));
#1490 = VERTEX_POINT('',#1491);
#1491 = CARTESIAN_POINT('',(25.2,-0.2,8.));
#1492 = LINE('',#1493,#1494);
#1493 = CARTESIAN_POINT('',(25.2,-0.3,8.));
#1494 = VECTOR('',#1495,1.);
#1495 = DIRECTION('',(0.,1.,-1.2E-16));
#1496 = ORIENTED_EDGE('',*,*,#1497,.T.);
#1497 = EDGE_CURVE('',#1490,#1498,#1500,.T.);
#1498 = VERTEX_POINT('',#1499);
#1499 = CARTESIAN_POINT('',(23.06,-0.2,8.));
#1500 = LINE('',#1501,#1502);
#1501 = CARTESIAN_POINT('',(11.73,-0.2,8.));
#1502 = VECTOR('',#1503,1.);
#1503 = DIRECTION('',(-1.,2.1E-16,0.));
#1504 = ORIENTED_EDGE('',*,*,#1505,.T.);
#1505 = EDGE_CURVE('',#1498,#1506,#1508,.T.);
#1506 = VERTEX_POINT('',#1507);
#1507 = CARTESIAN_POINT('',(23.06,-2.34,8.));
#1508 = LINE('',#1509,#1510);
#1509 = CARTESIAN_POINT('',(23.06,-0.97,8.));
#1510 = VECTOR('',#1511,1.);
#1511 = DIRECTION('',(0.,-1.,1.2E-16));
#1512 = ORIENTED_EDGE('',*,*,#1513,.T.);
#1513 = EDGE_CURVE('',#1506,#1488,#1514,.T.);
#1514 = LINE('',#1515,#1516);
#1515 = CARTESIAN_POINT('',(12.4,-2.34,8.));
#1516 = VECTOR('',#1517,1.);
#1517 = DIRECTION('',(1.,-2.1E-16,0.));
#1518 = PLANE('',#1519);
#1519 = AXIS2_PLACEMENT_3D('',#1520,#1521,#1522);
#1520 = CARTESIAN_POINT('',(0.,0.,8.));
#1521 = DIRECTION('',(0.,-1.2E-16,-1.));
#1522 = DIRECTION('',(1.,0.,0.));
#1523 = ADVANCED_FACE('',(#1524),#1551,.T.);
#1524 = FACE_BOUND('',#1525,.T.);
#1525 = EDGE_LOOP('',(#1526,#1534,#1535,#1536,#1537,#1545));
#1526 = ORIENTED_EDGE('',*,*,#1527,.F.);
#1527 = EDGE_CURVE('',#102,#1528,#1530,.T.);
#1528 = VERTEX_POINT('',#1529);
#1529 = CARTESIAN_POINT('',(-25.5,3.5,0.));
#1530 = LINE('',#1531,#1532);
#1531 = CARTESIAN_POINT('',(-25.6,3.5,0.));
#1532 = VECTOR('',#1533,1.);
#1533 = DIRECTION('',(-1.,0.,0.));
#1534 = ORIENTED_EDGE('',*,*,#101,.T.);
#1535 = ORIENTED_EDGE('',*,*,#157,.T.);
#1536 = ORIENTED_EDGE('',*,*,#172,.F.);
#1537 = ORIENTED_EDGE('',*,*,#1538,.F.);
#1538 = EDGE_CURVE('',#1539,#173,#1541,.T.);
#1539 = VERTEX_POINT('',#1540);
#1540 = CARTESIAN_POINT('',(-25.5,-0.2,-0.));
#1541 = LINE('',#1542,#1543);
#1542 = CARTESIAN_POINT('',(-25.5,-0.2,0.));
#1543 = VECTOR('',#1544,1.);
#1544 = DIRECTION('',(1.,0.,0.));
#1545 = ORIENTED_EDGE('',*,*,#1546,.T.);
#1546 = EDGE_CURVE('',#1539,#1528,#1547,.T.);
#1547 = LINE('',#1548,#1549);
#1548 = CARTESIAN_POINT('',(-25.5,1.75,0.));
#1549 = VECTOR('',#1550,1.);
#1550 = DIRECTION('',(0.,1.,-1.2E-16));
#1551 = PLANE('',#1552);
#1552 = AXIS2_PLACEMENT_3D('',#1553,#1554,#1555);
#1553 = CARTESIAN_POINT('',(0.,-9.8E-16,0.));
#1554 = DIRECTION('',(0.,-1.2E-16,-1.));
#1555 = DIRECTION('',(1.,0.,0.));
#1556 = ADVANCED_FACE('',(#1557),#1575,.T.);
#1557 = FACE_BOUND('',#1558,.T.);
#1558 = EDGE_LOOP('',(#1559,#1567,#1568,#1569));
#1559 = ORIENTED_EDGE('',*,*,#1560,.F.);
#1560 = EDGE_CURVE('',#110,#1561,#1563,.T.);
#1561 = VERTEX_POINT('',#1562);
#1562 = CARTESIAN_POINT('',(-25.5,3.5,0.3));
#1563 = LINE('',#1564,#1565);
#1564 = CARTESIAN_POINT('',(0.38,3.5,0.3));
#1565 = VECTOR('',#1566,1.);
#1566 = DIRECTION('',(-1.,0.,0.));
#1567 = ORIENTED_EDGE('',*,*,#109,.T.);
#1568 = ORIENTED_EDGE('',*,*,#1527,.T.);
#1569 = ORIENTED_EDGE('',*,*,#1570,.T.);
#1570 = EDGE_CURVE('',#1528,#1561,#1571,.T.);
#1571 = LINE('',#1572,#1573);
#1572 = CARTESIAN_POINT('',(-25.5,3.5,4.));
#1573 = VECTOR('',#1574,1.);
#1574 = DIRECTION('',(0.,-3.4E-16,1.));
#1575 = PLANE('',#1576);
#1576 = AXIS2_PLACEMENT_3D('',#1577,#1578,#1579);
#1577 = CARTESIAN_POINT('',(-25.6,3.5,0.));
#1578 = DIRECTION('',(0.,1.,3.4E-16));
#1579 = DIRECTION('',(0.,-3.4E-16,1.));
#1580 = ADVANCED_FACE('',(#1581),#1599,.T.);
#1581 = FACE_BOUND('',#1582,.T.);
#1582 = EDGE_LOOP('',(#1583,#1584,#1585,#1593));
#1583 = ORIENTED_EDGE('',*,*,#117,.T.);
#1584 = ORIENTED_EDGE('',*,*,#1560,.T.);
#1585 = ORIENTED_EDGE('',*,*,#1586,.T.);
#1586 = EDGE_CURVE('',#1561,#1587,#1589,.T.);
#1587 = VERTEX_POINT('',#1588);
#1588 = CARTESIAN_POINT('',(-25.5,2.74,1.06));
#1589 = LINE('',#1590,#1591);
#1590 = CARTESIAN_POINT('',(-25.5,1.385,2.415));
#1591 = VECTOR('',#1592,1.);
#1592 = DIRECTION('',(0.,-0.707106781187,0.707106781187));
#1593 = ORIENTED_EDGE('',*,*,#1594,.F.);
#1594 = EDGE_CURVE('',#118,#1587,#1595,.T.);
#1595 = LINE('',#1596,#1597);
#1596 = CARTESIAN_POINT('',(0.38,2.74,1.06));
#1597 = VECTOR('',#1598,1.);
#1598 = DIRECTION('',(-1.,0.,0.));
#1599 = PLANE('',#1600);
#1600 = AXIS2_PLACEMENT_3D('',#1601,#1602,#1603);
#1601 = CARTESIAN_POINT('',(0.38,3.12,0.68));
#1602 = DIRECTION('',(0.,0.707106781187,0.707106781187));
#1603 = DIRECTION('',(-1.,0.,0.));
#1604 = ADVANCED_FACE('',(#1605),#1616,.T.);
#1605 = FACE_BOUND('',#1606,.T.);
#1606 = EDGE_LOOP('',(#1607,#1608,#1609,#1615));
#1607 = ORIENTED_EDGE('',*,*,#125,.T.);
#1608 = ORIENTED_EDGE('',*,*,#1594,.T.);
#1609 = ORIENTED_EDGE('',*,*,#1610,.T.);
#1610 = EDGE_CURVE('',#1587,#282,#1611,.T.);
#1611 = LINE('',#1612,#1613);
#1612 = CARTESIAN_POINT('',(-25.5,2.74,8.));
#1613 = VECTOR('',#1614,1.);
#1614 = DIRECTION('',(0.,1.2E-16,1.));
#1615 = ORIENTED_EDGE('',*,*,#289,.T.);
#1616 = PLANE('',#1617);
#1617 = AXIS2_PLACEMENT_3D('',#1618,#1619,#1620);
#1618 = CARTESIAN_POINT('',(-25.6,2.74,8.));
#1619 = DIRECTION('',(0.,1.,-1.2E-16));
#1620 = DIRECTION('',(1.,0.,0.));
#1621 = ADVANCED_FACE('',(#1622),#1640,.F.);
#1622 = FACE_BOUND('',#1623,.F.);
#1623 = EDGE_LOOP('',(#1624,#1625,#1631,#1632,#1633,#1634,#1635,#1636,
    #1637,#1638,#1639));
#1624 = ORIENTED_EDGE('',*,*,#1538,.F.);
#1625 = ORIENTED_EDGE('',*,*,#1626,.T.);
#1626 = EDGE_CURVE('',#1539,#274,#1627,.T.);
#1627 = LINE('',#1628,#1629);
#1628 = CARTESIAN_POINT('',(-25.5,-0.2,-0.));
#1629 = VECTOR('',#1630,1.);
#1630 = DIRECTION('',(0.,0.,1.));
#1631 = ORIENTED_EDGE('',*,*,#273,.T.);
#1632 = ORIENTED_EDGE('',*,*,#265,.F.);
#1633 = ORIENTED_EDGE('',*,*,#257,.T.);
#1634 = ORIENTED_EDGE('',*,*,#249,.F.);
#1635 = ORIENTED_EDGE('',*,*,#241,.T.);
#1636 = ORIENTED_EDGE('',*,*,#233,.F.);
#1637 = ORIENTED_EDGE('',*,*,#225,.T.);
#1638 = ORIENTED_EDGE('',*,*,#217,.F.);
#1639 = ORIENTED_EDGE('',*,*,#180,.F.);
#1640 = PLANE('',#1641);
#1641 = AXIS2_PLACEMENT_3D('',#1642,#1643,#1644);
#1642 = CARTESIAN_POINT('',(-25.5,-0.2,-0.));
#1643 = DIRECTION('',(0.,1.,0.));
#1644 = DIRECTION('',(1.,0.,0.));
#1645 = ADVANCED_FACE('',(#1646),#1654,.F.);
#1646 = FACE_BOUND('',#1647,.F.);
#1647 = EDGE_LOOP('',(#1648,#1649,#1650,#1651,#1652,#1653));
#1648 = ORIENTED_EDGE('',*,*,#281,.T.);
#1649 = ORIENTED_EDGE('',*,*,#1626,.F.);
#1650 = ORIENTED_EDGE('',*,*,#1546,.T.);
#1651 = ORIENTED_EDGE('',*,*,#1570,.T.);
#1652 = ORIENTED_EDGE('',*,*,#1586,.T.);
#1653 = ORIENTED_EDGE('',*,*,#1610,.T.);
#1654 = PLANE('',#1655);
#1655 = AXIS2_PLACEMENT_3D('',#1656,#1657,#1658);
#1656 = CARTESIAN_POINT('',(-25.5,3.5,8.));
#1657 = DIRECTION('',(1.,0.,0.));
#1658 = DIRECTION('',(0.,-1.,1.4E-16));
#1659 = ADVANCED_FACE('',(#1660),#1685,.T.);
#1660 = FACE_BOUND('',#1661,.T.);
#1661 = EDGE_LOOP('',(#1662,#1663,#1671,#1679));
#1662 = ORIENTED_EDGE('',*,*,#297,.T.);
#1663 = ORIENTED_EDGE('',*,*,#1664,.T.);
#1664 = EDGE_CURVE('',#300,#1665,#1667,.T.);
#1665 = VERTEX_POINT('',#1666);
#1666 = CARTESIAN_POINT('',(-23.46,1.94,7.6));
#1667 = LINE('',#1668,#1669);
#1668 = CARTESIAN_POINT('',(-23.06,2.34,8.));
#1669 = VECTOR('',#1670,1.);
#1670 = DIRECTION('',(-0.57735026919,-0.57735026919,-0.57735026919));
#1671 = ORIENTED_EDGE('',*,*,#1672,.T.);
#1672 = EDGE_CURVE('',#1665,#1673,#1675,.T.);
#1673 = VERTEX_POINT('',#1674);
#1674 = CARTESIAN_POINT('',(-23.46,0.6,7.6));
#1675 = LINE('',#1676,#1677);
#1676 = CARTESIAN_POINT('',(-23.46,0.97,7.6));
#1677 = VECTOR('',#1678,1.);
#1678 = DIRECTION('',(0.,-1.,1.2E-16));
#1679 = ORIENTED_EDGE('',*,*,#1680,.T.);
#1680 = EDGE_CURVE('',#1673,#298,#1681,.T.);
#1681 = LINE('',#1682,#1683);
#1682 = CARTESIAN_POINT('',(-23.46,0.6,7.6));
#1683 = VECTOR('',#1684,1.);
#1684 = DIRECTION('',(0.57735026919,-0.57735026919,0.57735026919));
#1685 = PLANE('',#1686);
#1686 = AXIS2_PLACEMENT_3D('',#1687,#1688,#1689);
#1687 = CARTESIAN_POINT('',(-23.26,0.97,7.8));
#1688 = DIRECTION('',(-0.707106781187,9.E-17,0.707106781187));
#1689 = DIRECTION('',(-0.707106781187,-9.E-17,-0.707106781187));
#1690 = ADVANCED_FACE('',(#1691),#1709,.T.);
#1691 = FACE_BOUND('',#1692,.T.);
#1692 = EDGE_LOOP('',(#1693,#1694,#1695,#1703));
#1693 = ORIENTED_EDGE('',*,*,#323,.T.);
#1694 = ORIENTED_EDGE('',*,*,#1680,.F.);
#1695 = ORIENTED_EDGE('',*,*,#1696,.T.);
#1696 = EDGE_CURVE('',#1673,#1697,#1699,.T.);
#1697 = VERTEX_POINT('',#1698);
#1698 = CARTESIAN_POINT('',(-24.8,0.6,7.6));
#1699 = LINE('',#1700,#1701);
#1700 = CARTESIAN_POINT('',(-11.73,0.6,7.6));
#1701 = VECTOR('',#1702,1.);
#1702 = DIRECTION('',(-1.,2.1E-16,0.));
#1703 = ORIENTED_EDGE('',*,*,#1704,.F.);
#1704 = EDGE_CURVE('',#316,#1697,#1705,.T.);
#1705 = LINE('',#1706,#1707);
#1706 = CARTESIAN_POINT('',(-25.2,0.2,8.));
#1707 = VECTOR('',#1708,1.);
#1708 = DIRECTION('',(0.57735026919,0.57735026919,-0.57735026919));
#1709 = PLANE('',#1710);
#1710 = AXIS2_PLACEMENT_3D('',#1711,#1712,#1713);
#1711 = CARTESIAN_POINT('',(-11.73,0.4,7.8));
#1712 = DIRECTION('',(1.5E-16,0.707106781187,0.707106781187));
#1713 = DIRECTION('',(-1.,3.606601717798E-17,1.76066017178E-16));
#1714 = ADVANCED_FACE('',(#1715),#1733,.T.);
#1715 = FACE_BOUND('',#1716,.T.);
#1716 = EDGE_LOOP('',(#1717,#1718,#1726,#1732));
#1717 = ORIENTED_EDGE('',*,*,#307,.T.);
#1718 = ORIENTED_EDGE('',*,*,#1719,.T.);
#1719 = EDGE_CURVE('',#308,#1720,#1722,.T.);
#1720 = VERTEX_POINT('',#1721);
#1721 = CARTESIAN_POINT('',(-24.8,1.94,7.6));
#1722 = LINE('',#1723,#1724);
#1723 = CARTESIAN_POINT('',(-25.2,2.34,8.));
#1724 = VECTOR('',#1725,1.);
#1725 = DIRECTION('',(0.57735026919,-0.57735026919,-0.57735026919));
#1726 = ORIENTED_EDGE('',*,*,#1727,.T.);
#1727 = EDGE_CURVE('',#1720,#1665,#1728,.T.);
#1728 = LINE('',#1729,#1730);
#1729 = CARTESIAN_POINT('',(-12.4,1.94,7.6));
#1730 = VECTOR('',#1731,1.);
#1731 = DIRECTION('',(1.,-2.1E-16,0.));
#1732 = ORIENTED_EDGE('',*,*,#1664,.F.);
#1733 = PLANE('',#1734);
#1734 = AXIS2_PLACEMENT_3D('',#1735,#1736,#1737);
#1735 = CARTESIAN_POINT('',(-12.4,2.14,7.8));
#1736 = DIRECTION('',(-1.5E-16,-0.707106781187,0.707106781187));
#1737 = DIRECTION('',(-1.,3.606601717798E-17,-1.76066017178E-16));
#1738 = ADVANCED_FACE('',(#1739),#1750,.T.);
#1739 = FACE_BOUND('',#1740,.T.);
#1740 = EDGE_LOOP('',(#1741,#1747,#1748,#1749));
#1741 = ORIENTED_EDGE('',*,*,#1742,.T.);
#1742 = EDGE_CURVE('',#1697,#1720,#1743,.T.);
#1743 = LINE('',#1744,#1745);
#1744 = CARTESIAN_POINT('',(-24.8,0.3,7.6));
#1745 = VECTOR('',#1746,1.);
#1746 = DIRECTION('',(0.,1.,-1.2E-16));
#1747 = ORIENTED_EDGE('',*,*,#1719,.F.);
#1748 = ORIENTED_EDGE('',*,*,#315,.T.);
#1749 = ORIENTED_EDGE('',*,*,#1704,.T.);
#1750 = PLANE('',#1751);
#1751 = AXIS2_PLACEMENT_3D('',#1752,#1753,#1754);
#1752 = CARTESIAN_POINT('',(-25.,0.3,7.8));
#1753 = DIRECTION('',(0.707106781187,9.E-17,0.707106781187));
#1754 = DIRECTION('',(-0.707106781187,9.E-17,0.707106781187));
#1755 = ADVANCED_FACE('',(#1756),#1781,.T.);
#1756 = FACE_BOUND('',#1757,.T.);
#1757 = EDGE_LOOP('',(#1758,#1759,#1767,#1775));
#1758 = ORIENTED_EDGE('',*,*,#331,.T.);
#1759 = ORIENTED_EDGE('',*,*,#1760,.T.);
#1760 = EDGE_CURVE('',#334,#1761,#1763,.T.);
#1761 = VERTEX_POINT('',#1762);
#1762 = CARTESIAN_POINT('',(-20.92,1.94,7.6));
#1763 = LINE('',#1764,#1765);
#1764 = CARTESIAN_POINT('',(-20.52,2.34,8.));
#1765 = VECTOR('',#1766,1.);
#1766 = DIRECTION('',(-0.57735026919,-0.57735026919,-0.57735026919));
#1767 = ORIENTED_EDGE('',*,*,#1768,.T.);
#1768 = EDGE_CURVE('',#1761,#1769,#1771,.T.);
#1769 = VERTEX_POINT('',#1770);
#1770 = CARTESIAN_POINT('',(-20.92,0.6,7.6));
#1771 = LINE('',#1772,#1773);
#1772 = CARTESIAN_POINT('',(-20.92,0.97,7.6));
#1773 = VECTOR('',#1774,1.);
#1774 = DIRECTION('',(0.,-1.,1.2E-16));
#1775 = ORIENTED_EDGE('',*,*,#1776,.T.);
#1776 = EDGE_CURVE('',#1769,#332,#1777,.T.);
#1777 = LINE('',#1778,#1779);
#1778 = CARTESIAN_POINT('',(-20.92,0.6,7.6));
#1779 = VECTOR('',#1780,1.);
#1780 = DIRECTION('',(0.57735026919,-0.57735026919,0.57735026919));
#1781 = PLANE('',#1782);
#1782 = AXIS2_PLACEMENT_3D('',#1783,#1784,#1785);
#1783 = CARTESIAN_POINT('',(-20.72,0.97,7.8));
#1784 = DIRECTION('',(-0.707106781187,9.E-17,0.707106781187));
#1785 = DIRECTION('',(-0.707106781187,-9.E-17,-0.707106781187));
#1786 = ADVANCED_FACE('',(#1787),#1805,.T.);
#1787 = FACE_BOUND('',#1788,.T.);
#1788 = EDGE_LOOP('',(#1789,#1790,#1791,#1799));
#1789 = ORIENTED_EDGE('',*,*,#357,.T.);
#1790 = ORIENTED_EDGE('',*,*,#1776,.F.);
#1791 = ORIENTED_EDGE('',*,*,#1792,.T.);
#1792 = EDGE_CURVE('',#1769,#1793,#1795,.T.);
#1793 = VERTEX_POINT('',#1794);
#1794 = CARTESIAN_POINT('',(-22.26,0.6,7.6));
#1795 = LINE('',#1796,#1797);
#1796 = CARTESIAN_POINT('',(-10.46,0.6,7.6));
#1797 = VECTOR('',#1798,1.);
#1798 = DIRECTION('',(-1.,2.1E-16,0.));
#1799 = ORIENTED_EDGE('',*,*,#1800,.F.);
#1800 = EDGE_CURVE('',#350,#1793,#1801,.T.);
#1801 = LINE('',#1802,#1803);
#1802 = CARTESIAN_POINT('',(-22.66,0.2,8.));
#1803 = VECTOR('',#1804,1.);
#1804 = DIRECTION('',(0.57735026919,0.57735026919,-0.57735026919));
#1805 = PLANE('',#1806);
#1806 = AXIS2_PLACEMENT_3D('',#1807,#1808,#1809);
#1807 = CARTESIAN_POINT('',(-10.46,0.4,7.8));
#1808 = DIRECTION('',(1.5E-16,0.707106781187,0.707106781187));
#1809 = DIRECTION('',(-1.,3.606601717798E-17,1.76066017178E-16));
#1810 = ADVANCED_FACE('',(#1811),#1829,.T.);
#1811 = FACE_BOUND('',#1812,.T.);
#1812 = EDGE_LOOP('',(#1813,#1814,#1822,#1828));
#1813 = ORIENTED_EDGE('',*,*,#341,.T.);
#1814 = ORIENTED_EDGE('',*,*,#1815,.T.);
#1815 = EDGE_CURVE('',#342,#1816,#1818,.T.);
#1816 = VERTEX_POINT('',#1817);
#1817 = CARTESIAN_POINT('',(-22.26,1.94,7.6));
#1818 = LINE('',#1819,#1820);
#1819 = CARTESIAN_POINT('',(-22.66,2.34,8.));
#1820 = VECTOR('',#1821,1.);
#1821 = DIRECTION('',(0.57735026919,-0.57735026919,-0.57735026919));
#1822 = ORIENTED_EDGE('',*,*,#1823,.T.);
#1823 = EDGE_CURVE('',#1816,#1761,#1824,.T.);
#1824 = LINE('',#1825,#1826);
#1825 = CARTESIAN_POINT('',(-11.13,1.94,7.6));
#1826 = VECTOR('',#1827,1.);
#1827 = DIRECTION('',(1.,-2.1E-16,0.));
#1828 = ORIENTED_EDGE('',*,*,#1760,.F.);
#1829 = PLANE('',#1830);
#1830 = AXIS2_PLACEMENT_3D('',#1831,#1832,#1833);
#1831 = CARTESIAN_POINT('',(-11.13,2.14,7.8));
#1832 = DIRECTION('',(-1.5E-16,-0.707106781187,0.707106781187));
#1833 = DIRECTION('',(-1.,3.606601717798E-17,-1.76066017178E-16));
#1834 = ADVANCED_FACE('',(#1835),#1846,.T.);
#1835 = FACE_BOUND('',#1836,.T.);
#1836 = EDGE_LOOP('',(#1837,#1843,#1844,#1845));
#1837 = ORIENTED_EDGE('',*,*,#1838,.T.);
#1838 = EDGE_CURVE('',#1793,#1816,#1839,.T.);
#1839 = LINE('',#1840,#1841);
#1840 = CARTESIAN_POINT('',(-22.26,0.3,7.6));
#1841 = VECTOR('',#1842,1.);
#1842 = DIRECTION('',(0.,1.,-1.2E-16));
#1843 = ORIENTED_EDGE('',*,*,#1815,.F.);
#1844 = ORIENTED_EDGE('',*,*,#349,.T.);
#1845 = ORIENTED_EDGE('',*,*,#1800,.T.);
#1846 = PLANE('',#1847);
#1847 = AXIS2_PLACEMENT_3D('',#1848,#1849,#1850);
#1848 = CARTESIAN_POINT('',(-22.46,0.3,7.8));
#1849 = DIRECTION('',(0.707106781187,9.E-17,0.707106781187));
#1850 = DIRECTION('',(-0.707106781187,9.E-17,0.707106781187));
#1851 = ADVANCED_FACE('',(#1852),#1877,.T.);
#1852 = FACE_BOUND('',#1853,.T.);
#1853 = EDGE_LOOP('',(#1854,#1855,#1863,#1871));
#1854 = ORIENTED_EDGE('',*,*,#365,.T.);
#1855 = ORIENTED_EDGE('',*,*,#1856,.T.);
#1856 = EDGE_CURVE('',#368,#1857,#1859,.T.);
#1857 = VERTEX_POINT('',#1858);
#1858 = CARTESIAN_POINT('',(-18.38,1.94,7.6));
#1859 = LINE('',#1860,#1861);
#1860 = CARTESIAN_POINT('',(-17.98,2.34,8.));
#1861 = VECTOR('',#1862,1.);
#1862 = DIRECTION('',(-0.57735026919,-0.57735026919,-0.57735026919));
#1863 = ORIENTED_EDGE('',*,*,#1864,.T.);
#1864 = EDGE_CURVE('',#1857,#1865,#1867,.T.);
#1865 = VERTEX_POINT('',#1866);
#1866 = CARTESIAN_POINT('',(-18.38,0.6,7.6));
#1867 = LINE('',#1868,#1869);
#1868 = CARTESIAN_POINT('',(-18.38,0.97,7.6));
#1869 = VECTOR('',#1870,1.);
#1870 = DIRECTION('',(0.,-1.,1.2E-16));
#1871 = ORIENTED_EDGE('',*,*,#1872,.T.);
#1872 = EDGE_CURVE('',#1865,#366,#1873,.T.);
#1873 = LINE('',#1874,#1875);
#1874 = CARTESIAN_POINT('',(-18.38,0.6,7.6));
#1875 = VECTOR('',#1876,1.);
#1876 = DIRECTION('',(0.57735026919,-0.57735026919,0.57735026919));
#1877 = PLANE('',#1878);
#1878 = AXIS2_PLACEMENT_3D('',#1879,#1880,#1881);
#1879 = CARTESIAN_POINT('',(-18.18,0.97,7.8));
#1880 = DIRECTION('',(-0.707106781187,9.E-17,0.707106781187));
#1881 = DIRECTION('',(-0.707106781187,-9.E-17,-0.707106781187));
#1882 = ADVANCED_FACE('',(#1883),#1901,.T.);
#1883 = FACE_BOUND('',#1884,.T.);
#1884 = EDGE_LOOP('',(#1885,#1886,#1887,#1895));
#1885 = ORIENTED_EDGE('',*,*,#391,.T.);
#1886 = ORIENTED_EDGE('',*,*,#1872,.F.);
#1887 = ORIENTED_EDGE('',*,*,#1888,.T.);
#1888 = EDGE_CURVE('',#1865,#1889,#1891,.T.);
#1889 = VERTEX_POINT('',#1890);
#1890 = CARTESIAN_POINT('',(-19.72,0.6,7.6));
#1891 = LINE('',#1892,#1893);
#1892 = CARTESIAN_POINT('',(-9.19,0.6,7.6));
#1893 = VECTOR('',#1894,1.);
#1894 = DIRECTION('',(-1.,2.1E-16,0.));
#1895 = ORIENTED_EDGE('',*,*,#1896,.F.);
#1896 = EDGE_CURVE('',#384,#1889,#1897,.T.);
#1897 = LINE('',#1898,#1899);
#1898 = CARTESIAN_POINT('',(-20.12,0.2,8.));
#1899 = VECTOR('',#1900,1.);
#1900 = DIRECTION('',(0.57735026919,0.57735026919,-0.57735026919));
#1901 = PLANE('',#1902);
#1902 = AXIS2_PLACEMENT_3D('',#1903,#1904,#1905);
#1903 = CARTESIAN_POINT('',(-9.19,0.4,7.8));
#1904 = DIRECTION('',(1.5E-16,0.707106781187,0.707106781187));
#1905 = DIRECTION('',(-1.,3.606601717798E-17,1.76066017178E-16));
#1906 = ADVANCED_FACE('',(#1907),#1925,.T.);
#1907 = FACE_BOUND('',#1908,.T.);
#1908 = EDGE_LOOP('',(#1909,#1910,#1918,#1924));
#1909 = ORIENTED_EDGE('',*,*,#375,.T.);
#1910 = ORIENTED_EDGE('',*,*,#1911,.T.);
#1911 = EDGE_CURVE('',#376,#1912,#1914,.T.);
#1912 = VERTEX_POINT('',#1913);
#1913 = CARTESIAN_POINT('',(-19.72,1.94,7.6));
#1914 = LINE('',#1915,#1916);
#1915 = CARTESIAN_POINT('',(-20.12,2.34,8.));
#1916 = VECTOR('',#1917,1.);
#1917 = DIRECTION('',(0.57735026919,-0.57735026919,-0.57735026919));
#1918 = ORIENTED_EDGE('',*,*,#1919,.T.);
#1919 = EDGE_CURVE('',#1912,#1857,#1920,.T.);
#1920 = LINE('',#1921,#1922);
#1921 = CARTESIAN_POINT('',(-9.86,1.94,7.6));
#1922 = VECTOR('',#1923,1.);
#1923 = DIRECTION('',(1.,-2.1E-16,0.));
#1924 = ORIENTED_EDGE('',*,*,#1856,.F.);
#1925 = PLANE('',#1926);
#1926 = AXIS2_PLACEMENT_3D('',#1927,#1928,#1929);
#1927 = CARTESIAN_POINT('',(-9.86,2.14,7.8));
#1928 = DIRECTION('',(-1.5E-16,-0.707106781187,0.707106781187));
#1929 = DIRECTION('',(-1.,3.606601717798E-17,-1.76066017178E-16));
#1930 = ADVANCED_FACE('',(#1931),#1942,.T.);
#1931 = FACE_BOUND('',#1932,.T.);
#1932 = EDGE_LOOP('',(#1933,#1939,#1940,#1941));
#1933 = ORIENTED_EDGE('',*,*,#1934,.T.);
#1934 = EDGE_CURVE('',#1889,#1912,#1935,.T.);
#1935 = LINE('',#1936,#1937);
#1936 = CARTESIAN_POINT('',(-19.72,0.3,7.6));
#1937 = VECTOR('',#1938,1.);
#1938 = DIRECTION('',(0.,1.,-1.2E-16));
#1939 = ORIENTED_EDGE('',*,*,#1911,.F.);
#1940 = ORIENTED_EDGE('',*,*,#383,.T.);
#1941 = ORIENTED_EDGE('',*,*,#1896,.T.);
#1942 = PLANE('',#1943);
#1943 = AXIS2_PLACEMENT_3D('',#1944,#1945,#1946);
#1944 = CARTESIAN_POINT('',(-19.92,0.3,7.8));
#1945 = DIRECTION('',(0.707106781187,9.E-17,0.707106781187));
#1946 = DIRECTION('',(-0.707106781187,9.E-17,0.707106781187));
#1947 = ADVANCED_FACE('',(#1948),#1973,.T.);
#1948 = FACE_BOUND('',#1949,.T.);
#1949 = EDGE_LOOP('',(#1950,#1951,#1959,#1967));
#1950 = ORIENTED_EDGE('',*,*,#399,.T.);
#1951 = ORIENTED_EDGE('',*,*,#1952,.T.);
#1952 = EDGE_CURVE('',#402,#1953,#1955,.T.);
#1953 = VERTEX_POINT('',#1954);
#1954 = CARTESIAN_POINT('',(-15.84,1.94,7.6));
#1955 = LINE('',#1956,#1957);
#1956 = CARTESIAN_POINT('',(-15.44,2.34,8.));
#1957 = VECTOR('',#1958,1.);
#1958 = DIRECTION('',(-0.57735026919,-0.57735026919,-0.57735026919));
#1959 = ORIENTED_EDGE('',*,*,#1960,.T.);
#1960 = EDGE_CURVE('',#1953,#1961,#1963,.T.);
#1961 = VERTEX_POINT('',#1962);
#1962 = CARTESIAN_POINT('',(-15.84,0.6,7.6));
#1963 = LINE('',#1964,#1965);
#1964 = CARTESIAN_POINT('',(-15.84,0.97,7.6));
#1965 = VECTOR('',#1966,1.);
#1966 = DIRECTION('',(0.,-1.,1.2E-16));
#1967 = ORIENTED_EDGE('',*,*,#1968,.T.);
#1968 = EDGE_CURVE('',#1961,#400,#1969,.T.);
#1969 = LINE('',#1970,#1971);
#1970 = CARTESIAN_POINT('',(-15.84,0.6,7.6));
#1971 = VECTOR('',#1972,1.);
#1972 = DIRECTION('',(0.57735026919,-0.57735026919,0.57735026919));
#1973 = PLANE('',#1974);
#1974 = AXIS2_PLACEMENT_3D('',#1975,#1976,#1977);
#1975 = CARTESIAN_POINT('',(-15.64,0.97,7.8));
#1976 = DIRECTION('',(-0.707106781187,9.E-17,0.707106781187));
#1977 = DIRECTION('',(-0.707106781187,-9.E-17,-0.707106781187));
#1978 = ADVANCED_FACE('',(#1979),#1997,.T.);
#1979 = FACE_BOUND('',#1980,.T.);
#1980 = EDGE_LOOP('',(#1981,#1982,#1983,#1991));
#1981 = ORIENTED_EDGE('',*,*,#425,.T.);
#1982 = ORIENTED_EDGE('',*,*,#1968,.F.);
#1983 = ORIENTED_EDGE('',*,*,#1984,.T.);
#1984 = EDGE_CURVE('',#1961,#1985,#1987,.T.);
#1985 = VERTEX_POINT('',#1986);
#1986 = CARTESIAN_POINT('',(-17.18,0.6,7.6));
#1987 = LINE('',#1988,#1989);
#1988 = CARTESIAN_POINT('',(-7.92,0.6,7.6));
#1989 = VECTOR('',#1990,1.);
#1990 = DIRECTION('',(-1.,2.1E-16,0.));
#1991 = ORIENTED_EDGE('',*,*,#1992,.F.);
#1992 = EDGE_CURVE('',#418,#1985,#1993,.T.);
#1993 = LINE('',#1994,#1995);
#1994 = CARTESIAN_POINT('',(-17.58,0.2,8.));
#1995 = VECTOR('',#1996,1.);
#1996 = DIRECTION('',(0.57735026919,0.57735026919,-0.57735026919));
#1997 = PLANE('',#1998);
#1998 = AXIS2_PLACEMENT_3D('',#1999,#2000,#2001);
#1999 = CARTESIAN_POINT('',(-7.92,0.4,7.8));
#2000 = DIRECTION('',(1.5E-16,0.707106781187,0.707106781187));
#2001 = DIRECTION('',(-1.,3.606601717798E-17,1.76066017178E-16));
#2002 = ADVANCED_FACE('',(#2003),#2021,.T.);
#2003 = FACE_BOUND('',#2004,.T.);
#2004 = EDGE_LOOP('',(#2005,#2006,#2014,#2020));
#2005 = ORIENTED_EDGE('',*,*,#409,.T.);
#2006 = ORIENTED_EDGE('',*,*,#2007,.T.);
#2007 = EDGE_CURVE('',#410,#2008,#2010,.T.);
#2008 = VERTEX_POINT('',#2009);
#2009 = CARTESIAN_POINT('',(-17.18,1.94,7.6));
#2010 = LINE('',#2011,#2012);
#2011 = CARTESIAN_POINT('',(-17.58,2.34,8.));
#2012 = VECTOR('',#2013,1.);
#2013 = DIRECTION('',(0.57735026919,-0.57735026919,-0.57735026919));
#2014 = ORIENTED_EDGE('',*,*,#2015,.T.);
#2015 = EDGE_CURVE('',#2008,#1953,#2016,.T.);
#2016 = LINE('',#2017,#2018);
#2017 = CARTESIAN_POINT('',(-8.59,1.94,7.6));
#2018 = VECTOR('',#2019,1.);
#2019 = DIRECTION('',(1.,-2.1E-16,0.));
#2020 = ORIENTED_EDGE('',*,*,#1952,.F.);
#2021 = PLANE('',#2022);
#2022 = AXIS2_PLACEMENT_3D('',#2023,#2024,#2025);
#2023 = CARTESIAN_POINT('',(-8.59,2.14,7.8));
#2024 = DIRECTION('',(-1.5E-16,-0.707106781187,0.707106781187));
#2025 = DIRECTION('',(-1.,3.606601717798E-17,-1.76066017178E-16));
#2026 = ADVANCED_FACE('',(#2027),#2038,.T.);
#2027 = FACE_BOUND('',#2028,.T.);
#2028 = EDGE_LOOP('',(#2029,#2035,#2036,#2037));
#2029 = ORIENTED_EDGE('',*,*,#2030,.T.);
#2030 = EDGE_CURVE('',#1985,#2008,#2031,.T.);
#2031 = LINE('',#2032,#2033);
#2032 = CARTESIAN_POINT('',(-17.18,0.3,7.6));
#2033 = VECTOR('',#2034,1.);
#2034 = DIRECTION('',(0.,1.,-1.2E-16));
#2035 = ORIENTED_EDGE('',*,*,#2007,.F.);
#2036 = ORIENTED_EDGE('',*,*,#417,.T.);
#2037 = ORIENTED_EDGE('',*,*,#1992,.T.);
#2038 = PLANE('',#2039);
#2039 = AXIS2_PLACEMENT_3D('',#2040,#2041,#2042);
#2040 = CARTESIAN_POINT('',(-17.38,0.3,7.8));
#2041 = DIRECTION('',(0.707106781187,9.E-17,0.707106781187));
#2042 = DIRECTION('',(-0.707106781187,9.E-17,0.707106781187));
#2043 = ADVANCED_FACE('',(#2044),#2069,.T.);
#2044 = FACE_BOUND('',#2045,.T.);
#2045 = EDGE_LOOP('',(#2046,#2047,#2055,#2063));
#2046 = ORIENTED_EDGE('',*,*,#433,.T.);
#2047 = ORIENTED_EDGE('',*,*,#2048,.T.);
#2048 = EDGE_CURVE('',#436,#2049,#2051,.T.);
#2049 = VERTEX_POINT('',#2050);
#2050 = CARTESIAN_POINT('',(-13.3,1.94,7.6));
#2051 = LINE('',#2052,#2053);
#2052 = CARTESIAN_POINT('',(-12.9,2.34,8.));
#2053 = VECTOR('',#2054,1.);
#2054 = DIRECTION('',(-0.57735026919,-0.57735026919,-0.57735026919));
#2055 = ORIENTED_EDGE('',*,*,#2056,.T.);
#2056 = EDGE_CURVE('',#2049,#2057,#2059,.T.);
#2057 = VERTEX_POINT('',#2058);
#2058 = CARTESIAN_POINT('',(-13.3,0.6,7.6));
#2059 = LINE('',#2060,#2061);
#2060 = CARTESIAN_POINT('',(-13.3,0.97,7.6));
#2061 = VECTOR('',#2062,1.);
#2062 = DIRECTION('',(0.,-1.,1.2E-16));
#2063 = ORIENTED_EDGE('',*,*,#2064,.T.);
#2064 = EDGE_CURVE('',#2057,#434,#2065,.T.);
#2065 = LINE('',#2066,#2067);
#2066 = CARTESIAN_POINT('',(-13.3,0.6,7.6));
#2067 = VECTOR('',#2068,1.);
#2068 = DIRECTION('',(0.57735026919,-0.57735026919,0.57735026919));
#2069 = PLANE('',#2070);
#2070 = AXIS2_PLACEMENT_3D('',#2071,#2072,#2073);
#2071 = CARTESIAN_POINT('',(-13.1,0.97,7.8));
#2072 = DIRECTION('',(-0.707106781187,9.E-17,0.707106781187));
#2073 = DIRECTION('',(-0.707106781187,-9.E-17,-0.707106781187));
#2074 = ADVANCED_FACE('',(#2075),#2093,.T.);
#2075 = FACE_BOUND('',#2076,.T.);
#2076 = EDGE_LOOP('',(#2077,#2078,#2079,#2087));
#2077 = ORIENTED_EDGE('',*,*,#459,.T.);
#2078 = ORIENTED_EDGE('',*,*,#2064,.F.);
#2079 = ORIENTED_EDGE('',*,*,#2080,.T.);
#2080 = EDGE_CURVE('',#2057,#2081,#2083,.T.);
#2081 = VERTEX_POINT('',#2082);
#2082 = CARTESIAN_POINT('',(-14.64,0.6,7.6));
#2083 = LINE('',#2084,#2085);
#2084 = CARTESIAN_POINT('',(-6.65,0.6,7.6));
#2085 = VECTOR('',#2086,1.);
#2086 = DIRECTION('',(-1.,2.1E-16,0.));
#2087 = ORIENTED_EDGE('',*,*,#2088,.F.);
#2088 = EDGE_CURVE('',#452,#2081,#2089,.T.);
#2089 = LINE('',#2090,#2091);
#2090 = CARTESIAN_POINT('',(-15.04,0.2,8.));
#2091 = VECTOR('',#2092,1.);
#2092 = DIRECTION('',(0.57735026919,0.57735026919,-0.57735026919));
#2093 = PLANE('',#2094);
#2094 = AXIS2_PLACEMENT_3D('',#2095,#2096,#2097);
#2095 = CARTESIAN_POINT('',(-6.65,0.4,7.8));
#2096 = DIRECTION('',(1.5E-16,0.707106781187,0.707106781187));
#2097 = DIRECTION('',(-1.,3.606601717798E-17,1.76066017178E-16));
#2098 = ADVANCED_FACE('',(#2099),#2117,.T.);
#2099 = FACE_BOUND('',#2100,.T.);
#2100 = EDGE_LOOP('',(#2101,#2102,#2110,#2116));
#2101 = ORIENTED_EDGE('',*,*,#443,.T.);
#2102 = ORIENTED_EDGE('',*,*,#2103,.T.);
#2103 = EDGE_CURVE('',#444,#2104,#2106,.T.);
#2104 = VERTEX_POINT('',#2105);
#2105 = CARTESIAN_POINT('',(-14.64,1.94,7.6));
#2106 = LINE('',#2107,#2108);
#2107 = CARTESIAN_POINT('',(-15.04,2.34,8.));
#2108 = VECTOR('',#2109,1.);
#2109 = DIRECTION('',(0.57735026919,-0.57735026919,-0.57735026919));
#2110 = ORIENTED_EDGE('',*,*,#2111,.T.);
#2111 = EDGE_CURVE('',#2104,#2049,#2112,.T.);
#2112 = LINE('',#2113,#2114);
#2113 = CARTESIAN_POINT('',(-7.32,1.94,7.6));
#2114 = VECTOR('',#2115,1.);
#2115 = DIRECTION('',(1.,-2.1E-16,0.));
#2116 = ORIENTED_EDGE('',*,*,#2048,.F.);
#2117 = PLANE('',#2118);
#2118 = AXIS2_PLACEMENT_3D('',#2119,#2120,#2121);
#2119 = CARTESIAN_POINT('',(-7.32,2.14,7.8));
#2120 = DIRECTION('',(-1.5E-16,-0.707106781187,0.707106781187));
#2121 = DIRECTION('',(-1.,3.606601717798E-17,-1.76066017178E-16));
#2122 = ADVANCED_FACE('',(#2123),#2134,.T.);
#2123 = FACE_BOUND('',#2124,.T.);
#2124 = EDGE_LOOP('',(#2125,#2131,#2132,#2133));
#2125 = ORIENTED_EDGE('',*,*,#2126,.T.);
#2126 = EDGE_CURVE('',#2081,#2104,#2127,.T.);
#2127 = LINE('',#2128,#2129);
#2128 = CARTESIAN_POINT('',(-14.64,0.3,7.6));
#2129 = VECTOR('',#2130,1.);
#2130 = DIRECTION('',(0.,1.,-1.2E-16));
#2131 = ORIENTED_EDGE('',*,*,#2103,.F.);
#2132 = ORIENTED_EDGE('',*,*,#451,.T.);
#2133 = ORIENTED_EDGE('',*,*,#2088,.T.);
#2134 = PLANE('',#2135);
#2135 = AXIS2_PLACEMENT_3D('',#2136,#2137,#2138);
#2136 = CARTESIAN_POINT('',(-14.84,0.3,7.8));
#2137 = DIRECTION('',(0.707106781187,9.E-17,0.707106781187));
#2138 = DIRECTION('',(-0.707106781187,9.E-17,0.707106781187));
#2139 = ADVANCED_FACE('',(#2140),#2165,.T.);
#2140 = FACE_BOUND('',#2141,.T.);
#2141 = EDGE_LOOP('',(#2142,#2143,#2151,#2159));
#2142 = ORIENTED_EDGE('',*,*,#467,.T.);
#2143 = ORIENTED_EDGE('',*,*,#2144,.T.);
#2144 = EDGE_CURVE('',#470,#2145,#2147,.T.);
#2145 = VERTEX_POINT('',#2146);
#2146 = CARTESIAN_POINT('',(-10.76,1.94,7.6));
#2147 = LINE('',#2148,#2149);
#2148 = CARTESIAN_POINT('',(-10.36,2.34,8.));
#2149 = VECTOR('',#2150,1.);
#2150 = DIRECTION('',(-0.57735026919,-0.57735026919,-0.57735026919));
#2151 = ORIENTED_EDGE('',*,*,#2152,.T.);
#2152 = EDGE_CURVE('',#2145,#2153,#2155,.T.);
#2153 = VERTEX_POINT('',#2154);
#2154 = CARTESIAN_POINT('',(-10.76,0.6,7.6));
#2155 = LINE('',#2156,#2157);
#2156 = CARTESIAN_POINT('',(-10.76,0.97,7.6));
#2157 = VECTOR('',#2158,1.);
#2158 = DIRECTION('',(0.,-1.,1.2E-16));
#2159 = ORIENTED_EDGE('',*,*,#2160,.T.);
#2160 = EDGE_CURVE('',#2153,#468,#2161,.T.);
#2161 = LINE('',#2162,#2163);
#2162 = CARTESIAN_POINT('',(-10.76,0.6,7.6));
#2163 = VECTOR('',#2164,1.);
#2164 = DIRECTION('',(0.57735026919,-0.57735026919,0.57735026919));
#2165 = PLANE('',#2166);
#2166 = AXIS2_PLACEMENT_3D('',#2167,#2168,#2169);
#2167 = CARTESIAN_POINT('',(-10.56,0.97,7.8));
#2168 = DIRECTION('',(-0.707106781187,9.E-17,0.707106781187));
#2169 = DIRECTION('',(-0.707106781187,-9.E-17,-0.707106781187));
#2170 = ADVANCED_FACE('',(#2171),#2189,.T.);
#2171 = FACE_BOUND('',#2172,.T.);
#2172 = EDGE_LOOP('',(#2173,#2174,#2175,#2183));
#2173 = ORIENTED_EDGE('',*,*,#493,.T.);
#2174 = ORIENTED_EDGE('',*,*,#2160,.F.);
#2175 = ORIENTED_EDGE('',*,*,#2176,.T.);
#2176 = EDGE_CURVE('',#2153,#2177,#2179,.T.);
#2177 = VERTEX_POINT('',#2178);
#2178 = CARTESIAN_POINT('',(-12.1,0.6,7.6));
#2179 = LINE('',#2180,#2181);
#2180 = CARTESIAN_POINT('',(-5.38,0.6,7.6));
#2181 = VECTOR('',#2182,1.);
#2182 = DIRECTION('',(-1.,2.1E-16,0.));
#2183 = ORIENTED_EDGE('',*,*,#2184,.F.);
#2184 = EDGE_CURVE('',#486,#2177,#2185,.T.);
#2185 = LINE('',#2186,#2187);
#2186 = CARTESIAN_POINT('',(-12.5,0.2,8.));
#2187 = VECTOR('',#2188,1.);
#2188 = DIRECTION('',(0.57735026919,0.57735026919,-0.57735026919));
#2189 = PLANE('',#2190);
#2190 = AXIS2_PLACEMENT_3D('',#2191,#2192,#2193);
#2191 = CARTESIAN_POINT('',(-5.38,0.4,7.8));
#2192 = DIRECTION('',(1.5E-16,0.707106781187,0.707106781187));
#2193 = DIRECTION('',(-1.,3.606601717798E-17,1.76066017178E-16));
#2194 = ADVANCED_FACE('',(#2195),#2213,.T.);
#2195 = FACE_BOUND('',#2196,.T.);
#2196 = EDGE_LOOP('',(#2197,#2198,#2206,#2212));
#2197 = ORIENTED_EDGE('',*,*,#477,.T.);
#2198 = ORIENTED_EDGE('',*,*,#2199,.T.);
#2199 = EDGE_CURVE('',#478,#2200,#2202,.T.);
#2200 = VERTEX_POINT('',#2201);
#2201 = CARTESIAN_POINT('',(-12.1,1.94,7.6));
#2202 = LINE('',#2203,#2204);
#2203 = CARTESIAN_POINT('',(-12.5,2.34,8.));
#2204 = VECTOR('',#2205,1.);
#2205 = DIRECTION('',(0.57735026919,-0.57735026919,-0.57735026919));
#2206 = ORIENTED_EDGE('',*,*,#2207,.T.);
#2207 = EDGE_CURVE('',#2200,#2145,#2208,.T.);
#2208 = LINE('',#2209,#2210);
#2209 = CARTESIAN_POINT('',(-6.05,1.94,7.6));
#2210 = VECTOR('',#2211,1.);
#2211 = DIRECTION('',(1.,-2.1E-16,0.));
#2212 = ORIENTED_EDGE('',*,*,#2144,.F.);
#2213 = PLANE('',#2214);
#2214 = AXIS2_PLACEMENT_3D('',#2215,#2216,#2217);
#2215 = CARTESIAN_POINT('',(-6.05,2.14,7.8));
#2216 = DIRECTION('',(-1.5E-16,-0.707106781187,0.707106781187));
#2217 = DIRECTION('',(-1.,3.606601717798E-17,-1.76066017178E-16));
#2218 = ADVANCED_FACE('',(#2219),#2230,.T.);
#2219 = FACE_BOUND('',#2220,.T.);
#2220 = EDGE_LOOP('',(#2221,#2227,#2228,#2229));
#2221 = ORIENTED_EDGE('',*,*,#2222,.T.);
#2222 = EDGE_CURVE('',#2177,#2200,#2223,.T.);
#2223 = LINE('',#2224,#2225);
#2224 = CARTESIAN_POINT('',(-12.1,0.3,7.6));
#2225 = VECTOR('',#2226,1.);
#2226 = DIRECTION('',(0.,1.,-1.2E-16));
#2227 = ORIENTED_EDGE('',*,*,#2199,.F.);
#2228 = ORIENTED_EDGE('',*,*,#485,.T.);
#2229 = ORIENTED_EDGE('',*,*,#2184,.T.);
#2230 = PLANE('',#2231);
#2231 = AXIS2_PLACEMENT_3D('',#2232,#2233,#2234);
#2232 = CARTESIAN_POINT('',(-12.3,0.3,7.8));
#2233 = DIRECTION('',(0.707106781187,9.E-17,0.707106781187));
#2234 = DIRECTION('',(-0.707106781187,9.E-17,0.707106781187));
#2235 = ADVANCED_FACE('',(#2236),#2261,.T.);
#2236 = FACE_BOUND('',#2237,.T.);
#2237 = EDGE_LOOP('',(#2238,#2239,#2247,#2255));
#2238 = ORIENTED_EDGE('',*,*,#501,.T.);
#2239 = ORIENTED_EDGE('',*,*,#2240,.T.);
#2240 = EDGE_CURVE('',#504,#2241,#2243,.T.);
#2241 = VERTEX_POINT('',#2242);
#2242 = CARTESIAN_POINT('',(-8.22,1.94,7.6));
#2243 = LINE('',#2244,#2245);
#2244 = CARTESIAN_POINT('',(-7.82,2.34,8.));
#2245 = VECTOR('',#2246,1.);
#2246 = DIRECTION('',(-0.57735026919,-0.57735026919,-0.57735026919));
#2247 = ORIENTED_EDGE('',*,*,#2248,.T.);
#2248 = EDGE_CURVE('',#2241,#2249,#2251,.T.);
#2249 = VERTEX_POINT('',#2250);
#2250 = CARTESIAN_POINT('',(-8.22,0.6,7.6));
#2251 = LINE('',#2252,#2253);
#2252 = CARTESIAN_POINT('',(-8.22,0.97,7.6));
#2253 = VECTOR('',#2254,1.);
#2254 = DIRECTION('',(0.,-1.,1.2E-16));
#2255 = ORIENTED_EDGE('',*,*,#2256,.T.);
#2256 = EDGE_CURVE('',#2249,#502,#2257,.T.);
#2257 = LINE('',#2258,#2259);
#2258 = CARTESIAN_POINT('',(-8.22,0.6,7.6));
#2259 = VECTOR('',#2260,1.);
#2260 = DIRECTION('',(0.57735026919,-0.57735026919,0.57735026919));
#2261 = PLANE('',#2262);
#2262 = AXIS2_PLACEMENT_3D('',#2263,#2264,#2265);
#2263 = CARTESIAN_POINT('',(-8.02,0.97,7.8));
#2264 = DIRECTION('',(-0.707106781187,9.E-17,0.707106781187));
#2265 = DIRECTION('',(-0.707106781187,-9.E-17,-0.707106781187));
#2266 = ADVANCED_FACE('',(#2267),#2285,.T.);
#2267 = FACE_BOUND('',#2268,.T.);
#2268 = EDGE_LOOP('',(#2269,#2270,#2271,#2279));
#2269 = ORIENTED_EDGE('',*,*,#527,.T.);
#2270 = ORIENTED_EDGE('',*,*,#2256,.F.);
#2271 = ORIENTED_EDGE('',*,*,#2272,.T.);
#2272 = EDGE_CURVE('',#2249,#2273,#2275,.T.);
#2273 = VERTEX_POINT('',#2274);
#2274 = CARTESIAN_POINT('',(-9.56,0.6,7.6));
#2275 = LINE('',#2276,#2277);
#2276 = CARTESIAN_POINT('',(-4.11,0.6,7.6));
#2277 = VECTOR('',#2278,1.);
#2278 = DIRECTION('',(-1.,2.1E-16,0.));
#2279 = ORIENTED_EDGE('',*,*,#2280,.F.);
#2280 = EDGE_CURVE('',#520,#2273,#2281,.T.);
#2281 = LINE('',#2282,#2283);
#2282 = CARTESIAN_POINT('',(-9.96,0.2,8.));
#2283 = VECTOR('',#2284,1.);
#2284 = DIRECTION('',(0.57735026919,0.57735026919,-0.57735026919));
#2285 = PLANE('',#2286);
#2286 = AXIS2_PLACEMENT_3D('',#2287,#2288,#2289);
#2287 = CARTESIAN_POINT('',(-4.11,0.4,7.8));
#2288 = DIRECTION('',(1.5E-16,0.707106781187,0.707106781187));
#2289 = DIRECTION('',(-1.,3.606601717798E-17,1.76066017178E-16));
#2290 = ADVANCED_FACE('',(#2291),#2309,.T.);
#2291 = FACE_BOUND('',#2292,.T.);
#2292 = EDGE_LOOP('',(#2293,#2294,#2302,#2308));
#2293 = ORIENTED_EDGE('',*,*,#511,.T.);
#2294 = ORIENTED_EDGE('',*,*,#2295,.T.);
#2295 = EDGE_CURVE('',#512,#2296,#2298,.T.);
#2296 = VERTEX_POINT('',#2297);
#2297 = CARTESIAN_POINT('',(-9.56,1.94,7.6));
#2298 = LINE('',#2299,#2300);
#2299 = CARTESIAN_POINT('',(-9.96,2.34,8.));
#2300 = VECTOR('',#2301,1.);
#2301 = DIRECTION('',(0.57735026919,-0.57735026919,-0.57735026919));
#2302 = ORIENTED_EDGE('',*,*,#2303,.T.);
#2303 = EDGE_CURVE('',#2296,#2241,#2304,.T.);
#2304 = LINE('',#2305,#2306);
#2305 = CARTESIAN_POINT('',(-4.78,1.94,7.6));
#2306 = VECTOR('',#2307,1.);
#2307 = DIRECTION('',(1.,-2.1E-16,0.));
#2308 = ORIENTED_EDGE('',*,*,#2240,.F.);
#2309 = PLANE('',#2310);
#2310 = AXIS2_PLACEMENT_3D('',#2311,#2312,#2313);
#2311 = CARTESIAN_POINT('',(-4.78,2.14,7.8));
#2312 = DIRECTION('',(-1.5E-16,-0.707106781187,0.707106781187));
#2313 = DIRECTION('',(-1.,3.606601717798E-17,-1.76066017178E-16));
#2314 = ADVANCED_FACE('',(#2315),#2326,.T.);
#2315 = FACE_BOUND('',#2316,.T.);
#2316 = EDGE_LOOP('',(#2317,#2323,#2324,#2325));
#2317 = ORIENTED_EDGE('',*,*,#2318,.T.);
#2318 = EDGE_CURVE('',#2273,#2296,#2319,.T.);
#2319 = LINE('',#2320,#2321);
#2320 = CARTESIAN_POINT('',(-9.56,0.3,7.6));
#2321 = VECTOR('',#2322,1.);
#2322 = DIRECTION('',(0.,1.,-1.2E-16));
#2323 = ORIENTED_EDGE('',*,*,#2295,.F.);
#2324 = ORIENTED_EDGE('',*,*,#519,.T.);
#2325 = ORIENTED_EDGE('',*,*,#2280,.T.);
#2326 = PLANE('',#2327);
#2327 = AXIS2_PLACEMENT_3D('',#2328,#2329,#2330);
#2328 = CARTESIAN_POINT('',(-9.76,0.3,7.8));
#2329 = DIRECTION('',(0.707106781187,9.E-17,0.707106781187));
#2330 = DIRECTION('',(-0.707106781187,9.E-17,0.707106781187));
#2331 = ADVANCED_FACE('',(#2332),#2357,.T.);
#2332 = FACE_BOUND('',#2333,.T.);
#2333 = EDGE_LOOP('',(#2334,#2335,#2343,#2351));
#2334 = ORIENTED_EDGE('',*,*,#535,.T.);
#2335 = ORIENTED_EDGE('',*,*,#2336,.T.);
#2336 = EDGE_CURVE('',#538,#2337,#2339,.T.);
#2337 = VERTEX_POINT('',#2338);
#2338 = CARTESIAN_POINT('',(-5.68,1.94,7.6));
#2339 = LINE('',#2340,#2341);
#2340 = CARTESIAN_POINT('',(-5.28,2.34,8.));
#2341 = VECTOR('',#2342,1.);
#2342 = DIRECTION('',(-0.57735026919,-0.57735026919,-0.57735026919));
#2343 = ORIENTED_EDGE('',*,*,#2344,.T.);
#2344 = EDGE_CURVE('',#2337,#2345,#2347,.T.);
#2345 = VERTEX_POINT('',#2346);
#2346 = CARTESIAN_POINT('',(-5.68,0.6,7.6));
#2347 = LINE('',#2348,#2349);
#2348 = CARTESIAN_POINT('',(-5.68,0.97,7.6));
#2349 = VECTOR('',#2350,1.);
#2350 = DIRECTION('',(0.,-1.,1.2E-16));
#2351 = ORIENTED_EDGE('',*,*,#2352,.T.);
#2352 = EDGE_CURVE('',#2345,#536,#2353,.T.);
#2353 = LINE('',#2354,#2355);
#2354 = CARTESIAN_POINT('',(-5.68,0.6,7.6));
#2355 = VECTOR('',#2356,1.);
#2356 = DIRECTION('',(0.57735026919,-0.57735026919,0.57735026919));
#2357 = PLANE('',#2358);
#2358 = AXIS2_PLACEMENT_3D('',#2359,#2360,#2361);
#2359 = CARTESIAN_POINT('',(-5.48,0.97,7.8));
#2360 = DIRECTION('',(-0.707106781187,9.E-17,0.707106781187));
#2361 = DIRECTION('',(-0.707106781187,-9.E-17,-0.707106781187));
#2362 = ADVANCED_FACE('',(#2363),#2381,.T.);
#2363 = FACE_BOUND('',#2364,.T.);
#2364 = EDGE_LOOP('',(#2365,#2366,#2367,#2375));
#2365 = ORIENTED_EDGE('',*,*,#561,.T.);
#2366 = ORIENTED_EDGE('',*,*,#2352,.F.);
#2367 = ORIENTED_EDGE('',*,*,#2368,.T.);
#2368 = EDGE_CURVE('',#2345,#2369,#2371,.T.);
#2369 = VERTEX_POINT('',#2370);
#2370 = CARTESIAN_POINT('',(-7.02,0.6,7.6));
#2371 = LINE('',#2372,#2373);
#2372 = CARTESIAN_POINT('',(-2.84,0.6,7.6));
#2373 = VECTOR('',#2374,1.);
#2374 = DIRECTION('',(-1.,2.1E-16,0.));
#2375 = ORIENTED_EDGE('',*,*,#2376,.F.);
#2376 = EDGE_CURVE('',#554,#2369,#2377,.T.);
#2377 = LINE('',#2378,#2379);
#2378 = CARTESIAN_POINT('',(-7.42,0.2,8.));
#2379 = VECTOR('',#2380,1.);
#2380 = DIRECTION('',(0.57735026919,0.57735026919,-0.57735026919));
#2381 = PLANE('',#2382);
#2382 = AXIS2_PLACEMENT_3D('',#2383,#2384,#2385);
#2383 = CARTESIAN_POINT('',(-2.84,0.4,7.8));
#2384 = DIRECTION('',(1.5E-16,0.707106781187,0.707106781187));
#2385 = DIRECTION('',(-1.,3.606601717798E-17,1.76066017178E-16));
#2386 = ADVANCED_FACE('',(#2387),#2405,.T.);
#2387 = FACE_BOUND('',#2388,.T.);
#2388 = EDGE_LOOP('',(#2389,#2390,#2398,#2404));
#2389 = ORIENTED_EDGE('',*,*,#545,.T.);
#2390 = ORIENTED_EDGE('',*,*,#2391,.T.);
#2391 = EDGE_CURVE('',#546,#2392,#2394,.T.);
#2392 = VERTEX_POINT('',#2393);
#2393 = CARTESIAN_POINT('',(-7.02,1.94,7.6));
#2394 = LINE('',#2395,#2396);
#2395 = CARTESIAN_POINT('',(-7.42,2.34,8.));
#2396 = VECTOR('',#2397,1.);
#2397 = DIRECTION('',(0.57735026919,-0.57735026919,-0.57735026919));
#2398 = ORIENTED_EDGE('',*,*,#2399,.T.);
#2399 = EDGE_CURVE('',#2392,#2337,#2400,.T.);
#2400 = LINE('',#2401,#2402);
#2401 = CARTESIAN_POINT('',(-3.51,1.94,7.6));
#2402 = VECTOR('',#2403,1.);
#2403 = DIRECTION('',(1.,-2.1E-16,0.));
#2404 = ORIENTED_EDGE('',*,*,#2336,.F.);
#2405 = PLANE('',#2406);
#2406 = AXIS2_PLACEMENT_3D('',#2407,#2408,#2409);
#2407 = CARTESIAN_POINT('',(-3.51,2.14,7.8));
#2408 = DIRECTION('',(-1.5E-16,-0.707106781187,0.707106781187));
#2409 = DIRECTION('',(-1.,3.606601717798E-17,-1.76066017178E-16));
#2410 = ADVANCED_FACE('',(#2411),#2422,.T.);
#2411 = FACE_BOUND('',#2412,.T.);
#2412 = EDGE_LOOP('',(#2413,#2419,#2420,#2421));
#2413 = ORIENTED_EDGE('',*,*,#2414,.T.);
#2414 = EDGE_CURVE('',#2369,#2392,#2415,.T.);
#2415 = LINE('',#2416,#2417);
#2416 = CARTESIAN_POINT('',(-7.02,0.3,7.6));
#2417 = VECTOR('',#2418,1.);
#2418 = DIRECTION('',(0.,1.,-1.2E-16));
#2419 = ORIENTED_EDGE('',*,*,#2391,.F.);
#2420 = ORIENTED_EDGE('',*,*,#553,.T.);
#2421 = ORIENTED_EDGE('',*,*,#2376,.T.);
#2422 = PLANE('',#2423);
#2423 = AXIS2_PLACEMENT_3D('',#2424,#2425,#2426);
#2424 = CARTESIAN_POINT('',(-7.22,0.3,7.8));
#2425 = DIRECTION('',(0.707106781187,9.E-17,0.707106781187));
#2426 = DIRECTION('',(-0.707106781187,9.E-17,0.707106781187));
#2427 = ADVANCED_FACE('',(#2428),#2453,.T.);
#2428 = FACE_BOUND('',#2429,.T.);
#2429 = EDGE_LOOP('',(#2430,#2431,#2439,#2447));
#2430 = ORIENTED_EDGE('',*,*,#569,.T.);
#2431 = ORIENTED_EDGE('',*,*,#2432,.T.);
#2432 = EDGE_CURVE('',#572,#2433,#2435,.T.);
#2433 = VERTEX_POINT('',#2434);
#2434 = CARTESIAN_POINT('',(-3.14,1.94,7.6));
#2435 = LINE('',#2436,#2437);
#2436 = CARTESIAN_POINT('',(-2.74,2.34,8.));
#2437 = VECTOR('',#2438,1.);
#2438 = DIRECTION('',(-0.57735026919,-0.57735026919,-0.57735026919));
#2439 = ORIENTED_EDGE('',*,*,#2440,.T.);
#2440 = EDGE_CURVE('',#2433,#2441,#2443,.T.);
#2441 = VERTEX_POINT('',#2442);
#2442 = CARTESIAN_POINT('',(-3.14,0.6,7.6));
#2443 = LINE('',#2444,#2445);
#2444 = CARTESIAN_POINT('',(-3.14,0.97,7.6));
#2445 = VECTOR('',#2446,1.);
#2446 = DIRECTION('',(0.,-1.,1.2E-16));
#2447 = ORIENTED_EDGE('',*,*,#2448,.T.);
#2448 = EDGE_CURVE('',#2441,#570,#2449,.T.);
#2449 = LINE('',#2450,#2451);
#2450 = CARTESIAN_POINT('',(-3.14,0.6,7.6));
#2451 = VECTOR('',#2452,1.);
#2452 = DIRECTION('',(0.57735026919,-0.57735026919,0.57735026919));
#2453 = PLANE('',#2454);
#2454 = AXIS2_PLACEMENT_3D('',#2455,#2456,#2457);
#2455 = CARTESIAN_POINT('',(-2.94,0.97,7.8));
#2456 = DIRECTION('',(-0.707106781187,9.E-17,0.707106781187));
#2457 = DIRECTION('',(-0.707106781187,-9.E-17,-0.707106781187));
#2458 = ADVANCED_FACE('',(#2459),#2477,.T.);
#2459 = FACE_BOUND('',#2460,.T.);
#2460 = EDGE_LOOP('',(#2461,#2462,#2463,#2471));
#2461 = ORIENTED_EDGE('',*,*,#595,.T.);
#2462 = ORIENTED_EDGE('',*,*,#2448,.F.);
#2463 = ORIENTED_EDGE('',*,*,#2464,.T.);
#2464 = EDGE_CURVE('',#2441,#2465,#2467,.T.);
#2465 = VERTEX_POINT('',#2466);
#2466 = CARTESIAN_POINT('',(-4.48,0.6,7.6));
#2467 = LINE('',#2468,#2469);
#2468 = CARTESIAN_POINT('',(-1.57,0.6,7.6));
#2469 = VECTOR('',#2470,1.);
#2470 = DIRECTION('',(-1.,2.1E-16,0.));
#2471 = ORIENTED_EDGE('',*,*,#2472,.F.);
#2472 = EDGE_CURVE('',#588,#2465,#2473,.T.);
#2473 = LINE('',#2474,#2475);
#2474 = CARTESIAN_POINT('',(-4.88,0.2,8.));
#2475 = VECTOR('',#2476,1.);
#2476 = DIRECTION('',(0.57735026919,0.57735026919,-0.57735026919));
#2477 = PLANE('',#2478);
#2478 = AXIS2_PLACEMENT_3D('',#2479,#2480,#2481);
#2479 = CARTESIAN_POINT('',(-1.57,0.4,7.8));
#2480 = DIRECTION('',(1.5E-16,0.707106781187,0.707106781187));
#2481 = DIRECTION('',(-1.,3.606601717798E-17,1.76066017178E-16));
#2482 = ADVANCED_FACE('',(#2483),#2501,.T.);
#2483 = FACE_BOUND('',#2484,.T.);
#2484 = EDGE_LOOP('',(#2485,#2486,#2494,#2500));
#2485 = ORIENTED_EDGE('',*,*,#579,.T.);
#2486 = ORIENTED_EDGE('',*,*,#2487,.T.);
#2487 = EDGE_CURVE('',#580,#2488,#2490,.T.);
#2488 = VERTEX_POINT('',#2489);
#2489 = CARTESIAN_POINT('',(-4.48,1.94,7.6));
#2490 = LINE('',#2491,#2492);
#2491 = CARTESIAN_POINT('',(-4.88,2.34,8.));
#2492 = VECTOR('',#2493,1.);
#2493 = DIRECTION('',(0.57735026919,-0.57735026919,-0.57735026919));
#2494 = ORIENTED_EDGE('',*,*,#2495,.T.);
#2495 = EDGE_CURVE('',#2488,#2433,#2496,.T.);
#2496 = LINE('',#2497,#2498);
#2497 = CARTESIAN_POINT('',(-2.24,1.94,7.6));
#2498 = VECTOR('',#2499,1.);
#2499 = DIRECTION('',(1.,-2.1E-16,0.));
#2500 = ORIENTED_EDGE('',*,*,#2432,.F.);
#2501 = PLANE('',#2502);
#2502 = AXIS2_PLACEMENT_3D('',#2503,#2504,#2505);
#2503 = CARTESIAN_POINT('',(-2.24,2.14,7.8));
#2504 = DIRECTION('',(-1.5E-16,-0.707106781187,0.707106781187));
#2505 = DIRECTION('',(-1.,3.606601717798E-17,-1.76066017178E-16));
#2506 = ADVANCED_FACE('',(#2507),#2518,.T.);
#2507 = FACE_BOUND('',#2508,.T.);
#2508 = EDGE_LOOP('',(#2509,#2515,#2516,#2517));
#2509 = ORIENTED_EDGE('',*,*,#2510,.T.);
#2510 = EDGE_CURVE('',#2465,#2488,#2511,.T.);
#2511 = LINE('',#2512,#2513);
#2512 = CARTESIAN_POINT('',(-4.48,0.3,7.6));
#2513 = VECTOR('',#2514,1.);
#2514 = DIRECTION('',(0.,1.,-1.2E-16));
#2515 = ORIENTED_EDGE('',*,*,#2487,.F.);
#2516 = ORIENTED_EDGE('',*,*,#587,.T.);
#2517 = ORIENTED_EDGE('',*,*,#2472,.T.);
#2518 = PLANE('',#2519);
#2519 = AXIS2_PLACEMENT_3D('',#2520,#2521,#2522);
#2520 = CARTESIAN_POINT('',(-4.68,0.3,7.8));
#2521 = DIRECTION('',(0.707106781187,9.E-17,0.707106781187));
#2522 = DIRECTION('',(-0.707106781187,9.E-17,0.707106781187));
#2523 = ADVANCED_FACE('',(#2524),#2549,.T.);
#2524 = FACE_BOUND('',#2525,.T.);
#2525 = EDGE_LOOP('',(#2526,#2527,#2535,#2543));
#2526 = ORIENTED_EDGE('',*,*,#603,.T.);
#2527 = ORIENTED_EDGE('',*,*,#2528,.T.);
#2528 = EDGE_CURVE('',#606,#2529,#2531,.T.);
#2529 = VERTEX_POINT('',#2530);
#2530 = CARTESIAN_POINT('',(-0.6,1.94,7.6));
#2531 = LINE('',#2532,#2533);
#2532 = CARTESIAN_POINT('',(-0.2,2.34,8.));
#2533 = VECTOR('',#2534,1.);
#2534 = DIRECTION('',(-0.57735026919,-0.57735026919,-0.57735026919));
#2535 = ORIENTED_EDGE('',*,*,#2536,.T.);
#2536 = EDGE_CURVE('',#2529,#2537,#2539,.T.);
#2537 = VERTEX_POINT('',#2538);
#2538 = CARTESIAN_POINT('',(-0.6,0.6,7.6));
#2539 = LINE('',#2540,#2541);
#2540 = CARTESIAN_POINT('',(-0.6,0.97,7.6));
#2541 = VECTOR('',#2542,1.);
#2542 = DIRECTION('',(0.,-1.,1.2E-16));
#2543 = ORIENTED_EDGE('',*,*,#2544,.T.);
#2544 = EDGE_CURVE('',#2537,#604,#2545,.T.);
#2545 = LINE('',#2546,#2547);
#2546 = CARTESIAN_POINT('',(-0.6,0.6,7.6));
#2547 = VECTOR('',#2548,1.);
#2548 = DIRECTION('',(0.57735026919,-0.57735026919,0.57735026919));
#2549 = PLANE('',#2550);
#2550 = AXIS2_PLACEMENT_3D('',#2551,#2552,#2553);
#2551 = CARTESIAN_POINT('',(-0.4,0.97,7.8));
#2552 = DIRECTION('',(-0.707106781187,9.E-17,0.707106781187));
#2553 = DIRECTION('',(-0.707106781187,-9.E-17,-0.707106781187));
#2554 = ADVANCED_FACE('',(#2555),#2573,.T.);
#2555 = FACE_BOUND('',#2556,.T.);
#2556 = EDGE_LOOP('',(#2557,#2558,#2559,#2567));
#2557 = ORIENTED_EDGE('',*,*,#629,.T.);
#2558 = ORIENTED_EDGE('',*,*,#2544,.F.);
#2559 = ORIENTED_EDGE('',*,*,#2560,.T.);
#2560 = EDGE_CURVE('',#2537,#2561,#2563,.T.);
#2561 = VERTEX_POINT('',#2562);
#2562 = CARTESIAN_POINT('',(-1.94,0.6,7.6));
#2563 = LINE('',#2564,#2565);
#2564 = CARTESIAN_POINT('',(-0.3,0.6,7.6));
#2565 = VECTOR('',#2566,1.);
#2566 = DIRECTION('',(-1.,2.1E-16,0.));
#2567 = ORIENTED_EDGE('',*,*,#2568,.F.);
#2568 = EDGE_CURVE('',#622,#2561,#2569,.T.);
#2569 = LINE('',#2570,#2571);
#2570 = CARTESIAN_POINT('',(-2.34,0.2,8.));
#2571 = VECTOR('',#2572,1.);
#2572 = DIRECTION('',(0.57735026919,0.57735026919,-0.57735026919));
#2573 = PLANE('',#2574);
#2574 = AXIS2_PLACEMENT_3D('',#2575,#2576,#2577);
#2575 = CARTESIAN_POINT('',(-0.3,0.4,7.8));
#2576 = DIRECTION('',(1.5E-16,0.707106781187,0.707106781187));
#2577 = DIRECTION('',(-1.,3.606601717798E-17,1.76066017178E-16));
#2578 = ADVANCED_FACE('',(#2579),#2597,.T.);
#2579 = FACE_BOUND('',#2580,.T.);
#2580 = EDGE_LOOP('',(#2581,#2582,#2590,#2596));
#2581 = ORIENTED_EDGE('',*,*,#613,.T.);
#2582 = ORIENTED_EDGE('',*,*,#2583,.T.);
#2583 = EDGE_CURVE('',#614,#2584,#2586,.T.);
#2584 = VERTEX_POINT('',#2585);
#2585 = CARTESIAN_POINT('',(-1.94,1.94,7.6));
#2586 = LINE('',#2587,#2588);
#2587 = CARTESIAN_POINT('',(-2.34,2.34,8.));
#2588 = VECTOR('',#2589,1.);
#2589 = DIRECTION('',(0.57735026919,-0.57735026919,-0.57735026919));
#2590 = ORIENTED_EDGE('',*,*,#2591,.T.);
#2591 = EDGE_CURVE('',#2584,#2529,#2592,.T.);
#2592 = LINE('',#2593,#2594);
#2593 = CARTESIAN_POINT('',(-0.97,1.94,7.6));
#2594 = VECTOR('',#2595,1.);
#2595 = DIRECTION('',(1.,-2.1E-16,0.));
#2596 = ORIENTED_EDGE('',*,*,#2528,.F.);
#2597 = PLANE('',#2598);
#2598 = AXIS2_PLACEMENT_3D('',#2599,#2600,#2601);
#2599 = CARTESIAN_POINT('',(-0.97,2.14,7.8));
#2600 = DIRECTION('',(-1.5E-16,-0.707106781187,0.707106781187));
#2601 = DIRECTION('',(-1.,3.606601717798E-17,-1.76066017178E-16));
#2602 = ADVANCED_FACE('',(#2603),#2614,.T.);
#2603 = FACE_BOUND('',#2604,.T.);
#2604 = EDGE_LOOP('',(#2605,#2611,#2612,#2613));
#2605 = ORIENTED_EDGE('',*,*,#2606,.T.);
#2606 = EDGE_CURVE('',#2561,#2584,#2607,.T.);
#2607 = LINE('',#2608,#2609);
#2608 = CARTESIAN_POINT('',(-1.94,0.3,7.6));
#2609 = VECTOR('',#2610,1.);
#2610 = DIRECTION('',(0.,1.,-1.2E-16));
#2611 = ORIENTED_EDGE('',*,*,#2583,.F.);
#2612 = ORIENTED_EDGE('',*,*,#621,.T.);
#2613 = ORIENTED_EDGE('',*,*,#2568,.T.);
#2614 = PLANE('',#2615);
#2615 = AXIS2_PLACEMENT_3D('',#2616,#2617,#2618);
#2616 = CARTESIAN_POINT('',(-2.14,0.3,7.8));
#2617 = DIRECTION('',(0.707106781187,9.E-17,0.707106781187));
#2618 = DIRECTION('',(-0.707106781187,9.E-17,0.707106781187));
#2619 = ADVANCED_FACE('',(#2620),#2645,.T.);
#2620 = FACE_BOUND('',#2621,.T.);
#2621 = EDGE_LOOP('',(#2622,#2623,#2631,#2639));
#2622 = ORIENTED_EDGE('',*,*,#637,.T.);
#2623 = ORIENTED_EDGE('',*,*,#2624,.T.);
#2624 = EDGE_CURVE('',#640,#2625,#2627,.T.);
#2625 = VERTEX_POINT('',#2626);
#2626 = CARTESIAN_POINT('',(1.94,1.94,7.6));
#2627 = LINE('',#2628,#2629);
#2628 = CARTESIAN_POINT('',(2.34,2.34,8.));
#2629 = VECTOR('',#2630,1.);
#2630 = DIRECTION('',(-0.57735026919,-0.57735026919,-0.57735026919));
#2631 = ORIENTED_EDGE('',*,*,#2632,.T.);
#2632 = EDGE_CURVE('',#2625,#2633,#2635,.T.);
#2633 = VERTEX_POINT('',#2634);
#2634 = CARTESIAN_POINT('',(1.94,0.6,7.6));
#2635 = LINE('',#2636,#2637);
#2636 = CARTESIAN_POINT('',(1.94,0.97,7.6));
#2637 = VECTOR('',#2638,1.);
#2638 = DIRECTION('',(0.,-1.,1.2E-16));
#2639 = ORIENTED_EDGE('',*,*,#2640,.T.);
#2640 = EDGE_CURVE('',#2633,#638,#2641,.T.);
#2641 = LINE('',#2642,#2643);
#2642 = CARTESIAN_POINT('',(1.94,0.6,7.6));
#2643 = VECTOR('',#2644,1.);
#2644 = DIRECTION('',(0.57735026919,-0.57735026919,0.57735026919));
#2645 = PLANE('',#2646);
#2646 = AXIS2_PLACEMENT_3D('',#2647,#2648,#2649);
#2647 = CARTESIAN_POINT('',(2.14,0.97,7.8));
#2648 = DIRECTION('',(-0.707106781187,9.E-17,0.707106781187));
#2649 = DIRECTION('',(-0.707106781187,-9.E-17,-0.707106781187));
#2650 = ADVANCED_FACE('',(#2651),#2669,.T.);
#2651 = FACE_BOUND('',#2652,.T.);
#2652 = EDGE_LOOP('',(#2653,#2654,#2655,#2663));
#2653 = ORIENTED_EDGE('',*,*,#663,.T.);
#2654 = ORIENTED_EDGE('',*,*,#2640,.F.);
#2655 = ORIENTED_EDGE('',*,*,#2656,.T.);
#2656 = EDGE_CURVE('',#2633,#2657,#2659,.T.);
#2657 = VERTEX_POINT('',#2658);
#2658 = CARTESIAN_POINT('',(0.6,0.6,7.6));
#2659 = LINE('',#2660,#2661);
#2660 = CARTESIAN_POINT('',(0.97,0.6,7.6));
#2661 = VECTOR('',#2662,1.);
#2662 = DIRECTION('',(-1.,2.1E-16,0.));
#2663 = ORIENTED_EDGE('',*,*,#2664,.F.);
#2664 = EDGE_CURVE('',#656,#2657,#2665,.T.);
#2665 = LINE('',#2666,#2667);
#2666 = CARTESIAN_POINT('',(0.2,0.2,8.));
#2667 = VECTOR('',#2668,1.);
#2668 = DIRECTION('',(0.57735026919,0.57735026919,-0.57735026919));
#2669 = PLANE('',#2670);
#2670 = AXIS2_PLACEMENT_3D('',#2671,#2672,#2673);
#2671 = CARTESIAN_POINT('',(0.97,0.4,7.8));
#2672 = DIRECTION('',(1.5E-16,0.707106781187,0.707106781187));
#2673 = DIRECTION('',(-1.,3.606601717798E-17,1.76066017178E-16));
#2674 = ADVANCED_FACE('',(#2675),#2693,.T.);
#2675 = FACE_BOUND('',#2676,.T.);
#2676 = EDGE_LOOP('',(#2677,#2678,#2686,#2692));
#2677 = ORIENTED_EDGE('',*,*,#647,.T.);
#2678 = ORIENTED_EDGE('',*,*,#2679,.T.);
#2679 = EDGE_CURVE('',#648,#2680,#2682,.T.);
#2680 = VERTEX_POINT('',#2681);
#2681 = CARTESIAN_POINT('',(0.6,1.94,7.6));
#2682 = LINE('',#2683,#2684);
#2683 = CARTESIAN_POINT('',(0.2,2.34,8.));
#2684 = VECTOR('',#2685,1.);
#2685 = DIRECTION('',(0.57735026919,-0.57735026919,-0.57735026919));
#2686 = ORIENTED_EDGE('',*,*,#2687,.T.);
#2687 = EDGE_CURVE('',#2680,#2625,#2688,.T.);
#2688 = LINE('',#2689,#2690);
#2689 = CARTESIAN_POINT('',(0.3,1.94,7.6));
#2690 = VECTOR('',#2691,1.);
#2691 = DIRECTION('',(1.,-2.1E-16,0.));
#2692 = ORIENTED_EDGE('',*,*,#2624,.F.);
#2693 = PLANE('',#2694);
#2694 = AXIS2_PLACEMENT_3D('',#2695,#2696,#2697);
#2695 = CARTESIAN_POINT('',(0.3,2.14,7.8));
#2696 = DIRECTION('',(-1.5E-16,-0.707106781187,0.707106781187));
#2697 = DIRECTION('',(-1.,3.606601717798E-17,-1.76066017178E-16));
#2698 = ADVANCED_FACE('',(#2699),#2710,.T.);
#2699 = FACE_BOUND('',#2700,.T.);
#2700 = EDGE_LOOP('',(#2701,#2707,#2708,#2709));
#2701 = ORIENTED_EDGE('',*,*,#2702,.T.);
#2702 = EDGE_CURVE('',#2657,#2680,#2703,.T.);
#2703 = LINE('',#2704,#2705);
#2704 = CARTESIAN_POINT('',(0.6,0.3,7.6));
#2705 = VECTOR('',#2706,1.);
#2706 = DIRECTION('',(0.,1.,-1.2E-16));
#2707 = ORIENTED_EDGE('',*,*,#2679,.F.);
#2708 = ORIENTED_EDGE('',*,*,#655,.T.);
#2709 = ORIENTED_EDGE('',*,*,#2664,.T.);
#2710 = PLANE('',#2711);
#2711 = AXIS2_PLACEMENT_3D('',#2712,#2713,#2714);
#2712 = CARTESIAN_POINT('',(0.4,0.3,7.8));
#2713 = DIRECTION('',(0.707106781187,9.E-17,0.707106781187));
#2714 = DIRECTION('',(-0.707106781187,9.E-17,0.707106781187));
#2715 = ADVANCED_FACE('',(#2716),#2741,.T.);
#2716 = FACE_BOUND('',#2717,.T.);
#2717 = EDGE_LOOP('',(#2718,#2719,#2727,#2735));
#2718 = ORIENTED_EDGE('',*,*,#671,.T.);
#2719 = ORIENTED_EDGE('',*,*,#2720,.T.);
#2720 = EDGE_CURVE('',#674,#2721,#2723,.T.);
#2721 = VERTEX_POINT('',#2722);
#2722 = CARTESIAN_POINT('',(4.48,1.94,7.6));
#2723 = LINE('',#2724,#2725);
#2724 = CARTESIAN_POINT('',(4.88,2.34,8.));
#2725 = VECTOR('',#2726,1.);
#2726 = DIRECTION('',(-0.57735026919,-0.57735026919,-0.57735026919));
#2727 = ORIENTED_EDGE('',*,*,#2728,.T.);
#2728 = EDGE_CURVE('',#2721,#2729,#2731,.T.);
#2729 = VERTEX_POINT('',#2730);
#2730 = CARTESIAN_POINT('',(4.48,0.6,7.6));
#2731 = LINE('',#2732,#2733);
#2732 = CARTESIAN_POINT('',(4.48,0.97,7.6));
#2733 = VECTOR('',#2734,1.);
#2734 = DIRECTION('',(0.,-1.,1.2E-16));
#2735 = ORIENTED_EDGE('',*,*,#2736,.T.);
#2736 = EDGE_CURVE('',#2729,#672,#2737,.T.);
#2737 = LINE('',#2738,#2739);
#2738 = CARTESIAN_POINT('',(4.48,0.6,7.6));
#2739 = VECTOR('',#2740,1.);
#2740 = DIRECTION('',(0.57735026919,-0.57735026919,0.57735026919));
#2741 = PLANE('',#2742);
#2742 = AXIS2_PLACEMENT_3D('',#2743,#2744,#2745);
#2743 = CARTESIAN_POINT('',(4.68,0.97,7.8));
#2744 = DIRECTION('',(-0.707106781187,9.E-17,0.707106781187));
#2745 = DIRECTION('',(-0.707106781187,-9.E-17,-0.707106781187));
#2746 = ADVANCED_FACE('',(#2747),#2765,.T.);
#2747 = FACE_BOUND('',#2748,.T.);
#2748 = EDGE_LOOP('',(#2749,#2750,#2751,#2759));
#2749 = ORIENTED_EDGE('',*,*,#697,.T.);
#2750 = ORIENTED_EDGE('',*,*,#2736,.F.);
#2751 = ORIENTED_EDGE('',*,*,#2752,.T.);
#2752 = EDGE_CURVE('',#2729,#2753,#2755,.T.);
#2753 = VERTEX_POINT('',#2754);
#2754 = CARTESIAN_POINT('',(3.14,0.6,7.6));
#2755 = LINE('',#2756,#2757);
#2756 = CARTESIAN_POINT('',(2.24,0.6,7.6));
#2757 = VECTOR('',#2758,1.);
#2758 = DIRECTION('',(-1.,2.1E-16,0.));
#2759 = ORIENTED_EDGE('',*,*,#2760,.F.);
#2760 = EDGE_CURVE('',#690,#2753,#2761,.T.);
#2761 = LINE('',#2762,#2763);
#2762 = CARTESIAN_POINT('',(2.74,0.2,8.));
#2763 = VECTOR('',#2764,1.);
#2764 = DIRECTION('',(0.57735026919,0.57735026919,-0.57735026919));
#2765 = PLANE('',#2766);
#2766 = AXIS2_PLACEMENT_3D('',#2767,#2768,#2769);
#2767 = CARTESIAN_POINT('',(2.24,0.4,7.8));
#2768 = DIRECTION('',(1.5E-16,0.707106781187,0.707106781187));
#2769 = DIRECTION('',(-1.,3.606601717798E-17,1.76066017178E-16));
#2770 = ADVANCED_FACE('',(#2771),#2789,.T.);
#2771 = FACE_BOUND('',#2772,.T.);
#2772 = EDGE_LOOP('',(#2773,#2774,#2782,#2788));
#2773 = ORIENTED_EDGE('',*,*,#681,.T.);
#2774 = ORIENTED_EDGE('',*,*,#2775,.T.);
#2775 = EDGE_CURVE('',#682,#2776,#2778,.T.);
#2776 = VERTEX_POINT('',#2777);
#2777 = CARTESIAN_POINT('',(3.14,1.94,7.6));
#2778 = LINE('',#2779,#2780);
#2779 = CARTESIAN_POINT('',(2.74,2.34,8.));
#2780 = VECTOR('',#2781,1.);
#2781 = DIRECTION('',(0.57735026919,-0.57735026919,-0.57735026919));
#2782 = ORIENTED_EDGE('',*,*,#2783,.T.);
#2783 = EDGE_CURVE('',#2776,#2721,#2784,.T.);
#2784 = LINE('',#2785,#2786);
#2785 = CARTESIAN_POINT('',(1.57,1.94,7.6));
#2786 = VECTOR('',#2787,1.);
#2787 = DIRECTION('',(1.,-2.1E-16,0.));
#2788 = ORIENTED_EDGE('',*,*,#2720,.F.);
#2789 = PLANE('',#2790);
#2790 = AXIS2_PLACEMENT_3D('',#2791,#2792,#2793);
#2791 = CARTESIAN_POINT('',(1.57,2.14,7.8));
#2792 = DIRECTION('',(-1.5E-16,-0.707106781187,0.707106781187));
#2793 = DIRECTION('',(-1.,3.606601717798E-17,-1.76066017178E-16));
#2794 = ADVANCED_FACE('',(#2795),#2806,.T.);
#2795 = FACE_BOUND('',#2796,.T.);
#2796 = EDGE_LOOP('',(#2797,#2803,#2804,#2805));
#2797 = ORIENTED_EDGE('',*,*,#2798,.T.);
#2798 = EDGE_CURVE('',#2753,#2776,#2799,.T.);
#2799 = LINE('',#2800,#2801);
#2800 = CARTESIAN_POINT('',(3.14,0.3,7.6));
#2801 = VECTOR('',#2802,1.);
#2802 = DIRECTION('',(0.,1.,-1.2E-16));
#2803 = ORIENTED_EDGE('',*,*,#2775,.F.);
#2804 = ORIENTED_EDGE('',*,*,#689,.T.);
#2805 = ORIENTED_EDGE('',*,*,#2760,.T.);
#2806 = PLANE('',#2807);
#2807 = AXIS2_PLACEMENT_3D('',#2808,#2809,#2810);
#2808 = CARTESIAN_POINT('',(2.94,0.3,7.8));
#2809 = DIRECTION('',(0.707106781187,9.E-17,0.707106781187));
#2810 = DIRECTION('',(-0.707106781187,9.E-17,0.707106781187));
#2811 = ADVANCED_FACE('',(#2812),#2837,.T.);
#2812 = FACE_BOUND('',#2813,.T.);
#2813 = EDGE_LOOP('',(#2814,#2815,#2823,#2831));
#2814 = ORIENTED_EDGE('',*,*,#705,.T.);
#2815 = ORIENTED_EDGE('',*,*,#2816,.T.);
#2816 = EDGE_CURVE('',#708,#2817,#2819,.T.);
#2817 = VERTEX_POINT('',#2818);
#2818 = CARTESIAN_POINT('',(7.02,1.94,7.6));
#2819 = LINE('',#2820,#2821);
#2820 = CARTESIAN_POINT('',(7.42,2.34,8.));
#2821 = VECTOR('',#2822,1.);
#2822 = DIRECTION('',(-0.57735026919,-0.57735026919,-0.57735026919));
#2823 = ORIENTED_EDGE('',*,*,#2824,.T.);
#2824 = EDGE_CURVE('',#2817,#2825,#2827,.T.);
#2825 = VERTEX_POINT('',#2826);
#2826 = CARTESIAN_POINT('',(7.02,0.6,7.6));
#2827 = LINE('',#2828,#2829);
#2828 = CARTESIAN_POINT('',(7.02,0.97,7.6));
#2829 = VECTOR('',#2830,1.);
#2830 = DIRECTION('',(0.,-1.,1.2E-16));
#2831 = ORIENTED_EDGE('',*,*,#2832,.T.);
#2832 = EDGE_CURVE('',#2825,#706,#2833,.T.);
#2833 = LINE('',#2834,#2835);
#2834 = CARTESIAN_POINT('',(7.02,0.6,7.6));
#2835 = VECTOR('',#2836,1.);
#2836 = DIRECTION('',(0.57735026919,-0.57735026919,0.57735026919));
#2837 = PLANE('',#2838);
#2838 = AXIS2_PLACEMENT_3D('',#2839,#2840,#2841);
#2839 = CARTESIAN_POINT('',(7.22,0.97,7.8));
#2840 = DIRECTION('',(-0.707106781187,9.E-17,0.707106781187));
#2841 = DIRECTION('',(-0.707106781187,-9.E-17,-0.707106781187));
#2842 = ADVANCED_FACE('',(#2843),#2861,.T.);
#2843 = FACE_BOUND('',#2844,.T.);
#2844 = EDGE_LOOP('',(#2845,#2846,#2847,#2855));
#2845 = ORIENTED_EDGE('',*,*,#731,.T.);
#2846 = ORIENTED_EDGE('',*,*,#2832,.F.);
#2847 = ORIENTED_EDGE('',*,*,#2848,.T.);
#2848 = EDGE_CURVE('',#2825,#2849,#2851,.T.);
#2849 = VERTEX_POINT('',#2850);
#2850 = CARTESIAN_POINT('',(5.68,0.6,7.6));
#2851 = LINE('',#2852,#2853);
#2852 = CARTESIAN_POINT('',(3.51,0.6,7.6));
#2853 = VECTOR('',#2854,1.);
#2854 = DIRECTION('',(-1.,2.1E-16,0.));
#2855 = ORIENTED_EDGE('',*,*,#2856,.F.);
#2856 = EDGE_CURVE('',#724,#2849,#2857,.T.);
#2857 = LINE('',#2858,#2859);
#2858 = CARTESIAN_POINT('',(5.28,0.2,8.));
#2859 = VECTOR('',#2860,1.);
#2860 = DIRECTION('',(0.57735026919,0.57735026919,-0.57735026919));
#2861 = PLANE('',#2862);
#2862 = AXIS2_PLACEMENT_3D('',#2863,#2864,#2865);
#2863 = CARTESIAN_POINT('',(3.51,0.4,7.8));
#2864 = DIRECTION('',(1.5E-16,0.707106781187,0.707106781187));
#2865 = DIRECTION('',(-1.,3.606601717798E-17,1.76066017178E-16));
#2866 = ADVANCED_FACE('',(#2867),#2885,.T.);
#2867 = FACE_BOUND('',#2868,.T.);
#2868 = EDGE_LOOP('',(#2869,#2870,#2878,#2884));
#2869 = ORIENTED_EDGE('',*,*,#715,.T.);
#2870 = ORIENTED_EDGE('',*,*,#2871,.T.);
#2871 = EDGE_CURVE('',#716,#2872,#2874,.T.);
#2872 = VERTEX_POINT('',#2873);
#2873 = CARTESIAN_POINT('',(5.68,1.94,7.6));
#2874 = LINE('',#2875,#2876);
#2875 = CARTESIAN_POINT('',(5.28,2.34,8.));
#2876 = VECTOR('',#2877,1.);
#2877 = DIRECTION('',(0.57735026919,-0.57735026919,-0.57735026919));
#2878 = ORIENTED_EDGE('',*,*,#2879,.T.);
#2879 = EDGE_CURVE('',#2872,#2817,#2880,.T.);
#2880 = LINE('',#2881,#2882);
#2881 = CARTESIAN_POINT('',(2.84,1.94,7.6));
#2882 = VECTOR('',#2883,1.);
#2883 = DIRECTION('',(1.,-2.1E-16,0.));
#2884 = ORIENTED_EDGE('',*,*,#2816,.F.);
#2885 = PLANE('',#2886);
#2886 = AXIS2_PLACEMENT_3D('',#2887,#2888,#2889);
#2887 = CARTESIAN_POINT('',(2.84,2.14,7.8));
#2888 = DIRECTION('',(-1.5E-16,-0.707106781187,0.707106781187));
#2889 = DIRECTION('',(-1.,3.606601717798E-17,-1.76066017178E-16));
#2890 = ADVANCED_FACE('',(#2891),#2902,.T.);
#2891 = FACE_BOUND('',#2892,.T.);
#2892 = EDGE_LOOP('',(#2893,#2899,#2900,#2901));
#2893 = ORIENTED_EDGE('',*,*,#2894,.T.);
#2894 = EDGE_CURVE('',#2849,#2872,#2895,.T.);
#2895 = LINE('',#2896,#2897);
#2896 = CARTESIAN_POINT('',(5.68,0.3,7.6));
#2897 = VECTOR('',#2898,1.);
#2898 = DIRECTION('',(0.,1.,-1.2E-16));
#2899 = ORIENTED_EDGE('',*,*,#2871,.F.);
#2900 = ORIENTED_EDGE('',*,*,#723,.T.);
#2901 = ORIENTED_EDGE('',*,*,#2856,.T.);
#2902 = PLANE('',#2903);
#2903 = AXIS2_PLACEMENT_3D('',#2904,#2905,#2906);
#2904 = CARTESIAN_POINT('',(5.48,0.3,7.8));
#2905 = DIRECTION('',(0.707106781187,9.E-17,0.707106781187));
#2906 = DIRECTION('',(-0.707106781187,9.E-17,0.707106781187));
#2907 = ADVANCED_FACE('',(#2908),#2933,.T.);
#2908 = FACE_BOUND('',#2909,.T.);
#2909 = EDGE_LOOP('',(#2910,#2911,#2919,#2927));
#2910 = ORIENTED_EDGE('',*,*,#739,.T.);
#2911 = ORIENTED_EDGE('',*,*,#2912,.T.);
#2912 = EDGE_CURVE('',#742,#2913,#2915,.T.);
#2913 = VERTEX_POINT('',#2914);
#2914 = CARTESIAN_POINT('',(9.56,1.94,7.6));
#2915 = LINE('',#2916,#2917);
#2916 = CARTESIAN_POINT('',(9.96,2.34,8.));
#2917 = VECTOR('',#2918,1.);
#2918 = DIRECTION('',(-0.57735026919,-0.57735026919,-0.57735026919));
#2919 = ORIENTED_EDGE('',*,*,#2920,.T.);
#2920 = EDGE_CURVE('',#2913,#2921,#2923,.T.);
#2921 = VERTEX_POINT('',#2922);
#2922 = CARTESIAN_POINT('',(9.56,0.6,7.6));
#2923 = LINE('',#2924,#2925);
#2924 = CARTESIAN_POINT('',(9.56,0.97,7.6));
#2925 = VECTOR('',#2926,1.);
#2926 = DIRECTION('',(0.,-1.,1.2E-16));
#2927 = ORIENTED_EDGE('',*,*,#2928,.T.);
#2928 = EDGE_CURVE('',#2921,#740,#2929,.T.);
#2929 = LINE('',#2930,#2931);
#2930 = CARTESIAN_POINT('',(9.56,0.6,7.6));
#2931 = VECTOR('',#2932,1.);
#2932 = DIRECTION('',(0.57735026919,-0.57735026919,0.57735026919));
#2933 = PLANE('',#2934);
#2934 = AXIS2_PLACEMENT_3D('',#2935,#2936,#2937);
#2935 = CARTESIAN_POINT('',(9.76,0.97,7.8));
#2936 = DIRECTION('',(-0.707106781187,9.E-17,0.707106781187));
#2937 = DIRECTION('',(-0.707106781187,-9.E-17,-0.707106781187));
#2938 = ADVANCED_FACE('',(#2939),#2957,.T.);
#2939 = FACE_BOUND('',#2940,.T.);
#2940 = EDGE_LOOP('',(#2941,#2942,#2943,#2951));
#2941 = ORIENTED_EDGE('',*,*,#765,.T.);
#2942 = ORIENTED_EDGE('',*,*,#2928,.F.);
#2943 = ORIENTED_EDGE('',*,*,#2944,.T.);
#2944 = EDGE_CURVE('',#2921,#2945,#2947,.T.);
#2945 = VERTEX_POINT('',#2946);
#2946 = CARTESIAN_POINT('',(8.22,0.6,7.6));
#2947 = LINE('',#2948,#2949);
#2948 = CARTESIAN_POINT('',(4.78,0.6,7.6));
#2949 = VECTOR('',#2950,1.);
#2950 = DIRECTION('',(-1.,2.1E-16,0.));
#2951 = ORIENTED_EDGE('',*,*,#2952,.F.);
#2952 = EDGE_CURVE('',#758,#2945,#2953,.T.);
#2953 = LINE('',#2954,#2955);
#2954 = CARTESIAN_POINT('',(7.82,0.2,8.));
#2955 = VECTOR('',#2956,1.);
#2956 = DIRECTION('',(0.57735026919,0.57735026919,-0.57735026919));
#2957 = PLANE('',#2958);
#2958 = AXIS2_PLACEMENT_3D('',#2959,#2960,#2961);
#2959 = CARTESIAN_POINT('',(4.78,0.4,7.8));
#2960 = DIRECTION('',(1.5E-16,0.707106781187,0.707106781187));
#2961 = DIRECTION('',(-1.,3.606601717798E-17,1.76066017178E-16));
#2962 = ADVANCED_FACE('',(#2963),#2981,.T.);
#2963 = FACE_BOUND('',#2964,.T.);
#2964 = EDGE_LOOP('',(#2965,#2966,#2974,#2980));
#2965 = ORIENTED_EDGE('',*,*,#749,.T.);
#2966 = ORIENTED_EDGE('',*,*,#2967,.T.);
#2967 = EDGE_CURVE('',#750,#2968,#2970,.T.);
#2968 = VERTEX_POINT('',#2969);
#2969 = CARTESIAN_POINT('',(8.22,1.94,7.6));
#2970 = LINE('',#2971,#2972);
#2971 = CARTESIAN_POINT('',(7.82,2.34,8.));
#2972 = VECTOR('',#2973,1.);
#2973 = DIRECTION('',(0.57735026919,-0.57735026919,-0.57735026919));
#2974 = ORIENTED_EDGE('',*,*,#2975,.T.);
#2975 = EDGE_CURVE('',#2968,#2913,#2976,.T.);
#2976 = LINE('',#2977,#2978);
#2977 = CARTESIAN_POINT('',(4.11,1.94,7.6));
#2978 = VECTOR('',#2979,1.);
#2979 = DIRECTION('',(1.,-2.1E-16,0.));
#2980 = ORIENTED_EDGE('',*,*,#2912,.F.);
#2981 = PLANE('',#2982);
#2982 = AXIS2_PLACEMENT_3D('',#2983,#2984,#2985);
#2983 = CARTESIAN_POINT('',(4.11,2.14,7.8));
#2984 = DIRECTION('',(-1.5E-16,-0.707106781187,0.707106781187));
#2985 = DIRECTION('',(-1.,3.606601717798E-17,-1.76066017178E-16));
#2986 = ADVANCED_FACE('',(#2987),#2998,.T.);
#2987 = FACE_BOUND('',#2988,.T.);
#2988 = EDGE_LOOP('',(#2989,#2995,#2996,#2997));
#2989 = ORIENTED_EDGE('',*,*,#2990,.T.);
#2990 = EDGE_CURVE('',#2945,#2968,#2991,.T.);
#2991 = LINE('',#2992,#2993);
#2992 = CARTESIAN_POINT('',(8.22,0.3,7.6));
#2993 = VECTOR('',#2994,1.);
#2994 = DIRECTION('',(0.,1.,-1.2E-16));
#2995 = ORIENTED_EDGE('',*,*,#2967,.F.);
#2996 = ORIENTED_EDGE('',*,*,#757,.T.);
#2997 = ORIENTED_EDGE('',*,*,#2952,.T.);
#2998 = PLANE('',#2999);
#2999 = AXIS2_PLACEMENT_3D('',#3000,#3001,#3002);
#3000 = CARTESIAN_POINT('',(8.02,0.3,7.8));
#3001 = DIRECTION('',(0.707106781187,9.E-17,0.707106781187));
#3002 = DIRECTION('',(-0.707106781187,9.E-17,0.707106781187));
#3003 = ADVANCED_FACE('',(#3004),#3029,.T.);
#3004 = FACE_BOUND('',#3005,.T.);
#3005 = EDGE_LOOP('',(#3006,#3007,#3015,#3023));
#3006 = ORIENTED_EDGE('',*,*,#773,.T.);
#3007 = ORIENTED_EDGE('',*,*,#3008,.T.);
#3008 = EDGE_CURVE('',#776,#3009,#3011,.T.);
#3009 = VERTEX_POINT('',#3010);
#3010 = CARTESIAN_POINT('',(12.1,1.94,7.6));
#3011 = LINE('',#3012,#3013);
#3012 = CARTESIAN_POINT('',(12.5,2.34,8.));
#3013 = VECTOR('',#3014,1.);
#3014 = DIRECTION('',(-0.57735026919,-0.57735026919,-0.57735026919));
#3015 = ORIENTED_EDGE('',*,*,#3016,.T.);
#3016 = EDGE_CURVE('',#3009,#3017,#3019,.T.);
#3017 = VERTEX_POINT('',#3018);
#3018 = CARTESIAN_POINT('',(12.1,0.6,7.6));
#3019 = LINE('',#3020,#3021);
#3020 = CARTESIAN_POINT('',(12.1,0.97,7.6));
#3021 = VECTOR('',#3022,1.);
#3022 = DIRECTION('',(0.,-1.,1.2E-16));
#3023 = ORIENTED_EDGE('',*,*,#3024,.T.);
#3024 = EDGE_CURVE('',#3017,#774,#3025,.T.);
#3025 = LINE('',#3026,#3027);
#3026 = CARTESIAN_POINT('',(12.1,0.6,7.6));
#3027 = VECTOR('',#3028,1.);
#3028 = DIRECTION('',(0.57735026919,-0.57735026919,0.57735026919));
#3029 = PLANE('',#3030);
#3030 = AXIS2_PLACEMENT_3D('',#3031,#3032,#3033);
#3031 = CARTESIAN_POINT('',(12.3,0.97,7.8));
#3032 = DIRECTION('',(-0.707106781187,9.E-17,0.707106781187));
#3033 = DIRECTION('',(-0.707106781187,-9.E-17,-0.707106781187));
#3034 = ADVANCED_FACE('',(#3035),#3053,.T.);
#3035 = FACE_BOUND('',#3036,.T.);
#3036 = EDGE_LOOP('',(#3037,#3038,#3039,#3047));
#3037 = ORIENTED_EDGE('',*,*,#799,.T.);
#3038 = ORIENTED_EDGE('',*,*,#3024,.F.);
#3039 = ORIENTED_EDGE('',*,*,#3040,.T.);
#3040 = EDGE_CURVE('',#3017,#3041,#3043,.T.);
#3041 = VERTEX_POINT('',#3042);
#3042 = CARTESIAN_POINT('',(10.76,0.6,7.6));
#3043 = LINE('',#3044,#3045);
#3044 = CARTESIAN_POINT('',(6.05,0.6,7.6));
#3045 = VECTOR('',#3046,1.);
#3046 = DIRECTION('',(-1.,2.1E-16,0.));
#3047 = ORIENTED_EDGE('',*,*,#3048,.F.);
#3048 = EDGE_CURVE('',#792,#3041,#3049,.T.);
#3049 = LINE('',#3050,#3051);
#3050 = CARTESIAN_POINT('',(10.36,0.2,8.));
#3051 = VECTOR('',#3052,1.);
#3052 = DIRECTION('',(0.57735026919,0.57735026919,-0.57735026919));
#3053 = PLANE('',#3054);
#3054 = AXIS2_PLACEMENT_3D('',#3055,#3056,#3057);
#3055 = CARTESIAN_POINT('',(6.05,0.4,7.8));
#3056 = DIRECTION('',(1.5E-16,0.707106781187,0.707106781187));
#3057 = DIRECTION('',(-1.,3.606601717798E-17,1.76066017178E-16));
#3058 = ADVANCED_FACE('',(#3059),#3077,.T.);
#3059 = FACE_BOUND('',#3060,.T.);
#3060 = EDGE_LOOP('',(#3061,#3062,#3070,#3076));
#3061 = ORIENTED_EDGE('',*,*,#783,.T.);
#3062 = ORIENTED_EDGE('',*,*,#3063,.T.);
#3063 = EDGE_CURVE('',#784,#3064,#3066,.T.);
#3064 = VERTEX_POINT('',#3065);
#3065 = CARTESIAN_POINT('',(10.76,1.94,7.6));
#3066 = LINE('',#3067,#3068);
#3067 = CARTESIAN_POINT('',(10.36,2.34,8.));
#3068 = VECTOR('',#3069,1.);
#3069 = DIRECTION('',(0.57735026919,-0.57735026919,-0.57735026919));
#3070 = ORIENTED_EDGE('',*,*,#3071,.T.);
#3071 = EDGE_CURVE('',#3064,#3009,#3072,.T.);
#3072 = LINE('',#3073,#3074);
#3073 = CARTESIAN_POINT('',(5.38,1.94,7.6));
#3074 = VECTOR('',#3075,1.);
#3075 = DIRECTION('',(1.,-2.1E-16,0.));
#3076 = ORIENTED_EDGE('',*,*,#3008,.F.);
#3077 = PLANE('',#3078);
#3078 = AXIS2_PLACEMENT_3D('',#3079,#3080,#3081);
#3079 = CARTESIAN_POINT('',(5.38,2.14,7.8));
#3080 = DIRECTION('',(-1.5E-16,-0.707106781187,0.707106781187));
#3081 = DIRECTION('',(-1.,3.606601717798E-17,-1.76066017178E-16));
#3082 = ADVANCED_FACE('',(#3083),#3094,.T.);
#3083 = FACE_BOUND('',#3084,.T.);
#3084 = EDGE_LOOP('',(#3085,#3091,#3092,#3093));
#3085 = ORIENTED_EDGE('',*,*,#3086,.T.);
#3086 = EDGE_CURVE('',#3041,#3064,#3087,.T.);
#3087 = LINE('',#3088,#3089);
#3088 = CARTESIAN_POINT('',(10.76,0.3,7.6));
#3089 = VECTOR('',#3090,1.);
#3090 = DIRECTION('',(0.,1.,-1.2E-16));
#3091 = ORIENTED_EDGE('',*,*,#3063,.F.);
#3092 = ORIENTED_EDGE('',*,*,#791,.T.);
#3093 = ORIENTED_EDGE('',*,*,#3048,.T.);
#3094 = PLANE('',#3095);
#3095 = AXIS2_PLACEMENT_3D('',#3096,#3097,#3098);
#3096 = CARTESIAN_POINT('',(10.56,0.3,7.8));
#3097 = DIRECTION('',(0.707106781187,9.E-17,0.707106781187));
#3098 = DIRECTION('',(-0.707106781187,9.E-17,0.707106781187));
#3099 = ADVANCED_FACE('',(#3100),#3125,.T.);
#3100 = FACE_BOUND('',#3101,.T.);
#3101 = EDGE_LOOP('',(#3102,#3103,#3111,#3119));
#3102 = ORIENTED_EDGE('',*,*,#807,.T.);
#3103 = ORIENTED_EDGE('',*,*,#3104,.T.);
#3104 = EDGE_CURVE('',#810,#3105,#3107,.T.);
#3105 = VERTEX_POINT('',#3106);
#3106 = CARTESIAN_POINT('',(14.64,1.94,7.6));
#3107 = LINE('',#3108,#3109);
#3108 = CARTESIAN_POINT('',(15.04,2.34,8.));
#3109 = VECTOR('',#3110,1.);
#3110 = DIRECTION('',(-0.57735026919,-0.57735026919,-0.57735026919));
#3111 = ORIENTED_EDGE('',*,*,#3112,.T.);
#3112 = EDGE_CURVE('',#3105,#3113,#3115,.T.);
#3113 = VERTEX_POINT('',#3114);
#3114 = CARTESIAN_POINT('',(14.64,0.6,7.6));
#3115 = LINE('',#3116,#3117);
#3116 = CARTESIAN_POINT('',(14.64,0.97,7.6));
#3117 = VECTOR('',#3118,1.);
#3118 = DIRECTION('',(0.,-1.,1.2E-16));
#3119 = ORIENTED_EDGE('',*,*,#3120,.T.);
#3120 = EDGE_CURVE('',#3113,#808,#3121,.T.);
#3121 = LINE('',#3122,#3123);
#3122 = CARTESIAN_POINT('',(14.64,0.6,7.6));
#3123 = VECTOR('',#3124,1.);
#3124 = DIRECTION('',(0.57735026919,-0.57735026919,0.57735026919));
#3125 = PLANE('',#3126);
#3126 = AXIS2_PLACEMENT_3D('',#3127,#3128,#3129);
#3127 = CARTESIAN_POINT('',(14.84,0.97,7.8));
#3128 = DIRECTION('',(-0.707106781187,9.E-17,0.707106781187));
#3129 = DIRECTION('',(-0.707106781187,-9.E-17,-0.707106781187));
#3130 = ADVANCED_FACE('',(#3131),#3149,.T.);
#3131 = FACE_BOUND('',#3132,.T.);
#3132 = EDGE_LOOP('',(#3133,#3134,#3135,#3143));
#3133 = ORIENTED_EDGE('',*,*,#833,.T.);
#3134 = ORIENTED_EDGE('',*,*,#3120,.F.);
#3135 = ORIENTED_EDGE('',*,*,#3136,.T.);
#3136 = EDGE_CURVE('',#3113,#3137,#3139,.T.);
#3137 = VERTEX_POINT('',#3138);
#3138 = CARTESIAN_POINT('',(13.3,0.6,7.6));
#3139 = LINE('',#3140,#3141);
#3140 = CARTESIAN_POINT('',(7.32,0.6,7.6));
#3141 = VECTOR('',#3142,1.);
#3142 = DIRECTION('',(-1.,2.1E-16,0.));
#3143 = ORIENTED_EDGE('',*,*,#3144,.F.);
#3144 = EDGE_CURVE('',#826,#3137,#3145,.T.);
#3145 = LINE('',#3146,#3147);
#3146 = CARTESIAN_POINT('',(12.9,0.2,8.));
#3147 = VECTOR('',#3148,1.);
#3148 = DIRECTION('',(0.57735026919,0.57735026919,-0.57735026919));
#3149 = PLANE('',#3150);
#3150 = AXIS2_PLACEMENT_3D('',#3151,#3152,#3153);
#3151 = CARTESIAN_POINT('',(7.32,0.4,7.8));
#3152 = DIRECTION('',(1.5E-16,0.707106781187,0.707106781187));
#3153 = DIRECTION('',(-1.,3.606601717798E-17,1.76066017178E-16));
#3154 = ADVANCED_FACE('',(#3155),#3173,.T.);
#3155 = FACE_BOUND('',#3156,.T.);
#3156 = EDGE_LOOP('',(#3157,#3158,#3166,#3172));
#3157 = ORIENTED_EDGE('',*,*,#817,.T.);
#3158 = ORIENTED_EDGE('',*,*,#3159,.T.);
#3159 = EDGE_CURVE('',#818,#3160,#3162,.T.);
#3160 = VERTEX_POINT('',#3161);
#3161 = CARTESIAN_POINT('',(13.3,1.94,7.6));
#3162 = LINE('',#3163,#3164);
#3163 = CARTESIAN_POINT('',(12.9,2.34,8.));
#3164 = VECTOR('',#3165,1.);
#3165 = DIRECTION('',(0.57735026919,-0.57735026919,-0.57735026919));
#3166 = ORIENTED_EDGE('',*,*,#3167,.T.);
#3167 = EDGE_CURVE('',#3160,#3105,#3168,.T.);
#3168 = LINE('',#3169,#3170);
#3169 = CARTESIAN_POINT('',(6.65,1.94,7.6));
#3170 = VECTOR('',#3171,1.);
#3171 = DIRECTION('',(1.,-2.1E-16,0.));
#3172 = ORIENTED_EDGE('',*,*,#3104,.F.);
#3173 = PLANE('',#3174);
#3174 = AXIS2_PLACEMENT_3D('',#3175,#3176,#3177);
#3175 = CARTESIAN_POINT('',(6.65,2.14,7.8));
#3176 = DIRECTION('',(-1.5E-16,-0.707106781187,0.707106781187));
#3177 = DIRECTION('',(-1.,3.606601717798E-17,-1.76066017178E-16));
#3178 = ADVANCED_FACE('',(#3179),#3190,.T.);
#3179 = FACE_BOUND('',#3180,.T.);
#3180 = EDGE_LOOP('',(#3181,#3187,#3188,#3189));
#3181 = ORIENTED_EDGE('',*,*,#3182,.T.);
#3182 = EDGE_CURVE('',#3137,#3160,#3183,.T.);
#3183 = LINE('',#3184,#3185);
#3184 = CARTESIAN_POINT('',(13.3,0.3,7.6));
#3185 = VECTOR('',#3186,1.);
#3186 = DIRECTION('',(0.,1.,-1.2E-16));
#3187 = ORIENTED_EDGE('',*,*,#3159,.F.);
#3188 = ORIENTED_EDGE('',*,*,#825,.T.);
#3189 = ORIENTED_EDGE('',*,*,#3144,.T.);
#3190 = PLANE('',#3191);
#3191 = AXIS2_PLACEMENT_3D('',#3192,#3193,#3194);
#3192 = CARTESIAN_POINT('',(13.1,0.3,7.8));
#3193 = DIRECTION('',(0.707106781187,9.E-17,0.707106781187));
#3194 = DIRECTION('',(-0.707106781187,9.E-17,0.707106781187));
#3195 = ADVANCED_FACE('',(#3196),#3221,.T.);
#3196 = FACE_BOUND('',#3197,.T.);
#3197 = EDGE_LOOP('',(#3198,#3199,#3207,#3215));
#3198 = ORIENTED_EDGE('',*,*,#841,.T.);
#3199 = ORIENTED_EDGE('',*,*,#3200,.T.);
#3200 = EDGE_CURVE('',#844,#3201,#3203,.T.);
#3201 = VERTEX_POINT('',#3202);
#3202 = CARTESIAN_POINT('',(17.18,1.94,7.6));
#3203 = LINE('',#3204,#3205);
#3204 = CARTESIAN_POINT('',(17.58,2.34,8.));
#3205 = VECTOR('',#3206,1.);
#3206 = DIRECTION('',(-0.57735026919,-0.57735026919,-0.57735026919));
#3207 = ORIENTED_EDGE('',*,*,#3208,.T.);
#3208 = EDGE_CURVE('',#3201,#3209,#3211,.T.);
#3209 = VERTEX_POINT('',#3210);
#3210 = CARTESIAN_POINT('',(17.18,0.6,7.6));
#3211 = LINE('',#3212,#3213);
#3212 = CARTESIAN_POINT('',(17.18,0.97,7.6));
#3213 = VECTOR('',#3214,1.);
#3214 = DIRECTION('',(0.,-1.,1.2E-16));
#3215 = ORIENTED_EDGE('',*,*,#3216,.T.);
#3216 = EDGE_CURVE('',#3209,#842,#3217,.T.);
#3217 = LINE('',#3218,#3219);
#3218 = CARTESIAN_POINT('',(17.18,0.6,7.6));
#3219 = VECTOR('',#3220,1.);
#3220 = DIRECTION('',(0.57735026919,-0.57735026919,0.57735026919));
#3221 = PLANE('',#3222);
#3222 = AXIS2_PLACEMENT_3D('',#3223,#3224,#3225);
#3223 = CARTESIAN_POINT('',(17.38,0.97,7.8));
#3224 = DIRECTION('',(-0.707106781187,9.E-17,0.707106781187));
#3225 = DIRECTION('',(-0.707106781187,-9.E-17,-0.707106781187));
#3226 = ADVANCED_FACE('',(#3227),#3245,.T.);
#3227 = FACE_BOUND('',#3228,.T.);
#3228 = EDGE_LOOP('',(#3229,#3230,#3231,#3239));
#3229 = ORIENTED_EDGE('',*,*,#867,.T.);
#3230 = ORIENTED_EDGE('',*,*,#3216,.F.);
#3231 = ORIENTED_EDGE('',*,*,#3232,.T.);
#3232 = EDGE_CURVE('',#3209,#3233,#3235,.T.);
#3233 = VERTEX_POINT('',#3234);
#3234 = CARTESIAN_POINT('',(15.84,0.6,7.6));
#3235 = LINE('',#3236,#3237);
#3236 = CARTESIAN_POINT('',(8.59,0.6,7.6));
#3237 = VECTOR('',#3238,1.);
#3238 = DIRECTION('',(-1.,2.1E-16,0.));
#3239 = ORIENTED_EDGE('',*,*,#3240,.F.);
#3240 = EDGE_CURVE('',#860,#3233,#3241,.T.);
#3241 = LINE('',#3242,#3243);
#3242 = CARTESIAN_POINT('',(15.44,0.2,8.));
#3243 = VECTOR('',#3244,1.);
#3244 = DIRECTION('',(0.57735026919,0.57735026919,-0.57735026919));
#3245 = PLANE('',#3246);
#3246 = AXIS2_PLACEMENT_3D('',#3247,#3248,#3249);
#3247 = CARTESIAN_POINT('',(8.59,0.4,7.8));
#3248 = DIRECTION('',(1.5E-16,0.707106781187,0.707106781187));
#3249 = DIRECTION('',(-1.,3.606601717798E-17,1.76066017178E-16));
#3250 = ADVANCED_FACE('',(#3251),#3269,.T.);
#3251 = FACE_BOUND('',#3252,.T.);
#3252 = EDGE_LOOP('',(#3253,#3254,#3262,#3268));
#3253 = ORIENTED_EDGE('',*,*,#851,.T.);
#3254 = ORIENTED_EDGE('',*,*,#3255,.T.);
#3255 = EDGE_CURVE('',#852,#3256,#3258,.T.);
#3256 = VERTEX_POINT('',#3257);
#3257 = CARTESIAN_POINT('',(15.84,1.94,7.6));
#3258 = LINE('',#3259,#3260);
#3259 = CARTESIAN_POINT('',(15.44,2.34,8.));
#3260 = VECTOR('',#3261,1.);
#3261 = DIRECTION('',(0.57735026919,-0.57735026919,-0.57735026919));
#3262 = ORIENTED_EDGE('',*,*,#3263,.T.);
#3263 = EDGE_CURVE('',#3256,#3201,#3264,.T.);
#3264 = LINE('',#3265,#3266);
#3265 = CARTESIAN_POINT('',(7.92,1.94,7.6));
#3266 = VECTOR('',#3267,1.);
#3267 = DIRECTION('',(1.,-2.1E-16,0.));
#3268 = ORIENTED_EDGE('',*,*,#3200,.F.);
#3269 = PLANE('',#3270);
#3270 = AXIS2_PLACEMENT_3D('',#3271,#3272,#3273);
#3271 = CARTESIAN_POINT('',(7.92,2.14,7.8));
#3272 = DIRECTION('',(-1.5E-16,-0.707106781187,0.707106781187));
#3273 = DIRECTION('',(-1.,3.606601717798E-17,-1.76066017178E-16));
#3274 = ADVANCED_FACE('',(#3275),#3286,.T.);
#3275 = FACE_BOUND('',#3276,.T.);
#3276 = EDGE_LOOP('',(#3277,#3283,#3284,#3285));
#3277 = ORIENTED_EDGE('',*,*,#3278,.T.);
#3278 = EDGE_CURVE('',#3233,#3256,#3279,.T.);
#3279 = LINE('',#3280,#3281);
#3280 = CARTESIAN_POINT('',(15.84,0.3,7.6));
#3281 = VECTOR('',#3282,1.);
#3282 = DIRECTION('',(0.,1.,-1.2E-16));
#3283 = ORIENTED_EDGE('',*,*,#3255,.F.);
#3284 = ORIENTED_EDGE('',*,*,#859,.T.);
#3285 = ORIENTED_EDGE('',*,*,#3240,.T.);
#3286 = PLANE('',#3287);
#3287 = AXIS2_PLACEMENT_3D('',#3288,#3289,#3290);
#3288 = CARTESIAN_POINT('',(15.64,0.3,7.8));
#3289 = DIRECTION('',(0.707106781187,9.E-17,0.707106781187));
#3290 = DIRECTION('',(-0.707106781187,9.E-17,0.707106781187));
#3291 = ADVANCED_FACE('',(#3292),#3317,.T.);
#3292 = FACE_BOUND('',#3293,.T.);
#3293 = EDGE_LOOP('',(#3294,#3295,#3303,#3311));
#3294 = ORIENTED_EDGE('',*,*,#875,.T.);
#3295 = ORIENTED_EDGE('',*,*,#3296,.T.);
#3296 = EDGE_CURVE('',#878,#3297,#3299,.T.);
#3297 = VERTEX_POINT('',#3298);
#3298 = CARTESIAN_POINT('',(19.72,1.94,7.6));
#3299 = LINE('',#3300,#3301);
#3300 = CARTESIAN_POINT('',(20.12,2.34,8.));
#3301 = VECTOR('',#3302,1.);
#3302 = DIRECTION('',(-0.57735026919,-0.57735026919,-0.57735026919));
#3303 = ORIENTED_EDGE('',*,*,#3304,.T.);
#3304 = EDGE_CURVE('',#3297,#3305,#3307,.T.);
#3305 = VERTEX_POINT('',#3306);
#3306 = CARTESIAN_POINT('',(19.72,0.6,7.6));
#3307 = LINE('',#3308,#3309);
#3308 = CARTESIAN_POINT('',(19.72,0.97,7.6));
#3309 = VECTOR('',#3310,1.);
#3310 = DIRECTION('',(0.,-1.,1.2E-16));
#3311 = ORIENTED_EDGE('',*,*,#3312,.T.);
#3312 = EDGE_CURVE('',#3305,#876,#3313,.T.);
#3313 = LINE('',#3314,#3315);
#3314 = CARTESIAN_POINT('',(19.72,0.6,7.6));
#3315 = VECTOR('',#3316,1.);
#3316 = DIRECTION('',(0.57735026919,-0.57735026919,0.57735026919));
#3317 = PLANE('',#3318);
#3318 = AXIS2_PLACEMENT_3D('',#3319,#3320,#3321);
#3319 = CARTESIAN_POINT('',(19.92,0.97,7.8));
#3320 = DIRECTION('',(-0.707106781187,9.E-17,0.707106781187));
#3321 = DIRECTION('',(-0.707106781187,-9.E-17,-0.707106781187));
#3322 = ADVANCED_FACE('',(#3323),#3341,.T.);
#3323 = FACE_BOUND('',#3324,.T.);
#3324 = EDGE_LOOP('',(#3325,#3326,#3327,#3335));
#3325 = ORIENTED_EDGE('',*,*,#901,.T.);
#3326 = ORIENTED_EDGE('',*,*,#3312,.F.);
#3327 = ORIENTED_EDGE('',*,*,#3328,.T.);
#3328 = EDGE_CURVE('',#3305,#3329,#3331,.T.);
#3329 = VERTEX_POINT('',#3330);
#3330 = CARTESIAN_POINT('',(18.38,0.6,7.6));
#3331 = LINE('',#3332,#3333);
#3332 = CARTESIAN_POINT('',(9.86,0.6,7.6));
#3333 = VECTOR('',#3334,1.);
#3334 = DIRECTION('',(-1.,2.1E-16,0.));
#3335 = ORIENTED_EDGE('',*,*,#3336,.F.);
#3336 = EDGE_CURVE('',#894,#3329,#3337,.T.);
#3337 = LINE('',#3338,#3339);
#3338 = CARTESIAN_POINT('',(17.98,0.2,8.));
#3339 = VECTOR('',#3340,1.);
#3340 = DIRECTION('',(0.57735026919,0.57735026919,-0.57735026919));
#3341 = PLANE('',#3342);
#3342 = AXIS2_PLACEMENT_3D('',#3343,#3344,#3345);
#3343 = CARTESIAN_POINT('',(9.86,0.4,7.8));
#3344 = DIRECTION('',(1.5E-16,0.707106781187,0.707106781187));
#3345 = DIRECTION('',(-1.,3.606601717798E-17,1.76066017178E-16));
#3346 = ADVANCED_FACE('',(#3347),#3365,.T.);
#3347 = FACE_BOUND('',#3348,.T.);
#3348 = EDGE_LOOP('',(#3349,#3350,#3358,#3364));
#3349 = ORIENTED_EDGE('',*,*,#885,.T.);
#3350 = ORIENTED_EDGE('',*,*,#3351,.T.);
#3351 = EDGE_CURVE('',#886,#3352,#3354,.T.);
#3352 = VERTEX_POINT('',#3353);
#3353 = CARTESIAN_POINT('',(18.38,1.94,7.6));
#3354 = LINE('',#3355,#3356);
#3355 = CARTESIAN_POINT('',(17.98,2.34,8.));
#3356 = VECTOR('',#3357,1.);
#3357 = DIRECTION('',(0.57735026919,-0.57735026919,-0.57735026919));
#3358 = ORIENTED_EDGE('',*,*,#3359,.T.);
#3359 = EDGE_CURVE('',#3352,#3297,#3360,.T.);
#3360 = LINE('',#3361,#3362);
#3361 = CARTESIAN_POINT('',(9.19,1.94,7.6));
#3362 = VECTOR('',#3363,1.);
#3363 = DIRECTION('',(1.,-2.1E-16,0.));
#3364 = ORIENTED_EDGE('',*,*,#3296,.F.);
#3365 = PLANE('',#3366);
#3366 = AXIS2_PLACEMENT_3D('',#3367,#3368,#3369);
#3367 = CARTESIAN_POINT('',(9.19,2.14,7.8));
#3368 = DIRECTION('',(-1.5E-16,-0.707106781187,0.707106781187));
#3369 = DIRECTION('',(-1.,3.606601717798E-17,-1.76066017178E-16));
#3370 = ADVANCED_FACE('',(#3371),#3382,.T.);
#3371 = FACE_BOUND('',#3372,.T.);
#3372 = EDGE_LOOP('',(#3373,#3379,#3380,#3381));
#3373 = ORIENTED_EDGE('',*,*,#3374,.T.);
#3374 = EDGE_CURVE('',#3329,#3352,#3375,.T.);
#3375 = LINE('',#3376,#3377);
#3376 = CARTESIAN_POINT('',(18.38,0.3,7.6));
#3377 = VECTOR('',#3378,1.);
#3378 = DIRECTION('',(0.,1.,-1.2E-16));
#3379 = ORIENTED_EDGE('',*,*,#3351,.F.);
#3380 = ORIENTED_EDGE('',*,*,#893,.T.);
#3381 = ORIENTED_EDGE('',*,*,#3336,.T.);
#3382 = PLANE('',#3383);
#3383 = AXIS2_PLACEMENT_3D('',#3384,#3385,#3386);
#3384 = CARTESIAN_POINT('',(18.18,0.3,7.8));
#3385 = DIRECTION('',(0.707106781187,9.E-17,0.707106781187));
#3386 = DIRECTION('',(-0.707106781187,9.E-17,0.707106781187));
#3387 = ADVANCED_FACE('',(#3388),#3413,.T.);
#3388 = FACE_BOUND('',#3389,.T.);
#3389 = EDGE_LOOP('',(#3390,#3391,#3399,#3407));
#3390 = ORIENTED_EDGE('',*,*,#909,.T.);
#3391 = ORIENTED_EDGE('',*,*,#3392,.T.);
#3392 = EDGE_CURVE('',#912,#3393,#3395,.T.);
#3393 = VERTEX_POINT('',#3394);
#3394 = CARTESIAN_POINT('',(22.26,1.94,7.6));
#3395 = LINE('',#3396,#3397);
#3396 = CARTESIAN_POINT('',(22.66,2.34,8.));
#3397 = VECTOR('',#3398,1.);
#3398 = DIRECTION('',(-0.57735026919,-0.57735026919,-0.57735026919));
#3399 = ORIENTED_EDGE('',*,*,#3400,.T.);
#3400 = EDGE_CURVE('',#3393,#3401,#3403,.T.);
#3401 = VERTEX_POINT('',#3402);
#3402 = CARTESIAN_POINT('',(22.26,0.6,7.6));
#3403 = LINE('',#3404,#3405);
#3404 = CARTESIAN_POINT('',(22.26,0.97,7.6));
#3405 = VECTOR('',#3406,1.);
#3406 = DIRECTION('',(0.,-1.,1.2E-16));
#3407 = ORIENTED_EDGE('',*,*,#3408,.T.);
#3408 = EDGE_CURVE('',#3401,#910,#3409,.T.);
#3409 = LINE('',#3410,#3411);
#3410 = CARTESIAN_POINT('',(22.26,0.6,7.6));
#3411 = VECTOR('',#3412,1.);
#3412 = DIRECTION('',(0.57735026919,-0.57735026919,0.57735026919));
#3413 = PLANE('',#3414);
#3414 = AXIS2_PLACEMENT_3D('',#3415,#3416,#3417);
#3415 = CARTESIAN_POINT('',(22.46,0.97,7.8));
#3416 = DIRECTION('',(-0.707106781187,9.E-17,0.707106781187));
#3417 = DIRECTION('',(-0.707106781187,-9.E-17,-0.707106781187));
#3418 = ADVANCED_FACE('',(#3419),#3437,.T.);
#3419 = FACE_BOUND('',#3420,.T.);
#3420 = EDGE_LOOP('',(#3421,#3422,#3423,#3431));
#3421 = ORIENTED_EDGE('',*,*,#935,.T.);
#3422 = ORIENTED_EDGE('',*,*,#3408,.F.);
#3423 = ORIENTED_EDGE('',*,*,#3424,.T.);
#3424 = EDGE_CURVE('',#3401,#3425,#3427,.T.);
#3425 = VERTEX_POINT('',#3426);
#3426 = CARTESIAN_POINT('',(20.92,0.6,7.6));
#3427 = LINE('',#3428,#3429);
#3428 = CARTESIAN_POINT('',(11.13,0.6,7.6));
#3429 = VECTOR('',#3430,1.);
#3430 = DIRECTION('',(-1.,2.1E-16,0.));
#3431 = ORIENTED_EDGE('',*,*,#3432,.F.);
#3432 = EDGE_CURVE('',#928,#3425,#3433,.T.);
#3433 = LINE('',#3434,#3435);
#3434 = CARTESIAN_POINT('',(20.52,0.2,8.));
#3435 = VECTOR('',#3436,1.);
#3436 = DIRECTION('',(0.57735026919,0.57735026919,-0.57735026919));
#3437 = PLANE('',#3438);
#3438 = AXIS2_PLACEMENT_3D('',#3439,#3440,#3441);
#3439 = CARTESIAN_POINT('',(11.13,0.4,7.8));
#3440 = DIRECTION('',(1.5E-16,0.707106781187,0.707106781187));
#3441 = DIRECTION('',(-1.,3.606601717798E-17,1.76066017178E-16));
#3442 = ADVANCED_FACE('',(#3443),#3461,.T.);
#3443 = FACE_BOUND('',#3444,.T.);
#3444 = EDGE_LOOP('',(#3445,#3446,#3454,#3460));
#3445 = ORIENTED_EDGE('',*,*,#919,.T.);
#3446 = ORIENTED_EDGE('',*,*,#3447,.T.);
#3447 = EDGE_CURVE('',#920,#3448,#3450,.T.);
#3448 = VERTEX_POINT('',#3449);
#3449 = CARTESIAN_POINT('',(20.92,1.94,7.6));
#3450 = LINE('',#3451,#3452);
#3451 = CARTESIAN_POINT('',(20.52,2.34,8.));
#3452 = VECTOR('',#3453,1.);
#3453 = DIRECTION('',(0.57735026919,-0.57735026919,-0.57735026919));
#3454 = ORIENTED_EDGE('',*,*,#3455,.T.);
#3455 = EDGE_CURVE('',#3448,#3393,#3456,.T.);
#3456 = LINE('',#3457,#3458);
#3457 = CARTESIAN_POINT('',(10.46,1.94,7.6));
#3458 = VECTOR('',#3459,1.);
#3459 = DIRECTION('',(1.,-2.1E-16,0.));
#3460 = ORIENTED_EDGE('',*,*,#3392,.F.);
#3461 = PLANE('',#3462);
#3462 = AXIS2_PLACEMENT_3D('',#3463,#3464,#3465);
#3463 = CARTESIAN_POINT('',(10.46,2.14,7.8));
#3464 = DIRECTION('',(-1.5E-16,-0.707106781187,0.707106781187));
#3465 = DIRECTION('',(-1.,3.606601717798E-17,-1.76066017178E-16));
#3466 = ADVANCED_FACE('',(#3467),#3478,.T.);
#3467 = FACE_BOUND('',#3468,.T.);
#3468 = EDGE_LOOP('',(#3469,#3475,#3476,#3477));
#3469 = ORIENTED_EDGE('',*,*,#3470,.T.);
#3470 = EDGE_CURVE('',#3425,#3448,#3471,.T.);
#3471 = LINE('',#3472,#3473);
#3472 = CARTESIAN_POINT('',(20.92,0.3,7.6));
#3473 = VECTOR('',#3474,1.);
#3474 = DIRECTION('',(0.,1.,-1.2E-16));
#3475 = ORIENTED_EDGE('',*,*,#3447,.F.);
#3476 = ORIENTED_EDGE('',*,*,#927,.T.);
#3477 = ORIENTED_EDGE('',*,*,#3432,.T.);
#3478 = PLANE('',#3479);
#3479 = AXIS2_PLACEMENT_3D('',#3480,#3481,#3482);
#3480 = CARTESIAN_POINT('',(20.72,0.3,7.8));
#3481 = DIRECTION('',(0.707106781187,9.E-17,0.707106781187));
#3482 = DIRECTION('',(-0.707106781187,9.E-17,0.707106781187));
#3483 = ADVANCED_FACE('',(#3484),#3509,.T.);
#3484 = FACE_BOUND('',#3485,.T.);
#3485 = EDGE_LOOP('',(#3486,#3487,#3495,#3503));
#3486 = ORIENTED_EDGE('',*,*,#943,.T.);
#3487 = ORIENTED_EDGE('',*,*,#3488,.T.);
#3488 = EDGE_CURVE('',#946,#3489,#3491,.T.);
#3489 = VERTEX_POINT('',#3490);
#3490 = CARTESIAN_POINT('',(24.8,1.94,7.6));
#3491 = LINE('',#3492,#3493);
#3492 = CARTESIAN_POINT('',(25.2,2.34,8.));
#3493 = VECTOR('',#3494,1.);
#3494 = DIRECTION('',(-0.57735026919,-0.57735026919,-0.57735026919));
#3495 = ORIENTED_EDGE('',*,*,#3496,.T.);
#3496 = EDGE_CURVE('',#3489,#3497,#3499,.T.);
#3497 = VERTEX_POINT('',#3498);
#3498 = CARTESIAN_POINT('',(24.8,0.6,7.6));
#3499 = LINE('',#3500,#3501);
#3500 = CARTESIAN_POINT('',(24.8,0.97,7.6));
#3501 = VECTOR('',#3502,1.);
#3502 = DIRECTION('',(0.,-1.,1.2E-16));
#3503 = ORIENTED_EDGE('',*,*,#3504,.T.);
#3504 = EDGE_CURVE('',#3497,#944,#3505,.T.);
#3505 = LINE('',#3506,#3507);
#3506 = CARTESIAN_POINT('',(24.8,0.6,7.6));
#3507 = VECTOR('',#3508,1.);
#3508 = DIRECTION('',(0.57735026919,-0.57735026919,0.57735026919));
#3509 = PLANE('',#3510);
#3510 = AXIS2_PLACEMENT_3D('',#3511,#3512,#3513);
#3511 = CARTESIAN_POINT('',(25.,0.97,7.8));
#3512 = DIRECTION('',(-0.707106781187,9.E-17,0.707106781187));
#3513 = DIRECTION('',(-0.707106781187,-9.E-17,-0.707106781187));
#3514 = ADVANCED_FACE('',(#3515),#3533,.T.);
#3515 = FACE_BOUND('',#3516,.T.);
#3516 = EDGE_LOOP('',(#3517,#3518,#3519,#3527));
#3517 = ORIENTED_EDGE('',*,*,#969,.T.);
#3518 = ORIENTED_EDGE('',*,*,#3504,.F.);
#3519 = ORIENTED_EDGE('',*,*,#3520,.T.);
#3520 = EDGE_CURVE('',#3497,#3521,#3523,.T.);
#3521 = VERTEX_POINT('',#3522);
#3522 = CARTESIAN_POINT('',(23.46,0.6,7.6));
#3523 = LINE('',#3524,#3525);
#3524 = CARTESIAN_POINT('',(12.4,0.6,7.6));
#3525 = VECTOR('',#3526,1.);
#3526 = DIRECTION('',(-1.,2.1E-16,0.));
#3527 = ORIENTED_EDGE('',*,*,#3528,.F.);
#3528 = EDGE_CURVE('',#962,#3521,#3529,.T.);
#3529 = LINE('',#3530,#3531);
#3530 = CARTESIAN_POINT('',(23.06,0.2,8.));
#3531 = VECTOR('',#3532,1.);
#3532 = DIRECTION('',(0.57735026919,0.57735026919,-0.57735026919));
#3533 = PLANE('',#3534);
#3534 = AXIS2_PLACEMENT_3D('',#3535,#3536,#3537);
#3535 = CARTESIAN_POINT('',(12.4,0.4,7.8));
#3536 = DIRECTION('',(1.5E-16,0.707106781187,0.707106781187));
#3537 = DIRECTION('',(-1.,3.606601717798E-17,1.76066017178E-16));
#3538 = ADVANCED_FACE('',(#3539),#3557,.T.);
#3539 = FACE_BOUND('',#3540,.T.);
#3540 = EDGE_LOOP('',(#3541,#3542,#3550,#3556));
#3541 = ORIENTED_EDGE('',*,*,#953,.T.);
#3542 = ORIENTED_EDGE('',*,*,#3543,.T.);
#3543 = EDGE_CURVE('',#954,#3544,#3546,.T.);
#3544 = VERTEX_POINT('',#3545);
#3545 = CARTESIAN_POINT('',(23.46,1.94,7.6));
#3546 = LINE('',#3547,#3548);
#3547 = CARTESIAN_POINT('',(23.06,2.34,8.));
#3548 = VECTOR('',#3549,1.);
#3549 = DIRECTION('',(0.57735026919,-0.57735026919,-0.57735026919));
#3550 = ORIENTED_EDGE('',*,*,#3551,.T.);
#3551 = EDGE_CURVE('',#3544,#3489,#3552,.T.);
#3552 = LINE('',#3553,#3554);
#3553 = CARTESIAN_POINT('',(11.73,1.94,7.6));
#3554 = VECTOR('',#3555,1.);
#3555 = DIRECTION('',(1.,-2.1E-16,0.));
#3556 = ORIENTED_EDGE('',*,*,#3488,.F.);
#3557 = PLANE('',#3558);
#3558 = AXIS2_PLACEMENT_3D('',#3559,#3560,#3561);
#3559 = CARTESIAN_POINT('',(11.73,2.14,7.8));
#3560 = DIRECTION('',(-1.5E-16,-0.707106781187,0.707106781187));
#3561 = DIRECTION('',(-1.,3.606601717798E-17,-1.76066017178E-16));
#3562 = ADVANCED_FACE('',(#3563),#3574,.T.);
#3563 = FACE_BOUND('',#3564,.T.);
#3564 = EDGE_LOOP('',(#3565,#3571,#3572,#3573));
#3565 = ORIENTED_EDGE('',*,*,#3566,.T.);
#3566 = EDGE_CURVE('',#3521,#3544,#3567,.T.);
#3567 = LINE('',#3568,#3569);
#3568 = CARTESIAN_POINT('',(23.46,0.3,7.6));
#3569 = VECTOR('',#3570,1.);
#3570 = DIRECTION('',(0.,1.,-1.2E-16));
#3571 = ORIENTED_EDGE('',*,*,#3543,.F.);
#3572 = ORIENTED_EDGE('',*,*,#961,.T.);
#3573 = ORIENTED_EDGE('',*,*,#3528,.T.);
#3574 = PLANE('',#3575);
#3575 = AXIS2_PLACEMENT_3D('',#3576,#3577,#3578);
#3576 = CARTESIAN_POINT('',(23.26,0.3,7.8));
#3577 = DIRECTION('',(0.707106781187,9.E-17,0.707106781187));
#3578 = DIRECTION('',(-0.707106781187,9.E-17,0.707106781187));
#3579 = ADVANCED_FACE('',(#3580),#3605,.T.);
#3580 = FACE_BOUND('',#3581,.T.);
#3581 = EDGE_LOOP('',(#3582,#3583,#3591,#3599));
#3582 = ORIENTED_EDGE('',*,*,#977,.T.);
#3583 = ORIENTED_EDGE('',*,*,#3584,.T.);
#3584 = EDGE_CURVE('',#980,#3585,#3587,.T.);
#3585 = VERTEX_POINT('',#3586);
#3586 = CARTESIAN_POINT('',(-13.3,-0.6,7.6));
#3587 = LINE('',#3588,#3589);
#3588 = CARTESIAN_POINT('',(-12.9,-0.2,8.));
#3589 = VECTOR('',#3590,1.);
#3590 = DIRECTION('',(-0.57735026919,-0.57735026919,-0.57735026919));
#3591 = ORIENTED_EDGE('',*,*,#3592,.T.);
#3592 = EDGE_CURVE('',#3585,#3593,#3595,.T.);
#3593 = VERTEX_POINT('',#3594);
#3594 = CARTESIAN_POINT('',(-13.3,-1.94,7.6));
#3595 = LINE('',#3596,#3597);
#3596 = CARTESIAN_POINT('',(-13.3,-0.3,7.6));
#3597 = VECTOR('',#3598,1.);
#3598 = DIRECTION('',(0.,-1.,1.2E-16));
#3599 = ORIENTED_EDGE('',*,*,#3600,.T.);
#3600 = EDGE_CURVE('',#3593,#978,#3601,.T.);
#3601 = LINE('',#3602,#3603);
#3602 = CARTESIAN_POINT('',(-13.3,-1.94,7.6));
#3603 = VECTOR('',#3604,1.);
#3604 = DIRECTION('',(0.57735026919,-0.57735026919,0.57735026919));
#3605 = PLANE('',#3606);
#3606 = AXIS2_PLACEMENT_3D('',#3607,#3608,#3609);
#3607 = CARTESIAN_POINT('',(-13.1,-0.3,7.8));
#3608 = DIRECTION('',(-0.707106781187,9.E-17,0.707106781187));
#3609 = DIRECTION('',(-0.707106781187,-9.E-17,-0.707106781187));
#3610 = ADVANCED_FACE('',(#3611),#3629,.T.);
#3611 = FACE_BOUND('',#3612,.T.);
#3612 = EDGE_LOOP('',(#3613,#3614,#3615,#3623));
#3613 = ORIENTED_EDGE('',*,*,#1003,.T.);
#3614 = ORIENTED_EDGE('',*,*,#3600,.F.);
#3615 = ORIENTED_EDGE('',*,*,#3616,.T.);
#3616 = EDGE_CURVE('',#3593,#3617,#3619,.T.);
#3617 = VERTEX_POINT('',#3618);
#3618 = CARTESIAN_POINT('',(-14.64,-1.94,7.6));
#3619 = LINE('',#3620,#3621);
#3620 = CARTESIAN_POINT('',(-6.65,-1.94,7.6));
#3621 = VECTOR('',#3622,1.);
#3622 = DIRECTION('',(-1.,2.1E-16,0.));
#3623 = ORIENTED_EDGE('',*,*,#3624,.F.);
#3624 = EDGE_CURVE('',#996,#3617,#3625,.T.);
#3625 = LINE('',#3626,#3627);
#3626 = CARTESIAN_POINT('',(-15.04,-2.34,8.));
#3627 = VECTOR('',#3628,1.);
#3628 = DIRECTION('',(0.57735026919,0.57735026919,-0.57735026919));
#3629 = PLANE('',#3630);
#3630 = AXIS2_PLACEMENT_3D('',#3631,#3632,#3633);
#3631 = CARTESIAN_POINT('',(-6.65,-2.14,7.8));
#3632 = DIRECTION('',(1.5E-16,0.707106781187,0.707106781187));
#3633 = DIRECTION('',(-1.,3.606601717798E-17,1.76066017178E-16));
#3634 = ADVANCED_FACE('',(#3635),#3653,.T.);
#3635 = FACE_BOUND('',#3636,.T.);
#3636 = EDGE_LOOP('',(#3637,#3638,#3646,#3652));
#3637 = ORIENTED_EDGE('',*,*,#987,.T.);
#3638 = ORIENTED_EDGE('',*,*,#3639,.T.);
#3639 = EDGE_CURVE('',#988,#3640,#3642,.T.);
#3640 = VERTEX_POINT('',#3641);
#3641 = CARTESIAN_POINT('',(-14.64,-0.6,7.6));
#3642 = LINE('',#3643,#3644);
#3643 = CARTESIAN_POINT('',(-15.04,-0.2,8.));
#3644 = VECTOR('',#3645,1.);
#3645 = DIRECTION('',(0.57735026919,-0.57735026919,-0.57735026919));
#3646 = ORIENTED_EDGE('',*,*,#3647,.T.);
#3647 = EDGE_CURVE('',#3640,#3585,#3648,.T.);
#3648 = LINE('',#3649,#3650);
#3649 = CARTESIAN_POINT('',(-7.32,-0.6,7.6));
#3650 = VECTOR('',#3651,1.);
#3651 = DIRECTION('',(1.,-2.1E-16,0.));
#3652 = ORIENTED_EDGE('',*,*,#3584,.F.);
#3653 = PLANE('',#3654);
#3654 = AXIS2_PLACEMENT_3D('',#3655,#3656,#3657);
#3655 = CARTESIAN_POINT('',(-7.32,-0.4,7.8));
#3656 = DIRECTION('',(-1.5E-16,-0.707106781187,0.707106781187));
#3657 = DIRECTION('',(-1.,3.606601717798E-17,-1.76066017178E-16));
#3658 = ADVANCED_FACE('',(#3659),#3670,.T.);
#3659 = FACE_BOUND('',#3660,.T.);
#3660 = EDGE_LOOP('',(#3661,#3667,#3668,#3669));
#3661 = ORIENTED_EDGE('',*,*,#3662,.T.);
#3662 = EDGE_CURVE('',#3617,#3640,#3663,.T.);
#3663 = LINE('',#3664,#3665);
#3664 = CARTESIAN_POINT('',(-14.64,-0.97,7.6));
#3665 = VECTOR('',#3666,1.);
#3666 = DIRECTION('',(0.,1.,-1.2E-16));
#3667 = ORIENTED_EDGE('',*,*,#3639,.F.);
#3668 = ORIENTED_EDGE('',*,*,#995,.T.);
#3669 = ORIENTED_EDGE('',*,*,#3624,.T.);
#3670 = PLANE('',#3671);
#3671 = AXIS2_PLACEMENT_3D('',#3672,#3673,#3674);
#3672 = CARTESIAN_POINT('',(-14.84,-0.97,7.8));
#3673 = DIRECTION('',(0.707106781187,9.E-17,0.707106781187));
#3674 = DIRECTION('',(-0.707106781187,9.E-17,0.707106781187));
#3675 = ADVANCED_FACE('',(#3676),#3701,.T.);
#3676 = FACE_BOUND('',#3677,.T.);
#3677 = EDGE_LOOP('',(#3678,#3679,#3687,#3695));
#3678 = ORIENTED_EDGE('',*,*,#1011,.T.);
#3679 = ORIENTED_EDGE('',*,*,#3680,.T.);
#3680 = EDGE_CURVE('',#1014,#3681,#3683,.T.);
#3681 = VERTEX_POINT('',#3682);
#3682 = CARTESIAN_POINT('',(-10.76,-0.6,7.6));
#3683 = LINE('',#3684,#3685);
#3684 = CARTESIAN_POINT('',(-10.36,-0.2,8.));
#3685 = VECTOR('',#3686,1.);
#3686 = DIRECTION('',(-0.57735026919,-0.57735026919,-0.57735026919));
#3687 = ORIENTED_EDGE('',*,*,#3688,.T.);
#3688 = EDGE_CURVE('',#3681,#3689,#3691,.T.);
#3689 = VERTEX_POINT('',#3690);
#3690 = CARTESIAN_POINT('',(-10.76,-1.94,7.6));
#3691 = LINE('',#3692,#3693);
#3692 = CARTESIAN_POINT('',(-10.76,-0.3,7.6));
#3693 = VECTOR('',#3694,1.);
#3694 = DIRECTION('',(0.,-1.,1.2E-16));
#3695 = ORIENTED_EDGE('',*,*,#3696,.T.);
#3696 = EDGE_CURVE('',#3689,#1012,#3697,.T.);
#3697 = LINE('',#3698,#3699);
#3698 = CARTESIAN_POINT('',(-10.76,-1.94,7.6));
#3699 = VECTOR('',#3700,1.);
#3700 = DIRECTION('',(0.57735026919,-0.57735026919,0.57735026919));
#3701 = PLANE('',#3702);
#3702 = AXIS2_PLACEMENT_3D('',#3703,#3704,#3705);
#3703 = CARTESIAN_POINT('',(-10.56,-0.3,7.8));
#3704 = DIRECTION('',(-0.707106781187,9.E-17,0.707106781187));
#3705 = DIRECTION('',(-0.707106781187,-9.E-17,-0.707106781187));
#3706 = ADVANCED_FACE('',(#3707),#3725,.T.);
#3707 = FACE_BOUND('',#3708,.T.);
#3708 = EDGE_LOOP('',(#3709,#3710,#3711,#3719));
#3709 = ORIENTED_EDGE('',*,*,#1037,.T.);
#3710 = ORIENTED_EDGE('',*,*,#3696,.F.);
#3711 = ORIENTED_EDGE('',*,*,#3712,.T.);
#3712 = EDGE_CURVE('',#3689,#3713,#3715,.T.);
#3713 = VERTEX_POINT('',#3714);
#3714 = CARTESIAN_POINT('',(-12.1,-1.94,7.6));
#3715 = LINE('',#3716,#3717);
#3716 = CARTESIAN_POINT('',(-5.38,-1.94,7.6));
#3717 = VECTOR('',#3718,1.);
#3718 = DIRECTION('',(-1.,2.1E-16,0.));
#3719 = ORIENTED_EDGE('',*,*,#3720,.F.);
#3720 = EDGE_CURVE('',#1030,#3713,#3721,.T.);
#3721 = LINE('',#3722,#3723);
#3722 = CARTESIAN_POINT('',(-12.5,-2.34,8.));
#3723 = VECTOR('',#3724,1.);
#3724 = DIRECTION('',(0.57735026919,0.57735026919,-0.57735026919));
#3725 = PLANE('',#3726);
#3726 = AXIS2_PLACEMENT_3D('',#3727,#3728,#3729);
#3727 = CARTESIAN_POINT('',(-5.38,-2.14,7.8));
#3728 = DIRECTION('',(1.5E-16,0.707106781187,0.707106781187));
#3729 = DIRECTION('',(-1.,3.606601717798E-17,1.76066017178E-16));
#3730 = ADVANCED_FACE('',(#3731),#3749,.T.);
#3731 = FACE_BOUND('',#3732,.T.);
#3732 = EDGE_LOOP('',(#3733,#3734,#3742,#3748));
#3733 = ORIENTED_EDGE('',*,*,#1021,.T.);
#3734 = ORIENTED_EDGE('',*,*,#3735,.T.);
#3735 = EDGE_CURVE('',#1022,#3736,#3738,.T.);
#3736 = VERTEX_POINT('',#3737);
#3737 = CARTESIAN_POINT('',(-12.1,-0.6,7.6));
#3738 = LINE('',#3739,#3740);
#3739 = CARTESIAN_POINT('',(-12.5,-0.2,8.));
#3740 = VECTOR('',#3741,1.);
#3741 = DIRECTION('',(0.57735026919,-0.57735026919,-0.57735026919));
#3742 = ORIENTED_EDGE('',*,*,#3743,.T.);
#3743 = EDGE_CURVE('',#3736,#3681,#3744,.T.);
#3744 = LINE('',#3745,#3746);
#3745 = CARTESIAN_POINT('',(-6.05,-0.6,7.6));
#3746 = VECTOR('',#3747,1.);
#3747 = DIRECTION('',(1.,-2.1E-16,0.));
#3748 = ORIENTED_EDGE('',*,*,#3680,.F.);
#3749 = PLANE('',#3750);
#3750 = AXIS2_PLACEMENT_3D('',#3751,#3752,#3753);
#3751 = CARTESIAN_POINT('',(-6.05,-0.4,7.8));
#3752 = DIRECTION('',(-1.5E-16,-0.707106781187,0.707106781187));
#3753 = DIRECTION('',(-1.,3.606601717798E-17,-1.76066017178E-16));
#3754 = ADVANCED_FACE('',(#3755),#3766,.T.);
#3755 = FACE_BOUND('',#3756,.T.);
#3756 = EDGE_LOOP('',(#3757,#3763,#3764,#3765));
#3757 = ORIENTED_EDGE('',*,*,#3758,.T.);
#3758 = EDGE_CURVE('',#3713,#3736,#3759,.T.);
#3759 = LINE('',#3760,#3761);
#3760 = CARTESIAN_POINT('',(-12.1,-0.97,7.6));
#3761 = VECTOR('',#3762,1.);
#3762 = DIRECTION('',(0.,1.,-1.2E-16));
#3763 = ORIENTED_EDGE('',*,*,#3735,.F.);
#3764 = ORIENTED_EDGE('',*,*,#1029,.T.);
#3765 = ORIENTED_EDGE('',*,*,#3720,.T.);
#3766 = PLANE('',#3767);
#3767 = AXIS2_PLACEMENT_3D('',#3768,#3769,#3770);
#3768 = CARTESIAN_POINT('',(-12.3,-0.97,7.8));
#3769 = DIRECTION('',(0.707106781187,9.E-17,0.707106781187));
#3770 = DIRECTION('',(-0.707106781187,9.E-17,0.707106781187));
#3771 = ADVANCED_FACE('',(#3772),#3797,.T.);
#3772 = FACE_BOUND('',#3773,.T.);
#3773 = EDGE_LOOP('',(#3774,#3775,#3783,#3791));
#3774 = ORIENTED_EDGE('',*,*,#1045,.T.);
#3775 = ORIENTED_EDGE('',*,*,#3776,.T.);
#3776 = EDGE_CURVE('',#1048,#3777,#3779,.T.);
#3777 = VERTEX_POINT('',#3778);
#3778 = CARTESIAN_POINT('',(-8.22,-0.6,7.6));
#3779 = LINE('',#3780,#3781);
#3780 = CARTESIAN_POINT('',(-7.82,-0.2,8.));
#3781 = VECTOR('',#3782,1.);
#3782 = DIRECTION('',(-0.57735026919,-0.57735026919,-0.57735026919));
#3783 = ORIENTED_EDGE('',*,*,#3784,.T.);
#3784 = EDGE_CURVE('',#3777,#3785,#3787,.T.);
#3785 = VERTEX_POINT('',#3786);
#3786 = CARTESIAN_POINT('',(-8.22,-1.94,7.6));
#3787 = LINE('',#3788,#3789);
#3788 = CARTESIAN_POINT('',(-8.22,-0.3,7.6));
#3789 = VECTOR('',#3790,1.);
#3790 = DIRECTION('',(0.,-1.,1.2E-16));
#3791 = ORIENTED_EDGE('',*,*,#3792,.T.);
#3792 = EDGE_CURVE('',#3785,#1046,#3793,.T.);
#3793 = LINE('',#3794,#3795);
#3794 = CARTESIAN_POINT('',(-8.22,-1.94,7.6));
#3795 = VECTOR('',#3796,1.);
#3796 = DIRECTION('',(0.57735026919,-0.57735026919,0.57735026919));
#3797 = PLANE('',#3798);
#3798 = AXIS2_PLACEMENT_3D('',#3799,#3800,#3801);
#3799 = CARTESIAN_POINT('',(-8.02,-0.3,7.8));
#3800 = DIRECTION('',(-0.707106781187,9.E-17,0.707106781187));
#3801 = DIRECTION('',(-0.707106781187,-9.E-17,-0.707106781187));
#3802 = ADVANCED_FACE('',(#3803),#3821,.T.);
#3803 = FACE_BOUND('',#3804,.T.);
#3804 = EDGE_LOOP('',(#3805,#3806,#3807,#3815));
#3805 = ORIENTED_EDGE('',*,*,#1071,.T.);
#3806 = ORIENTED_EDGE('',*,*,#3792,.F.);
#3807 = ORIENTED_EDGE('',*,*,#3808,.T.);
#3808 = EDGE_CURVE('',#3785,#3809,#3811,.T.);
#3809 = VERTEX_POINT('',#3810);
#3810 = CARTESIAN_POINT('',(-9.56,-1.94,7.6));
#3811 = LINE('',#3812,#3813);
#3812 = CARTESIAN_POINT('',(-4.11,-1.94,7.6));
#3813 = VECTOR('',#3814,1.);
#3814 = DIRECTION('',(-1.,2.1E-16,0.));
#3815 = ORIENTED_EDGE('',*,*,#3816,.F.);
#3816 = EDGE_CURVE('',#1064,#3809,#3817,.T.);
#3817 = LINE('',#3818,#3819);
#3818 = CARTESIAN_POINT('',(-9.96,-2.34,8.));
#3819 = VECTOR('',#3820,1.);
#3820 = DIRECTION('',(0.57735026919,0.57735026919,-0.57735026919));
#3821 = PLANE('',#3822);
#3822 = AXIS2_PLACEMENT_3D('',#3823,#3824,#3825);
#3823 = CARTESIAN_POINT('',(-4.11,-2.14,7.8));
#3824 = DIRECTION('',(1.5E-16,0.707106781187,0.707106781187));
#3825 = DIRECTION('',(-1.,3.606601717798E-17,1.76066017178E-16));
#3826 = ADVANCED_FACE('',(#3827),#3845,.T.);
#3827 = FACE_BOUND('',#3828,.T.);
#3828 = EDGE_LOOP('',(#3829,#3830,#3838,#3844));
#3829 = ORIENTED_EDGE('',*,*,#1055,.T.);
#3830 = ORIENTED_EDGE('',*,*,#3831,.T.);
#3831 = EDGE_CURVE('',#1056,#3832,#3834,.T.);
#3832 = VERTEX_POINT('',#3833);
#3833 = CARTESIAN_POINT('',(-9.56,-0.6,7.6));
#3834 = LINE('',#3835,#3836);
#3835 = CARTESIAN_POINT('',(-9.96,-0.2,8.));
#3836 = VECTOR('',#3837,1.);
#3837 = DIRECTION('',(0.57735026919,-0.57735026919,-0.57735026919));
#3838 = ORIENTED_EDGE('',*,*,#3839,.T.);
#3839 = EDGE_CURVE('',#3832,#3777,#3840,.T.);
#3840 = LINE('',#3841,#3842);
#3841 = CARTESIAN_POINT('',(-4.78,-0.6,7.6));
#3842 = VECTOR('',#3843,1.);
#3843 = DIRECTION('',(1.,-2.1E-16,0.));
#3844 = ORIENTED_EDGE('',*,*,#3776,.F.);
#3845 = PLANE('',#3846);
#3846 = AXIS2_PLACEMENT_3D('',#3847,#3848,#3849);
#3847 = CARTESIAN_POINT('',(-4.78,-0.4,7.8));
#3848 = DIRECTION('',(-1.5E-16,-0.707106781187,0.707106781187));
#3849 = DIRECTION('',(-1.,3.606601717798E-17,-1.76066017178E-16));
#3850 = ADVANCED_FACE('',(#3851),#3862,.T.);
#3851 = FACE_BOUND('',#3852,.T.);
#3852 = EDGE_LOOP('',(#3853,#3859,#3860,#3861));
#3853 = ORIENTED_EDGE('',*,*,#3854,.T.);
#3854 = EDGE_CURVE('',#3809,#3832,#3855,.T.);
#3855 = LINE('',#3856,#3857);
#3856 = CARTESIAN_POINT('',(-9.56,-0.97,7.6));
#3857 = VECTOR('',#3858,1.);
#3858 = DIRECTION('',(0.,1.,-1.2E-16));
#3859 = ORIENTED_EDGE('',*,*,#3831,.F.);
#3860 = ORIENTED_EDGE('',*,*,#1063,.T.);
#3861 = ORIENTED_EDGE('',*,*,#3816,.T.);
#3862 = PLANE('',#3863);
#3863 = AXIS2_PLACEMENT_3D('',#3864,#3865,#3866);
#3864 = CARTESIAN_POINT('',(-9.76,-0.97,7.8));
#3865 = DIRECTION('',(0.707106781187,9.E-17,0.707106781187));
#3866 = DIRECTION('',(-0.707106781187,9.E-17,0.707106781187));
#3867 = ADVANCED_FACE('',(#3868),#3893,.T.);
#3868 = FACE_BOUND('',#3869,.T.);
#3869 = EDGE_LOOP('',(#3870,#3871,#3879,#3887));
#3870 = ORIENTED_EDGE('',*,*,#1079,.T.);
#3871 = ORIENTED_EDGE('',*,*,#3872,.T.);
#3872 = EDGE_CURVE('',#1082,#3873,#3875,.T.);
#3873 = VERTEX_POINT('',#3874);
#3874 = CARTESIAN_POINT('',(-5.68,-0.6,7.6));
#3875 = LINE('',#3876,#3877);
#3876 = CARTESIAN_POINT('',(-5.28,-0.2,8.));
#3877 = VECTOR('',#3878,1.);
#3878 = DIRECTION('',(-0.57735026919,-0.57735026919,-0.57735026919));
#3879 = ORIENTED_EDGE('',*,*,#3880,.T.);
#3880 = EDGE_CURVE('',#3873,#3881,#3883,.T.);
#3881 = VERTEX_POINT('',#3882);
#3882 = CARTESIAN_POINT('',(-5.68,-1.94,7.6));
#3883 = LINE('',#3884,#3885);
#3884 = CARTESIAN_POINT('',(-5.68,-0.3,7.6));
#3885 = VECTOR('',#3886,1.);
#3886 = DIRECTION('',(0.,-1.,1.2E-16));
#3887 = ORIENTED_EDGE('',*,*,#3888,.T.);
#3888 = EDGE_CURVE('',#3881,#1080,#3889,.T.);
#3889 = LINE('',#3890,#3891);
#3890 = CARTESIAN_POINT('',(-5.68,-1.94,7.6));
#3891 = VECTOR('',#3892,1.);
#3892 = DIRECTION('',(0.57735026919,-0.57735026919,0.57735026919));
#3893 = PLANE('',#3894);
#3894 = AXIS2_PLACEMENT_3D('',#3895,#3896,#3897);
#3895 = CARTESIAN_POINT('',(-5.48,-0.3,7.8));
#3896 = DIRECTION('',(-0.707106781187,9.E-17,0.707106781187));
#3897 = DIRECTION('',(-0.707106781187,-9.E-17,-0.707106781187));
#3898 = ADVANCED_FACE('',(#3899),#3917,.T.);
#3899 = FACE_BOUND('',#3900,.T.);
#3900 = EDGE_LOOP('',(#3901,#3902,#3903,#3911));
#3901 = ORIENTED_EDGE('',*,*,#1105,.T.);
#3902 = ORIENTED_EDGE('',*,*,#3888,.F.);
#3903 = ORIENTED_EDGE('',*,*,#3904,.T.);
#3904 = EDGE_CURVE('',#3881,#3905,#3907,.T.);
#3905 = VERTEX_POINT('',#3906);
#3906 = CARTESIAN_POINT('',(-7.02,-1.94,7.6));
#3907 = LINE('',#3908,#3909);
#3908 = CARTESIAN_POINT('',(-2.84,-1.94,7.6));
#3909 = VECTOR('',#3910,1.);
#3910 = DIRECTION('',(-1.,2.1E-16,0.));
#3911 = ORIENTED_EDGE('',*,*,#3912,.F.);
#3912 = EDGE_CURVE('',#1098,#3905,#3913,.T.);
#3913 = LINE('',#3914,#3915);
#3914 = CARTESIAN_POINT('',(-7.42,-2.34,8.));
#3915 = VECTOR('',#3916,1.);
#3916 = DIRECTION('',(0.57735026919,0.57735026919,-0.57735026919));
#3917 = PLANE('',#3918);
#3918 = AXIS2_PLACEMENT_3D('',#3919,#3920,#3921);
#3919 = CARTESIAN_POINT('',(-2.84,-2.14,7.8));
#3920 = DIRECTION('',(1.5E-16,0.707106781187,0.707106781187));
#3921 = DIRECTION('',(-1.,3.606601717798E-17,1.76066017178E-16));
#3922 = ADVANCED_FACE('',(#3923),#3941,.T.);
#3923 = FACE_BOUND('',#3924,.T.);
#3924 = EDGE_LOOP('',(#3925,#3926,#3934,#3940));
#3925 = ORIENTED_EDGE('',*,*,#1089,.T.);
#3926 = ORIENTED_EDGE('',*,*,#3927,.T.);
#3927 = EDGE_CURVE('',#1090,#3928,#3930,.T.);
#3928 = VERTEX_POINT('',#3929);
#3929 = CARTESIAN_POINT('',(-7.02,-0.6,7.6));
#3930 = LINE('',#3931,#3932);
#3931 = CARTESIAN_POINT('',(-7.42,-0.2,8.));
#3932 = VECTOR('',#3933,1.);
#3933 = DIRECTION('',(0.57735026919,-0.57735026919,-0.57735026919));
#3934 = ORIENTED_EDGE('',*,*,#3935,.T.);
#3935 = EDGE_CURVE('',#3928,#3873,#3936,.T.);
#3936 = LINE('',#3937,#3938);
#3937 = CARTESIAN_POINT('',(-3.51,-0.6,7.6));
#3938 = VECTOR('',#3939,1.);
#3939 = DIRECTION('',(1.,-2.1E-16,0.));
#3940 = ORIENTED_EDGE('',*,*,#3872,.F.);
#3941 = PLANE('',#3942);
#3942 = AXIS2_PLACEMENT_3D('',#3943,#3944,#3945);
#3943 = CARTESIAN_POINT('',(-3.51,-0.4,7.8));
#3944 = DIRECTION('',(-1.5E-16,-0.707106781187,0.707106781187));
#3945 = DIRECTION('',(-1.,3.606601717798E-17,-1.76066017178E-16));
#3946 = ADVANCED_FACE('',(#3947),#3958,.T.);
#3947 = FACE_BOUND('',#3948,.T.);
#3948 = EDGE_LOOP('',(#3949,#3955,#3956,#3957));
#3949 = ORIENTED_EDGE('',*,*,#3950,.T.);
#3950 = EDGE_CURVE('',#3905,#3928,#3951,.T.);
#3951 = LINE('',#3952,#3953);
#3952 = CARTESIAN_POINT('',(-7.02,-0.97,7.6));
#3953 = VECTOR('',#3954,1.);
#3954 = DIRECTION('',(0.,1.,-1.2E-16));
#3955 = ORIENTED_EDGE('',*,*,#3927,.F.);
#3956 = ORIENTED_EDGE('',*,*,#1097,.T.);
#3957 = ORIENTED_EDGE('',*,*,#3912,.T.);
#3958 = PLANE('',#3959);
#3959 = AXIS2_PLACEMENT_3D('',#3960,#3961,#3962);
#3960 = CARTESIAN_POINT('',(-7.22,-0.97,7.8));
#3961 = DIRECTION('',(0.707106781187,9.E-17,0.707106781187));
#3962 = DIRECTION('',(-0.707106781187,9.E-17,0.707106781187));
#3963 = ADVANCED_FACE('',(#3964),#3989,.T.);
#3964 = FACE_BOUND('',#3965,.T.);
#3965 = EDGE_LOOP('',(#3966,#3967,#3975,#3983));
#3966 = ORIENTED_EDGE('',*,*,#1113,.T.);
#3967 = ORIENTED_EDGE('',*,*,#3968,.T.);
#3968 = EDGE_CURVE('',#1116,#3969,#3971,.T.);
#3969 = VERTEX_POINT('',#3970);
#3970 = CARTESIAN_POINT('',(-3.14,-0.6,7.6));
#3971 = LINE('',#3972,#3973);
#3972 = CARTESIAN_POINT('',(-2.74,-0.2,8.));
#3973 = VECTOR('',#3974,1.);
#3974 = DIRECTION('',(-0.57735026919,-0.57735026919,-0.57735026919));
#3975 = ORIENTED_EDGE('',*,*,#3976,.T.);
#3976 = EDGE_CURVE('',#3969,#3977,#3979,.T.);
#3977 = VERTEX_POINT('',#3978);
#3978 = CARTESIAN_POINT('',(-3.14,-1.94,7.6));
#3979 = LINE('',#3980,#3981);
#3980 = CARTESIAN_POINT('',(-3.14,-0.3,7.6));
#3981 = VECTOR('',#3982,1.);
#3982 = DIRECTION('',(0.,-1.,1.2E-16));
#3983 = ORIENTED_EDGE('',*,*,#3984,.T.);
#3984 = EDGE_CURVE('',#3977,#1114,#3985,.T.);
#3985 = LINE('',#3986,#3987);
#3986 = CARTESIAN_POINT('',(-3.14,-1.94,7.6));
#3987 = VECTOR('',#3988,1.);
#3988 = DIRECTION('',(0.57735026919,-0.57735026919,0.57735026919));
#3989 = PLANE('',#3990);
#3990 = AXIS2_PLACEMENT_3D('',#3991,#3992,#3993);
#3991 = CARTESIAN_POINT('',(-2.94,-0.3,7.8));
#3992 = DIRECTION('',(-0.707106781187,9.E-17,0.707106781187));
#3993 = DIRECTION('',(-0.707106781187,-9.E-17,-0.707106781187));
#3994 = ADVANCED_FACE('',(#3995),#4013,.T.);
#3995 = FACE_BOUND('',#3996,.T.);
#3996 = EDGE_LOOP('',(#3997,#3998,#3999,#4007));
#3997 = ORIENTED_EDGE('',*,*,#1139,.T.);
#3998 = ORIENTED_EDGE('',*,*,#3984,.F.);
#3999 = ORIENTED_EDGE('',*,*,#4000,.T.);
#4000 = EDGE_CURVE('',#3977,#4001,#4003,.T.);
#4001 = VERTEX_POINT('',#4002);
#4002 = CARTESIAN_POINT('',(-4.48,-1.94,7.6));
#4003 = LINE('',#4004,#4005);
#4004 = CARTESIAN_POINT('',(-1.57,-1.94,7.6));
#4005 = VECTOR('',#4006,1.);
#4006 = DIRECTION('',(-1.,2.1E-16,0.));
#4007 = ORIENTED_EDGE('',*,*,#4008,.F.);
#4008 = EDGE_CURVE('',#1132,#4001,#4009,.T.);
#4009 = LINE('',#4010,#4011);
#4010 = CARTESIAN_POINT('',(-4.88,-2.34,8.));
#4011 = VECTOR('',#4012,1.);
#4012 = DIRECTION('',(0.57735026919,0.57735026919,-0.57735026919));
#4013 = PLANE('',#4014);
#4014 = AXIS2_PLACEMENT_3D('',#4015,#4016,#4017);
#4015 = CARTESIAN_POINT('',(-1.57,-2.14,7.8));
#4016 = DIRECTION('',(1.5E-16,0.707106781187,0.707106781187));
#4017 = DIRECTION('',(-1.,3.606601717798E-17,1.76066017178E-16));
#4018 = ADVANCED_FACE('',(#4019),#4037,.T.);
#4019 = FACE_BOUND('',#4020,.T.);
#4020 = EDGE_LOOP('',(#4021,#4022,#4030,#4036));
#4021 = ORIENTED_EDGE('',*,*,#1123,.T.);
#4022 = ORIENTED_EDGE('',*,*,#4023,.T.);
#4023 = EDGE_CURVE('',#1124,#4024,#4026,.T.);
#4024 = VERTEX_POINT('',#4025);
#4025 = CARTESIAN_POINT('',(-4.48,-0.6,7.6));
#4026 = LINE('',#4027,#4028);
#4027 = CARTESIAN_POINT('',(-4.88,-0.2,8.));
#4028 = VECTOR('',#4029,1.);
#4029 = DIRECTION('',(0.57735026919,-0.57735026919,-0.57735026919));
#4030 = ORIENTED_EDGE('',*,*,#4031,.T.);
#4031 = EDGE_CURVE('',#4024,#3969,#4032,.T.);
#4032 = LINE('',#4033,#4034);
#4033 = CARTESIAN_POINT('',(-2.24,-0.6,7.6));
#4034 = VECTOR('',#4035,1.);
#4035 = DIRECTION('',(1.,-2.1E-16,0.));
#4036 = ORIENTED_EDGE('',*,*,#3968,.F.);
#4037 = PLANE('',#4038);
#4038 = AXIS2_PLACEMENT_3D('',#4039,#4040,#4041);
#4039 = CARTESIAN_POINT('',(-2.24,-0.4,7.8));
#4040 = DIRECTION('',(-1.5E-16,-0.707106781187,0.707106781187));
#4041 = DIRECTION('',(-1.,3.606601717798E-17,-1.76066017178E-16));
#4042 = ADVANCED_FACE('',(#4043),#4054,.T.);
#4043 = FACE_BOUND('',#4044,.T.);
#4044 = EDGE_LOOP('',(#4045,#4051,#4052,#4053));
#4045 = ORIENTED_EDGE('',*,*,#4046,.T.);
#4046 = EDGE_CURVE('',#4001,#4024,#4047,.T.);
#4047 = LINE('',#4048,#4049);
#4048 = CARTESIAN_POINT('',(-4.48,-0.97,7.6));
#4049 = VECTOR('',#4050,1.);
#4050 = DIRECTION('',(0.,1.,-1.2E-16));
#4051 = ORIENTED_EDGE('',*,*,#4023,.F.);
#4052 = ORIENTED_EDGE('',*,*,#1131,.T.);
#4053 = ORIENTED_EDGE('',*,*,#4008,.T.);
#4054 = PLANE('',#4055);
#4055 = AXIS2_PLACEMENT_3D('',#4056,#4057,#4058);
#4056 = CARTESIAN_POINT('',(-4.68,-0.97,7.8));
#4057 = DIRECTION('',(0.707106781187,9.E-17,0.707106781187));
#4058 = DIRECTION('',(-0.707106781187,9.E-17,0.707106781187));
#4059 = ADVANCED_FACE('',(#4060),#4085,.T.);
#4060 = FACE_BOUND('',#4061,.T.);
#4061 = EDGE_LOOP('',(#4062,#4063,#4071,#4079));
#4062 = ORIENTED_EDGE('',*,*,#1147,.T.);
#4063 = ORIENTED_EDGE('',*,*,#4064,.T.);
#4064 = EDGE_CURVE('',#1150,#4065,#4067,.T.);
#4065 = VERTEX_POINT('',#4066);
#4066 = CARTESIAN_POINT('',(-0.6,-0.6,7.6));
#4067 = LINE('',#4068,#4069);
#4068 = CARTESIAN_POINT('',(-0.2,-0.2,8.));
#4069 = VECTOR('',#4070,1.);
#4070 = DIRECTION('',(-0.57735026919,-0.57735026919,-0.57735026919));
#4071 = ORIENTED_EDGE('',*,*,#4072,.T.);
#4072 = EDGE_CURVE('',#4065,#4073,#4075,.T.);
#4073 = VERTEX_POINT('',#4074);
#4074 = CARTESIAN_POINT('',(-0.6,-1.94,7.6));
#4075 = LINE('',#4076,#4077);
#4076 = CARTESIAN_POINT('',(-0.6,-0.3,7.6));
#4077 = VECTOR('',#4078,1.);
#4078 = DIRECTION('',(0.,-1.,1.2E-16));
#4079 = ORIENTED_EDGE('',*,*,#4080,.T.);
#4080 = EDGE_CURVE('',#4073,#1148,#4081,.T.);
#4081 = LINE('',#4082,#4083);
#4082 = CARTESIAN_POINT('',(-0.6,-1.94,7.6));
#4083 = VECTOR('',#4084,1.);
#4084 = DIRECTION('',(0.57735026919,-0.57735026919,0.57735026919));
#4085 = PLANE('',#4086);
#4086 = AXIS2_PLACEMENT_3D('',#4087,#4088,#4089);
#4087 = CARTESIAN_POINT('',(-0.4,-0.3,7.8));
#4088 = DIRECTION('',(-0.707106781187,9.E-17,0.707106781187));
#4089 = DIRECTION('',(-0.707106781187,-9.E-17,-0.707106781187));
#4090 = ADVANCED_FACE('',(#4091),#4109,.T.);
#4091 = FACE_BOUND('',#4092,.T.);
#4092 = EDGE_LOOP('',(#4093,#4094,#4095,#4103));
#4093 = ORIENTED_EDGE('',*,*,#1173,.T.);
#4094 = ORIENTED_EDGE('',*,*,#4080,.F.);
#4095 = ORIENTED_EDGE('',*,*,#4096,.T.);
#4096 = EDGE_CURVE('',#4073,#4097,#4099,.T.);
#4097 = VERTEX_POINT('',#4098);
#4098 = CARTESIAN_POINT('',(-1.94,-1.94,7.6));
#4099 = LINE('',#4100,#4101);
#4100 = CARTESIAN_POINT('',(-0.3,-1.94,7.6));
#4101 = VECTOR('',#4102,1.);
#4102 = DIRECTION('',(-1.,2.1E-16,0.));
#4103 = ORIENTED_EDGE('',*,*,#4104,.F.);
#4104 = EDGE_CURVE('',#1166,#4097,#4105,.T.);
#4105 = LINE('',#4106,#4107);
#4106 = CARTESIAN_POINT('',(-2.34,-2.34,8.));
#4107 = VECTOR('',#4108,1.);
#4108 = DIRECTION('',(0.57735026919,0.57735026919,-0.57735026919));
#4109 = PLANE('',#4110);
#4110 = AXIS2_PLACEMENT_3D('',#4111,#4112,#4113);
#4111 = CARTESIAN_POINT('',(-0.3,-2.14,7.8));
#4112 = DIRECTION('',(1.5E-16,0.707106781187,0.707106781187));
#4113 = DIRECTION('',(-1.,3.606601717798E-17,1.76066017178E-16));
#4114 = ADVANCED_FACE('',(#4115),#4133,.T.);
#4115 = FACE_BOUND('',#4116,.T.);
#4116 = EDGE_LOOP('',(#4117,#4118,#4126,#4132));
#4117 = ORIENTED_EDGE('',*,*,#1157,.T.);
#4118 = ORIENTED_EDGE('',*,*,#4119,.T.);
#4119 = EDGE_CURVE('',#1158,#4120,#4122,.T.);
#4120 = VERTEX_POINT('',#4121);
#4121 = CARTESIAN_POINT('',(-1.94,-0.6,7.6));
#4122 = LINE('',#4123,#4124);
#4123 = CARTESIAN_POINT('',(-2.34,-0.2,8.));
#4124 = VECTOR('',#4125,1.);
#4125 = DIRECTION('',(0.57735026919,-0.57735026919,-0.57735026919));
#4126 = ORIENTED_EDGE('',*,*,#4127,.T.);
#4127 = EDGE_CURVE('',#4120,#4065,#4128,.T.);
#4128 = LINE('',#4129,#4130);
#4129 = CARTESIAN_POINT('',(-0.97,-0.6,7.6));
#4130 = VECTOR('',#4131,1.);
#4131 = DIRECTION('',(1.,-2.1E-16,0.));
#4132 = ORIENTED_EDGE('',*,*,#4064,.F.);
#4133 = PLANE('',#4134);
#4134 = AXIS2_PLACEMENT_3D('',#4135,#4136,#4137);
#4135 = CARTESIAN_POINT('',(-0.97,-0.4,7.8));
#4136 = DIRECTION('',(-1.5E-16,-0.707106781187,0.707106781187));
#4137 = DIRECTION('',(-1.,3.606601717798E-17,-1.76066017178E-16));
#4138 = ADVANCED_FACE('',(#4139),#4150,.T.);
#4139 = FACE_BOUND('',#4140,.T.);
#4140 = EDGE_LOOP('',(#4141,#4147,#4148,#4149));
#4141 = ORIENTED_EDGE('',*,*,#4142,.T.);
#4142 = EDGE_CURVE('',#4097,#4120,#4143,.T.);
#4143 = LINE('',#4144,#4145);
#4144 = CARTESIAN_POINT('',(-1.94,-0.97,7.6));
#4145 = VECTOR('',#4146,1.);
#4146 = DIRECTION('',(0.,1.,-1.2E-16));
#4147 = ORIENTED_EDGE('',*,*,#4119,.F.);
#4148 = ORIENTED_EDGE('',*,*,#1165,.T.);
#4149 = ORIENTED_EDGE('',*,*,#4104,.T.);
#4150 = PLANE('',#4151);
#4151 = AXIS2_PLACEMENT_3D('',#4152,#4153,#4154);
#4152 = CARTESIAN_POINT('',(-2.14,-0.97,7.8));
#4153 = DIRECTION('',(0.707106781187,9.E-17,0.707106781187));
#4154 = DIRECTION('',(-0.707106781187,9.E-17,0.707106781187));
#4155 = ADVANCED_FACE('',(#4156),#4181,.T.);
#4156 = FACE_BOUND('',#4157,.T.);
#4157 = EDGE_LOOP('',(#4158,#4159,#4167,#4175));
#4158 = ORIENTED_EDGE('',*,*,#1181,.T.);
#4159 = ORIENTED_EDGE('',*,*,#4160,.T.);
#4160 = EDGE_CURVE('',#1184,#4161,#4163,.T.);
#4161 = VERTEX_POINT('',#4162);
#4162 = CARTESIAN_POINT('',(1.94,-0.6,7.6));
#4163 = LINE('',#4164,#4165);
#4164 = CARTESIAN_POINT('',(2.34,-0.2,8.));
#4165 = VECTOR('',#4166,1.);
#4166 = DIRECTION('',(-0.57735026919,-0.57735026919,-0.57735026919));
#4167 = ORIENTED_EDGE('',*,*,#4168,.T.);
#4168 = EDGE_CURVE('',#4161,#4169,#4171,.T.);
#4169 = VERTEX_POINT('',#4170);
#4170 = CARTESIAN_POINT('',(1.94,-1.94,7.6));
#4171 = LINE('',#4172,#4173);
#4172 = CARTESIAN_POINT('',(1.94,-0.3,7.6));
#4173 = VECTOR('',#4174,1.);
#4174 = DIRECTION('',(0.,-1.,1.2E-16));
#4175 = ORIENTED_EDGE('',*,*,#4176,.T.);
#4176 = EDGE_CURVE('',#4169,#1182,#4177,.T.);
#4177 = LINE('',#4178,#4179);
#4178 = CARTESIAN_POINT('',(1.94,-1.94,7.6));
#4179 = VECTOR('',#4180,1.);
#4180 = DIRECTION('',(0.57735026919,-0.57735026919,0.57735026919));
#4181 = PLANE('',#4182);
#4182 = AXIS2_PLACEMENT_3D('',#4183,#4184,#4185);
#4183 = CARTESIAN_POINT('',(2.14,-0.3,7.8));
#4184 = DIRECTION('',(-0.707106781187,9.E-17,0.707106781187));
#4185 = DIRECTION('',(-0.707106781187,-9.E-17,-0.707106781187));
#4186 = ADVANCED_FACE('',(#4187),#4205,.T.);
#4187 = FACE_BOUND('',#4188,.T.);
#4188 = EDGE_LOOP('',(#4189,#4190,#4191,#4199));
#4189 = ORIENTED_EDGE('',*,*,#1207,.T.);
#4190 = ORIENTED_EDGE('',*,*,#4176,.F.);
#4191 = ORIENTED_EDGE('',*,*,#4192,.T.);
#4192 = EDGE_CURVE('',#4169,#4193,#4195,.T.);
#4193 = VERTEX_POINT('',#4194);
#4194 = CARTESIAN_POINT('',(0.6,-1.94,7.6));
#4195 = LINE('',#4196,#4197);
#4196 = CARTESIAN_POINT('',(0.97,-1.94,7.6));
#4197 = VECTOR('',#4198,1.);
#4198 = DIRECTION('',(-1.,2.1E-16,0.));
#4199 = ORIENTED_EDGE('',*,*,#4200,.F.);
#4200 = EDGE_CURVE('',#1200,#4193,#4201,.T.);
#4201 = LINE('',#4202,#4203);
#4202 = CARTESIAN_POINT('',(0.2,-2.34,8.));
#4203 = VECTOR('',#4204,1.);
#4204 = DIRECTION('',(0.57735026919,0.57735026919,-0.57735026919));
#4205 = PLANE('',#4206);
#4206 = AXIS2_PLACEMENT_3D('',#4207,#4208,#4209);
#4207 = CARTESIAN_POINT('',(0.97,-2.14,7.8));
#4208 = DIRECTION('',(1.5E-16,0.707106781187,0.707106781187));
#4209 = DIRECTION('',(-1.,3.606601717798E-17,1.76066017178E-16));
#4210 = ADVANCED_FACE('',(#4211),#4229,.T.);
#4211 = FACE_BOUND('',#4212,.T.);
#4212 = EDGE_LOOP('',(#4213,#4214,#4222,#4228));
#4213 = ORIENTED_EDGE('',*,*,#1191,.T.);
#4214 = ORIENTED_EDGE('',*,*,#4215,.T.);
#4215 = EDGE_CURVE('',#1192,#4216,#4218,.T.);
#4216 = VERTEX_POINT('',#4217);
#4217 = CARTESIAN_POINT('',(0.6,-0.6,7.6));
#4218 = LINE('',#4219,#4220);
#4219 = CARTESIAN_POINT('',(0.2,-0.2,8.));
#4220 = VECTOR('',#4221,1.);
#4221 = DIRECTION('',(0.57735026919,-0.57735026919,-0.57735026919));
#4222 = ORIENTED_EDGE('',*,*,#4223,.T.);
#4223 = EDGE_CURVE('',#4216,#4161,#4224,.T.);
#4224 = LINE('',#4225,#4226);
#4225 = CARTESIAN_POINT('',(0.3,-0.6,7.6));
#4226 = VECTOR('',#4227,1.);
#4227 = DIRECTION('',(1.,-2.1E-16,0.));
#4228 = ORIENTED_EDGE('',*,*,#4160,.F.);
#4229 = PLANE('',#4230);
#4230 = AXIS2_PLACEMENT_3D('',#4231,#4232,#4233);
#4231 = CARTESIAN_POINT('',(0.3,-0.4,7.8));
#4232 = DIRECTION('',(-1.5E-16,-0.707106781187,0.707106781187));
#4233 = DIRECTION('',(-1.,3.606601717798E-17,-1.76066017178E-16));
#4234 = ADVANCED_FACE('',(#4235),#4246,.T.);
#4235 = FACE_BOUND('',#4236,.T.);
#4236 = EDGE_LOOP('',(#4237,#4243,#4244,#4245));
#4237 = ORIENTED_EDGE('',*,*,#4238,.T.);
#4238 = EDGE_CURVE('',#4193,#4216,#4239,.T.);
#4239 = LINE('',#4240,#4241);
#4240 = CARTESIAN_POINT('',(0.6,-0.97,7.6));
#4241 = VECTOR('',#4242,1.);
#4242 = DIRECTION('',(0.,1.,-1.2E-16));
#4243 = ORIENTED_EDGE('',*,*,#4215,.F.);
#4244 = ORIENTED_EDGE('',*,*,#1199,.T.);
#4245 = ORIENTED_EDGE('',*,*,#4200,.T.);
#4246 = PLANE('',#4247);
#4247 = AXIS2_PLACEMENT_3D('',#4248,#4249,#4250);
#4248 = CARTESIAN_POINT('',(0.4,-0.97,7.8));
#4249 = DIRECTION('',(0.707106781187,9.E-17,0.707106781187));
#4250 = DIRECTION('',(-0.707106781187,9.E-17,0.707106781187));
#4251 = ADVANCED_FACE('',(#4252),#4277,.T.);
#4252 = FACE_BOUND('',#4253,.T.);
#4253 = EDGE_LOOP('',(#4254,#4255,#4263,#4271));
#4254 = ORIENTED_EDGE('',*,*,#1215,.T.);
#4255 = ORIENTED_EDGE('',*,*,#4256,.T.);
#4256 = EDGE_CURVE('',#1218,#4257,#4259,.T.);
#4257 = VERTEX_POINT('',#4258);
#4258 = CARTESIAN_POINT('',(4.48,-0.6,7.6));
#4259 = LINE('',#4260,#4261);
#4260 = CARTESIAN_POINT('',(4.88,-0.2,8.));
#4261 = VECTOR('',#4262,1.);
#4262 = DIRECTION('',(-0.57735026919,-0.57735026919,-0.57735026919));
#4263 = ORIENTED_EDGE('',*,*,#4264,.T.);
#4264 = EDGE_CURVE('',#4257,#4265,#4267,.T.);
#4265 = VERTEX_POINT('',#4266);
#4266 = CARTESIAN_POINT('',(4.48,-1.94,7.6));
#4267 = LINE('',#4268,#4269);
#4268 = CARTESIAN_POINT('',(4.48,-0.3,7.6));
#4269 = VECTOR('',#4270,1.);
#4270 = DIRECTION('',(0.,-1.,1.2E-16));
#4271 = ORIENTED_EDGE('',*,*,#4272,.T.);
#4272 = EDGE_CURVE('',#4265,#1216,#4273,.T.);
#4273 = LINE('',#4274,#4275);
#4274 = CARTESIAN_POINT('',(4.48,-1.94,7.6));
#4275 = VECTOR('',#4276,1.);
#4276 = DIRECTION('',(0.57735026919,-0.57735026919,0.57735026919));
#4277 = PLANE('',#4278);
#4278 = AXIS2_PLACEMENT_3D('',#4279,#4280,#4281);
#4279 = CARTESIAN_POINT('',(4.68,-0.3,7.8));
#4280 = DIRECTION('',(-0.707106781187,9.E-17,0.707106781187));
#4281 = DIRECTION('',(-0.707106781187,-9.E-17,-0.707106781187));
#4282 = ADVANCED_FACE('',(#4283),#4301,.T.);
#4283 = FACE_BOUND('',#4284,.T.);
#4284 = EDGE_LOOP('',(#4285,#4286,#4287,#4295));
#4285 = ORIENTED_EDGE('',*,*,#1241,.T.);
#4286 = ORIENTED_EDGE('',*,*,#4272,.F.);
#4287 = ORIENTED_EDGE('',*,*,#4288,.T.);
#4288 = EDGE_CURVE('',#4265,#4289,#4291,.T.);
#4289 = VERTEX_POINT('',#4290);
#4290 = CARTESIAN_POINT('',(3.14,-1.94,7.6));
#4291 = LINE('',#4292,#4293);
#4292 = CARTESIAN_POINT('',(2.24,-1.94,7.6));
#4293 = VECTOR('',#4294,1.);
#4294 = DIRECTION('',(-1.,2.1E-16,0.));
#4295 = ORIENTED_EDGE('',*,*,#4296,.F.);
#4296 = EDGE_CURVE('',#1234,#4289,#4297,.T.);
#4297 = LINE('',#4298,#4299);
#4298 = CARTESIAN_POINT('',(2.74,-2.34,8.));
#4299 = VECTOR('',#4300,1.);
#4300 = DIRECTION('',(0.57735026919,0.57735026919,-0.57735026919));
#4301 = PLANE('',#4302);
#4302 = AXIS2_PLACEMENT_3D('',#4303,#4304,#4305);
#4303 = CARTESIAN_POINT('',(2.24,-2.14,7.8));
#4304 = DIRECTION('',(1.5E-16,0.707106781187,0.707106781187));
#4305 = DIRECTION('',(-1.,3.606601717798E-17,1.76066017178E-16));
#4306 = ADVANCED_FACE('',(#4307),#4325,.T.);
#4307 = FACE_BOUND('',#4308,.T.);
#4308 = EDGE_LOOP('',(#4309,#4310,#4318,#4324));
#4309 = ORIENTED_EDGE('',*,*,#1225,.T.);
#4310 = ORIENTED_EDGE('',*,*,#4311,.T.);
#4311 = EDGE_CURVE('',#1226,#4312,#4314,.T.);
#4312 = VERTEX_POINT('',#4313);
#4313 = CARTESIAN_POINT('',(3.14,-0.6,7.6));
#4314 = LINE('',#4315,#4316);
#4315 = CARTESIAN_POINT('',(2.74,-0.2,8.));
#4316 = VECTOR('',#4317,1.);
#4317 = DIRECTION('',(0.57735026919,-0.57735026919,-0.57735026919));
#4318 = ORIENTED_EDGE('',*,*,#4319,.T.);
#4319 = EDGE_CURVE('',#4312,#4257,#4320,.T.);
#4320 = LINE('',#4321,#4322);
#4321 = CARTESIAN_POINT('',(1.57,-0.6,7.6));
#4322 = VECTOR('',#4323,1.);
#4323 = DIRECTION('',(1.,-2.1E-16,0.));
#4324 = ORIENTED_EDGE('',*,*,#4256,.F.);
#4325 = PLANE('',#4326);
#4326 = AXIS2_PLACEMENT_3D('',#4327,#4328,#4329);
#4327 = CARTESIAN_POINT('',(1.57,-0.4,7.8));
#4328 = DIRECTION('',(-1.5E-16,-0.707106781187,0.707106781187));
#4329 = DIRECTION('',(-1.,3.606601717798E-17,-1.76066017178E-16));
#4330 = ADVANCED_FACE('',(#4331),#4342,.T.);
#4331 = FACE_BOUND('',#4332,.T.);
#4332 = EDGE_LOOP('',(#4333,#4339,#4340,#4341));
#4333 = ORIENTED_EDGE('',*,*,#4334,.T.);
#4334 = EDGE_CURVE('',#4289,#4312,#4335,.T.);
#4335 = LINE('',#4336,#4337);
#4336 = CARTESIAN_POINT('',(3.14,-0.97,7.6));
#4337 = VECTOR('',#4338,1.);
#4338 = DIRECTION('',(0.,1.,-1.2E-16));
#4339 = ORIENTED_EDGE('',*,*,#4311,.F.);
#4340 = ORIENTED_EDGE('',*,*,#1233,.T.);
#4341 = ORIENTED_EDGE('',*,*,#4296,.T.);
#4342 = PLANE('',#4343);
#4343 = AXIS2_PLACEMENT_3D('',#4344,#4345,#4346);
#4344 = CARTESIAN_POINT('',(2.94,-0.97,7.8));
#4345 = DIRECTION('',(0.707106781187,9.E-17,0.707106781187));
#4346 = DIRECTION('',(-0.707106781187,9.E-17,0.707106781187));
#4347 = ADVANCED_FACE('',(#4348),#4373,.T.);
#4348 = FACE_BOUND('',#4349,.T.);
#4349 = EDGE_LOOP('',(#4350,#4351,#4359,#4367));
#4350 = ORIENTED_EDGE('',*,*,#1249,.T.);
#4351 = ORIENTED_EDGE('',*,*,#4352,.T.);
#4352 = EDGE_CURVE('',#1252,#4353,#4355,.T.);
#4353 = VERTEX_POINT('',#4354);
#4354 = CARTESIAN_POINT('',(7.02,-0.6,7.6));
#4355 = LINE('',#4356,#4357);
#4356 = CARTESIAN_POINT('',(7.42,-0.2,8.));
#4357 = VECTOR('',#4358,1.);
#4358 = DIRECTION('',(-0.57735026919,-0.57735026919,-0.57735026919));
#4359 = ORIENTED_EDGE('',*,*,#4360,.T.);
#4360 = EDGE_CURVE('',#4353,#4361,#4363,.T.);
#4361 = VERTEX_POINT('',#4362);
#4362 = CARTESIAN_POINT('',(7.02,-1.94,7.6));
#4363 = LINE('',#4364,#4365);
#4364 = CARTESIAN_POINT('',(7.02,-0.3,7.6));
#4365 = VECTOR('',#4366,1.);
#4366 = DIRECTION('',(0.,-1.,1.2E-16));
#4367 = ORIENTED_EDGE('',*,*,#4368,.T.);
#4368 = EDGE_CURVE('',#4361,#1250,#4369,.T.);
#4369 = LINE('',#4370,#4371);
#4370 = CARTESIAN_POINT('',(7.02,-1.94,7.6));
#4371 = VECTOR('',#4372,1.);
#4372 = DIRECTION('',(0.57735026919,-0.57735026919,0.57735026919));
#4373 = PLANE('',#4374);
#4374 = AXIS2_PLACEMENT_3D('',#4375,#4376,#4377);
#4375 = CARTESIAN_POINT('',(7.22,-0.3,7.8));
#4376 = DIRECTION('',(-0.707106781187,9.E-17,0.707106781187));
#4377 = DIRECTION('',(-0.707106781187,-9.E-17,-0.707106781187));
#4378 = ADVANCED_FACE('',(#4379),#4397,.T.);
#4379 = FACE_BOUND('',#4380,.T.);
#4380 = EDGE_LOOP('',(#4381,#4382,#4383,#4391));
#4381 = ORIENTED_EDGE('',*,*,#1275,.T.);
#4382 = ORIENTED_EDGE('',*,*,#4368,.F.);
#4383 = ORIENTED_EDGE('',*,*,#4384,.T.);
#4384 = EDGE_CURVE('',#4361,#4385,#4387,.T.);
#4385 = VERTEX_POINT('',#4386);
#4386 = CARTESIAN_POINT('',(5.68,-1.94,7.6));
#4387 = LINE('',#4388,#4389);
#4388 = CARTESIAN_POINT('',(3.51,-1.94,7.6));
#4389 = VECTOR('',#4390,1.);
#4390 = DIRECTION('',(-1.,2.1E-16,0.));
#4391 = ORIENTED_EDGE('',*,*,#4392,.F.);
#4392 = EDGE_CURVE('',#1268,#4385,#4393,.T.);
#4393 = LINE('',#4394,#4395);
#4394 = CARTESIAN_POINT('',(5.28,-2.34,8.));
#4395 = VECTOR('',#4396,1.);
#4396 = DIRECTION('',(0.57735026919,0.57735026919,-0.57735026919));
#4397 = PLANE('',#4398);
#4398 = AXIS2_PLACEMENT_3D('',#4399,#4400,#4401);
#4399 = CARTESIAN_POINT('',(3.51,-2.14,7.8));
#4400 = DIRECTION('',(1.5E-16,0.707106781187,0.707106781187));
#4401 = DIRECTION('',(-1.,3.606601717798E-17,1.76066017178E-16));
#4402 = ADVANCED_FACE('',(#4403),#4421,.T.);
#4403 = FACE_BOUND('',#4404,.T.);
#4404 = EDGE_LOOP('',(#4405,#4406,#4414,#4420));
#4405 = ORIENTED_EDGE('',*,*,#1259,.T.);
#4406 = ORIENTED_EDGE('',*,*,#4407,.T.);
#4407 = EDGE_CURVE('',#1260,#4408,#4410,.T.);
#4408 = VERTEX_POINT('',#4409);
#4409 = CARTESIAN_POINT('',(5.68,-0.6,7.6));
#4410 = LINE('',#4411,#4412);
#4411 = CARTESIAN_POINT('',(5.28,-0.2,8.));
#4412 = VECTOR('',#4413,1.);
#4413 = DIRECTION('',(0.57735026919,-0.57735026919,-0.57735026919));
#4414 = ORIENTED_EDGE('',*,*,#4415,.T.);
#4415 = EDGE_CURVE('',#4408,#4353,#4416,.T.);
#4416 = LINE('',#4417,#4418);
#4417 = CARTESIAN_POINT('',(2.84,-0.6,7.6));
#4418 = VECTOR('',#4419,1.);
#4419 = DIRECTION('',(1.,-2.1E-16,0.));
#4420 = ORIENTED_EDGE('',*,*,#4352,.F.);
#4421 = PLANE('',#4422);
#4422 = AXIS2_PLACEMENT_3D('',#4423,#4424,#4425);
#4423 = CARTESIAN_POINT('',(2.84,-0.4,7.8));
#4424 = DIRECTION('',(-1.5E-16,-0.707106781187,0.707106781187));
#4425 = DIRECTION('',(-1.,3.606601717798E-17,-1.76066017178E-16));
#4426 = ADVANCED_FACE('',(#4427),#4438,.T.);
#4427 = FACE_BOUND('',#4428,.T.);
#4428 = EDGE_LOOP('',(#4429,#4435,#4436,#4437));
#4429 = ORIENTED_EDGE('',*,*,#4430,.T.);
#4430 = EDGE_CURVE('',#4385,#4408,#4431,.T.);
#4431 = LINE('',#4432,#4433);
#4432 = CARTESIAN_POINT('',(5.68,-0.97,7.6));
#4433 = VECTOR('',#4434,1.);
#4434 = DIRECTION('',(0.,1.,-1.2E-16));
#4435 = ORIENTED_EDGE('',*,*,#4407,.F.);
#4436 = ORIENTED_EDGE('',*,*,#1267,.T.);
#4437 = ORIENTED_EDGE('',*,*,#4392,.T.);
#4438 = PLANE('',#4439);
#4439 = AXIS2_PLACEMENT_3D('',#4440,#4441,#4442);
#4440 = CARTESIAN_POINT('',(5.48,-0.97,7.8));
#4441 = DIRECTION('',(0.707106781187,9.E-17,0.707106781187));
#4442 = DIRECTION('',(-0.707106781187,9.E-17,0.707106781187));
#4443 = ADVANCED_FACE('',(#4444),#4469,.T.);
#4444 = FACE_BOUND('',#4445,.T.);
#4445 = EDGE_LOOP('',(#4446,#4447,#4455,#4463));
#4446 = ORIENTED_EDGE('',*,*,#1283,.T.);
#4447 = ORIENTED_EDGE('',*,*,#4448,.T.);
#4448 = EDGE_CURVE('',#1286,#4449,#4451,.T.);
#4449 = VERTEX_POINT('',#4450);
#4450 = CARTESIAN_POINT('',(9.56,-0.6,7.6));
#4451 = LINE('',#4452,#4453);
#4452 = CARTESIAN_POINT('',(9.96,-0.2,8.));
#4453 = VECTOR('',#4454,1.);
#4454 = DIRECTION('',(-0.57735026919,-0.57735026919,-0.57735026919));
#4455 = ORIENTED_EDGE('',*,*,#4456,.T.);
#4456 = EDGE_CURVE('',#4449,#4457,#4459,.T.);
#4457 = VERTEX_POINT('',#4458);
#4458 = CARTESIAN_POINT('',(9.56,-1.94,7.6));
#4459 = LINE('',#4460,#4461);
#4460 = CARTESIAN_POINT('',(9.56,-0.3,7.6));
#4461 = VECTOR('',#4462,1.);
#4462 = DIRECTION('',(0.,-1.,1.2E-16));
#4463 = ORIENTED_EDGE('',*,*,#4464,.T.);
#4464 = EDGE_CURVE('',#4457,#1284,#4465,.T.);
#4465 = LINE('',#4466,#4467);
#4466 = CARTESIAN_POINT('',(9.56,-1.94,7.6));
#4467 = VECTOR('',#4468,1.);
#4468 = DIRECTION('',(0.57735026919,-0.57735026919,0.57735026919));
#4469 = PLANE('',#4470);
#4470 = AXIS2_PLACEMENT_3D('',#4471,#4472,#4473);
#4471 = CARTESIAN_POINT('',(9.76,-0.3,7.8));
#4472 = DIRECTION('',(-0.707106781187,9.E-17,0.707106781187));
#4473 = DIRECTION('',(-0.707106781187,-9.E-17,-0.707106781187));
#4474 = ADVANCED_FACE('',(#4475),#4493,.T.);
#4475 = FACE_BOUND('',#4476,.T.);
#4476 = EDGE_LOOP('',(#4477,#4478,#4479,#4487));
#4477 = ORIENTED_EDGE('',*,*,#1309,.T.);
#4478 = ORIENTED_EDGE('',*,*,#4464,.F.);
#4479 = ORIENTED_EDGE('',*,*,#4480,.T.);
#4480 = EDGE_CURVE('',#4457,#4481,#4483,.T.);
#4481 = VERTEX_POINT('',#4482);
#4482 = CARTESIAN_POINT('',(8.22,-1.94,7.6));
#4483 = LINE('',#4484,#4485);
#4484 = CARTESIAN_POINT('',(4.78,-1.94,7.6));
#4485 = VECTOR('',#4486,1.);
#4486 = DIRECTION('',(-1.,2.1E-16,0.));
#4487 = ORIENTED_EDGE('',*,*,#4488,.F.);
#4488 = EDGE_CURVE('',#1302,#4481,#4489,.T.);
#4489 = LINE('',#4490,#4491);
#4490 = CARTESIAN_POINT('',(7.82,-2.34,8.));
#4491 = VECTOR('',#4492,1.);
#4492 = DIRECTION('',(0.57735026919,0.57735026919,-0.57735026919));
#4493 = PLANE('',#4494);
#4494 = AXIS2_PLACEMENT_3D('',#4495,#4496,#4497);
#4495 = CARTESIAN_POINT('',(4.78,-2.14,7.8));
#4496 = DIRECTION('',(1.5E-16,0.707106781187,0.707106781187));
#4497 = DIRECTION('',(-1.,3.606601717798E-17,1.76066017178E-16));
#4498 = ADVANCED_FACE('',(#4499),#4517,.T.);
#4499 = FACE_BOUND('',#4500,.T.);
#4500 = EDGE_LOOP('',(#4501,#4502,#4510,#4516));
#4501 = ORIENTED_EDGE('',*,*,#1293,.T.);
#4502 = ORIENTED_EDGE('',*,*,#4503,.T.);
#4503 = EDGE_CURVE('',#1294,#4504,#4506,.T.);
#4504 = VERTEX_POINT('',#4505);
#4505 = CARTESIAN_POINT('',(8.22,-0.6,7.6));
#4506 = LINE('',#4507,#4508);
#4507 = CARTESIAN_POINT('',(7.82,-0.2,8.));
#4508 = VECTOR('',#4509,1.);
#4509 = DIRECTION('',(0.57735026919,-0.57735026919,-0.57735026919));
#4510 = ORIENTED_EDGE('',*,*,#4511,.T.);
#4511 = EDGE_CURVE('',#4504,#4449,#4512,.T.);
#4512 = LINE('',#4513,#4514);
#4513 = CARTESIAN_POINT('',(4.11,-0.6,7.6));
#4514 = VECTOR('',#4515,1.);
#4515 = DIRECTION('',(1.,-2.1E-16,0.));
#4516 = ORIENTED_EDGE('',*,*,#4448,.F.);
#4517 = PLANE('',#4518);
#4518 = AXIS2_PLACEMENT_3D('',#4519,#4520,#4521);
#4519 = CARTESIAN_POINT('',(4.11,-0.4,7.8));
#4520 = DIRECTION('',(-1.5E-16,-0.707106781187,0.707106781187));
#4521 = DIRECTION('',(-1.,3.606601717798E-17,-1.76066017178E-16));
#4522 = ADVANCED_FACE('',(#4523),#4534,.T.);
#4523 = FACE_BOUND('',#4524,.T.);
#4524 = EDGE_LOOP('',(#4525,#4531,#4532,#4533));
#4525 = ORIENTED_EDGE('',*,*,#4526,.T.);
#4526 = EDGE_CURVE('',#4481,#4504,#4527,.T.);
#4527 = LINE('',#4528,#4529);
#4528 = CARTESIAN_POINT('',(8.22,-0.97,7.6));
#4529 = VECTOR('',#4530,1.);
#4530 = DIRECTION('',(0.,1.,-1.2E-16));
#4531 = ORIENTED_EDGE('',*,*,#4503,.F.);
#4532 = ORIENTED_EDGE('',*,*,#1301,.T.);
#4533 = ORIENTED_EDGE('',*,*,#4488,.T.);
#4534 = PLANE('',#4535);
#4535 = AXIS2_PLACEMENT_3D('',#4536,#4537,#4538);
#4536 = CARTESIAN_POINT('',(8.02,-0.97,7.8));
#4537 = DIRECTION('',(0.707106781187,9.E-17,0.707106781187));
#4538 = DIRECTION('',(-0.707106781187,9.E-17,0.707106781187));
#4539 = ADVANCED_FACE('',(#4540),#4565,.T.);
#4540 = FACE_BOUND('',#4541,.T.);
#4541 = EDGE_LOOP('',(#4542,#4543,#4551,#4559));
#4542 = ORIENTED_EDGE('',*,*,#1317,.T.);
#4543 = ORIENTED_EDGE('',*,*,#4544,.T.);
#4544 = EDGE_CURVE('',#1320,#4545,#4547,.T.);
#4545 = VERTEX_POINT('',#4546);
#4546 = CARTESIAN_POINT('',(12.1,-0.6,7.6));
#4547 = LINE('',#4548,#4549);
#4548 = CARTESIAN_POINT('',(12.5,-0.2,8.));
#4549 = VECTOR('',#4550,1.);
#4550 = DIRECTION('',(-0.57735026919,-0.57735026919,-0.57735026919));
#4551 = ORIENTED_EDGE('',*,*,#4552,.T.);
#4552 = EDGE_CURVE('',#4545,#4553,#4555,.T.);
#4553 = VERTEX_POINT('',#4554);
#4554 = CARTESIAN_POINT('',(12.1,-1.94,7.6));
#4555 = LINE('',#4556,#4557);
#4556 = CARTESIAN_POINT('',(12.1,-0.3,7.6));
#4557 = VECTOR('',#4558,1.);
#4558 = DIRECTION('',(0.,-1.,1.2E-16));
#4559 = ORIENTED_EDGE('',*,*,#4560,.T.);
#4560 = EDGE_CURVE('',#4553,#1318,#4561,.T.);
#4561 = LINE('',#4562,#4563);
#4562 = CARTESIAN_POINT('',(12.1,-1.94,7.6));
#4563 = VECTOR('',#4564,1.);
#4564 = DIRECTION('',(0.57735026919,-0.57735026919,0.57735026919));
#4565 = PLANE('',#4566);
#4566 = AXIS2_PLACEMENT_3D('',#4567,#4568,#4569);
#4567 = CARTESIAN_POINT('',(12.3,-0.3,7.8));
#4568 = DIRECTION('',(-0.707106781187,9.E-17,0.707106781187));
#4569 = DIRECTION('',(-0.707106781187,-9.E-17,-0.707106781187));
#4570 = ADVANCED_FACE('',(#4571),#4589,.T.);
#4571 = FACE_BOUND('',#4572,.T.);
#4572 = EDGE_LOOP('',(#4573,#4574,#4575,#4583));
#4573 = ORIENTED_EDGE('',*,*,#1343,.T.);
#4574 = ORIENTED_EDGE('',*,*,#4560,.F.);
#4575 = ORIENTED_EDGE('',*,*,#4576,.T.);
#4576 = EDGE_CURVE('',#4553,#4577,#4579,.T.);
#4577 = VERTEX_POINT('',#4578);
#4578 = CARTESIAN_POINT('',(10.76,-1.94,7.6));
#4579 = LINE('',#4580,#4581);
#4580 = CARTESIAN_POINT('',(6.05,-1.94,7.6));
#4581 = VECTOR('',#4582,1.);
#4582 = DIRECTION('',(-1.,2.1E-16,0.));
#4583 = ORIENTED_EDGE('',*,*,#4584,.F.);
#4584 = EDGE_CURVE('',#1336,#4577,#4585,.T.);
#4585 = LINE('',#4586,#4587);
#4586 = CARTESIAN_POINT('',(10.36,-2.34,8.));
#4587 = VECTOR('',#4588,1.);
#4588 = DIRECTION('',(0.57735026919,0.57735026919,-0.57735026919));
#4589 = PLANE('',#4590);
#4590 = AXIS2_PLACEMENT_3D('',#4591,#4592,#4593);
#4591 = CARTESIAN_POINT('',(6.05,-2.14,7.8));
#4592 = DIRECTION('',(1.5E-16,0.707106781187,0.707106781187));
#4593 = DIRECTION('',(-1.,3.606601717798E-17,1.76066017178E-16));
#4594 = ADVANCED_FACE('',(#4595),#4613,.T.);
#4595 = FACE_BOUND('',#4596,.T.);
#4596 = EDGE_LOOP('',(#4597,#4598,#4606,#4612));
#4597 = ORIENTED_EDGE('',*,*,#1327,.T.);
#4598 = ORIENTED_EDGE('',*,*,#4599,.T.);
#4599 = EDGE_CURVE('',#1328,#4600,#4602,.T.);
#4600 = VERTEX_POINT('',#4601);
#4601 = CARTESIAN_POINT('',(10.76,-0.6,7.6));
#4602 = LINE('',#4603,#4604);
#4603 = CARTESIAN_POINT('',(10.36,-0.2,8.));
#4604 = VECTOR('',#4605,1.);
#4605 = DIRECTION('',(0.57735026919,-0.57735026919,-0.57735026919));
#4606 = ORIENTED_EDGE('',*,*,#4607,.T.);
#4607 = EDGE_CURVE('',#4600,#4545,#4608,.T.);
#4608 = LINE('',#4609,#4610);
#4609 = CARTESIAN_POINT('',(5.38,-0.6,7.6));
#4610 = VECTOR('',#4611,1.);
#4611 = DIRECTION('',(1.,-2.1E-16,0.));
#4612 = ORIENTED_EDGE('',*,*,#4544,.F.);
#4613 = PLANE('',#4614);
#4614 = AXIS2_PLACEMENT_3D('',#4615,#4616,#4617);
#4615 = CARTESIAN_POINT('',(5.38,-0.4,7.8));
#4616 = DIRECTION('',(-1.5E-16,-0.707106781187,0.707106781187));
#4617 = DIRECTION('',(-1.,3.606601717798E-17,-1.76066017178E-16));
#4618 = ADVANCED_FACE('',(#4619),#4630,.T.);
#4619 = FACE_BOUND('',#4620,.T.);
#4620 = EDGE_LOOP('',(#4621,#4627,#4628,#4629));
#4621 = ORIENTED_EDGE('',*,*,#4622,.T.);
#4622 = EDGE_CURVE('',#4577,#4600,#4623,.T.);
#4623 = LINE('',#4624,#4625);
#4624 = CARTESIAN_POINT('',(10.76,-0.97,7.6));
#4625 = VECTOR('',#4626,1.);
#4626 = DIRECTION('',(0.,1.,-1.2E-16));
#4627 = ORIENTED_EDGE('',*,*,#4599,.F.);
#4628 = ORIENTED_EDGE('',*,*,#1335,.T.);
#4629 = ORIENTED_EDGE('',*,*,#4584,.T.);
#4630 = PLANE('',#4631);
#4631 = AXIS2_PLACEMENT_3D('',#4632,#4633,#4634);
#4632 = CARTESIAN_POINT('',(10.56,-0.97,7.8));
#4633 = DIRECTION('',(0.707106781187,9.E-17,0.707106781187));
#4634 = DIRECTION('',(-0.707106781187,9.E-17,0.707106781187));
#4635 = ADVANCED_FACE('',(#4636),#4661,.T.);
#4636 = FACE_BOUND('',#4637,.T.);
#4637 = EDGE_LOOP('',(#4638,#4639,#4647,#4655));
#4638 = ORIENTED_EDGE('',*,*,#1351,.T.);
#4639 = ORIENTED_EDGE('',*,*,#4640,.T.);
#4640 = EDGE_CURVE('',#1354,#4641,#4643,.T.);
#4641 = VERTEX_POINT('',#4642);
#4642 = CARTESIAN_POINT('',(14.64,-0.6,7.6));
#4643 = LINE('',#4644,#4645);
#4644 = CARTESIAN_POINT('',(15.04,-0.2,8.));
#4645 = VECTOR('',#4646,1.);
#4646 = DIRECTION('',(-0.57735026919,-0.57735026919,-0.57735026919));
#4647 = ORIENTED_EDGE('',*,*,#4648,.T.);
#4648 = EDGE_CURVE('',#4641,#4649,#4651,.T.);
#4649 = VERTEX_POINT('',#4650);
#4650 = CARTESIAN_POINT('',(14.64,-1.94,7.6));
#4651 = LINE('',#4652,#4653);
#4652 = CARTESIAN_POINT('',(14.64,-0.3,7.6));
#4653 = VECTOR('',#4654,1.);
#4654 = DIRECTION('',(0.,-1.,1.2E-16));
#4655 = ORIENTED_EDGE('',*,*,#4656,.T.);
#4656 = EDGE_CURVE('',#4649,#1352,#4657,.T.);
#4657 = LINE('',#4658,#4659);
#4658 = CARTESIAN_POINT('',(14.64,-1.94,7.6));
#4659 = VECTOR('',#4660,1.);
#4660 = DIRECTION('',(0.57735026919,-0.57735026919,0.57735026919));
#4661 = PLANE('',#4662);
#4662 = AXIS2_PLACEMENT_3D('',#4663,#4664,#4665);
#4663 = CARTESIAN_POINT('',(14.84,-0.3,7.8));
#4664 = DIRECTION('',(-0.707106781187,9.E-17,0.707106781187));
#4665 = DIRECTION('',(-0.707106781187,-9.E-17,-0.707106781187));
#4666 = ADVANCED_FACE('',(#4667),#4685,.T.);
#4667 = FACE_BOUND('',#4668,.T.);
#4668 = EDGE_LOOP('',(#4669,#4670,#4671,#4679));
#4669 = ORIENTED_EDGE('',*,*,#1377,.T.);
#4670 = ORIENTED_EDGE('',*,*,#4656,.F.);
#4671 = ORIENTED_EDGE('',*,*,#4672,.T.);
#4672 = EDGE_CURVE('',#4649,#4673,#4675,.T.);
#4673 = VERTEX_POINT('',#4674);
#4674 = CARTESIAN_POINT('',(13.3,-1.94,7.6));
#4675 = LINE('',#4676,#4677);
#4676 = CARTESIAN_POINT('',(7.32,-1.94,7.6));
#4677 = VECTOR('',#4678,1.);
#4678 = DIRECTION('',(-1.,2.1E-16,0.));
#4679 = ORIENTED_EDGE('',*,*,#4680,.F.);
#4680 = EDGE_CURVE('',#1370,#4673,#4681,.T.);
#4681 = LINE('',#4682,#4683);
#4682 = CARTESIAN_POINT('',(12.9,-2.34,8.));
#4683 = VECTOR('',#4684,1.);
#4684 = DIRECTION('',(0.57735026919,0.57735026919,-0.57735026919));
#4685 = PLANE('',#4686);
#4686 = AXIS2_PLACEMENT_3D('',#4687,#4688,#4689);
#4687 = CARTESIAN_POINT('',(7.32,-2.14,7.8));
#4688 = DIRECTION('',(1.5E-16,0.707106781187,0.707106781187));
#4689 = DIRECTION('',(-1.,3.606601717798E-17,1.76066017178E-16));
#4690 = ADVANCED_FACE('',(#4691),#4709,.T.);
#4691 = FACE_BOUND('',#4692,.T.);
#4692 = EDGE_LOOP('',(#4693,#4694,#4702,#4708));
#4693 = ORIENTED_EDGE('',*,*,#1361,.T.);
#4694 = ORIENTED_EDGE('',*,*,#4695,.T.);
#4695 = EDGE_CURVE('',#1362,#4696,#4698,.T.);
#4696 = VERTEX_POINT('',#4697);
#4697 = CARTESIAN_POINT('',(13.3,-0.6,7.6));
#4698 = LINE('',#4699,#4700);
#4699 = CARTESIAN_POINT('',(12.9,-0.2,8.));
#4700 = VECTOR('',#4701,1.);
#4701 = DIRECTION('',(0.57735026919,-0.57735026919,-0.57735026919));
#4702 = ORIENTED_EDGE('',*,*,#4703,.T.);
#4703 = EDGE_CURVE('',#4696,#4641,#4704,.T.);
#4704 = LINE('',#4705,#4706);
#4705 = CARTESIAN_POINT('',(6.65,-0.6,7.6));
#4706 = VECTOR('',#4707,1.);
#4707 = DIRECTION('',(1.,-2.1E-16,0.));
#4708 = ORIENTED_EDGE('',*,*,#4640,.F.);
#4709 = PLANE('',#4710);
#4710 = AXIS2_PLACEMENT_3D('',#4711,#4712,#4713);
#4711 = CARTESIAN_POINT('',(6.65,-0.4,7.8));
#4712 = DIRECTION('',(-1.5E-16,-0.707106781187,0.707106781187));
#4713 = DIRECTION('',(-1.,3.606601717798E-17,-1.76066017178E-16));
#4714 = ADVANCED_FACE('',(#4715),#4726,.T.);
#4715 = FACE_BOUND('',#4716,.T.);
#4716 = EDGE_LOOP('',(#4717,#4723,#4724,#4725));
#4717 = ORIENTED_EDGE('',*,*,#4718,.T.);
#4718 = EDGE_CURVE('',#4673,#4696,#4719,.T.);
#4719 = LINE('',#4720,#4721);
#4720 = CARTESIAN_POINT('',(13.3,-0.97,7.6));
#4721 = VECTOR('',#4722,1.);
#4722 = DIRECTION('',(0.,1.,-1.2E-16));
#4723 = ORIENTED_EDGE('',*,*,#4695,.F.);
#4724 = ORIENTED_EDGE('',*,*,#1369,.T.);
#4725 = ORIENTED_EDGE('',*,*,#4680,.T.);
#4726 = PLANE('',#4727);
#4727 = AXIS2_PLACEMENT_3D('',#4728,#4729,#4730);
#4728 = CARTESIAN_POINT('',(13.1,-0.97,7.8));
#4729 = DIRECTION('',(0.707106781187,9.E-17,0.707106781187));
#4730 = DIRECTION('',(-0.707106781187,9.E-17,0.707106781187));
#4731 = ADVANCED_FACE('',(#4732),#4757,.T.);
#4732 = FACE_BOUND('',#4733,.T.);
#4733 = EDGE_LOOP('',(#4734,#4735,#4743,#4751));
#4734 = ORIENTED_EDGE('',*,*,#1385,.T.);
#4735 = ORIENTED_EDGE('',*,*,#4736,.T.);
#4736 = EDGE_CURVE('',#1388,#4737,#4739,.T.);
#4737 = VERTEX_POINT('',#4738);
#4738 = CARTESIAN_POINT('',(17.18,-0.6,7.6));
#4739 = LINE('',#4740,#4741);
#4740 = CARTESIAN_POINT('',(17.58,-0.2,8.));
#4741 = VECTOR('',#4742,1.);
#4742 = DIRECTION('',(-0.57735026919,-0.57735026919,-0.57735026919));
#4743 = ORIENTED_EDGE('',*,*,#4744,.T.);
#4744 = EDGE_CURVE('',#4737,#4745,#4747,.T.);
#4745 = VERTEX_POINT('',#4746);
#4746 = CARTESIAN_POINT('',(17.18,-1.94,7.6));
#4747 = LINE('',#4748,#4749);
#4748 = CARTESIAN_POINT('',(17.18,-0.3,7.6));
#4749 = VECTOR('',#4750,1.);
#4750 = DIRECTION('',(0.,-1.,1.2E-16));
#4751 = ORIENTED_EDGE('',*,*,#4752,.T.);
#4752 = EDGE_CURVE('',#4745,#1386,#4753,.T.);
#4753 = LINE('',#4754,#4755);
#4754 = CARTESIAN_POINT('',(17.18,-1.94,7.6));
#4755 = VECTOR('',#4756,1.);
#4756 = DIRECTION('',(0.57735026919,-0.57735026919,0.57735026919));
#4757 = PLANE('',#4758);
#4758 = AXIS2_PLACEMENT_3D('',#4759,#4760,#4761);
#4759 = CARTESIAN_POINT('',(17.38,-0.3,7.8));
#4760 = DIRECTION('',(-0.707106781187,9.E-17,0.707106781187));
#4761 = DIRECTION('',(-0.707106781187,-9.E-17,-0.707106781187));
#4762 = ADVANCED_FACE('',(#4763),#4781,.T.);
#4763 = FACE_BOUND('',#4764,.T.);
#4764 = EDGE_LOOP('',(#4765,#4766,#4767,#4775));
#4765 = ORIENTED_EDGE('',*,*,#1411,.T.);
#4766 = ORIENTED_EDGE('',*,*,#4752,.F.);
#4767 = ORIENTED_EDGE('',*,*,#4768,.T.);
#4768 = EDGE_CURVE('',#4745,#4769,#4771,.T.);
#4769 = VERTEX_POINT('',#4770);
#4770 = CARTESIAN_POINT('',(15.84,-1.94,7.6));
#4771 = LINE('',#4772,#4773);
#4772 = CARTESIAN_POINT('',(8.59,-1.94,7.6));
#4773 = VECTOR('',#4774,1.);
#4774 = DIRECTION('',(-1.,2.1E-16,0.));
#4775 = ORIENTED_EDGE('',*,*,#4776,.F.);
#4776 = EDGE_CURVE('',#1404,#4769,#4777,.T.);
#4777 = LINE('',#4778,#4779);
#4778 = CARTESIAN_POINT('',(15.44,-2.34,8.));
#4779 = VECTOR('',#4780,1.);
#4780 = DIRECTION('',(0.57735026919,0.57735026919,-0.57735026919));
#4781 = PLANE('',#4782);
#4782 = AXIS2_PLACEMENT_3D('',#4783,#4784,#4785);
#4783 = CARTESIAN_POINT('',(8.59,-2.14,7.8));
#4784 = DIRECTION('',(1.5E-16,0.707106781187,0.707106781187));
#4785 = DIRECTION('',(-1.,3.606601717798E-17,1.76066017178E-16));
#4786 = ADVANCED_FACE('',(#4787),#4805,.T.);
#4787 = FACE_BOUND('',#4788,.T.);
#4788 = EDGE_LOOP('',(#4789,#4790,#4798,#4804));
#4789 = ORIENTED_EDGE('',*,*,#1395,.T.);
#4790 = ORIENTED_EDGE('',*,*,#4791,.T.);
#4791 = EDGE_CURVE('',#1396,#4792,#4794,.T.);
#4792 = VERTEX_POINT('',#4793);
#4793 = CARTESIAN_POINT('',(15.84,-0.6,7.6));
#4794 = LINE('',#4795,#4796);
#4795 = CARTESIAN_POINT('',(15.44,-0.2,8.));
#4796 = VECTOR('',#4797,1.);
#4797 = DIRECTION('',(0.57735026919,-0.57735026919,-0.57735026919));
#4798 = ORIENTED_EDGE('',*,*,#4799,.T.);
#4799 = EDGE_CURVE('',#4792,#4737,#4800,.T.);
#4800 = LINE('',#4801,#4802);
#4801 = CARTESIAN_POINT('',(7.92,-0.6,7.6));
#4802 = VECTOR('',#4803,1.);
#4803 = DIRECTION('',(1.,-2.1E-16,0.));
#4804 = ORIENTED_EDGE('',*,*,#4736,.F.);
#4805 = PLANE('',#4806);
#4806 = AXIS2_PLACEMENT_3D('',#4807,#4808,#4809);
#4807 = CARTESIAN_POINT('',(7.92,-0.4,7.8));
#4808 = DIRECTION('',(-1.5E-16,-0.707106781187,0.707106781187));
#4809 = DIRECTION('',(-1.,3.606601717798E-17,-1.76066017178E-16));
#4810 = ADVANCED_FACE('',(#4811),#4822,.T.);
#4811 = FACE_BOUND('',#4812,.T.);
#4812 = EDGE_LOOP('',(#4813,#4819,#4820,#4821));
#4813 = ORIENTED_EDGE('',*,*,#4814,.T.);
#4814 = EDGE_CURVE('',#4769,#4792,#4815,.T.);
#4815 = LINE('',#4816,#4817);
#4816 = CARTESIAN_POINT('',(15.84,-0.97,7.6));
#4817 = VECTOR('',#4818,1.);
#4818 = DIRECTION('',(0.,1.,-1.2E-16));
#4819 = ORIENTED_EDGE('',*,*,#4791,.F.);
#4820 = ORIENTED_EDGE('',*,*,#1403,.T.);
#4821 = ORIENTED_EDGE('',*,*,#4776,.T.);
#4822 = PLANE('',#4823);
#4823 = AXIS2_PLACEMENT_3D('',#4824,#4825,#4826);
#4824 = CARTESIAN_POINT('',(15.64,-0.97,7.8));
#4825 = DIRECTION('',(0.707106781187,9.E-17,0.707106781187));
#4826 = DIRECTION('',(-0.707106781187,9.E-17,0.707106781187));
#4827 = ADVANCED_FACE('',(#4828),#4853,.T.);
#4828 = FACE_BOUND('',#4829,.T.);
#4829 = EDGE_LOOP('',(#4830,#4831,#4839,#4847));
#4830 = ORIENTED_EDGE('',*,*,#1419,.T.);
#4831 = ORIENTED_EDGE('',*,*,#4832,.T.);
#4832 = EDGE_CURVE('',#1422,#4833,#4835,.T.);
#4833 = VERTEX_POINT('',#4834);
#4834 = CARTESIAN_POINT('',(19.72,-0.6,7.6));
#4835 = LINE('',#4836,#4837);
#4836 = CARTESIAN_POINT('',(20.12,-0.2,8.));
#4837 = VECTOR('',#4838,1.);
#4838 = DIRECTION('',(-0.57735026919,-0.57735026919,-0.57735026919));
#4839 = ORIENTED_EDGE('',*,*,#4840,.T.);
#4840 = EDGE_CURVE('',#4833,#4841,#4843,.T.);
#4841 = VERTEX_POINT('',#4842);
#4842 = CARTESIAN_POINT('',(19.72,-1.94,7.6));
#4843 = LINE('',#4844,#4845);
#4844 = CARTESIAN_POINT('',(19.72,-0.3,7.6));
#4845 = VECTOR('',#4846,1.);
#4846 = DIRECTION('',(0.,-1.,1.2E-16));
#4847 = ORIENTED_EDGE('',*,*,#4848,.T.);
#4848 = EDGE_CURVE('',#4841,#1420,#4849,.T.);
#4849 = LINE('',#4850,#4851);
#4850 = CARTESIAN_POINT('',(19.72,-1.94,7.6));
#4851 = VECTOR('',#4852,1.);
#4852 = DIRECTION('',(0.57735026919,-0.57735026919,0.57735026919));
#4853 = PLANE('',#4854);
#4854 = AXIS2_PLACEMENT_3D('',#4855,#4856,#4857);
#4855 = CARTESIAN_POINT('',(19.92,-0.3,7.8));
#4856 = DIRECTION('',(-0.707106781187,9.E-17,0.707106781187));
#4857 = DIRECTION('',(-0.707106781187,-9.E-17,-0.707106781187));
#4858 = ADVANCED_FACE('',(#4859),#4877,.T.);
#4859 = FACE_BOUND('',#4860,.T.);
#4860 = EDGE_LOOP('',(#4861,#4862,#4863,#4871));
#4861 = ORIENTED_EDGE('',*,*,#1445,.T.);
#4862 = ORIENTED_EDGE('',*,*,#4848,.F.);
#4863 = ORIENTED_EDGE('',*,*,#4864,.T.);
#4864 = EDGE_CURVE('',#4841,#4865,#4867,.T.);
#4865 = VERTEX_POINT('',#4866);
#4866 = CARTESIAN_POINT('',(18.38,-1.94,7.6));
#4867 = LINE('',#4868,#4869);
#4868 = CARTESIAN_POINT('',(9.86,-1.94,7.6));
#4869 = VECTOR('',#4870,1.);
#4870 = DIRECTION('',(-1.,2.1E-16,0.));
#4871 = ORIENTED_EDGE('',*,*,#4872,.F.);
#4872 = EDGE_CURVE('',#1438,#4865,#4873,.T.);
#4873 = LINE('',#4874,#4875);
#4874 = CARTESIAN_POINT('',(17.98,-2.34,8.));
#4875 = VECTOR('',#4876,1.);
#4876 = DIRECTION('',(0.57735026919,0.57735026919,-0.57735026919));
#4877 = PLANE('',#4878);
#4878 = AXIS2_PLACEMENT_3D('',#4879,#4880,#4881);
#4879 = CARTESIAN_POINT('',(9.86,-2.14,7.8));
#4880 = DIRECTION('',(1.5E-16,0.707106781187,0.707106781187));
#4881 = DIRECTION('',(-1.,3.606601717798E-17,1.76066017178E-16));
#4882 = ADVANCED_FACE('',(#4883),#4901,.T.);
#4883 = FACE_BOUND('',#4884,.T.);
#4884 = EDGE_LOOP('',(#4885,#4886,#4894,#4900));
#4885 = ORIENTED_EDGE('',*,*,#1429,.T.);
#4886 = ORIENTED_EDGE('',*,*,#4887,.T.);
#4887 = EDGE_CURVE('',#1430,#4888,#4890,.T.);
#4888 = VERTEX_POINT('',#4889);
#4889 = CARTESIAN_POINT('',(18.38,-0.6,7.6));
#4890 = LINE('',#4891,#4892);
#4891 = CARTESIAN_POINT('',(17.98,-0.2,8.));
#4892 = VECTOR('',#4893,1.);
#4893 = DIRECTION('',(0.57735026919,-0.57735026919,-0.57735026919));
#4894 = ORIENTED_EDGE('',*,*,#4895,.T.);
#4895 = EDGE_CURVE('',#4888,#4833,#4896,.T.);
#4896 = LINE('',#4897,#4898);
#4897 = CARTESIAN_POINT('',(9.19,-0.6,7.6));
#4898 = VECTOR('',#4899,1.);
#4899 = DIRECTION('',(1.,-2.1E-16,0.));
#4900 = ORIENTED_EDGE('',*,*,#4832,.F.);
#4901 = PLANE('',#4902);
#4902 = AXIS2_PLACEMENT_3D('',#4903,#4904,#4905);
#4903 = CARTESIAN_POINT('',(9.19,-0.4,7.8));
#4904 = DIRECTION('',(-1.5E-16,-0.707106781187,0.707106781187));
#4905 = DIRECTION('',(-1.,3.606601717798E-17,-1.76066017178E-16));
#4906 = ADVANCED_FACE('',(#4907),#4918,.T.);
#4907 = FACE_BOUND('',#4908,.T.);
#4908 = EDGE_LOOP('',(#4909,#4915,#4916,#4917));
#4909 = ORIENTED_EDGE('',*,*,#4910,.T.);
#4910 = EDGE_CURVE('',#4865,#4888,#4911,.T.);
#4911 = LINE('',#4912,#4913);
#4912 = CARTESIAN_POINT('',(18.38,-0.97,7.6));
#4913 = VECTOR('',#4914,1.);
#4914 = DIRECTION('',(0.,1.,-1.2E-16));
#4915 = ORIENTED_EDGE('',*,*,#4887,.F.);
#4916 = ORIENTED_EDGE('',*,*,#1437,.T.);
#4917 = ORIENTED_EDGE('',*,*,#4872,.T.);
#4918 = PLANE('',#4919);
#4919 = AXIS2_PLACEMENT_3D('',#4920,#4921,#4922);
#4920 = CARTESIAN_POINT('',(18.18,-0.97,7.8));
#4921 = DIRECTION('',(0.707106781187,9.E-17,0.707106781187));
#4922 = DIRECTION('',(-0.707106781187,9.E-17,0.707106781187));
#4923 = ADVANCED_FACE('',(#4924),#4949,.T.);
#4924 = FACE_BOUND('',#4925,.T.);
#4925 = EDGE_LOOP('',(#4926,#4927,#4935,#4943));
#4926 = ORIENTED_EDGE('',*,*,#1453,.T.);
#4927 = ORIENTED_EDGE('',*,*,#4928,.T.);
#4928 = EDGE_CURVE('',#1456,#4929,#4931,.T.);
#4929 = VERTEX_POINT('',#4930);
#4930 = CARTESIAN_POINT('',(22.26,-0.6,7.6));
#4931 = LINE('',#4932,#4933);
#4932 = CARTESIAN_POINT('',(22.66,-0.2,8.));
#4933 = VECTOR('',#4934,1.);
#4934 = DIRECTION('',(-0.57735026919,-0.57735026919,-0.57735026919));
#4935 = ORIENTED_EDGE('',*,*,#4936,.T.);
#4936 = EDGE_CURVE('',#4929,#4937,#4939,.T.);
#4937 = VERTEX_POINT('',#4938);
#4938 = CARTESIAN_POINT('',(22.26,-1.94,7.6));
#4939 = LINE('',#4940,#4941);
#4940 = CARTESIAN_POINT('',(22.26,-0.3,7.6));
#4941 = VECTOR('',#4942,1.);
#4942 = DIRECTION('',(0.,-1.,1.2E-16));
#4943 = ORIENTED_EDGE('',*,*,#4944,.T.);
#4944 = EDGE_CURVE('',#4937,#1454,#4945,.T.);
#4945 = LINE('',#4946,#4947);
#4946 = CARTESIAN_POINT('',(22.26,-1.94,7.6));
#4947 = VECTOR('',#4948,1.);
#4948 = DIRECTION('',(0.57735026919,-0.57735026919,0.57735026919));
#4949 = PLANE('',#4950);
#4950 = AXIS2_PLACEMENT_3D('',#4951,#4952,#4953);
#4951 = CARTESIAN_POINT('',(22.46,-0.3,7.8));
#4952 = DIRECTION('',(-0.707106781187,9.E-17,0.707106781187));
#4953 = DIRECTION('',(-0.707106781187,-9.E-17,-0.707106781187));
#4954 = ADVANCED_FACE('',(#4955),#4973,.T.);
#4955 = FACE_BOUND('',#4956,.T.);
#4956 = EDGE_LOOP('',(#4957,#4958,#4959,#4967));
#4957 = ORIENTED_EDGE('',*,*,#1479,.T.);
#4958 = ORIENTED_EDGE('',*,*,#4944,.F.);
#4959 = ORIENTED_EDGE('',*,*,#4960,.T.);
#4960 = EDGE_CURVE('',#4937,#4961,#4963,.T.);
#4961 = VERTEX_POINT('',#4962);
#4962 = CARTESIAN_POINT('',(20.92,-1.94,7.6));
#4963 = LINE('',#4964,#4965);
#4964 = CARTESIAN_POINT('',(11.13,-1.94,7.6));
#4965 = VECTOR('',#4966,1.);
#4966 = DIRECTION('',(-1.,2.1E-16,0.));
#4967 = ORIENTED_EDGE('',*,*,#4968,.F.);
#4968 = EDGE_CURVE('',#1472,#4961,#4969,.T.);
#4969 = LINE('',#4970,#4971);
#4970 = CARTESIAN_POINT('',(20.52,-2.34,8.));
#4971 = VECTOR('',#4972,1.);
#4972 = DIRECTION('',(0.57735026919,0.57735026919,-0.57735026919));
#4973 = PLANE('',#4974);
#4974 = AXIS2_PLACEMENT_3D('',#4975,#4976,#4977);
#4975 = CARTESIAN_POINT('',(11.13,-2.14,7.8));
#4976 = DIRECTION('',(1.5E-16,0.707106781187,0.707106781187));
#4977 = DIRECTION('',(-1.,3.606601717798E-17,1.76066017178E-16));
#4978 = ADVANCED_FACE('',(#4979),#4997,.T.);
#4979 = FACE_BOUND('',#4980,.T.);
#4980 = EDGE_LOOP('',(#4981,#4982,#4990,#4996));
#4981 = ORIENTED_EDGE('',*,*,#1463,.T.);
#4982 = ORIENTED_EDGE('',*,*,#4983,.T.);
#4983 = EDGE_CURVE('',#1464,#4984,#4986,.T.);
#4984 = VERTEX_POINT('',#4985);
#4985 = CARTESIAN_POINT('',(20.92,-0.6,7.6));
#4986 = LINE('',#4987,#4988);
#4987 = CARTESIAN_POINT('',(20.52,-0.2,8.));
#4988 = VECTOR('',#4989,1.);
#4989 = DIRECTION('',(0.57735026919,-0.57735026919,-0.57735026919));
#4990 = ORIENTED_EDGE('',*,*,#4991,.T.);
#4991 = EDGE_CURVE('',#4984,#4929,#4992,.T.);
#4992 = LINE('',#4993,#4994);
#4993 = CARTESIAN_POINT('',(10.46,-0.6,7.6));
#4994 = VECTOR('',#4995,1.);
#4995 = DIRECTION('',(1.,-2.1E-16,0.));
#4996 = ORIENTED_EDGE('',*,*,#4928,.F.);
#4997 = PLANE('',#4998);
#4998 = AXIS2_PLACEMENT_3D('',#4999,#5000,#5001);
#4999 = CARTESIAN_POINT('',(10.46,-0.4,7.8));
#5000 = DIRECTION('',(-1.5E-16,-0.707106781187,0.707106781187));
#5001 = DIRECTION('',(-1.,3.606601717798E-17,-1.76066017178E-16));
#5002 = ADVANCED_FACE('',(#5003),#5014,.T.);
#5003 = FACE_BOUND('',#5004,.T.);
#5004 = EDGE_LOOP('',(#5005,#5011,#5012,#5013));
#5005 = ORIENTED_EDGE('',*,*,#5006,.T.);
#5006 = EDGE_CURVE('',#4961,#4984,#5007,.T.);
#5007 = LINE('',#5008,#5009);
#5008 = CARTESIAN_POINT('',(20.92,-0.97,7.6));
#5009 = VECTOR('',#5010,1.);
#5010 = DIRECTION('',(0.,1.,-1.2E-16));
#5011 = ORIENTED_EDGE('',*,*,#4983,.F.);
#5012 = ORIENTED_EDGE('',*,*,#1471,.T.);
#5013 = ORIENTED_EDGE('',*,*,#4968,.T.);
#5014 = PLANE('',#5015);
#5015 = AXIS2_PLACEMENT_3D('',#5016,#5017,#5018);
#5016 = CARTESIAN_POINT('',(20.72,-0.97,7.8));
#5017 = DIRECTION('',(0.707106781187,9.E-17,0.707106781187));
#5018 = DIRECTION('',(-0.707106781187,9.E-17,0.707106781187));
#5019 = ADVANCED_FACE('',(#5020),#5045,.T.);
#5020 = FACE_BOUND('',#5021,.T.);
#5021 = EDGE_LOOP('',(#5022,#5023,#5031,#5039));
#5022 = ORIENTED_EDGE('',*,*,#1487,.T.);
#5023 = ORIENTED_EDGE('',*,*,#5024,.T.);
#5024 = EDGE_CURVE('',#1490,#5025,#5027,.T.);
#5025 = VERTEX_POINT('',#5026);
#5026 = CARTESIAN_POINT('',(24.8,-0.6,7.6));
#5027 = LINE('',#5028,#5029);
#5028 = CARTESIAN_POINT('',(25.2,-0.2,8.));
#5029 = VECTOR('',#5030,1.);
#5030 = DIRECTION('',(-0.57735026919,-0.57735026919,-0.57735026919));
#5031 = ORIENTED_EDGE('',*,*,#5032,.T.);
#5032 = EDGE_CURVE('',#5025,#5033,#5035,.T.);
#5033 = VERTEX_POINT('',#5034);
#5034 = CARTESIAN_POINT('',(24.8,-1.94,7.6));
#5035 = LINE('',#5036,#5037);
#5036 = CARTESIAN_POINT('',(24.8,-0.3,7.6));
#5037 = VECTOR('',#5038,1.);
#5038 = DIRECTION('',(0.,-1.,1.2E-16));
#5039 = ORIENTED_EDGE('',*,*,#5040,.T.);
#5040 = EDGE_CURVE('',#5033,#1488,#5041,.T.);
#5041 = LINE('',#5042,#5043);
#5042 = CARTESIAN_POINT('',(24.8,-1.94,7.6));
#5043 = VECTOR('',#5044,1.);
#5044 = DIRECTION('',(0.57735026919,-0.57735026919,0.57735026919));
#5045 = PLANE('',#5046);
#5046 = AXIS2_PLACEMENT_3D('',#5047,#5048,#5049);
#5047 = CARTESIAN_POINT('',(25.,-0.3,7.8));
#5048 = DIRECTION('',(-0.707106781187,9.E-17,0.707106781187));
#5049 = DIRECTION('',(-0.707106781187,-9.E-17,-0.707106781187));
#5050 = ADVANCED_FACE('',(#5051),#5069,.T.);
#5051 = FACE_BOUND('',#5052,.T.);
#5052 = EDGE_LOOP('',(#5053,#5054,#5055,#5063));
#5053 = ORIENTED_EDGE('',*,*,#1513,.T.);
#5054 = ORIENTED_EDGE('',*,*,#5040,.F.);
#5055 = ORIENTED_EDGE('',*,*,#5056,.T.);
#5056 = EDGE_CURVE('',#5033,#5057,#5059,.T.);
#5057 = VERTEX_POINT('',#5058);
#5058 = CARTESIAN_POINT('',(23.46,-1.94,7.6));
#5059 = LINE('',#5060,#5061);
#5060 = CARTESIAN_POINT('',(12.4,-1.94,7.6));
#5061 = VECTOR('',#5062,1.);
#5062 = DIRECTION('',(-1.,2.1E-16,0.));
#5063 = ORIENTED_EDGE('',*,*,#5064,.F.);
#5064 = EDGE_CURVE('',#1506,#5057,#5065,.T.);
#5065 = LINE('',#5066,#5067);
#5066 = CARTESIAN_POINT('',(23.06,-2.34,8.));
#5067 = VECTOR('',#5068,1.);
#5068 = DIRECTION('',(0.57735026919,0.57735026919,-0.57735026919));
#5069 = PLANE('',#5070);
#5070 = AXIS2_PLACEMENT_3D('',#5071,#5072,#5073);
#5071 = CARTESIAN_POINT('',(12.4,-2.14,7.8));
#5072 = DIRECTION('',(1.5E-16,0.707106781187,0.707106781187));
#5073 = DIRECTION('',(-1.,3.606601717798E-17,1.76066017178E-16));
#5074 = ADVANCED_FACE('',(#5075),#5093,.T.);
#5075 = FACE_BOUND('',#5076,.T.);
#5076 = EDGE_LOOP('',(#5077,#5078,#5086,#5092));
#5077 = ORIENTED_EDGE('',*,*,#1497,.T.);
#5078 = ORIENTED_EDGE('',*,*,#5079,.T.);
#5079 = EDGE_CURVE('',#1498,#5080,#5082,.T.);
#5080 = VERTEX_POINT('',#5081);
#5081 = CARTESIAN_POINT('',(23.46,-0.6,7.6));
#5082 = LINE('',#5083,#5084);
#5083 = CARTESIAN_POINT('',(23.06,-0.2,8.));
#5084 = VECTOR('',#5085,1.);
#5085 = DIRECTION('',(0.57735026919,-0.57735026919,-0.57735026919));
#5086 = ORIENTED_EDGE('',*,*,#5087,.T.);
#5087 = EDGE_CURVE('',#5080,#5025,#5088,.T.);
#5088 = LINE('',#5089,#5090);
#5089 = CARTESIAN_POINT('',(11.73,-0.6,7.6));
#5090 = VECTOR('',#5091,1.);
#5091 = DIRECTION('',(1.,-2.1E-16,0.));
#5092 = ORIENTED_EDGE('',*,*,#5024,.F.);
#5093 = PLANE('',#5094);
#5094 = AXIS2_PLACEMENT_3D('',#5095,#5096,#5097);
#5095 = CARTESIAN_POINT('',(11.73,-0.4,7.8));
#5096 = DIRECTION('',(-1.5E-16,-0.707106781187,0.707106781187));
#5097 = DIRECTION('',(-1.,3.606601717798E-17,-1.76066017178E-16));
#5098 = ADVANCED_FACE('',(#5099),#5110,.T.);
#5099 = FACE_BOUND('',#5100,.T.);
#5100 = EDGE_LOOP('',(#5101,#5107,#5108,#5109));
#5101 = ORIENTED_EDGE('',*,*,#5102,.T.);
#5102 = EDGE_CURVE('',#5057,#5080,#5103,.T.);
#5103 = LINE('',#5104,#5105);
#5104 = CARTESIAN_POINT('',(23.46,-0.97,7.6));
#5105 = VECTOR('',#5106,1.);
#5106 = DIRECTION('',(0.,1.,-1.2E-16));
#5107 = ORIENTED_EDGE('',*,*,#5079,.F.);
#5108 = ORIENTED_EDGE('',*,*,#1505,.T.);
#5109 = ORIENTED_EDGE('',*,*,#5064,.T.);
#5110 = PLANE('',#5111);
#5111 = AXIS2_PLACEMENT_3D('',#5112,#5113,#5114);
#5112 = CARTESIAN_POINT('',(23.26,-0.97,7.8));
#5113 = DIRECTION('',(0.707106781187,9.E-17,0.707106781187));
#5114 = DIRECTION('',(-0.707106781187,9.E-17,0.707106781187));
#5115 = ADVANCED_FACE('',(#5116),#5141,.F.);
#5116 = FACE_BOUND('',#5117,.T.);
#5117 = EDGE_LOOP('',(#5118,#5119,#5127,#5135));
#5118 = ORIENTED_EDGE('',*,*,#1672,.F.);
#5119 = ORIENTED_EDGE('',*,*,#5120,.T.);
#5120 = EDGE_CURVE('',#1665,#5121,#5123,.T.);
#5121 = VERTEX_POINT('',#5122);
#5122 = CARTESIAN_POINT('',(-23.46,1.94,1.));
#5123 = LINE('',#5124,#5125);
#5124 = CARTESIAN_POINT('',(-23.46,1.94,8.));
#5125 = VECTOR('',#5126,1.);
#5126 = DIRECTION('',(0.,-1.2E-16,-1.));
#5127 = ORIENTED_EDGE('',*,*,#5128,.T.);
#5128 = EDGE_CURVE('',#5121,#5129,#5131,.T.);
#5129 = VERTEX_POINT('',#5130);
#5130 = CARTESIAN_POINT('',(-23.46,0.6,1.));
#5131 = LINE('',#5132,#5133);
#5132 = CARTESIAN_POINT('',(-23.46,1.94,1.));
#5133 = VECTOR('',#5134,1.);
#5134 = DIRECTION('',(0.,-1.,1.2E-16));
#5135 = ORIENTED_EDGE('',*,*,#5136,.F.);
#5136 = EDGE_CURVE('',#1673,#5129,#5137,.T.);
#5137 = LINE('',#5138,#5139);
#5138 = CARTESIAN_POINT('',(-23.46,0.6,8.));
#5139 = VECTOR('',#5140,1.);
#5140 = DIRECTION('',(0.,-1.2E-16,-1.));
#5141 = PLANE('',#5142);
#5142 = AXIS2_PLACEMENT_3D('',#5143,#5144,#5145);
#5143 = CARTESIAN_POINT('',(-23.46,1.94,8.));
#5144 = DIRECTION('',(1.,0.,0.));
#5145 = DIRECTION('',(0.,-1.,1.4E-16));
#5146 = ADVANCED_FACE('',(#5147),#5165,.F.);
#5147 = FACE_BOUND('',#5148,.T.);
#5148 = EDGE_LOOP('',(#5149,#5150,#5151,#5159));
#5149 = ORIENTED_EDGE('',*,*,#1696,.F.);
#5150 = ORIENTED_EDGE('',*,*,#5136,.T.);
#5151 = ORIENTED_EDGE('',*,*,#5152,.T.);
#5152 = EDGE_CURVE('',#5129,#5153,#5155,.T.);
#5153 = VERTEX_POINT('',#5154);
#5154 = CARTESIAN_POINT('',(-24.8,0.6,1.));
#5155 = LINE('',#5156,#5157);
#5156 = CARTESIAN_POINT('',(-23.46,0.6,1.));
#5157 = VECTOR('',#5158,1.);
#5158 = DIRECTION('',(-1.,2.1E-16,0.));
#5159 = ORIENTED_EDGE('',*,*,#5160,.F.);
#5160 = EDGE_CURVE('',#1697,#5153,#5161,.T.);
#5161 = LINE('',#5162,#5163);
#5162 = CARTESIAN_POINT('',(-24.8,0.6,8.));
#5163 = VECTOR('',#5164,1.);
#5164 = DIRECTION('',(0.,-1.2E-16,-1.));
#5165 = PLANE('',#5166);
#5166 = AXIS2_PLACEMENT_3D('',#5167,#5168,#5169);
#5167 = CARTESIAN_POINT('',(-23.46,0.6,8.));
#5168 = DIRECTION('',(-2.1E-16,-1.,1.2E-16));
#5169 = DIRECTION('',(-1.,2.1E-16,0.));
#5170 = ADVANCED_FACE('',(#5171),#5189,.F.);
#5171 = FACE_BOUND('',#5172,.T.);
#5172 = EDGE_LOOP('',(#5173,#5174,#5182,#5188));
#5173 = ORIENTED_EDGE('',*,*,#1727,.F.);
#5174 = ORIENTED_EDGE('',*,*,#5175,.T.);
#5175 = EDGE_CURVE('',#1720,#5176,#5178,.T.);
#5176 = VERTEX_POINT('',#5177);
#5177 = CARTESIAN_POINT('',(-24.8,1.94,1.));
#5178 = LINE('',#5179,#5180);
#5179 = CARTESIAN_POINT('',(-24.8,1.94,8.));
#5180 = VECTOR('',#5181,1.);
#5181 = DIRECTION('',(0.,-1.2E-16,-1.));
#5182 = ORIENTED_EDGE('',*,*,#5183,.T.);
#5183 = EDGE_CURVE('',#5176,#5121,#5184,.T.);
#5184 = LINE('',#5185,#5186);
#5185 = CARTESIAN_POINT('',(-24.8,1.94,1.));
#5186 = VECTOR('',#5187,1.);
#5187 = DIRECTION('',(1.,-2.1E-16,0.));
#5188 = ORIENTED_EDGE('',*,*,#5120,.F.);
#5189 = PLANE('',#5190);
#5190 = AXIS2_PLACEMENT_3D('',#5191,#5192,#5193);
#5191 = CARTESIAN_POINT('',(-24.8,1.94,8.));
#5192 = DIRECTION('',(2.1E-16,1.,-1.2E-16));
#5193 = DIRECTION('',(1.,-2.1E-16,0.));
#5194 = ADVANCED_FACE('',(#5195),#5206,.F.);
#5195 = FACE_BOUND('',#5196,.T.);
#5196 = EDGE_LOOP('',(#5197,#5198,#5199,#5205));
#5197 = ORIENTED_EDGE('',*,*,#1742,.F.);
#5198 = ORIENTED_EDGE('',*,*,#5160,.T.);
#5199 = ORIENTED_EDGE('',*,*,#5200,.T.);
#5200 = EDGE_CURVE('',#5153,#5176,#5201,.T.);
#5201 = LINE('',#5202,#5203);
#5202 = CARTESIAN_POINT('',(-24.8,0.6,1.));
#5203 = VECTOR('',#5204,1.);
#5204 = DIRECTION('',(0.,1.,-1.2E-16));
#5205 = ORIENTED_EDGE('',*,*,#5175,.F.);
#5206 = PLANE('',#5207);
#5207 = AXIS2_PLACEMENT_3D('',#5208,#5209,#5210);
#5208 = CARTESIAN_POINT('',(-24.8,0.6,8.));
#5209 = DIRECTION('',(-1.,0.,0.));
#5210 = DIRECTION('',(0.,1.,-1.4E-16));
#5211 = ADVANCED_FACE('',(#5212),#5237,.F.);
#5212 = FACE_BOUND('',#5213,.T.);
#5213 = EDGE_LOOP('',(#5214,#5215,#5223,#5231));
#5214 = ORIENTED_EDGE('',*,*,#1768,.F.);
#5215 = ORIENTED_EDGE('',*,*,#5216,.T.);
#5216 = EDGE_CURVE('',#1761,#5217,#5219,.T.);
#5217 = VERTEX_POINT('',#5218);
#5218 = CARTESIAN_POINT('',(-20.92,1.94,1.));
#5219 = LINE('',#5220,#5221);
#5220 = CARTESIAN_POINT('',(-20.92,1.94,8.));
#5221 = VECTOR('',#5222,1.);
#5222 = DIRECTION('',(0.,-1.2E-16,-1.));
#5223 = ORIENTED_EDGE('',*,*,#5224,.T.);
#5224 = EDGE_CURVE('',#5217,#5225,#5227,.T.);
#5225 = VERTEX_POINT('',#5226);
#5226 = CARTESIAN_POINT('',(-20.92,0.6,1.));
#5227 = LINE('',#5228,#5229);
#5228 = CARTESIAN_POINT('',(-20.92,1.94,1.));
#5229 = VECTOR('',#5230,1.);
#5230 = DIRECTION('',(0.,-1.,1.2E-16));
#5231 = ORIENTED_EDGE('',*,*,#5232,.F.);
#5232 = EDGE_CURVE('',#1769,#5225,#5233,.T.);
#5233 = LINE('',#5234,#5235);
#5234 = CARTESIAN_POINT('',(-20.92,0.6,8.));
#5235 = VECTOR('',#5236,1.);
#5236 = DIRECTION('',(0.,-1.2E-16,-1.));
#5237 = PLANE('',#5238);
#5238 = AXIS2_PLACEMENT_3D('',#5239,#5240,#5241);
#5239 = CARTESIAN_POINT('',(-20.92,1.94,8.));
#5240 = DIRECTION('',(1.,0.,0.));
#5241 = DIRECTION('',(0.,-1.,1.4E-16));
#5242 = ADVANCED_FACE('',(#5243),#5261,.F.);
#5243 = FACE_BOUND('',#5244,.T.);
#5244 = EDGE_LOOP('',(#5245,#5246,#5247,#5255));
#5245 = ORIENTED_EDGE('',*,*,#1792,.F.);
#5246 = ORIENTED_EDGE('',*,*,#5232,.T.);
#5247 = ORIENTED_EDGE('',*,*,#5248,.T.);
#5248 = EDGE_CURVE('',#5225,#5249,#5251,.T.);
#5249 = VERTEX_POINT('',#5250);
#5250 = CARTESIAN_POINT('',(-22.26,0.6,1.));
#5251 = LINE('',#5252,#5253);
#5252 = CARTESIAN_POINT('',(-20.92,0.6,1.));
#5253 = VECTOR('',#5254,1.);
#5254 = DIRECTION('',(-1.,2.1E-16,0.));
#5255 = ORIENTED_EDGE('',*,*,#5256,.F.);
#5256 = EDGE_CURVE('',#1793,#5249,#5257,.T.);
#5257 = LINE('',#5258,#5259);
#5258 = CARTESIAN_POINT('',(-22.26,0.6,8.));
#5259 = VECTOR('',#5260,1.);
#5260 = DIRECTION('',(0.,-1.2E-16,-1.));
#5261 = PLANE('',#5262);
#5262 = AXIS2_PLACEMENT_3D('',#5263,#5264,#5265);
#5263 = CARTESIAN_POINT('',(-20.92,0.6,8.));
#5264 = DIRECTION('',(-2.1E-16,-1.,1.2E-16));
#5265 = DIRECTION('',(-1.,2.1E-16,0.));
#5266 = ADVANCED_FACE('',(#5267),#5285,.F.);
#5267 = FACE_BOUND('',#5268,.T.);
#5268 = EDGE_LOOP('',(#5269,#5270,#5278,#5284));
#5269 = ORIENTED_EDGE('',*,*,#1823,.F.);
#5270 = ORIENTED_EDGE('',*,*,#5271,.T.);
#5271 = EDGE_CURVE('',#1816,#5272,#5274,.T.);
#5272 = VERTEX_POINT('',#5273);
#5273 = CARTESIAN_POINT('',(-22.26,1.94,1.));
#5274 = LINE('',#5275,#5276);
#5275 = CARTESIAN_POINT('',(-22.26,1.94,8.));
#5276 = VECTOR('',#5277,1.);
#5277 = DIRECTION('',(0.,-1.2E-16,-1.));
#5278 = ORIENTED_EDGE('',*,*,#5279,.T.);
#5279 = EDGE_CURVE('',#5272,#5217,#5280,.T.);
#5280 = LINE('',#5281,#5282);
#5281 = CARTESIAN_POINT('',(-22.26,1.94,1.));
#5282 = VECTOR('',#5283,1.);
#5283 = DIRECTION('',(1.,-2.1E-16,0.));
#5284 = ORIENTED_EDGE('',*,*,#5216,.F.);
#5285 = PLANE('',#5286);
#5286 = AXIS2_PLACEMENT_3D('',#5287,#5288,#5289);
#5287 = CARTESIAN_POINT('',(-22.26,1.94,8.));
#5288 = DIRECTION('',(2.1E-16,1.,-1.2E-16));
#5289 = DIRECTION('',(1.,-2.1E-16,0.));
#5290 = ADVANCED_FACE('',(#5291),#5302,.F.);
#5291 = FACE_BOUND('',#5292,.T.);
#5292 = EDGE_LOOP('',(#5293,#5294,#5295,#5301));
#5293 = ORIENTED_EDGE('',*,*,#1838,.F.);
#5294 = ORIENTED_EDGE('',*,*,#5256,.T.);
#5295 = ORIENTED_EDGE('',*,*,#5296,.T.);
#5296 = EDGE_CURVE('',#5249,#5272,#5297,.T.);
#5297 = LINE('',#5298,#5299);
#5298 = CARTESIAN_POINT('',(-22.26,0.6,1.));
#5299 = VECTOR('',#5300,1.);
#5300 = DIRECTION('',(0.,1.,-1.2E-16));
#5301 = ORIENTED_EDGE('',*,*,#5271,.F.);
#5302 = PLANE('',#5303);
#5303 = AXIS2_PLACEMENT_3D('',#5304,#5305,#5306);
#5304 = CARTESIAN_POINT('',(-22.26,0.6,8.));
#5305 = DIRECTION('',(-1.,0.,0.));
#5306 = DIRECTION('',(0.,1.,-1.4E-16));
#5307 = ADVANCED_FACE('',(#5308),#5333,.F.);
#5308 = FACE_BOUND('',#5309,.T.);
#5309 = EDGE_LOOP('',(#5310,#5311,#5319,#5327));
#5310 = ORIENTED_EDGE('',*,*,#1864,.F.);
#5311 = ORIENTED_EDGE('',*,*,#5312,.T.);
#5312 = EDGE_CURVE('',#1857,#5313,#5315,.T.);
#5313 = VERTEX_POINT('',#5314);
#5314 = CARTESIAN_POINT('',(-18.38,1.94,1.));
#5315 = LINE('',#5316,#5317);
#5316 = CARTESIAN_POINT('',(-18.38,1.94,8.));
#5317 = VECTOR('',#5318,1.);
#5318 = DIRECTION('',(0.,-1.2E-16,-1.));
#5319 = ORIENTED_EDGE('',*,*,#5320,.T.);
#5320 = EDGE_CURVE('',#5313,#5321,#5323,.T.);
#5321 = VERTEX_POINT('',#5322);
#5322 = CARTESIAN_POINT('',(-18.38,0.6,1.));
#5323 = LINE('',#5324,#5325);
#5324 = CARTESIAN_POINT('',(-18.38,1.94,1.));
#5325 = VECTOR('',#5326,1.);
#5326 = DIRECTION('',(0.,-1.,1.2E-16));
#5327 = ORIENTED_EDGE('',*,*,#5328,.F.);
#5328 = EDGE_CURVE('',#1865,#5321,#5329,.T.);
#5329 = LINE('',#5330,#5331);
#5330 = CARTESIAN_POINT('',(-18.38,0.6,8.));
#5331 = VECTOR('',#5332,1.);
#5332 = DIRECTION('',(0.,-1.2E-16,-1.));
#5333 = PLANE('',#5334);
#5334 = AXIS2_PLACEMENT_3D('',#5335,#5336,#5337);
#5335 = CARTESIAN_POINT('',(-18.38,1.94,8.));
#5336 = DIRECTION('',(1.,0.,0.));
#5337 = DIRECTION('',(0.,-1.,1.4E-16));
#5338 = ADVANCED_FACE('',(#5339),#5357,.F.);
#5339 = FACE_BOUND('',#5340,.T.);
#5340 = EDGE_LOOP('',(#5341,#5342,#5343,#5351));
#5341 = ORIENTED_EDGE('',*,*,#1888,.F.);
#5342 = ORIENTED_EDGE('',*,*,#5328,.T.);
#5343 = ORIENTED_EDGE('',*,*,#5344,.T.);
#5344 = EDGE_CURVE('',#5321,#5345,#5347,.T.);
#5345 = VERTEX_POINT('',#5346);
#5346 = CARTESIAN_POINT('',(-19.72,0.6,1.));
#5347 = LINE('',#5348,#5349);
#5348 = CARTESIAN_POINT('',(-18.38,0.6,1.));
#5349 = VECTOR('',#5350,1.);
#5350 = DIRECTION('',(-1.,2.1E-16,0.));
#5351 = ORIENTED_EDGE('',*,*,#5352,.F.);
#5352 = EDGE_CURVE('',#1889,#5345,#5353,.T.);
#5353 = LINE('',#5354,#5355);
#5354 = CARTESIAN_POINT('',(-19.72,0.6,8.));
#5355 = VECTOR('',#5356,1.);
#5356 = DIRECTION('',(0.,-1.2E-16,-1.));
#5357 = PLANE('',#5358);
#5358 = AXIS2_PLACEMENT_3D('',#5359,#5360,#5361);
#5359 = CARTESIAN_POINT('',(-18.38,0.6,8.));
#5360 = DIRECTION('',(-2.1E-16,-1.,1.2E-16));
#5361 = DIRECTION('',(-1.,2.1E-16,0.));
#5362 = ADVANCED_FACE('',(#5363),#5381,.F.);
#5363 = FACE_BOUND('',#5364,.T.);
#5364 = EDGE_LOOP('',(#5365,#5366,#5374,#5380));
#5365 = ORIENTED_EDGE('',*,*,#1919,.F.);
#5366 = ORIENTED_EDGE('',*,*,#5367,.T.);
#5367 = EDGE_CURVE('',#1912,#5368,#5370,.T.);
#5368 = VERTEX_POINT('',#5369);
#5369 = CARTESIAN_POINT('',(-19.72,1.94,1.));
#5370 = LINE('',#5371,#5372);
#5371 = CARTESIAN_POINT('',(-19.72,1.94,8.));
#5372 = VECTOR('',#5373,1.);
#5373 = DIRECTION('',(0.,-1.2E-16,-1.));
#5374 = ORIENTED_EDGE('',*,*,#5375,.T.);
#5375 = EDGE_CURVE('',#5368,#5313,#5376,.T.);
#5376 = LINE('',#5377,#5378);
#5377 = CARTESIAN_POINT('',(-19.72,1.94,1.));
#5378 = VECTOR('',#5379,1.);
#5379 = DIRECTION('',(1.,-2.1E-16,0.));
#5380 = ORIENTED_EDGE('',*,*,#5312,.F.);
#5381 = PLANE('',#5382);
#5382 = AXIS2_PLACEMENT_3D('',#5383,#5384,#5385);
#5383 = CARTESIAN_POINT('',(-19.72,1.94,8.));
#5384 = DIRECTION('',(2.1E-16,1.,-1.2E-16));
#5385 = DIRECTION('',(1.,-2.1E-16,0.));
#5386 = ADVANCED_FACE('',(#5387),#5398,.F.);
#5387 = FACE_BOUND('',#5388,.T.);
#5388 = EDGE_LOOP('',(#5389,#5390,#5391,#5397));
#5389 = ORIENTED_EDGE('',*,*,#1934,.F.);
#5390 = ORIENTED_EDGE('',*,*,#5352,.T.);
#5391 = ORIENTED_EDGE('',*,*,#5392,.T.);
#5392 = EDGE_CURVE('',#5345,#5368,#5393,.T.);
#5393 = LINE('',#5394,#5395);
#5394 = CARTESIAN_POINT('',(-19.72,0.6,1.));
#5395 = VECTOR('',#5396,1.);
#5396 = DIRECTION('',(0.,1.,-1.2E-16));
#5397 = ORIENTED_EDGE('',*,*,#5367,.F.);
#5398 = PLANE('',#5399);
#5399 = AXIS2_PLACEMENT_3D('',#5400,#5401,#5402);
#5400 = CARTESIAN_POINT('',(-19.72,0.6,8.));
#5401 = DIRECTION('',(-1.,0.,0.));
#5402 = DIRECTION('',(0.,1.,-1.4E-16));
#5403 = ADVANCED_FACE('',(#5404),#5429,.F.);
#5404 = FACE_BOUND('',#5405,.T.);
#5405 = EDGE_LOOP('',(#5406,#5407,#5415,#5423));
#5406 = ORIENTED_EDGE('',*,*,#1960,.F.);
#5407 = ORIENTED_EDGE('',*,*,#5408,.T.);
#5408 = EDGE_CURVE('',#1953,#5409,#5411,.T.);
#5409 = VERTEX_POINT('',#5410);
#5410 = CARTESIAN_POINT('',(-15.84,1.94,1.));
#5411 = LINE('',#5412,#5413);
#5412 = CARTESIAN_POINT('',(-15.84,1.94,8.));
#5413 = VECTOR('',#5414,1.);
#5414 = DIRECTION('',(0.,-1.2E-16,-1.));
#5415 = ORIENTED_EDGE('',*,*,#5416,.T.);
#5416 = EDGE_CURVE('',#5409,#5417,#5419,.T.);
#5417 = VERTEX_POINT('',#5418);
#5418 = CARTESIAN_POINT('',(-15.84,0.6,1.));
#5419 = LINE('',#5420,#5421);
#5420 = CARTESIAN_POINT('',(-15.84,1.94,1.));
#5421 = VECTOR('',#5422,1.);
#5422 = DIRECTION('',(0.,-1.,1.2E-16));
#5423 = ORIENTED_EDGE('',*,*,#5424,.F.);
#5424 = EDGE_CURVE('',#1961,#5417,#5425,.T.);
#5425 = LINE('',#5426,#5427);
#5426 = CARTESIAN_POINT('',(-15.84,0.6,8.));
#5427 = VECTOR('',#5428,1.);
#5428 = DIRECTION('',(0.,-1.2E-16,-1.));
#5429 = PLANE('',#5430);
#5430 = AXIS2_PLACEMENT_3D('',#5431,#5432,#5433);
#5431 = CARTESIAN_POINT('',(-15.84,1.94,8.));
#5432 = DIRECTION('',(1.,0.,0.));
#5433 = DIRECTION('',(0.,-1.,1.4E-16));
#5434 = ADVANCED_FACE('',(#5435),#5453,.F.);
#5435 = FACE_BOUND('',#5436,.T.);
#5436 = EDGE_LOOP('',(#5437,#5438,#5439,#5447));
#5437 = ORIENTED_EDGE('',*,*,#1984,.F.);
#5438 = ORIENTED_EDGE('',*,*,#5424,.T.);
#5439 = ORIENTED_EDGE('',*,*,#5440,.T.);
#5440 = EDGE_CURVE('',#5417,#5441,#5443,.T.);
#5441 = VERTEX_POINT('',#5442);
#5442 = CARTESIAN_POINT('',(-17.18,0.6,1.));
#5443 = LINE('',#5444,#5445);
#5444 = CARTESIAN_POINT('',(-15.84,0.6,1.));
#5445 = VECTOR('',#5446,1.);
#5446 = DIRECTION('',(-1.,2.1E-16,0.));
#5447 = ORIENTED_EDGE('',*,*,#5448,.F.);
#5448 = EDGE_CURVE('',#1985,#5441,#5449,.T.);
#5449 = LINE('',#5450,#5451);
#5450 = CARTESIAN_POINT('',(-17.18,0.6,8.));
#5451 = VECTOR('',#5452,1.);
#5452 = DIRECTION('',(0.,-1.2E-16,-1.));
#5453 = PLANE('',#5454);
#5454 = AXIS2_PLACEMENT_3D('',#5455,#5456,#5457);
#5455 = CARTESIAN_POINT('',(-15.84,0.6,8.));
#5456 = DIRECTION('',(-2.1E-16,-1.,1.2E-16));
#5457 = DIRECTION('',(-1.,2.1E-16,0.));
#5458 = ADVANCED_FACE('',(#5459),#5477,.F.);
#5459 = FACE_BOUND('',#5460,.T.);
#5460 = EDGE_LOOP('',(#5461,#5462,#5470,#5476));
#5461 = ORIENTED_EDGE('',*,*,#2015,.F.);
#5462 = ORIENTED_EDGE('',*,*,#5463,.T.);
#5463 = EDGE_CURVE('',#2008,#5464,#5466,.T.);
#5464 = VERTEX_POINT('',#5465);
#5465 = CARTESIAN_POINT('',(-17.18,1.94,1.));
#5466 = LINE('',#5467,#5468);
#5467 = CARTESIAN_POINT('',(-17.18,1.94,8.));
#5468 = VECTOR('',#5469,1.);
#5469 = DIRECTION('',(0.,-1.2E-16,-1.));
#5470 = ORIENTED_EDGE('',*,*,#5471,.T.);
#5471 = EDGE_CURVE('',#5464,#5409,#5472,.T.);
#5472 = LINE('',#5473,#5474);
#5473 = CARTESIAN_POINT('',(-17.18,1.94,1.));
#5474 = VECTOR('',#5475,1.);
#5475 = DIRECTION('',(1.,-2.1E-16,0.));
#5476 = ORIENTED_EDGE('',*,*,#5408,.F.);
#5477 = PLANE('',#5478);
#5478 = AXIS2_PLACEMENT_3D('',#5479,#5480,#5481);
#5479 = CARTESIAN_POINT('',(-17.18,1.94,8.));
#5480 = DIRECTION('',(2.1E-16,1.,-1.2E-16));
#5481 = DIRECTION('',(1.,-2.1E-16,0.));
#5482 = ADVANCED_FACE('',(#5483),#5494,.F.);
#5483 = FACE_BOUND('',#5484,.T.);
#5484 = EDGE_LOOP('',(#5485,#5486,#5487,#5493));
#5485 = ORIENTED_EDGE('',*,*,#2030,.F.);
#5486 = ORIENTED_EDGE('',*,*,#5448,.T.);
#5487 = ORIENTED_EDGE('',*,*,#5488,.T.);
#5488 = EDGE_CURVE('',#5441,#5464,#5489,.T.);
#5489 = LINE('',#5490,#5491);
#5490 = CARTESIAN_POINT('',(-17.18,0.6,1.));
#5491 = VECTOR('',#5492,1.);
#5492 = DIRECTION('',(0.,1.,-1.2E-16));
#5493 = ORIENTED_EDGE('',*,*,#5463,.F.);
#5494 = PLANE('',#5495);
#5495 = AXIS2_PLACEMENT_3D('',#5496,#5497,#5498);
#5496 = CARTESIAN_POINT('',(-17.18,0.6,8.));
#5497 = DIRECTION('',(-1.,0.,0.));
#5498 = DIRECTION('',(0.,1.,-1.4E-16));
#5499 = ADVANCED_FACE('',(#5500),#5525,.F.);
#5500 = FACE_BOUND('',#5501,.T.);
#5501 = EDGE_LOOP('',(#5502,#5503,#5511,#5519));
#5502 = ORIENTED_EDGE('',*,*,#2056,.F.);
#5503 = ORIENTED_EDGE('',*,*,#5504,.T.);
#5504 = EDGE_CURVE('',#2049,#5505,#5507,.T.);
#5505 = VERTEX_POINT('',#5506);
#5506 = CARTESIAN_POINT('',(-13.3,1.94,1.));
#5507 = LINE('',#5508,#5509);
#5508 = CARTESIAN_POINT('',(-13.3,1.94,8.));
#5509 = VECTOR('',#5510,1.);
#5510 = DIRECTION('',(0.,-1.2E-16,-1.));
#5511 = ORIENTED_EDGE('',*,*,#5512,.T.);
#5512 = EDGE_CURVE('',#5505,#5513,#5515,.T.);
#5513 = VERTEX_POINT('',#5514);
#5514 = CARTESIAN_POINT('',(-13.3,0.6,1.));
#5515 = LINE('',#5516,#5517);
#5516 = CARTESIAN_POINT('',(-13.3,1.94,1.));
#5517 = VECTOR('',#5518,1.);
#5518 = DIRECTION('',(0.,-1.,1.2E-16));
#5519 = ORIENTED_EDGE('',*,*,#5520,.F.);
#5520 = EDGE_CURVE('',#2057,#5513,#5521,.T.);
#5521 = LINE('',#5522,#5523);
#5522 = CARTESIAN_POINT('',(-13.3,0.6,8.));
#5523 = VECTOR('',#5524,1.);
#5524 = DIRECTION('',(0.,-1.2E-16,-1.));
#5525 = PLANE('',#5526);
#5526 = AXIS2_PLACEMENT_3D('',#5527,#5528,#5529);
#5527 = CARTESIAN_POINT('',(-13.3,1.94,8.));
#5528 = DIRECTION('',(1.,0.,0.));
#5529 = DIRECTION('',(0.,-1.,1.4E-16));
#5530 = ADVANCED_FACE('',(#5531),#5549,.F.);
#5531 = FACE_BOUND('',#5532,.T.);
#5532 = EDGE_LOOP('',(#5533,#5534,#5535,#5543));
#5533 = ORIENTED_EDGE('',*,*,#2080,.F.);
#5534 = ORIENTED_EDGE('',*,*,#5520,.T.);
#5535 = ORIENTED_EDGE('',*,*,#5536,.T.);
#5536 = EDGE_CURVE('',#5513,#5537,#5539,.T.);
#5537 = VERTEX_POINT('',#5538);
#5538 = CARTESIAN_POINT('',(-14.64,0.6,1.));
#5539 = LINE('',#5540,#5541);
#5540 = CARTESIAN_POINT('',(-13.3,0.6,1.));
#5541 = VECTOR('',#5542,1.);
#5542 = DIRECTION('',(-1.,2.1E-16,0.));
#5543 = ORIENTED_EDGE('',*,*,#5544,.F.);
#5544 = EDGE_CURVE('',#2081,#5537,#5545,.T.);
#5545 = LINE('',#5546,#5547);
#5546 = CARTESIAN_POINT('',(-14.64,0.6,8.));
#5547 = VECTOR('',#5548,1.);
#5548 = DIRECTION('',(0.,-1.2E-16,-1.));
#5549 = PLANE('',#5550);
#5550 = AXIS2_PLACEMENT_3D('',#5551,#5552,#5553);
#5551 = CARTESIAN_POINT('',(-13.3,0.6,8.));
#5552 = DIRECTION('',(-2.1E-16,-1.,1.2E-16));
#5553 = DIRECTION('',(-1.,2.1E-16,0.));
#5554 = ADVANCED_FACE('',(#5555),#5573,.F.);
#5555 = FACE_BOUND('',#5556,.T.);
#5556 = EDGE_LOOP('',(#5557,#5558,#5566,#5572));
#5557 = ORIENTED_EDGE('',*,*,#2111,.F.);
#5558 = ORIENTED_EDGE('',*,*,#5559,.T.);
#5559 = EDGE_CURVE('',#2104,#5560,#5562,.T.);
#5560 = VERTEX_POINT('',#5561);
#5561 = CARTESIAN_POINT('',(-14.64,1.94,1.));
#5562 = LINE('',#5563,#5564);
#5563 = CARTESIAN_POINT('',(-14.64,1.94,8.));
#5564 = VECTOR('',#5565,1.);
#5565 = DIRECTION('',(0.,-1.2E-16,-1.));
#5566 = ORIENTED_EDGE('',*,*,#5567,.T.);
#5567 = EDGE_CURVE('',#5560,#5505,#5568,.T.);
#5568 = LINE('',#5569,#5570);
#5569 = CARTESIAN_POINT('',(-14.64,1.94,1.));
#5570 = VECTOR('',#5571,1.);
#5571 = DIRECTION('',(1.,-2.1E-16,0.));
#5572 = ORIENTED_EDGE('',*,*,#5504,.F.);
#5573 = PLANE('',#5574);
#5574 = AXIS2_PLACEMENT_3D('',#5575,#5576,#5577);
#5575 = CARTESIAN_POINT('',(-14.64,1.94,8.));
#5576 = DIRECTION('',(2.1E-16,1.,-1.2E-16));
#5577 = DIRECTION('',(1.,-2.1E-16,0.));
#5578 = ADVANCED_FACE('',(#5579),#5590,.F.);
#5579 = FACE_BOUND('',#5580,.T.);
#5580 = EDGE_LOOP('',(#5581,#5582,#5583,#5589));
#5581 = ORIENTED_EDGE('',*,*,#2126,.F.);
#5582 = ORIENTED_EDGE('',*,*,#5544,.T.);
#5583 = ORIENTED_EDGE('',*,*,#5584,.T.);
#5584 = EDGE_CURVE('',#5537,#5560,#5585,.T.);
#5585 = LINE('',#5586,#5587);
#5586 = CARTESIAN_POINT('',(-14.64,0.6,1.));
#5587 = VECTOR('',#5588,1.);
#5588 = DIRECTION('',(0.,1.,-1.2E-16));
#5589 = ORIENTED_EDGE('',*,*,#5559,.F.);
#5590 = PLANE('',#5591);
#5591 = AXIS2_PLACEMENT_3D('',#5592,#5593,#5594);
#5592 = CARTESIAN_POINT('',(-14.64,0.6,8.));
#5593 = DIRECTION('',(-1.,0.,0.));
#5594 = DIRECTION('',(0.,1.,-1.4E-16));
#5595 = ADVANCED_FACE('',(#5596),#5621,.F.);
#5596 = FACE_BOUND('',#5597,.T.);
#5597 = EDGE_LOOP('',(#5598,#5599,#5607,#5615));
#5598 = ORIENTED_EDGE('',*,*,#2152,.F.);
#5599 = ORIENTED_EDGE('',*,*,#5600,.T.);
#5600 = EDGE_CURVE('',#2145,#5601,#5603,.T.);
#5601 = VERTEX_POINT('',#5602);
#5602 = CARTESIAN_POINT('',(-10.76,1.94,1.));
#5603 = LINE('',#5604,#5605);
#5604 = CARTESIAN_POINT('',(-10.76,1.94,8.));
#5605 = VECTOR('',#5606,1.);
#5606 = DIRECTION('',(0.,-1.2E-16,-1.));
#5607 = ORIENTED_EDGE('',*,*,#5608,.T.);
#5608 = EDGE_CURVE('',#5601,#5609,#5611,.T.);
#5609 = VERTEX_POINT('',#5610);
#5610 = CARTESIAN_POINT('',(-10.76,0.6,1.));
#5611 = LINE('',#5612,#5613);
#5612 = CARTESIAN_POINT('',(-10.76,1.94,1.));
#5613 = VECTOR('',#5614,1.);
#5614 = DIRECTION('',(0.,-1.,1.2E-16));
#5615 = ORIENTED_EDGE('',*,*,#5616,.F.);
#5616 = EDGE_CURVE('',#2153,#5609,#5617,.T.);
#5617 = LINE('',#5618,#5619);
#5618 = CARTESIAN_POINT('',(-10.76,0.6,8.));
#5619 = VECTOR('',#5620,1.);
#5620 = DIRECTION('',(0.,-1.2E-16,-1.));
#5621 = PLANE('',#5622);
#5622 = AXIS2_PLACEMENT_3D('',#5623,#5624,#5625);
#5623 = CARTESIAN_POINT('',(-10.76,1.94,8.));
#5624 = DIRECTION('',(1.,0.,0.));
#5625 = DIRECTION('',(0.,-1.,1.4E-16));
#5626 = ADVANCED_FACE('',(#5627),#5645,.F.);
#5627 = FACE_BOUND('',#5628,.T.);
#5628 = EDGE_LOOP('',(#5629,#5630,#5631,#5639));
#5629 = ORIENTED_EDGE('',*,*,#2176,.F.);
#5630 = ORIENTED_EDGE('',*,*,#5616,.T.);
#5631 = ORIENTED_EDGE('',*,*,#5632,.T.);
#5632 = EDGE_CURVE('',#5609,#5633,#5635,.T.);
#5633 = VERTEX_POINT('',#5634);
#5634 = CARTESIAN_POINT('',(-12.1,0.6,1.));
#5635 = LINE('',#5636,#5637);
#5636 = CARTESIAN_POINT('',(-10.76,0.6,1.));
#5637 = VECTOR('',#5638,1.);
#5638 = DIRECTION('',(-1.,2.1E-16,0.));
#5639 = ORIENTED_EDGE('',*,*,#5640,.F.);
#5640 = EDGE_CURVE('',#2177,#5633,#5641,.T.);
#5641 = LINE('',#5642,#5643);
#5642 = CARTESIAN_POINT('',(-12.1,0.6,8.));
#5643 = VECTOR('',#5644,1.);
#5644 = DIRECTION('',(0.,-1.2E-16,-1.));
#5645 = PLANE('',#5646);
#5646 = AXIS2_PLACEMENT_3D('',#5647,#5648,#5649);
#5647 = CARTESIAN_POINT('',(-10.76,0.6,8.));
#5648 = DIRECTION('',(-2.1E-16,-1.,1.2E-16));
#5649 = DIRECTION('',(-1.,2.1E-16,0.));
#5650 = ADVANCED_FACE('',(#5651),#5669,.F.);
#5651 = FACE_BOUND('',#5652,.T.);
#5652 = EDGE_LOOP('',(#5653,#5654,#5662,#5668));
#5653 = ORIENTED_EDGE('',*,*,#2207,.F.);
#5654 = ORIENTED_EDGE('',*,*,#5655,.T.);
#5655 = EDGE_CURVE('',#2200,#5656,#5658,.T.);
#5656 = VERTEX_POINT('',#5657);
#5657 = CARTESIAN_POINT('',(-12.1,1.94,1.));
#5658 = LINE('',#5659,#5660);
#5659 = CARTESIAN_POINT('',(-12.1,1.94,8.));
#5660 = VECTOR('',#5661,1.);
#5661 = DIRECTION('',(0.,-1.2E-16,-1.));
#5662 = ORIENTED_EDGE('',*,*,#5663,.T.);
#5663 = EDGE_CURVE('',#5656,#5601,#5664,.T.);
#5664 = LINE('',#5665,#5666);
#5665 = CARTESIAN_POINT('',(-12.1,1.94,1.));
#5666 = VECTOR('',#5667,1.);
#5667 = DIRECTION('',(1.,-2.1E-16,0.));
#5668 = ORIENTED_EDGE('',*,*,#5600,.F.);
#5669 = PLANE('',#5670);
#5670 = AXIS2_PLACEMENT_3D('',#5671,#5672,#5673);
#5671 = CARTESIAN_POINT('',(-12.1,1.94,8.));
#5672 = DIRECTION('',(2.1E-16,1.,-1.2E-16));
#5673 = DIRECTION('',(1.,-2.1E-16,0.));
#5674 = ADVANCED_FACE('',(#5675),#5686,.F.);
#5675 = FACE_BOUND('',#5676,.T.);
#5676 = EDGE_LOOP('',(#5677,#5678,#5679,#5685));
#5677 = ORIENTED_EDGE('',*,*,#2222,.F.);
#5678 = ORIENTED_EDGE('',*,*,#5640,.T.);
#5679 = ORIENTED_EDGE('',*,*,#5680,.T.);
#5680 = EDGE_CURVE('',#5633,#5656,#5681,.T.);
#5681 = LINE('',#5682,#5683);
#5682 = CARTESIAN_POINT('',(-12.1,0.6,1.));
#5683 = VECTOR('',#5684,1.);
#5684 = DIRECTION('',(0.,1.,-1.2E-16));
#5685 = ORIENTED_EDGE('',*,*,#5655,.F.);
#5686 = PLANE('',#5687);
#5687 = AXIS2_PLACEMENT_3D('',#5688,#5689,#5690);
#5688 = CARTESIAN_POINT('',(-12.1,0.6,8.));
#5689 = DIRECTION('',(-1.,0.,0.));
#5690 = DIRECTION('',(0.,1.,-1.4E-16));
#5691 = ADVANCED_FACE('',(#5692),#5717,.F.);
#5692 = FACE_BOUND('',#5693,.T.);
#5693 = EDGE_LOOP('',(#5694,#5695,#5703,#5711));
#5694 = ORIENTED_EDGE('',*,*,#2248,.F.);
#5695 = ORIENTED_EDGE('',*,*,#5696,.T.);
#5696 = EDGE_CURVE('',#2241,#5697,#5699,.T.);
#5697 = VERTEX_POINT('',#5698);
#5698 = CARTESIAN_POINT('',(-8.22,1.94,1.));
#5699 = LINE('',#5700,#5701);
#5700 = CARTESIAN_POINT('',(-8.22,1.94,8.));
#5701 = VECTOR('',#5702,1.);
#5702 = DIRECTION('',(0.,-1.2E-16,-1.));
#5703 = ORIENTED_EDGE('',*,*,#5704,.T.);
#5704 = EDGE_CURVE('',#5697,#5705,#5707,.T.);
#5705 = VERTEX_POINT('',#5706);
#5706 = CARTESIAN_POINT('',(-8.22,0.6,1.));
#5707 = LINE('',#5708,#5709);
#5708 = CARTESIAN_POINT('',(-8.22,1.94,1.));
#5709 = VECTOR('',#5710,1.);
#5710 = DIRECTION('',(0.,-1.,1.2E-16));
#5711 = ORIENTED_EDGE('',*,*,#5712,.F.);
#5712 = EDGE_CURVE('',#2249,#5705,#5713,.T.);
#5713 = LINE('',#5714,#5715);
#5714 = CARTESIAN_POINT('',(-8.22,0.6,8.));
#5715 = VECTOR('',#5716,1.);
#5716 = DIRECTION('',(0.,-1.2E-16,-1.));
#5717 = PLANE('',#5718);
#5718 = AXIS2_PLACEMENT_3D('',#5719,#5720,#5721);
#5719 = CARTESIAN_POINT('',(-8.22,1.94,8.));
#5720 = DIRECTION('',(1.,0.,0.));
#5721 = DIRECTION('',(0.,-1.,1.4E-16));
#5722 = ADVANCED_FACE('',(#5723),#5741,.F.);
#5723 = FACE_BOUND('',#5724,.T.);
#5724 = EDGE_LOOP('',(#5725,#5726,#5727,#5735));
#5725 = ORIENTED_EDGE('',*,*,#2272,.F.);
#5726 = ORIENTED_EDGE('',*,*,#5712,.T.);
#5727 = ORIENTED_EDGE('',*,*,#5728,.T.);
#5728 = EDGE_CURVE('',#5705,#5729,#5731,.T.);
#5729 = VERTEX_POINT('',#5730);
#5730 = CARTESIAN_POINT('',(-9.56,0.6,1.));
#5731 = LINE('',#5732,#5733);
#5732 = CARTESIAN_POINT('',(-8.22,0.6,1.));
#5733 = VECTOR('',#5734,1.);
#5734 = DIRECTION('',(-1.,2.1E-16,0.));
#5735 = ORIENTED_EDGE('',*,*,#5736,.F.);
#5736 = EDGE_CURVE('',#2273,#5729,#5737,.T.);
#5737 = LINE('',#5738,#5739);
#5738 = CARTESIAN_POINT('',(-9.56,0.6,8.));
#5739 = VECTOR('',#5740,1.);
#5740 = DIRECTION('',(0.,-1.2E-16,-1.));
#5741 = PLANE('',#5742);
#5742 = AXIS2_PLACEMENT_3D('',#5743,#5744,#5745);
#5743 = CARTESIAN_POINT('',(-8.22,0.6,8.));
#5744 = DIRECTION('',(-2.1E-16,-1.,1.2E-16));
#5745 = DIRECTION('',(-1.,2.1E-16,0.));
#5746 = ADVANCED_FACE('',(#5747),#5765,.F.);
#5747 = FACE_BOUND('',#5748,.T.);
#5748 = EDGE_LOOP('',(#5749,#5750,#5758,#5764));
#5749 = ORIENTED_EDGE('',*,*,#2303,.F.);
#5750 = ORIENTED_EDGE('',*,*,#5751,.T.);
#5751 = EDGE_CURVE('',#2296,#5752,#5754,.T.);
#5752 = VERTEX_POINT('',#5753);
#5753 = CARTESIAN_POINT('',(-9.56,1.94,1.));
#5754 = LINE('',#5755,#5756);
#5755 = CARTESIAN_POINT('',(-9.56,1.94,8.));
#5756 = VECTOR('',#5757,1.);
#5757 = DIRECTION('',(0.,-1.2E-16,-1.));
#5758 = ORIENTED_EDGE('',*,*,#5759,.T.);
#5759 = EDGE_CURVE('',#5752,#5697,#5760,.T.);
#5760 = LINE('',#5761,#5762);
#5761 = CARTESIAN_POINT('',(-9.56,1.94,1.));
#5762 = VECTOR('',#5763,1.);
#5763 = DIRECTION('',(1.,-2.1E-16,0.));
#5764 = ORIENTED_EDGE('',*,*,#5696,.F.);
#5765 = PLANE('',#5766);
#5766 = AXIS2_PLACEMENT_3D('',#5767,#5768,#5769);
#5767 = CARTESIAN_POINT('',(-9.56,1.94,8.));
#5768 = DIRECTION('',(2.1E-16,1.,-1.2E-16));
#5769 = DIRECTION('',(1.,-2.1E-16,0.));
#5770 = ADVANCED_FACE('',(#5771),#5782,.F.);
#5771 = FACE_BOUND('',#5772,.T.);
#5772 = EDGE_LOOP('',(#5773,#5774,#5775,#5781));
#5773 = ORIENTED_EDGE('',*,*,#2318,.F.);
#5774 = ORIENTED_EDGE('',*,*,#5736,.T.);
#5775 = ORIENTED_EDGE('',*,*,#5776,.T.);
#5776 = EDGE_CURVE('',#5729,#5752,#5777,.T.);
#5777 = LINE('',#5778,#5779);
#5778 = CARTESIAN_POINT('',(-9.56,0.6,1.));
#5779 = VECTOR('',#5780,1.);
#5780 = DIRECTION('',(0.,1.,-1.2E-16));
#5781 = ORIENTED_EDGE('',*,*,#5751,.F.);
#5782 = PLANE('',#5783);
#5783 = AXIS2_PLACEMENT_3D('',#5784,#5785,#5786);
#5784 = CARTESIAN_POINT('',(-9.56,0.6,8.));
#5785 = DIRECTION('',(-1.,0.,0.));
#5786 = DIRECTION('',(0.,1.,-1.4E-16));
#5787 = ADVANCED_FACE('',(#5788),#5813,.F.);
#5788 = FACE_BOUND('',#5789,.T.);
#5789 = EDGE_LOOP('',(#5790,#5791,#5799,#5807));
#5790 = ORIENTED_EDGE('',*,*,#2344,.F.);
#5791 = ORIENTED_EDGE('',*,*,#5792,.T.);
#5792 = EDGE_CURVE('',#2337,#5793,#5795,.T.);
#5793 = VERTEX_POINT('',#5794);
#5794 = CARTESIAN_POINT('',(-5.68,1.94,1.));
#5795 = LINE('',#5796,#5797);
#5796 = CARTESIAN_POINT('',(-5.68,1.94,8.));
#5797 = VECTOR('',#5798,1.);
#5798 = DIRECTION('',(0.,-1.2E-16,-1.));
#5799 = ORIENTED_EDGE('',*,*,#5800,.T.);
#5800 = EDGE_CURVE('',#5793,#5801,#5803,.T.);
#5801 = VERTEX_POINT('',#5802);
#5802 = CARTESIAN_POINT('',(-5.68,0.6,1.));
#5803 = LINE('',#5804,#5805);
#5804 = CARTESIAN_POINT('',(-5.68,1.94,1.));
#5805 = VECTOR('',#5806,1.);
#5806 = DIRECTION('',(0.,-1.,1.2E-16));
#5807 = ORIENTED_EDGE('',*,*,#5808,.F.);
#5808 = EDGE_CURVE('',#2345,#5801,#5809,.T.);
#5809 = LINE('',#5810,#5811);
#5810 = CARTESIAN_POINT('',(-5.68,0.6,8.));
#5811 = VECTOR('',#5812,1.);
#5812 = DIRECTION('',(0.,-1.2E-16,-1.));
#5813 = PLANE('',#5814);
#5814 = AXIS2_PLACEMENT_3D('',#5815,#5816,#5817);
#5815 = CARTESIAN_POINT('',(-5.68,1.94,8.));
#5816 = DIRECTION('',(1.,0.,0.));
#5817 = DIRECTION('',(0.,-1.,1.4E-16));
#5818 = ADVANCED_FACE('',(#5819),#5837,.F.);
#5819 = FACE_BOUND('',#5820,.T.);
#5820 = EDGE_LOOP('',(#5821,#5822,#5823,#5831));
#5821 = ORIENTED_EDGE('',*,*,#2368,.F.);
#5822 = ORIENTED_EDGE('',*,*,#5808,.T.);
#5823 = ORIENTED_EDGE('',*,*,#5824,.T.);
#5824 = EDGE_CURVE('',#5801,#5825,#5827,.T.);
#5825 = VERTEX_POINT('',#5826);
#5826 = CARTESIAN_POINT('',(-7.02,0.6,1.));
#5827 = LINE('',#5828,#5829);
#5828 = CARTESIAN_POINT('',(-5.68,0.6,1.));
#5829 = VECTOR('',#5830,1.);
#5830 = DIRECTION('',(-1.,2.1E-16,0.));
#5831 = ORIENTED_EDGE('',*,*,#5832,.F.);
#5832 = EDGE_CURVE('',#2369,#5825,#5833,.T.);
#5833 = LINE('',#5834,#5835);
#5834 = CARTESIAN_POINT('',(-7.02,0.6,8.));
#5835 = VECTOR('',#5836,1.);
#5836 = DIRECTION('',(0.,-1.2E-16,-1.));
#5837 = PLANE('',#5838);
#5838 = AXIS2_PLACEMENT_3D('',#5839,#5840,#5841);
#5839 = CARTESIAN_POINT('',(-5.68,0.6,8.));
#5840 = DIRECTION('',(-2.1E-16,-1.,1.2E-16));
#5841 = DIRECTION('',(-1.,2.1E-16,0.));
#5842 = ADVANCED_FACE('',(#5843),#5861,.F.);
#5843 = FACE_BOUND('',#5844,.T.);
#5844 = EDGE_LOOP('',(#5845,#5846,#5854,#5860));
#5845 = ORIENTED_EDGE('',*,*,#2399,.F.);
#5846 = ORIENTED_EDGE('',*,*,#5847,.T.);
#5847 = EDGE_CURVE('',#2392,#5848,#5850,.T.);
#5848 = VERTEX_POINT('',#5849);
#5849 = CARTESIAN_POINT('',(-7.02,1.94,1.));
#5850 = LINE('',#5851,#5852);
#5851 = CARTESIAN_POINT('',(-7.02,1.94,8.));
#5852 = VECTOR('',#5853,1.);
#5853 = DIRECTION('',(0.,-1.2E-16,-1.));
#5854 = ORIENTED_EDGE('',*,*,#5855,.T.);
#5855 = EDGE_CURVE('',#5848,#5793,#5856,.T.);
#5856 = LINE('',#5857,#5858);
#5857 = CARTESIAN_POINT('',(-7.02,1.94,1.));
#5858 = VECTOR('',#5859,1.);
#5859 = DIRECTION('',(1.,-2.1E-16,0.));
#5860 = ORIENTED_EDGE('',*,*,#5792,.F.);
#5861 = PLANE('',#5862);
#5862 = AXIS2_PLACEMENT_3D('',#5863,#5864,#5865);
#5863 = CARTESIAN_POINT('',(-7.02,1.94,8.));
#5864 = DIRECTION('',(2.1E-16,1.,-1.2E-16));
#5865 = DIRECTION('',(1.,-2.1E-16,0.));
#5866 = ADVANCED_FACE('',(#5867),#5878,.F.);
#5867 = FACE_BOUND('',#5868,.T.);
#5868 = EDGE_LOOP('',(#5869,#5870,#5871,#5877));
#5869 = ORIENTED_EDGE('',*,*,#2414,.F.);
#5870 = ORIENTED_EDGE('',*,*,#5832,.T.);
#5871 = ORIENTED_EDGE('',*,*,#5872,.T.);
#5872 = EDGE_CURVE('',#5825,#5848,#5873,.T.);
#5873 = LINE('',#5874,#5875);
#5874 = CARTESIAN_POINT('',(-7.02,0.6,1.));
#5875 = VECTOR('',#5876,1.);
#5876 = DIRECTION('',(0.,1.,-1.2E-16));
#5877 = ORIENTED_EDGE('',*,*,#5847,.F.);
#5878 = PLANE('',#5879);
#5879 = AXIS2_PLACEMENT_3D('',#5880,#5881,#5882);
#5880 = CARTESIAN_POINT('',(-7.02,0.6,8.));
#5881 = DIRECTION('',(-1.,0.,0.));
#5882 = DIRECTION('',(0.,1.,-1.4E-16));
#5883 = ADVANCED_FACE('',(#5884),#5909,.F.);
#5884 = FACE_BOUND('',#5885,.T.);
#5885 = EDGE_LOOP('',(#5886,#5887,#5895,#5903));
#5886 = ORIENTED_EDGE('',*,*,#2440,.F.);
#5887 = ORIENTED_EDGE('',*,*,#5888,.T.);
#5888 = EDGE_CURVE('',#2433,#5889,#5891,.T.);
#5889 = VERTEX_POINT('',#5890);
#5890 = CARTESIAN_POINT('',(-3.14,1.94,1.));
#5891 = LINE('',#5892,#5893);
#5892 = CARTESIAN_POINT('',(-3.14,1.94,8.));
#5893 = VECTOR('',#5894,1.);
#5894 = DIRECTION('',(0.,-1.2E-16,-1.));
#5895 = ORIENTED_EDGE('',*,*,#5896,.T.);
#5896 = EDGE_CURVE('',#5889,#5897,#5899,.T.);
#5897 = VERTEX_POINT('',#5898);
#5898 = CARTESIAN_POINT('',(-3.14,0.6,1.));
#5899 = LINE('',#5900,#5901);
#5900 = CARTESIAN_POINT('',(-3.14,1.94,1.));
#5901 = VECTOR('',#5902,1.);
#5902 = DIRECTION('',(0.,-1.,1.2E-16));
#5903 = ORIENTED_EDGE('',*,*,#5904,.F.);
#5904 = EDGE_CURVE('',#2441,#5897,#5905,.T.);
#5905 = LINE('',#5906,#5907);
#5906 = CARTESIAN_POINT('',(-3.14,0.6,8.));
#5907 = VECTOR('',#5908,1.);
#5908 = DIRECTION('',(0.,-1.2E-16,-1.));
#5909 = PLANE('',#5910);
#5910 = AXIS2_PLACEMENT_3D('',#5911,#5912,#5913);
#5911 = CARTESIAN_POINT('',(-3.14,1.94,8.));
#5912 = DIRECTION('',(1.,0.,0.));
#5913 = DIRECTION('',(0.,-1.,1.4E-16));
#5914 = ADVANCED_FACE('',(#5915),#5933,.F.);
#5915 = FACE_BOUND('',#5916,.T.);
#5916 = EDGE_LOOP('',(#5917,#5918,#5919,#5927));
#5917 = ORIENTED_EDGE('',*,*,#2464,.F.);
#5918 = ORIENTED_EDGE('',*,*,#5904,.T.);
#5919 = ORIENTED_EDGE('',*,*,#5920,.T.);
#5920 = EDGE_CURVE('',#5897,#5921,#5923,.T.);
#5921 = VERTEX_POINT('',#5922);
#5922 = CARTESIAN_POINT('',(-4.48,0.6,1.));
#5923 = LINE('',#5924,#5925);
#5924 = CARTESIAN_POINT('',(-3.14,0.6,1.));
#5925 = VECTOR('',#5926,1.);
#5926 = DIRECTION('',(-1.,2.1E-16,0.));
#5927 = ORIENTED_EDGE('',*,*,#5928,.F.);
#5928 = EDGE_CURVE('',#2465,#5921,#5929,.T.);
#5929 = LINE('',#5930,#5931);
#5930 = CARTESIAN_POINT('',(-4.48,0.6,8.));
#5931 = VECTOR('',#5932,1.);
#5932 = DIRECTION('',(0.,-1.2E-16,-1.));
#5933 = PLANE('',#5934);
#5934 = AXIS2_PLACEMENT_3D('',#5935,#5936,#5937);
#5935 = CARTESIAN_POINT('',(-3.14,0.6,8.));
#5936 = DIRECTION('',(-2.1E-16,-1.,1.2E-16));
#5937 = DIRECTION('',(-1.,2.1E-16,0.));
#5938 = ADVANCED_FACE('',(#5939),#5957,.F.);
#5939 = FACE_BOUND('',#5940,.T.);
#5940 = EDGE_LOOP('',(#5941,#5942,#5950,#5956));
#5941 = ORIENTED_EDGE('',*,*,#2495,.F.);
#5942 = ORIENTED_EDGE('',*,*,#5943,.T.);
#5943 = EDGE_CURVE('',#2488,#5944,#5946,.T.);
#5944 = VERTEX_POINT('',#5945);
#5945 = CARTESIAN_POINT('',(-4.48,1.94,1.));
#5946 = LINE('',#5947,#5948);
#5947 = CARTESIAN_POINT('',(-4.48,1.94,8.));
#5948 = VECTOR('',#5949,1.);
#5949 = DIRECTION('',(0.,-1.2E-16,-1.));
#5950 = ORIENTED_EDGE('',*,*,#5951,.T.);
#5951 = EDGE_CURVE('',#5944,#5889,#5952,.T.);
#5952 = LINE('',#5953,#5954);
#5953 = CARTESIAN_POINT('',(-4.48,1.94,1.));
#5954 = VECTOR('',#5955,1.);
#5955 = DIRECTION('',(1.,-2.1E-16,0.));
#5956 = ORIENTED_EDGE('',*,*,#5888,.F.);
#5957 = PLANE('',#5958);
#5958 = AXIS2_PLACEMENT_3D('',#5959,#5960,#5961);
#5959 = CARTESIAN_POINT('',(-4.48,1.94,8.));
#5960 = DIRECTION('',(2.1E-16,1.,-1.2E-16));
#5961 = DIRECTION('',(1.,-2.1E-16,0.));
#5962 = ADVANCED_FACE('',(#5963),#5974,.F.);
#5963 = FACE_BOUND('',#5964,.T.);
#5964 = EDGE_LOOP('',(#5965,#5966,#5967,#5973));
#5965 = ORIENTED_EDGE('',*,*,#2510,.F.);
#5966 = ORIENTED_EDGE('',*,*,#5928,.T.);
#5967 = ORIENTED_EDGE('',*,*,#5968,.T.);
#5968 = EDGE_CURVE('',#5921,#5944,#5969,.T.);
#5969 = LINE('',#5970,#5971);
#5970 = CARTESIAN_POINT('',(-4.48,0.6,1.));
#5971 = VECTOR('',#5972,1.);
#5972 = DIRECTION('',(0.,1.,-1.2E-16));
#5973 = ORIENTED_EDGE('',*,*,#5943,.F.);
#5974 = PLANE('',#5975);
#5975 = AXIS2_PLACEMENT_3D('',#5976,#5977,#5978);
#5976 = CARTESIAN_POINT('',(-4.48,0.6,8.));
#5977 = DIRECTION('',(-1.,0.,0.));
#5978 = DIRECTION('',(0.,1.,-1.4E-16));
#5979 = ADVANCED_FACE('',(#5980),#6005,.F.);
#5980 = FACE_BOUND('',#5981,.T.);
#5981 = EDGE_LOOP('',(#5982,#5983,#5991,#5999));
#5982 = ORIENTED_EDGE('',*,*,#2536,.F.);
#5983 = ORIENTED_EDGE('',*,*,#5984,.T.);
#5984 = EDGE_CURVE('',#2529,#5985,#5987,.T.);
#5985 = VERTEX_POINT('',#5986);
#5986 = CARTESIAN_POINT('',(-0.6,1.94,1.));
#5987 = LINE('',#5988,#5989);
#5988 = CARTESIAN_POINT('',(-0.6,1.94,8.));
#5989 = VECTOR('',#5990,1.);
#5990 = DIRECTION('',(0.,-1.2E-16,-1.));
#5991 = ORIENTED_EDGE('',*,*,#5992,.T.);
#5992 = EDGE_CURVE('',#5985,#5993,#5995,.T.);
#5993 = VERTEX_POINT('',#5994);
#5994 = CARTESIAN_POINT('',(-0.6,0.6,1.));
#5995 = LINE('',#5996,#5997);
#5996 = CARTESIAN_POINT('',(-0.6,1.94,1.));
#5997 = VECTOR('',#5998,1.);
#5998 = DIRECTION('',(0.,-1.,1.2E-16));
#5999 = ORIENTED_EDGE('',*,*,#6000,.F.);
#6000 = EDGE_CURVE('',#2537,#5993,#6001,.T.);
#6001 = LINE('',#6002,#6003);
#6002 = CARTESIAN_POINT('',(-0.6,0.6,8.));
#6003 = VECTOR('',#6004,1.);
#6004 = DIRECTION('',(0.,-1.2E-16,-1.));
#6005 = PLANE('',#6006);
#6006 = AXIS2_PLACEMENT_3D('',#6007,#6008,#6009);
#6007 = CARTESIAN_POINT('',(-0.6,1.94,8.));
#6008 = DIRECTION('',(1.,0.,0.));
#6009 = DIRECTION('',(0.,-1.,1.4E-16));
#6010 = ADVANCED_FACE('',(#6011),#6029,.F.);
#6011 = FACE_BOUND('',#6012,.T.);
#6012 = EDGE_LOOP('',(#6013,#6014,#6015,#6023));
#6013 = ORIENTED_EDGE('',*,*,#2560,.F.);
#6014 = ORIENTED_EDGE('',*,*,#6000,.T.);
#6015 = ORIENTED_EDGE('',*,*,#6016,.T.);
#6016 = EDGE_CURVE('',#5993,#6017,#6019,.T.);
#6017 = VERTEX_POINT('',#6018);
#6018 = CARTESIAN_POINT('',(-1.94,0.6,1.));
#6019 = LINE('',#6020,#6021);
#6020 = CARTESIAN_POINT('',(-0.6,0.6,1.));
#6021 = VECTOR('',#6022,1.);
#6022 = DIRECTION('',(-1.,2.1E-16,0.));
#6023 = ORIENTED_EDGE('',*,*,#6024,.F.);
#6024 = EDGE_CURVE('',#2561,#6017,#6025,.T.);
#6025 = LINE('',#6026,#6027);
#6026 = CARTESIAN_POINT('',(-1.94,0.6,8.));
#6027 = VECTOR('',#6028,1.);
#6028 = DIRECTION('',(0.,-1.2E-16,-1.));
#6029 = PLANE('',#6030);
#6030 = AXIS2_PLACEMENT_3D('',#6031,#6032,#6033);
#6031 = CARTESIAN_POINT('',(-0.6,0.6,8.));
#6032 = DIRECTION('',(-2.1E-16,-1.,1.2E-16));
#6033 = DIRECTION('',(-1.,2.1E-16,0.));
#6034 = ADVANCED_FACE('',(#6035),#6053,.F.);
#6035 = FACE_BOUND('',#6036,.T.);
#6036 = EDGE_LOOP('',(#6037,#6038,#6046,#6052));
#6037 = ORIENTED_EDGE('',*,*,#2591,.F.);
#6038 = ORIENTED_EDGE('',*,*,#6039,.T.);
#6039 = EDGE_CURVE('',#2584,#6040,#6042,.T.);
#6040 = VERTEX_POINT('',#6041);
#6041 = CARTESIAN_POINT('',(-1.94,1.94,1.));
#6042 = LINE('',#6043,#6044);
#6043 = CARTESIAN_POINT('',(-1.94,1.94,8.));
#6044 = VECTOR('',#6045,1.);
#6045 = DIRECTION('',(0.,-1.2E-16,-1.));
#6046 = ORIENTED_EDGE('',*,*,#6047,.T.);
#6047 = EDGE_CURVE('',#6040,#5985,#6048,.T.);
#6048 = LINE('',#6049,#6050);
#6049 = CARTESIAN_POINT('',(-1.94,1.94,1.));
#6050 = VECTOR('',#6051,1.);
#6051 = DIRECTION('',(1.,-2.1E-16,0.));
#6052 = ORIENTED_EDGE('',*,*,#5984,.F.);
#6053 = PLANE('',#6054);
#6054 = AXIS2_PLACEMENT_3D('',#6055,#6056,#6057);
#6055 = CARTESIAN_POINT('',(-1.94,1.94,8.));
#6056 = DIRECTION('',(2.1E-16,1.,-1.2E-16));
#6057 = DIRECTION('',(1.,-2.1E-16,0.));
#6058 = ADVANCED_FACE('',(#6059),#6070,.F.);
#6059 = FACE_BOUND('',#6060,.T.);
#6060 = EDGE_LOOP('',(#6061,#6062,#6063,#6069));
#6061 = ORIENTED_EDGE('',*,*,#2606,.F.);
#6062 = ORIENTED_EDGE('',*,*,#6024,.T.);
#6063 = ORIENTED_EDGE('',*,*,#6064,.T.);
#6064 = EDGE_CURVE('',#6017,#6040,#6065,.T.);
#6065 = LINE('',#6066,#6067);
#6066 = CARTESIAN_POINT('',(-1.94,0.6,1.));
#6067 = VECTOR('',#6068,1.);
#6068 = DIRECTION('',(0.,1.,-1.2E-16));
#6069 = ORIENTED_EDGE('',*,*,#6039,.F.);
#6070 = PLANE('',#6071);
#6071 = AXIS2_PLACEMENT_3D('',#6072,#6073,#6074);
#6072 = CARTESIAN_POINT('',(-1.94,0.6,8.));
#6073 = DIRECTION('',(-1.,0.,0.));
#6074 = DIRECTION('',(0.,1.,-1.4E-16));
#6075 = ADVANCED_FACE('',(#6076),#6101,.F.);
#6076 = FACE_BOUND('',#6077,.T.);
#6077 = EDGE_LOOP('',(#6078,#6079,#6087,#6095));
#6078 = ORIENTED_EDGE('',*,*,#2632,.F.);
#6079 = ORIENTED_EDGE('',*,*,#6080,.T.);
#6080 = EDGE_CURVE('',#2625,#6081,#6083,.T.);
#6081 = VERTEX_POINT('',#6082);
#6082 = CARTESIAN_POINT('',(1.94,1.94,1.));
#6083 = LINE('',#6084,#6085);
#6084 = CARTESIAN_POINT('',(1.94,1.94,8.));
#6085 = VECTOR('',#6086,1.);
#6086 = DIRECTION('',(0.,-1.2E-16,-1.));
#6087 = ORIENTED_EDGE('',*,*,#6088,.T.);
#6088 = EDGE_CURVE('',#6081,#6089,#6091,.T.);
#6089 = VERTEX_POINT('',#6090);
#6090 = CARTESIAN_POINT('',(1.94,0.6,1.));
#6091 = LINE('',#6092,#6093);
#6092 = CARTESIAN_POINT('',(1.94,1.94,1.));
#6093 = VECTOR('',#6094,1.);
#6094 = DIRECTION('',(0.,-1.,1.2E-16));
#6095 = ORIENTED_EDGE('',*,*,#6096,.F.);
#6096 = EDGE_CURVE('',#2633,#6089,#6097,.T.);
#6097 = LINE('',#6098,#6099);
#6098 = CARTESIAN_POINT('',(1.94,0.6,8.));
#6099 = VECTOR('',#6100,1.);
#6100 = DIRECTION('',(0.,-1.2E-16,-1.));
#6101 = PLANE('',#6102);
#6102 = AXIS2_PLACEMENT_3D('',#6103,#6104,#6105);
#6103 = CARTESIAN_POINT('',(1.94,1.94,8.));
#6104 = DIRECTION('',(1.,0.,0.));
#6105 = DIRECTION('',(0.,-1.,1.4E-16));
#6106 = ADVANCED_FACE('',(#6107),#6125,.F.);
#6107 = FACE_BOUND('',#6108,.T.);
#6108 = EDGE_LOOP('',(#6109,#6110,#6111,#6119));
#6109 = ORIENTED_EDGE('',*,*,#2656,.F.);
#6110 = ORIENTED_EDGE('',*,*,#6096,.T.);
#6111 = ORIENTED_EDGE('',*,*,#6112,.T.);
#6112 = EDGE_CURVE('',#6089,#6113,#6115,.T.);
#6113 = VERTEX_POINT('',#6114);
#6114 = CARTESIAN_POINT('',(0.6,0.6,1.));
#6115 = LINE('',#6116,#6117);
#6116 = CARTESIAN_POINT('',(1.94,0.6,1.));
#6117 = VECTOR('',#6118,1.);
#6118 = DIRECTION('',(-1.,2.1E-16,0.));
#6119 = ORIENTED_EDGE('',*,*,#6120,.F.);
#6120 = EDGE_CURVE('',#2657,#6113,#6121,.T.);
#6121 = LINE('',#6122,#6123);
#6122 = CARTESIAN_POINT('',(0.6,0.6,8.));
#6123 = VECTOR('',#6124,1.);
#6124 = DIRECTION('',(0.,-1.2E-16,-1.));
#6125 = PLANE('',#6126);
#6126 = AXIS2_PLACEMENT_3D('',#6127,#6128,#6129);
#6127 = CARTESIAN_POINT('',(1.94,0.6,8.));
#6128 = DIRECTION('',(-2.1E-16,-1.,1.2E-16));
#6129 = DIRECTION('',(-1.,2.1E-16,0.));
#6130 = ADVANCED_FACE('',(#6131),#6149,.F.);
#6131 = FACE_BOUND('',#6132,.T.);
#6132 = EDGE_LOOP('',(#6133,#6134,#6142,#6148));
#6133 = ORIENTED_EDGE('',*,*,#2687,.F.);
#6134 = ORIENTED_EDGE('',*,*,#6135,.T.);
#6135 = EDGE_CURVE('',#2680,#6136,#6138,.T.);
#6136 = VERTEX_POINT('',#6137);
#6137 = CARTESIAN_POINT('',(0.6,1.94,1.));
#6138 = LINE('',#6139,#6140);
#6139 = CARTESIAN_POINT('',(0.6,1.94,8.));
#6140 = VECTOR('',#6141,1.);
#6141 = DIRECTION('',(0.,-1.2E-16,-1.));
#6142 = ORIENTED_EDGE('',*,*,#6143,.T.);
#6143 = EDGE_CURVE('',#6136,#6081,#6144,.T.);
#6144 = LINE('',#6145,#6146);
#6145 = CARTESIAN_POINT('',(0.6,1.94,1.));
#6146 = VECTOR('',#6147,1.);
#6147 = DIRECTION('',(1.,-2.1E-16,0.));
#6148 = ORIENTED_EDGE('',*,*,#6080,.F.);
#6149 = PLANE('',#6150);
#6150 = AXIS2_PLACEMENT_3D('',#6151,#6152,#6153);
#6151 = CARTESIAN_POINT('',(0.6,1.94,8.));
#6152 = DIRECTION('',(2.1E-16,1.,-1.2E-16));
#6153 = DIRECTION('',(1.,-2.1E-16,0.));
#6154 = ADVANCED_FACE('',(#6155),#6166,.F.);
#6155 = FACE_BOUND('',#6156,.T.);
#6156 = EDGE_LOOP('',(#6157,#6158,#6159,#6165));
#6157 = ORIENTED_EDGE('',*,*,#2702,.F.);
#6158 = ORIENTED_EDGE('',*,*,#6120,.T.);
#6159 = ORIENTED_EDGE('',*,*,#6160,.T.);
#6160 = EDGE_CURVE('',#6113,#6136,#6161,.T.);
#6161 = LINE('',#6162,#6163);
#6162 = CARTESIAN_POINT('',(0.6,0.6,1.));
#6163 = VECTOR('',#6164,1.);
#6164 = DIRECTION('',(0.,1.,-1.2E-16));
#6165 = ORIENTED_EDGE('',*,*,#6135,.F.);
#6166 = PLANE('',#6167);
#6167 = AXIS2_PLACEMENT_3D('',#6168,#6169,#6170);
#6168 = CARTESIAN_POINT('',(0.6,0.6,8.));
#6169 = DIRECTION('',(-1.,0.,0.));
#6170 = DIRECTION('',(0.,1.,-1.4E-16));
#6171 = ADVANCED_FACE('',(#6172),#6197,.F.);
#6172 = FACE_BOUND('',#6173,.T.);
#6173 = EDGE_LOOP('',(#6174,#6175,#6183,#6191));
#6174 = ORIENTED_EDGE('',*,*,#2728,.F.);
#6175 = ORIENTED_EDGE('',*,*,#6176,.T.);
#6176 = EDGE_CURVE('',#2721,#6177,#6179,.T.);
#6177 = VERTEX_POINT('',#6178);
#6178 = CARTESIAN_POINT('',(4.48,1.94,1.));
#6179 = LINE('',#6180,#6181);
#6180 = CARTESIAN_POINT('',(4.48,1.94,8.));
#6181 = VECTOR('',#6182,1.);
#6182 = DIRECTION('',(0.,-1.2E-16,-1.));
#6183 = ORIENTED_EDGE('',*,*,#6184,.T.);
#6184 = EDGE_CURVE('',#6177,#6185,#6187,.T.);
#6185 = VERTEX_POINT('',#6186);
#6186 = CARTESIAN_POINT('',(4.48,0.6,1.));
#6187 = LINE('',#6188,#6189);
#6188 = CARTESIAN_POINT('',(4.48,1.94,1.));
#6189 = VECTOR('',#6190,1.);
#6190 = DIRECTION('',(0.,-1.,1.2E-16));
#6191 = ORIENTED_EDGE('',*,*,#6192,.F.);
#6192 = EDGE_CURVE('',#2729,#6185,#6193,.T.);
#6193 = LINE('',#6194,#6195);
#6194 = CARTESIAN_POINT('',(4.48,0.6,8.));
#6195 = VECTOR('',#6196,1.);
#6196 = DIRECTION('',(0.,-1.2E-16,-1.));
#6197 = PLANE('',#6198);
#6198 = AXIS2_PLACEMENT_3D('',#6199,#6200,#6201);
#6199 = CARTESIAN_POINT('',(4.48,1.94,8.));
#6200 = DIRECTION('',(1.,0.,0.));
#6201 = DIRECTION('',(0.,-1.,1.4E-16));
#6202 = ADVANCED_FACE('',(#6203),#6221,.F.);
#6203 = FACE_BOUND('',#6204,.T.);
#6204 = EDGE_LOOP('',(#6205,#6206,#6207,#6215));
#6205 = ORIENTED_EDGE('',*,*,#2752,.F.);
#6206 = ORIENTED_EDGE('',*,*,#6192,.T.);
#6207 = ORIENTED_EDGE('',*,*,#6208,.T.);
#6208 = EDGE_CURVE('',#6185,#6209,#6211,.T.);
#6209 = VERTEX_POINT('',#6210);
#6210 = CARTESIAN_POINT('',(3.14,0.6,1.));
#6211 = LINE('',#6212,#6213);
#6212 = CARTESIAN_POINT('',(4.48,0.6,1.));
#6213 = VECTOR('',#6214,1.);
#6214 = DIRECTION('',(-1.,2.1E-16,0.));
#6215 = ORIENTED_EDGE('',*,*,#6216,.F.);
#6216 = EDGE_CURVE('',#2753,#6209,#6217,.T.);
#6217 = LINE('',#6218,#6219);
#6218 = CARTESIAN_POINT('',(3.14,0.6,8.));
#6219 = VECTOR('',#6220,1.);
#6220 = DIRECTION('',(0.,-1.2E-16,-1.));
#6221 = PLANE('',#6222);
#6222 = AXIS2_PLACEMENT_3D('',#6223,#6224,#6225);
#6223 = CARTESIAN_POINT('',(4.48,0.6,8.));
#6224 = DIRECTION('',(-2.1E-16,-1.,1.2E-16));
#6225 = DIRECTION('',(-1.,2.1E-16,0.));
#6226 = ADVANCED_FACE('',(#6227),#6245,.F.);
#6227 = FACE_BOUND('',#6228,.T.);
#6228 = EDGE_LOOP('',(#6229,#6230,#6238,#6244));
#6229 = ORIENTED_EDGE('',*,*,#2783,.F.);
#6230 = ORIENTED_EDGE('',*,*,#6231,.T.);
#6231 = EDGE_CURVE('',#2776,#6232,#6234,.T.);
#6232 = VERTEX_POINT('',#6233);
#6233 = CARTESIAN_POINT('',(3.14,1.94,1.));
#6234 = LINE('',#6235,#6236);
#6235 = CARTESIAN_POINT('',(3.14,1.94,8.));
#6236 = VECTOR('',#6237,1.);
#6237 = DIRECTION('',(0.,-1.2E-16,-1.));
#6238 = ORIENTED_EDGE('',*,*,#6239,.T.);
#6239 = EDGE_CURVE('',#6232,#6177,#6240,.T.);
#6240 = LINE('',#6241,#6242);
#6241 = CARTESIAN_POINT('',(3.14,1.94,1.));
#6242 = VECTOR('',#6243,1.);
#6243 = DIRECTION('',(1.,-2.1E-16,0.));
#6244 = ORIENTED_EDGE('',*,*,#6176,.F.);
#6245 = PLANE('',#6246);
#6246 = AXIS2_PLACEMENT_3D('',#6247,#6248,#6249);
#6247 = CARTESIAN_POINT('',(3.14,1.94,8.));
#6248 = DIRECTION('',(2.1E-16,1.,-1.2E-16));
#6249 = DIRECTION('',(1.,-2.1E-16,0.));
#6250 = ADVANCED_FACE('',(#6251),#6262,.F.);
#6251 = FACE_BOUND('',#6252,.T.);
#6252 = EDGE_LOOP('',(#6253,#6254,#6255,#6261));
#6253 = ORIENTED_EDGE('',*,*,#2798,.F.);
#6254 = ORIENTED_EDGE('',*,*,#6216,.T.);
#6255 = ORIENTED_EDGE('',*,*,#6256,.T.);
#6256 = EDGE_CURVE('',#6209,#6232,#6257,.T.);
#6257 = LINE('',#6258,#6259);
#6258 = CARTESIAN_POINT('',(3.14,0.6,1.));
#6259 = VECTOR('',#6260,1.);
#6260 = DIRECTION('',(0.,1.,-1.2E-16));
#6261 = ORIENTED_EDGE('',*,*,#6231,.F.);
#6262 = PLANE('',#6263);
#6263 = AXIS2_PLACEMENT_3D('',#6264,#6265,#6266);
#6264 = CARTESIAN_POINT('',(3.14,0.6,8.));
#6265 = DIRECTION('',(-1.,0.,0.));
#6266 = DIRECTION('',(0.,1.,-1.4E-16));
#6267 = ADVANCED_FACE('',(#6268),#6293,.F.);
#6268 = FACE_BOUND('',#6269,.T.);
#6269 = EDGE_LOOP('',(#6270,#6271,#6279,#6287));
#6270 = ORIENTED_EDGE('',*,*,#2824,.F.);
#6271 = ORIENTED_EDGE('',*,*,#6272,.T.);
#6272 = EDGE_CURVE('',#2817,#6273,#6275,.T.);
#6273 = VERTEX_POINT('',#6274);
#6274 = CARTESIAN_POINT('',(7.02,1.94,1.));
#6275 = LINE('',#6276,#6277);
#6276 = CARTESIAN_POINT('',(7.02,1.94,8.));
#6277 = VECTOR('',#6278,1.);
#6278 = DIRECTION('',(0.,-1.2E-16,-1.));
#6279 = ORIENTED_EDGE('',*,*,#6280,.T.);
#6280 = EDGE_CURVE('',#6273,#6281,#6283,.T.);
#6281 = VERTEX_POINT('',#6282);
#6282 = CARTESIAN_POINT('',(7.02,0.6,1.));
#6283 = LINE('',#6284,#6285);
#6284 = CARTESIAN_POINT('',(7.02,1.94,1.));
#6285 = VECTOR('',#6286,1.);
#6286 = DIRECTION('',(0.,-1.,1.2E-16));
#6287 = ORIENTED_EDGE('',*,*,#6288,.F.);
#6288 = EDGE_CURVE('',#2825,#6281,#6289,.T.);
#6289 = LINE('',#6290,#6291);
#6290 = CARTESIAN_POINT('',(7.02,0.6,8.));
#6291 = VECTOR('',#6292,1.);
#6292 = DIRECTION('',(0.,-1.2E-16,-1.));
#6293 = PLANE('',#6294);
#6294 = AXIS2_PLACEMENT_3D('',#6295,#6296,#6297);
#6295 = CARTESIAN_POINT('',(7.02,1.94,8.));
#6296 = DIRECTION('',(1.,0.,0.));
#6297 = DIRECTION('',(0.,-1.,1.4E-16));
#6298 = ADVANCED_FACE('',(#6299),#6317,.F.);
#6299 = FACE_BOUND('',#6300,.T.);
#6300 = EDGE_LOOP('',(#6301,#6302,#6303,#6311));
#6301 = ORIENTED_EDGE('',*,*,#2848,.F.);
#6302 = ORIENTED_EDGE('',*,*,#6288,.T.);
#6303 = ORIENTED_EDGE('',*,*,#6304,.T.);
#6304 = EDGE_CURVE('',#6281,#6305,#6307,.T.);
#6305 = VERTEX_POINT('',#6306);
#6306 = CARTESIAN_POINT('',(5.68,0.6,1.));
#6307 = LINE('',#6308,#6309);
#6308 = CARTESIAN_POINT('',(7.02,0.6,1.));
#6309 = VECTOR('',#6310,1.);
#6310 = DIRECTION('',(-1.,2.1E-16,0.));
#6311 = ORIENTED_EDGE('',*,*,#6312,.F.);
#6312 = EDGE_CURVE('',#2849,#6305,#6313,.T.);
#6313 = LINE('',#6314,#6315);
#6314 = CARTESIAN_POINT('',(5.68,0.6,8.));
#6315 = VECTOR('',#6316,1.);
#6316 = DIRECTION('',(0.,-1.2E-16,-1.));
#6317 = PLANE('',#6318);
#6318 = AXIS2_PLACEMENT_3D('',#6319,#6320,#6321);
#6319 = CARTESIAN_POINT('',(7.02,0.6,8.));
#6320 = DIRECTION('',(-2.1E-16,-1.,1.2E-16));
#6321 = DIRECTION('',(-1.,2.1E-16,0.));
#6322 = ADVANCED_FACE('',(#6323),#6341,.F.);
#6323 = FACE_BOUND('',#6324,.T.);
#6324 = EDGE_LOOP('',(#6325,#6326,#6334,#6340));
#6325 = ORIENTED_EDGE('',*,*,#2879,.F.);
#6326 = ORIENTED_EDGE('',*,*,#6327,.T.);
#6327 = EDGE_CURVE('',#2872,#6328,#6330,.T.);
#6328 = VERTEX_POINT('',#6329);
#6329 = CARTESIAN_POINT('',(5.68,1.94,1.));
#6330 = LINE('',#6331,#6332);
#6331 = CARTESIAN_POINT('',(5.68,1.94,8.));
#6332 = VECTOR('',#6333,1.);
#6333 = DIRECTION('',(0.,-1.2E-16,-1.));
#6334 = ORIENTED_EDGE('',*,*,#6335,.T.);
#6335 = EDGE_CURVE('',#6328,#6273,#6336,.T.);
#6336 = LINE('',#6337,#6338);
#6337 = CARTESIAN_POINT('',(5.68,1.94,1.));
#6338 = VECTOR('',#6339,1.);
#6339 = DIRECTION('',(1.,-2.1E-16,0.));
#6340 = ORIENTED_EDGE('',*,*,#6272,.F.);
#6341 = PLANE('',#6342);
#6342 = AXIS2_PLACEMENT_3D('',#6343,#6344,#6345);
#6343 = CARTESIAN_POINT('',(5.68,1.94,8.));
#6344 = DIRECTION('',(2.1E-16,1.,-1.2E-16));
#6345 = DIRECTION('',(1.,-2.1E-16,0.));
#6346 = ADVANCED_FACE('',(#6347),#6358,.F.);
#6347 = FACE_BOUND('',#6348,.T.);
#6348 = EDGE_LOOP('',(#6349,#6350,#6351,#6357));
#6349 = ORIENTED_EDGE('',*,*,#2894,.F.);
#6350 = ORIENTED_EDGE('',*,*,#6312,.T.);
#6351 = ORIENTED_EDGE('',*,*,#6352,.T.);
#6352 = EDGE_CURVE('',#6305,#6328,#6353,.T.);
#6353 = LINE('',#6354,#6355);
#6354 = CARTESIAN_POINT('',(5.68,0.6,1.));
#6355 = VECTOR('',#6356,1.);
#6356 = DIRECTION('',(0.,1.,-1.2E-16));
#6357 = ORIENTED_EDGE('',*,*,#6327,.F.);
#6358 = PLANE('',#6359);
#6359 = AXIS2_PLACEMENT_3D('',#6360,#6361,#6362);
#6360 = CARTESIAN_POINT('',(5.68,0.6,8.));
#6361 = DIRECTION('',(-1.,0.,0.));
#6362 = DIRECTION('',(0.,1.,-1.4E-16));
#6363 = ADVANCED_FACE('',(#6364),#6389,.F.);
#6364 = FACE_BOUND('',#6365,.T.);
#6365 = EDGE_LOOP('',(#6366,#6367,#6375,#6383));
#6366 = ORIENTED_EDGE('',*,*,#2920,.F.);
#6367 = ORIENTED_EDGE('',*,*,#6368,.T.);
#6368 = EDGE_CURVE('',#2913,#6369,#6371,.T.);
#6369 = VERTEX_POINT('',#6370);
#6370 = CARTESIAN_POINT('',(9.56,1.94,1.));
#6371 = LINE('',#6372,#6373);
#6372 = CARTESIAN_POINT('',(9.56,1.94,8.));
#6373 = VECTOR('',#6374,1.);
#6374 = DIRECTION('',(0.,-1.2E-16,-1.));
#6375 = ORIENTED_EDGE('',*,*,#6376,.T.);
#6376 = EDGE_CURVE('',#6369,#6377,#6379,.T.);
#6377 = VERTEX_POINT('',#6378);
#6378 = CARTESIAN_POINT('',(9.56,0.6,1.));
#6379 = LINE('',#6380,#6381);
#6380 = CARTESIAN_POINT('',(9.56,1.94,1.));
#6381 = VECTOR('',#6382,1.);
#6382 = DIRECTION('',(0.,-1.,1.2E-16));
#6383 = ORIENTED_EDGE('',*,*,#6384,.F.);
#6384 = EDGE_CURVE('',#2921,#6377,#6385,.T.);
#6385 = LINE('',#6386,#6387);
#6386 = CARTESIAN_POINT('',(9.56,0.6,8.));
#6387 = VECTOR('',#6388,1.);
#6388 = DIRECTION('',(0.,-1.2E-16,-1.));
#6389 = PLANE('',#6390);
#6390 = AXIS2_PLACEMENT_3D('',#6391,#6392,#6393);
#6391 = CARTESIAN_POINT('',(9.56,1.94,8.));
#6392 = DIRECTION('',(1.,0.,0.));
#6393 = DIRECTION('',(0.,-1.,1.4E-16));
#6394 = ADVANCED_FACE('',(#6395),#6413,.F.);
#6395 = FACE_BOUND('',#6396,.T.);
#6396 = EDGE_LOOP('',(#6397,#6398,#6399,#6407));
#6397 = ORIENTED_EDGE('',*,*,#2944,.F.);
#6398 = ORIENTED_EDGE('',*,*,#6384,.T.);
#6399 = ORIENTED_EDGE('',*,*,#6400,.T.);
#6400 = EDGE_CURVE('',#6377,#6401,#6403,.T.);
#6401 = VERTEX_POINT('',#6402);
#6402 = CARTESIAN_POINT('',(8.22,0.6,1.));
#6403 = LINE('',#6404,#6405);
#6404 = CARTESIAN_POINT('',(9.56,0.6,1.));
#6405 = VECTOR('',#6406,1.);
#6406 = DIRECTION('',(-1.,2.1E-16,0.));
#6407 = ORIENTED_EDGE('',*,*,#6408,.F.);
#6408 = EDGE_CURVE('',#2945,#6401,#6409,.T.);
#6409 = LINE('',#6410,#6411);
#6410 = CARTESIAN_POINT('',(8.22,0.6,8.));
#6411 = VECTOR('',#6412,1.);
#6412 = DIRECTION('',(0.,-1.2E-16,-1.));
#6413 = PLANE('',#6414);
#6414 = AXIS2_PLACEMENT_3D('',#6415,#6416,#6417);
#6415 = CARTESIAN_POINT('',(9.56,0.6,8.));
#6416 = DIRECTION('',(-2.1E-16,-1.,1.2E-16));
#6417 = DIRECTION('',(-1.,2.1E-16,0.));
#6418 = ADVANCED_FACE('',(#6419),#6437,.F.);
#6419 = FACE_BOUND('',#6420,.T.);
#6420 = EDGE_LOOP('',(#6421,#6422,#6430,#6436));
#6421 = ORIENTED_EDGE('',*,*,#2975,.F.);
#6422 = ORIENTED_EDGE('',*,*,#6423,.T.);
#6423 = EDGE_CURVE('',#2968,#6424,#6426,.T.);
#6424 = VERTEX_POINT('',#6425);
#6425 = CARTESIAN_POINT('',(8.22,1.94,1.));
#6426 = LINE('',#6427,#6428);
#6427 = CARTESIAN_POINT('',(8.22,1.94,8.));
#6428 = VECTOR('',#6429,1.);
#6429 = DIRECTION('',(0.,-1.2E-16,-1.));
#6430 = ORIENTED_EDGE('',*,*,#6431,.T.);
#6431 = EDGE_CURVE('',#6424,#6369,#6432,.T.);
#6432 = LINE('',#6433,#6434);
#6433 = CARTESIAN_POINT('',(8.22,1.94,1.));
#6434 = VECTOR('',#6435,1.);
#6435 = DIRECTION('',(1.,-2.1E-16,0.));
#6436 = ORIENTED_EDGE('',*,*,#6368,.F.);
#6437 = PLANE('',#6438);
#6438 = AXIS2_PLACEMENT_3D('',#6439,#6440,#6441);
#6439 = CARTESIAN_POINT('',(8.22,1.94,8.));
#6440 = DIRECTION('',(2.1E-16,1.,-1.2E-16));
#6441 = DIRECTION('',(1.,-2.1E-16,0.));
#6442 = ADVANCED_FACE('',(#6443),#6454,.F.);
#6443 = FACE_BOUND('',#6444,.T.);
#6444 = EDGE_LOOP('',(#6445,#6446,#6447,#6453));
#6445 = ORIENTED_EDGE('',*,*,#2990,.F.);
#6446 = ORIENTED_EDGE('',*,*,#6408,.T.);
#6447 = ORIENTED_EDGE('',*,*,#6448,.T.);
#6448 = EDGE_CURVE('',#6401,#6424,#6449,.T.);
#6449 = LINE('',#6450,#6451);
#6450 = CARTESIAN_POINT('',(8.22,0.6,1.));
#6451 = VECTOR('',#6452,1.);
#6452 = DIRECTION('',(0.,1.,-1.2E-16));
#6453 = ORIENTED_EDGE('',*,*,#6423,.F.);
#6454 = PLANE('',#6455);
#6455 = AXIS2_PLACEMENT_3D('',#6456,#6457,#6458);
#6456 = CARTESIAN_POINT('',(8.22,0.6,8.));
#6457 = DIRECTION('',(-1.,0.,0.));
#6458 = DIRECTION('',(0.,1.,-1.4E-16));
#6459 = ADVANCED_FACE('',(#6460),#6485,.F.);
#6460 = FACE_BOUND('',#6461,.T.);
#6461 = EDGE_LOOP('',(#6462,#6463,#6471,#6479));
#6462 = ORIENTED_EDGE('',*,*,#3016,.F.);
#6463 = ORIENTED_EDGE('',*,*,#6464,.T.);
#6464 = EDGE_CURVE('',#3009,#6465,#6467,.T.);
#6465 = VERTEX_POINT('',#6466);
#6466 = CARTESIAN_POINT('',(12.1,1.94,1.));
#6467 = LINE('',#6468,#6469);
#6468 = CARTESIAN_POINT('',(12.1,1.94,8.));
#6469 = VECTOR('',#6470,1.);
#6470 = DIRECTION('',(0.,-1.2E-16,-1.));
#6471 = ORIENTED_EDGE('',*,*,#6472,.T.);
#6472 = EDGE_CURVE('',#6465,#6473,#6475,.T.);
#6473 = VERTEX_POINT('',#6474);
#6474 = CARTESIAN_POINT('',(12.1,0.6,1.));
#6475 = LINE('',#6476,#6477);
#6476 = CARTESIAN_POINT('',(12.1,1.94,1.));
#6477 = VECTOR('',#6478,1.);
#6478 = DIRECTION('',(0.,-1.,1.2E-16));
#6479 = ORIENTED_EDGE('',*,*,#6480,.F.);
#6480 = EDGE_CURVE('',#3017,#6473,#6481,.T.);
#6481 = LINE('',#6482,#6483);
#6482 = CARTESIAN_POINT('',(12.1,0.6,8.));
#6483 = VECTOR('',#6484,1.);
#6484 = DIRECTION('',(0.,-1.2E-16,-1.));
#6485 = PLANE('',#6486);
#6486 = AXIS2_PLACEMENT_3D('',#6487,#6488,#6489);
#6487 = CARTESIAN_POINT('',(12.1,1.94,8.));
#6488 = DIRECTION('',(1.,0.,0.));
#6489 = DIRECTION('',(0.,-1.,1.4E-16));
#6490 = ADVANCED_FACE('',(#6491),#6509,.F.);
#6491 = FACE_BOUND('',#6492,.T.);
#6492 = EDGE_LOOP('',(#6493,#6494,#6495,#6503));
#6493 = ORIENTED_EDGE('',*,*,#3040,.F.);
#6494 = ORIENTED_EDGE('',*,*,#6480,.T.);
#6495 = ORIENTED_EDGE('',*,*,#6496,.T.);
#6496 = EDGE_CURVE('',#6473,#6497,#6499,.T.);
#6497 = VERTEX_POINT('',#6498);
#6498 = CARTESIAN_POINT('',(10.76,0.6,1.));
#6499 = LINE('',#6500,#6501);
#6500 = CARTESIAN_POINT('',(12.1,0.6,1.));
#6501 = VECTOR('',#6502,1.);
#6502 = DIRECTION('',(-1.,2.1E-16,0.));
#6503 = ORIENTED_EDGE('',*,*,#6504,.F.);
#6504 = EDGE_CURVE('',#3041,#6497,#6505,.T.);
#6505 = LINE('',#6506,#6507);
#6506 = CARTESIAN_POINT('',(10.76,0.6,8.));
#6507 = VECTOR('',#6508,1.);
#6508 = DIRECTION('',(0.,-1.2E-16,-1.));
#6509 = PLANE('',#6510);
#6510 = AXIS2_PLACEMENT_3D('',#6511,#6512,#6513);
#6511 = CARTESIAN_POINT('',(12.1,0.6,8.));
#6512 = DIRECTION('',(-2.1E-16,-1.,1.2E-16));
#6513 = DIRECTION('',(-1.,2.1E-16,0.));
#6514 = ADVANCED_FACE('',(#6515),#6533,.F.);
#6515 = FACE_BOUND('',#6516,.T.);
#6516 = EDGE_LOOP('',(#6517,#6518,#6526,#6532));
#6517 = ORIENTED_EDGE('',*,*,#3071,.F.);
#6518 = ORIENTED_EDGE('',*,*,#6519,.T.);
#6519 = EDGE_CURVE('',#3064,#6520,#6522,.T.);
#6520 = VERTEX_POINT('',#6521);
#6521 = CARTESIAN_POINT('',(10.76,1.94,1.));
#6522 = LINE('',#6523,#6524);
#6523 = CARTESIAN_POINT('',(10.76,1.94,8.));
#6524 = VECTOR('',#6525,1.);
#6525 = DIRECTION('',(0.,-1.2E-16,-1.));
#6526 = ORIENTED_EDGE('',*,*,#6527,.T.);
#6527 = EDGE_CURVE('',#6520,#6465,#6528,.T.);
#6528 = LINE('',#6529,#6530);
#6529 = CARTESIAN_POINT('',(10.76,1.94,1.));
#6530 = VECTOR('',#6531,1.);
#6531 = DIRECTION('',(1.,-2.1E-16,0.));
#6532 = ORIENTED_EDGE('',*,*,#6464,.F.);
#6533 = PLANE('',#6534);
#6534 = AXIS2_PLACEMENT_3D('',#6535,#6536,#6537);
#6535 = CARTESIAN_POINT('',(10.76,1.94,8.));
#6536 = DIRECTION('',(2.1E-16,1.,-1.2E-16));
#6537 = DIRECTION('',(1.,-2.1E-16,0.));
#6538 = ADVANCED_FACE('',(#6539),#6550,.F.);
#6539 = FACE_BOUND('',#6540,.T.);
#6540 = EDGE_LOOP('',(#6541,#6542,#6543,#6549));
#6541 = ORIENTED_EDGE('',*,*,#3086,.F.);
#6542 = ORIENTED_EDGE('',*,*,#6504,.T.);
#6543 = ORIENTED_EDGE('',*,*,#6544,.T.);
#6544 = EDGE_CURVE('',#6497,#6520,#6545,.T.);
#6545 = LINE('',#6546,#6547);
#6546 = CARTESIAN_POINT('',(10.76,0.6,1.));
#6547 = VECTOR('',#6548,1.);
#6548 = DIRECTION('',(0.,1.,-1.2E-16));
#6549 = ORIENTED_EDGE('',*,*,#6519,.F.);
#6550 = PLANE('',#6551);
#6551 = AXIS2_PLACEMENT_3D('',#6552,#6553,#6554);
#6552 = CARTESIAN_POINT('',(10.76,0.6,8.));
#6553 = DIRECTION('',(-1.,0.,0.));
#6554 = DIRECTION('',(0.,1.,-1.4E-16));
#6555 = ADVANCED_FACE('',(#6556),#6581,.F.);
#6556 = FACE_BOUND('',#6557,.T.);
#6557 = EDGE_LOOP('',(#6558,#6559,#6567,#6575));
#6558 = ORIENTED_EDGE('',*,*,#3112,.F.);
#6559 = ORIENTED_EDGE('',*,*,#6560,.T.);
#6560 = EDGE_CURVE('',#3105,#6561,#6563,.T.);
#6561 = VERTEX_POINT('',#6562);
#6562 = CARTESIAN_POINT('',(14.64,1.94,1.));
#6563 = LINE('',#6564,#6565);
#6564 = CARTESIAN_POINT('',(14.64,1.94,8.));
#6565 = VECTOR('',#6566,1.);
#6566 = DIRECTION('',(0.,-1.2E-16,-1.));
#6567 = ORIENTED_EDGE('',*,*,#6568,.T.);
#6568 = EDGE_CURVE('',#6561,#6569,#6571,.T.);
#6569 = VERTEX_POINT('',#6570);
#6570 = CARTESIAN_POINT('',(14.64,0.6,1.));
#6571 = LINE('',#6572,#6573);
#6572 = CARTESIAN_POINT('',(14.64,1.94,1.));
#6573 = VECTOR('',#6574,1.);
#6574 = DIRECTION('',(0.,-1.,1.2E-16));
#6575 = ORIENTED_EDGE('',*,*,#6576,.F.);
#6576 = EDGE_CURVE('',#3113,#6569,#6577,.T.);
#6577 = LINE('',#6578,#6579);
#6578 = CARTESIAN_POINT('',(14.64,0.6,8.));
#6579 = VECTOR('',#6580,1.);
#6580 = DIRECTION('',(0.,-1.2E-16,-1.));
#6581 = PLANE('',#6582);
#6582 = AXIS2_PLACEMENT_3D('',#6583,#6584,#6585);
#6583 = CARTESIAN_POINT('',(14.64,1.94,8.));
#6584 = DIRECTION('',(1.,0.,0.));
#6585 = DIRECTION('',(0.,-1.,1.4E-16));
#6586 = ADVANCED_FACE('',(#6587),#6605,.F.);
#6587 = FACE_BOUND('',#6588,.T.);
#6588 = EDGE_LOOP('',(#6589,#6590,#6591,#6599));
#6589 = ORIENTED_EDGE('',*,*,#3136,.F.);
#6590 = ORIENTED_EDGE('',*,*,#6576,.T.);
#6591 = ORIENTED_EDGE('',*,*,#6592,.T.);
#6592 = EDGE_CURVE('',#6569,#6593,#6595,.T.);
#6593 = VERTEX_POINT('',#6594);
#6594 = CARTESIAN_POINT('',(13.3,0.6,1.));
#6595 = LINE('',#6596,#6597);
#6596 = CARTESIAN_POINT('',(14.64,0.6,1.));
#6597 = VECTOR('',#6598,1.);
#6598 = DIRECTION('',(-1.,2.1E-16,0.));
#6599 = ORIENTED_EDGE('',*,*,#6600,.F.);
#6600 = EDGE_CURVE('',#3137,#6593,#6601,.T.);
#6601 = LINE('',#6602,#6603);
#6602 = CARTESIAN_POINT('',(13.3,0.6,8.));
#6603 = VECTOR('',#6604,1.);
#6604 = DIRECTION('',(0.,-1.2E-16,-1.));
#6605 = PLANE('',#6606);
#6606 = AXIS2_PLACEMENT_3D('',#6607,#6608,#6609);
#6607 = CARTESIAN_POINT('',(14.64,0.6,8.));
#6608 = DIRECTION('',(-2.1E-16,-1.,1.2E-16));
#6609 = DIRECTION('',(-1.,2.1E-16,0.));
#6610 = ADVANCED_FACE('',(#6611),#6629,.F.);
#6611 = FACE_BOUND('',#6612,.T.);
#6612 = EDGE_LOOP('',(#6613,#6614,#6622,#6628));
#6613 = ORIENTED_EDGE('',*,*,#3167,.F.);
#6614 = ORIENTED_EDGE('',*,*,#6615,.T.);
#6615 = EDGE_CURVE('',#3160,#6616,#6618,.T.);
#6616 = VERTEX_POINT('',#6617);
#6617 = CARTESIAN_POINT('',(13.3,1.94,1.));
#6618 = LINE('',#6619,#6620);
#6619 = CARTESIAN_POINT('',(13.3,1.94,8.));
#6620 = VECTOR('',#6621,1.);
#6621 = DIRECTION('',(0.,-1.2E-16,-1.));
#6622 = ORIENTED_EDGE('',*,*,#6623,.T.);
#6623 = EDGE_CURVE('',#6616,#6561,#6624,.T.);
#6624 = LINE('',#6625,#6626);
#6625 = CARTESIAN_POINT('',(13.3,1.94,1.));
#6626 = VECTOR('',#6627,1.);
#6627 = DIRECTION('',(1.,-2.1E-16,0.));
#6628 = ORIENTED_EDGE('',*,*,#6560,.F.);
#6629 = PLANE('',#6630);
#6630 = AXIS2_PLACEMENT_3D('',#6631,#6632,#6633);
#6631 = CARTESIAN_POINT('',(13.3,1.94,8.));
#6632 = DIRECTION('',(2.1E-16,1.,-1.2E-16));
#6633 = DIRECTION('',(1.,-2.1E-16,0.));
#6634 = ADVANCED_FACE('',(#6635),#6646,.F.);
#6635 = FACE_BOUND('',#6636,.T.);
#6636 = EDGE_LOOP('',(#6637,#6638,#6639,#6645));
#6637 = ORIENTED_EDGE('',*,*,#3182,.F.);
#6638 = ORIENTED_EDGE('',*,*,#6600,.T.);
#6639 = ORIENTED_EDGE('',*,*,#6640,.T.);
#6640 = EDGE_CURVE('',#6593,#6616,#6641,.T.);
#6641 = LINE('',#6642,#6643);
#6642 = CARTESIAN_POINT('',(13.3,0.6,1.));
#6643 = VECTOR('',#6644,1.);
#6644 = DIRECTION('',(0.,1.,-1.2E-16));
#6645 = ORIENTED_EDGE('',*,*,#6615,.F.);
#6646 = PLANE('',#6647);
#6647 = AXIS2_PLACEMENT_3D('',#6648,#6649,#6650);
#6648 = CARTESIAN_POINT('',(13.3,0.6,8.));
#6649 = DIRECTION('',(-1.,0.,0.));
#6650 = DIRECTION('',(0.,1.,-1.4E-16));
#6651 = ADVANCED_FACE('',(#6652),#6677,.F.);
#6652 = FACE_BOUND('',#6653,.T.);
#6653 = EDGE_LOOP('',(#6654,#6655,#6663,#6671));
#6654 = ORIENTED_EDGE('',*,*,#3208,.F.);
#6655 = ORIENTED_EDGE('',*,*,#6656,.T.);
#6656 = EDGE_CURVE('',#3201,#6657,#6659,.T.);
#6657 = VERTEX_POINT('',#6658);
#6658 = CARTESIAN_POINT('',(17.18,1.94,1.));
#6659 = LINE('',#6660,#6661);
#6660 = CARTESIAN_POINT('',(17.18,1.94,8.));
#6661 = VECTOR('',#6662,1.);
#6662 = DIRECTION('',(0.,-1.2E-16,-1.));
#6663 = ORIENTED_EDGE('',*,*,#6664,.T.);
#6664 = EDGE_CURVE('',#6657,#6665,#6667,.T.);
#6665 = VERTEX_POINT('',#6666);
#6666 = CARTESIAN_POINT('',(17.18,0.6,1.));
#6667 = LINE('',#6668,#6669);
#6668 = CARTESIAN_POINT('',(17.18,1.94,1.));
#6669 = VECTOR('',#6670,1.);
#6670 = DIRECTION('',(0.,-1.,1.2E-16));
#6671 = ORIENTED_EDGE('',*,*,#6672,.F.);
#6672 = EDGE_CURVE('',#3209,#6665,#6673,.T.);
#6673 = LINE('',#6674,#6675);
#6674 = CARTESIAN_POINT('',(17.18,0.6,8.));
#6675 = VECTOR('',#6676,1.);
#6676 = DIRECTION('',(0.,-1.2E-16,-1.));
#6677 = PLANE('',#6678);
#6678 = AXIS2_PLACEMENT_3D('',#6679,#6680,#6681);
#6679 = CARTESIAN_POINT('',(17.18,1.94,8.));
#6680 = DIRECTION('',(1.,0.,0.));
#6681 = DIRECTION('',(0.,-1.,1.4E-16));
#6682 = ADVANCED_FACE('',(#6683),#6701,.F.);
#6683 = FACE_BOUND('',#6684,.T.);
#6684 = EDGE_LOOP('',(#6685,#6686,#6687,#6695));
#6685 = ORIENTED_EDGE('',*,*,#3232,.F.);
#6686 = ORIENTED_EDGE('',*,*,#6672,.T.);
#6687 = ORIENTED_EDGE('',*,*,#6688,.T.);
#6688 = EDGE_CURVE('',#6665,#6689,#6691,.T.);
#6689 = VERTEX_POINT('',#6690);
#6690 = CARTESIAN_POINT('',(15.84,0.6,1.));
#6691 = LINE('',#6692,#6693);
#6692 = CARTESIAN_POINT('',(17.18,0.6,1.));
#6693 = VECTOR('',#6694,1.);
#6694 = DIRECTION('',(-1.,2.1E-16,0.));
#6695 = ORIENTED_EDGE('',*,*,#6696,.F.);
#6696 = EDGE_CURVE('',#3233,#6689,#6697,.T.);
#6697 = LINE('',#6698,#6699);
#6698 = CARTESIAN_POINT('',(15.84,0.6,8.));
#6699 = VECTOR('',#6700,1.);
#6700 = DIRECTION('',(0.,-1.2E-16,-1.));
#6701 = PLANE('',#6702);
#6702 = AXIS2_PLACEMENT_3D('',#6703,#6704,#6705);
#6703 = CARTESIAN_POINT('',(17.18,0.6,8.));
#6704 = DIRECTION('',(-2.1E-16,-1.,1.2E-16));
#6705 = DIRECTION('',(-1.,2.1E-16,0.));
#6706 = ADVANCED_FACE('',(#6707),#6725,.F.);
#6707 = FACE_BOUND('',#6708,.T.);
#6708 = EDGE_LOOP('',(#6709,#6710,#6718,#6724));
#6709 = ORIENTED_EDGE('',*,*,#3263,.F.);
#6710 = ORIENTED_EDGE('',*,*,#6711,.T.);
#6711 = EDGE_CURVE('',#3256,#6712,#6714,.T.);
#6712 = VERTEX_POINT('',#6713);
#6713 = CARTESIAN_POINT('',(15.84,1.94,1.));
#6714 = LINE('',#6715,#6716);
#6715 = CARTESIAN_POINT('',(15.84,1.94,8.));
#6716 = VECTOR('',#6717,1.);
#6717 = DIRECTION('',(0.,-1.2E-16,-1.));
#6718 = ORIENTED_EDGE('',*,*,#6719,.T.);
#6719 = EDGE_CURVE('',#6712,#6657,#6720,.T.);
#6720 = LINE('',#6721,#6722);
#6721 = CARTESIAN_POINT('',(15.84,1.94,1.));
#6722 = VECTOR('',#6723,1.);
#6723 = DIRECTION('',(1.,-2.1E-16,0.));
#6724 = ORIENTED_EDGE('',*,*,#6656,.F.);
#6725 = PLANE('',#6726);
#6726 = AXIS2_PLACEMENT_3D('',#6727,#6728,#6729);
#6727 = CARTESIAN_POINT('',(15.84,1.94,8.));
#6728 = DIRECTION('',(2.1E-16,1.,-1.2E-16));
#6729 = DIRECTION('',(1.,-2.1E-16,0.));
#6730 = ADVANCED_FACE('',(#6731),#6742,.F.);
#6731 = FACE_BOUND('',#6732,.T.);
#6732 = EDGE_LOOP('',(#6733,#6734,#6735,#6741));
#6733 = ORIENTED_EDGE('',*,*,#3278,.F.);
#6734 = ORIENTED_EDGE('',*,*,#6696,.T.);
#6735 = ORIENTED_EDGE('',*,*,#6736,.T.);
#6736 = EDGE_CURVE('',#6689,#6712,#6737,.T.);
#6737 = LINE('',#6738,#6739);
#6738 = CARTESIAN_POINT('',(15.84,0.6,1.));
#6739 = VECTOR('',#6740,1.);
#6740 = DIRECTION('',(0.,1.,-1.2E-16));
#6741 = ORIENTED_EDGE('',*,*,#6711,.F.);
#6742 = PLANE('',#6743);
#6743 = AXIS2_PLACEMENT_3D('',#6744,#6745,#6746);
#6744 = CARTESIAN_POINT('',(15.84,0.6,8.));
#6745 = DIRECTION('',(-1.,0.,0.));
#6746 = DIRECTION('',(0.,1.,-1.4E-16));
#6747 = ADVANCED_FACE('',(#6748),#6773,.F.);
#6748 = FACE_BOUND('',#6749,.T.);
#6749 = EDGE_LOOP('',(#6750,#6751,#6759,#6767));
#6750 = ORIENTED_EDGE('',*,*,#3304,.F.);
#6751 = ORIENTED_EDGE('',*,*,#6752,.T.);
#6752 = EDGE_CURVE('',#3297,#6753,#6755,.T.);
#6753 = VERTEX_POINT('',#6754);
#6754 = CARTESIAN_POINT('',(19.72,1.94,1.));
#6755 = LINE('',#6756,#6757);
#6756 = CARTESIAN_POINT('',(19.72,1.94,8.));
#6757 = VECTOR('',#6758,1.);
#6758 = DIRECTION('',(0.,-1.2E-16,-1.));
#6759 = ORIENTED_EDGE('',*,*,#6760,.T.);
#6760 = EDGE_CURVE('',#6753,#6761,#6763,.T.);
#6761 = VERTEX_POINT('',#6762);
#6762 = CARTESIAN_POINT('',(19.72,0.6,1.));
#6763 = LINE('',#6764,#6765);
#6764 = CARTESIAN_POINT('',(19.72,1.94,1.));
#6765 = VECTOR('',#6766,1.);
#6766 = DIRECTION('',(0.,-1.,1.2E-16));
#6767 = ORIENTED_EDGE('',*,*,#6768,.F.);
#6768 = EDGE_CURVE('',#3305,#6761,#6769,.T.);
#6769 = LINE('',#6770,#6771);
#6770 = CARTESIAN_POINT('',(19.72,0.6,8.));
#6771 = VECTOR('',#6772,1.);
#6772 = DIRECTION('',(0.,-1.2E-16,-1.));
#6773 = PLANE('',#6774);
#6774 = AXIS2_PLACEMENT_3D('',#6775,#6776,#6777);
#6775 = CARTESIAN_POINT('',(19.72,1.94,8.));
#6776 = DIRECTION('',(1.,0.,0.));
#6777 = DIRECTION('',(0.,-1.,1.4E-16));
#6778 = ADVANCED_FACE('',(#6779),#6797,.F.);
#6779 = FACE_BOUND('',#6780,.T.);
#6780 = EDGE_LOOP('',(#6781,#6782,#6783,#6791));
#6781 = ORIENTED_EDGE('',*,*,#3328,.F.);
#6782 = ORIENTED_EDGE('',*,*,#6768,.T.);
#6783 = ORIENTED_EDGE('',*,*,#6784,.T.);
#6784 = EDGE_CURVE('',#6761,#6785,#6787,.T.);
#6785 = VERTEX_POINT('',#6786);
#6786 = CARTESIAN_POINT('',(18.38,0.6,1.));
#6787 = LINE('',#6788,#6789);
#6788 = CARTESIAN_POINT('',(19.72,0.6,1.));
#6789 = VECTOR('',#6790,1.);
#6790 = DIRECTION('',(-1.,2.1E-16,0.));
#6791 = ORIENTED_EDGE('',*,*,#6792,.F.);
#6792 = EDGE_CURVE('',#3329,#6785,#6793,.T.);
#6793 = LINE('',#6794,#6795);
#6794 = CARTESIAN_POINT('',(18.38,0.6,8.));
#6795 = VECTOR('',#6796,1.);
#6796 = DIRECTION('',(0.,-1.2E-16,-1.));
#6797 = PLANE('',#6798);
#6798 = AXIS2_PLACEMENT_3D('',#6799,#6800,#6801);
#6799 = CARTESIAN_POINT('',(19.72,0.6,8.));
#6800 = DIRECTION('',(-2.1E-16,-1.,1.2E-16));
#6801 = DIRECTION('',(-1.,2.1E-16,0.));
#6802 = ADVANCED_FACE('',(#6803),#6821,.F.);
#6803 = FACE_BOUND('',#6804,.T.);
#6804 = EDGE_LOOP('',(#6805,#6806,#6814,#6820));
#6805 = ORIENTED_EDGE('',*,*,#3359,.F.);
#6806 = ORIENTED_EDGE('',*,*,#6807,.T.);
#6807 = EDGE_CURVE('',#3352,#6808,#6810,.T.);
#6808 = VERTEX_POINT('',#6809);
#6809 = CARTESIAN_POINT('',(18.38,1.94,1.));
#6810 = LINE('',#6811,#6812);
#6811 = CARTESIAN_POINT('',(18.38,1.94,8.));
#6812 = VECTOR('',#6813,1.);
#6813 = DIRECTION('',(0.,-1.2E-16,-1.));
#6814 = ORIENTED_EDGE('',*,*,#6815,.T.);
#6815 = EDGE_CURVE('',#6808,#6753,#6816,.T.);
#6816 = LINE('',#6817,#6818);
#6817 = CARTESIAN_POINT('',(18.38,1.94,1.));
#6818 = VECTOR('',#6819,1.);
#6819 = DIRECTION('',(1.,-2.1E-16,0.));
#6820 = ORIENTED_EDGE('',*,*,#6752,.F.);
#6821 = PLANE('',#6822);
#6822 = AXIS2_PLACEMENT_3D('',#6823,#6824,#6825);
#6823 = CARTESIAN_POINT('',(18.38,1.94,8.));
#6824 = DIRECTION('',(2.1E-16,1.,-1.2E-16));
#6825 = DIRECTION('',(1.,-2.1E-16,0.));
#6826 = ADVANCED_FACE('',(#6827),#6838,.F.);
#6827 = FACE_BOUND('',#6828,.T.);
#6828 = EDGE_LOOP('',(#6829,#6830,#6831,#6837));
#6829 = ORIENTED_EDGE('',*,*,#3374,.F.);
#6830 = ORIENTED_EDGE('',*,*,#6792,.T.);
#6831 = ORIENTED_EDGE('',*,*,#6832,.T.);
#6832 = EDGE_CURVE('',#6785,#6808,#6833,.T.);
#6833 = LINE('',#6834,#6835);
#6834 = CARTESIAN_POINT('',(18.38,0.6,1.));
#6835 = VECTOR('',#6836,1.);
#6836 = DIRECTION('',(0.,1.,-1.2E-16));
#6837 = ORIENTED_EDGE('',*,*,#6807,.F.);
#6838 = PLANE('',#6839);
#6839 = AXIS2_PLACEMENT_3D('',#6840,#6841,#6842);
#6840 = CARTESIAN_POINT('',(18.38,0.6,8.));
#6841 = DIRECTION('',(-1.,0.,0.));
#6842 = DIRECTION('',(0.,1.,-1.4E-16));
#6843 = ADVANCED_FACE('',(#6844),#6869,.F.);
#6844 = FACE_BOUND('',#6845,.T.);
#6845 = EDGE_LOOP('',(#6846,#6847,#6855,#6863));
#6846 = ORIENTED_EDGE('',*,*,#3400,.F.);
#6847 = ORIENTED_EDGE('',*,*,#6848,.T.);
#6848 = EDGE_CURVE('',#3393,#6849,#6851,.T.);
#6849 = VERTEX_POINT('',#6850);
#6850 = CARTESIAN_POINT('',(22.26,1.94,1.));
#6851 = LINE('',#6852,#6853);
#6852 = CARTESIAN_POINT('',(22.26,1.94,8.));
#6853 = VECTOR('',#6854,1.);
#6854 = DIRECTION('',(0.,-1.2E-16,-1.));
#6855 = ORIENTED_EDGE('',*,*,#6856,.T.);
#6856 = EDGE_CURVE('',#6849,#6857,#6859,.T.);
#6857 = VERTEX_POINT('',#6858);
#6858 = CARTESIAN_POINT('',(22.26,0.6,1.));
#6859 = LINE('',#6860,#6861);
#6860 = CARTESIAN_POINT('',(22.26,1.94,1.));
#6861 = VECTOR('',#6862,1.);
#6862 = DIRECTION('',(0.,-1.,1.2E-16));
#6863 = ORIENTED_EDGE('',*,*,#6864,.F.);
#6864 = EDGE_CURVE('',#3401,#6857,#6865,.T.);
#6865 = LINE('',#6866,#6867);
#6866 = CARTESIAN_POINT('',(22.26,0.6,8.));
#6867 = VECTOR('',#6868,1.);
#6868 = DIRECTION('',(0.,-1.2E-16,-1.));
#6869 = PLANE('',#6870);
#6870 = AXIS2_PLACEMENT_3D('',#6871,#6872,#6873);
#6871 = CARTESIAN_POINT('',(22.26,1.94,8.));
#6872 = DIRECTION('',(1.,0.,0.));
#6873 = DIRECTION('',(0.,-1.,1.4E-16));
#6874 = ADVANCED_FACE('',(#6875),#6893,.F.);
#6875 = FACE_BOUND('',#6876,.T.);
#6876 = EDGE_LOOP('',(#6877,#6878,#6879,#6887));
#6877 = ORIENTED_EDGE('',*,*,#3424,.F.);
#6878 = ORIENTED_EDGE('',*,*,#6864,.T.);
#6879 = ORIENTED_EDGE('',*,*,#6880,.T.);
#6880 = EDGE_CURVE('',#6857,#6881,#6883,.T.);
#6881 = VERTEX_POINT('',#6882);
#6882 = CARTESIAN_POINT('',(20.92,0.6,1.));
#6883 = LINE('',#6884,#6885);
#6884 = CARTESIAN_POINT('',(22.26,0.6,1.));
#6885 = VECTOR('',#6886,1.);
#6886 = DIRECTION('',(-1.,2.1E-16,0.));
#6887 = ORIENTED_EDGE('',*,*,#6888,.F.);
#6888 = EDGE_CURVE('',#3425,#6881,#6889,.T.);
#6889 = LINE('',#6890,#6891);
#6890 = CARTESIAN_POINT('',(20.92,0.6,8.));
#6891 = VECTOR('',#6892,1.);
#6892 = DIRECTION('',(0.,-1.2E-16,-1.));
#6893 = PLANE('',#6894);
#6894 = AXIS2_PLACEMENT_3D('',#6895,#6896,#6897);
#6895 = CARTESIAN_POINT('',(22.26,0.6,8.));
#6896 = DIRECTION('',(-2.1E-16,-1.,1.2E-16));
#6897 = DIRECTION('',(-1.,2.1E-16,0.));
#6898 = ADVANCED_FACE('',(#6899),#6917,.F.);
#6899 = FACE_BOUND('',#6900,.T.);
#6900 = EDGE_LOOP('',(#6901,#6902,#6910,#6916));
#6901 = ORIENTED_EDGE('',*,*,#3455,.F.);
#6902 = ORIENTED_EDGE('',*,*,#6903,.T.);
#6903 = EDGE_CURVE('',#3448,#6904,#6906,.T.);
#6904 = VERTEX_POINT('',#6905);
#6905 = CARTESIAN_POINT('',(20.92,1.94,1.));
#6906 = LINE('',#6907,#6908);
#6907 = CARTESIAN_POINT('',(20.92,1.94,8.));
#6908 = VECTOR('',#6909,1.);
#6909 = DIRECTION('',(0.,-1.2E-16,-1.));
#6910 = ORIENTED_EDGE('',*,*,#6911,.T.);
#6911 = EDGE_CURVE('',#6904,#6849,#6912,.T.);
#6912 = LINE('',#6913,#6914);
#6913 = CARTESIAN_POINT('',(20.92,1.94,1.));
#6914 = VECTOR('',#6915,1.);
#6915 = DIRECTION('',(1.,-2.1E-16,0.));
#6916 = ORIENTED_EDGE('',*,*,#6848,.F.);
#6917 = PLANE('',#6918);
#6918 = AXIS2_PLACEMENT_3D('',#6919,#6920,#6921);
#6919 = CARTESIAN_POINT('',(20.92,1.94,8.));
#6920 = DIRECTION('',(2.1E-16,1.,-1.2E-16));
#6921 = DIRECTION('',(1.,-2.1E-16,0.));
#6922 = ADVANCED_FACE('',(#6923),#6934,.F.);
#6923 = FACE_BOUND('',#6924,.T.);
#6924 = EDGE_LOOP('',(#6925,#6926,#6927,#6933));
#6925 = ORIENTED_EDGE('',*,*,#3470,.F.);
#6926 = ORIENTED_EDGE('',*,*,#6888,.T.);
#6927 = ORIENTED_EDGE('',*,*,#6928,.T.);
#6928 = EDGE_CURVE('',#6881,#6904,#6929,.T.);
#6929 = LINE('',#6930,#6931);
#6930 = CARTESIAN_POINT('',(20.92,0.6,1.));
#6931 = VECTOR('',#6932,1.);
#6932 = DIRECTION('',(0.,1.,-1.2E-16));
#6933 = ORIENTED_EDGE('',*,*,#6903,.F.);
#6934 = PLANE('',#6935);
#6935 = AXIS2_PLACEMENT_3D('',#6936,#6937,#6938);
#6936 = CARTESIAN_POINT('',(20.92,0.6,8.));
#6937 = DIRECTION('',(-1.,0.,0.));
#6938 = DIRECTION('',(0.,1.,-1.4E-16));
#6939 = ADVANCED_FACE('',(#6940),#6965,.F.);
#6940 = FACE_BOUND('',#6941,.T.);
#6941 = EDGE_LOOP('',(#6942,#6943,#6951,#6959));
#6942 = ORIENTED_EDGE('',*,*,#3496,.F.);
#6943 = ORIENTED_EDGE('',*,*,#6944,.T.);
#6944 = EDGE_CURVE('',#3489,#6945,#6947,.T.);
#6945 = VERTEX_POINT('',#6946);
#6946 = CARTESIAN_POINT('',(24.8,1.94,1.));
#6947 = LINE('',#6948,#6949);
#6948 = CARTESIAN_POINT('',(24.8,1.94,8.));
#6949 = VECTOR('',#6950,1.);
#6950 = DIRECTION('',(0.,-1.2E-16,-1.));
#6951 = ORIENTED_EDGE('',*,*,#6952,.T.);
#6952 = EDGE_CURVE('',#6945,#6953,#6955,.T.);
#6953 = VERTEX_POINT('',#6954);
#6954 = CARTESIAN_POINT('',(24.8,0.6,1.));
#6955 = LINE('',#6956,#6957);
#6956 = CARTESIAN_POINT('',(24.8,1.94,1.));
#6957 = VECTOR('',#6958,1.);
#6958 = DIRECTION('',(0.,-1.,1.2E-16));
#6959 = ORIENTED_EDGE('',*,*,#6960,.F.);
#6960 = EDGE_CURVE('',#3497,#6953,#6961,.T.);
#6961 = LINE('',#6962,#6963);
#6962 = CARTESIAN_POINT('',(24.8,0.6,8.));
#6963 = VECTOR('',#6964,1.);
#6964 = DIRECTION('',(0.,-1.2E-16,-1.));
#6965 = PLANE('',#6966);
#6966 = AXIS2_PLACEMENT_3D('',#6967,#6968,#6969);
#6967 = CARTESIAN_POINT('',(24.8,1.94,8.));
#6968 = DIRECTION('',(1.,0.,0.));
#6969 = DIRECTION('',(0.,-1.,1.4E-16));
#6970 = ADVANCED_FACE('',(#6971),#6989,.F.);
#6971 = FACE_BOUND('',#6972,.T.);
#6972 = EDGE_LOOP('',(#6973,#6974,#6975,#6983));
#6973 = ORIENTED_EDGE('',*,*,#3520,.F.);
#6974 = ORIENTED_EDGE('',*,*,#6960,.T.);
#6975 = ORIENTED_EDGE('',*,*,#6976,.T.);
#6976 = EDGE_CURVE('',#6953,#6977,#6979,.T.);
#6977 = VERTEX_POINT('',#6978);
#6978 = CARTESIAN_POINT('',(23.46,0.6,1.));
#6979 = LINE('',#6980,#6981);
#6980 = CARTESIAN_POINT('',(24.8,0.6,1.));
#6981 = VECTOR('',#6982,1.);
#6982 = DIRECTION('',(-1.,2.1E-16,0.));
#6983 = ORIENTED_EDGE('',*,*,#6984,.F.);
#6984 = EDGE_CURVE('',#3521,#6977,#6985,.T.);
#6985 = LINE('',#6986,#6987);
#6986 = CARTESIAN_POINT('',(23.46,0.6,8.));
#6987 = VECTOR('',#6988,1.);
#6988 = DIRECTION('',(0.,-1.2E-16,-1.));
#6989 = PLANE('',#6990);
#6990 = AXIS2_PLACEMENT_3D('',#6991,#6992,#6993);
#6991 = CARTESIAN_POINT('',(24.8,0.6,8.));
#6992 = DIRECTION('',(-2.1E-16,-1.,1.2E-16));
#6993 = DIRECTION('',(-1.,2.1E-16,0.));
#6994 = ADVANCED_FACE('',(#6995),#7013,.F.);
#6995 = FACE_BOUND('',#6996,.T.);
#6996 = EDGE_LOOP('',(#6997,#6998,#7006,#7012));
#6997 = ORIENTED_EDGE('',*,*,#3551,.F.);
#6998 = ORIENTED_EDGE('',*,*,#6999,.T.);
#6999 = EDGE_CURVE('',#3544,#7000,#7002,.T.);
#7000 = VERTEX_POINT('',#7001);
#7001 = CARTESIAN_POINT('',(23.46,1.94,1.));
#7002 = LINE('',#7003,#7004);
#7003 = CARTESIAN_POINT('',(23.46,1.94,8.));
#7004 = VECTOR('',#7005,1.);
#7005 = DIRECTION('',(0.,-1.2E-16,-1.));
#7006 = ORIENTED_EDGE('',*,*,#7007,.T.);
#7007 = EDGE_CURVE('',#7000,#6945,#7008,.T.);
#7008 = LINE('',#7009,#7010);
#7009 = CARTESIAN_POINT('',(23.46,1.94,1.));
#7010 = VECTOR('',#7011,1.);
#7011 = DIRECTION('',(1.,-2.1E-16,0.));
#7012 = ORIENTED_EDGE('',*,*,#6944,.F.);
#7013 = PLANE('',#7014);
#7014 = AXIS2_PLACEMENT_3D('',#7015,#7016,#7017);
#7015 = CARTESIAN_POINT('',(23.46,1.94,8.));
#7016 = DIRECTION('',(2.1E-16,1.,-1.2E-16));
#7017 = DIRECTION('',(1.,-2.1E-16,0.));
#7018 = ADVANCED_FACE('',(#7019),#7030,.F.);
#7019 = FACE_BOUND('',#7020,.T.);
#7020 = EDGE_LOOP('',(#7021,#7022,#7023,#7029));
#7021 = ORIENTED_EDGE('',*,*,#3566,.F.);
#7022 = ORIENTED_EDGE('',*,*,#6984,.T.);
#7023 = ORIENTED_EDGE('',*,*,#7024,.T.);
#7024 = EDGE_CURVE('',#6977,#7000,#7025,.T.);
#7025 = LINE('',#7026,#7027);
#7026 = CARTESIAN_POINT('',(23.46,0.6,1.));
#7027 = VECTOR('',#7028,1.);
#7028 = DIRECTION('',(0.,1.,-1.2E-16));
#7029 = ORIENTED_EDGE('',*,*,#6999,.F.);
#7030 = PLANE('',#7031);
#7031 = AXIS2_PLACEMENT_3D('',#7032,#7033,#7034);
#7032 = CARTESIAN_POINT('',(23.46,0.6,8.));
#7033 = DIRECTION('',(-1.,0.,0.));
#7034 = DIRECTION('',(0.,1.,-1.4E-16));
#7035 = ADVANCED_FACE('',(#7036),#7061,.F.);
#7036 = FACE_BOUND('',#7037,.T.);
#7037 = EDGE_LOOP('',(#7038,#7039,#7047,#7055));
#7038 = ORIENTED_EDGE('',*,*,#3592,.F.);
#7039 = ORIENTED_EDGE('',*,*,#7040,.T.);
#7040 = EDGE_CURVE('',#3585,#7041,#7043,.T.);
#7041 = VERTEX_POINT('',#7042);
#7042 = CARTESIAN_POINT('',(-13.3,-0.6,1.));
#7043 = LINE('',#7044,#7045);
#7044 = CARTESIAN_POINT('',(-13.3,-0.6,8.));
#7045 = VECTOR('',#7046,1.);
#7046 = DIRECTION('',(0.,-1.2E-16,-1.));
#7047 = ORIENTED_EDGE('',*,*,#7048,.T.);
#7048 = EDGE_CURVE('',#7041,#7049,#7051,.T.);
#7049 = VERTEX_POINT('',#7050);
#7050 = CARTESIAN_POINT('',(-13.3,-1.94,1.));
#7051 = LINE('',#7052,#7053);
#7052 = CARTESIAN_POINT('',(-13.3,-0.6,1.));
#7053 = VECTOR('',#7054,1.);
#7054 = DIRECTION('',(0.,-1.,1.2E-16));
#7055 = ORIENTED_EDGE('',*,*,#7056,.F.);
#7056 = EDGE_CURVE('',#3593,#7049,#7057,.T.);
#7057 = LINE('',#7058,#7059);
#7058 = CARTESIAN_POINT('',(-13.3,-1.94,8.));
#7059 = VECTOR('',#7060,1.);
#7060 = DIRECTION('',(0.,-1.2E-16,-1.));
#7061 = PLANE('',#7062);
#7062 = AXIS2_PLACEMENT_3D('',#7063,#7064,#7065);
#7063 = CARTESIAN_POINT('',(-13.3,-0.6,8.));
#7064 = DIRECTION('',(1.,0.,0.));
#7065 = DIRECTION('',(0.,-1.,1.4E-16));
#7066 = ADVANCED_FACE('',(#7067),#7085,.F.);
#7067 = FACE_BOUND('',#7068,.T.);
#7068 = EDGE_LOOP('',(#7069,#7070,#7071,#7079));
#7069 = ORIENTED_EDGE('',*,*,#3616,.F.);
#7070 = ORIENTED_EDGE('',*,*,#7056,.T.);
#7071 = ORIENTED_EDGE('',*,*,#7072,.T.);
#7072 = EDGE_CURVE('',#7049,#7073,#7075,.T.);
#7073 = VERTEX_POINT('',#7074);
#7074 = CARTESIAN_POINT('',(-14.64,-1.94,1.));
#7075 = LINE('',#7076,#7077);
#7076 = CARTESIAN_POINT('',(-13.3,-1.94,1.));
#7077 = VECTOR('',#7078,1.);
#7078 = DIRECTION('',(-1.,2.1E-16,0.));
#7079 = ORIENTED_EDGE('',*,*,#7080,.F.);
#7080 = EDGE_CURVE('',#3617,#7073,#7081,.T.);
#7081 = LINE('',#7082,#7083);
#7082 = CARTESIAN_POINT('',(-14.64,-1.94,8.));
#7083 = VECTOR('',#7084,1.);
#7084 = DIRECTION('',(0.,-1.2E-16,-1.));
#7085 = PLANE('',#7086);
#7086 = AXIS2_PLACEMENT_3D('',#7087,#7088,#7089);
#7087 = CARTESIAN_POINT('',(-13.3,-1.94,8.));
#7088 = DIRECTION('',(-2.1E-16,-1.,1.2E-16));
#7089 = DIRECTION('',(-1.,2.1E-16,0.));
#7090 = ADVANCED_FACE('',(#7091),#7109,.F.);
#7091 = FACE_BOUND('',#7092,.T.);
#7092 = EDGE_LOOP('',(#7093,#7094,#7102,#7108));
#7093 = ORIENTED_EDGE('',*,*,#3647,.F.);
#7094 = ORIENTED_EDGE('',*,*,#7095,.T.);
#7095 = EDGE_CURVE('',#3640,#7096,#7098,.T.);
#7096 = VERTEX_POINT('',#7097);
#7097 = CARTESIAN_POINT('',(-14.64,-0.6,1.));
#7098 = LINE('',#7099,#7100);
#7099 = CARTESIAN_POINT('',(-14.64,-0.6,8.));
#7100 = VECTOR('',#7101,1.);
#7101 = DIRECTION('',(0.,-1.2E-16,-1.));
#7102 = ORIENTED_EDGE('',*,*,#7103,.T.);
#7103 = EDGE_CURVE('',#7096,#7041,#7104,.T.);
#7104 = LINE('',#7105,#7106);
#7105 = CARTESIAN_POINT('',(-14.64,-0.6,1.));
#7106 = VECTOR('',#7107,1.);
#7107 = DIRECTION('',(1.,-2.1E-16,0.));
#7108 = ORIENTED_EDGE('',*,*,#7040,.F.);
#7109 = PLANE('',#7110);
#7110 = AXIS2_PLACEMENT_3D('',#7111,#7112,#7113);
#7111 = CARTESIAN_POINT('',(-14.64,-0.6,8.));
#7112 = DIRECTION('',(2.1E-16,1.,-1.2E-16));
#7113 = DIRECTION('',(1.,-2.1E-16,0.));
#7114 = ADVANCED_FACE('',(#7115),#7126,.F.);
#7115 = FACE_BOUND('',#7116,.T.);
#7116 = EDGE_LOOP('',(#7117,#7118,#7119,#7125));
#7117 = ORIENTED_EDGE('',*,*,#3662,.F.);
#7118 = ORIENTED_EDGE('',*,*,#7080,.T.);
#7119 = ORIENTED_EDGE('',*,*,#7120,.T.);
#7120 = EDGE_CURVE('',#7073,#7096,#7121,.T.);
#7121 = LINE('',#7122,#7123);
#7122 = CARTESIAN_POINT('',(-14.64,-1.94,1.));
#7123 = VECTOR('',#7124,1.);
#7124 = DIRECTION('',(0.,1.,-1.2E-16));
#7125 = ORIENTED_EDGE('',*,*,#7095,.F.);
#7126 = PLANE('',#7127);
#7127 = AXIS2_PLACEMENT_3D('',#7128,#7129,#7130);
#7128 = CARTESIAN_POINT('',(-14.64,-1.94,8.));
#7129 = DIRECTION('',(-1.,0.,0.));
#7130 = DIRECTION('',(0.,1.,-1.4E-16));
#7131 = ADVANCED_FACE('',(#7132),#7157,.F.);
#7132 = FACE_BOUND('',#7133,.T.);
#7133 = EDGE_LOOP('',(#7134,#7135,#7143,#7151));
#7134 = ORIENTED_EDGE('',*,*,#3688,.F.);
#7135 = ORIENTED_EDGE('',*,*,#7136,.T.);
#7136 = EDGE_CURVE('',#3681,#7137,#7139,.T.);
#7137 = VERTEX_POINT('',#7138);
#7138 = CARTESIAN_POINT('',(-10.76,-0.6,1.));
#7139 = LINE('',#7140,#7141);
#7140 = CARTESIAN_POINT('',(-10.76,-0.6,8.));
#7141 = VECTOR('',#7142,1.);
#7142 = DIRECTION('',(0.,-1.2E-16,-1.));
#7143 = ORIENTED_EDGE('',*,*,#7144,.T.);
#7144 = EDGE_CURVE('',#7137,#7145,#7147,.T.);
#7145 = VERTEX_POINT('',#7146);
#7146 = CARTESIAN_POINT('',(-10.76,-1.94,1.));
#7147 = LINE('',#7148,#7149);
#7148 = CARTESIAN_POINT('',(-10.76,-0.6,1.));
#7149 = VECTOR('',#7150,1.);
#7150 = DIRECTION('',(0.,-1.,1.2E-16));
#7151 = ORIENTED_EDGE('',*,*,#7152,.F.);
#7152 = EDGE_CURVE('',#3689,#7145,#7153,.T.);
#7153 = LINE('',#7154,#7155);
#7154 = CARTESIAN_POINT('',(-10.76,-1.94,8.));
#7155 = VECTOR('',#7156,1.);
#7156 = DIRECTION('',(0.,-1.2E-16,-1.));
#7157 = PLANE('',#7158);
#7158 = AXIS2_PLACEMENT_3D('',#7159,#7160,#7161);
#7159 = CARTESIAN_POINT('',(-10.76,-0.6,8.));
#7160 = DIRECTION('',(1.,0.,0.));
#7161 = DIRECTION('',(0.,-1.,1.4E-16));
#7162 = ADVANCED_FACE('',(#7163),#7181,.F.);
#7163 = FACE_BOUND('',#7164,.T.);
#7164 = EDGE_LOOP('',(#7165,#7166,#7167,#7175));
#7165 = ORIENTED_EDGE('',*,*,#3712,.F.);
#7166 = ORIENTED_EDGE('',*,*,#7152,.T.);
#7167 = ORIENTED_EDGE('',*,*,#7168,.T.);
#7168 = EDGE_CURVE('',#7145,#7169,#7171,.T.);
#7169 = VERTEX_POINT('',#7170);
#7170 = CARTESIAN_POINT('',(-12.1,-1.94,1.));
#7171 = LINE('',#7172,#7173);
#7172 = CARTESIAN_POINT('',(-10.76,-1.94,1.));
#7173 = VECTOR('',#7174,1.);
#7174 = DIRECTION('',(-1.,2.1E-16,0.));
#7175 = ORIENTED_EDGE('',*,*,#7176,.F.);
#7176 = EDGE_CURVE('',#3713,#7169,#7177,.T.);
#7177 = LINE('',#7178,#7179);
#7178 = CARTESIAN_POINT('',(-12.1,-1.94,8.));
#7179 = VECTOR('',#7180,1.);
#7180 = DIRECTION('',(0.,-1.2E-16,-1.));
#7181 = PLANE('',#7182);
#7182 = AXIS2_PLACEMENT_3D('',#7183,#7184,#7185);
#7183 = CARTESIAN_POINT('',(-10.76,-1.94,8.));
#7184 = DIRECTION('',(-2.1E-16,-1.,1.2E-16));
#7185 = DIRECTION('',(-1.,2.1E-16,0.));
#7186 = ADVANCED_FACE('',(#7187),#7205,.F.);
#7187 = FACE_BOUND('',#7188,.T.);
#7188 = EDGE_LOOP('',(#7189,#7190,#7198,#7204));
#7189 = ORIENTED_EDGE('',*,*,#3743,.F.);
#7190 = ORIENTED_EDGE('',*,*,#7191,.T.);
#7191 = EDGE_CURVE('',#3736,#7192,#7194,.T.);
#7192 = VERTEX_POINT('',#7193);
#7193 = CARTESIAN_POINT('',(-12.1,-0.6,1.));
#7194 = LINE('',#7195,#7196);
#7195 = CARTESIAN_POINT('',(-12.1,-0.6,8.));
#7196 = VECTOR('',#7197,1.);
#7197 = DIRECTION('',(0.,-1.2E-16,-1.));
#7198 = ORIENTED_EDGE('',*,*,#7199,.T.);
#7199 = EDGE_CURVE('',#7192,#7137,#7200,.T.);
#7200 = LINE('',#7201,#7202);
#7201 = CARTESIAN_POINT('',(-12.1,-0.6,1.));
#7202 = VECTOR('',#7203,1.);
#7203 = DIRECTION('',(1.,-2.1E-16,0.));
#7204 = ORIENTED_EDGE('',*,*,#7136,.F.);
#7205 = PLANE('',#7206);
#7206 = AXIS2_PLACEMENT_3D('',#7207,#7208,#7209);
#7207 = CARTESIAN_POINT('',(-12.1,-0.6,8.));
#7208 = DIRECTION('',(2.1E-16,1.,-1.2E-16));
#7209 = DIRECTION('',(1.,-2.1E-16,0.));
#7210 = ADVANCED_FACE('',(#7211),#7222,.F.);
#7211 = FACE_BOUND('',#7212,.T.);
#7212 = EDGE_LOOP('',(#7213,#7214,#7215,#7221));
#7213 = ORIENTED_EDGE('',*,*,#3758,.F.);
#7214 = ORIENTED_EDGE('',*,*,#7176,.T.);
#7215 = ORIENTED_EDGE('',*,*,#7216,.T.);
#7216 = EDGE_CURVE('',#7169,#7192,#7217,.T.);
#7217 = LINE('',#7218,#7219);
#7218 = CARTESIAN_POINT('',(-12.1,-1.94,1.));
#7219 = VECTOR('',#7220,1.);
#7220 = DIRECTION('',(0.,1.,-1.2E-16));
#7221 = ORIENTED_EDGE('',*,*,#7191,.F.);
#7222 = PLANE('',#7223);
#7223 = AXIS2_PLACEMENT_3D('',#7224,#7225,#7226);
#7224 = CARTESIAN_POINT('',(-12.1,-1.94,8.));
#7225 = DIRECTION('',(-1.,0.,0.));
#7226 = DIRECTION('',(0.,1.,-1.4E-16));
#7227 = ADVANCED_FACE('',(#7228),#7253,.F.);
#7228 = FACE_BOUND('',#7229,.T.);
#7229 = EDGE_LOOP('',(#7230,#7231,#7239,#7247));
#7230 = ORIENTED_EDGE('',*,*,#3784,.F.);
#7231 = ORIENTED_EDGE('',*,*,#7232,.T.);
#7232 = EDGE_CURVE('',#3777,#7233,#7235,.T.);
#7233 = VERTEX_POINT('',#7234);
#7234 = CARTESIAN_POINT('',(-8.22,-0.6,1.));
#7235 = LINE('',#7236,#7237);
#7236 = CARTESIAN_POINT('',(-8.22,-0.6,8.));
#7237 = VECTOR('',#7238,1.);
#7238 = DIRECTION('',(0.,-1.2E-16,-1.));
#7239 = ORIENTED_EDGE('',*,*,#7240,.T.);
#7240 = EDGE_CURVE('',#7233,#7241,#7243,.T.);
#7241 = VERTEX_POINT('',#7242);
#7242 = CARTESIAN_POINT('',(-8.22,-1.94,1.));
#7243 = LINE('',#7244,#7245);
#7244 = CARTESIAN_POINT('',(-8.22,-0.6,1.));
#7245 = VECTOR('',#7246,1.);
#7246 = DIRECTION('',(0.,-1.,1.2E-16));
#7247 = ORIENTED_EDGE('',*,*,#7248,.F.);
#7248 = EDGE_CURVE('',#3785,#7241,#7249,.T.);
#7249 = LINE('',#7250,#7251);
#7250 = CARTESIAN_POINT('',(-8.22,-1.94,8.));
#7251 = VECTOR('',#7252,1.);
#7252 = DIRECTION('',(0.,-1.2E-16,-1.));
#7253 = PLANE('',#7254);
#7254 = AXIS2_PLACEMENT_3D('',#7255,#7256,#7257);
#7255 = CARTESIAN_POINT('',(-8.22,-0.6,8.));
#7256 = DIRECTION('',(1.,0.,0.));
#7257 = DIRECTION('',(0.,-1.,1.4E-16));
#7258 = ADVANCED_FACE('',(#7259),#7277,.F.);
#7259 = FACE_BOUND('',#7260,.T.);
#7260 = EDGE_LOOP('',(#7261,#7262,#7263,#7271));
#7261 = ORIENTED_EDGE('',*,*,#3808,.F.);
#7262 = ORIENTED_EDGE('',*,*,#7248,.T.);
#7263 = ORIENTED_EDGE('',*,*,#7264,.T.);
#7264 = EDGE_CURVE('',#7241,#7265,#7267,.T.);
#7265 = VERTEX_POINT('',#7266);
#7266 = CARTESIAN_POINT('',(-9.56,-1.94,1.));
#7267 = LINE('',#7268,#7269);
#7268 = CARTESIAN_POINT('',(-8.22,-1.94,1.));
#7269 = VECTOR('',#7270,1.);
#7270 = DIRECTION('',(-1.,2.1E-16,0.));
#7271 = ORIENTED_EDGE('',*,*,#7272,.F.);
#7272 = EDGE_CURVE('',#3809,#7265,#7273,.T.);
#7273 = LINE('',#7274,#7275);
#7274 = CARTESIAN_POINT('',(-9.56,-1.94,8.));
#7275 = VECTOR('',#7276,1.);
#7276 = DIRECTION('',(0.,-1.2E-16,-1.));
#7277 = PLANE('',#7278);
#7278 = AXIS2_PLACEMENT_3D('',#7279,#7280,#7281);
#7279 = CARTESIAN_POINT('',(-8.22,-1.94,8.));
#7280 = DIRECTION('',(-2.1E-16,-1.,1.2E-16));
#7281 = DIRECTION('',(-1.,2.1E-16,0.));
#7282 = ADVANCED_FACE('',(#7283),#7301,.F.);
#7283 = FACE_BOUND('',#7284,.T.);
#7284 = EDGE_LOOP('',(#7285,#7286,#7294,#7300));
#7285 = ORIENTED_EDGE('',*,*,#3839,.F.);
#7286 = ORIENTED_EDGE('',*,*,#7287,.T.);
#7287 = EDGE_CURVE('',#3832,#7288,#7290,.T.);
#7288 = VERTEX_POINT('',#7289);
#7289 = CARTESIAN_POINT('',(-9.56,-0.6,1.));
#7290 = LINE('',#7291,#7292);
#7291 = CARTESIAN_POINT('',(-9.56,-0.6,8.));
#7292 = VECTOR('',#7293,1.);
#7293 = DIRECTION('',(0.,-1.2E-16,-1.));
#7294 = ORIENTED_EDGE('',*,*,#7295,.T.);
#7295 = EDGE_CURVE('',#7288,#7233,#7296,.T.);
#7296 = LINE('',#7297,#7298);
#7297 = CARTESIAN_POINT('',(-9.56,-0.6,1.));
#7298 = VECTOR('',#7299,1.);
#7299 = DIRECTION('',(1.,-2.1E-16,0.));
#7300 = ORIENTED_EDGE('',*,*,#7232,.F.);
#7301 = PLANE('',#7302);
#7302 = AXIS2_PLACEMENT_3D('',#7303,#7304,#7305);
#7303 = CARTESIAN_POINT('',(-9.56,-0.6,8.));
#7304 = DIRECTION('',(2.1E-16,1.,-1.2E-16));
#7305 = DIRECTION('',(1.,-2.1E-16,0.));
#7306 = ADVANCED_FACE('',(#7307),#7318,.F.);
#7307 = FACE_BOUND('',#7308,.T.);
#7308 = EDGE_LOOP('',(#7309,#7310,#7311,#7317));
#7309 = ORIENTED_EDGE('',*,*,#3854,.F.);
#7310 = ORIENTED_EDGE('',*,*,#7272,.T.);
#7311 = ORIENTED_EDGE('',*,*,#7312,.T.);
#7312 = EDGE_CURVE('',#7265,#7288,#7313,.T.);
#7313 = LINE('',#7314,#7315);
#7314 = CARTESIAN_POINT('',(-9.56,-1.94,1.));
#7315 = VECTOR('',#7316,1.);
#7316 = DIRECTION('',(0.,1.,-1.2E-16));
#7317 = ORIENTED_EDGE('',*,*,#7287,.F.);
#7318 = PLANE('',#7319);
#7319 = AXIS2_PLACEMENT_3D('',#7320,#7321,#7322);
#7320 = CARTESIAN_POINT('',(-9.56,-1.94,8.));
#7321 = DIRECTION('',(-1.,0.,0.));
#7322 = DIRECTION('',(0.,1.,-1.4E-16));
#7323 = ADVANCED_FACE('',(#7324),#7349,.F.);
#7324 = FACE_BOUND('',#7325,.T.);
#7325 = EDGE_LOOP('',(#7326,#7327,#7335,#7343));
#7326 = ORIENTED_EDGE('',*,*,#3880,.F.);
#7327 = ORIENTED_EDGE('',*,*,#7328,.T.);
#7328 = EDGE_CURVE('',#3873,#7329,#7331,.T.);
#7329 = VERTEX_POINT('',#7330);
#7330 = CARTESIAN_POINT('',(-5.68,-0.6,1.));
#7331 = LINE('',#7332,#7333);
#7332 = CARTESIAN_POINT('',(-5.68,-0.6,8.));
#7333 = VECTOR('',#7334,1.);
#7334 = DIRECTION('',(0.,-1.2E-16,-1.));
#7335 = ORIENTED_EDGE('',*,*,#7336,.T.);
#7336 = EDGE_CURVE('',#7329,#7337,#7339,.T.);
#7337 = VERTEX_POINT('',#7338);
#7338 = CARTESIAN_POINT('',(-5.68,-1.94,1.));
#7339 = LINE('',#7340,#7341);
#7340 = CARTESIAN_POINT('',(-5.68,-0.6,1.));
#7341 = VECTOR('',#7342,1.);
#7342 = DIRECTION('',(0.,-1.,1.2E-16));
#7343 = ORIENTED_EDGE('',*,*,#7344,.F.);
#7344 = EDGE_CURVE('',#3881,#7337,#7345,.T.);
#7345 = LINE('',#7346,#7347);
#7346 = CARTESIAN_POINT('',(-5.68,-1.94,8.));
#7347 = VECTOR('',#7348,1.);
#7348 = DIRECTION('',(0.,-1.2E-16,-1.));
#7349 = PLANE('',#7350);
#7350 = AXIS2_PLACEMENT_3D('',#7351,#7352,#7353);
#7351 = CARTESIAN_POINT('',(-5.68,-0.6,8.));
#7352 = DIRECTION('',(1.,0.,0.));
#7353 = DIRECTION('',(0.,-1.,1.4E-16));
#7354 = ADVANCED_FACE('',(#7355),#7373,.F.);
#7355 = FACE_BOUND('',#7356,.T.);
#7356 = EDGE_LOOP('',(#7357,#7358,#7359,#7367));
#7357 = ORIENTED_EDGE('',*,*,#3904,.F.);
#7358 = ORIENTED_EDGE('',*,*,#7344,.T.);
#7359 = ORIENTED_EDGE('',*,*,#7360,.T.);
#7360 = EDGE_CURVE('',#7337,#7361,#7363,.T.);
#7361 = VERTEX_POINT('',#7362);
#7362 = CARTESIAN_POINT('',(-7.02,-1.94,1.));
#7363 = LINE('',#7364,#7365);
#7364 = CARTESIAN_POINT('',(-5.68,-1.94,1.));
#7365 = VECTOR('',#7366,1.);
#7366 = DIRECTION('',(-1.,2.1E-16,0.));
#7367 = ORIENTED_EDGE('',*,*,#7368,.F.);
#7368 = EDGE_CURVE('',#3905,#7361,#7369,.T.);
#7369 = LINE('',#7370,#7371);
#7370 = CARTESIAN_POINT('',(-7.02,-1.94,8.));
#7371 = VECTOR('',#7372,1.);
#7372 = DIRECTION('',(0.,-1.2E-16,-1.));
#7373 = PLANE('',#7374);
#7374 = AXIS2_PLACEMENT_3D('',#7375,#7376,#7377);
#7375 = CARTESIAN_POINT('',(-5.68,-1.94,8.));
#7376 = DIRECTION('',(-2.1E-16,-1.,1.2E-16));
#7377 = DIRECTION('',(-1.,2.1E-16,0.));
#7378 = ADVANCED_FACE('',(#7379),#7397,.F.);
#7379 = FACE_BOUND('',#7380,.T.);
#7380 = EDGE_LOOP('',(#7381,#7382,#7390,#7396));
#7381 = ORIENTED_EDGE('',*,*,#3935,.F.);
#7382 = ORIENTED_EDGE('',*,*,#7383,.T.);
#7383 = EDGE_CURVE('',#3928,#7384,#7386,.T.);
#7384 = VERTEX_POINT('',#7385);
#7385 = CARTESIAN_POINT('',(-7.02,-0.6,1.));
#7386 = LINE('',#7387,#7388);
#7387 = CARTESIAN_POINT('',(-7.02,-0.6,8.));
#7388 = VECTOR('',#7389,1.);
#7389 = DIRECTION('',(0.,-1.2E-16,-1.));
#7390 = ORIENTED_EDGE('',*,*,#7391,.T.);
#7391 = EDGE_CURVE('',#7384,#7329,#7392,.T.);
#7392 = LINE('',#7393,#7394);
#7393 = CARTESIAN_POINT('',(-7.02,-0.6,1.));
#7394 = VECTOR('',#7395,1.);
#7395 = DIRECTION('',(1.,-2.1E-16,0.));
#7396 = ORIENTED_EDGE('',*,*,#7328,.F.);
#7397 = PLANE('',#7398);
#7398 = AXIS2_PLACEMENT_3D('',#7399,#7400,#7401);
#7399 = CARTESIAN_POINT('',(-7.02,-0.6,8.));
#7400 = DIRECTION('',(2.1E-16,1.,-1.2E-16));
#7401 = DIRECTION('',(1.,-2.1E-16,0.));
#7402 = ADVANCED_FACE('',(#7403),#7414,.F.);
#7403 = FACE_BOUND('',#7404,.T.);
#7404 = EDGE_LOOP('',(#7405,#7406,#7407,#7413));
#7405 = ORIENTED_EDGE('',*,*,#3950,.F.);
#7406 = ORIENTED_EDGE('',*,*,#7368,.T.);
#7407 = ORIENTED_EDGE('',*,*,#7408,.T.);
#7408 = EDGE_CURVE('',#7361,#7384,#7409,.T.);
#7409 = LINE('',#7410,#7411);
#7410 = CARTESIAN_POINT('',(-7.02,-1.94,1.));
#7411 = VECTOR('',#7412,1.);
#7412 = DIRECTION('',(0.,1.,-1.2E-16));
#7413 = ORIENTED_EDGE('',*,*,#7383,.F.);
#7414 = PLANE('',#7415);
#7415 = AXIS2_PLACEMENT_3D('',#7416,#7417,#7418);
#7416 = CARTESIAN_POINT('',(-7.02,-1.94,8.));
#7417 = DIRECTION('',(-1.,0.,0.));
#7418 = DIRECTION('',(0.,1.,-1.4E-16));
#7419 = ADVANCED_FACE('',(#7420),#7445,.F.);
#7420 = FACE_BOUND('',#7421,.T.);
#7421 = EDGE_LOOP('',(#7422,#7423,#7431,#7439));
#7422 = ORIENTED_EDGE('',*,*,#3976,.F.);
#7423 = ORIENTED_EDGE('',*,*,#7424,.T.);
#7424 = EDGE_CURVE('',#3969,#7425,#7427,.T.);
#7425 = VERTEX_POINT('',#7426);
#7426 = CARTESIAN_POINT('',(-3.14,-0.6,1.));
#7427 = LINE('',#7428,#7429);
#7428 = CARTESIAN_POINT('',(-3.14,-0.6,8.));
#7429 = VECTOR('',#7430,1.);
#7430 = DIRECTION('',(0.,-1.2E-16,-1.));
#7431 = ORIENTED_EDGE('',*,*,#7432,.T.);
#7432 = EDGE_CURVE('',#7425,#7433,#7435,.T.);
#7433 = VERTEX_POINT('',#7434);
#7434 = CARTESIAN_POINT('',(-3.14,-1.94,1.));
#7435 = LINE('',#7436,#7437);
#7436 = CARTESIAN_POINT('',(-3.14,-0.6,1.));
#7437 = VECTOR('',#7438,1.);
#7438 = DIRECTION('',(0.,-1.,1.2E-16));
#7439 = ORIENTED_EDGE('',*,*,#7440,.F.);
#7440 = EDGE_CURVE('',#3977,#7433,#7441,.T.);
#7441 = LINE('',#7442,#7443);
#7442 = CARTESIAN_POINT('',(-3.14,-1.94,8.));
#7443 = VECTOR('',#7444,1.);
#7444 = DIRECTION('',(0.,-1.2E-16,-1.));
#7445 = PLANE('',#7446);
#7446 = AXIS2_PLACEMENT_3D('',#7447,#7448,#7449);
#7447 = CARTESIAN_POINT('',(-3.14,-0.6,8.));
#7448 = DIRECTION('',(1.,0.,0.));
#7449 = DIRECTION('',(0.,-1.,1.4E-16));
#7450 = ADVANCED_FACE('',(#7451),#7469,.F.);
#7451 = FACE_BOUND('',#7452,.T.);
#7452 = EDGE_LOOP('',(#7453,#7454,#7455,#7463));
#7453 = ORIENTED_EDGE('',*,*,#4000,.F.);
#7454 = ORIENTED_EDGE('',*,*,#7440,.T.);
#7455 = ORIENTED_EDGE('',*,*,#7456,.T.);
#7456 = EDGE_CURVE('',#7433,#7457,#7459,.T.);
#7457 = VERTEX_POINT('',#7458);
#7458 = CARTESIAN_POINT('',(-4.48,-1.94,1.));
#7459 = LINE('',#7460,#7461);
#7460 = CARTESIAN_POINT('',(-3.14,-1.94,1.));
#7461 = VECTOR('',#7462,1.);
#7462 = DIRECTION('',(-1.,2.1E-16,0.));
#7463 = ORIENTED_EDGE('',*,*,#7464,.F.);
#7464 = EDGE_CURVE('',#4001,#7457,#7465,.T.);
#7465 = LINE('',#7466,#7467);
#7466 = CARTESIAN_POINT('',(-4.48,-1.94,8.));
#7467 = VECTOR('',#7468,1.);
#7468 = DIRECTION('',(0.,-1.2E-16,-1.));
#7469 = PLANE('',#7470);
#7470 = AXIS2_PLACEMENT_3D('',#7471,#7472,#7473);
#7471 = CARTESIAN_POINT('',(-3.14,-1.94,8.));
#7472 = DIRECTION('',(-2.1E-16,-1.,1.2E-16));
#7473 = DIRECTION('',(-1.,2.1E-16,0.));
#7474 = ADVANCED_FACE('',(#7475),#7493,.F.);
#7475 = FACE_BOUND('',#7476,.T.);
#7476 = EDGE_LOOP('',(#7477,#7478,#7486,#7492));
#7477 = ORIENTED_EDGE('',*,*,#4031,.F.);
#7478 = ORIENTED_EDGE('',*,*,#7479,.T.);
#7479 = EDGE_CURVE('',#4024,#7480,#7482,.T.);
#7480 = VERTEX_POINT('',#7481);
#7481 = CARTESIAN_POINT('',(-4.48,-0.6,1.));
#7482 = LINE('',#7483,#7484);
#7483 = CARTESIAN_POINT('',(-4.48,-0.6,8.));
#7484 = VECTOR('',#7485,1.);
#7485 = DIRECTION('',(0.,-1.2E-16,-1.));
#7486 = ORIENTED_EDGE('',*,*,#7487,.T.);
#7487 = EDGE_CURVE('',#7480,#7425,#7488,.T.);
#7488 = LINE('',#7489,#7490);
#7489 = CARTESIAN_POINT('',(-4.48,-0.6,1.));
#7490 = VECTOR('',#7491,1.);
#7491 = DIRECTION('',(1.,-2.1E-16,0.));
#7492 = ORIENTED_EDGE('',*,*,#7424,.F.);
#7493 = PLANE('',#7494);
#7494 = AXIS2_PLACEMENT_3D('',#7495,#7496,#7497);
#7495 = CARTESIAN_POINT('',(-4.48,-0.6,8.));
#7496 = DIRECTION('',(2.1E-16,1.,-1.2E-16));
#7497 = DIRECTION('',(1.,-2.1E-16,0.));
#7498 = ADVANCED_FACE('',(#7499),#7510,.F.);
#7499 = FACE_BOUND('',#7500,.T.);
#7500 = EDGE_LOOP('',(#7501,#7502,#7503,#7509));
#7501 = ORIENTED_EDGE('',*,*,#4046,.F.);
#7502 = ORIENTED_EDGE('',*,*,#7464,.T.);
#7503 = ORIENTED_EDGE('',*,*,#7504,.T.);
#7504 = EDGE_CURVE('',#7457,#7480,#7505,.T.);
#7505 = LINE('',#7506,#7507);
#7506 = CARTESIAN_POINT('',(-4.48,-1.94,1.));
#7507 = VECTOR('',#7508,1.);
#7508 = DIRECTION('',(0.,1.,-1.2E-16));
#7509 = ORIENTED_EDGE('',*,*,#7479,.F.);
#7510 = PLANE('',#7511);
#7511 = AXIS2_PLACEMENT_3D('',#7512,#7513,#7514);
#7512 = CARTESIAN_POINT('',(-4.48,-1.94,8.));
#7513 = DIRECTION('',(-1.,0.,0.));
#7514 = DIRECTION('',(0.,1.,-1.4E-16));
#7515 = ADVANCED_FACE('',(#7516),#7541,.F.);
#7516 = FACE_BOUND('',#7517,.T.);
#7517 = EDGE_LOOP('',(#7518,#7519,#7527,#7535));
#7518 = ORIENTED_EDGE('',*,*,#4072,.F.);
#7519 = ORIENTED_EDGE('',*,*,#7520,.T.);
#7520 = EDGE_CURVE('',#4065,#7521,#7523,.T.);
#7521 = VERTEX_POINT('',#7522);
#7522 = CARTESIAN_POINT('',(-0.6,-0.6,1.));
#7523 = LINE('',#7524,#7525);
#7524 = CARTESIAN_POINT('',(-0.6,-0.6,8.));
#7525 = VECTOR('',#7526,1.);
#7526 = DIRECTION('',(0.,-1.2E-16,-1.));
#7527 = ORIENTED_EDGE('',*,*,#7528,.T.);
#7528 = EDGE_CURVE('',#7521,#7529,#7531,.T.);
#7529 = VERTEX_POINT('',#7530);
#7530 = CARTESIAN_POINT('',(-0.6,-1.94,1.));
#7531 = LINE('',#7532,#7533);
#7532 = CARTESIAN_POINT('',(-0.6,-0.6,1.));
#7533 = VECTOR('',#7534,1.);
#7534 = DIRECTION('',(0.,-1.,1.2E-16));
#7535 = ORIENTED_EDGE('',*,*,#7536,.F.);
#7536 = EDGE_CURVE('',#4073,#7529,#7537,.T.);
#7537 = LINE('',#7538,#7539);
#7538 = CARTESIAN_POINT('',(-0.6,-1.94,8.));
#7539 = VECTOR('',#7540,1.);
#7540 = DIRECTION('',(0.,-1.2E-16,-1.));
#7541 = PLANE('',#7542);
#7542 = AXIS2_PLACEMENT_3D('',#7543,#7544,#7545);
#7543 = CARTESIAN_POINT('',(-0.6,-0.6,8.));
#7544 = DIRECTION('',(1.,0.,0.));
#7545 = DIRECTION('',(0.,-1.,1.4E-16));
#7546 = ADVANCED_FACE('',(#7547),#7565,.F.);
#7547 = FACE_BOUND('',#7548,.T.);
#7548 = EDGE_LOOP('',(#7549,#7550,#7551,#7559));
#7549 = ORIENTED_EDGE('',*,*,#4096,.F.);
#7550 = ORIENTED_EDGE('',*,*,#7536,.T.);
#7551 = ORIENTED_EDGE('',*,*,#7552,.T.);
#7552 = EDGE_CURVE('',#7529,#7553,#7555,.T.);
#7553 = VERTEX_POINT('',#7554);
#7554 = CARTESIAN_POINT('',(-1.94,-1.94,1.));
#7555 = LINE('',#7556,#7557);
#7556 = CARTESIAN_POINT('',(-0.6,-1.94,1.));
#7557 = VECTOR('',#7558,1.);
#7558 = DIRECTION('',(-1.,2.1E-16,0.));
#7559 = ORIENTED_EDGE('',*,*,#7560,.F.);
#7560 = EDGE_CURVE('',#4097,#7553,#7561,.T.);
#7561 = LINE('',#7562,#7563);
#7562 = CARTESIAN_POINT('',(-1.94,-1.94,8.));
#7563 = VECTOR('',#7564,1.);
#7564 = DIRECTION('',(0.,-1.2E-16,-1.));
#7565 = PLANE('',#7566);
#7566 = AXIS2_PLACEMENT_3D('',#7567,#7568,#7569);
#7567 = CARTESIAN_POINT('',(-0.6,-1.94,8.));
#7568 = DIRECTION('',(-2.1E-16,-1.,1.2E-16));
#7569 = DIRECTION('',(-1.,2.1E-16,0.));
#7570 = ADVANCED_FACE('',(#7571),#7589,.F.);
#7571 = FACE_BOUND('',#7572,.T.);
#7572 = EDGE_LOOP('',(#7573,#7574,#7582,#7588));
#7573 = ORIENTED_EDGE('',*,*,#4127,.F.);
#7574 = ORIENTED_EDGE('',*,*,#7575,.T.);
#7575 = EDGE_CURVE('',#4120,#7576,#7578,.T.);
#7576 = VERTEX_POINT('',#7577);
#7577 = CARTESIAN_POINT('',(-1.94,-0.6,1.));
#7578 = LINE('',#7579,#7580);
#7579 = CARTESIAN_POINT('',(-1.94,-0.6,8.));
#7580 = VECTOR('',#7581,1.);
#7581 = DIRECTION('',(0.,-1.2E-16,-1.));
#7582 = ORIENTED_EDGE('',*,*,#7583,.T.);
#7583 = EDGE_CURVE('',#7576,#7521,#7584,.T.);
#7584 = LINE('',#7585,#7586);
#7585 = CARTESIAN_POINT('',(-1.94,-0.6,1.));
#7586 = VECTOR('',#7587,1.);
#7587 = DIRECTION('',(1.,-2.1E-16,0.));
#7588 = ORIENTED_EDGE('',*,*,#7520,.F.);
#7589 = PLANE('',#7590);
#7590 = AXIS2_PLACEMENT_3D('',#7591,#7592,#7593);
#7591 = CARTESIAN_POINT('',(-1.94,-0.6,8.));
#7592 = DIRECTION('',(2.1E-16,1.,-1.2E-16));
#7593 = DIRECTION('',(1.,-2.1E-16,0.));
#7594 = ADVANCED_FACE('',(#7595),#7606,.F.);
#7595 = FACE_BOUND('',#7596,.T.);
#7596 = EDGE_LOOP('',(#7597,#7598,#7599,#7605));
#7597 = ORIENTED_EDGE('',*,*,#4142,.F.);
#7598 = ORIENTED_EDGE('',*,*,#7560,.T.);
#7599 = ORIENTED_EDGE('',*,*,#7600,.T.);
#7600 = EDGE_CURVE('',#7553,#7576,#7601,.T.);
#7601 = LINE('',#7602,#7603);
#7602 = CARTESIAN_POINT('',(-1.94,-1.94,1.));
#7603 = VECTOR('',#7604,1.);
#7604 = DIRECTION('',(0.,1.,-1.2E-16));
#7605 = ORIENTED_EDGE('',*,*,#7575,.F.);
#7606 = PLANE('',#7607);
#7607 = AXIS2_PLACEMENT_3D('',#7608,#7609,#7610);
#7608 = CARTESIAN_POINT('',(-1.94,-1.94,8.));
#7609 = DIRECTION('',(-1.,0.,0.));
#7610 = DIRECTION('',(0.,1.,-1.4E-16));
#7611 = ADVANCED_FACE('',(#7612),#7637,.F.);
#7612 = FACE_BOUND('',#7613,.T.);
#7613 = EDGE_LOOP('',(#7614,#7615,#7623,#7631));
#7614 = ORIENTED_EDGE('',*,*,#4168,.F.);
#7615 = ORIENTED_EDGE('',*,*,#7616,.T.);
#7616 = EDGE_CURVE('',#4161,#7617,#7619,.T.);
#7617 = VERTEX_POINT('',#7618);
#7618 = CARTESIAN_POINT('',(1.94,-0.6,1.));
#7619 = LINE('',#7620,#7621);
#7620 = CARTESIAN_POINT('',(1.94,-0.6,8.));
#7621 = VECTOR('',#7622,1.);
#7622 = DIRECTION('',(0.,-1.2E-16,-1.));
#7623 = ORIENTED_EDGE('',*,*,#7624,.T.);
#7624 = EDGE_CURVE('',#7617,#7625,#7627,.T.);
#7625 = VERTEX_POINT('',#7626);
#7626 = CARTESIAN_POINT('',(1.94,-1.94,1.));
#7627 = LINE('',#7628,#7629);
#7628 = CARTESIAN_POINT('',(1.94,-0.6,1.));
#7629 = VECTOR('',#7630,1.);
#7630 = DIRECTION('',(0.,-1.,1.2E-16));
#7631 = ORIENTED_EDGE('',*,*,#7632,.F.);
#7632 = EDGE_CURVE('',#4169,#7625,#7633,.T.);
#7633 = LINE('',#7634,#7635);
#7634 = CARTESIAN_POINT('',(1.94,-1.94,8.));
#7635 = VECTOR('',#7636,1.);
#7636 = DIRECTION('',(0.,-1.2E-16,-1.));
#7637 = PLANE('',#7638);
#7638 = AXIS2_PLACEMENT_3D('',#7639,#7640,#7641);
#7639 = CARTESIAN_POINT('',(1.94,-0.6,8.));
#7640 = DIRECTION('',(1.,0.,0.));
#7641 = DIRECTION('',(0.,-1.,1.4E-16));
#7642 = ADVANCED_FACE('',(#7643),#7661,.F.);
#7643 = FACE_BOUND('',#7644,.T.);
#7644 = EDGE_LOOP('',(#7645,#7646,#7647,#7655));
#7645 = ORIENTED_EDGE('',*,*,#4192,.F.);
#7646 = ORIENTED_EDGE('',*,*,#7632,.T.);
#7647 = ORIENTED_EDGE('',*,*,#7648,.T.);
#7648 = EDGE_CURVE('',#7625,#7649,#7651,.T.);
#7649 = VERTEX_POINT('',#7650);
#7650 = CARTESIAN_POINT('',(0.6,-1.94,1.));
#7651 = LINE('',#7652,#7653);
#7652 = CARTESIAN_POINT('',(1.94,-1.94,1.));
#7653 = VECTOR('',#7654,1.);
#7654 = DIRECTION('',(-1.,2.1E-16,0.));
#7655 = ORIENTED_EDGE('',*,*,#7656,.F.);
#7656 = EDGE_CURVE('',#4193,#7649,#7657,.T.);
#7657 = LINE('',#7658,#7659);
#7658 = CARTESIAN_POINT('',(0.6,-1.94,8.));
#7659 = VECTOR('',#7660,1.);
#7660 = DIRECTION('',(0.,-1.2E-16,-1.));
#7661 = PLANE('',#7662);
#7662 = AXIS2_PLACEMENT_3D('',#7663,#7664,#7665);
#7663 = CARTESIAN_POINT('',(1.94,-1.94,8.));
#7664 = DIRECTION('',(-2.1E-16,-1.,1.2E-16));
#7665 = DIRECTION('',(-1.,2.1E-16,0.));
#7666 = ADVANCED_FACE('',(#7667),#7685,.F.);
#7667 = FACE_BOUND('',#7668,.T.);
#7668 = EDGE_LOOP('',(#7669,#7670,#7678,#7684));
#7669 = ORIENTED_EDGE('',*,*,#4223,.F.);
#7670 = ORIENTED_EDGE('',*,*,#7671,.T.);
#7671 = EDGE_CURVE('',#4216,#7672,#7674,.T.);
#7672 = VERTEX_POINT('',#7673);
#7673 = CARTESIAN_POINT('',(0.6,-0.6,1.));
#7674 = LINE('',#7675,#7676);
#7675 = CARTESIAN_POINT('',(0.6,-0.6,8.));
#7676 = VECTOR('',#7677,1.);
#7677 = DIRECTION('',(0.,-1.2E-16,-1.));
#7678 = ORIENTED_EDGE('',*,*,#7679,.T.);
#7679 = EDGE_CURVE('',#7672,#7617,#7680,.T.);
#7680 = LINE('',#7681,#7682);
#7681 = CARTESIAN_POINT('',(0.6,-0.6,1.));
#7682 = VECTOR('',#7683,1.);
#7683 = DIRECTION('',(1.,-2.1E-16,0.));
#7684 = ORIENTED_EDGE('',*,*,#7616,.F.);
#7685 = PLANE('',#7686);
#7686 = AXIS2_PLACEMENT_3D('',#7687,#7688,#7689);
#7687 = CARTESIAN_POINT('',(0.6,-0.6,8.));
#7688 = DIRECTION('',(2.1E-16,1.,-1.2E-16));
#7689 = DIRECTION('',(1.,-2.1E-16,0.));
#7690 = ADVANCED_FACE('',(#7691),#7702,.F.);
#7691 = FACE_BOUND('',#7692,.T.);
#7692 = EDGE_LOOP('',(#7693,#7694,#7695,#7701));
#7693 = ORIENTED_EDGE('',*,*,#4238,.F.);
#7694 = ORIENTED_EDGE('',*,*,#7656,.T.);
#7695 = ORIENTED_EDGE('',*,*,#7696,.T.);
#7696 = EDGE_CURVE('',#7649,#7672,#7697,.T.);
#7697 = LINE('',#7698,#7699);
#7698 = CARTESIAN_POINT('',(0.6,-1.94,1.));
#7699 = VECTOR('',#7700,1.);
#7700 = DIRECTION('',(0.,1.,-1.2E-16));
#7701 = ORIENTED_EDGE('',*,*,#7671,.F.);
#7702 = PLANE('',#7703);
#7703 = AXIS2_PLACEMENT_3D('',#7704,#7705,#7706);
#7704 = CARTESIAN_POINT('',(0.6,-1.94,8.));
#7705 = DIRECTION('',(-1.,0.,0.));
#7706 = DIRECTION('',(0.,1.,-1.4E-16));
#7707 = ADVANCED_FACE('',(#7708),#7733,.F.);
#7708 = FACE_BOUND('',#7709,.T.);
#7709 = EDGE_LOOP('',(#7710,#7711,#7719,#7727));
#7710 = ORIENTED_EDGE('',*,*,#4264,.F.);
#7711 = ORIENTED_EDGE('',*,*,#7712,.T.);
#7712 = EDGE_CURVE('',#4257,#7713,#7715,.T.);
#7713 = VERTEX_POINT('',#7714);
#7714 = CARTESIAN_POINT('',(4.48,-0.6,1.));
#7715 = LINE('',#7716,#7717);
#7716 = CARTESIAN_POINT('',(4.48,-0.6,8.));
#7717 = VECTOR('',#7718,1.);
#7718 = DIRECTION('',(0.,-1.2E-16,-1.));
#7719 = ORIENTED_EDGE('',*,*,#7720,.T.);
#7720 = EDGE_CURVE('',#7713,#7721,#7723,.T.);
#7721 = VERTEX_POINT('',#7722);
#7722 = CARTESIAN_POINT('',(4.48,-1.94,1.));
#7723 = LINE('',#7724,#7725);
#7724 = CARTESIAN_POINT('',(4.48,-0.6,1.));
#7725 = VECTOR('',#7726,1.);
#7726 = DIRECTION('',(0.,-1.,1.2E-16));
#7727 = ORIENTED_EDGE('',*,*,#7728,.F.);
#7728 = EDGE_CURVE('',#4265,#7721,#7729,.T.);
#7729 = LINE('',#7730,#7731);
#7730 = CARTESIAN_POINT('',(4.48,-1.94,8.));
#7731 = VECTOR('',#7732,1.);
#7732 = DIRECTION('',(0.,-1.2E-16,-1.));
#7733 = PLANE('',#7734);
#7734 = AXIS2_PLACEMENT_3D('',#7735,#7736,#7737);
#7735 = CARTESIAN_POINT('',(4.48,-0.6,8.));
#7736 = DIRECTION('',(1.,0.,0.));
#7737 = DIRECTION('',(0.,-1.,1.4E-16));
#7738 = ADVANCED_FACE('',(#7739),#7757,.F.);
#7739 = FACE_BOUND('',#7740,.T.);
#7740 = EDGE_LOOP('',(#7741,#7742,#7743,#7751));
#7741 = ORIENTED_EDGE('',*,*,#4288,.F.);
#7742 = ORIENTED_EDGE('',*,*,#7728,.T.);
#7743 = ORIENTED_EDGE('',*,*,#7744,.T.);
#7744 = EDGE_CURVE('',#7721,#7745,#7747,.T.);
#7745 = VERTEX_POINT('',#7746);
#7746 = CARTESIAN_POINT('',(3.14,-1.94,1.));
#7747 = LINE('',#7748,#7749);
#7748 = CARTESIAN_POINT('',(4.48,-1.94,1.));
#7749 = VECTOR('',#7750,1.);
#7750 = DIRECTION('',(-1.,2.1E-16,0.));
#7751 = ORIENTED_EDGE('',*,*,#7752,.F.);
#7752 = EDGE_CURVE('',#4289,#7745,#7753,.T.);
#7753 = LINE('',#7754,#7755);
#7754 = CARTESIAN_POINT('',(3.14,-1.94,8.));
#7755 = VECTOR('',#7756,1.);
#7756 = DIRECTION('',(0.,-1.2E-16,-1.));
#7757 = PLANE('',#7758);
#7758 = AXIS2_PLACEMENT_3D('',#7759,#7760,#7761);
#7759 = CARTESIAN_POINT('',(4.48,-1.94,8.));
#7760 = DIRECTION('',(-2.1E-16,-1.,1.2E-16));
#7761 = DIRECTION('',(-1.,2.1E-16,0.));
#7762 = ADVANCED_FACE('',(#7763),#7781,.F.);
#7763 = FACE_BOUND('',#7764,.T.);
#7764 = EDGE_LOOP('',(#7765,#7766,#7774,#7780));
#7765 = ORIENTED_EDGE('',*,*,#4319,.F.);
#7766 = ORIENTED_EDGE('',*,*,#7767,.T.);
#7767 = EDGE_CURVE('',#4312,#7768,#7770,.T.);
#7768 = VERTEX_POINT('',#7769);
#7769 = CARTESIAN_POINT('',(3.14,-0.6,1.));
#7770 = LINE('',#7771,#7772);
#7771 = CARTESIAN_POINT('',(3.14,-0.6,8.));
#7772 = VECTOR('',#7773,1.);
#7773 = DIRECTION('',(0.,-1.2E-16,-1.));
#7774 = ORIENTED_EDGE('',*,*,#7775,.T.);
#7775 = EDGE_CURVE('',#7768,#7713,#7776,.T.);
#7776 = LINE('',#7777,#7778);
#7777 = CARTESIAN_POINT('',(3.14,-0.6,1.));
#7778 = VECTOR('',#7779,1.);
#7779 = DIRECTION('',(1.,-2.1E-16,0.));
#7780 = ORIENTED_EDGE('',*,*,#7712,.F.);
#7781 = PLANE('',#7782);
#7782 = AXIS2_PLACEMENT_3D('',#7783,#7784,#7785);
#7783 = CARTESIAN_POINT('',(3.14,-0.6,8.));
#7784 = DIRECTION('',(2.1E-16,1.,-1.2E-16));
#7785 = DIRECTION('',(1.,-2.1E-16,0.));
#7786 = ADVANCED_FACE('',(#7787),#7798,.F.);
#7787 = FACE_BOUND('',#7788,.T.);
#7788 = EDGE_LOOP('',(#7789,#7790,#7791,#7797));
#7789 = ORIENTED_EDGE('',*,*,#4334,.F.);
#7790 = ORIENTED_EDGE('',*,*,#7752,.T.);
#7791 = ORIENTED_EDGE('',*,*,#7792,.T.);
#7792 = EDGE_CURVE('',#7745,#7768,#7793,.T.);
#7793 = LINE('',#7794,#7795);
#7794 = CARTESIAN_POINT('',(3.14,-1.94,1.));
#7795 = VECTOR('',#7796,1.);
#7796 = DIRECTION('',(0.,1.,-1.2E-16));
#7797 = ORIENTED_EDGE('',*,*,#7767,.F.);
#7798 = PLANE('',#7799);
#7799 = AXIS2_PLACEMENT_3D('',#7800,#7801,#7802);
#7800 = CARTESIAN_POINT('',(3.14,-1.94,8.));
#7801 = DIRECTION('',(-1.,0.,0.));
#7802 = DIRECTION('',(0.,1.,-1.4E-16));
#7803 = ADVANCED_FACE('',(#7804),#7829,.F.);
#7804 = FACE_BOUND('',#7805,.T.);
#7805 = EDGE_LOOP('',(#7806,#7807,#7815,#7823));
#7806 = ORIENTED_EDGE('',*,*,#4360,.F.);
#7807 = ORIENTED_EDGE('',*,*,#7808,.T.);
#7808 = EDGE_CURVE('',#4353,#7809,#7811,.T.);
#7809 = VERTEX_POINT('',#7810);
#7810 = CARTESIAN_POINT('',(7.02,-0.6,1.));
#7811 = LINE('',#7812,#7813);
#7812 = CARTESIAN_POINT('',(7.02,-0.6,8.));
#7813 = VECTOR('',#7814,1.);
#7814 = DIRECTION('',(0.,-1.2E-16,-1.));
#7815 = ORIENTED_EDGE('',*,*,#7816,.T.);
#7816 = EDGE_CURVE('',#7809,#7817,#7819,.T.);
#7817 = VERTEX_POINT('',#7818);
#7818 = CARTESIAN_POINT('',(7.02,-1.94,1.));
#7819 = LINE('',#7820,#7821);
#7820 = CARTESIAN_POINT('',(7.02,-0.6,1.));
#7821 = VECTOR('',#7822,1.);
#7822 = DIRECTION('',(0.,-1.,1.2E-16));
#7823 = ORIENTED_EDGE('',*,*,#7824,.F.);
#7824 = EDGE_CURVE('',#4361,#7817,#7825,.T.);
#7825 = LINE('',#7826,#7827);
#7826 = CARTESIAN_POINT('',(7.02,-1.94,8.));
#7827 = VECTOR('',#7828,1.);
#7828 = DIRECTION('',(0.,-1.2E-16,-1.));
#7829 = PLANE('',#7830);
#7830 = AXIS2_PLACEMENT_3D('',#7831,#7832,#7833);
#7831 = CARTESIAN_POINT('',(7.02,-0.6,8.));
#7832 = DIRECTION('',(1.,0.,0.));
#7833 = DIRECTION('',(0.,-1.,1.4E-16));
#7834 = ADVANCED_FACE('',(#7835),#7853,.F.);
#7835 = FACE_BOUND('',#7836,.T.);
#7836 = EDGE_LOOP('',(#7837,#7838,#7839,#7847));
#7837 = ORIENTED_EDGE('',*,*,#4384,.F.);
#7838 = ORIENTED_EDGE('',*,*,#7824,.T.);
#7839 = ORIENTED_EDGE('',*,*,#7840,.T.);
#7840 = EDGE_CURVE('',#7817,#7841,#7843,.T.);
#7841 = VERTEX_POINT('',#7842);
#7842 = CARTESIAN_POINT('',(5.68,-1.94,1.));
#7843 = LINE('',#7844,#7845);
#7844 = CARTESIAN_POINT('',(7.02,-1.94,1.));
#7845 = VECTOR('',#7846,1.);
#7846 = DIRECTION('',(-1.,2.1E-16,0.));
#7847 = ORIENTED_EDGE('',*,*,#7848,.F.);
#7848 = EDGE_CURVE('',#4385,#7841,#7849,.T.);
#7849 = LINE('',#7850,#7851);
#7850 = CARTESIAN_POINT('',(5.68,-1.94,8.));
#7851 = VECTOR('',#7852,1.);
#7852 = DIRECTION('',(0.,-1.2E-16,-1.));
#7853 = PLANE('',#7854);
#7854 = AXIS2_PLACEMENT_3D('',#7855,#7856,#7857);
#7855 = CARTESIAN_POINT('',(7.02,-1.94,8.));
#7856 = DIRECTION('',(-2.1E-16,-1.,1.2E-16));
#7857 = DIRECTION('',(-1.,2.1E-16,0.));
#7858 = ADVANCED_FACE('',(#7859),#7877,.F.);
#7859 = FACE_BOUND('',#7860,.T.);
#7860 = EDGE_LOOP('',(#7861,#7862,#7870,#7876));
#7861 = ORIENTED_EDGE('',*,*,#4415,.F.);
#7862 = ORIENTED_EDGE('',*,*,#7863,.T.);
#7863 = EDGE_CURVE('',#4408,#7864,#7866,.T.);
#7864 = VERTEX_POINT('',#7865);
#7865 = CARTESIAN_POINT('',(5.68,-0.6,1.));
#7866 = LINE('',#7867,#7868);
#7867 = CARTESIAN_POINT('',(5.68,-0.6,8.));
#7868 = VECTOR('',#7869,1.);
#7869 = DIRECTION('',(0.,-1.2E-16,-1.));
#7870 = ORIENTED_EDGE('',*,*,#7871,.T.);
#7871 = EDGE_CURVE('',#7864,#7809,#7872,.T.);
#7872 = LINE('',#7873,#7874);
#7873 = CARTESIAN_POINT('',(5.68,-0.6,1.));
#7874 = VECTOR('',#7875,1.);
#7875 = DIRECTION('',(1.,-2.1E-16,0.));
#7876 = ORIENTED_EDGE('',*,*,#7808,.F.);
#7877 = PLANE('',#7878);
#7878 = AXIS2_PLACEMENT_3D('',#7879,#7880,#7881);
#7879 = CARTESIAN_POINT('',(5.68,-0.6,8.));
#7880 = DIRECTION('',(2.1E-16,1.,-1.2E-16));
#7881 = DIRECTION('',(1.,-2.1E-16,0.));
#7882 = ADVANCED_FACE('',(#7883),#7894,.F.);
#7883 = FACE_BOUND('',#7884,.T.);
#7884 = EDGE_LOOP('',(#7885,#7886,#7887,#7893));
#7885 = ORIENTED_EDGE('',*,*,#4430,.F.);
#7886 = ORIENTED_EDGE('',*,*,#7848,.T.);
#7887 = ORIENTED_EDGE('',*,*,#7888,.T.);
#7888 = EDGE_CURVE('',#7841,#7864,#7889,.T.);
#7889 = LINE('',#7890,#7891);
#7890 = CARTESIAN_POINT('',(5.68,-1.94,1.));
#7891 = VECTOR('',#7892,1.);
#7892 = DIRECTION('',(0.,1.,-1.2E-16));
#7893 = ORIENTED_EDGE('',*,*,#7863,.F.);
#7894 = PLANE('',#7895);
#7895 = AXIS2_PLACEMENT_3D('',#7896,#7897,#7898);
#7896 = CARTESIAN_POINT('',(5.68,-1.94,8.));
#7897 = DIRECTION('',(-1.,0.,0.));
#7898 = DIRECTION('',(0.,1.,-1.4E-16));
#7899 = ADVANCED_FACE('',(#7900),#7925,.F.);
#7900 = FACE_BOUND('',#7901,.T.);
#7901 = EDGE_LOOP('',(#7902,#7903,#7911,#7919));
#7902 = ORIENTED_EDGE('',*,*,#4456,.F.);
#7903 = ORIENTED_EDGE('',*,*,#7904,.T.);
#7904 = EDGE_CURVE('',#4449,#7905,#7907,.T.);
#7905 = VERTEX_POINT('',#7906);
#7906 = CARTESIAN_POINT('',(9.56,-0.6,1.));
#7907 = LINE('',#7908,#7909);
#7908 = CARTESIAN_POINT('',(9.56,-0.6,8.));
#7909 = VECTOR('',#7910,1.);
#7910 = DIRECTION('',(0.,-1.2E-16,-1.));
#7911 = ORIENTED_EDGE('',*,*,#7912,.T.);
#7912 = EDGE_CURVE('',#7905,#7913,#7915,.T.);
#7913 = VERTEX_POINT('',#7914);
#7914 = CARTESIAN_POINT('',(9.56,-1.94,1.));
#7915 = LINE('',#7916,#7917);
#7916 = CARTESIAN_POINT('',(9.56,-0.6,1.));
#7917 = VECTOR('',#7918,1.);
#7918 = DIRECTION('',(0.,-1.,1.2E-16));
#7919 = ORIENTED_EDGE('',*,*,#7920,.F.);
#7920 = EDGE_CURVE('',#4457,#7913,#7921,.T.);
#7921 = LINE('',#7922,#7923);
#7922 = CARTESIAN_POINT('',(9.56,-1.94,8.));
#7923 = VECTOR('',#7924,1.);
#7924 = DIRECTION('',(0.,-1.2E-16,-1.));
#7925 = PLANE('',#7926);
#7926 = AXIS2_PLACEMENT_3D('',#7927,#7928,#7929);
#7927 = CARTESIAN_POINT('',(9.56,-0.6,8.));
#7928 = DIRECTION('',(1.,0.,0.));
#7929 = DIRECTION('',(0.,-1.,1.4E-16));
#7930 = ADVANCED_FACE('',(#7931),#7949,.F.);
#7931 = FACE_BOUND('',#7932,.T.);
#7932 = EDGE_LOOP('',(#7933,#7934,#7935,#7943));
#7933 = ORIENTED_EDGE('',*,*,#4480,.F.);
#7934 = ORIENTED_EDGE('',*,*,#7920,.T.);
#7935 = ORIENTED_EDGE('',*,*,#7936,.T.);
#7936 = EDGE_CURVE('',#7913,#7937,#7939,.T.);
#7937 = VERTEX_POINT('',#7938);
#7938 = CARTESIAN_POINT('',(8.22,-1.94,1.));
#7939 = LINE('',#7940,#7941);
#7940 = CARTESIAN_POINT('',(9.56,-1.94,1.));
#7941 = VECTOR('',#7942,1.);
#7942 = DIRECTION('',(-1.,2.1E-16,0.));
#7943 = ORIENTED_EDGE('',*,*,#7944,.F.);
#7944 = EDGE_CURVE('',#4481,#7937,#7945,.T.);
#7945 = LINE('',#7946,#7947);
#7946 = CARTESIAN_POINT('',(8.22,-1.94,8.));
#7947 = VECTOR('',#7948,1.);
#7948 = DIRECTION('',(0.,-1.2E-16,-1.));
#7949 = PLANE('',#7950);
#7950 = AXIS2_PLACEMENT_3D('',#7951,#7952,#7953);
#7951 = CARTESIAN_POINT('',(9.56,-1.94,8.));
#7952 = DIRECTION('',(-2.1E-16,-1.,1.2E-16));
#7953 = DIRECTION('',(-1.,2.1E-16,0.));
#7954 = ADVANCED_FACE('',(#7955),#7973,.F.);
#7955 = FACE_BOUND('',#7956,.T.);
#7956 = EDGE_LOOP('',(#7957,#7958,#7966,#7972));
#7957 = ORIENTED_EDGE('',*,*,#4511,.F.);
#7958 = ORIENTED_EDGE('',*,*,#7959,.T.);
#7959 = EDGE_CURVE('',#4504,#7960,#7962,.T.);
#7960 = VERTEX_POINT('',#7961);
#7961 = CARTESIAN_POINT('',(8.22,-0.6,1.));
#7962 = LINE('',#7963,#7964);
#7963 = CARTESIAN_POINT('',(8.22,-0.6,8.));
#7964 = VECTOR('',#7965,1.);
#7965 = DIRECTION('',(0.,-1.2E-16,-1.));
#7966 = ORIENTED_EDGE('',*,*,#7967,.T.);
#7967 = EDGE_CURVE('',#7960,#7905,#7968,.T.);
#7968 = LINE('',#7969,#7970);
#7969 = CARTESIAN_POINT('',(8.22,-0.6,1.));
#7970 = VECTOR('',#7971,1.);
#7971 = DIRECTION('',(1.,-2.1E-16,0.));
#7972 = ORIENTED_EDGE('',*,*,#7904,.F.);
#7973 = PLANE('',#7974);
#7974 = AXIS2_PLACEMENT_3D('',#7975,#7976,#7977);
#7975 = CARTESIAN_POINT('',(8.22,-0.6,8.));
#7976 = DIRECTION('',(2.1E-16,1.,-1.2E-16));
#7977 = DIRECTION('',(1.,-2.1E-16,0.));
#7978 = ADVANCED_FACE('',(#7979),#7990,.F.);
#7979 = FACE_BOUND('',#7980,.T.);
#7980 = EDGE_LOOP('',(#7981,#7982,#7983,#7989));
#7981 = ORIENTED_EDGE('',*,*,#4526,.F.);
#7982 = ORIENTED_EDGE('',*,*,#7944,.T.);
#7983 = ORIENTED_EDGE('',*,*,#7984,.T.);
#7984 = EDGE_CURVE('',#7937,#7960,#7985,.T.);
#7985 = LINE('',#7986,#7987);
#7986 = CARTESIAN_POINT('',(8.22,-1.94,1.));
#7987 = VECTOR('',#7988,1.);
#7988 = DIRECTION('',(0.,1.,-1.2E-16));
#7989 = ORIENTED_EDGE('',*,*,#7959,.F.);
#7990 = PLANE('',#7991);
#7991 = AXIS2_PLACEMENT_3D('',#7992,#7993,#7994);
#7992 = CARTESIAN_POINT('',(8.22,-1.94,8.));
#7993 = DIRECTION('',(-1.,0.,0.));
#7994 = DIRECTION('',(0.,1.,-1.4E-16));
#7995 = ADVANCED_FACE('',(#7996),#8021,.F.);
#7996 = FACE_BOUND('',#7997,.T.);
#7997 = EDGE_LOOP('',(#7998,#7999,#8007,#8015));
#7998 = ORIENTED_EDGE('',*,*,#4552,.F.);
#7999 = ORIENTED_EDGE('',*,*,#8000,.T.);
#8000 = EDGE_CURVE('',#4545,#8001,#8003,.T.);
#8001 = VERTEX_POINT('',#8002);
#8002 = CARTESIAN_POINT('',(12.1,-0.6,1.));
#8003 = LINE('',#8004,#8005);
#8004 = CARTESIAN_POINT('',(12.1,-0.6,8.));
#8005 = VECTOR('',#8006,1.);
#8006 = DIRECTION('',(0.,-1.2E-16,-1.));
#8007 = ORIENTED_EDGE('',*,*,#8008,.T.);
#8008 = EDGE_CURVE('',#8001,#8009,#8011,.T.);
#8009 = VERTEX_POINT('',#8010);
#8010 = CARTESIAN_POINT('',(12.1,-1.94,1.));
#8011 = LINE('',#8012,#8013);
#8012 = CARTESIAN_POINT('',(12.1,-0.6,1.));
#8013 = VECTOR('',#8014,1.);
#8014 = DIRECTION('',(0.,-1.,1.2E-16));
#8015 = ORIENTED_EDGE('',*,*,#8016,.F.);
#8016 = EDGE_CURVE('',#4553,#8009,#8017,.T.);
#8017 = LINE('',#8018,#8019);
#8018 = CARTESIAN_POINT('',(12.1,-1.94,8.));
#8019 = VECTOR('',#8020,1.);
#8020 = DIRECTION('',(0.,-1.2E-16,-1.));
#8021 = PLANE('',#8022);
#8022 = AXIS2_PLACEMENT_3D('',#8023,#8024,#8025);
#8023 = CARTESIAN_POINT('',(12.1,-0.6,8.));
#8024 = DIRECTION('',(1.,0.,0.));
#8025 = DIRECTION('',(0.,-1.,1.4E-16));
#8026 = ADVANCED_FACE('',(#8027),#8045,.F.);
#8027 = FACE_BOUND('',#8028,.T.);
#8028 = EDGE_LOOP('',(#8029,#8030,#8031,#8039));
#8029 = ORIENTED_EDGE('',*,*,#4576,.F.);
#8030 = ORIENTED_EDGE('',*,*,#8016,.T.);
#8031 = ORIENTED_EDGE('',*,*,#8032,.T.);
#8032 = EDGE_CURVE('',#8009,#8033,#8035,.T.);
#8033 = VERTEX_POINT('',#8034);
#8034 = CARTESIAN_POINT('',(10.76,-1.94,1.));
#8035 = LINE('',#8036,#8037);
#8036 = CARTESIAN_POINT('',(12.1,-1.94,1.));
#8037 = VECTOR('',#8038,1.);
#8038 = DIRECTION('',(-1.,2.1E-16,0.));
#8039 = ORIENTED_EDGE('',*,*,#8040,.F.);
#8040 = EDGE_CURVE('',#4577,#8033,#8041,.T.);
#8041 = LINE('',#8042,#8043);
#8042 = CARTESIAN_POINT('',(10.76,-1.94,8.));
#8043 = VECTOR('',#8044,1.);
#8044 = DIRECTION('',(0.,-1.2E-16,-1.));
#8045 = PLANE('',#8046);
#8046 = AXIS2_PLACEMENT_3D('',#8047,#8048,#8049);
#8047 = CARTESIAN_POINT('',(12.1,-1.94,8.));
#8048 = DIRECTION('',(-2.1E-16,-1.,1.2E-16));
#8049 = DIRECTION('',(-1.,2.1E-16,0.));
#8050 = ADVANCED_FACE('',(#8051),#8069,.F.);
#8051 = FACE_BOUND('',#8052,.T.);
#8052 = EDGE_LOOP('',(#8053,#8054,#8062,#8068));
#8053 = ORIENTED_EDGE('',*,*,#4607,.F.);
#8054 = ORIENTED_EDGE('',*,*,#8055,.T.);
#8055 = EDGE_CURVE('',#4600,#8056,#8058,.T.);
#8056 = VERTEX_POINT('',#8057);
#8057 = CARTESIAN_POINT('',(10.76,-0.6,1.));
#8058 = LINE('',#8059,#8060);
#8059 = CARTESIAN_POINT('',(10.76,-0.6,8.));
#8060 = VECTOR('',#8061,1.);
#8061 = DIRECTION('',(0.,-1.2E-16,-1.));
#8062 = ORIENTED_EDGE('',*,*,#8063,.T.);
#8063 = EDGE_CURVE('',#8056,#8001,#8064,.T.);
#8064 = LINE('',#8065,#8066);
#8065 = CARTESIAN_POINT('',(10.76,-0.6,1.));
#8066 = VECTOR('',#8067,1.);
#8067 = DIRECTION('',(1.,-2.1E-16,0.));
#8068 = ORIENTED_EDGE('',*,*,#8000,.F.);
#8069 = PLANE('',#8070);
#8070 = AXIS2_PLACEMENT_3D('',#8071,#8072,#8073);
#8071 = CARTESIAN_POINT('',(10.76,-0.6,8.));
#8072 = DIRECTION('',(2.1E-16,1.,-1.2E-16));
#8073 = DIRECTION('',(1.,-2.1E-16,0.));
#8074 = ADVANCED_FACE('',(#8075),#8086,.F.);
#8075 = FACE_BOUND('',#8076,.T.);
#8076 = EDGE_LOOP('',(#8077,#8078,#8079,#8085));
#8077 = ORIENTED_EDGE('',*,*,#4622,.F.);
#8078 = ORIENTED_EDGE('',*,*,#8040,.T.);
#8079 = ORIENTED_EDGE('',*,*,#8080,.T.);
#8080 = EDGE_CURVE('',#8033,#8056,#8081,.T.);
#8081 = LINE('',#8082,#8083);
#8082 = CARTESIAN_POINT('',(10.76,-1.94,1.));
#8083 = VECTOR('',#8084,1.);
#8084 = DIRECTION('',(0.,1.,-1.2E-16));
#8085 = ORIENTED_EDGE('',*,*,#8055,.F.);
#8086 = PLANE('',#8087);
#8087 = AXIS2_PLACEMENT_3D('',#8088,#8089,#8090);
#8088 = CARTESIAN_POINT('',(10.76,-1.94,8.));
#8089 = DIRECTION('',(-1.,0.,0.));
#8090 = DIRECTION('',(0.,1.,-1.4E-16));
#8091 = ADVANCED_FACE('',(#8092),#8117,.F.);
#8092 = FACE_BOUND('',#8093,.T.);
#8093 = EDGE_LOOP('',(#8094,#8095,#8103,#8111));
#8094 = ORIENTED_EDGE('',*,*,#4648,.F.);
#8095 = ORIENTED_EDGE('',*,*,#8096,.T.);
#8096 = EDGE_CURVE('',#4641,#8097,#8099,.T.);
#8097 = VERTEX_POINT('',#8098);
#8098 = CARTESIAN_POINT('',(14.64,-0.6,1.));
#8099 = LINE('',#8100,#8101);
#8100 = CARTESIAN_POINT('',(14.64,-0.6,8.));
#8101 = VECTOR('',#8102,1.);
#8102 = DIRECTION('',(0.,-1.2E-16,-1.));
#8103 = ORIENTED_EDGE('',*,*,#8104,.T.);
#8104 = EDGE_CURVE('',#8097,#8105,#8107,.T.);
#8105 = VERTEX_POINT('',#8106);
#8106 = CARTESIAN_POINT('',(14.64,-1.94,1.));
#8107 = LINE('',#8108,#8109);
#8108 = CARTESIAN_POINT('',(14.64,-0.6,1.));
#8109 = VECTOR('',#8110,1.);
#8110 = DIRECTION('',(0.,-1.,1.2E-16));
#8111 = ORIENTED_EDGE('',*,*,#8112,.F.);
#8112 = EDGE_CURVE('',#4649,#8105,#8113,.T.);
#8113 = LINE('',#8114,#8115);
#8114 = CARTESIAN_POINT('',(14.64,-1.94,8.));
#8115 = VECTOR('',#8116,1.);
#8116 = DIRECTION('',(0.,-1.2E-16,-1.));
#8117 = PLANE('',#8118);
#8118 = AXIS2_PLACEMENT_3D('',#8119,#8120,#8121);
#8119 = CARTESIAN_POINT('',(14.64,-0.6,8.));
#8120 = DIRECTION('',(1.,0.,0.));
#8121 = DIRECTION('',(0.,-1.,1.4E-16));
#8122 = ADVANCED_FACE('',(#8123),#8141,.F.);
#8123 = FACE_BOUND('',#8124,.T.);
#8124 = EDGE_LOOP('',(#8125,#8126,#8127,#8135));
#8125 = ORIENTED_EDGE('',*,*,#4672,.F.);
#8126 = ORIENTED_EDGE('',*,*,#8112,.T.);
#8127 = ORIENTED_EDGE('',*,*,#8128,.T.);
#8128 = EDGE_CURVE('',#8105,#8129,#8131,.T.);
#8129 = VERTEX_POINT('',#8130);
#8130 = CARTESIAN_POINT('',(13.3,-1.94,1.));
#8131 = LINE('',#8132,#8133);
#8132 = CARTESIAN_POINT('',(14.64,-1.94,1.));
#8133 = VECTOR('',#8134,1.);
#8134 = DIRECTION('',(-1.,2.1E-16,0.));
#8135 = ORIENTED_EDGE('',*,*,#8136,.F.);
#8136 = EDGE_CURVE('',#4673,#8129,#8137,.T.);
#8137 = LINE('',#8138,#8139);
#8138 = CARTESIAN_POINT('',(13.3,-1.94,8.));
#8139 = VECTOR('',#8140,1.);
#8140 = DIRECTION('',(0.,-1.2E-16,-1.));
#8141 = PLANE('',#8142);
#8142 = AXIS2_PLACEMENT_3D('',#8143,#8144,#8145);
#8143 = CARTESIAN_POINT('',(14.64,-1.94,8.));
#8144 = DIRECTION('',(-2.1E-16,-1.,1.2E-16));
#8145 = DIRECTION('',(-1.,2.1E-16,0.));
#8146 = ADVANCED_FACE('',(#8147),#8165,.F.);
#8147 = FACE_BOUND('',#8148,.T.);
#8148 = EDGE_LOOP('',(#8149,#8150,#8158,#8164));
#8149 = ORIENTED_EDGE('',*,*,#4703,.F.);
#8150 = ORIENTED_EDGE('',*,*,#8151,.T.);
#8151 = EDGE_CURVE('',#4696,#8152,#8154,.T.);
#8152 = VERTEX_POINT('',#8153);
#8153 = CARTESIAN_POINT('',(13.3,-0.6,1.));
#8154 = LINE('',#8155,#8156);
#8155 = CARTESIAN_POINT('',(13.3,-0.6,8.));
#8156 = VECTOR('',#8157,1.);
#8157 = DIRECTION('',(0.,-1.2E-16,-1.));
#8158 = ORIENTED_EDGE('',*,*,#8159,.T.);
#8159 = EDGE_CURVE('',#8152,#8097,#8160,.T.);
#8160 = LINE('',#8161,#8162);
#8161 = CARTESIAN_POINT('',(13.3,-0.6,1.));
#8162 = VECTOR('',#8163,1.);
#8163 = DIRECTION('',(1.,-2.1E-16,0.));
#8164 = ORIENTED_EDGE('',*,*,#8096,.F.);
#8165 = PLANE('',#8166);
#8166 = AXIS2_PLACEMENT_3D('',#8167,#8168,#8169);
#8167 = CARTESIAN_POINT('',(13.3,-0.6,8.));
#8168 = DIRECTION('',(2.1E-16,1.,-1.2E-16));
#8169 = DIRECTION('',(1.,-2.1E-16,0.));
#8170 = ADVANCED_FACE('',(#8171),#8182,.F.);
#8171 = FACE_BOUND('',#8172,.T.);
#8172 = EDGE_LOOP('',(#8173,#8174,#8175,#8181));
#8173 = ORIENTED_EDGE('',*,*,#4718,.F.);
#8174 = ORIENTED_EDGE('',*,*,#8136,.T.);
#8175 = ORIENTED_EDGE('',*,*,#8176,.T.);
#8176 = EDGE_CURVE('',#8129,#8152,#8177,.T.);
#8177 = LINE('',#8178,#8179);
#8178 = CARTESIAN_POINT('',(13.3,-1.94,1.));
#8179 = VECTOR('',#8180,1.);
#8180 = DIRECTION('',(0.,1.,-1.2E-16));
#8181 = ORIENTED_EDGE('',*,*,#8151,.F.);
#8182 = PLANE('',#8183);
#8183 = AXIS2_PLACEMENT_3D('',#8184,#8185,#8186);
#8184 = CARTESIAN_POINT('',(13.3,-1.94,8.));
#8185 = DIRECTION('',(-1.,0.,0.));
#8186 = DIRECTION('',(0.,1.,-1.4E-16));
#8187 = ADVANCED_FACE('',(#8188),#8213,.F.);
#8188 = FACE_BOUND('',#8189,.T.);
#8189 = EDGE_LOOP('',(#8190,#8191,#8199,#8207));
#8190 = ORIENTED_EDGE('',*,*,#4744,.F.);
#8191 = ORIENTED_EDGE('',*,*,#8192,.T.);
#8192 = EDGE_CURVE('',#4737,#8193,#8195,.T.);
#8193 = VERTEX_POINT('',#8194);
#8194 = CARTESIAN_POINT('',(17.18,-0.6,1.));
#8195 = LINE('',#8196,#8197);
#8196 = CARTESIAN_POINT('',(17.18,-0.6,8.));
#8197 = VECTOR('',#8198,1.);
#8198 = DIRECTION('',(0.,-1.2E-16,-1.));
#8199 = ORIENTED_EDGE('',*,*,#8200,.T.);
#8200 = EDGE_CURVE('',#8193,#8201,#8203,.T.);
#8201 = VERTEX_POINT('',#8202);
#8202 = CARTESIAN_POINT('',(17.18,-1.94,1.));
#8203 = LINE('',#8204,#8205);
#8204 = CARTESIAN_POINT('',(17.18,-0.6,1.));
#8205 = VECTOR('',#8206,1.);
#8206 = DIRECTION('',(0.,-1.,1.2E-16));
#8207 = ORIENTED_EDGE('',*,*,#8208,.F.);
#8208 = EDGE_CURVE('',#4745,#8201,#8209,.T.);
#8209 = LINE('',#8210,#8211);
#8210 = CARTESIAN_POINT('',(17.18,-1.94,8.));
#8211 = VECTOR('',#8212,1.);
#8212 = DIRECTION('',(0.,-1.2E-16,-1.));
#8213 = PLANE('',#8214);
#8214 = AXIS2_PLACEMENT_3D('',#8215,#8216,#8217);
#8215 = CARTESIAN_POINT('',(17.18,-0.6,8.));
#8216 = DIRECTION('',(1.,0.,0.));
#8217 = DIRECTION('',(0.,-1.,1.4E-16));
#8218 = ADVANCED_FACE('',(#8219),#8237,.F.);
#8219 = FACE_BOUND('',#8220,.T.);
#8220 = EDGE_LOOP('',(#8221,#8222,#8223,#8231));
#8221 = ORIENTED_EDGE('',*,*,#4768,.F.);
#8222 = ORIENTED_EDGE('',*,*,#8208,.T.);
#8223 = ORIENTED_EDGE('',*,*,#8224,.T.);
#8224 = EDGE_CURVE('',#8201,#8225,#8227,.T.);
#8225 = VERTEX_POINT('',#8226);
#8226 = CARTESIAN_POINT('',(15.84,-1.94,1.));
#8227 = LINE('',#8228,#8229);
#8228 = CARTESIAN_POINT('',(17.18,-1.94,1.));
#8229 = VECTOR('',#8230,1.);
#8230 = DIRECTION('',(-1.,2.1E-16,0.));
#8231 = ORIENTED_EDGE('',*,*,#8232,.F.);
#8232 = EDGE_CURVE('',#4769,#8225,#8233,.T.);
#8233 = LINE('',#8234,#8235);
#8234 = CARTESIAN_POINT('',(15.84,-1.94,8.));
#8235 = VECTOR('',#8236,1.);
#8236 = DIRECTION('',(0.,-1.2E-16,-1.));
#8237 = PLANE('',#8238);
#8238 = AXIS2_PLACEMENT_3D('',#8239,#8240,#8241);
#8239 = CARTESIAN_POINT('',(17.18,-1.94,8.));
#8240 = DIRECTION('',(-2.1E-16,-1.,1.2E-16));
#8241 = DIRECTION('',(-1.,2.1E-16,0.));
#8242 = ADVANCED_FACE('',(#8243),#8261,.F.);
#8243 = FACE_BOUND('',#8244,.T.);
#8244 = EDGE_LOOP('',(#8245,#8246,#8254,#8260));
#8245 = ORIENTED_EDGE('',*,*,#4799,.F.);
#8246 = ORIENTED_EDGE('',*,*,#8247,.T.);
#8247 = EDGE_CURVE('',#4792,#8248,#8250,.T.);
#8248 = VERTEX_POINT('',#8249);
#8249 = CARTESIAN_POINT('',(15.84,-0.6,1.));
#8250 = LINE('',#8251,#8252);
#8251 = CARTESIAN_POINT('',(15.84,-0.6,8.));
#8252 = VECTOR('',#8253,1.);
#8253 = DIRECTION('',(0.,-1.2E-16,-1.));
#8254 = ORIENTED_EDGE('',*,*,#8255,.T.);
#8255 = EDGE_CURVE('',#8248,#8193,#8256,.T.);
#8256 = LINE('',#8257,#8258);
#8257 = CARTESIAN_POINT('',(15.84,-0.6,1.));
#8258 = VECTOR('',#8259,1.);
#8259 = DIRECTION('',(1.,-2.1E-16,0.));
#8260 = ORIENTED_EDGE('',*,*,#8192,.F.);
#8261 = PLANE('',#8262);
#8262 = AXIS2_PLACEMENT_3D('',#8263,#8264,#8265);
#8263 = CARTESIAN_POINT('',(15.84,-0.6,8.));
#8264 = DIRECTION('',(2.1E-16,1.,-1.2E-16));
#8265 = DIRECTION('',(1.,-2.1E-16,0.));
#8266 = ADVANCED_FACE('',(#8267),#8278,.F.);
#8267 = FACE_BOUND('',#8268,.T.);
#8268 = EDGE_LOOP('',(#8269,#8270,#8271,#8277));
#8269 = ORIENTED_EDGE('',*,*,#4814,.F.);
#8270 = ORIENTED_EDGE('',*,*,#8232,.T.);
#8271 = ORIENTED_EDGE('',*,*,#8272,.T.);
#8272 = EDGE_CURVE('',#8225,#8248,#8273,.T.);
#8273 = LINE('',#8274,#8275);
#8274 = CARTESIAN_POINT('',(15.84,-1.94,1.));
#8275 = VECTOR('',#8276,1.);
#8276 = DIRECTION('',(0.,1.,-1.2E-16));
#8277 = ORIENTED_EDGE('',*,*,#8247,.F.);
#8278 = PLANE('',#8279);
#8279 = AXIS2_PLACEMENT_3D('',#8280,#8281,#8282);
#8280 = CARTESIAN_POINT('',(15.84,-1.94,8.));
#8281 = DIRECTION('',(-1.,0.,0.));
#8282 = DIRECTION('',(0.,1.,-1.4E-16));
#8283 = ADVANCED_FACE('',(#8284),#8309,.F.);
#8284 = FACE_BOUND('',#8285,.T.);
#8285 = EDGE_LOOP('',(#8286,#8287,#8295,#8303));
#8286 = ORIENTED_EDGE('',*,*,#4840,.F.);
#8287 = ORIENTED_EDGE('',*,*,#8288,.T.);
#8288 = EDGE_CURVE('',#4833,#8289,#8291,.T.);
#8289 = VERTEX_POINT('',#8290);
#8290 = CARTESIAN_POINT('',(19.72,-0.6,1.));
#8291 = LINE('',#8292,#8293);
#8292 = CARTESIAN_POINT('',(19.72,-0.6,8.));
#8293 = VECTOR('',#8294,1.);
#8294 = DIRECTION('',(0.,-1.2E-16,-1.));
#8295 = ORIENTED_EDGE('',*,*,#8296,.T.);
#8296 = EDGE_CURVE('',#8289,#8297,#8299,.T.);
#8297 = VERTEX_POINT('',#8298);
#8298 = CARTESIAN_POINT('',(19.72,-1.94,1.));
#8299 = LINE('',#8300,#8301);
#8300 = CARTESIAN_POINT('',(19.72,-0.6,1.));
#8301 = VECTOR('',#8302,1.);
#8302 = DIRECTION('',(0.,-1.,1.2E-16));
#8303 = ORIENTED_EDGE('',*,*,#8304,.F.);
#8304 = EDGE_CURVE('',#4841,#8297,#8305,.T.);
#8305 = LINE('',#8306,#8307);
#8306 = CARTESIAN_POINT('',(19.72,-1.94,8.));
#8307 = VECTOR('',#8308,1.);
#8308 = DIRECTION('',(0.,-1.2E-16,-1.));
#8309 = PLANE('',#8310);
#8310 = AXIS2_PLACEMENT_3D('',#8311,#8312,#8313);
#8311 = CARTESIAN_POINT('',(19.72,-0.6,8.));
#8312 = DIRECTION('',(1.,0.,0.));
#8313 = DIRECTION('',(0.,-1.,1.4E-16));
#8314 = ADVANCED_FACE('',(#8315),#8333,.F.);
#8315 = FACE_BOUND('',#8316,.T.);
#8316 = EDGE_LOOP('',(#8317,#8318,#8319,#8327));
#8317 = ORIENTED_EDGE('',*,*,#4864,.F.);
#8318 = ORIENTED_EDGE('',*,*,#8304,.T.);
#8319 = ORIENTED_EDGE('',*,*,#8320,.T.);
#8320 = EDGE_CURVE('',#8297,#8321,#8323,.T.);
#8321 = VERTEX_POINT('',#8322);
#8322 = CARTESIAN_POINT('',(18.38,-1.94,1.));
#8323 = LINE('',#8324,#8325);
#8324 = CARTESIAN_POINT('',(19.72,-1.94,1.));
#8325 = VECTOR('',#8326,1.);
#8326 = DIRECTION('',(-1.,2.1E-16,0.));
#8327 = ORIENTED_EDGE('',*,*,#8328,.F.);
#8328 = EDGE_CURVE('',#4865,#8321,#8329,.T.);
#8329 = LINE('',#8330,#8331);
#8330 = CARTESIAN_POINT('',(18.38,-1.94,8.));
#8331 = VECTOR('',#8332,1.);
#8332 = DIRECTION('',(0.,-1.2E-16,-1.));
#8333 = PLANE('',#8334);
#8334 = AXIS2_PLACEMENT_3D('',#8335,#8336,#8337);
#8335 = CARTESIAN_POINT('',(19.72,-1.94,8.));
#8336 = DIRECTION('',(-2.1E-16,-1.,1.2E-16));
#8337 = DIRECTION('',(-1.,2.1E-16,0.));
#8338 = ADVANCED_FACE('',(#8339),#8357,.F.);
#8339 = FACE_BOUND('',#8340,.T.);
#8340 = EDGE_LOOP('',(#8341,#8342,#8350,#8356));
#8341 = ORIENTED_EDGE('',*,*,#4895,.F.);
#8342 = ORIENTED_EDGE('',*,*,#8343,.T.);
#8343 = EDGE_CURVE('',#4888,#8344,#8346,.T.);
#8344 = VERTEX_POINT('',#8345);
#8345 = CARTESIAN_POINT('',(18.38,-0.6,1.));
#8346 = LINE('',#8347,#8348);
#8347 = CARTESIAN_POINT('',(18.38,-0.6,8.));
#8348 = VECTOR('',#8349,1.);
#8349 = DIRECTION('',(0.,-1.2E-16,-1.));
#8350 = ORIENTED_EDGE('',*,*,#8351,.T.);
#8351 = EDGE_CURVE('',#8344,#8289,#8352,.T.);
#8352 = LINE('',#8353,#8354);
#8353 = CARTESIAN_POINT('',(18.38,-0.6,1.));
#8354 = VECTOR('',#8355,1.);
#8355 = DIRECTION('',(1.,-2.1E-16,0.));
#8356 = ORIENTED_EDGE('',*,*,#8288,.F.);
#8357 = PLANE('',#8358);
#8358 = AXIS2_PLACEMENT_3D('',#8359,#8360,#8361);
#8359 = CARTESIAN_POINT('',(18.38,-0.6,8.));
#8360 = DIRECTION('',(2.1E-16,1.,-1.2E-16));
#8361 = DIRECTION('',(1.,-2.1E-16,0.));
#8362 = ADVANCED_FACE('',(#8363),#8374,.F.);
#8363 = FACE_BOUND('',#8364,.T.);
#8364 = EDGE_LOOP('',(#8365,#8366,#8367,#8373));
#8365 = ORIENTED_EDGE('',*,*,#4910,.F.);
#8366 = ORIENTED_EDGE('',*,*,#8328,.T.);
#8367 = ORIENTED_EDGE('',*,*,#8368,.T.);
#8368 = EDGE_CURVE('',#8321,#8344,#8369,.T.);
#8369 = LINE('',#8370,#8371);
#8370 = CARTESIAN_POINT('',(18.38,-1.94,1.));
#8371 = VECTOR('',#8372,1.);
#8372 = DIRECTION('',(0.,1.,-1.2E-16));
#8373 = ORIENTED_EDGE('',*,*,#8343,.F.);
#8374 = PLANE('',#8375);
#8375 = AXIS2_PLACEMENT_3D('',#8376,#8377,#8378);
#8376 = CARTESIAN_POINT('',(18.38,-1.94,8.));
#8377 = DIRECTION('',(-1.,0.,0.));
#8378 = DIRECTION('',(0.,1.,-1.4E-16));
#8379 = ADVANCED_FACE('',(#8380),#8405,.F.);
#8380 = FACE_BOUND('',#8381,.T.);
#8381 = EDGE_LOOP('',(#8382,#8383,#8391,#8399));
#8382 = ORIENTED_EDGE('',*,*,#4936,.F.);
#8383 = ORIENTED_EDGE('',*,*,#8384,.T.);
#8384 = EDGE_CURVE('',#4929,#8385,#8387,.T.);
#8385 = VERTEX_POINT('',#8386);
#8386 = CARTESIAN_POINT('',(22.26,-0.6,1.));
#8387 = LINE('',#8388,#8389);
#8388 = CARTESIAN_POINT('',(22.26,-0.6,8.));
#8389 = VECTOR('',#8390,1.);
#8390 = DIRECTION('',(0.,-1.2E-16,-1.));
#8391 = ORIENTED_EDGE('',*,*,#8392,.T.);
#8392 = EDGE_CURVE('',#8385,#8393,#8395,.T.);
#8393 = VERTEX_POINT('',#8394);
#8394 = CARTESIAN_POINT('',(22.26,-1.94,1.));
#8395 = LINE('',#8396,#8397);
#8396 = CARTESIAN_POINT('',(22.26,-0.6,1.));
#8397 = VECTOR('',#8398,1.);
#8398 = DIRECTION('',(0.,-1.,1.2E-16));
#8399 = ORIENTED_EDGE('',*,*,#8400,.F.);
#8400 = EDGE_CURVE('',#4937,#8393,#8401,.T.);
#8401 = LINE('',#8402,#8403);
#8402 = CARTESIAN_POINT('',(22.26,-1.94,8.));
#8403 = VECTOR('',#8404,1.);
#8404 = DIRECTION('',(0.,-1.2E-16,-1.));
#8405 = PLANE('',#8406);
#8406 = AXIS2_PLACEMENT_3D('',#8407,#8408,#8409);
#8407 = CARTESIAN_POINT('',(22.26,-0.6,8.));
#8408 = DIRECTION('',(1.,0.,0.));
#8409 = DIRECTION('',(0.,-1.,1.4E-16));
#8410 = ADVANCED_FACE('',(#8411),#8429,.F.);
#8411 = FACE_BOUND('',#8412,.T.);
#8412 = EDGE_LOOP('',(#8413,#8414,#8415,#8423));
#8413 = ORIENTED_EDGE('',*,*,#4960,.F.);
#8414 = ORIENTED_EDGE('',*,*,#8400,.T.);
#8415 = ORIENTED_EDGE('',*,*,#8416,.T.);
#8416 = EDGE_CURVE('',#8393,#8417,#8419,.T.);
#8417 = VERTEX_POINT('',#8418);
#8418 = CARTESIAN_POINT('',(20.92,-1.94,1.));
#8419 = LINE('',#8420,#8421);
#8420 = CARTESIAN_POINT('',(22.26,-1.94,1.));
#8421 = VECTOR('',#8422,1.);
#8422 = DIRECTION('',(-1.,2.1E-16,0.));
#8423 = ORIENTED_EDGE('',*,*,#8424,.F.);
#8424 = EDGE_CURVE('',#4961,#8417,#8425,.T.);
#8425 = LINE('',#8426,#8427);
#8426 = CARTESIAN_POINT('',(20.92,-1.94,8.));
#8427 = VECTOR('',#8428,1.);
#8428 = DIRECTION('',(0.,-1.2E-16,-1.));
#8429 = PLANE('',#8430);
#8430 = AXIS2_PLACEMENT_3D('',#8431,#8432,#8433);
#8431 = CARTESIAN_POINT('',(22.26,-1.94,8.));
#8432 = DIRECTION('',(-2.1E-16,-1.,1.2E-16));
#8433 = DIRECTION('',(-1.,2.1E-16,0.));
#8434 = ADVANCED_FACE('',(#8435),#8453,.F.);
#8435 = FACE_BOUND('',#8436,.T.);
#8436 = EDGE_LOOP('',(#8437,#8438,#8446,#8452));
#8437 = ORIENTED_EDGE('',*,*,#4991,.F.);
#8438 = ORIENTED_EDGE('',*,*,#8439,.T.);
#8439 = EDGE_CURVE('',#4984,#8440,#8442,.T.);
#8440 = VERTEX_POINT('',#8441);
#8441 = CARTESIAN_POINT('',(20.92,-0.6,1.));
#8442 = LINE('',#8443,#8444);
#8443 = CARTESIAN_POINT('',(20.92,-0.6,8.));
#8444 = VECTOR('',#8445,1.);
#8445 = DIRECTION('',(0.,-1.2E-16,-1.));
#8446 = ORIENTED_EDGE('',*,*,#8447,.T.);
#8447 = EDGE_CURVE('',#8440,#8385,#8448,.T.);
#8448 = LINE('',#8449,#8450);
#8449 = CARTESIAN_POINT('',(20.92,-0.6,1.));
#8450 = VECTOR('',#8451,1.);
#8451 = DIRECTION('',(1.,-2.1E-16,0.));
#8452 = ORIENTED_EDGE('',*,*,#8384,.F.);
#8453 = PLANE('',#8454);
#8454 = AXIS2_PLACEMENT_3D('',#8455,#8456,#8457);
#8455 = CARTESIAN_POINT('',(20.92,-0.6,8.));
#8456 = DIRECTION('',(2.1E-16,1.,-1.2E-16));
#8457 = DIRECTION('',(1.,-2.1E-16,0.));
#8458 = ADVANCED_FACE('',(#8459),#8470,.F.);
#8459 = FACE_BOUND('',#8460,.T.);
#8460 = EDGE_LOOP('',(#8461,#8462,#8463,#8469));
#8461 = ORIENTED_EDGE('',*,*,#5006,.F.);
#8462 = ORIENTED_EDGE('',*,*,#8424,.T.);
#8463 = ORIENTED_EDGE('',*,*,#8464,.T.);
#8464 = EDGE_CURVE('',#8417,#8440,#8465,.T.);
#8465 = LINE('',#8466,#8467);
#8466 = CARTESIAN_POINT('',(20.92,-1.94,1.));
#8467 = VECTOR('',#8468,1.);
#8468 = DIRECTION('',(0.,1.,-1.2E-16));
#8469 = ORIENTED_EDGE('',*,*,#8439,.F.);
#8470 = PLANE('',#8471);
#8471 = AXIS2_PLACEMENT_3D('',#8472,#8473,#8474);
#8472 = CARTESIAN_POINT('',(20.92,-1.94,8.));
#8473 = DIRECTION('',(-1.,0.,0.));
#8474 = DIRECTION('',(0.,1.,-1.4E-16));
#8475 = ADVANCED_FACE('',(#8476),#8501,.F.);
#8476 = FACE_BOUND('',#8477,.T.);
#8477 = EDGE_LOOP('',(#8478,#8479,#8487,#8495));
#8478 = ORIENTED_EDGE('',*,*,#5032,.F.);
#8479 = ORIENTED_EDGE('',*,*,#8480,.T.);
#8480 = EDGE_CURVE('',#5025,#8481,#8483,.T.);
#8481 = VERTEX_POINT('',#8482);
#8482 = CARTESIAN_POINT('',(24.8,-0.6,1.));
#8483 = LINE('',#8484,#8485);
#8484 = CARTESIAN_POINT('',(24.8,-0.6,8.));
#8485 = VECTOR('',#8486,1.);
#8486 = DIRECTION('',(0.,-1.2E-16,-1.));
#8487 = ORIENTED_EDGE('',*,*,#8488,.T.);
#8488 = EDGE_CURVE('',#8481,#8489,#8491,.T.);
#8489 = VERTEX_POINT('',#8490);
#8490 = CARTESIAN_POINT('',(24.8,-1.94,1.));
#8491 = LINE('',#8492,#8493);
#8492 = CARTESIAN_POINT('',(24.8,-0.6,1.));
#8493 = VECTOR('',#8494,1.);
#8494 = DIRECTION('',(0.,-1.,1.2E-16));
#8495 = ORIENTED_EDGE('',*,*,#8496,.F.);
#8496 = EDGE_CURVE('',#5033,#8489,#8497,.T.);
#8497 = LINE('',#8498,#8499);
#8498 = CARTESIAN_POINT('',(24.8,-1.94,8.));
#8499 = VECTOR('',#8500,1.);
#8500 = DIRECTION('',(0.,-1.2E-16,-1.));
#8501 = PLANE('',#8502);
#8502 = AXIS2_PLACEMENT_3D('',#8503,#8504,#8505);
#8503 = CARTESIAN_POINT('',(24.8,-0.6,8.));
#8504 = DIRECTION('',(1.,0.,0.));
#8505 = DIRECTION('',(0.,-1.,1.4E-16));
#8506 = ADVANCED_FACE('',(#8507),#8525,.F.);
#8507 = FACE_BOUND('',#8508,.T.);
#8508 = EDGE_LOOP('',(#8509,#8510,#8511,#8519));
#8509 = ORIENTED_EDGE('',*,*,#5056,.F.);
#8510 = ORIENTED_EDGE('',*,*,#8496,.T.);
#8511 = ORIENTED_EDGE('',*,*,#8512,.T.);
#8512 = EDGE_CURVE('',#8489,#8513,#8515,.T.);
#8513 = VERTEX_POINT('',#8514);
#8514 = CARTESIAN_POINT('',(23.46,-1.94,1.));
#8515 = LINE('',#8516,#8517);
#8516 = CARTESIAN_POINT('',(24.8,-1.94,1.));
#8517 = VECTOR('',#8518,1.);
#8518 = DIRECTION('',(-1.,2.1E-16,0.));
#8519 = ORIENTED_EDGE('',*,*,#8520,.F.);
#8520 = EDGE_CURVE('',#5057,#8513,#8521,.T.);
#8521 = LINE('',#8522,#8523);
#8522 = CARTESIAN_POINT('',(23.46,-1.94,8.));
#8523 = VECTOR('',#8524,1.);
#8524 = DIRECTION('',(0.,-1.2E-16,-1.));
#8525 = PLANE('',#8526);
#8526 = AXIS2_PLACEMENT_3D('',#8527,#8528,#8529);
#8527 = CARTESIAN_POINT('',(24.8,-1.94,8.));
#8528 = DIRECTION('',(-2.1E-16,-1.,1.2E-16));
#8529 = DIRECTION('',(-1.,2.1E-16,0.));
#8530 = ADVANCED_FACE('',(#8531),#8549,.F.);
#8531 = FACE_BOUND('',#8532,.T.);
#8532 = EDGE_LOOP('',(#8533,#8534,#8542,#8548));
#8533 = ORIENTED_EDGE('',*,*,#5087,.F.);
#8534 = ORIENTED_EDGE('',*,*,#8535,.T.);
#8535 = EDGE_CURVE('',#5080,#8536,#8538,.T.);
#8536 = VERTEX_POINT('',#8537);
#8537 = CARTESIAN_POINT('',(23.46,-0.6,1.));
#8538 = LINE('',#8539,#8540);
#8539 = CARTESIAN_POINT('',(23.46,-0.6,8.));
#8540 = VECTOR('',#8541,1.);
#8541 = DIRECTION('',(0.,-1.2E-16,-1.));
#8542 = ORIENTED_EDGE('',*,*,#8543,.T.);
#8543 = EDGE_CURVE('',#8536,#8481,#8544,.T.);
#8544 = LINE('',#8545,#8546);
#8545 = CARTESIAN_POINT('',(23.46,-0.6,1.));
#8546 = VECTOR('',#8547,1.);
#8547 = DIRECTION('',(1.,-2.1E-16,0.));
#8548 = ORIENTED_EDGE('',*,*,#8480,.F.);
#8549 = PLANE('',#8550);
#8550 = AXIS2_PLACEMENT_3D('',#8551,#8552,#8553);
#8551 = CARTESIAN_POINT('',(23.46,-0.6,8.));
#8552 = DIRECTION('',(2.1E-16,1.,-1.2E-16));
#8553 = DIRECTION('',(1.,-2.1E-16,0.));
#8554 = ADVANCED_FACE('',(#8555),#8566,.F.);
#8555 = FACE_BOUND('',#8556,.T.);
#8556 = EDGE_LOOP('',(#8557,#8558,#8559,#8565));
#8557 = ORIENTED_EDGE('',*,*,#5102,.F.);
#8558 = ORIENTED_EDGE('',*,*,#8520,.T.);
#8559 = ORIENTED_EDGE('',*,*,#8560,.T.);
#8560 = EDGE_CURVE('',#8513,#8536,#8561,.T.);
#8561 = LINE('',#8562,#8563);
#8562 = CARTESIAN_POINT('',(23.46,-1.94,1.));
#8563 = VECTOR('',#8564,1.);
#8564 = DIRECTION('',(0.,1.,-1.2E-16));
#8565 = ORIENTED_EDGE('',*,*,#8535,.F.);
#8566 = PLANE('',#8567);
#8567 = AXIS2_PLACEMENT_3D('',#8568,#8569,#8570);
#8568 = CARTESIAN_POINT('',(23.46,-1.94,8.));
#8569 = DIRECTION('',(-1.,0.,0.));
#8570 = DIRECTION('',(0.,1.,-1.4E-16));
#8571 = ADVANCED_FACE('',(#8572),#8578,.F.);
#8572 = FACE_BOUND('',#8573,.T.);
#8573 = EDGE_LOOP('',(#8574,#8575,#8576,#8577));
#8574 = ORIENTED_EDGE('',*,*,#5152,.F.);
#8575 = ORIENTED_EDGE('',*,*,#5128,.F.);
#8576 = ORIENTED_EDGE('',*,*,#5183,.F.);
#8577 = ORIENTED_EDGE('',*,*,#5200,.F.);
#8578 = PLANE('',#8579);
#8579 = AXIS2_PLACEMENT_3D('',#8580,#8581,#8582);
#8580 = CARTESIAN_POINT('',(-24.13,1.27,1.));
#8581 = DIRECTION('',(0.,-1.2E-16,-1.));
#8582 = DIRECTION('',(1.,0.,0.));
#8583 = ADVANCED_FACE('',(#8584),#8590,.F.);
#8584 = FACE_BOUND('',#8585,.T.);
#8585 = EDGE_LOOP('',(#8586,#8587,#8588,#8589));
#8586 = ORIENTED_EDGE('',*,*,#5248,.F.);
#8587 = ORIENTED_EDGE('',*,*,#5224,.F.);
#8588 = ORIENTED_EDGE('',*,*,#5279,.F.);
#8589 = ORIENTED_EDGE('',*,*,#5296,.F.);
#8590 = PLANE('',#8591);
#8591 = AXIS2_PLACEMENT_3D('',#8592,#8593,#8594);
#8592 = CARTESIAN_POINT('',(-21.59,1.27,1.));
#8593 = DIRECTION('',(0.,-1.2E-16,-1.));
#8594 = DIRECTION('',(1.,0.,0.));
#8595 = ADVANCED_FACE('',(#8596),#8602,.F.);
#8596 = FACE_BOUND('',#8597,.T.);
#8597 = EDGE_LOOP('',(#8598,#8599,#8600,#8601));
#8598 = ORIENTED_EDGE('',*,*,#5344,.F.);
#8599 = ORIENTED_EDGE('',*,*,#5320,.F.);
#8600 = ORIENTED_EDGE('',*,*,#5375,.F.);
#8601 = ORIENTED_EDGE('',*,*,#5392,.F.);
#8602 = PLANE('',#8603);
#8603 = AXIS2_PLACEMENT_3D('',#8604,#8605,#8606);
#8604 = CARTESIAN_POINT('',(-19.05,1.27,1.));
#8605 = DIRECTION('',(0.,-1.2E-16,-1.));
#8606 = DIRECTION('',(1.,0.,0.));
#8607 = ADVANCED_FACE('',(#8608),#8614,.F.);
#8608 = FACE_BOUND('',#8609,.T.);
#8609 = EDGE_LOOP('',(#8610,#8611,#8612,#8613));
#8610 = ORIENTED_EDGE('',*,*,#5440,.F.);
#8611 = ORIENTED_EDGE('',*,*,#5416,.F.);
#8612 = ORIENTED_EDGE('',*,*,#5471,.F.);
#8613 = ORIENTED_EDGE('',*,*,#5488,.F.);
#8614 = PLANE('',#8615);
#8615 = AXIS2_PLACEMENT_3D('',#8616,#8617,#8618);
#8616 = CARTESIAN_POINT('',(-16.51,1.27,1.));
#8617 = DIRECTION('',(0.,-1.2E-16,-1.));
#8618 = DIRECTION('',(1.,0.,0.));
#8619 = ADVANCED_FACE('',(#8620),#8626,.F.);
#8620 = FACE_BOUND('',#8621,.T.);
#8621 = EDGE_LOOP('',(#8622,#8623,#8624,#8625));
#8622 = ORIENTED_EDGE('',*,*,#5536,.F.);
#8623 = ORIENTED_EDGE('',*,*,#5512,.F.);
#8624 = ORIENTED_EDGE('',*,*,#5567,.F.);
#8625 = ORIENTED_EDGE('',*,*,#5584,.F.);
#8626 = PLANE('',#8627);
#8627 = AXIS2_PLACEMENT_3D('',#8628,#8629,#8630);
#8628 = CARTESIAN_POINT('',(-13.97,1.27,1.));
#8629 = DIRECTION('',(0.,-1.2E-16,-1.));
#8630 = DIRECTION('',(1.,0.,0.));
#8631 = ADVANCED_FACE('',(#8632),#8638,.F.);
#8632 = FACE_BOUND('',#8633,.T.);
#8633 = EDGE_LOOP('',(#8634,#8635,#8636,#8637));
#8634 = ORIENTED_EDGE('',*,*,#5632,.F.);
#8635 = ORIENTED_EDGE('',*,*,#5608,.F.);
#8636 = ORIENTED_EDGE('',*,*,#5663,.F.);
#8637 = ORIENTED_EDGE('',*,*,#5680,.F.);
#8638 = PLANE('',#8639);
#8639 = AXIS2_PLACEMENT_3D('',#8640,#8641,#8642);
#8640 = CARTESIAN_POINT('',(-11.43,1.27,1.));
#8641 = DIRECTION('',(0.,-1.2E-16,-1.));
#8642 = DIRECTION('',(1.,0.,0.));
#8643 = ADVANCED_FACE('',(#8644),#8650,.F.);
#8644 = FACE_BOUND('',#8645,.T.);
#8645 = EDGE_LOOP('',(#8646,#8647,#8648,#8649));
#8646 = ORIENTED_EDGE('',*,*,#5728,.F.);
#8647 = ORIENTED_EDGE('',*,*,#5704,.F.);
#8648 = ORIENTED_EDGE('',*,*,#5759,.F.);
#8649 = ORIENTED_EDGE('',*,*,#5776,.F.);
#8650 = PLANE('',#8651);
#8651 = AXIS2_PLACEMENT_3D('',#8652,#8653,#8654);
#8652 = CARTESIAN_POINT('',(-8.89,1.27,1.));
#8653 = DIRECTION('',(0.,-1.2E-16,-1.));
#8654 = DIRECTION('',(1.,0.,0.));
#8655 = ADVANCED_FACE('',(#8656),#8662,.F.);
#8656 = FACE_BOUND('',#8657,.T.);
#8657 = EDGE_LOOP('',(#8658,#8659,#8660,#8661));
#8658 = ORIENTED_EDGE('',*,*,#5824,.F.);
#8659 = ORIENTED_EDGE('',*,*,#5800,.F.);
#8660 = ORIENTED_EDGE('',*,*,#5855,.F.);
#8661 = ORIENTED_EDGE('',*,*,#5872,.F.);
#8662 = PLANE('',#8663);
#8663 = AXIS2_PLACEMENT_3D('',#8664,#8665,#8666);
#8664 = CARTESIAN_POINT('',(-6.35,1.27,1.));
#8665 = DIRECTION('',(0.,-1.2E-16,-1.));
#8666 = DIRECTION('',(1.,0.,0.));
#8667 = ADVANCED_FACE('',(#8668),#8674,.F.);
#8668 = FACE_BOUND('',#8669,.T.);
#8669 = EDGE_LOOP('',(#8670,#8671,#8672,#8673));
#8670 = ORIENTED_EDGE('',*,*,#5920,.F.);
#8671 = ORIENTED_EDGE('',*,*,#5896,.F.);
#8672 = ORIENTED_EDGE('',*,*,#5951,.F.);
#8673 = ORIENTED_EDGE('',*,*,#5968,.F.);
#8674 = PLANE('',#8675);
#8675 = AXIS2_PLACEMENT_3D('',#8676,#8677,#8678);
#8676 = CARTESIAN_POINT('',(-3.81,1.27,1.));
#8677 = DIRECTION('',(0.,-1.2E-16,-1.));
#8678 = DIRECTION('',(1.,0.,0.));
#8679 = ADVANCED_FACE('',(#8680),#8686,.F.);
#8680 = FACE_BOUND('',#8681,.T.);
#8681 = EDGE_LOOP('',(#8682,#8683,#8684,#8685));
#8682 = ORIENTED_EDGE('',*,*,#6016,.F.);
#8683 = ORIENTED_EDGE('',*,*,#5992,.F.);
#8684 = ORIENTED_EDGE('',*,*,#6047,.F.);
#8685 = ORIENTED_EDGE('',*,*,#6064,.F.);
#8686 = PLANE('',#8687);
#8687 = AXIS2_PLACEMENT_3D('',#8688,#8689,#8690);
#8688 = CARTESIAN_POINT('',(-1.27,1.27,1.));
#8689 = DIRECTION('',(0.,-1.2E-16,-1.));
#8690 = DIRECTION('',(1.,0.,0.));
#8691 = ADVANCED_FACE('',(#8692),#8698,.F.);
#8692 = FACE_BOUND('',#8693,.T.);
#8693 = EDGE_LOOP('',(#8694,#8695,#8696,#8697));
#8694 = ORIENTED_EDGE('',*,*,#6112,.F.);
#8695 = ORIENTED_EDGE('',*,*,#6088,.F.);
#8696 = ORIENTED_EDGE('',*,*,#6143,.F.);
#8697 = ORIENTED_EDGE('',*,*,#6160,.F.);
#8698 = PLANE('',#8699);
#8699 = AXIS2_PLACEMENT_3D('',#8700,#8701,#8702);
#8700 = CARTESIAN_POINT('',(1.27,1.27,1.));
#8701 = DIRECTION('',(0.,-1.2E-16,-1.));
#8702 = DIRECTION('',(1.,0.,0.));
#8703 = ADVANCED_FACE('',(#8704),#8710,.F.);
#8704 = FACE_BOUND('',#8705,.T.);
#8705 = EDGE_LOOP('',(#8706,#8707,#8708,#8709));
#8706 = ORIENTED_EDGE('',*,*,#6208,.F.);
#8707 = ORIENTED_EDGE('',*,*,#6184,.F.);
#8708 = ORIENTED_EDGE('',*,*,#6239,.F.);
#8709 = ORIENTED_EDGE('',*,*,#6256,.F.);
#8710 = PLANE('',#8711);
#8711 = AXIS2_PLACEMENT_3D('',#8712,#8713,#8714);
#8712 = CARTESIAN_POINT('',(3.81,1.27,1.));
#8713 = DIRECTION('',(0.,-1.2E-16,-1.));
#8714 = DIRECTION('',(1.,0.,0.));
#8715 = ADVANCED_FACE('',(#8716),#8722,.F.);
#8716 = FACE_BOUND('',#8717,.T.);
#8717 = EDGE_LOOP('',(#8718,#8719,#8720,#8721));
#8718 = ORIENTED_EDGE('',*,*,#6304,.F.);
#8719 = ORIENTED_EDGE('',*,*,#6280,.F.);
#8720 = ORIENTED_EDGE('',*,*,#6335,.F.);
#8721 = ORIENTED_EDGE('',*,*,#6352,.F.);
#8722 = PLANE('',#8723);
#8723 = AXIS2_PLACEMENT_3D('',#8724,#8725,#8726);
#8724 = CARTESIAN_POINT('',(6.35,1.27,1.));
#8725 = DIRECTION('',(0.,-1.2E-16,-1.));
#8726 = DIRECTION('',(1.,0.,0.));
#8727 = ADVANCED_FACE('',(#8728),#8734,.F.);
#8728 = FACE_BOUND('',#8729,.T.);
#8729 = EDGE_LOOP('',(#8730,#8731,#8732,#8733));
#8730 = ORIENTED_EDGE('',*,*,#6400,.F.);
#8731 = ORIENTED_EDGE('',*,*,#6376,.F.);
#8732 = ORIENTED_EDGE('',*,*,#6431,.F.);
#8733 = ORIENTED_EDGE('',*,*,#6448,.F.);
#8734 = PLANE('',#8735);
#8735 = AXIS2_PLACEMENT_3D('',#8736,#8737,#8738);
#8736 = CARTESIAN_POINT('',(8.89,1.27,1.));
#8737 = DIRECTION('',(0.,-1.2E-16,-1.));
#8738 = DIRECTION('',(1.,0.,0.));
#8739 = ADVANCED_FACE('',(#8740),#8746,.F.);
#8740 = FACE_BOUND('',#8741,.T.);
#8741 = EDGE_LOOP('',(#8742,#8743,#8744,#8745));
#8742 = ORIENTED_EDGE('',*,*,#6496,.F.);
#8743 = ORIENTED_EDGE('',*,*,#6472,.F.);
#8744 = ORIENTED_EDGE('',*,*,#6527,.F.);
#8745 = ORIENTED_EDGE('',*,*,#6544,.F.);
#8746 = PLANE('',#8747);
#8747 = AXIS2_PLACEMENT_3D('',#8748,#8749,#8750);
#8748 = CARTESIAN_POINT('',(11.43,1.27,1.));
#8749 = DIRECTION('',(0.,-1.2E-16,-1.));
#8750 = DIRECTION('',(1.,0.,0.));
#8751 = ADVANCED_FACE('',(#8752),#8758,.F.);
#8752 = FACE_BOUND('',#8753,.T.);
#8753 = EDGE_LOOP('',(#8754,#8755,#8756,#8757));
#8754 = ORIENTED_EDGE('',*,*,#6592,.F.);
#8755 = ORIENTED_EDGE('',*,*,#6568,.F.);
#8756 = ORIENTED_EDGE('',*,*,#6623,.F.);
#8757 = ORIENTED_EDGE('',*,*,#6640,.F.);
#8758 = PLANE('',#8759);
#8759 = AXIS2_PLACEMENT_3D('',#8760,#8761,#8762);
#8760 = CARTESIAN_POINT('',(13.97,1.27,1.));
#8761 = DIRECTION('',(0.,-1.2E-16,-1.));
#8762 = DIRECTION('',(1.,0.,0.));
#8763 = ADVANCED_FACE('',(#8764),#8770,.F.);
#8764 = FACE_BOUND('',#8765,.T.);
#8765 = EDGE_LOOP('',(#8766,#8767,#8768,#8769));
#8766 = ORIENTED_EDGE('',*,*,#6688,.F.);
#8767 = ORIENTED_EDGE('',*,*,#6664,.F.);
#8768 = ORIENTED_EDGE('',*,*,#6719,.F.);
#8769 = ORIENTED_EDGE('',*,*,#6736,.F.);
#8770 = PLANE('',#8771);
#8771 = AXIS2_PLACEMENT_3D('',#8772,#8773,#8774);
#8772 = CARTESIAN_POINT('',(16.51,1.27,1.));
#8773 = DIRECTION('',(0.,-1.2E-16,-1.));
#8774 = DIRECTION('',(1.,0.,0.));
#8775 = ADVANCED_FACE('',(#8776),#8782,.F.);
#8776 = FACE_BOUND('',#8777,.T.);
#8777 = EDGE_LOOP('',(#8778,#8779,#8780,#8781));
#8778 = ORIENTED_EDGE('',*,*,#6784,.F.);
#8779 = ORIENTED_EDGE('',*,*,#6760,.F.);
#8780 = ORIENTED_EDGE('',*,*,#6815,.F.);
#8781 = ORIENTED_EDGE('',*,*,#6832,.F.);
#8782 = PLANE('',#8783);
#8783 = AXIS2_PLACEMENT_3D('',#8784,#8785,#8786);
#8784 = CARTESIAN_POINT('',(19.05,1.27,1.));
#8785 = DIRECTION('',(0.,-1.2E-16,-1.));
#8786 = DIRECTION('',(1.,0.,0.));
#8787 = ADVANCED_FACE('',(#8788),#8794,.F.);
#8788 = FACE_BOUND('',#8789,.T.);
#8789 = EDGE_LOOP('',(#8790,#8791,#8792,#8793));
#8790 = ORIENTED_EDGE('',*,*,#6880,.F.);
#8791 = ORIENTED_EDGE('',*,*,#6856,.F.);
#8792 = ORIENTED_EDGE('',*,*,#6911,.F.);
#8793 = ORIENTED_EDGE('',*,*,#6928,.F.);
#8794 = PLANE('',#8795);
#8795 = AXIS2_PLACEMENT_3D('',#8796,#8797,#8798);
#8796 = CARTESIAN_POINT('',(21.59,1.27,1.));
#8797 = DIRECTION('',(0.,-1.2E-16,-1.));
#8798 = DIRECTION('',(1.,0.,0.));
#8799 = ADVANCED_FACE('',(#8800),#8806,.F.);
#8800 = FACE_BOUND('',#8801,.T.);
#8801 = EDGE_LOOP('',(#8802,#8803,#8804,#8805));
#8802 = ORIENTED_EDGE('',*,*,#6976,.F.);
#8803 = ORIENTED_EDGE('',*,*,#6952,.F.);
#8804 = ORIENTED_EDGE('',*,*,#7007,.F.);
#8805 = ORIENTED_EDGE('',*,*,#7024,.F.);
#8806 = PLANE('',#8807);
#8807 = AXIS2_PLACEMENT_3D('',#8808,#8809,#8810);
#8808 = CARTESIAN_POINT('',(24.13,1.27,1.));
#8809 = DIRECTION('',(0.,-1.2E-16,-1.));
#8810 = DIRECTION('',(1.,0.,0.));
#8811 = ADVANCED_FACE('',(#8812),#8818,.F.);
#8812 = FACE_BOUND('',#8813,.T.);
#8813 = EDGE_LOOP('',(#8814,#8815,#8816,#8817));
#8814 = ORIENTED_EDGE('',*,*,#7072,.F.);
#8815 = ORIENTED_EDGE('',*,*,#7048,.F.);
#8816 = ORIENTED_EDGE('',*,*,#7103,.F.);
#8817 = ORIENTED_EDGE('',*,*,#7120,.F.);
#8818 = PLANE('',#8819);
#8819 = AXIS2_PLACEMENT_3D('',#8820,#8821,#8822);
#8820 = CARTESIAN_POINT('',(-13.97,-1.27,1.));
#8821 = DIRECTION('',(0.,-1.2E-16,-1.));
#8822 = DIRECTION('',(1.,0.,0.));
#8823 = ADVANCED_FACE('',(#8824),#8830,.F.);
#8824 = FACE_BOUND('',#8825,.T.);
#8825 = EDGE_LOOP('',(#8826,#8827,#8828,#8829));
#8826 = ORIENTED_EDGE('',*,*,#7168,.F.);
#8827 = ORIENTED_EDGE('',*,*,#7144,.F.);
#8828 = ORIENTED_EDGE('',*,*,#7199,.F.);
#8829 = ORIENTED_EDGE('',*,*,#7216,.F.);
#8830 = PLANE('',#8831);
#8831 = AXIS2_PLACEMENT_3D('',#8832,#8833,#8834);
#8832 = CARTESIAN_POINT('',(-11.43,-1.27,1.));
#8833 = DIRECTION('',(0.,-1.2E-16,-1.));
#8834 = DIRECTION('',(1.,0.,0.));
#8835 = ADVANCED_FACE('',(#8836),#8842,.F.);
#8836 = FACE_BOUND('',#8837,.T.);
#8837 = EDGE_LOOP('',(#8838,#8839,#8840,#8841));
#8838 = ORIENTED_EDGE('',*,*,#7264,.F.);
#8839 = ORIENTED_EDGE('',*,*,#7240,.F.);
#8840 = ORIENTED_EDGE('',*,*,#7295,.F.);
#8841 = ORIENTED_EDGE('',*,*,#7312,.F.);
#8842 = PLANE('',#8843);
#8843 = AXIS2_PLACEMENT_3D('',#8844,#8845,#8846);
#8844 = CARTESIAN_POINT('',(-8.89,-1.27,1.));
#8845 = DIRECTION('',(0.,-1.2E-16,-1.));
#8846 = DIRECTION('',(1.,0.,0.));
#8847 = ADVANCED_FACE('',(#8848),#8854,.F.);
#8848 = FACE_BOUND('',#8849,.T.);
#8849 = EDGE_LOOP('',(#8850,#8851,#8852,#8853));
#8850 = ORIENTED_EDGE('',*,*,#7360,.F.);
#8851 = ORIENTED_EDGE('',*,*,#7336,.F.);
#8852 = ORIENTED_EDGE('',*,*,#7391,.F.);
#8853 = ORIENTED_EDGE('',*,*,#7408,.F.);
#8854 = PLANE('',#8855);
#8855 = AXIS2_PLACEMENT_3D('',#8856,#8857,#8858);
#8856 = CARTESIAN_POINT('',(-6.35,-1.27,1.));
#8857 = DIRECTION('',(0.,-1.2E-16,-1.));
#8858 = DIRECTION('',(1.,0.,0.));
#8859 = ADVANCED_FACE('',(#8860),#8866,.F.);
#8860 = FACE_BOUND('',#8861,.T.);
#8861 = EDGE_LOOP('',(#8862,#8863,#8864,#8865));
#8862 = ORIENTED_EDGE('',*,*,#7456,.F.);
#8863 = ORIENTED_EDGE('',*,*,#7432,.F.);
#8864 = ORIENTED_EDGE('',*,*,#7487,.F.);
#8865 = ORIENTED_EDGE('',*,*,#7504,.F.);
#8866 = PLANE('',#8867);
#8867 = AXIS2_PLACEMENT_3D('',#8868,#8869,#8870);
#8868 = CARTESIAN_POINT('',(-3.81,-1.27,1.));
#8869 = DIRECTION('',(0.,-1.2E-16,-1.));
#8870 = DIRECTION('',(1.,0.,0.));
#8871 = ADVANCED_FACE('',(#8872),#8878,.F.);
#8872 = FACE_BOUND('',#8873,.T.);
#8873 = EDGE_LOOP('',(#8874,#8875,#8876,#8877));
#8874 = ORIENTED_EDGE('',*,*,#7552,.F.);
#8875 = ORIENTED_EDGE('',*,*,#7528,.F.);
#8876 = ORIENTED_EDGE('',*,*,#7583,.F.);
#8877 = ORIENTED_EDGE('',*,*,#7600,.F.);
#8878 = PLANE('',#8879);
#8879 = AXIS2_PLACEMENT_3D('',#8880,#8881,#8882);
#8880 = CARTESIAN_POINT('',(-1.27,-1.27,1.));
#8881 = DIRECTION('',(0.,-1.2E-16,-1.));
#8882 = DIRECTION('',(1.,0.,0.));
#8883 = ADVANCED_FACE('',(#8884),#8890,.F.);
#8884 = FACE_BOUND('',#8885,.T.);
#8885 = EDGE_LOOP('',(#8886,#8887,#8888,#8889));
#8886 = ORIENTED_EDGE('',*,*,#7648,.F.);
#8887 = ORIENTED_EDGE('',*,*,#7624,.F.);
#8888 = ORIENTED_EDGE('',*,*,#7679,.F.);
#8889 = ORIENTED_EDGE('',*,*,#7696,.F.);
#8890 = PLANE('',#8891);
#8891 = AXIS2_PLACEMENT_3D('',#8892,#8893,#8894);
#8892 = CARTESIAN_POINT('',(1.27,-1.27,1.));
#8893 = DIRECTION('',(0.,-1.2E-16,-1.));
#8894 = DIRECTION('',(1.,0.,0.));
#8895 = ADVANCED_FACE('',(#8896),#8902,.F.);
#8896 = FACE_BOUND('',#8897,.T.);
#8897 = EDGE_LOOP('',(#8898,#8899,#8900,#8901));
#8898 = ORIENTED_EDGE('',*,*,#7744,.F.);
#8899 = ORIENTED_EDGE('',*,*,#7720,.F.);
#8900 = ORIENTED_EDGE('',*,*,#7775,.F.);
#8901 = ORIENTED_EDGE('',*,*,#7792,.F.);
#8902 = PLANE('',#8903);
#8903 = AXIS2_PLACEMENT_3D('',#8904,#8905,#8906);
#8904 = CARTESIAN_POINT('',(3.81,-1.27,1.));
#8905 = DIRECTION('',(0.,-1.2E-16,-1.));
#8906 = DIRECTION('',(1.,0.,0.));
#8907 = ADVANCED_FACE('',(#8908),#8914,.F.);
#8908 = FACE_BOUND('',#8909,.T.);
#8909 = EDGE_LOOP('',(#8910,#8911,#8912,#8913));
#8910 = ORIENTED_EDGE('',*,*,#7840,.F.);
#8911 = ORIENTED_EDGE('',*,*,#7816,.F.);
#8912 = ORIENTED_EDGE('',*,*,#7871,.F.);
#8913 = ORIENTED_EDGE('',*,*,#7888,.F.);
#8914 = PLANE('',#8915);
#8915 = AXIS2_PLACEMENT_3D('',#8916,#8917,#8918);
#8916 = CARTESIAN_POINT('',(6.35,-1.27,1.));
#8917 = DIRECTION('',(0.,-1.2E-16,-1.));
#8918 = DIRECTION('',(1.,0.,0.));
#8919 = ADVANCED_FACE('',(#8920),#8926,.F.);
#8920 = FACE_BOUND('',#8921,.T.);
#8921 = EDGE_LOOP('',(#8922,#8923,#8924,#8925));
#8922 = ORIENTED_EDGE('',*,*,#7936,.F.);
#8923 = ORIENTED_EDGE('',*,*,#7912,.F.);
#8924 = ORIENTED_EDGE('',*,*,#7967,.F.);
#8925 = ORIENTED_EDGE('',*,*,#7984,.F.);
#8926 = PLANE('',#8927);
#8927 = AXIS2_PLACEMENT_3D('',#8928,#8929,#8930);
#8928 = CARTESIAN_POINT('',(8.89,-1.27,1.));
#8929 = DIRECTION('',(0.,-1.2E-16,-1.));
#8930 = DIRECTION('',(1.,0.,0.));
#8931 = ADVANCED_FACE('',(#8932),#8938,.F.);
#8932 = FACE_BOUND('',#8933,.T.);
#8933 = EDGE_LOOP('',(#8934,#8935,#8936,#8937));
#8934 = ORIENTED_EDGE('',*,*,#8032,.F.);
#8935 = ORIENTED_EDGE('',*,*,#8008,.F.);
#8936 = ORIENTED_EDGE('',*,*,#8063,.F.);
#8937 = ORIENTED_EDGE('',*,*,#8080,.F.);
#8938 = PLANE('',#8939);
#8939 = AXIS2_PLACEMENT_3D('',#8940,#8941,#8942);
#8940 = CARTESIAN_POINT('',(11.43,-1.27,1.));
#8941 = DIRECTION('',(0.,-1.2E-16,-1.));
#8942 = DIRECTION('',(1.,0.,0.));
#8943 = ADVANCED_FACE('',(#8944),#8950,.F.);
#8944 = FACE_BOUND('',#8945,.T.);
#8945 = EDGE_LOOP('',(#8946,#8947,#8948,#8949));
#8946 = ORIENTED_EDGE('',*,*,#8128,.F.);
#8947 = ORIENTED_EDGE('',*,*,#8104,.F.);
#8948 = ORIENTED_EDGE('',*,*,#8159,.F.);
#8949 = ORIENTED_EDGE('',*,*,#8176,.F.);
#8950 = PLANE('',#8951);
#8951 = AXIS2_PLACEMENT_3D('',#8952,#8953,#8954);
#8952 = CARTESIAN_POINT('',(13.97,-1.27,1.));
#8953 = DIRECTION('',(0.,-1.2E-16,-1.));
#8954 = DIRECTION('',(1.,0.,0.));
#8955 = ADVANCED_FACE('',(#8956),#8962,.F.);
#8956 = FACE_BOUND('',#8957,.T.);
#8957 = EDGE_LOOP('',(#8958,#8959,#8960,#8961));
#8958 = ORIENTED_EDGE('',*,*,#8224,.F.);
#8959 = ORIENTED_EDGE('',*,*,#8200,.F.);
#8960 = ORIENTED_EDGE('',*,*,#8255,.F.);
#8961 = ORIENTED_EDGE('',*,*,#8272,.F.);
#8962 = PLANE('',#8963);
#8963 = AXIS2_PLACEMENT_3D('',#8964,#8965,#8966);
#8964 = CARTESIAN_POINT('',(16.51,-1.27,1.));
#8965 = DIRECTION('',(0.,-1.2E-16,-1.));
#8966 = DIRECTION('',(1.,0.,0.));
#8967 = ADVANCED_FACE('',(#8968),#8974,.F.);
#8968 = FACE_BOUND('',#8969,.T.);
#8969 = EDGE_LOOP('',(#8970,#8971,#8972,#8973));
#8970 = ORIENTED_EDGE('',*,*,#8320,.F.);
#8971 = ORIENTED_EDGE('',*,*,#8296,.F.);
#8972 = ORIENTED_EDGE('',*,*,#8351,.F.);
#8973 = ORIENTED_EDGE('',*,*,#8368,.F.);
#8974 = PLANE('',#8975);
#8975 = AXIS2_PLACEMENT_3D('',#8976,#8977,#8978);
#8976 = CARTESIAN_POINT('',(19.05,-1.27,1.));
#8977 = DIRECTION('',(0.,-1.2E-16,-1.));
#8978 = DIRECTION('',(1.,0.,0.));
#8979 = ADVANCED_FACE('',(#8980),#8986,.F.);
#8980 = FACE_BOUND('',#8981,.T.);
#8981 = EDGE_LOOP('',(#8982,#8983,#8984,#8985));
#8982 = ORIENTED_EDGE('',*,*,#8416,.F.);
#8983 = ORIENTED_EDGE('',*,*,#8392,.F.);
#8984 = ORIENTED_EDGE('',*,*,#8447,.F.);
#8985 = ORIENTED_EDGE('',*,*,#8464,.F.);
#8986 = PLANE('',#8987);
#8987 = AXIS2_PLACEMENT_3D('',#8988,#8989,#8990);
#8988 = CARTESIAN_POINT('',(21.59,-1.27,1.));
#8989 = DIRECTION('',(0.,-1.2E-16,-1.));
#8990 = DIRECTION('',(1.,0.,0.));
#8991 = ADVANCED_FACE('',(#8992),#8998,.F.);
#8992 = FACE_BOUND('',#8993,.T.);
#8993 = EDGE_LOOP('',(#8994,#8995,#8996,#8997));
#8994 = ORIENTED_EDGE('',*,*,#8512,.F.);
#8995 = ORIENTED_EDGE('',*,*,#8488,.F.);
#8996 = ORIENTED_EDGE('',*,*,#8543,.F.);
#8997 = ORIENTED_EDGE('',*,*,#8560,.F.);
#8998 = PLANE('',#8999);
#8999 = AXIS2_PLACEMENT_3D('',#9000,#9001,#9002);
#9000 = CARTESIAN_POINT('',(24.13,-1.27,1.));
#9001 = DIRECTION('',(0.,-1.2E-16,-1.));
#9002 = DIRECTION('',(1.,0.,0.));
#9003 = ( GEOMETRIC_REPRESENTATION_CONTEXT(3) 
GLOBAL_UNCERTAINTY_ASSIGNED_CONTEXT((#9007)) 
GLOBAL_UNIT_ASSIGNED_CONTEXT((#9004,#9005,#9006)) REPRESENTATION_CONTEXT
('Context #1','3D Context with UNIT and UNCERTAINTY') );
#9004 = ( LENGTH_UNIT() NAMED_UNIT(*) SI_UNIT(.MILLI.,.METRE.) );
#9005 = ( NAMED_UNIT(*) PLANE_ANGLE_UNIT() SI_UNIT($,.RADIAN.) );
#9006 = ( NAMED_UNIT(*) SI_UNIT($,.STERADIAN.) SOLID_ANGLE_UNIT() );
#9007 = UNCERTAINTY_MEASURE_WITH_UNIT(LENGTH_MEASURE(1.E-07),#9004,
  'distance_accuracy_value','confusion accuracy');
#9008 = PRODUCT_RELATED_PRODUCT_CATEGORY('part',$,(#7));
#9009 = MECHANICAL_DESIGN_GEOMETRIC_PRESENTATION_REPRESENTATION('',(
    #9010),#9003);
#9010 = STYLED_ITEM('color',(#9011),#15);
#9011 = PRESENTATION_STYLE_ASSIGNMENT((#9012,#9018));
#9012 = SURFACE_STYLE_USAGE(.BOTH.,#9013);
#9013 = SURFACE_SIDE_STYLE('',(#9014));
#9014 = SURFACE_STYLE_FILL_AREA(#9015);
#9015 = FILL_AREA_STYLE('',(#9016));
#9016 = FILL_AREA_STYLE_COLOUR('',#9017);
#9017 = COLOUR_RGB('',0.956862747054,0.345098051753,0.243137258719);
#9018 = CURVE_STYLE('',#9019,POSITIVE_LENGTH_MEASURE(0.1),#9020);
#9019 = DRAUGHTING_PRE_DEFINED_CURVE_FONT('continuous');
#9020 = DRAUGHTING_PRE_DEFINED_COLOUR('black');
ENDSEC;
END-ISO-10303-21;
