ISO-10303-21;
HEADER;
FILE_DESCRIPTION(('FreeCAD Model'),'2;1');
FILE_NAME('Open CASCADE Shape Model','2026-09-22T18:48:19',(''),(''),
  'Open CASCADE STEP processor 7.8','FreeCAD','Unknown');
FILE_SCHEMA(('AUTOMOTIVE_DESIGN { 1 0 10303 214 1 1 1 1 }'));
ENDSEC;
DATA;
#1 = APPLICATION_PROTOCOL_DEFINITION('international standard',
  'automotive_design',2000,#2);
#2 = APPLICATION_CONTEXT(
  'core data for automotive mechanical design processes');
#3 = SHAPE_DEFINITION_REPRESENTATION(#4,#10);
#4 = PRODUCT_DEFINITION_SHAPE('','',#5);
#5 = PRODUCT_DEFINITION('design','',#6,#9);
#6 = PRODUCT_DEFINITION_FORMATION('','',#7);
#7 = PRODUCT('Body','Body','',(#8));
#8 = PRODUCT_CONTEXT('',#2,'mechanical');
#9 = PRODUCT_DEFINITION_CONTEXT('part definition',#2,'design');
#10 = ADVANCED_BREP_SHAPE_REPRESENTATION('',(#11,#15),#9355);
#11 = AXIS2_PLACEMENT_3D('',#12,#13,#14);
#12 = CARTESIAN_POINT('',(0.,0.,0.));
#13 = DIRECTION('',(0.,0.,1.));
#14 = DIRECTION('',(1.,0.,-0.));
#15 = MANIFOLD_SOLID_BREP('',#16);
#16 = CLOSED_SHELL('',(#17,#57,#88,#136,#160,#209,#1557,#1606,#1627,
    #1651,#1675,#1692,#1727,#1761,#1778,#1809,#1833,#1857,#1874,#1905,
    #1929,#1953,#1970,#2001,#2025,#2049,#2066,#2097,#2121,#2145,#2162,
    #2193,#2217,#2241,#2258,#2289,#2313,#2337,#2354,#2385,#2409,#2433,
    #2450,#2481,#2505,#2529,#2546,#2577,#2601,#2625,#2642,#2673,#2697,
    #2721,#2738,#2769,#2793,#2817,#2834,#2865,#2889,#2913,#2930,#2961,
    #2985,#3009,#3026,#3057,#3081,#3105,#3122,#3153,#3177,#3201,#3218,
    #3249,#3273,#3297,#3314,#3345,#3369,#3393,#3410,#3441,#3465,#3489,
    #3506,#3537,#3561,#3585,#3602,#3633,#3657,#3681,#3698,#3729,#3753,
    #3777,#3794,#3825,#3849,#3873,#3890,#3921,#3945,#3969,#3986,#4017,
    #4041,#4065,#4082,#4113,#4137,#4161,#4178,#4209,#4233,#4257,#4274,
    #4305,#4329,#4353,#4370,#4401,#4425,#4449,#4466,#4497,#4521,#4545,
    #4562,#4593,#4617,#4641,#4658,#4689,#4713,#4737,#4754,#4785,#4809,
    #4833,#4850,#4881,#4905,#4929,#4946,#4977,#5001,#5025,#5042,#5073,
    #5097,#5121,#5138,#5169,#5193,#5217,#5234,#5265,#5289,#5313,#5330,
    #5347,#5359,#5390,#5414,#5438,#5455,#5486,#5510,#5534,#5551,#5582,
    #5606,#5630,#5647,#5678,#5702,#5726,#5743,#5774,#5798,#5822,#5839,
    #5870,#5894,#5918,#5935,#5966,#5990,#6014,#6031,#6062,#6086,#6110,
    #6127,#6158,#6182,#6206,#6223,#6254,#6278,#6302,#6319,#6350,#6374,
    #6398,#6415,#6446,#6470,#6494,#6511,#6542,#6566,#6590,#6607,#6638,
    #6662,#6686,#6703,#6734,#6758,#6782,#6799,#6830,#6854,#6878,#6895,
    #6926,#6950,#6974,#6991,#7022,#7046,#7070,#7087,#7118,#7142,#7166,
    #7183,#7214,#7238,#7262,#7279,#7310,#7334,#7358,#7375,#7406,#7430,
    #7454,#7471,#7502,#7526,#7550,#7567,#7598,#7622,#7646,#7663,#7694,
    #7718,#7742,#7759,#7790,#7814,#7838,#7855,#7886,#7910,#7934,#7951,
    #7982,#8006,#8030,#8047,#8078,#8102,#8126,#8143,#8174,#8198,#8222,
    #8239,#8270,#8294,#8318,#8335,#8366,#8390,#8414,#8431,#8462,#8486,
    #8510,#8527,#8558,#8582,#8606,#8623,#8654,#8678,#8702,#8719,#8750,
    #8774,#8798,#8815,#8846,#8870,#8894,#8911,#8923,#8935,#8947,#8959,
    #8971,#8983,#8995,#9007,#9019,#9031,#9043,#9055,#9067,#9079,#9091,
    #9103,#9115,#9127,#9139,#9151,#9163,#9175,#9187,#9199,#9211,#9223,
    #9235,#9247,#9259,#9271,#9283,#9295,#9307,#9319,#9331,#9343));
#17 = ADVANCED_FACE('',(#18),#52,.T.);
#18 = FACE_BOUND('',#19,.T.);
#19 = EDGE_LOOP('',(#20,#30,#38,#46));
#20 = ORIENTED_EDGE('',*,*,#21,.F.);
#21 = EDGE_CURVE('',#22,#24,#26,.T.);
#22 = VERTEX_POINT('',#23);
#23 = CARTESIAN_POINT('',(-25.5,-2.74,1.06));
#24 = VERTEX_POINT('',#25);
#25 = CARTESIAN_POINT('',(-22.66,-2.74,1.06));
#26 = LINE('',#27,#28);
#27 = CARTESIAN_POINT('',(25.98,-2.74,1.06));
#28 = VECTOR('',#29,1.);
#29 = DIRECTION('',(1.,0.,0.));
#30 = ORIENTED_EDGE('',*,*,#31,.T.);
#31 = EDGE_CURVE('',#22,#32,#34,.T.);
#32 = VERTEX_POINT('',#33);
#33 = CARTESIAN_POINT('',(-25.5,-3.5,0.3));
#34 = LINE('',#35,#36);
#35 = CARTESIAN_POINT('',(-25.5,0.365,4.165));
#36 = VECTOR('',#37,1.);
#37 = DIRECTION('',(0.,-0.707106781187,-0.707106781187));
#38 = ORIENTED_EDGE('',*,*,#39,.T.);
#39 = EDGE_CURVE('',#32,#40,#42,.T.);
#40 = VERTEX_POINT('',#41);
#41 = CARTESIAN_POINT('',(-22.66,-3.5,0.3));
#42 = LINE('',#43,#44);
#43 = CARTESIAN_POINT('',(26.36,-3.5,0.3));
#44 = VECTOR('',#45,1.);
#45 = DIRECTION('',(1.,0.,0.));
#46 = ORIENTED_EDGE('',*,*,#47,.F.);
#47 = EDGE_CURVE('',#24,#40,#48,.T.);
#48 = LINE('',#49,#50);
#49 = CARTESIAN_POINT('',(-22.66,-3.7755325,2.446750000001E-02));
#50 = VECTOR('',#51,1.);
#51 = DIRECTION('',(-0.,-0.707106781187,-0.707106781187));
#52 = PLANE('',#53);
#53 = AXIS2_PLACEMENT_3D('',#54,#55,#56);
#54 = CARTESIAN_POINT('',(26.36,-3.12,0.68));
#55 = DIRECTION('',(0.,-0.707106781187,0.707106781187));
#56 = DIRECTION('',(-1.,0.,0.));
#57 = ADVANCED_FACE('',(#58),#83,.T.);
#58 = FACE_BOUND('',#59,.T.);
#59 = EDGE_LOOP('',(#60,#61,#69,#77));
#60 = ORIENTED_EDGE('',*,*,#21,.T.);
#61 = ORIENTED_EDGE('',*,*,#62,.F.);
#62 = EDGE_CURVE('',#63,#24,#65,.T.);
#63 = VERTEX_POINT('',#64);
#64 = CARTESIAN_POINT('',(-22.66,-2.74,8.));
#65 = LINE('',#66,#67);
#66 = CARTESIAN_POINT('',(-22.66,-2.74,4.));
#67 = VECTOR('',#68,1.);
#68 = DIRECTION('',(-0.,-1.2E-16,-1.));
#69 = ORIENTED_EDGE('',*,*,#70,.T.);
#70 = EDGE_CURVE('',#63,#71,#73,.T.);
#71 = VERTEX_POINT('',#72);
#72 = CARTESIAN_POINT('',(-25.5,-2.74,8.));
#73 = LINE('',#74,#75);
#74 = CARTESIAN_POINT('',(25.6,-2.74,8.));
#75 = VECTOR('',#76,1.);
#76 = DIRECTION('',(-1.,0.,0.));
#77 = ORIENTED_EDGE('',*,*,#78,.T.);
#78 = EDGE_CURVE('',#71,#22,#79,.T.);
#79 = LINE('',#80,#81);
#80 = CARTESIAN_POINT('',(-25.5,-2.74,8.));
#81 = VECTOR('',#82,1.);
#82 = DIRECTION('',(0.,-1.2E-16,-1.));
#83 = PLANE('',#84);
#84 = AXIS2_PLACEMENT_3D('',#85,#86,#87);
#85 = CARTESIAN_POINT('',(25.6,-2.74,8.));
#86 = DIRECTION('',(0.,-1.,1.2E-16));
#87 = DIRECTION('',(-1.,0.,0.));
#88 = ADVANCED_FACE('',(#89),#131,.F.);
#89 = FACE_BOUND('',#90,.F.);
#90 = EDGE_LOOP('',(#91,#101,#107,#108,#109,#117,#125));
#91 = ORIENTED_EDGE('',*,*,#92,.F.);
#92 = EDGE_CURVE('',#93,#95,#97,.T.);
#93 = VERTEX_POINT('',#94);
#94 = CARTESIAN_POINT('',(-22.66,-3.5,-5.88E-32));
#95 = VERTEX_POINT('',#96);
#96 = CARTESIAN_POINT('',(-22.66,-0.2,-1.176E-31));
#97 = LINE('',#98,#99);
#98 = CARTESIAN_POINT('',(-22.66,-5.06213,-1.176E-31));
#99 = VECTOR('',#100,1.);
#100 = DIRECTION('',(0.,1.,0.));
#101 = ORIENTED_EDGE('',*,*,#102,.F.);
#102 = EDGE_CURVE('',#40,#93,#103,.T.);
#103 = LINE('',#104,#105);
#104 = CARTESIAN_POINT('',(-22.66,-3.5,-4.6082835E-16));
#105 = VECTOR('',#106,1.);
#106 = DIRECTION('',(-0.,-5.9E-16,-1.));
#107 = ORIENTED_EDGE('',*,*,#47,.F.);
#108 = ORIENTED_EDGE('',*,*,#62,.F.);
#109 = ORIENTED_EDGE('',*,*,#110,.T.);
#110 = EDGE_CURVE('',#63,#111,#113,.T.);
#111 = VERTEX_POINT('',#112);
#112 = CARTESIAN_POINT('',(-22.66,-2.34,8.));
#113 = LINE('',#114,#115);
#114 = CARTESIAN_POINT('',(-22.66,-2.531065,8.));
#115 = VECTOR('',#116,1.);
#116 = DIRECTION('',(0.,1.,-1.2E-16));
#117 = ORIENTED_EDGE('',*,*,#118,.F.);
#118 = EDGE_CURVE('',#119,#111,#121,.T.);
#119 = VERTEX_POINT('',#120);
#120 = CARTESIAN_POINT('',(-22.66,-0.2,8.));
#121 = LINE('',#122,#123);
#122 = CARTESIAN_POINT('',(-22.66,-0.97,8.));
#123 = VECTOR('',#124,1.);
#124 = DIRECTION('',(0.,-1.,1.2E-16));
#125 = ORIENTED_EDGE('',*,*,#126,.F.);
#126 = EDGE_CURVE('',#95,#119,#127,.T.);
#127 = LINE('',#128,#129);
#128 = CARTESIAN_POINT('',(-22.66,-0.2,-1.176E-31));
#129 = VECTOR('',#130,1.);
#130 = DIRECTION('',(0.,0.,1.));
#131 = PLANE('',#132);
#132 = AXIS2_PLACEMENT_3D('',#133,#134,#135);
#133 = CARTESIAN_POINT('',(-22.66,-5.06213,-1.176E-31));
#134 = DIRECTION('',(-1.,0.,0.));
#135 = DIRECTION('',(0.,1.,0.));
#136 = ADVANCED_FACE('',(#137),#155,.T.);
#137 = FACE_BOUND('',#138,.T.);
#138 = EDGE_LOOP('',(#139,#140,#148,#154));
#139 = ORIENTED_EDGE('',*,*,#39,.F.);
#140 = ORIENTED_EDGE('',*,*,#141,.T.);
#141 = EDGE_CURVE('',#32,#142,#144,.T.);
#142 = VERTEX_POINT('',#143);
#143 = CARTESIAN_POINT('',(-25.5,-3.5,0.));
#144 = LINE('',#145,#146);
#145 = CARTESIAN_POINT('',(-25.5,-3.5,4.));
#146 = VECTOR('',#147,1.);
#147 = DIRECTION('',(0.,-5.9E-16,-1.));
#148 = ORIENTED_EDGE('',*,*,#149,.F.);
#149 = EDGE_CURVE('',#93,#142,#150,.T.);
#150 = LINE('',#151,#152);
#151 = CARTESIAN_POINT('',(26.36,-3.5,0.));
#152 = VECTOR('',#153,1.);
#153 = DIRECTION('',(-1.,0.,0.));
#154 = ORIENTED_EDGE('',*,*,#102,.F.);
#155 = PLANE('',#156);
#156 = AXIS2_PLACEMENT_3D('',#157,#158,#159);
#157 = CARTESIAN_POINT('',(26.36,-3.5,0.));
#158 = DIRECTION('',(0.,-1.,5.9E-16));
#159 = DIRECTION('',(-5.6E-16,5.9E-16,1.));
#160 = ADVANCED_FACE('',(#161),#204,.F.);
#161 = FACE_BOUND('',#162,.T.);
#162 = EDGE_LOOP('',(#163,#164,#165,#173,#181,#189,#197,#203));
#163 = ORIENTED_EDGE('',*,*,#31,.F.);
#164 = ORIENTED_EDGE('',*,*,#78,.F.);
#165 = ORIENTED_EDGE('',*,*,#166,.F.);
#166 = EDGE_CURVE('',#167,#71,#169,.T.);
#167 = VERTEX_POINT('',#168);
#168 = CARTESIAN_POINT('',(-25.5,2.74,8.));
#169 = LINE('',#170,#171);
#170 = CARTESIAN_POINT('',(-25.5,1.75,8.));
#171 = VECTOR('',#172,1.);
#172 = DIRECTION('',(0.,-1.,1.2E-16));
#173 = ORIENTED_EDGE('',*,*,#174,.F.);
#174 = EDGE_CURVE('',#175,#167,#177,.T.);
#175 = VERTEX_POINT('',#176);
#176 = CARTESIAN_POINT('',(-25.5,2.74,1.06));
#177 = LINE('',#178,#179);
#178 = CARTESIAN_POINT('',(-25.5,2.74,8.));
#179 = VECTOR('',#180,1.);
#180 = DIRECTION('',(0.,1.2E-16,1.));
#181 = ORIENTED_EDGE('',*,*,#182,.F.);
#182 = EDGE_CURVE('',#183,#175,#185,.T.);
#183 = VERTEX_POINT('',#184);
#184 = CARTESIAN_POINT('',(-25.5,3.5,0.3));
#185 = LINE('',#186,#187);
#186 = CARTESIAN_POINT('',(-25.5,1.385,2.415));
#187 = VECTOR('',#188,1.);
#188 = DIRECTION('',(0.,-0.707106781187,0.707106781187));
#189 = ORIENTED_EDGE('',*,*,#190,.F.);
#190 = EDGE_CURVE('',#191,#183,#193,.T.);
#191 = VERTEX_POINT('',#192);
#192 = CARTESIAN_POINT('',(-25.5,3.5,0.));
#193 = LINE('',#194,#195);
#194 = CARTESIAN_POINT('',(-25.5,3.5,4.));
#195 = VECTOR('',#196,1.);
#196 = DIRECTION('',(0.,-3.4E-16,1.));
#197 = ORIENTED_EDGE('',*,*,#198,.F.);
#198 = EDGE_CURVE('',#142,#191,#199,.T.);
#199 = LINE('',#200,#201);
#200 = CARTESIAN_POINT('',(-25.5,1.75,0.));
#201 = VECTOR('',#202,1.);
#202 = DIRECTION('',(0.,1.,-1.2E-16));
#203 = ORIENTED_EDGE('',*,*,#141,.F.);
#204 = PLANE('',#205);
#205 = AXIS2_PLACEMENT_3D('',#206,#207,#208);
#206 = CARTESIAN_POINT('',(-25.5,3.5,8.));
#207 = DIRECTION('',(1.,0.,0.));
#208 = DIRECTION('',(0.,-1.,1.4E-16));
#209 = ADVANCED_FACE('',(#210,#294,#328,#362,#396,#430,#464,#498,#532,
    #566,#600,#634,#668,#702,#736,#770,#804,#838,#872,#906,#940,#974,
    #1008,#1042,#1076,#1110,#1144,#1178,#1212,#1246,#1280,#1314,#1348,
    #1382,#1416,#1450,#1484,#1518),#1552,.F.);
#210 = FACE_BOUND('',#211,.F.);
#211 = EDGE_LOOP('',(#212,#222,#230,#238,#246,#254,#262,#270,#278,#284,
    #285,#286,#287,#288));
#212 = ORIENTED_EDGE('',*,*,#213,.F.);
#213 = EDGE_CURVE('',#214,#216,#218,.T.);
#214 = VERTEX_POINT('',#215);
#215 = CARTESIAN_POINT('',(25.5,-2.74,8.));
#216 = VERTEX_POINT('',#217);
#217 = CARTESIAN_POINT('',(25.5,2.74,8.));
#218 = LINE('',#219,#220);
#219 = CARTESIAN_POINT('',(25.5,-1.75,8.));
#220 = VECTOR('',#221,1.);
#221 = DIRECTION('',(0.,1.,-1.2E-16));
#222 = ORIENTED_EDGE('',*,*,#223,.T.);
#223 = EDGE_CURVE('',#214,#224,#226,.T.);
#224 = VERTEX_POINT('',#225);
#225 = CARTESIAN_POINT('',(-15.44,-2.74,8.));
#226 = LINE('',#227,#228);
#227 = CARTESIAN_POINT('',(25.6,-2.74,8.));
#228 = VECTOR('',#229,1.);
#229 = DIRECTION('',(-1.,0.,0.));
#230 = ORIENTED_EDGE('',*,*,#231,.F.);
#231 = EDGE_CURVE('',#232,#224,#234,.T.);
#232 = VERTEX_POINT('',#233);
#233 = CARTESIAN_POINT('',(-15.44,-2.34,8.));
#234 = LINE('',#235,#236);
#235 = CARTESIAN_POINT('',(-15.44,-1.E-01,8.));
#236 = VECTOR('',#237,1.);
#237 = DIRECTION('',(0.,-1.,1.2E-16));
#238 = ORIENTED_EDGE('',*,*,#239,.T.);
#239 = EDGE_CURVE('',#232,#240,#242,.T.);
#240 = VERTEX_POINT('',#241);
#241 = CARTESIAN_POINT('',(-15.44,-0.2,8.));
#242 = LINE('',#243,#244);
#243 = CARTESIAN_POINT('',(-15.44,-0.3,8.));
#244 = VECTOR('',#245,1.);
#245 = DIRECTION('',(0.,1.,-1.2E-16));
#246 = ORIENTED_EDGE('',*,*,#247,.T.);
#247 = EDGE_CURVE('',#240,#248,#250,.T.);
#248 = VERTEX_POINT('',#249);
#249 = CARTESIAN_POINT('',(-17.58,-0.2,8.));
#250 = LINE('',#251,#252);
#251 = CARTESIAN_POINT('',(-8.59,-0.2,8.));
#252 = VECTOR('',#253,1.);
#253 = DIRECTION('',(-1.,2.1E-16,0.));
#254 = ORIENTED_EDGE('',*,*,#255,.F.);
#255 = EDGE_CURVE('',#256,#248,#258,.T.);
#256 = VERTEX_POINT('',#257);
#257 = CARTESIAN_POINT('',(-17.98,-0.2,8.));
#258 = LINE('',#259,#260);
#259 = CARTESIAN_POINT('',(-11.33,-0.2,8.));
#260 = VECTOR('',#261,1.);
#261 = DIRECTION('',(1.,0.,0.));
#262 = ORIENTED_EDGE('',*,*,#263,.T.);
#263 = EDGE_CURVE('',#256,#264,#266,.T.);
#264 = VERTEX_POINT('',#265);
#265 = CARTESIAN_POINT('',(-20.12,-0.2,8.));
#266 = LINE('',#267,#268);
#267 = CARTESIAN_POINT('',(-9.86,-0.2,8.));
#268 = VECTOR('',#269,1.);
#269 = DIRECTION('',(-1.,2.1E-16,0.));
#270 = ORIENTED_EDGE('',*,*,#271,.F.);
#271 = EDGE_CURVE('',#272,#264,#274,.T.);
#272 = VERTEX_POINT('',#273);
#273 = CARTESIAN_POINT('',(-20.52,-0.2,8.));
#274 = LINE('',#275,#276);
#275 = CARTESIAN_POINT('',(-11.33,-0.2,8.));
#276 = VECTOR('',#277,1.);
#277 = DIRECTION('',(1.,0.,0.));
#278 = ORIENTED_EDGE('',*,*,#279,.T.);
#279 = EDGE_CURVE('',#272,#119,#280,.T.);
#280 = LINE('',#281,#282);
#281 = CARTESIAN_POINT('',(-11.13,-0.2,8.));
#282 = VECTOR('',#283,1.);
#283 = DIRECTION('',(-1.,2.1E-16,0.));
#284 = ORIENTED_EDGE('',*,*,#118,.T.);
#285 = ORIENTED_EDGE('',*,*,#110,.F.);
#286 = ORIENTED_EDGE('',*,*,#70,.T.);
#287 = ORIENTED_EDGE('',*,*,#166,.F.);
#288 = ORIENTED_EDGE('',*,*,#289,.T.);
#289 = EDGE_CURVE('',#167,#216,#290,.T.);
#290 = LINE('',#291,#292);
#291 = CARTESIAN_POINT('',(-25.6,2.74,8.));
#292 = VECTOR('',#293,1.);
#293 = DIRECTION('',(1.,0.,0.));
#294 = FACE_BOUND('',#295,.F.);
#295 = EDGE_LOOP('',(#296,#306,#314,#322));
#296 = ORIENTED_EDGE('',*,*,#297,.T.);
#297 = EDGE_CURVE('',#298,#300,#302,.T.);
#298 = VERTEX_POINT('',#299);
#299 = CARTESIAN_POINT('',(-23.06,0.2,8.));
#300 = VERTEX_POINT('',#301);
#301 = CARTESIAN_POINT('',(-23.06,2.34,8.));
#302 = LINE('',#303,#304);
#303 = CARTESIAN_POINT('',(-23.06,0.97,8.));
#304 = VECTOR('',#305,1.);
#305 = DIRECTION('',(0.,1.,-1.2E-16));
#306 = ORIENTED_EDGE('',*,*,#307,.T.);
#307 = EDGE_CURVE('',#300,#308,#310,.T.);
#308 = VERTEX_POINT('',#309);
#309 = CARTESIAN_POINT('',(-25.2,2.34,8.));
#310 = LINE('',#311,#312);
#311 = CARTESIAN_POINT('',(-12.4,2.34,8.));
#312 = VECTOR('',#313,1.);
#313 = DIRECTION('',(-1.,2.1E-16,0.));
#314 = ORIENTED_EDGE('',*,*,#315,.T.);
#315 = EDGE_CURVE('',#308,#316,#318,.T.);
#316 = VERTEX_POINT('',#317);
#317 = CARTESIAN_POINT('',(-25.2,0.2,8.));
#318 = LINE('',#319,#320);
#319 = CARTESIAN_POINT('',(-25.2,0.3,8.));
#320 = VECTOR('',#321,1.);
#321 = DIRECTION('',(0.,-1.,1.2E-16));
#322 = ORIENTED_EDGE('',*,*,#323,.T.);
#323 = EDGE_CURVE('',#316,#298,#324,.T.);
#324 = LINE('',#325,#326);
#325 = CARTESIAN_POINT('',(-11.73,0.2,8.));
#326 = VECTOR('',#327,1.);
#327 = DIRECTION('',(1.,-2.1E-16,0.));
#328 = FACE_BOUND('',#329,.F.);
#329 = EDGE_LOOP('',(#330,#340,#348,#356));
#330 = ORIENTED_EDGE('',*,*,#331,.T.);
#331 = EDGE_CURVE('',#332,#334,#336,.T.);
#332 = VERTEX_POINT('',#333);
#333 = CARTESIAN_POINT('',(-20.52,0.2,8.));
#334 = VERTEX_POINT('',#335);
#335 = CARTESIAN_POINT('',(-20.52,2.34,8.));
#336 = LINE('',#337,#338);
#337 = CARTESIAN_POINT('',(-20.52,0.97,8.));
#338 = VECTOR('',#339,1.);
#339 = DIRECTION('',(0.,1.,-1.2E-16));
#340 = ORIENTED_EDGE('',*,*,#341,.T.);
#341 = EDGE_CURVE('',#334,#342,#344,.T.);
#342 = VERTEX_POINT('',#343);
#343 = CARTESIAN_POINT('',(-22.66,2.34,8.));
#344 = LINE('',#345,#346);
#345 = CARTESIAN_POINT('',(-11.13,2.34,8.));
#346 = VECTOR('',#347,1.);
#347 = DIRECTION('',(-1.,2.1E-16,0.));
#348 = ORIENTED_EDGE('',*,*,#349,.T.);
#349 = EDGE_CURVE('',#342,#350,#352,.T.);
#350 = VERTEX_POINT('',#351);
#351 = CARTESIAN_POINT('',(-22.66,0.2,8.));
#352 = LINE('',#353,#354);
#353 = CARTESIAN_POINT('',(-22.66,0.3,8.));
#354 = VECTOR('',#355,1.);
#355 = DIRECTION('',(0.,-1.,1.2E-16));
#356 = ORIENTED_EDGE('',*,*,#357,.T.);
#357 = EDGE_CURVE('',#350,#332,#358,.T.);
#358 = LINE('',#359,#360);
#359 = CARTESIAN_POINT('',(-10.46,0.2,8.));
#360 = VECTOR('',#361,1.);
#361 = DIRECTION('',(1.,-2.1E-16,0.));
#362 = FACE_BOUND('',#363,.F.);
#363 = EDGE_LOOP('',(#364,#374,#382,#390));
#364 = ORIENTED_EDGE('',*,*,#365,.T.);
#365 = EDGE_CURVE('',#366,#368,#370,.T.);
#366 = VERTEX_POINT('',#367);
#367 = CARTESIAN_POINT('',(-17.98,0.2,8.));
#368 = VERTEX_POINT('',#369);
#369 = CARTESIAN_POINT('',(-17.98,2.34,8.));
#370 = LINE('',#371,#372);
#371 = CARTESIAN_POINT('',(-17.98,0.97,8.));
#372 = VECTOR('',#373,1.);
#373 = DIRECTION('',(0.,1.,-1.2E-16));
#374 = ORIENTED_EDGE('',*,*,#375,.T.);
#375 = EDGE_CURVE('',#368,#376,#378,.T.);
#376 = VERTEX_POINT('',#377);
#377 = CARTESIAN_POINT('',(-20.12,2.34,8.));
#378 = LINE('',#379,#380);
#379 = CARTESIAN_POINT('',(-9.86,2.34,8.));
#380 = VECTOR('',#381,1.);
#381 = DIRECTION('',(-1.,2.1E-16,0.));
#382 = ORIENTED_EDGE('',*,*,#383,.T.);
#383 = EDGE_CURVE('',#376,#384,#386,.T.);
#384 = VERTEX_POINT('',#385);
#385 = CARTESIAN_POINT('',(-20.12,0.2,8.));
#386 = LINE('',#387,#388);
#387 = CARTESIAN_POINT('',(-20.12,0.3,8.));
#388 = VECTOR('',#389,1.);
#389 = DIRECTION('',(0.,-1.,1.2E-16));
#390 = ORIENTED_EDGE('',*,*,#391,.T.);
#391 = EDGE_CURVE('',#384,#366,#392,.T.);
#392 = LINE('',#393,#394);
#393 = CARTESIAN_POINT('',(-9.19,0.2,8.));
#394 = VECTOR('',#395,1.);
#395 = DIRECTION('',(1.,-2.1E-16,0.));
#396 = FACE_BOUND('',#397,.F.);
#397 = EDGE_LOOP('',(#398,#408,#416,#424));
#398 = ORIENTED_EDGE('',*,*,#399,.T.);
#399 = EDGE_CURVE('',#400,#402,#404,.T.);
#400 = VERTEX_POINT('',#401);
#401 = CARTESIAN_POINT('',(-15.44,0.2,8.));
#402 = VERTEX_POINT('',#403);
#403 = CARTESIAN_POINT('',(-15.44,2.34,8.));
#404 = LINE('',#405,#406);
#405 = CARTESIAN_POINT('',(-15.44,0.97,8.));
#406 = VECTOR('',#407,1.);
#407 = DIRECTION('',(0.,1.,-1.2E-16));
#408 = ORIENTED_EDGE('',*,*,#409,.T.);
#409 = EDGE_CURVE('',#402,#410,#412,.T.);
#410 = VERTEX_POINT('',#411);
#411 = CARTESIAN_POINT('',(-17.58,2.34,8.));
#412 = LINE('',#413,#414);
#413 = CARTESIAN_POINT('',(-8.59,2.34,8.));
#414 = VECTOR('',#415,1.);
#415 = DIRECTION('',(-1.,2.1E-16,0.));
#416 = ORIENTED_EDGE('',*,*,#417,.T.);
#417 = EDGE_CURVE('',#410,#418,#420,.T.);
#418 = VERTEX_POINT('',#419);
#419 = CARTESIAN_POINT('',(-17.58,0.2,8.));
#420 = LINE('',#421,#422);
#421 = CARTESIAN_POINT('',(-17.58,0.3,8.));
#422 = VECTOR('',#423,1.);
#423 = DIRECTION('',(0.,-1.,1.2E-16));
#424 = ORIENTED_EDGE('',*,*,#425,.T.);
#425 = EDGE_CURVE('',#418,#400,#426,.T.);
#426 = LINE('',#427,#428);
#427 = CARTESIAN_POINT('',(-7.92,0.2,8.));
#428 = VECTOR('',#429,1.);
#429 = DIRECTION('',(1.,-2.1E-16,0.));
#430 = FACE_BOUND('',#431,.F.);
#431 = EDGE_LOOP('',(#432,#442,#450,#458));
#432 = ORIENTED_EDGE('',*,*,#433,.T.);
#433 = EDGE_CURVE('',#434,#436,#438,.T.);
#434 = VERTEX_POINT('',#435);
#435 = CARTESIAN_POINT('',(-12.9,0.2,8.));
#436 = VERTEX_POINT('',#437);
#437 = CARTESIAN_POINT('',(-12.9,2.34,8.));
#438 = LINE('',#439,#440);
#439 = CARTESIAN_POINT('',(-12.9,0.97,8.));
#440 = VECTOR('',#441,1.);
#441 = DIRECTION('',(0.,1.,-1.2E-16));
#442 = ORIENTED_EDGE('',*,*,#443,.T.);
#443 = EDGE_CURVE('',#436,#444,#446,.T.);
#444 = VERTEX_POINT('',#445);
#445 = CARTESIAN_POINT('',(-15.04,2.34,8.));
#446 = LINE('',#447,#448);
#447 = CARTESIAN_POINT('',(-7.32,2.34,8.));
#448 = VECTOR('',#449,1.);
#449 = DIRECTION('',(-1.,2.1E-16,0.));
#450 = ORIENTED_EDGE('',*,*,#451,.T.);
#451 = EDGE_CURVE('',#444,#452,#454,.T.);
#452 = VERTEX_POINT('',#453);
#453 = CARTESIAN_POINT('',(-15.04,0.2,8.));
#454 = LINE('',#455,#456);
#455 = CARTESIAN_POINT('',(-15.04,0.3,8.));
#456 = VECTOR('',#457,1.);
#457 = DIRECTION('',(0.,-1.,1.2E-16));
#458 = ORIENTED_EDGE('',*,*,#459,.T.);
#459 = EDGE_CURVE('',#452,#434,#460,.T.);
#460 = LINE('',#461,#462);
#461 = CARTESIAN_POINT('',(-6.65,0.2,8.));
#462 = VECTOR('',#463,1.);
#463 = DIRECTION('',(1.,-2.1E-16,0.));
#464 = FACE_BOUND('',#465,.F.);
#465 = EDGE_LOOP('',(#466,#476,#484,#492));
#466 = ORIENTED_EDGE('',*,*,#467,.T.);
#467 = EDGE_CURVE('',#468,#470,#472,.T.);
#468 = VERTEX_POINT('',#469);
#469 = CARTESIAN_POINT('',(-10.36,0.2,8.));
#470 = VERTEX_POINT('',#471);
#471 = CARTESIAN_POINT('',(-10.36,2.34,8.));
#472 = LINE('',#473,#474);
#473 = CARTESIAN_POINT('',(-10.36,0.97,8.));
#474 = VECTOR('',#475,1.);
#475 = DIRECTION('',(0.,1.,-1.2E-16));
#476 = ORIENTED_EDGE('',*,*,#477,.T.);
#477 = EDGE_CURVE('',#470,#478,#480,.T.);
#478 = VERTEX_POINT('',#479);
#479 = CARTESIAN_POINT('',(-12.5,2.34,8.));
#480 = LINE('',#481,#482);
#481 = CARTESIAN_POINT('',(-6.05,2.34,8.));
#482 = VECTOR('',#483,1.);
#483 = DIRECTION('',(-1.,2.1E-16,0.));
#484 = ORIENTED_EDGE('',*,*,#485,.T.);
#485 = EDGE_CURVE('',#478,#486,#488,.T.);
#486 = VERTEX_POINT('',#487);
#487 = CARTESIAN_POINT('',(-12.5,0.2,8.));
#488 = LINE('',#489,#490);
#489 = CARTESIAN_POINT('',(-12.5,0.3,8.));
#490 = VECTOR('',#491,1.);
#491 = DIRECTION('',(0.,-1.,1.2E-16));
#492 = ORIENTED_EDGE('',*,*,#493,.T.);
#493 = EDGE_CURVE('',#486,#468,#494,.T.);
#494 = LINE('',#495,#496);
#495 = CARTESIAN_POINT('',(-5.38,0.2,8.));
#496 = VECTOR('',#497,1.);
#497 = DIRECTION('',(1.,-2.1E-16,0.));
#498 = FACE_BOUND('',#499,.F.);
#499 = EDGE_LOOP('',(#500,#510,#518,#526));
#500 = ORIENTED_EDGE('',*,*,#501,.T.);
#501 = EDGE_CURVE('',#502,#504,#506,.T.);
#502 = VERTEX_POINT('',#503);
#503 = CARTESIAN_POINT('',(-7.82,0.2,8.));
#504 = VERTEX_POINT('',#505);
#505 = CARTESIAN_POINT('',(-7.82,2.34,8.));
#506 = LINE('',#507,#508);
#507 = CARTESIAN_POINT('',(-7.82,0.97,8.));
#508 = VECTOR('',#509,1.);
#509 = DIRECTION('',(0.,1.,-1.2E-16));
#510 = ORIENTED_EDGE('',*,*,#511,.T.);
#511 = EDGE_CURVE('',#504,#512,#514,.T.);
#512 = VERTEX_POINT('',#513);
#513 = CARTESIAN_POINT('',(-9.96,2.34,8.));
#514 = LINE('',#515,#516);
#515 = CARTESIAN_POINT('',(-4.78,2.34,8.));
#516 = VECTOR('',#517,1.);
#517 = DIRECTION('',(-1.,2.1E-16,0.));
#518 = ORIENTED_EDGE('',*,*,#519,.T.);
#519 = EDGE_CURVE('',#512,#520,#522,.T.);
#520 = VERTEX_POINT('',#521);
#521 = CARTESIAN_POINT('',(-9.96,0.2,8.));
#522 = LINE('',#523,#524);
#523 = CARTESIAN_POINT('',(-9.96,0.3,8.));
#524 = VECTOR('',#525,1.);
#525 = DIRECTION('',(0.,-1.,1.2E-16));
#526 = ORIENTED_EDGE('',*,*,#527,.T.);
#527 = EDGE_CURVE('',#520,#502,#528,.T.);
#528 = LINE('',#529,#530);
#529 = CARTESIAN_POINT('',(-4.11,0.2,8.));
#530 = VECTOR('',#531,1.);
#531 = DIRECTION('',(1.,-2.1E-16,0.));
#532 = FACE_BOUND('',#533,.F.);
#533 = EDGE_LOOP('',(#534,#544,#552,#560));
#534 = ORIENTED_EDGE('',*,*,#535,.T.);
#535 = EDGE_CURVE('',#536,#538,#540,.T.);
#536 = VERTEX_POINT('',#537);
#537 = CARTESIAN_POINT('',(-5.28,0.2,8.));
#538 = VERTEX_POINT('',#539);
#539 = CARTESIAN_POINT('',(-5.28,2.34,8.));
#540 = LINE('',#541,#542);
#541 = CARTESIAN_POINT('',(-5.28,0.97,8.));
#542 = VECTOR('',#543,1.);
#543 = DIRECTION('',(0.,1.,-1.2E-16));
#544 = ORIENTED_EDGE('',*,*,#545,.T.);
#545 = EDGE_CURVE('',#538,#546,#548,.T.);
#546 = VERTEX_POINT('',#547);
#547 = CARTESIAN_POINT('',(-7.42,2.34,8.));
#548 = LINE('',#549,#550);
#549 = CARTESIAN_POINT('',(-3.51,2.34,8.));
#550 = VECTOR('',#551,1.);
#551 = DIRECTION('',(-1.,2.1E-16,0.));
#552 = ORIENTED_EDGE('',*,*,#553,.T.);
#553 = EDGE_CURVE('',#546,#554,#556,.T.);
#554 = VERTEX_POINT('',#555);
#555 = CARTESIAN_POINT('',(-7.42,0.2,8.));
#556 = LINE('',#557,#558);
#557 = CARTESIAN_POINT('',(-7.42,0.3,8.));
#558 = VECTOR('',#559,1.);
#559 = DIRECTION('',(0.,-1.,1.2E-16));
#560 = ORIENTED_EDGE('',*,*,#561,.T.);
#561 = EDGE_CURVE('',#554,#536,#562,.T.);
#562 = LINE('',#563,#564);
#563 = CARTESIAN_POINT('',(-2.84,0.2,8.));
#564 = VECTOR('',#565,1.);
#565 = DIRECTION('',(1.,-2.1E-16,0.));
#566 = FACE_BOUND('',#567,.F.);
#567 = EDGE_LOOP('',(#568,#578,#586,#594));
#568 = ORIENTED_EDGE('',*,*,#569,.T.);
#569 = EDGE_CURVE('',#570,#572,#574,.T.);
#570 = VERTEX_POINT('',#571);
#571 = CARTESIAN_POINT('',(-2.74,0.2,8.));
#572 = VERTEX_POINT('',#573);
#573 = CARTESIAN_POINT('',(-2.74,2.34,8.));
#574 = LINE('',#575,#576);
#575 = CARTESIAN_POINT('',(-2.74,0.97,8.));
#576 = VECTOR('',#577,1.);
#577 = DIRECTION('',(0.,1.,-1.2E-16));
#578 = ORIENTED_EDGE('',*,*,#579,.T.);
#579 = EDGE_CURVE('',#572,#580,#582,.T.);
#580 = VERTEX_POINT('',#581);
#581 = CARTESIAN_POINT('',(-4.88,2.34,8.));
#582 = LINE('',#583,#584);
#583 = CARTESIAN_POINT('',(-2.24,2.34,8.));
#584 = VECTOR('',#585,1.);
#585 = DIRECTION('',(-1.,2.1E-16,0.));
#586 = ORIENTED_EDGE('',*,*,#587,.T.);
#587 = EDGE_CURVE('',#580,#588,#590,.T.);
#588 = VERTEX_POINT('',#589);
#589 = CARTESIAN_POINT('',(-4.88,0.2,8.));
#590 = LINE('',#591,#592);
#591 = CARTESIAN_POINT('',(-4.88,0.3,8.));
#592 = VECTOR('',#593,1.);
#593 = DIRECTION('',(0.,-1.,1.2E-16));
#594 = ORIENTED_EDGE('',*,*,#595,.T.);
#595 = EDGE_CURVE('',#588,#570,#596,.T.);
#596 = LINE('',#597,#598);
#597 = CARTESIAN_POINT('',(-1.57,0.2,8.));
#598 = VECTOR('',#599,1.);
#599 = DIRECTION('',(1.,-2.1E-16,0.));
#600 = FACE_BOUND('',#601,.F.);
#601 = EDGE_LOOP('',(#602,#612,#620,#628));
#602 = ORIENTED_EDGE('',*,*,#603,.T.);
#603 = EDGE_CURVE('',#604,#606,#608,.T.);
#604 = VERTEX_POINT('',#605);
#605 = CARTESIAN_POINT('',(-0.2,0.2,8.));
#606 = VERTEX_POINT('',#607);
#607 = CARTESIAN_POINT('',(-0.2,2.34,8.));
#608 = LINE('',#609,#610);
#609 = CARTESIAN_POINT('',(-0.2,0.97,8.));
#610 = VECTOR('',#611,1.);
#611 = DIRECTION('',(0.,1.,-1.2E-16));
#612 = ORIENTED_EDGE('',*,*,#613,.T.);
#613 = EDGE_CURVE('',#606,#614,#616,.T.);
#614 = VERTEX_POINT('',#615);
#615 = CARTESIAN_POINT('',(-2.34,2.34,8.));
#616 = LINE('',#617,#618);
#617 = CARTESIAN_POINT('',(-0.97,2.34,8.));
#618 = VECTOR('',#619,1.);
#619 = DIRECTION('',(-1.,2.1E-16,0.));
#620 = ORIENTED_EDGE('',*,*,#621,.T.);
#621 = EDGE_CURVE('',#614,#622,#624,.T.);
#622 = VERTEX_POINT('',#623);
#623 = CARTESIAN_POINT('',(-2.34,0.2,8.));
#624 = LINE('',#625,#626);
#625 = CARTESIAN_POINT('',(-2.34,0.3,8.));
#626 = VECTOR('',#627,1.);
#627 = DIRECTION('',(0.,-1.,1.2E-16));
#628 = ORIENTED_EDGE('',*,*,#629,.T.);
#629 = EDGE_CURVE('',#622,#604,#630,.T.);
#630 = LINE('',#631,#632);
#631 = CARTESIAN_POINT('',(-0.3,0.2,8.));
#632 = VECTOR('',#633,1.);
#633 = DIRECTION('',(1.,-2.1E-16,0.));
#634 = FACE_BOUND('',#635,.F.);
#635 = EDGE_LOOP('',(#636,#646,#654,#662));
#636 = ORIENTED_EDGE('',*,*,#637,.T.);
#637 = EDGE_CURVE('',#638,#640,#642,.T.);
#638 = VERTEX_POINT('',#639);
#639 = CARTESIAN_POINT('',(2.34,0.2,8.));
#640 = VERTEX_POINT('',#641);
#641 = CARTESIAN_POINT('',(2.34,2.34,8.));
#642 = LINE('',#643,#644);
#643 = CARTESIAN_POINT('',(2.34,0.97,8.));
#644 = VECTOR('',#645,1.);
#645 = DIRECTION('',(0.,1.,-1.2E-16));
#646 = ORIENTED_EDGE('',*,*,#647,.T.);
#647 = EDGE_CURVE('',#640,#648,#650,.T.);
#648 = VERTEX_POINT('',#649);
#649 = CARTESIAN_POINT('',(0.2,2.34,8.));
#650 = LINE('',#651,#652);
#651 = CARTESIAN_POINT('',(0.3,2.34,8.));
#652 = VECTOR('',#653,1.);
#653 = DIRECTION('',(-1.,2.1E-16,0.));
#654 = ORIENTED_EDGE('',*,*,#655,.T.);
#655 = EDGE_CURVE('',#648,#656,#658,.T.);
#656 = VERTEX_POINT('',#657);
#657 = CARTESIAN_POINT('',(0.2,0.2,8.));
#658 = LINE('',#659,#660);
#659 = CARTESIAN_POINT('',(0.2,0.3,8.));
#660 = VECTOR('',#661,1.);
#661 = DIRECTION('',(0.,-1.,1.2E-16));
#662 = ORIENTED_EDGE('',*,*,#663,.T.);
#663 = EDGE_CURVE('',#656,#638,#664,.T.);
#664 = LINE('',#665,#666);
#665 = CARTESIAN_POINT('',(0.97,0.2,8.));
#666 = VECTOR('',#667,1.);
#667 = DIRECTION('',(1.,-2.1E-16,0.));
#668 = FACE_BOUND('',#669,.F.);
#669 = EDGE_LOOP('',(#670,#680,#688,#696));
#670 = ORIENTED_EDGE('',*,*,#671,.T.);
#671 = EDGE_CURVE('',#672,#674,#676,.T.);
#672 = VERTEX_POINT('',#673);
#673 = CARTESIAN_POINT('',(4.88,0.2,8.));
#674 = VERTEX_POINT('',#675);
#675 = CARTESIAN_POINT('',(4.88,2.34,8.));
#676 = LINE('',#677,#678);
#677 = CARTESIAN_POINT('',(4.88,0.97,8.));
#678 = VECTOR('',#679,1.);
#679 = DIRECTION('',(0.,1.,-1.2E-16));
#680 = ORIENTED_EDGE('',*,*,#681,.T.);
#681 = EDGE_CURVE('',#674,#682,#684,.T.);
#682 = VERTEX_POINT('',#683);
#683 = CARTESIAN_POINT('',(2.74,2.34,8.));
#684 = LINE('',#685,#686);
#685 = CARTESIAN_POINT('',(1.57,2.34,8.));
#686 = VECTOR('',#687,1.);
#687 = DIRECTION('',(-1.,2.1E-16,0.));
#688 = ORIENTED_EDGE('',*,*,#689,.T.);
#689 = EDGE_CURVE('',#682,#690,#692,.T.);
#690 = VERTEX_POINT('',#691);
#691 = CARTESIAN_POINT('',(2.74,0.2,8.));
#692 = LINE('',#693,#694);
#693 = CARTESIAN_POINT('',(2.74,0.3,8.));
#694 = VECTOR('',#695,1.);
#695 = DIRECTION('',(0.,-1.,1.2E-16));
#696 = ORIENTED_EDGE('',*,*,#697,.T.);
#697 = EDGE_CURVE('',#690,#672,#698,.T.);
#698 = LINE('',#699,#700);
#699 = CARTESIAN_POINT('',(2.24,0.2,8.));
#700 = VECTOR('',#701,1.);
#701 = DIRECTION('',(1.,-2.1E-16,0.));
#702 = FACE_BOUND('',#703,.F.);
#703 = EDGE_LOOP('',(#704,#714,#722,#730));
#704 = ORIENTED_EDGE('',*,*,#705,.T.);
#705 = EDGE_CURVE('',#706,#708,#710,.T.);
#706 = VERTEX_POINT('',#707);
#707 = CARTESIAN_POINT('',(7.42,0.2,8.));
#708 = VERTEX_POINT('',#709);
#709 = CARTESIAN_POINT('',(7.42,2.34,8.));
#710 = LINE('',#711,#712);
#711 = CARTESIAN_POINT('',(7.42,0.97,8.));
#712 = VECTOR('',#713,1.);
#713 = DIRECTION('',(0.,1.,-1.2E-16));
#714 = ORIENTED_EDGE('',*,*,#715,.T.);
#715 = EDGE_CURVE('',#708,#716,#718,.T.);
#716 = VERTEX_POINT('',#717);
#717 = CARTESIAN_POINT('',(5.28,2.34,8.));
#718 = LINE('',#719,#720);
#719 = CARTESIAN_POINT('',(2.84,2.34,8.));
#720 = VECTOR('',#721,1.);
#721 = DIRECTION('',(-1.,2.1E-16,0.));
#722 = ORIENTED_EDGE('',*,*,#723,.T.);
#723 = EDGE_CURVE('',#716,#724,#726,.T.);
#724 = VERTEX_POINT('',#725);
#725 = CARTESIAN_POINT('',(5.28,0.2,8.));
#726 = LINE('',#727,#728);
#727 = CARTESIAN_POINT('',(5.28,0.3,8.));
#728 = VECTOR('',#729,1.);
#729 = DIRECTION('',(0.,-1.,1.2E-16));
#730 = ORIENTED_EDGE('',*,*,#731,.T.);
#731 = EDGE_CURVE('',#724,#706,#732,.T.);
#732 = LINE('',#733,#734);
#733 = CARTESIAN_POINT('',(3.51,0.2,8.));
#734 = VECTOR('',#735,1.);
#735 = DIRECTION('',(1.,-2.1E-16,0.));
#736 = FACE_BOUND('',#737,.F.);
#737 = EDGE_LOOP('',(#738,#748,#756,#764));
#738 = ORIENTED_EDGE('',*,*,#739,.T.);
#739 = EDGE_CURVE('',#740,#742,#744,.T.);
#740 = VERTEX_POINT('',#741);
#741 = CARTESIAN_POINT('',(9.96,0.2,8.));
#742 = VERTEX_POINT('',#743);
#743 = CARTESIAN_POINT('',(9.96,2.34,8.));
#744 = LINE('',#745,#746);
#745 = CARTESIAN_POINT('',(9.96,0.97,8.));
#746 = VECTOR('',#747,1.);
#747 = DIRECTION('',(0.,1.,-1.2E-16));
#748 = ORIENTED_EDGE('',*,*,#749,.T.);
#749 = EDGE_CURVE('',#742,#750,#752,.T.);
#750 = VERTEX_POINT('',#751);
#751 = CARTESIAN_POINT('',(7.82,2.34,8.));
#752 = LINE('',#753,#754);
#753 = CARTESIAN_POINT('',(4.11,2.34,8.));
#754 = VECTOR('',#755,1.);
#755 = DIRECTION('',(-1.,2.1E-16,0.));
#756 = ORIENTED_EDGE('',*,*,#757,.T.);
#757 = EDGE_CURVE('',#750,#758,#760,.T.);
#758 = VERTEX_POINT('',#759);
#759 = CARTESIAN_POINT('',(7.82,0.2,8.));
#760 = LINE('',#761,#762);
#761 = CARTESIAN_POINT('',(7.82,0.3,8.));
#762 = VECTOR('',#763,1.);
#763 = DIRECTION('',(0.,-1.,1.2E-16));
#764 = ORIENTED_EDGE('',*,*,#765,.T.);
#765 = EDGE_CURVE('',#758,#740,#766,.T.);
#766 = LINE('',#767,#768);
#767 = CARTESIAN_POINT('',(4.78,0.2,8.));
#768 = VECTOR('',#769,1.);
#769 = DIRECTION('',(1.,-2.1E-16,0.));
#770 = FACE_BOUND('',#771,.F.);
#771 = EDGE_LOOP('',(#772,#782,#790,#798));
#772 = ORIENTED_EDGE('',*,*,#773,.T.);
#773 = EDGE_CURVE('',#774,#776,#778,.T.);
#774 = VERTEX_POINT('',#775);
#775 = CARTESIAN_POINT('',(12.5,0.2,8.));
#776 = VERTEX_POINT('',#777);
#777 = CARTESIAN_POINT('',(12.5,2.34,8.));
#778 = LINE('',#779,#780);
#779 = CARTESIAN_POINT('',(12.5,0.97,8.));
#780 = VECTOR('',#781,1.);
#781 = DIRECTION('',(0.,1.,-1.2E-16));
#782 = ORIENTED_EDGE('',*,*,#783,.T.);
#783 = EDGE_CURVE('',#776,#784,#786,.T.);
#784 = VERTEX_POINT('',#785);
#785 = CARTESIAN_POINT('',(10.36,2.34,8.));
#786 = LINE('',#787,#788);
#787 = CARTESIAN_POINT('',(5.38,2.34,8.));
#788 = VECTOR('',#789,1.);
#789 = DIRECTION('',(-1.,2.1E-16,0.));
#790 = ORIENTED_EDGE('',*,*,#791,.T.);
#791 = EDGE_CURVE('',#784,#792,#794,.T.);
#792 = VERTEX_POINT('',#793);
#793 = CARTESIAN_POINT('',(10.36,0.2,8.));
#794 = LINE('',#795,#796);
#795 = CARTESIAN_POINT('',(10.36,0.3,8.));
#796 = VECTOR('',#797,1.);
#797 = DIRECTION('',(0.,-1.,1.2E-16));
#798 = ORIENTED_EDGE('',*,*,#799,.T.);
#799 = EDGE_CURVE('',#792,#774,#800,.T.);
#800 = LINE('',#801,#802);
#801 = CARTESIAN_POINT('',(6.05,0.2,8.));
#802 = VECTOR('',#803,1.);
#803 = DIRECTION('',(1.,-2.1E-16,0.));
#804 = FACE_BOUND('',#805,.F.);
#805 = EDGE_LOOP('',(#806,#816,#824,#832));
#806 = ORIENTED_EDGE('',*,*,#807,.T.);
#807 = EDGE_CURVE('',#808,#810,#812,.T.);
#808 = VERTEX_POINT('',#809);
#809 = CARTESIAN_POINT('',(15.04,0.2,8.));
#810 = VERTEX_POINT('',#811);
#811 = CARTESIAN_POINT('',(15.04,2.34,8.));
#812 = LINE('',#813,#814);
#813 = CARTESIAN_POINT('',(15.04,0.97,8.));
#814 = VECTOR('',#815,1.);
#815 = DIRECTION('',(0.,1.,-1.2E-16));
#816 = ORIENTED_EDGE('',*,*,#817,.T.);
#817 = EDGE_CURVE('',#810,#818,#820,.T.);
#818 = VERTEX_POINT('',#819);
#819 = CARTESIAN_POINT('',(12.9,2.34,8.));
#820 = LINE('',#821,#822);
#821 = CARTESIAN_POINT('',(6.65,2.34,8.));
#822 = VECTOR('',#823,1.);
#823 = DIRECTION('',(-1.,2.1E-16,0.));
#824 = ORIENTED_EDGE('',*,*,#825,.T.);
#825 = EDGE_CURVE('',#818,#826,#828,.T.);
#826 = VERTEX_POINT('',#827);
#827 = CARTESIAN_POINT('',(12.9,0.2,8.));
#828 = LINE('',#829,#830);
#829 = CARTESIAN_POINT('',(12.9,0.3,8.));
#830 = VECTOR('',#831,1.);
#831 = DIRECTION('',(0.,-1.,1.2E-16));
#832 = ORIENTED_EDGE('',*,*,#833,.T.);
#833 = EDGE_CURVE('',#826,#808,#834,.T.);
#834 = LINE('',#835,#836);
#835 = CARTESIAN_POINT('',(7.32,0.2,8.));
#836 = VECTOR('',#837,1.);
#837 = DIRECTION('',(1.,-2.1E-16,0.));
#838 = FACE_BOUND('',#839,.F.);
#839 = EDGE_LOOP('',(#840,#850,#858,#866));
#840 = ORIENTED_EDGE('',*,*,#841,.T.);
#841 = EDGE_CURVE('',#842,#844,#846,.T.);
#842 = VERTEX_POINT('',#843);
#843 = CARTESIAN_POINT('',(17.58,0.2,8.));
#844 = VERTEX_POINT('',#845);
#845 = CARTESIAN_POINT('',(17.58,2.34,8.));
#846 = LINE('',#847,#848);
#847 = CARTESIAN_POINT('',(17.58,0.97,8.));
#848 = VECTOR('',#849,1.);
#849 = DIRECTION('',(0.,1.,-1.2E-16));
#850 = ORIENTED_EDGE('',*,*,#851,.T.);
#851 = EDGE_CURVE('',#844,#852,#854,.T.);
#852 = VERTEX_POINT('',#853);
#853 = CARTESIAN_POINT('',(15.44,2.34,8.));
#854 = LINE('',#855,#856);
#855 = CARTESIAN_POINT('',(7.92,2.34,8.));
#856 = VECTOR('',#857,1.);
#857 = DIRECTION('',(-1.,2.1E-16,0.));
#858 = ORIENTED_EDGE('',*,*,#859,.T.);
#859 = EDGE_CURVE('',#852,#860,#862,.T.);
#860 = VERTEX_POINT('',#861);
#861 = CARTESIAN_POINT('',(15.44,0.2,8.));
#862 = LINE('',#863,#864);
#863 = CARTESIAN_POINT('',(15.44,0.3,8.));
#864 = VECTOR('',#865,1.);
#865 = DIRECTION('',(0.,-1.,1.2E-16));
#866 = ORIENTED_EDGE('',*,*,#867,.T.);
#867 = EDGE_CURVE('',#860,#842,#868,.T.);
#868 = LINE('',#869,#870);
#869 = CARTESIAN_POINT('',(8.59,0.2,8.));
#870 = VECTOR('',#871,1.);
#871 = DIRECTION('',(1.,-2.1E-16,0.));
#872 = FACE_BOUND('',#873,.F.);
#873 = EDGE_LOOP('',(#874,#884,#892,#900));
#874 = ORIENTED_EDGE('',*,*,#875,.T.);
#875 = EDGE_CURVE('',#876,#878,#880,.T.);
#876 = VERTEX_POINT('',#877);
#877 = CARTESIAN_POINT('',(20.12,0.2,8.));
#878 = VERTEX_POINT('',#879);
#879 = CARTESIAN_POINT('',(20.12,2.34,8.));
#880 = LINE('',#881,#882);
#881 = CARTESIAN_POINT('',(20.12,0.97,8.));
#882 = VECTOR('',#883,1.);
#883 = DIRECTION('',(0.,1.,-1.2E-16));
#884 = ORIENTED_EDGE('',*,*,#885,.T.);
#885 = EDGE_CURVE('',#878,#886,#888,.T.);
#886 = VERTEX_POINT('',#887);
#887 = CARTESIAN_POINT('',(17.98,2.34,8.));
#888 = LINE('',#889,#890);
#889 = CARTESIAN_POINT('',(9.19,2.34,8.));
#890 = VECTOR('',#891,1.);
#891 = DIRECTION('',(-1.,2.1E-16,0.));
#892 = ORIENTED_EDGE('',*,*,#893,.T.);
#893 = EDGE_CURVE('',#886,#894,#896,.T.);
#894 = VERTEX_POINT('',#895);
#895 = CARTESIAN_POINT('',(17.98,0.2,8.));
#896 = LINE('',#897,#898);
#897 = CARTESIAN_POINT('',(17.98,0.3,8.));
#898 = VECTOR('',#899,1.);
#899 = DIRECTION('',(0.,-1.,1.2E-16));
#900 = ORIENTED_EDGE('',*,*,#901,.T.);
#901 = EDGE_CURVE('',#894,#876,#902,.T.);
#902 = LINE('',#903,#904);
#903 = CARTESIAN_POINT('',(9.86,0.2,8.));
#904 = VECTOR('',#905,1.);
#905 = DIRECTION('',(1.,-2.1E-16,0.));
#906 = FACE_BOUND('',#907,.F.);
#907 = EDGE_LOOP('',(#908,#918,#926,#934));
#908 = ORIENTED_EDGE('',*,*,#909,.T.);
#909 = EDGE_CURVE('',#910,#912,#914,.T.);
#910 = VERTEX_POINT('',#911);
#911 = CARTESIAN_POINT('',(22.66,0.2,8.));
#912 = VERTEX_POINT('',#913);
#913 = CARTESIAN_POINT('',(22.66,2.34,8.));
#914 = LINE('',#915,#916);
#915 = CARTESIAN_POINT('',(22.66,0.97,8.));
#916 = VECTOR('',#917,1.);
#917 = DIRECTION('',(0.,1.,-1.2E-16));
#918 = ORIENTED_EDGE('',*,*,#919,.T.);
#919 = EDGE_CURVE('',#912,#920,#922,.T.);
#920 = VERTEX_POINT('',#921);
#921 = CARTESIAN_POINT('',(20.52,2.34,8.));
#922 = LINE('',#923,#924);
#923 = CARTESIAN_POINT('',(10.46,2.34,8.));
#924 = VECTOR('',#925,1.);
#925 = DIRECTION('',(-1.,2.1E-16,0.));
#926 = ORIENTED_EDGE('',*,*,#927,.T.);
#927 = EDGE_CURVE('',#920,#928,#930,.T.);
#928 = VERTEX_POINT('',#929);
#929 = CARTESIAN_POINT('',(20.52,0.2,8.));
#930 = LINE('',#931,#932);
#931 = CARTESIAN_POINT('',(20.52,0.3,8.));
#932 = VECTOR('',#933,1.);
#933 = DIRECTION('',(0.,-1.,1.2E-16));
#934 = ORIENTED_EDGE('',*,*,#935,.T.);
#935 = EDGE_CURVE('',#928,#910,#936,.T.);
#936 = LINE('',#937,#938);
#937 = CARTESIAN_POINT('',(11.13,0.2,8.));
#938 = VECTOR('',#939,1.);
#939 = DIRECTION('',(1.,-2.1E-16,0.));
#940 = FACE_BOUND('',#941,.F.);
#941 = EDGE_LOOP('',(#942,#952,#960,#968));
#942 = ORIENTED_EDGE('',*,*,#943,.T.);
#943 = EDGE_CURVE('',#944,#946,#948,.T.);
#944 = VERTEX_POINT('',#945);
#945 = CARTESIAN_POINT('',(25.2,0.2,8.));
#946 = VERTEX_POINT('',#947);
#947 = CARTESIAN_POINT('',(25.2,2.34,8.));
#948 = LINE('',#949,#950);
#949 = CARTESIAN_POINT('',(25.2,0.97,8.));
#950 = VECTOR('',#951,1.);
#951 = DIRECTION('',(0.,1.,-1.2E-16));
#952 = ORIENTED_EDGE('',*,*,#953,.T.);
#953 = EDGE_CURVE('',#946,#954,#956,.T.);
#954 = VERTEX_POINT('',#955);
#955 = CARTESIAN_POINT('',(23.06,2.34,8.));
#956 = LINE('',#957,#958);
#957 = CARTESIAN_POINT('',(11.73,2.34,8.));
#958 = VECTOR('',#959,1.);
#959 = DIRECTION('',(-1.,2.1E-16,0.));
#960 = ORIENTED_EDGE('',*,*,#961,.T.);
#961 = EDGE_CURVE('',#954,#962,#964,.T.);
#962 = VERTEX_POINT('',#963);
#963 = CARTESIAN_POINT('',(23.06,0.2,8.));
#964 = LINE('',#965,#966);
#965 = CARTESIAN_POINT('',(23.06,0.3,8.));
#966 = VECTOR('',#967,1.);
#967 = DIRECTION('',(0.,-1.,1.2E-16));
#968 = ORIENTED_EDGE('',*,*,#969,.T.);
#969 = EDGE_CURVE('',#962,#944,#970,.T.);
#970 = LINE('',#971,#972);
#971 = CARTESIAN_POINT('',(12.4,0.2,8.));
#972 = VECTOR('',#973,1.);
#973 = DIRECTION('',(1.,-2.1E-16,0.));
#974 = FACE_BOUND('',#975,.F.);
#975 = EDGE_LOOP('',(#976,#986,#994,#1002));
#976 = ORIENTED_EDGE('',*,*,#977,.T.);
#977 = EDGE_CURVE('',#978,#980,#982,.T.);
#978 = VERTEX_POINT('',#979);
#979 = CARTESIAN_POINT('',(-23.06,-2.34,8.));
#980 = VERTEX_POINT('',#981);
#981 = CARTESIAN_POINT('',(-23.06,-0.2,8.));
#982 = LINE('',#983,#984);
#983 = CARTESIAN_POINT('',(-23.06,-0.3,8.));
#984 = VECTOR('',#985,1.);
#985 = DIRECTION('',(0.,1.,-1.2E-16));
#986 = ORIENTED_EDGE('',*,*,#987,.T.);
#987 = EDGE_CURVE('',#980,#988,#990,.T.);
#988 = VERTEX_POINT('',#989);
#989 = CARTESIAN_POINT('',(-25.2,-0.2,8.));
#990 = LINE('',#991,#992);
#991 = CARTESIAN_POINT('',(-12.4,-0.2,8.));
#992 = VECTOR('',#993,1.);
#993 = DIRECTION('',(-1.,2.1E-16,0.));
#994 = ORIENTED_EDGE('',*,*,#995,.T.);
#995 = EDGE_CURVE('',#988,#996,#998,.T.);
#996 = VERTEX_POINT('',#997);
#997 = CARTESIAN_POINT('',(-25.2,-2.34,8.));
#998 = LINE('',#999,#1000);
#999 = CARTESIAN_POINT('',(-25.2,-0.97,8.));
#1000 = VECTOR('',#1001,1.);
#1001 = DIRECTION('',(0.,-1.,1.2E-16));
#1002 = ORIENTED_EDGE('',*,*,#1003,.T.);
#1003 = EDGE_CURVE('',#996,#978,#1004,.T.);
#1004 = LINE('',#1005,#1006);
#1005 = CARTESIAN_POINT('',(-11.73,-2.34,8.));
#1006 = VECTOR('',#1007,1.);
#1007 = DIRECTION('',(1.,-2.1E-16,0.));
#1008 = FACE_BOUND('',#1009,.F.);
#1009 = EDGE_LOOP('',(#1010,#1020,#1028,#1036));
#1010 = ORIENTED_EDGE('',*,*,#1011,.T.);
#1011 = EDGE_CURVE('',#1012,#1014,#1016,.T.);
#1012 = VERTEX_POINT('',#1013);
#1013 = CARTESIAN_POINT('',(-12.9,-2.34,8.));
#1014 = VERTEX_POINT('',#1015);
#1015 = CARTESIAN_POINT('',(-12.9,-0.2,8.));
#1016 = LINE('',#1017,#1018);
#1017 = CARTESIAN_POINT('',(-12.9,-0.3,8.));
#1018 = VECTOR('',#1019,1.);
#1019 = DIRECTION('',(0.,1.,-1.2E-16));
#1020 = ORIENTED_EDGE('',*,*,#1021,.T.);
#1021 = EDGE_CURVE('',#1014,#1022,#1024,.T.);
#1022 = VERTEX_POINT('',#1023);
#1023 = CARTESIAN_POINT('',(-15.04,-0.2,8.));
#1024 = LINE('',#1025,#1026);
#1025 = CARTESIAN_POINT('',(-7.32,-0.2,8.));
#1026 = VECTOR('',#1027,1.);
#1027 = DIRECTION('',(-1.,2.1E-16,0.));
#1028 = ORIENTED_EDGE('',*,*,#1029,.T.);
#1029 = EDGE_CURVE('',#1022,#1030,#1032,.T.);
#1030 = VERTEX_POINT('',#1031);
#1031 = CARTESIAN_POINT('',(-15.04,-2.34,8.));
#1032 = LINE('',#1033,#1034);
#1033 = CARTESIAN_POINT('',(-15.04,-0.97,8.));
#1034 = VECTOR('',#1035,1.);
#1035 = DIRECTION('',(0.,-1.,1.2E-16));
#1036 = ORIENTED_EDGE('',*,*,#1037,.T.);
#1037 = EDGE_CURVE('',#1030,#1012,#1038,.T.);
#1038 = LINE('',#1039,#1040);
#1039 = CARTESIAN_POINT('',(-6.65,-2.34,8.));
#1040 = VECTOR('',#1041,1.);
#1041 = DIRECTION('',(1.,-2.1E-16,0.));
#1042 = FACE_BOUND('',#1043,.F.);
#1043 = EDGE_LOOP('',(#1044,#1054,#1062,#1070));
#1044 = ORIENTED_EDGE('',*,*,#1045,.T.);
#1045 = EDGE_CURVE('',#1046,#1048,#1050,.T.);
#1046 = VERTEX_POINT('',#1047);
#1047 = CARTESIAN_POINT('',(-10.36,-2.34,8.));
#1048 = VERTEX_POINT('',#1049);
#1049 = CARTESIAN_POINT('',(-10.36,-0.2,8.));
#1050 = LINE('',#1051,#1052);
#1051 = CARTESIAN_POINT('',(-10.36,-0.3,8.));
#1052 = VECTOR('',#1053,1.);
#1053 = DIRECTION('',(0.,1.,-1.2E-16));
#1054 = ORIENTED_EDGE('',*,*,#1055,.T.);
#1055 = EDGE_CURVE('',#1048,#1056,#1058,.T.);
#1056 = VERTEX_POINT('',#1057);
#1057 = CARTESIAN_POINT('',(-12.5,-0.2,8.));
#1058 = LINE('',#1059,#1060);
#1059 = CARTESIAN_POINT('',(-6.05,-0.2,8.));
#1060 = VECTOR('',#1061,1.);
#1061 = DIRECTION('',(-1.,2.1E-16,0.));
#1062 = ORIENTED_EDGE('',*,*,#1063,.T.);
#1063 = EDGE_CURVE('',#1056,#1064,#1066,.T.);
#1064 = VERTEX_POINT('',#1065);
#1065 = CARTESIAN_POINT('',(-12.5,-2.34,8.));
#1066 = LINE('',#1067,#1068);
#1067 = CARTESIAN_POINT('',(-12.5,-0.97,8.));
#1068 = VECTOR('',#1069,1.);
#1069 = DIRECTION('',(0.,-1.,1.2E-16));
#1070 = ORIENTED_EDGE('',*,*,#1071,.T.);
#1071 = EDGE_CURVE('',#1064,#1046,#1072,.T.);
#1072 = LINE('',#1073,#1074);
#1073 = CARTESIAN_POINT('',(-5.38,-2.34,8.));
#1074 = VECTOR('',#1075,1.);
#1075 = DIRECTION('',(1.,-2.1E-16,0.));
#1076 = FACE_BOUND('',#1077,.F.);
#1077 = EDGE_LOOP('',(#1078,#1088,#1096,#1104));
#1078 = ORIENTED_EDGE('',*,*,#1079,.T.);
#1079 = EDGE_CURVE('',#1080,#1082,#1084,.T.);
#1080 = VERTEX_POINT('',#1081);
#1081 = CARTESIAN_POINT('',(-7.82,-2.34,8.));
#1082 = VERTEX_POINT('',#1083);
#1083 = CARTESIAN_POINT('',(-7.82,-0.2,8.));
#1084 = LINE('',#1085,#1086);
#1085 = CARTESIAN_POINT('',(-7.82,-0.3,8.));
#1086 = VECTOR('',#1087,1.);
#1087 = DIRECTION('',(0.,1.,-1.2E-16));
#1088 = ORIENTED_EDGE('',*,*,#1089,.T.);
#1089 = EDGE_CURVE('',#1082,#1090,#1092,.T.);
#1090 = VERTEX_POINT('',#1091);
#1091 = CARTESIAN_POINT('',(-9.96,-0.2,8.));
#1092 = LINE('',#1093,#1094);
#1093 = CARTESIAN_POINT('',(-4.78,-0.2,8.));
#1094 = VECTOR('',#1095,1.);
#1095 = DIRECTION('',(-1.,2.1E-16,0.));
#1096 = ORIENTED_EDGE('',*,*,#1097,.T.);
#1097 = EDGE_CURVE('',#1090,#1098,#1100,.T.);
#1098 = VERTEX_POINT('',#1099);
#1099 = CARTESIAN_POINT('',(-9.96,-2.34,8.));
#1100 = LINE('',#1101,#1102);
#1101 = CARTESIAN_POINT('',(-9.96,-0.97,8.));
#1102 = VECTOR('',#1103,1.);
#1103 = DIRECTION('',(0.,-1.,1.2E-16));
#1104 = ORIENTED_EDGE('',*,*,#1105,.T.);
#1105 = EDGE_CURVE('',#1098,#1080,#1106,.T.);
#1106 = LINE('',#1107,#1108);
#1107 = CARTESIAN_POINT('',(-4.11,-2.34,8.));
#1108 = VECTOR('',#1109,1.);
#1109 = DIRECTION('',(1.,-2.1E-16,0.));
#1110 = FACE_BOUND('',#1111,.F.);
#1111 = EDGE_LOOP('',(#1112,#1122,#1130,#1138));
#1112 = ORIENTED_EDGE('',*,*,#1113,.T.);
#1113 = EDGE_CURVE('',#1114,#1116,#1118,.T.);
#1114 = VERTEX_POINT('',#1115);
#1115 = CARTESIAN_POINT('',(-5.28,-2.34,8.));
#1116 = VERTEX_POINT('',#1117);
#1117 = CARTESIAN_POINT('',(-5.28,-0.2,8.));
#1118 = LINE('',#1119,#1120);
#1119 = CARTESIAN_POINT('',(-5.28,-0.3,8.));
#1120 = VECTOR('',#1121,1.);
#1121 = DIRECTION('',(0.,1.,-1.2E-16));
#1122 = ORIENTED_EDGE('',*,*,#1123,.T.);
#1123 = EDGE_CURVE('',#1116,#1124,#1126,.T.);
#1124 = VERTEX_POINT('',#1125);
#1125 = CARTESIAN_POINT('',(-7.42,-0.2,8.));
#1126 = LINE('',#1127,#1128);
#1127 = CARTESIAN_POINT('',(-3.51,-0.2,8.));
#1128 = VECTOR('',#1129,1.);
#1129 = DIRECTION('',(-1.,2.1E-16,0.));
#1130 = ORIENTED_EDGE('',*,*,#1131,.T.);
#1131 = EDGE_CURVE('',#1124,#1132,#1134,.T.);
#1132 = VERTEX_POINT('',#1133);
#1133 = CARTESIAN_POINT('',(-7.42,-2.34,8.));
#1134 = LINE('',#1135,#1136);
#1135 = CARTESIAN_POINT('',(-7.42,-0.97,8.));
#1136 = VECTOR('',#1137,1.);
#1137 = DIRECTION('',(0.,-1.,1.2E-16));
#1138 = ORIENTED_EDGE('',*,*,#1139,.T.);
#1139 = EDGE_CURVE('',#1132,#1114,#1140,.T.);
#1140 = LINE('',#1141,#1142);
#1141 = CARTESIAN_POINT('',(-2.84,-2.34,8.));
#1142 = VECTOR('',#1143,1.);
#1143 = DIRECTION('',(1.,-2.1E-16,0.));
#1144 = FACE_BOUND('',#1145,.F.);
#1145 = EDGE_LOOP('',(#1146,#1156,#1164,#1172));
#1146 = ORIENTED_EDGE('',*,*,#1147,.T.);
#1147 = EDGE_CURVE('',#1148,#1150,#1152,.T.);
#1148 = VERTEX_POINT('',#1149);
#1149 = CARTESIAN_POINT('',(-2.74,-2.34,8.));
#1150 = VERTEX_POINT('',#1151);
#1151 = CARTESIAN_POINT('',(-2.74,-0.2,8.));
#1152 = LINE('',#1153,#1154);
#1153 = CARTESIAN_POINT('',(-2.74,-0.3,8.));
#1154 = VECTOR('',#1155,1.);
#1155 = DIRECTION('',(0.,1.,-1.2E-16));
#1156 = ORIENTED_EDGE('',*,*,#1157,.T.);
#1157 = EDGE_CURVE('',#1150,#1158,#1160,.T.);
#1158 = VERTEX_POINT('',#1159);
#1159 = CARTESIAN_POINT('',(-4.88,-0.2,8.));
#1160 = LINE('',#1161,#1162);
#1161 = CARTESIAN_POINT('',(-2.24,-0.2,8.));
#1162 = VECTOR('',#1163,1.);
#1163 = DIRECTION('',(-1.,2.1E-16,0.));
#1164 = ORIENTED_EDGE('',*,*,#1165,.T.);
#1165 = EDGE_CURVE('',#1158,#1166,#1168,.T.);
#1166 = VERTEX_POINT('',#1167);
#1167 = CARTESIAN_POINT('',(-4.88,-2.34,8.));
#1168 = LINE('',#1169,#1170);
#1169 = CARTESIAN_POINT('',(-4.88,-0.97,8.));
#1170 = VECTOR('',#1171,1.);
#1171 = DIRECTION('',(0.,-1.,1.2E-16));
#1172 = ORIENTED_EDGE('',*,*,#1173,.T.);
#1173 = EDGE_CURVE('',#1166,#1148,#1174,.T.);
#1174 = LINE('',#1175,#1176);
#1175 = CARTESIAN_POINT('',(-1.57,-2.34,8.));
#1176 = VECTOR('',#1177,1.);
#1177 = DIRECTION('',(1.,-2.1E-16,0.));
#1178 = FACE_BOUND('',#1179,.F.);
#1179 = EDGE_LOOP('',(#1180,#1190,#1198,#1206));
#1180 = ORIENTED_EDGE('',*,*,#1181,.T.);
#1181 = EDGE_CURVE('',#1182,#1184,#1186,.T.);
#1182 = VERTEX_POINT('',#1183);
#1183 = CARTESIAN_POINT('',(-0.2,-2.34,8.));
#1184 = VERTEX_POINT('',#1185);
#1185 = CARTESIAN_POINT('',(-0.2,-0.2,8.));
#1186 = LINE('',#1187,#1188);
#1187 = CARTESIAN_POINT('',(-0.2,-0.3,8.));
#1188 = VECTOR('',#1189,1.);
#1189 = DIRECTION('',(0.,1.,-1.2E-16));
#1190 = ORIENTED_EDGE('',*,*,#1191,.T.);
#1191 = EDGE_CURVE('',#1184,#1192,#1194,.T.);
#1192 = VERTEX_POINT('',#1193);
#1193 = CARTESIAN_POINT('',(-2.34,-0.2,8.));
#1194 = LINE('',#1195,#1196);
#1195 = CARTESIAN_POINT('',(-0.97,-0.2,8.));
#1196 = VECTOR('',#1197,1.);
#1197 = DIRECTION('',(-1.,2.1E-16,0.));
#1198 = ORIENTED_EDGE('',*,*,#1199,.T.);
#1199 = EDGE_CURVE('',#1192,#1200,#1202,.T.);
#1200 = VERTEX_POINT('',#1201);
#1201 = CARTESIAN_POINT('',(-2.34,-2.34,8.));
#1202 = LINE('',#1203,#1204);
#1203 = CARTESIAN_POINT('',(-2.34,-0.97,8.));
#1204 = VECTOR('',#1205,1.);
#1205 = DIRECTION('',(0.,-1.,1.2E-16));
#1206 = ORIENTED_EDGE('',*,*,#1207,.T.);
#1207 = EDGE_CURVE('',#1200,#1182,#1208,.T.);
#1208 = LINE('',#1209,#1210);
#1209 = CARTESIAN_POINT('',(-0.3,-2.34,8.));
#1210 = VECTOR('',#1211,1.);
#1211 = DIRECTION('',(1.,-2.1E-16,0.));
#1212 = FACE_BOUND('',#1213,.F.);
#1213 = EDGE_LOOP('',(#1214,#1224,#1232,#1240));
#1214 = ORIENTED_EDGE('',*,*,#1215,.T.);
#1215 = EDGE_CURVE('',#1216,#1218,#1220,.T.);
#1216 = VERTEX_POINT('',#1217);
#1217 = CARTESIAN_POINT('',(2.34,-2.34,8.));
#1218 = VERTEX_POINT('',#1219);
#1219 = CARTESIAN_POINT('',(2.34,-0.2,8.));
#1220 = LINE('',#1221,#1222);
#1221 = CARTESIAN_POINT('',(2.34,-0.3,8.));
#1222 = VECTOR('',#1223,1.);
#1223 = DIRECTION('',(0.,1.,-1.2E-16));
#1224 = ORIENTED_EDGE('',*,*,#1225,.T.);
#1225 = EDGE_CURVE('',#1218,#1226,#1228,.T.);
#1226 = VERTEX_POINT('',#1227);
#1227 = CARTESIAN_POINT('',(0.2,-0.2,8.));
#1228 = LINE('',#1229,#1230);
#1229 = CARTESIAN_POINT('',(0.3,-0.2,8.));
#1230 = VECTOR('',#1231,1.);
#1231 = DIRECTION('',(-1.,2.1E-16,0.));
#1232 = ORIENTED_EDGE('',*,*,#1233,.T.);
#1233 = EDGE_CURVE('',#1226,#1234,#1236,.T.);
#1234 = VERTEX_POINT('',#1235);
#1235 = CARTESIAN_POINT('',(0.2,-2.34,8.));
#1236 = LINE('',#1237,#1238);
#1237 = CARTESIAN_POINT('',(0.2,-0.97,8.));
#1238 = VECTOR('',#1239,1.);
#1239 = DIRECTION('',(0.,-1.,1.2E-16));
#1240 = ORIENTED_EDGE('',*,*,#1241,.T.);
#1241 = EDGE_CURVE('',#1234,#1216,#1242,.T.);
#1242 = LINE('',#1243,#1244);
#1243 = CARTESIAN_POINT('',(0.97,-2.34,8.));
#1244 = VECTOR('',#1245,1.);
#1245 = DIRECTION('',(1.,-2.1E-16,0.));
#1246 = FACE_BOUND('',#1247,.F.);
#1247 = EDGE_LOOP('',(#1248,#1258,#1266,#1274));
#1248 = ORIENTED_EDGE('',*,*,#1249,.T.);
#1249 = EDGE_CURVE('',#1250,#1252,#1254,.T.);
#1250 = VERTEX_POINT('',#1251);
#1251 = CARTESIAN_POINT('',(4.88,-2.34,8.));
#1252 = VERTEX_POINT('',#1253);
#1253 = CARTESIAN_POINT('',(4.88,-0.2,8.));
#1254 = LINE('',#1255,#1256);
#1255 = CARTESIAN_POINT('',(4.88,-0.3,8.));
#1256 = VECTOR('',#1257,1.);
#1257 = DIRECTION('',(0.,1.,-1.2E-16));
#1258 = ORIENTED_EDGE('',*,*,#1259,.T.);
#1259 = EDGE_CURVE('',#1252,#1260,#1262,.T.);
#1260 = VERTEX_POINT('',#1261);
#1261 = CARTESIAN_POINT('',(2.74,-0.2,8.));
#1262 = LINE('',#1263,#1264);
#1263 = CARTESIAN_POINT('',(1.57,-0.2,8.));
#1264 = VECTOR('',#1265,1.);
#1265 = DIRECTION('',(-1.,2.1E-16,0.));
#1266 = ORIENTED_EDGE('',*,*,#1267,.T.);
#1267 = EDGE_CURVE('',#1260,#1268,#1270,.T.);
#1268 = VERTEX_POINT('',#1269);
#1269 = CARTESIAN_POINT('',(2.74,-2.34,8.));
#1270 = LINE('',#1271,#1272);
#1271 = CARTESIAN_POINT('',(2.74,-0.97,8.));
#1272 = VECTOR('',#1273,1.);
#1273 = DIRECTION('',(0.,-1.,1.2E-16));
#1274 = ORIENTED_EDGE('',*,*,#1275,.T.);
#1275 = EDGE_CURVE('',#1268,#1250,#1276,.T.);
#1276 = LINE('',#1277,#1278);
#1277 = CARTESIAN_POINT('',(2.24,-2.34,8.));
#1278 = VECTOR('',#1279,1.);
#1279 = DIRECTION('',(1.,-2.1E-16,0.));
#1280 = FACE_BOUND('',#1281,.F.);
#1281 = EDGE_LOOP('',(#1282,#1292,#1300,#1308));
#1282 = ORIENTED_EDGE('',*,*,#1283,.T.);
#1283 = EDGE_CURVE('',#1284,#1286,#1288,.T.);
#1284 = VERTEX_POINT('',#1285);
#1285 = CARTESIAN_POINT('',(7.42,-2.34,8.));
#1286 = VERTEX_POINT('',#1287);
#1287 = CARTESIAN_POINT('',(7.42,-0.2,8.));
#1288 = LINE('',#1289,#1290);
#1289 = CARTESIAN_POINT('',(7.42,-0.3,8.));
#1290 = VECTOR('',#1291,1.);
#1291 = DIRECTION('',(0.,1.,-1.2E-16));
#1292 = ORIENTED_EDGE('',*,*,#1293,.T.);
#1293 = EDGE_CURVE('',#1286,#1294,#1296,.T.);
#1294 = VERTEX_POINT('',#1295);
#1295 = CARTESIAN_POINT('',(5.28,-0.2,8.));
#1296 = LINE('',#1297,#1298);
#1297 = CARTESIAN_POINT('',(2.84,-0.2,8.));
#1298 = VECTOR('',#1299,1.);
#1299 = DIRECTION('',(-1.,2.1E-16,0.));
#1300 = ORIENTED_EDGE('',*,*,#1301,.T.);
#1301 = EDGE_CURVE('',#1294,#1302,#1304,.T.);
#1302 = VERTEX_POINT('',#1303);
#1303 = CARTESIAN_POINT('',(5.28,-2.34,8.));
#1304 = LINE('',#1305,#1306);
#1305 = CARTESIAN_POINT('',(5.28,-0.97,8.));
#1306 = VECTOR('',#1307,1.);
#1307 = DIRECTION('',(0.,-1.,1.2E-16));
#1308 = ORIENTED_EDGE('',*,*,#1309,.T.);
#1309 = EDGE_CURVE('',#1302,#1284,#1310,.T.);
#1310 = LINE('',#1311,#1312);
#1311 = CARTESIAN_POINT('',(3.51,-2.34,8.));
#1312 = VECTOR('',#1313,1.);
#1313 = DIRECTION('',(1.,-2.1E-16,0.));
#1314 = FACE_BOUND('',#1315,.F.);
#1315 = EDGE_LOOP('',(#1316,#1326,#1334,#1342));
#1316 = ORIENTED_EDGE('',*,*,#1317,.T.);
#1317 = EDGE_CURVE('',#1318,#1320,#1322,.T.);
#1318 = VERTEX_POINT('',#1319);
#1319 = CARTESIAN_POINT('',(9.96,-2.34,8.));
#1320 = VERTEX_POINT('',#1321);
#1321 = CARTESIAN_POINT('',(9.96,-0.2,8.));
#1322 = LINE('',#1323,#1324);
#1323 = CARTESIAN_POINT('',(9.96,-0.3,8.));
#1324 = VECTOR('',#1325,1.);
#1325 = DIRECTION('',(0.,1.,-1.2E-16));
#1326 = ORIENTED_EDGE('',*,*,#1327,.T.);
#1327 = EDGE_CURVE('',#1320,#1328,#1330,.T.);
#1328 = VERTEX_POINT('',#1329);
#1329 = CARTESIAN_POINT('',(7.82,-0.2,8.));
#1330 = LINE('',#1331,#1332);
#1331 = CARTESIAN_POINT('',(4.11,-0.2,8.));
#1332 = VECTOR('',#1333,1.);
#1333 = DIRECTION('',(-1.,2.1E-16,0.));
#1334 = ORIENTED_EDGE('',*,*,#1335,.T.);
#1335 = EDGE_CURVE('',#1328,#1336,#1338,.T.);
#1336 = VERTEX_POINT('',#1337);
#1337 = CARTESIAN_POINT('',(7.82,-2.34,8.));
#1338 = LINE('',#1339,#1340);
#1339 = CARTESIAN_POINT('',(7.82,-0.97,8.));
#1340 = VECTOR('',#1341,1.);
#1341 = DIRECTION('',(0.,-1.,1.2E-16));
#1342 = ORIENTED_EDGE('',*,*,#1343,.T.);
#1343 = EDGE_CURVE('',#1336,#1318,#1344,.T.);
#1344 = LINE('',#1345,#1346);
#1345 = CARTESIAN_POINT('',(4.78,-2.34,8.));
#1346 = VECTOR('',#1347,1.);
#1347 = DIRECTION('',(1.,-2.1E-16,0.));
#1348 = FACE_BOUND('',#1349,.F.);
#1349 = EDGE_LOOP('',(#1350,#1360,#1368,#1376));
#1350 = ORIENTED_EDGE('',*,*,#1351,.T.);
#1351 = EDGE_CURVE('',#1352,#1354,#1356,.T.);
#1352 = VERTEX_POINT('',#1353);
#1353 = CARTESIAN_POINT('',(12.5,-2.34,8.));
#1354 = VERTEX_POINT('',#1355);
#1355 = CARTESIAN_POINT('',(12.5,-0.2,8.));
#1356 = LINE('',#1357,#1358);
#1357 = CARTESIAN_POINT('',(12.5,-0.3,8.));
#1358 = VECTOR('',#1359,1.);
#1359 = DIRECTION('',(0.,1.,-1.2E-16));
#1360 = ORIENTED_EDGE('',*,*,#1361,.T.);
#1361 = EDGE_CURVE('',#1354,#1362,#1364,.T.);
#1362 = VERTEX_POINT('',#1363);
#1363 = CARTESIAN_POINT('',(10.36,-0.2,8.));
#1364 = LINE('',#1365,#1366);
#1365 = CARTESIAN_POINT('',(5.38,-0.2,8.));
#1366 = VECTOR('',#1367,1.);
#1367 = DIRECTION('',(-1.,2.1E-16,0.));
#1368 = ORIENTED_EDGE('',*,*,#1369,.T.);
#1369 = EDGE_CURVE('',#1362,#1370,#1372,.T.);
#1370 = VERTEX_POINT('',#1371);
#1371 = CARTESIAN_POINT('',(10.36,-2.34,8.));
#1372 = LINE('',#1373,#1374);
#1373 = CARTESIAN_POINT('',(10.36,-0.97,8.));
#1374 = VECTOR('',#1375,1.);
#1375 = DIRECTION('',(0.,-1.,1.2E-16));
#1376 = ORIENTED_EDGE('',*,*,#1377,.T.);
#1377 = EDGE_CURVE('',#1370,#1352,#1378,.T.);
#1378 = LINE('',#1379,#1380);
#1379 = CARTESIAN_POINT('',(6.05,-2.34,8.));
#1380 = VECTOR('',#1381,1.);
#1381 = DIRECTION('',(1.,-2.1E-16,0.));
#1382 = FACE_BOUND('',#1383,.F.);
#1383 = EDGE_LOOP('',(#1384,#1394,#1402,#1410));
#1384 = ORIENTED_EDGE('',*,*,#1385,.T.);
#1385 = EDGE_CURVE('',#1386,#1388,#1390,.T.);
#1386 = VERTEX_POINT('',#1387);
#1387 = CARTESIAN_POINT('',(15.04,-2.34,8.));
#1388 = VERTEX_POINT('',#1389);
#1389 = CARTESIAN_POINT('',(15.04,-0.2,8.));
#1390 = LINE('',#1391,#1392);
#1391 = CARTESIAN_POINT('',(15.04,-0.3,8.));
#1392 = VECTOR('',#1393,1.);
#1393 = DIRECTION('',(0.,1.,-1.2E-16));
#1394 = ORIENTED_EDGE('',*,*,#1395,.T.);
#1395 = EDGE_CURVE('',#1388,#1396,#1398,.T.);
#1396 = VERTEX_POINT('',#1397);
#1397 = CARTESIAN_POINT('',(12.9,-0.2,8.));
#1398 = LINE('',#1399,#1400);
#1399 = CARTESIAN_POINT('',(6.65,-0.2,8.));
#1400 = VECTOR('',#1401,1.);
#1401 = DIRECTION('',(-1.,2.1E-16,0.));
#1402 = ORIENTED_EDGE('',*,*,#1403,.T.);
#1403 = EDGE_CURVE('',#1396,#1404,#1406,.T.);
#1404 = VERTEX_POINT('',#1405);
#1405 = CARTESIAN_POINT('',(12.9,-2.34,8.));
#1406 = LINE('',#1407,#1408);
#1407 = CARTESIAN_POINT('',(12.9,-0.97,8.));
#1408 = VECTOR('',#1409,1.);
#1409 = DIRECTION('',(0.,-1.,1.2E-16));
#1410 = ORIENTED_EDGE('',*,*,#1411,.T.);
#1411 = EDGE_CURVE('',#1404,#1386,#1412,.T.);
#1412 = LINE('',#1413,#1414);
#1413 = CARTESIAN_POINT('',(7.32,-2.34,8.));
#1414 = VECTOR('',#1415,1.);
#1415 = DIRECTION('',(1.,-2.1E-16,0.));
#1416 = FACE_BOUND('',#1417,.F.);
#1417 = EDGE_LOOP('',(#1418,#1428,#1436,#1444));
#1418 = ORIENTED_EDGE('',*,*,#1419,.T.);
#1419 = EDGE_CURVE('',#1420,#1422,#1424,.T.);
#1420 = VERTEX_POINT('',#1421);
#1421 = CARTESIAN_POINT('',(17.58,-2.34,8.));
#1422 = VERTEX_POINT('',#1423);
#1423 = CARTESIAN_POINT('',(17.58,-0.2,8.));
#1424 = LINE('',#1425,#1426);
#1425 = CARTESIAN_POINT('',(17.58,-0.3,8.));
#1426 = VECTOR('',#1427,1.);
#1427 = DIRECTION('',(0.,1.,-1.2E-16));
#1428 = ORIENTED_EDGE('',*,*,#1429,.T.);
#1429 = EDGE_CURVE('',#1422,#1430,#1432,.T.);
#1430 = VERTEX_POINT('',#1431);
#1431 = CARTESIAN_POINT('',(15.44,-0.2,8.));
#1432 = LINE('',#1433,#1434);
#1433 = CARTESIAN_POINT('',(7.92,-0.2,8.));
#1434 = VECTOR('',#1435,1.);
#1435 = DIRECTION('',(-1.,2.1E-16,0.));
#1436 = ORIENTED_EDGE('',*,*,#1437,.T.);
#1437 = EDGE_CURVE('',#1430,#1438,#1440,.T.);
#1438 = VERTEX_POINT('',#1439);
#1439 = CARTESIAN_POINT('',(15.44,-2.34,8.));
#1440 = LINE('',#1441,#1442);
#1441 = CARTESIAN_POINT('',(15.44,-0.97,8.));
#1442 = VECTOR('',#1443,1.);
#1443 = DIRECTION('',(0.,-1.,1.2E-16));
#1444 = ORIENTED_EDGE('',*,*,#1445,.T.);
#1445 = EDGE_CURVE('',#1438,#1420,#1446,.T.);
#1446 = LINE('',#1447,#1448);
#1447 = CARTESIAN_POINT('',(8.59,-2.34,8.));
#1448 = VECTOR('',#1449,1.);
#1449 = DIRECTION('',(1.,-2.1E-16,0.));
#1450 = FACE_BOUND('',#1451,.F.);
#1451 = EDGE_LOOP('',(#1452,#1462,#1470,#1478));
#1452 = ORIENTED_EDGE('',*,*,#1453,.T.);
#1453 = EDGE_CURVE('',#1454,#1456,#1458,.T.);
#1454 = VERTEX_POINT('',#1455);
#1455 = CARTESIAN_POINT('',(20.12,-2.34,8.));
#1456 = VERTEX_POINT('',#1457);
#1457 = CARTESIAN_POINT('',(20.12,-0.2,8.));
#1458 = LINE('',#1459,#1460);
#1459 = CARTESIAN_POINT('',(20.12,-0.3,8.));
#1460 = VECTOR('',#1461,1.);
#1461 = DIRECTION('',(0.,1.,-1.2E-16));
#1462 = ORIENTED_EDGE('',*,*,#1463,.T.);
#1463 = EDGE_CURVE('',#1456,#1464,#1466,.T.);
#1464 = VERTEX_POINT('',#1465);
#1465 = CARTESIAN_POINT('',(17.98,-0.2,8.));
#1466 = LINE('',#1467,#1468);
#1467 = CARTESIAN_POINT('',(9.19,-0.2,8.));
#1468 = VECTOR('',#1469,1.);
#1469 = DIRECTION('',(-1.,2.1E-16,0.));
#1470 = ORIENTED_EDGE('',*,*,#1471,.T.);
#1471 = EDGE_CURVE('',#1464,#1472,#1474,.T.);
#1472 = VERTEX_POINT('',#1473);
#1473 = CARTESIAN_POINT('',(17.98,-2.34,8.));
#1474 = LINE('',#1475,#1476);
#1475 = CARTESIAN_POINT('',(17.98,-0.97,8.));
#1476 = VECTOR('',#1477,1.);
#1477 = DIRECTION('',(0.,-1.,1.2E-16));
#1478 = ORIENTED_EDGE('',*,*,#1479,.T.);
#1479 = EDGE_CURVE('',#1472,#1454,#1480,.T.);
#1480 = LINE('',#1481,#1482);
#1481 = CARTESIAN_POINT('',(9.86,-2.34,8.));
#1482 = VECTOR('',#1483,1.);
#1483 = DIRECTION('',(1.,-2.1E-16,0.));
#1484 = FACE_BOUND('',#1485,.F.);
#1485 = EDGE_LOOP('',(#1486,#1496,#1504,#1512));
#1486 = ORIENTED_EDGE('',*,*,#1487,.T.);
#1487 = EDGE_CURVE('',#1488,#1490,#1492,.T.);
#1488 = VERTEX_POINT('',#1489);
#1489 = CARTESIAN_POINT('',(22.66,-2.34,8.));
#1490 = VERTEX_POINT('',#1491);
#1491 = CARTESIAN_POINT('',(22.66,-0.2,8.));
#1492 = LINE('',#1493,#1494);
#1493 = CARTESIAN_POINT('',(22.66,-0.3,8.));
#1494 = VECTOR('',#1495,1.);
#1495 = DIRECTION('',(0.,1.,-1.2E-16));
#1496 = ORIENTED_EDGE('',*,*,#1497,.T.);
#1497 = EDGE_CURVE('',#1490,#1498,#1500,.T.);
#1498 = VERTEX_POINT('',#1499);
#1499 = CARTESIAN_POINT('',(20.52,-0.2,8.));
#1500 = LINE('',#1501,#1502);
#1501 = CARTESIAN_POINT('',(10.46,-0.2,8.));
#1502 = VECTOR('',#1503,1.);
#1503 = DIRECTION('',(-1.,2.1E-16,0.));
#1504 = ORIENTED_EDGE('',*,*,#1505,.T.);
#1505 = EDGE_CURVE('',#1498,#1506,#1508,.T.);
#1506 = VERTEX_POINT('',#1507);
#1507 = CARTESIAN_POINT('',(20.52,-2.34,8.));
#1508 = LINE('',#1509,#1510);
#1509 = CARTESIAN_POINT('',(20.52,-0.97,8.));
#1510 = VECTOR('',#1511,1.);
#1511 = DIRECTION('',(0.,-1.,1.2E-16));
#1512 = ORIENTED_EDGE('',*,*,#1513,.T.);
#1513 = EDGE_CURVE('',#1506,#1488,#1514,.T.);
#1514 = LINE('',#1515,#1516);
#1515 = CARTESIAN_POINT('',(11.13,-2.34,8.));
#1516 = VECTOR('',#1517,1.);
#1517 = DIRECTION('',(1.,-2.1E-16,0.));
#1518 = FACE_BOUND('',#1519,.F.);
#1519 = EDGE_LOOP('',(#1520,#1530,#1538,#1546));
#1520 = ORIENTED_EDGE('',*,*,#1521,.T.);
#1521 = EDGE_CURVE('',#1522,#1524,#1526,.T.);
#1522 = VERTEX_POINT('',#1523);
#1523 = CARTESIAN_POINT('',(25.2,-2.34,8.));
#1524 = VERTEX_POINT('',#1525);
#1525 = CARTESIAN_POINT('',(25.2,-0.2,8.));
#1526 = LINE('',#1527,#1528);
#1527 = CARTESIAN_POINT('',(25.2,-0.3,8.));
#1528 = VECTOR('',#1529,1.);
#1529 = DIRECTION('',(0.,1.,-1.2E-16));
#1530 = ORIENTED_EDGE('',*,*,#1531,.T.);
#1531 = EDGE_CURVE('',#1524,#1532,#1534,.T.);
#1532 = VERTEX_POINT('',#1533);
#1533 = CARTESIAN_POINT('',(23.06,-0.2,8.));
#1534 = LINE('',#1535,#1536);
#1535 = CARTESIAN_POINT('',(11.73,-0.2,8.));
#1536 = VECTOR('',#1537,1.);
#1537 = DIRECTION('',(-1.,2.1E-16,0.));
#1538 = ORIENTED_EDGE('',*,*,#1539,.T.);
#1539 = EDGE_CURVE('',#1532,#1540,#1542,.T.);
#1540 = VERTEX_POINT('',#1541);
#1541 = CARTESIAN_POINT('',(23.06,-2.34,8.));
#1542 = LINE('',#1543,#1544);
#1543 = CARTESIAN_POINT('',(23.06,-0.97,8.));
#1544 = VECTOR('',#1545,1.);
#1545 = DIRECTION('',(0.,-1.,1.2E-16));
#1546 = ORIENTED_EDGE('',*,*,#1547,.T.);
#1547 = EDGE_CURVE('',#1540,#1522,#1548,.T.);
#1548 = LINE('',#1549,#1550);
#1549 = CARTESIAN_POINT('',(12.4,-2.34,8.));
#1550 = VECTOR('',#1551,1.);
#1551 = DIRECTION('',(1.,-2.1E-16,0.));
#1552 = PLANE('',#1553);
#1553 = AXIS2_PLACEMENT_3D('',#1554,#1555,#1556);
#1554 = CARTESIAN_POINT('',(0.,0.,8.));
#1555 = DIRECTION('',(0.,-1.2E-16,-1.));
#1556 = DIRECTION('',(1.,0.,0.));
#1557 = ADVANCED_FACE('',(#1558),#1601,.T.);
#1558 = FACE_BOUND('',#1559,.T.);
#1559 = EDGE_LOOP('',(#1560,#1568,#1576,#1584,#1592,#1598,#1599,#1600));
#1560 = ORIENTED_EDGE('',*,*,#1561,.F.);
#1561 = EDGE_CURVE('',#1562,#191,#1564,.T.);
#1562 = VERTEX_POINT('',#1563);
#1563 = CARTESIAN_POINT('',(25.5,3.5,0.));
#1564 = LINE('',#1565,#1566);
#1565 = CARTESIAN_POINT('',(-25.6,3.5,0.));
#1566 = VECTOR('',#1567,1.);
#1567 = DIRECTION('',(-1.,0.,0.));
#1568 = ORIENTED_EDGE('',*,*,#1569,.T.);
#1569 = EDGE_CURVE('',#1562,#1570,#1572,.T.);
#1570 = VERTEX_POINT('',#1571);
#1571 = CARTESIAN_POINT('',(25.5,-3.5,0.));
#1572 = LINE('',#1573,#1574);
#1573 = CARTESIAN_POINT('',(25.5,-1.75,0.));
#1574 = VECTOR('',#1575,1.);
#1575 = DIRECTION('',(0.,-1.,1.2E-16));
#1576 = ORIENTED_EDGE('',*,*,#1577,.T.);
#1577 = EDGE_CURVE('',#1570,#1578,#1580,.T.);
#1578 = VERTEX_POINT('',#1579);
#1579 = CARTESIAN_POINT('',(-15.44,-3.5,-5.88E-32));
#1580 = LINE('',#1581,#1582);
#1581 = CARTESIAN_POINT('',(26.36,-3.5,0.));
#1582 = VECTOR('',#1583,1.);
#1583 = DIRECTION('',(-1.,0.,0.));
#1584 = ORIENTED_EDGE('',*,*,#1585,.F.);
#1585 = EDGE_CURVE('',#1586,#1578,#1588,.T.);
#1586 = VERTEX_POINT('',#1587);
#1587 = CARTESIAN_POINT('',(-15.44,-0.2,-1.176E-31));
#1588 = LINE('',#1589,#1590);
#1589 = CARTESIAN_POINT('',(-15.44,-0.2,-1.176E-31));
#1590 = VECTOR('',#1591,1.);
#1591 = DIRECTION('',(0.,-1.,0.));
#1592 = ORIENTED_EDGE('',*,*,#1593,.F.);
#1593 = EDGE_CURVE('',#95,#1586,#1594,.T.);
#1594 = LINE('',#1595,#1596);
#1595 = CARTESIAN_POINT('',(-22.66,-0.2,-1.176E-31));
#1596 = VECTOR('',#1597,1.);
#1597 = DIRECTION('',(1.,0.,0.));
#1598 = ORIENTED_EDGE('',*,*,#92,.F.);
#1599 = ORIENTED_EDGE('',*,*,#149,.T.);
#1600 = ORIENTED_EDGE('',*,*,#198,.T.);
#1601 = PLANE('',#1602);
#1602 = AXIS2_PLACEMENT_3D('',#1603,#1604,#1605);
#1603 = CARTESIAN_POINT('',(0.,-9.8E-16,0.));
#1604 = DIRECTION('',(0.,-1.2E-16,-1.));
#1605 = DIRECTION('',(1.,0.,0.));
#1606 = ADVANCED_FACE('',(#1607),#1622,.F.);
#1607 = FACE_BOUND('',#1608,.F.);
#1608 = EDGE_LOOP('',(#1609,#1610,#1611,#1612,#1613,#1614,#1615,#1616));
#1609 = ORIENTED_EDGE('',*,*,#1593,.F.);
#1610 = ORIENTED_EDGE('',*,*,#126,.T.);
#1611 = ORIENTED_EDGE('',*,*,#279,.F.);
#1612 = ORIENTED_EDGE('',*,*,#271,.T.);
#1613 = ORIENTED_EDGE('',*,*,#263,.F.);
#1614 = ORIENTED_EDGE('',*,*,#255,.T.);
#1615 = ORIENTED_EDGE('',*,*,#247,.F.);
#1616 = ORIENTED_EDGE('',*,*,#1617,.F.);
#1617 = EDGE_CURVE('',#1586,#240,#1618,.T.);
#1618 = LINE('',#1619,#1620);
#1619 = CARTESIAN_POINT('',(-15.44,-0.2,-1.176E-31));
#1620 = VECTOR('',#1621,1.);
#1621 = DIRECTION('',(0.,0.,1.));
#1622 = PLANE('',#1623);
#1623 = AXIS2_PLACEMENT_3D('',#1624,#1625,#1626);
#1624 = CARTESIAN_POINT('',(-22.66,-0.2,-1.176E-31));
#1625 = DIRECTION('',(0.,1.,0.));
#1626 = DIRECTION('',(1.,0.,0.));
#1627 = ADVANCED_FACE('',(#1628),#1646,.T.);
#1628 = FACE_BOUND('',#1629,.T.);
#1629 = EDGE_LOOP('',(#1630,#1638,#1644,#1645));
#1630 = ORIENTED_EDGE('',*,*,#1631,.T.);
#1631 = EDGE_CURVE('',#216,#1632,#1634,.T.);
#1632 = VERTEX_POINT('',#1633);
#1633 = CARTESIAN_POINT('',(25.5,2.74,1.06));
#1634 = LINE('',#1635,#1636);
#1635 = CARTESIAN_POINT('',(25.5,2.74,8.));
#1636 = VECTOR('',#1637,1.);
#1637 = DIRECTION('',(0.,-1.2E-16,-1.));
#1638 = ORIENTED_EDGE('',*,*,#1639,.T.);
#1639 = EDGE_CURVE('',#1632,#175,#1640,.T.);
#1640 = LINE('',#1641,#1642);
#1641 = CARTESIAN_POINT('',(0.38,2.74,1.06));
#1642 = VECTOR('',#1643,1.);
#1643 = DIRECTION('',(-1.,0.,0.));
#1644 = ORIENTED_EDGE('',*,*,#174,.T.);
#1645 = ORIENTED_EDGE('',*,*,#289,.T.);
#1646 = PLANE('',#1647);
#1647 = AXIS2_PLACEMENT_3D('',#1648,#1649,#1650);
#1648 = CARTESIAN_POINT('',(-25.6,2.74,8.));
#1649 = DIRECTION('',(0.,1.,-1.2E-16));
#1650 = DIRECTION('',(1.,0.,0.));
#1651 = ADVANCED_FACE('',(#1652),#1670,.T.);
#1652 = FACE_BOUND('',#1653,.T.);
#1653 = EDGE_LOOP('',(#1654,#1662,#1668,#1669));
#1654 = ORIENTED_EDGE('',*,*,#1655,.T.);
#1655 = EDGE_CURVE('',#1632,#1656,#1658,.T.);
#1656 = VERTEX_POINT('',#1657);
#1657 = CARTESIAN_POINT('',(25.5,3.5,0.3));
#1658 = LINE('',#1659,#1660);
#1659 = CARTESIAN_POINT('',(25.5,-0.365,4.165));
#1660 = VECTOR('',#1661,1.);
#1661 = DIRECTION('',(0.,0.707106781187,-0.707106781187));
#1662 = ORIENTED_EDGE('',*,*,#1663,.T.);
#1663 = EDGE_CURVE('',#1656,#183,#1664,.T.);
#1664 = LINE('',#1665,#1666);
#1665 = CARTESIAN_POINT('',(0.38,3.5,0.3));
#1666 = VECTOR('',#1667,1.);
#1667 = DIRECTION('',(-1.,0.,0.));
#1668 = ORIENTED_EDGE('',*,*,#182,.T.);
#1669 = ORIENTED_EDGE('',*,*,#1639,.F.);
#1670 = PLANE('',#1671);
#1671 = AXIS2_PLACEMENT_3D('',#1672,#1673,#1674);
#1672 = CARTESIAN_POINT('',(0.38,3.12,0.68));
#1673 = DIRECTION('',(0.,0.707106781187,0.707106781187));
#1674 = DIRECTION('',(-1.,0.,0.));
#1675 = ADVANCED_FACE('',(#1676),#1687,.T.);
#1676 = FACE_BOUND('',#1677,.T.);
#1677 = EDGE_LOOP('',(#1678,#1679,#1685,#1686));
#1678 = ORIENTED_EDGE('',*,*,#1663,.F.);
#1679 = ORIENTED_EDGE('',*,*,#1680,.T.);
#1680 = EDGE_CURVE('',#1656,#1562,#1681,.T.);
#1681 = LINE('',#1682,#1683);
#1682 = CARTESIAN_POINT('',(25.5,3.5,4.));
#1683 = VECTOR('',#1684,1.);
#1684 = DIRECTION('',(0.,3.4E-16,-1.));
#1685 = ORIENTED_EDGE('',*,*,#1561,.T.);
#1686 = ORIENTED_EDGE('',*,*,#190,.T.);
#1687 = PLANE('',#1688);
#1688 = AXIS2_PLACEMENT_3D('',#1689,#1690,#1691);
#1689 = CARTESIAN_POINT('',(-25.6,3.5,0.));
#1690 = DIRECTION('',(0.,1.,3.4E-16));
#1691 = DIRECTION('',(0.,-3.4E-16,1.));
#1692 = ADVANCED_FACE('',(#1693),#1722,.F.);
#1693 = FACE_BOUND('',#1694,.T.);
#1694 = EDGE_LOOP('',(#1695,#1705,#1711,#1712,#1713,#1714,#1715,#1716));
#1695 = ORIENTED_EDGE('',*,*,#1696,.F.);
#1696 = EDGE_CURVE('',#1697,#1699,#1701,.T.);
#1697 = VERTEX_POINT('',#1698);
#1698 = CARTESIAN_POINT('',(25.5,-3.5,0.3));
#1699 = VERTEX_POINT('',#1700);
#1700 = CARTESIAN_POINT('',(25.5,-2.74,1.06));
#1701 = LINE('',#1702,#1703);
#1702 = CARTESIAN_POINT('',(25.5,-1.385,2.415));
#1703 = VECTOR('',#1704,1.);
#1704 = DIRECTION('',(0.,0.707106781187,0.707106781187));
#1705 = ORIENTED_EDGE('',*,*,#1706,.F.);
#1706 = EDGE_CURVE('',#1570,#1697,#1707,.T.);
#1707 = LINE('',#1708,#1709);
#1708 = CARTESIAN_POINT('',(25.5,-3.5,4.));
#1709 = VECTOR('',#1710,1.);
#1710 = DIRECTION('',(0.,5.9E-16,1.));
#1711 = ORIENTED_EDGE('',*,*,#1569,.F.);
#1712 = ORIENTED_EDGE('',*,*,#1680,.F.);
#1713 = ORIENTED_EDGE('',*,*,#1655,.F.);
#1714 = ORIENTED_EDGE('',*,*,#1631,.F.);
#1715 = ORIENTED_EDGE('',*,*,#213,.F.);
#1716 = ORIENTED_EDGE('',*,*,#1717,.F.);
#1717 = EDGE_CURVE('',#1699,#214,#1718,.T.);
#1718 = LINE('',#1719,#1720);
#1719 = CARTESIAN_POINT('',(25.5,-2.74,8.));
#1720 = VECTOR('',#1721,1.);
#1721 = DIRECTION('',(0.,1.2E-16,1.));
#1722 = PLANE('',#1723);
#1723 = AXIS2_PLACEMENT_3D('',#1724,#1725,#1726);
#1724 = CARTESIAN_POINT('',(25.5,-3.5,8.));
#1725 = DIRECTION('',(-1.,0.,0.));
#1726 = DIRECTION('',(0.,1.,-1.4E-16));
#1727 = ADVANCED_FACE('',(#1728),#1756,.F.);
#1728 = FACE_BOUND('',#1729,.F.);
#1729 = EDGE_LOOP('',(#1730,#1731,#1732,#1733,#1734,#1742,#1750));
#1730 = ORIENTED_EDGE('',*,*,#1585,.F.);
#1731 = ORIENTED_EDGE('',*,*,#1617,.T.);
#1732 = ORIENTED_EDGE('',*,*,#239,.F.);
#1733 = ORIENTED_EDGE('',*,*,#231,.T.);
#1734 = ORIENTED_EDGE('',*,*,#1735,.F.);
#1735 = EDGE_CURVE('',#1736,#224,#1738,.T.);
#1736 = VERTEX_POINT('',#1737);
#1737 = CARTESIAN_POINT('',(-15.44,-2.74,1.06));
#1738 = LINE('',#1739,#1740);
#1739 = CARTESIAN_POINT('',(-15.44,-2.74,4.));
#1740 = VECTOR('',#1741,1.);
#1741 = DIRECTION('',(0.,1.2E-16,1.));
#1742 = ORIENTED_EDGE('',*,*,#1743,.F.);
#1743 = EDGE_CURVE('',#1744,#1736,#1746,.T.);
#1744 = VERTEX_POINT('',#1745);
#1745 = CARTESIAN_POINT('',(-15.44,-3.5,0.3));
#1746 = LINE('',#1747,#1748);
#1747 = CARTESIAN_POINT('',(-15.44,-2.56,1.24));
#1748 = VECTOR('',#1749,1.);
#1749 = DIRECTION('',(0.,0.707106781187,0.707106781187));
#1750 = ORIENTED_EDGE('',*,*,#1751,.F.);
#1751 = EDGE_CURVE('',#1578,#1744,#1752,.T.);
#1752 = LINE('',#1753,#1754);
#1753 = CARTESIAN_POINT('',(-15.44,-3.5,9.735E-16));
#1754 = VECTOR('',#1755,1.);
#1755 = DIRECTION('',(0.,5.9E-16,1.));
#1756 = PLANE('',#1757);
#1757 = AXIS2_PLACEMENT_3D('',#1758,#1759,#1760);
#1758 = CARTESIAN_POINT('',(-15.44,-0.2,-1.176E-31));
#1759 = DIRECTION('',(1.,0.,0.));
#1760 = DIRECTION('',(0.,-1.,0.));
#1761 = ADVANCED_FACE('',(#1762),#1773,.T.);
#1762 = FACE_BOUND('',#1763,.T.);
#1763 = EDGE_LOOP('',(#1764,#1770,#1771,#1772));
#1764 = ORIENTED_EDGE('',*,*,#1765,.T.);
#1765 = EDGE_CURVE('',#1736,#1699,#1766,.T.);
#1766 = LINE('',#1767,#1768);
#1767 = CARTESIAN_POINT('',(25.98,-2.74,1.06));
#1768 = VECTOR('',#1769,1.);
#1769 = DIRECTION('',(1.,0.,0.));
#1770 = ORIENTED_EDGE('',*,*,#1717,.T.);
#1771 = ORIENTED_EDGE('',*,*,#223,.T.);
#1772 = ORIENTED_EDGE('',*,*,#1735,.F.);
#1773 = PLANE('',#1774);
#1774 = AXIS2_PLACEMENT_3D('',#1775,#1776,#1777);
#1775 = CARTESIAN_POINT('',(25.6,-2.74,8.));
#1776 = DIRECTION('',(0.,-1.,1.2E-16));
#1777 = DIRECTION('',(-1.,0.,0.));
#1778 = ADVANCED_FACE('',(#1779),#1804,.T.);
#1779 = FACE_BOUND('',#1780,.T.);
#1780 = EDGE_LOOP('',(#1781,#1782,#1790,#1798));
#1781 = ORIENTED_EDGE('',*,*,#297,.T.);
#1782 = ORIENTED_EDGE('',*,*,#1783,.T.);
#1783 = EDGE_CURVE('',#300,#1784,#1786,.T.);
#1784 = VERTEX_POINT('',#1785);
#1785 = CARTESIAN_POINT('',(-23.46,1.94,7.6));
#1786 = LINE('',#1787,#1788);
#1787 = CARTESIAN_POINT('',(-23.06,2.34,8.));
#1788 = VECTOR('',#1789,1.);
#1789 = DIRECTION('',(-0.57735026919,-0.57735026919,-0.57735026919));
#1790 = ORIENTED_EDGE('',*,*,#1791,.T.);
#1791 = EDGE_CURVE('',#1784,#1792,#1794,.T.);
#1792 = VERTEX_POINT('',#1793);
#1793 = CARTESIAN_POINT('',(-23.46,0.6,7.6));
#1794 = LINE('',#1795,#1796);
#1795 = CARTESIAN_POINT('',(-23.46,0.97,7.6));
#1796 = VECTOR('',#1797,1.);
#1797 = DIRECTION('',(0.,-1.,1.2E-16));
#1798 = ORIENTED_EDGE('',*,*,#1799,.T.);
#1799 = EDGE_CURVE('',#1792,#298,#1800,.T.);
#1800 = LINE('',#1801,#1802);
#1801 = CARTESIAN_POINT('',(-23.46,0.6,7.6));
#1802 = VECTOR('',#1803,1.);
#1803 = DIRECTION('',(0.57735026919,-0.57735026919,0.57735026919));
#1804 = PLANE('',#1805);
#1805 = AXIS2_PLACEMENT_3D('',#1806,#1807,#1808);
#1806 = CARTESIAN_POINT('',(-23.26,0.97,7.8));
#1807 = DIRECTION('',(-0.707106781187,9.E-17,0.707106781187));
#1808 = DIRECTION('',(-0.707106781187,-9.E-17,-0.707106781187));
#1809 = ADVANCED_FACE('',(#1810),#1828,.T.);
#1810 = FACE_BOUND('',#1811,.T.);
#1811 = EDGE_LOOP('',(#1812,#1813,#1814,#1822));
#1812 = ORIENTED_EDGE('',*,*,#323,.T.);
#1813 = ORIENTED_EDGE('',*,*,#1799,.F.);
#1814 = ORIENTED_EDGE('',*,*,#1815,.T.);
#1815 = EDGE_CURVE('',#1792,#1816,#1818,.T.);
#1816 = VERTEX_POINT('',#1817);
#1817 = CARTESIAN_POINT('',(-24.8,0.6,7.6));
#1818 = LINE('',#1819,#1820);
#1819 = CARTESIAN_POINT('',(-11.73,0.6,7.6));
#1820 = VECTOR('',#1821,1.);
#1821 = DIRECTION('',(-1.,2.1E-16,0.));
#1822 = ORIENTED_EDGE('',*,*,#1823,.F.);
#1823 = EDGE_CURVE('',#316,#1816,#1824,.T.);
#1824 = LINE('',#1825,#1826);
#1825 = CARTESIAN_POINT('',(-25.2,0.2,8.));
#1826 = VECTOR('',#1827,1.);
#1827 = DIRECTION('',(0.57735026919,0.57735026919,-0.57735026919));
#1828 = PLANE('',#1829);
#1829 = AXIS2_PLACEMENT_3D('',#1830,#1831,#1832);
#1830 = CARTESIAN_POINT('',(-11.73,0.4,7.8));
#1831 = DIRECTION('',(1.5E-16,0.707106781187,0.707106781187));
#1832 = DIRECTION('',(-1.,3.606601717798E-17,1.76066017178E-16));
#1833 = ADVANCED_FACE('',(#1834),#1852,.T.);
#1834 = FACE_BOUND('',#1835,.T.);
#1835 = EDGE_LOOP('',(#1836,#1837,#1845,#1851));
#1836 = ORIENTED_EDGE('',*,*,#307,.T.);
#1837 = ORIENTED_EDGE('',*,*,#1838,.T.);
#1838 = EDGE_CURVE('',#308,#1839,#1841,.T.);
#1839 = VERTEX_POINT('',#1840);
#1840 = CARTESIAN_POINT('',(-24.8,1.94,7.6));
#1841 = LINE('',#1842,#1843);
#1842 = CARTESIAN_POINT('',(-25.2,2.34,8.));
#1843 = VECTOR('',#1844,1.);
#1844 = DIRECTION('',(0.57735026919,-0.57735026919,-0.57735026919));
#1845 = ORIENTED_EDGE('',*,*,#1846,.T.);
#1846 = EDGE_CURVE('',#1839,#1784,#1847,.T.);
#1847 = LINE('',#1848,#1849);
#1848 = CARTESIAN_POINT('',(-12.4,1.94,7.6));
#1849 = VECTOR('',#1850,1.);
#1850 = DIRECTION('',(1.,-2.1E-16,0.));
#1851 = ORIENTED_EDGE('',*,*,#1783,.F.);
#1852 = PLANE('',#1853);
#1853 = AXIS2_PLACEMENT_3D('',#1854,#1855,#1856);
#1854 = CARTESIAN_POINT('',(-12.4,2.14,7.8));
#1855 = DIRECTION('',(-1.5E-16,-0.707106781187,0.707106781187));
#1856 = DIRECTION('',(-1.,3.606601717798E-17,-1.76066017178E-16));
#1857 = ADVANCED_FACE('',(#1858),#1869,.T.);
#1858 = FACE_BOUND('',#1859,.T.);
#1859 = EDGE_LOOP('',(#1860,#1866,#1867,#1868));
#1860 = ORIENTED_EDGE('',*,*,#1861,.T.);
#1861 = EDGE_CURVE('',#1816,#1839,#1862,.T.);
#1862 = LINE('',#1863,#1864);
#1863 = CARTESIAN_POINT('',(-24.8,0.3,7.6));
#1864 = VECTOR('',#1865,1.);
#1865 = DIRECTION('',(0.,1.,-1.2E-16));
#1866 = ORIENTED_EDGE('',*,*,#1838,.F.);
#1867 = ORIENTED_EDGE('',*,*,#315,.T.);
#1868 = ORIENTED_EDGE('',*,*,#1823,.T.);
#1869 = PLANE('',#1870);
#1870 = AXIS2_PLACEMENT_3D('',#1871,#1872,#1873);
#1871 = CARTESIAN_POINT('',(-25.,0.3,7.8));
#1872 = DIRECTION('',(0.707106781187,9.E-17,0.707106781187));
#1873 = DIRECTION('',(-0.707106781187,9.E-17,0.707106781187));
#1874 = ADVANCED_FACE('',(#1875),#1900,.T.);
#1875 = FACE_BOUND('',#1876,.T.);
#1876 = EDGE_LOOP('',(#1877,#1878,#1886,#1894));
#1877 = ORIENTED_EDGE('',*,*,#331,.T.);
#1878 = ORIENTED_EDGE('',*,*,#1879,.T.);
#1879 = EDGE_CURVE('',#334,#1880,#1882,.T.);
#1880 = VERTEX_POINT('',#1881);
#1881 = CARTESIAN_POINT('',(-20.92,1.94,7.6));
#1882 = LINE('',#1883,#1884);
#1883 = CARTESIAN_POINT('',(-20.52,2.34,8.));
#1884 = VECTOR('',#1885,1.);
#1885 = DIRECTION('',(-0.57735026919,-0.57735026919,-0.57735026919));
#1886 = ORIENTED_EDGE('',*,*,#1887,.T.);
#1887 = EDGE_CURVE('',#1880,#1888,#1890,.T.);
#1888 = VERTEX_POINT('',#1889);
#1889 = CARTESIAN_POINT('',(-20.92,0.6,7.6));
#1890 = LINE('',#1891,#1892);
#1891 = CARTESIAN_POINT('',(-20.92,0.97,7.6));
#1892 = VECTOR('',#1893,1.);
#1893 = DIRECTION('',(0.,-1.,1.2E-16));
#1894 = ORIENTED_EDGE('',*,*,#1895,.T.);
#1895 = EDGE_CURVE('',#1888,#332,#1896,.T.);
#1896 = LINE('',#1897,#1898);
#1897 = CARTESIAN_POINT('',(-20.92,0.6,7.6));
#1898 = VECTOR('',#1899,1.);
#1899 = DIRECTION('',(0.57735026919,-0.57735026919,0.57735026919));
#1900 = PLANE('',#1901);
#1901 = AXIS2_PLACEMENT_3D('',#1902,#1903,#1904);
#1902 = CARTESIAN_POINT('',(-20.72,0.97,7.8));
#1903 = DIRECTION('',(-0.707106781187,9.E-17,0.707106781187));
#1904 = DIRECTION('',(-0.707106781187,-9.E-17,-0.707106781187));
#1905 = ADVANCED_FACE('',(#1906),#1924,.T.);
#1906 = FACE_BOUND('',#1907,.T.);
#1907 = EDGE_LOOP('',(#1908,#1909,#1910,#1918));
#1908 = ORIENTED_EDGE('',*,*,#357,.T.);
#1909 = ORIENTED_EDGE('',*,*,#1895,.F.);
#1910 = ORIENTED_EDGE('',*,*,#1911,.T.);
#1911 = EDGE_CURVE('',#1888,#1912,#1914,.T.);
#1912 = VERTEX_POINT('',#1913);
#1913 = CARTESIAN_POINT('',(-22.26,0.6,7.6));
#1914 = LINE('',#1915,#1916);
#1915 = CARTESIAN_POINT('',(-10.46,0.6,7.6));
#1916 = VECTOR('',#1917,1.);
#1917 = DIRECTION('',(-1.,2.1E-16,0.));
#1918 = ORIENTED_EDGE('',*,*,#1919,.F.);
#1919 = EDGE_CURVE('',#350,#1912,#1920,.T.);
#1920 = LINE('',#1921,#1922);
#1921 = CARTESIAN_POINT('',(-22.66,0.2,8.));
#1922 = VECTOR('',#1923,1.);
#1923 = DIRECTION('',(0.57735026919,0.57735026919,-0.57735026919));
#1924 = PLANE('',#1925);
#1925 = AXIS2_PLACEMENT_3D('',#1926,#1927,#1928);
#1926 = CARTESIAN_POINT('',(-10.46,0.4,7.8));
#1927 = DIRECTION('',(1.5E-16,0.707106781187,0.707106781187));
#1928 = DIRECTION('',(-1.,3.606601717798E-17,1.76066017178E-16));
#1929 = ADVANCED_FACE('',(#1930),#1948,.T.);
#1930 = FACE_BOUND('',#1931,.T.);
#1931 = EDGE_LOOP('',(#1932,#1933,#1941,#1947));
#1932 = ORIENTED_EDGE('',*,*,#341,.T.);
#1933 = ORIENTED_EDGE('',*,*,#1934,.T.);
#1934 = EDGE_CURVE('',#342,#1935,#1937,.T.);
#1935 = VERTEX_POINT('',#1936);
#1936 = CARTESIAN_POINT('',(-22.26,1.94,7.6));
#1937 = LINE('',#1938,#1939);
#1938 = CARTESIAN_POINT('',(-22.66,2.34,8.));
#1939 = VECTOR('',#1940,1.);
#1940 = DIRECTION('',(0.57735026919,-0.57735026919,-0.57735026919));
#1941 = ORIENTED_EDGE('',*,*,#1942,.T.);
#1942 = EDGE_CURVE('',#1935,#1880,#1943,.T.);
#1943 = LINE('',#1944,#1945);
#1944 = CARTESIAN_POINT('',(-11.13,1.94,7.6));
#1945 = VECTOR('',#1946,1.);
#1946 = DIRECTION('',(1.,-2.1E-16,0.));
#1947 = ORIENTED_EDGE('',*,*,#1879,.F.);
#1948 = PLANE('',#1949);
#1949 = AXIS2_PLACEMENT_3D('',#1950,#1951,#1952);
#1950 = CARTESIAN_POINT('',(-11.13,2.14,7.8));
#1951 = DIRECTION('',(-1.5E-16,-0.707106781187,0.707106781187));
#1952 = DIRECTION('',(-1.,3.606601717798E-17,-1.76066017178E-16));
#1953 = ADVANCED_FACE('',(#1954),#1965,.T.);
#1954 = FACE_BOUND('',#1955,.T.);
#1955 = EDGE_LOOP('',(#1956,#1962,#1963,#1964));
#1956 = ORIENTED_EDGE('',*,*,#1957,.T.);
#1957 = EDGE_CURVE('',#1912,#1935,#1958,.T.);
#1958 = LINE('',#1959,#1960);
#1959 = CARTESIAN_POINT('',(-22.26,0.3,7.6));
#1960 = VECTOR('',#1961,1.);
#1961 = DIRECTION('',(0.,1.,-1.2E-16));
#1962 = ORIENTED_EDGE('',*,*,#1934,.F.);
#1963 = ORIENTED_EDGE('',*,*,#349,.T.);
#1964 = ORIENTED_EDGE('',*,*,#1919,.T.);
#1965 = PLANE('',#1966);
#1966 = AXIS2_PLACEMENT_3D('',#1967,#1968,#1969);
#1967 = CARTESIAN_POINT('',(-22.46,0.3,7.8));
#1968 = DIRECTION('',(0.707106781187,9.E-17,0.707106781187));
#1969 = DIRECTION('',(-0.707106781187,9.E-17,0.707106781187));
#1970 = ADVANCED_FACE('',(#1971),#1996,.T.);
#1971 = FACE_BOUND('',#1972,.T.);
#1972 = EDGE_LOOP('',(#1973,#1974,#1982,#1990));
#1973 = ORIENTED_EDGE('',*,*,#365,.T.);
#1974 = ORIENTED_EDGE('',*,*,#1975,.T.);
#1975 = EDGE_CURVE('',#368,#1976,#1978,.T.);
#1976 = VERTEX_POINT('',#1977);
#1977 = CARTESIAN_POINT('',(-18.38,1.94,7.6));
#1978 = LINE('',#1979,#1980);
#1979 = CARTESIAN_POINT('',(-17.98,2.34,8.));
#1980 = VECTOR('',#1981,1.);
#1981 = DIRECTION('',(-0.57735026919,-0.57735026919,-0.57735026919));
#1982 = ORIENTED_EDGE('',*,*,#1983,.T.);
#1983 = EDGE_CURVE('',#1976,#1984,#1986,.T.);
#1984 = VERTEX_POINT('',#1985);
#1985 = CARTESIAN_POINT('',(-18.38,0.6,7.6));
#1986 = LINE('',#1987,#1988);
#1987 = CARTESIAN_POINT('',(-18.38,0.97,7.6));
#1988 = VECTOR('',#1989,1.);
#1989 = DIRECTION('',(0.,-1.,1.2E-16));
#1990 = ORIENTED_EDGE('',*,*,#1991,.T.);
#1991 = EDGE_CURVE('',#1984,#366,#1992,.T.);
#1992 = LINE('',#1993,#1994);
#1993 = CARTESIAN_POINT('',(-18.38,0.6,7.6));
#1994 = VECTOR('',#1995,1.);
#1995 = DIRECTION('',(0.57735026919,-0.57735026919,0.57735026919));
#1996 = PLANE('',#1997);
#1997 = AXIS2_PLACEMENT_3D('',#1998,#1999,#2000);
#1998 = CARTESIAN_POINT('',(-18.18,0.97,7.8));
#1999 = DIRECTION('',(-0.707106781187,9.E-17,0.707106781187));
#2000 = DIRECTION('',(-0.707106781187,-9.E-17,-0.707106781187));
#2001 = ADVANCED_FACE('',(#2002),#2020,.T.);
#2002 = FACE_BOUND('',#2003,.T.);
#2003 = EDGE_LOOP('',(#2004,#2005,#2006,#2014));
#2004 = ORIENTED_EDGE('',*,*,#391,.T.);
#2005 = ORIENTED_EDGE('',*,*,#1991,.F.);
#2006 = ORIENTED_EDGE('',*,*,#2007,.T.);
#2007 = EDGE_CURVE('',#1984,#2008,#2010,.T.);
#2008 = VERTEX_POINT('',#2009);
#2009 = CARTESIAN_POINT('',(-19.72,0.6,7.6));
#2010 = LINE('',#2011,#2012);
#2011 = CARTESIAN_POINT('',(-9.19,0.6,7.6));
#2012 = VECTOR('',#2013,1.);
#2013 = DIRECTION('',(-1.,2.1E-16,0.));
#2014 = ORIENTED_EDGE('',*,*,#2015,.F.);
#2015 = EDGE_CURVE('',#384,#2008,#2016,.T.);
#2016 = LINE('',#2017,#2018);
#2017 = CARTESIAN_POINT('',(-20.12,0.2,8.));
#2018 = VECTOR('',#2019,1.);
#2019 = DIRECTION('',(0.57735026919,0.57735026919,-0.57735026919));
#2020 = PLANE('',#2021);
#2021 = AXIS2_PLACEMENT_3D('',#2022,#2023,#2024);
#2022 = CARTESIAN_POINT('',(-9.19,0.4,7.8));
#2023 = DIRECTION('',(1.5E-16,0.707106781187,0.707106781187));
#2024 = DIRECTION('',(-1.,3.606601717798E-17,1.76066017178E-16));
#2025 = ADVANCED_FACE('',(#2026),#2044,.T.);
#2026 = FACE_BOUND('',#2027,.T.);
#2027 = EDGE_LOOP('',(#2028,#2029,#2037,#2043));
#2028 = ORIENTED_EDGE('',*,*,#375,.T.);
#2029 = ORIENTED_EDGE('',*,*,#2030,.T.);
#2030 = EDGE_CURVE('',#376,#2031,#2033,.T.);
#2031 = VERTEX_POINT('',#2032);
#2032 = CARTESIAN_POINT('',(-19.72,1.94,7.6));
#2033 = LINE('',#2034,#2035);
#2034 = CARTESIAN_POINT('',(-20.12,2.34,8.));
#2035 = VECTOR('',#2036,1.);
#2036 = DIRECTION('',(0.57735026919,-0.57735026919,-0.57735026919));
#2037 = ORIENTED_EDGE('',*,*,#2038,.T.);
#2038 = EDGE_CURVE('',#2031,#1976,#2039,.T.);
#2039 = LINE('',#2040,#2041);
#2040 = CARTESIAN_POINT('',(-9.86,1.94,7.6));
#2041 = VECTOR('',#2042,1.);
#2042 = DIRECTION('',(1.,-2.1E-16,0.));
#2043 = ORIENTED_EDGE('',*,*,#1975,.F.);
#2044 = PLANE('',#2045);
#2045 = AXIS2_PLACEMENT_3D('',#2046,#2047,#2048);
#2046 = CARTESIAN_POINT('',(-9.86,2.14,7.8));
#2047 = DIRECTION('',(-1.5E-16,-0.707106781187,0.707106781187));
#2048 = DIRECTION('',(-1.,3.606601717798E-17,-1.76066017178E-16));
#2049 = ADVANCED_FACE('',(#2050),#2061,.T.);
#2050 = FACE_BOUND('',#2051,.T.);
#2051 = EDGE_LOOP('',(#2052,#2058,#2059,#2060));
#2052 = ORIENTED_EDGE('',*,*,#2053,.T.);
#2053 = EDGE_CURVE('',#2008,#2031,#2054,.T.);
#2054 = LINE('',#2055,#2056);
#2055 = CARTESIAN_POINT('',(-19.72,0.3,7.6));
#2056 = VECTOR('',#2057,1.);
#2057 = DIRECTION('',(0.,1.,-1.2E-16));
#2058 = ORIENTED_EDGE('',*,*,#2030,.F.);
#2059 = ORIENTED_EDGE('',*,*,#383,.T.);
#2060 = ORIENTED_EDGE('',*,*,#2015,.T.);
#2061 = PLANE('',#2062);
#2062 = AXIS2_PLACEMENT_3D('',#2063,#2064,#2065);
#2063 = CARTESIAN_POINT('',(-19.92,0.3,7.8));
#2064 = DIRECTION('',(0.707106781187,9.E-17,0.707106781187));
#2065 = DIRECTION('',(-0.707106781187,9.E-17,0.707106781187));
#2066 = ADVANCED_FACE('',(#2067),#2092,.T.);
#2067 = FACE_BOUND('',#2068,.T.);
#2068 = EDGE_LOOP('',(#2069,#2070,#2078,#2086));
#2069 = ORIENTED_EDGE('',*,*,#399,.T.);
#2070 = ORIENTED_EDGE('',*,*,#2071,.T.);
#2071 = EDGE_CURVE('',#402,#2072,#2074,.T.);
#2072 = VERTEX_POINT('',#2073);
#2073 = CARTESIAN_POINT('',(-15.84,1.94,7.6));
#2074 = LINE('',#2075,#2076);
#2075 = CARTESIAN_POINT('',(-15.44,2.34,8.));
#2076 = VECTOR('',#2077,1.);
#2077 = DIRECTION('',(-0.57735026919,-0.57735026919,-0.57735026919));
#2078 = ORIENTED_EDGE('',*,*,#2079,.T.);
#2079 = EDGE_CURVE('',#2072,#2080,#2082,.T.);
#2080 = VERTEX_POINT('',#2081);
#2081 = CARTESIAN_POINT('',(-15.84,0.6,7.6));
#2082 = LINE('',#2083,#2084);
#2083 = CARTESIAN_POINT('',(-15.84,0.97,7.6));
#2084 = VECTOR('',#2085,1.);
#2085 = DIRECTION('',(0.,-1.,1.2E-16));
#2086 = ORIENTED_EDGE('',*,*,#2087,.T.);
#2087 = EDGE_CURVE('',#2080,#400,#2088,.T.);
#2088 = LINE('',#2089,#2090);
#2089 = CARTESIAN_POINT('',(-15.84,0.6,7.6));
#2090 = VECTOR('',#2091,1.);
#2091 = DIRECTION('',(0.57735026919,-0.57735026919,0.57735026919));
#2092 = PLANE('',#2093);
#2093 = AXIS2_PLACEMENT_3D('',#2094,#2095,#2096);
#2094 = CARTESIAN_POINT('',(-15.64,0.97,7.8));
#2095 = DIRECTION('',(-0.707106781187,9.E-17,0.707106781187));
#2096 = DIRECTION('',(-0.707106781187,-9.E-17,-0.707106781187));
#2097 = ADVANCED_FACE('',(#2098),#2116,.T.);
#2098 = FACE_BOUND('',#2099,.T.);
#2099 = EDGE_LOOP('',(#2100,#2101,#2102,#2110));
#2100 = ORIENTED_EDGE('',*,*,#425,.T.);
#2101 = ORIENTED_EDGE('',*,*,#2087,.F.);
#2102 = ORIENTED_EDGE('',*,*,#2103,.T.);
#2103 = EDGE_CURVE('',#2080,#2104,#2106,.T.);
#2104 = VERTEX_POINT('',#2105);
#2105 = CARTESIAN_POINT('',(-17.18,0.6,7.6));
#2106 = LINE('',#2107,#2108);
#2107 = CARTESIAN_POINT('',(-7.92,0.6,7.6));
#2108 = VECTOR('',#2109,1.);
#2109 = DIRECTION('',(-1.,2.1E-16,0.));
#2110 = ORIENTED_EDGE('',*,*,#2111,.F.);
#2111 = EDGE_CURVE('',#418,#2104,#2112,.T.);
#2112 = LINE('',#2113,#2114);
#2113 = CARTESIAN_POINT('',(-17.58,0.2,8.));
#2114 = VECTOR('',#2115,1.);
#2115 = DIRECTION('',(0.57735026919,0.57735026919,-0.57735026919));
#2116 = PLANE('',#2117);
#2117 = AXIS2_PLACEMENT_3D('',#2118,#2119,#2120);
#2118 = CARTESIAN_POINT('',(-7.92,0.4,7.8));
#2119 = DIRECTION('',(1.5E-16,0.707106781187,0.707106781187));
#2120 = DIRECTION('',(-1.,3.606601717798E-17,1.76066017178E-16));
#2121 = ADVANCED_FACE('',(#2122),#2140,.T.);
#2122 = FACE_BOUND('',#2123,.T.);
#2123 = EDGE_LOOP('',(#2124,#2125,#2133,#2139));
#2124 = ORIENTED_EDGE('',*,*,#409,.T.);
#2125 = ORIENTED_EDGE('',*,*,#2126,.T.);
#2126 = EDGE_CURVE('',#410,#2127,#2129,.T.);
#2127 = VERTEX_POINT('',#2128);
#2128 = CARTESIAN_POINT('',(-17.18,1.94,7.6));
#2129 = LINE('',#2130,#2131);
#2130 = CARTESIAN_POINT('',(-17.58,2.34,8.));
#2131 = VECTOR('',#2132,1.);
#2132 = DIRECTION('',(0.57735026919,-0.57735026919,-0.57735026919));
#2133 = ORIENTED_EDGE('',*,*,#2134,.T.);
#2134 = EDGE_CURVE('',#2127,#2072,#2135,.T.);
#2135 = LINE('',#2136,#2137);
#2136 = CARTESIAN_POINT('',(-8.59,1.94,7.6));
#2137 = VECTOR('',#2138,1.);
#2138 = DIRECTION('',(1.,-2.1E-16,0.));
#2139 = ORIENTED_EDGE('',*,*,#2071,.F.);
#2140 = PLANE('',#2141);
#2141 = AXIS2_PLACEMENT_3D('',#2142,#2143,#2144);
#2142 = CARTESIAN_POINT('',(-8.59,2.14,7.8));
#2143 = DIRECTION('',(-1.5E-16,-0.707106781187,0.707106781187));
#2144 = DIRECTION('',(-1.,3.606601717798E-17,-1.76066017178E-16));
#2145 = ADVANCED_FACE('',(#2146),#2157,.T.);
#2146 = FACE_BOUND('',#2147,.T.);
#2147 = EDGE_LOOP('',(#2148,#2154,#2155,#2156));
#2148 = ORIENTED_EDGE('',*,*,#2149,.T.);
#2149 = EDGE_CURVE('',#2104,#2127,#2150,.T.);
#2150 = LINE('',#2151,#2152);
#2151 = CARTESIAN_POINT('',(-17.18,0.3,7.6));
#2152 = VECTOR('',#2153,1.);
#2153 = DIRECTION('',(0.,1.,-1.2E-16));
#2154 = ORIENTED_EDGE('',*,*,#2126,.F.);
#2155 = ORIENTED_EDGE('',*,*,#417,.T.);
#2156 = ORIENTED_EDGE('',*,*,#2111,.T.);
#2157 = PLANE('',#2158);
#2158 = AXIS2_PLACEMENT_3D('',#2159,#2160,#2161);
#2159 = CARTESIAN_POINT('',(-17.38,0.3,7.8));
#2160 = DIRECTION('',(0.707106781187,9.E-17,0.707106781187));
#2161 = DIRECTION('',(-0.707106781187,9.E-17,0.707106781187));
#2162 = ADVANCED_FACE('',(#2163),#2188,.T.);
#2163 = FACE_BOUND('',#2164,.T.);
#2164 = EDGE_LOOP('',(#2165,#2166,#2174,#2182));
#2165 = ORIENTED_EDGE('',*,*,#433,.T.);
#2166 = ORIENTED_EDGE('',*,*,#2167,.T.);
#2167 = EDGE_CURVE('',#436,#2168,#2170,.T.);
#2168 = VERTEX_POINT('',#2169);
#2169 = CARTESIAN_POINT('',(-13.3,1.94,7.6));
#2170 = LINE('',#2171,#2172);
#2171 = CARTESIAN_POINT('',(-12.9,2.34,8.));
#2172 = VECTOR('',#2173,1.);
#2173 = DIRECTION('',(-0.57735026919,-0.57735026919,-0.57735026919));
#2174 = ORIENTED_EDGE('',*,*,#2175,.T.);
#2175 = EDGE_CURVE('',#2168,#2176,#2178,.T.);
#2176 = VERTEX_POINT('',#2177);
#2177 = CARTESIAN_POINT('',(-13.3,0.6,7.6));
#2178 = LINE('',#2179,#2180);
#2179 = CARTESIAN_POINT('',(-13.3,0.97,7.6));
#2180 = VECTOR('',#2181,1.);
#2181 = DIRECTION('',(0.,-1.,1.2E-16));
#2182 = ORIENTED_EDGE('',*,*,#2183,.T.);
#2183 = EDGE_CURVE('',#2176,#434,#2184,.T.);
#2184 = LINE('',#2185,#2186);
#2185 = CARTESIAN_POINT('',(-13.3,0.6,7.6));
#2186 = VECTOR('',#2187,1.);
#2187 = DIRECTION('',(0.57735026919,-0.57735026919,0.57735026919));
#2188 = PLANE('',#2189);
#2189 = AXIS2_PLACEMENT_3D('',#2190,#2191,#2192);
#2190 = CARTESIAN_POINT('',(-13.1,0.97,7.8));
#2191 = DIRECTION('',(-0.707106781187,9.E-17,0.707106781187));
#2192 = DIRECTION('',(-0.707106781187,-9.E-17,-0.707106781187));
#2193 = ADVANCED_FACE('',(#2194),#2212,.T.);
#2194 = FACE_BOUND('',#2195,.T.);
#2195 = EDGE_LOOP('',(#2196,#2197,#2198,#2206));
#2196 = ORIENTED_EDGE('',*,*,#459,.T.);
#2197 = ORIENTED_EDGE('',*,*,#2183,.F.);
#2198 = ORIENTED_EDGE('',*,*,#2199,.T.);
#2199 = EDGE_CURVE('',#2176,#2200,#2202,.T.);
#2200 = VERTEX_POINT('',#2201);
#2201 = CARTESIAN_POINT('',(-14.64,0.6,7.6));
#2202 = LINE('',#2203,#2204);
#2203 = CARTESIAN_POINT('',(-6.65,0.6,7.6));
#2204 = VECTOR('',#2205,1.);
#2205 = DIRECTION('',(-1.,2.1E-16,0.));
#2206 = ORIENTED_EDGE('',*,*,#2207,.F.);
#2207 = EDGE_CURVE('',#452,#2200,#2208,.T.);
#2208 = LINE('',#2209,#2210);
#2209 = CARTESIAN_POINT('',(-15.04,0.2,8.));
#2210 = VECTOR('',#2211,1.);
#2211 = DIRECTION('',(0.57735026919,0.57735026919,-0.57735026919));
#2212 = PLANE('',#2213);
#2213 = AXIS2_PLACEMENT_3D('',#2214,#2215,#2216);
#2214 = CARTESIAN_POINT('',(-6.65,0.4,7.8));
#2215 = DIRECTION('',(1.5E-16,0.707106781187,0.707106781187));
#2216 = DIRECTION('',(-1.,3.606601717798E-17,1.76066017178E-16));
#2217 = ADVANCED_FACE('',(#2218),#2236,.T.);
#2218 = FACE_BOUND('',#2219,.T.);
#2219 = EDGE_LOOP('',(#2220,#2221,#2229,#2235));
#2220 = ORIENTED_EDGE('',*,*,#443,.T.);
#2221 = ORIENTED_EDGE('',*,*,#2222,.T.);
#2222 = EDGE_CURVE('',#444,#2223,#2225,.T.);
#2223 = VERTEX_POINT('',#2224);
#2224 = CARTESIAN_POINT('',(-14.64,1.94,7.6));
#2225 = LINE('',#2226,#2227);
#2226 = CARTESIAN_POINT('',(-15.04,2.34,8.));
#2227 = VECTOR('',#2228,1.);
#2228 = DIRECTION('',(0.57735026919,-0.57735026919,-0.57735026919));
#2229 = ORIENTED_EDGE('',*,*,#2230,.T.);
#2230 = EDGE_CURVE('',#2223,#2168,#2231,.T.);
#2231 = LINE('',#2232,#2233);
#2232 = CARTESIAN_POINT('',(-7.32,1.94,7.6));
#2233 = VECTOR('',#2234,1.);
#2234 = DIRECTION('',(1.,-2.1E-16,0.));
#2235 = ORIENTED_EDGE('',*,*,#2167,.F.);
#2236 = PLANE('',#2237);
#2237 = AXIS2_PLACEMENT_3D('',#2238,#2239,#2240);
#2238 = CARTESIAN_POINT('',(-7.32,2.14,7.8));
#2239 = DIRECTION('',(-1.5E-16,-0.707106781187,0.707106781187));
#2240 = DIRECTION('',(-1.,3.606601717798E-17,-1.76066017178E-16));
#2241 = ADVANCED_FACE('',(#2242),#2253,.T.);
#2242 = FACE_BOUND('',#2243,.T.);
#2243 = EDGE_LOOP('',(#2244,#2250,#2251,#2252));
#2244 = ORIENTED_EDGE('',*,*,#2245,.T.);
#2245 = EDGE_CURVE('',#2200,#2223,#2246,.T.);
#2246 = LINE('',#2247,#2248);
#2247 = CARTESIAN_POINT('',(-14.64,0.3,7.6));
#2248 = VECTOR('',#2249,1.);
#2249 = DIRECTION('',(0.,1.,-1.2E-16));
#2250 = ORIENTED_EDGE('',*,*,#2222,.F.);
#2251 = ORIENTED_EDGE('',*,*,#451,.T.);
#2252 = ORIENTED_EDGE('',*,*,#2207,.T.);
#2253 = PLANE('',#2254);
#2254 = AXIS2_PLACEMENT_3D('',#2255,#2256,#2257);
#2255 = CARTESIAN_POINT('',(-14.84,0.3,7.8));
#2256 = DIRECTION('',(0.707106781187,9.E-17,0.707106781187));
#2257 = DIRECTION('',(-0.707106781187,9.E-17,0.707106781187));
#2258 = ADVANCED_FACE('',(#2259),#2284,.T.);
#2259 = FACE_BOUND('',#2260,.T.);
#2260 = EDGE_LOOP('',(#2261,#2262,#2270,#2278));
#2261 = ORIENTED_EDGE('',*,*,#467,.T.);
#2262 = ORIENTED_EDGE('',*,*,#2263,.T.);
#2263 = EDGE_CURVE('',#470,#2264,#2266,.T.);
#2264 = VERTEX_POINT('',#2265);
#2265 = CARTESIAN_POINT('',(-10.76,1.94,7.6));
#2266 = LINE('',#2267,#2268);
#2267 = CARTESIAN_POINT('',(-10.36,2.34,8.));
#2268 = VECTOR('',#2269,1.);
#2269 = DIRECTION('',(-0.57735026919,-0.57735026919,-0.57735026919));
#2270 = ORIENTED_EDGE('',*,*,#2271,.T.);
#2271 = EDGE_CURVE('',#2264,#2272,#2274,.T.);
#2272 = VERTEX_POINT('',#2273);
#2273 = CARTESIAN_POINT('',(-10.76,0.6,7.6));
#2274 = LINE('',#2275,#2276);
#2275 = CARTESIAN_POINT('',(-10.76,0.97,7.6));
#2276 = VECTOR('',#2277,1.);
#2277 = DIRECTION('',(0.,-1.,1.2E-16));
#2278 = ORIENTED_EDGE('',*,*,#2279,.T.);
#2279 = EDGE_CURVE('',#2272,#468,#2280,.T.);
#2280 = LINE('',#2281,#2282);
#2281 = CARTESIAN_POINT('',(-10.76,0.6,7.6));
#2282 = VECTOR('',#2283,1.);
#2283 = DIRECTION('',(0.57735026919,-0.57735026919,0.57735026919));
#2284 = PLANE('',#2285);
#2285 = AXIS2_PLACEMENT_3D('',#2286,#2287,#2288);
#2286 = CARTESIAN_POINT('',(-10.56,0.97,7.8));
#2287 = DIRECTION('',(-0.707106781187,9.E-17,0.707106781187));
#2288 = DIRECTION('',(-0.707106781187,-9.E-17,-0.707106781187));
#2289 = ADVANCED_FACE('',(#2290),#2308,.T.);
#2290 = FACE_BOUND('',#2291,.T.);
#2291 = EDGE_LOOP('',(#2292,#2293,#2294,#2302));
#2292 = ORIENTED_EDGE('',*,*,#493,.T.);
#2293 = ORIENTED_EDGE('',*,*,#2279,.F.);
#2294 = ORIENTED_EDGE('',*,*,#2295,.T.);
#2295 = EDGE_CURVE('',#2272,#2296,#2298,.T.);
#2296 = VERTEX_POINT('',#2297);
#2297 = CARTESIAN_POINT('',(-12.1,0.6,7.6));
#2298 = LINE('',#2299,#2300);
#2299 = CARTESIAN_POINT('',(-5.38,0.6,7.6));
#2300 = VECTOR('',#2301,1.);
#2301 = DIRECTION('',(-1.,2.1E-16,0.));
#2302 = ORIENTED_EDGE('',*,*,#2303,.F.);
#2303 = EDGE_CURVE('',#486,#2296,#2304,.T.);
#2304 = LINE('',#2305,#2306);
#2305 = CARTESIAN_POINT('',(-12.5,0.2,8.));
#2306 = VECTOR('',#2307,1.);
#2307 = DIRECTION('',(0.57735026919,0.57735026919,-0.57735026919));
#2308 = PLANE('',#2309);
#2309 = AXIS2_PLACEMENT_3D('',#2310,#2311,#2312);
#2310 = CARTESIAN_POINT('',(-5.38,0.4,7.8));
#2311 = DIRECTION('',(1.5E-16,0.707106781187,0.707106781187));
#2312 = DIRECTION('',(-1.,3.606601717798E-17,1.76066017178E-16));
#2313 = ADVANCED_FACE('',(#2314),#2332,.T.);
#2314 = FACE_BOUND('',#2315,.T.);
#2315 = EDGE_LOOP('',(#2316,#2317,#2325,#2331));
#2316 = ORIENTED_EDGE('',*,*,#477,.T.);
#2317 = ORIENTED_EDGE('',*,*,#2318,.T.);
#2318 = EDGE_CURVE('',#478,#2319,#2321,.T.);
#2319 = VERTEX_POINT('',#2320);
#2320 = CARTESIAN_POINT('',(-12.1,1.94,7.6));
#2321 = LINE('',#2322,#2323);
#2322 = CARTESIAN_POINT('',(-12.5,2.34,8.));
#2323 = VECTOR('',#2324,1.);
#2324 = DIRECTION('',(0.57735026919,-0.57735026919,-0.57735026919));
#2325 = ORIENTED_EDGE('',*,*,#2326,.T.);
#2326 = EDGE_CURVE('',#2319,#2264,#2327,.T.);
#2327 = LINE('',#2328,#2329);
#2328 = CARTESIAN_POINT('',(-6.05,1.94,7.6));
#2329 = VECTOR('',#2330,1.);
#2330 = DIRECTION('',(1.,-2.1E-16,0.));
#2331 = ORIENTED_EDGE('',*,*,#2263,.F.);
#2332 = PLANE('',#2333);
#2333 = AXIS2_PLACEMENT_3D('',#2334,#2335,#2336);
#2334 = CARTESIAN_POINT('',(-6.05,2.14,7.8));
#2335 = DIRECTION('',(-1.5E-16,-0.707106781187,0.707106781187));
#2336 = DIRECTION('',(-1.,3.606601717798E-17,-1.76066017178E-16));
#2337 = ADVANCED_FACE('',(#2338),#2349,.T.);
#2338 = FACE_BOUND('',#2339,.T.);
#2339 = EDGE_LOOP('',(#2340,#2346,#2347,#2348));
#2340 = ORIENTED_EDGE('',*,*,#2341,.T.);
#2341 = EDGE_CURVE('',#2296,#2319,#2342,.T.);
#2342 = LINE('',#2343,#2344);
#2343 = CARTESIAN_POINT('',(-12.1,0.3,7.6));
#2344 = VECTOR('',#2345,1.);
#2345 = DIRECTION('',(0.,1.,-1.2E-16));
#2346 = ORIENTED_EDGE('',*,*,#2318,.F.);
#2347 = ORIENTED_EDGE('',*,*,#485,.T.);
#2348 = ORIENTED_EDGE('',*,*,#2303,.T.);
#2349 = PLANE('',#2350);
#2350 = AXIS2_PLACEMENT_3D('',#2351,#2352,#2353);
#2351 = CARTESIAN_POINT('',(-12.3,0.3,7.8));
#2352 = DIRECTION('',(0.707106781187,9.E-17,0.707106781187));
#2353 = DIRECTION('',(-0.707106781187,9.E-17,0.707106781187));
#2354 = ADVANCED_FACE('',(#2355),#2380,.T.);
#2355 = FACE_BOUND('',#2356,.T.);
#2356 = EDGE_LOOP('',(#2357,#2358,#2366,#2374));
#2357 = ORIENTED_EDGE('',*,*,#501,.T.);
#2358 = ORIENTED_EDGE('',*,*,#2359,.T.);
#2359 = EDGE_CURVE('',#504,#2360,#2362,.T.);
#2360 = VERTEX_POINT('',#2361);
#2361 = CARTESIAN_POINT('',(-8.22,1.94,7.6));
#2362 = LINE('',#2363,#2364);
#2363 = CARTESIAN_POINT('',(-7.82,2.34,8.));
#2364 = VECTOR('',#2365,1.);
#2365 = DIRECTION('',(-0.57735026919,-0.57735026919,-0.57735026919));
#2366 = ORIENTED_EDGE('',*,*,#2367,.T.);
#2367 = EDGE_CURVE('',#2360,#2368,#2370,.T.);
#2368 = VERTEX_POINT('',#2369);
#2369 = CARTESIAN_POINT('',(-8.22,0.6,7.6));
#2370 = LINE('',#2371,#2372);
#2371 = CARTESIAN_POINT('',(-8.22,0.97,7.6));
#2372 = VECTOR('',#2373,1.);
#2373 = DIRECTION('',(0.,-1.,1.2E-16));
#2374 = ORIENTED_EDGE('',*,*,#2375,.T.);
#2375 = EDGE_CURVE('',#2368,#502,#2376,.T.);
#2376 = LINE('',#2377,#2378);
#2377 = CARTESIAN_POINT('',(-8.22,0.6,7.6));
#2378 = VECTOR('',#2379,1.);
#2379 = DIRECTION('',(0.57735026919,-0.57735026919,0.57735026919));
#2380 = PLANE('',#2381);
#2381 = AXIS2_PLACEMENT_3D('',#2382,#2383,#2384);
#2382 = CARTESIAN_POINT('',(-8.02,0.97,7.8));
#2383 = DIRECTION('',(-0.707106781187,9.E-17,0.707106781187));
#2384 = DIRECTION('',(-0.707106781187,-9.E-17,-0.707106781187));
#2385 = ADVANCED_FACE('',(#2386),#2404,.T.);
#2386 = FACE_BOUND('',#2387,.T.);
#2387 = EDGE_LOOP('',(#2388,#2389,#2390,#2398));
#2388 = ORIENTED_EDGE('',*,*,#527,.T.);
#2389 = ORIENTED_EDGE('',*,*,#2375,.F.);
#2390 = ORIENTED_EDGE('',*,*,#2391,.T.);
#2391 = EDGE_CURVE('',#2368,#2392,#2394,.T.);
#2392 = VERTEX_POINT('',#2393);
#2393 = CARTESIAN_POINT('',(-9.56,0.6,7.6));
#2394 = LINE('',#2395,#2396);
#2395 = CARTESIAN_POINT('',(-4.11,0.6,7.6));
#2396 = VECTOR('',#2397,1.);
#2397 = DIRECTION('',(-1.,2.1E-16,0.));
#2398 = ORIENTED_EDGE('',*,*,#2399,.F.);
#2399 = EDGE_CURVE('',#520,#2392,#2400,.T.);
#2400 = LINE('',#2401,#2402);
#2401 = CARTESIAN_POINT('',(-9.96,0.2,8.));
#2402 = VECTOR('',#2403,1.);
#2403 = DIRECTION('',(0.57735026919,0.57735026919,-0.57735026919));
#2404 = PLANE('',#2405);
#2405 = AXIS2_PLACEMENT_3D('',#2406,#2407,#2408);
#2406 = CARTESIAN_POINT('',(-4.11,0.4,7.8));
#2407 = DIRECTION('',(1.5E-16,0.707106781187,0.707106781187));
#2408 = DIRECTION('',(-1.,3.606601717798E-17,1.76066017178E-16));
#2409 = ADVANCED_FACE('',(#2410),#2428,.T.);
#2410 = FACE_BOUND('',#2411,.T.);
#2411 = EDGE_LOOP('',(#2412,#2413,#2421,#2427));
#2412 = ORIENTED_EDGE('',*,*,#511,.T.);
#2413 = ORIENTED_EDGE('',*,*,#2414,.T.);
#2414 = EDGE_CURVE('',#512,#2415,#2417,.T.);
#2415 = VERTEX_POINT('',#2416);
#2416 = CARTESIAN_POINT('',(-9.56,1.94,7.6));
#2417 = LINE('',#2418,#2419);
#2418 = CARTESIAN_POINT('',(-9.96,2.34,8.));
#2419 = VECTOR('',#2420,1.);
#2420 = DIRECTION('',(0.57735026919,-0.57735026919,-0.57735026919));
#2421 = ORIENTED_EDGE('',*,*,#2422,.T.);
#2422 = EDGE_CURVE('',#2415,#2360,#2423,.T.);
#2423 = LINE('',#2424,#2425);
#2424 = CARTESIAN_POINT('',(-4.78,1.94,7.6));
#2425 = VECTOR('',#2426,1.);
#2426 = DIRECTION('',(1.,-2.1E-16,0.));
#2427 = ORIENTED_EDGE('',*,*,#2359,.F.);
#2428 = PLANE('',#2429);
#2429 = AXIS2_PLACEMENT_3D('',#2430,#2431,#2432);
#2430 = CARTESIAN_POINT('',(-4.78,2.14,7.8));
#2431 = DIRECTION('',(-1.5E-16,-0.707106781187,0.707106781187));
#2432 = DIRECTION('',(-1.,3.606601717798E-17,-1.76066017178E-16));
#2433 = ADVANCED_FACE('',(#2434),#2445,.T.);
#2434 = FACE_BOUND('',#2435,.T.);
#2435 = EDGE_LOOP('',(#2436,#2442,#2443,#2444));
#2436 = ORIENTED_EDGE('',*,*,#2437,.T.);
#2437 = EDGE_CURVE('',#2392,#2415,#2438,.T.);
#2438 = LINE('',#2439,#2440);
#2439 = CARTESIAN_POINT('',(-9.56,0.3,7.6));
#2440 = VECTOR('',#2441,1.);
#2441 = DIRECTION('',(0.,1.,-1.2E-16));
#2442 = ORIENTED_EDGE('',*,*,#2414,.F.);
#2443 = ORIENTED_EDGE('',*,*,#519,.T.);
#2444 = ORIENTED_EDGE('',*,*,#2399,.T.);
#2445 = PLANE('',#2446);
#2446 = AXIS2_PLACEMENT_3D('',#2447,#2448,#2449);
#2447 = CARTESIAN_POINT('',(-9.76,0.3,7.8));
#2448 = DIRECTION('',(0.707106781187,9.E-17,0.707106781187));
#2449 = DIRECTION('',(-0.707106781187,9.E-17,0.707106781187));
#2450 = ADVANCED_FACE('',(#2451),#2476,.T.);
#2451 = FACE_BOUND('',#2452,.T.);
#2452 = EDGE_LOOP('',(#2453,#2454,#2462,#2470));
#2453 = ORIENTED_EDGE('',*,*,#535,.T.);
#2454 = ORIENTED_EDGE('',*,*,#2455,.T.);
#2455 = EDGE_CURVE('',#538,#2456,#2458,.T.);
#2456 = VERTEX_POINT('',#2457);
#2457 = CARTESIAN_POINT('',(-5.68,1.94,7.6));
#2458 = LINE('',#2459,#2460);
#2459 = CARTESIAN_POINT('',(-5.28,2.34,8.));
#2460 = VECTOR('',#2461,1.);
#2461 = DIRECTION('',(-0.57735026919,-0.57735026919,-0.57735026919));
#2462 = ORIENTED_EDGE('',*,*,#2463,.T.);
#2463 = EDGE_CURVE('',#2456,#2464,#2466,.T.);
#2464 = VERTEX_POINT('',#2465);
#2465 = CARTESIAN_POINT('',(-5.68,0.6,7.6));
#2466 = LINE('',#2467,#2468);
#2467 = CARTESIAN_POINT('',(-5.68,0.97,7.6));
#2468 = VECTOR('',#2469,1.);
#2469 = DIRECTION('',(0.,-1.,1.2E-16));
#2470 = ORIENTED_EDGE('',*,*,#2471,.T.);
#2471 = EDGE_CURVE('',#2464,#536,#2472,.T.);
#2472 = LINE('',#2473,#2474);
#2473 = CARTESIAN_POINT('',(-5.68,0.6,7.6));
#2474 = VECTOR('',#2475,1.);
#2475 = DIRECTION('',(0.57735026919,-0.57735026919,0.57735026919));
#2476 = PLANE('',#2477);
#2477 = AXIS2_PLACEMENT_3D('',#2478,#2479,#2480);
#2478 = CARTESIAN_POINT('',(-5.48,0.97,7.8));
#2479 = DIRECTION('',(-0.707106781187,9.E-17,0.707106781187));
#2480 = DIRECTION('',(-0.707106781187,-9.E-17,-0.707106781187));
#2481 = ADVANCED_FACE('',(#2482),#2500,.T.);
#2482 = FACE_BOUND('',#2483,.T.);
#2483 = EDGE_LOOP('',(#2484,#2485,#2486,#2494));
#2484 = ORIENTED_EDGE('',*,*,#561,.T.);
#2485 = ORIENTED_EDGE('',*,*,#2471,.F.);
#2486 = ORIENTED_EDGE('',*,*,#2487,.T.);
#2487 = EDGE_CURVE('',#2464,#2488,#2490,.T.);
#2488 = VERTEX_POINT('',#2489);
#2489 = CARTESIAN_POINT('',(-7.02,0.6,7.6));
#2490 = LINE('',#2491,#2492);
#2491 = CARTESIAN_POINT('',(-2.84,0.6,7.6));
#2492 = VECTOR('',#2493,1.);
#2493 = DIRECTION('',(-1.,2.1E-16,0.));
#2494 = ORIENTED_EDGE('',*,*,#2495,.F.);
#2495 = EDGE_CURVE('',#554,#2488,#2496,.T.);
#2496 = LINE('',#2497,#2498);
#2497 = CARTESIAN_POINT('',(-7.42,0.2,8.));
#2498 = VECTOR('',#2499,1.);
#2499 = DIRECTION('',(0.57735026919,0.57735026919,-0.57735026919));
#2500 = PLANE('',#2501);
#2501 = AXIS2_PLACEMENT_3D('',#2502,#2503,#2504);
#2502 = CARTESIAN_POINT('',(-2.84,0.4,7.8));
#2503 = DIRECTION('',(1.5E-16,0.707106781187,0.707106781187));
#2504 = DIRECTION('',(-1.,3.606601717798E-17,1.76066017178E-16));
#2505 = ADVANCED_FACE('',(#2506),#2524,.T.);
#2506 = FACE_BOUND('',#2507,.T.);
#2507 = EDGE_LOOP('',(#2508,#2509,#2517,#2523));
#2508 = ORIENTED_EDGE('',*,*,#545,.T.);
#2509 = ORIENTED_EDGE('',*,*,#2510,.T.);
#2510 = EDGE_CURVE('',#546,#2511,#2513,.T.);
#2511 = VERTEX_POINT('',#2512);
#2512 = CARTESIAN_POINT('',(-7.02,1.94,7.6));
#2513 = LINE('',#2514,#2515);
#2514 = CARTESIAN_POINT('',(-7.42,2.34,8.));
#2515 = VECTOR('',#2516,1.);
#2516 = DIRECTION('',(0.57735026919,-0.57735026919,-0.57735026919));
#2517 = ORIENTED_EDGE('',*,*,#2518,.T.);
#2518 = EDGE_CURVE('',#2511,#2456,#2519,.T.);
#2519 = LINE('',#2520,#2521);
#2520 = CARTESIAN_POINT('',(-3.51,1.94,7.6));
#2521 = VECTOR('',#2522,1.);
#2522 = DIRECTION('',(1.,-2.1E-16,0.));
#2523 = ORIENTED_EDGE('',*,*,#2455,.F.);
#2524 = PLANE('',#2525);
#2525 = AXIS2_PLACEMENT_3D('',#2526,#2527,#2528);
#2526 = CARTESIAN_POINT('',(-3.51,2.14,7.8));
#2527 = DIRECTION('',(-1.5E-16,-0.707106781187,0.707106781187));
#2528 = DIRECTION('',(-1.,3.606601717798E-17,-1.76066017178E-16));
#2529 = ADVANCED_FACE('',(#2530),#2541,.T.);
#2530 = FACE_BOUND('',#2531,.T.);
#2531 = EDGE_LOOP('',(#2532,#2538,#2539,#2540));
#2532 = ORIENTED_EDGE('',*,*,#2533,.T.);
#2533 = EDGE_CURVE('',#2488,#2511,#2534,.T.);
#2534 = LINE('',#2535,#2536);
#2535 = CARTESIAN_POINT('',(-7.02,0.3,7.6));
#2536 = VECTOR('',#2537,1.);
#2537 = DIRECTION('',(0.,1.,-1.2E-16));
#2538 = ORIENTED_EDGE('',*,*,#2510,.F.);
#2539 = ORIENTED_EDGE('',*,*,#553,.T.);
#2540 = ORIENTED_EDGE('',*,*,#2495,.T.);
#2541 = PLANE('',#2542);
#2542 = AXIS2_PLACEMENT_3D('',#2543,#2544,#2545);
#2543 = CARTESIAN_POINT('',(-7.22,0.3,7.8));
#2544 = DIRECTION('',(0.707106781187,9.E-17,0.707106781187));
#2545 = DIRECTION('',(-0.707106781187,9.E-17,0.707106781187));
#2546 = ADVANCED_FACE('',(#2547),#2572,.T.);
#2547 = FACE_BOUND('',#2548,.T.);
#2548 = EDGE_LOOP('',(#2549,#2550,#2558,#2566));
#2549 = ORIENTED_EDGE('',*,*,#569,.T.);
#2550 = ORIENTED_EDGE('',*,*,#2551,.T.);
#2551 = EDGE_CURVE('',#572,#2552,#2554,.T.);
#2552 = VERTEX_POINT('',#2553);
#2553 = CARTESIAN_POINT('',(-3.14,1.94,7.6));
#2554 = LINE('',#2555,#2556);
#2555 = CARTESIAN_POINT('',(-2.74,2.34,8.));
#2556 = VECTOR('',#2557,1.);
#2557 = DIRECTION('',(-0.57735026919,-0.57735026919,-0.57735026919));
#2558 = ORIENTED_EDGE('',*,*,#2559,.T.);
#2559 = EDGE_CURVE('',#2552,#2560,#2562,.T.);
#2560 = VERTEX_POINT('',#2561);
#2561 = CARTESIAN_POINT('',(-3.14,0.6,7.6));
#2562 = LINE('',#2563,#2564);
#2563 = CARTESIAN_POINT('',(-3.14,0.97,7.6));
#2564 = VECTOR('',#2565,1.);
#2565 = DIRECTION('',(0.,-1.,1.2E-16));
#2566 = ORIENTED_EDGE('',*,*,#2567,.T.);
#2567 = EDGE_CURVE('',#2560,#570,#2568,.T.);
#2568 = LINE('',#2569,#2570);
#2569 = CARTESIAN_POINT('',(-3.14,0.6,7.6));
#2570 = VECTOR('',#2571,1.);
#2571 = DIRECTION('',(0.57735026919,-0.57735026919,0.57735026919));
#2572 = PLANE('',#2573);
#2573 = AXIS2_PLACEMENT_3D('',#2574,#2575,#2576);
#2574 = CARTESIAN_POINT('',(-2.94,0.97,7.8));
#2575 = DIRECTION('',(-0.707106781187,9.E-17,0.707106781187));
#2576 = DIRECTION('',(-0.707106781187,-9.E-17,-0.707106781187));
#2577 = ADVANCED_FACE('',(#2578),#2596,.T.);
#2578 = FACE_BOUND('',#2579,.T.);
#2579 = EDGE_LOOP('',(#2580,#2581,#2582,#2590));
#2580 = ORIENTED_EDGE('',*,*,#595,.T.);
#2581 = ORIENTED_EDGE('',*,*,#2567,.F.);
#2582 = ORIENTED_EDGE('',*,*,#2583,.T.);
#2583 = EDGE_CURVE('',#2560,#2584,#2586,.T.);
#2584 = VERTEX_POINT('',#2585);
#2585 = CARTESIAN_POINT('',(-4.48,0.6,7.6));
#2586 = LINE('',#2587,#2588);
#2587 = CARTESIAN_POINT('',(-1.57,0.6,7.6));
#2588 = VECTOR('',#2589,1.);
#2589 = DIRECTION('',(-1.,2.1E-16,0.));
#2590 = ORIENTED_EDGE('',*,*,#2591,.F.);
#2591 = EDGE_CURVE('',#588,#2584,#2592,.T.);
#2592 = LINE('',#2593,#2594);
#2593 = CARTESIAN_POINT('',(-4.88,0.2,8.));
#2594 = VECTOR('',#2595,1.);
#2595 = DIRECTION('',(0.57735026919,0.57735026919,-0.57735026919));
#2596 = PLANE('',#2597);
#2597 = AXIS2_PLACEMENT_3D('',#2598,#2599,#2600);
#2598 = CARTESIAN_POINT('',(-1.57,0.4,7.8));
#2599 = DIRECTION('',(1.5E-16,0.707106781187,0.707106781187));
#2600 = DIRECTION('',(-1.,3.606601717798E-17,1.76066017178E-16));
#2601 = ADVANCED_FACE('',(#2602),#2620,.T.);
#2602 = FACE_BOUND('',#2603,.T.);
#2603 = EDGE_LOOP('',(#2604,#2605,#2613,#2619));
#2604 = ORIENTED_EDGE('',*,*,#579,.T.);
#2605 = ORIENTED_EDGE('',*,*,#2606,.T.);
#2606 = EDGE_CURVE('',#580,#2607,#2609,.T.);
#2607 = VERTEX_POINT('',#2608);
#2608 = CARTESIAN_POINT('',(-4.48,1.94,7.6));
#2609 = LINE('',#2610,#2611);
#2610 = CARTESIAN_POINT('',(-4.88,2.34,8.));
#2611 = VECTOR('',#2612,1.);
#2612 = DIRECTION('',(0.57735026919,-0.57735026919,-0.57735026919));
#2613 = ORIENTED_EDGE('',*,*,#2614,.T.);
#2614 = EDGE_CURVE('',#2607,#2552,#2615,.T.);
#2615 = LINE('',#2616,#2617);
#2616 = CARTESIAN_POINT('',(-2.24,1.94,7.6));
#2617 = VECTOR('',#2618,1.);
#2618 = DIRECTION('',(1.,-2.1E-16,0.));
#2619 = ORIENTED_EDGE('',*,*,#2551,.F.);
#2620 = PLANE('',#2621);
#2621 = AXIS2_PLACEMENT_3D('',#2622,#2623,#2624);
#2622 = CARTESIAN_POINT('',(-2.24,2.14,7.8));
#2623 = DIRECTION('',(-1.5E-16,-0.707106781187,0.707106781187));
#2624 = DIRECTION('',(-1.,3.606601717798E-17,-1.76066017178E-16));
#2625 = ADVANCED_FACE('',(#2626),#2637,.T.);
#2626 = FACE_BOUND('',#2627,.T.);
#2627 = EDGE_LOOP('',(#2628,#2634,#2635,#2636));
#2628 = ORIENTED_EDGE('',*,*,#2629,.T.);
#2629 = EDGE_CURVE('',#2584,#2607,#2630,.T.);
#2630 = LINE('',#2631,#2632);
#2631 = CARTESIAN_POINT('',(-4.48,0.3,7.6));
#2632 = VECTOR('',#2633,1.);
#2633 = DIRECTION('',(0.,1.,-1.2E-16));
#2634 = ORIENTED_EDGE('',*,*,#2606,.F.);
#2635 = ORIENTED_EDGE('',*,*,#587,.T.);
#2636 = ORIENTED_EDGE('',*,*,#2591,.T.);
#2637 = PLANE('',#2638);
#2638 = AXIS2_PLACEMENT_3D('',#2639,#2640,#2641);
#2639 = CARTESIAN_POINT('',(-4.68,0.3,7.8));
#2640 = DIRECTION('',(0.707106781187,9.E-17,0.707106781187));
#2641 = DIRECTION('',(-0.707106781187,9.E-17,0.707106781187));
#2642 = ADVANCED_FACE('',(#2643),#2668,.T.);
#2643 = FACE_BOUND('',#2644,.T.);
#2644 = EDGE_LOOP('',(#2645,#2646,#2654,#2662));
#2645 = ORIENTED_EDGE('',*,*,#603,.T.);
#2646 = ORIENTED_EDGE('',*,*,#2647,.T.);
#2647 = EDGE_CURVE('',#606,#2648,#2650,.T.);
#2648 = VERTEX_POINT('',#2649);
#2649 = CARTESIAN_POINT('',(-0.6,1.94,7.6));
#2650 = LINE('',#2651,#2652);
#2651 = CARTESIAN_POINT('',(-0.2,2.34,8.));
#2652 = VECTOR('',#2653,1.);
#2653 = DIRECTION('',(-0.57735026919,-0.57735026919,-0.57735026919));
#2654 = ORIENTED_EDGE('',*,*,#2655,.T.);
#2655 = EDGE_CURVE('',#2648,#2656,#2658,.T.);
#2656 = VERTEX_POINT('',#2657);
#2657 = CARTESIAN_POINT('',(-0.6,0.6,7.6));
#2658 = LINE('',#2659,#2660);
#2659 = CARTESIAN_POINT('',(-0.6,0.97,7.6));
#2660 = VECTOR('',#2661,1.);
#2661 = DIRECTION('',(0.,-1.,1.2E-16));
#2662 = ORIENTED_EDGE('',*,*,#2663,.T.);
#2663 = EDGE_CURVE('',#2656,#604,#2664,.T.);
#2664 = LINE('',#2665,#2666);
#2665 = CARTESIAN_POINT('',(-0.6,0.6,7.6));
#2666 = VECTOR('',#2667,1.);
#2667 = DIRECTION('',(0.57735026919,-0.57735026919,0.57735026919));
#2668 = PLANE('',#2669);
#2669 = AXIS2_PLACEMENT_3D('',#2670,#2671,#2672);
#2670 = CARTESIAN_POINT('',(-0.4,0.97,7.8));
#2671 = DIRECTION('',(-0.707106781187,9.E-17,0.707106781187));
#2672 = DIRECTION('',(-0.707106781187,-9.E-17,-0.707106781187));
#2673 = ADVANCED_FACE('',(#2674),#2692,.T.);
#2674 = FACE_BOUND('',#2675,.T.);
#2675 = EDGE_LOOP('',(#2676,#2677,#2678,#2686));
#2676 = ORIENTED_EDGE('',*,*,#629,.T.);
#2677 = ORIENTED_EDGE('',*,*,#2663,.F.);
#2678 = ORIENTED_EDGE('',*,*,#2679,.T.);
#2679 = EDGE_CURVE('',#2656,#2680,#2682,.T.);
#2680 = VERTEX_POINT('',#2681);
#2681 = CARTESIAN_POINT('',(-1.94,0.6,7.6));
#2682 = LINE('',#2683,#2684);
#2683 = CARTESIAN_POINT('',(-0.3,0.6,7.6));
#2684 = VECTOR('',#2685,1.);
#2685 = DIRECTION('',(-1.,2.1E-16,0.));
#2686 = ORIENTED_EDGE('',*,*,#2687,.F.);
#2687 = EDGE_CURVE('',#622,#2680,#2688,.T.);
#2688 = LINE('',#2689,#2690);
#2689 = CARTESIAN_POINT('',(-2.34,0.2,8.));
#2690 = VECTOR('',#2691,1.);
#2691 = DIRECTION('',(0.57735026919,0.57735026919,-0.57735026919));
#2692 = PLANE('',#2693);
#2693 = AXIS2_PLACEMENT_3D('',#2694,#2695,#2696);
#2694 = CARTESIAN_POINT('',(-0.3,0.4,7.8));
#2695 = DIRECTION('',(1.5E-16,0.707106781187,0.707106781187));
#2696 = DIRECTION('',(-1.,3.606601717798E-17,1.76066017178E-16));
#2697 = ADVANCED_FACE('',(#2698),#2716,.T.);
#2698 = FACE_BOUND('',#2699,.T.);
#2699 = EDGE_LOOP('',(#2700,#2701,#2709,#2715));
#2700 = ORIENTED_EDGE('',*,*,#613,.T.);
#2701 = ORIENTED_EDGE('',*,*,#2702,.T.);
#2702 = EDGE_CURVE('',#614,#2703,#2705,.T.);
#2703 = VERTEX_POINT('',#2704);
#2704 = CARTESIAN_POINT('',(-1.94,1.94,7.6));
#2705 = LINE('',#2706,#2707);
#2706 = CARTESIAN_POINT('',(-2.34,2.34,8.));
#2707 = VECTOR('',#2708,1.);
#2708 = DIRECTION('',(0.57735026919,-0.57735026919,-0.57735026919));
#2709 = ORIENTED_EDGE('',*,*,#2710,.T.);
#2710 = EDGE_CURVE('',#2703,#2648,#2711,.T.);
#2711 = LINE('',#2712,#2713);
#2712 = CARTESIAN_POINT('',(-0.97,1.94,7.6));
#2713 = VECTOR('',#2714,1.);
#2714 = DIRECTION('',(1.,-2.1E-16,0.));
#2715 = ORIENTED_EDGE('',*,*,#2647,.F.);
#2716 = PLANE('',#2717);
#2717 = AXIS2_PLACEMENT_3D('',#2718,#2719,#2720);
#2718 = CARTESIAN_POINT('',(-0.97,2.14,7.8));
#2719 = DIRECTION('',(-1.5E-16,-0.707106781187,0.707106781187));
#2720 = DIRECTION('',(-1.,3.606601717798E-17,-1.76066017178E-16));
#2721 = ADVANCED_FACE('',(#2722),#2733,.T.);
#2722 = FACE_BOUND('',#2723,.T.);
#2723 = EDGE_LOOP('',(#2724,#2730,#2731,#2732));
#2724 = ORIENTED_EDGE('',*,*,#2725,.T.);
#2725 = EDGE_CURVE('',#2680,#2703,#2726,.T.);
#2726 = LINE('',#2727,#2728);
#2727 = CARTESIAN_POINT('',(-1.94,0.3,7.6));
#2728 = VECTOR('',#2729,1.);
#2729 = DIRECTION('',(0.,1.,-1.2E-16));
#2730 = ORIENTED_EDGE('',*,*,#2702,.F.);
#2731 = ORIENTED_EDGE('',*,*,#621,.T.);
#2732 = ORIENTED_EDGE('',*,*,#2687,.T.);
#2733 = PLANE('',#2734);
#2734 = AXIS2_PLACEMENT_3D('',#2735,#2736,#2737);
#2735 = CARTESIAN_POINT('',(-2.14,0.3,7.8));
#2736 = DIRECTION('',(0.707106781187,9.E-17,0.707106781187));
#2737 = DIRECTION('',(-0.707106781187,9.E-17,0.707106781187));
#2738 = ADVANCED_FACE('',(#2739),#2764,.T.);
#2739 = FACE_BOUND('',#2740,.T.);
#2740 = EDGE_LOOP('',(#2741,#2742,#2750,#2758));
#2741 = ORIENTED_EDGE('',*,*,#637,.T.);
#2742 = ORIENTED_EDGE('',*,*,#2743,.T.);
#2743 = EDGE_CURVE('',#640,#2744,#2746,.T.);
#2744 = VERTEX_POINT('',#2745);
#2745 = CARTESIAN_POINT('',(1.94,1.94,7.6));
#2746 = LINE('',#2747,#2748);
#2747 = CARTESIAN_POINT('',(2.34,2.34,8.));
#2748 = VECTOR('',#2749,1.);
#2749 = DIRECTION('',(-0.57735026919,-0.57735026919,-0.57735026919));
#2750 = ORIENTED_EDGE('',*,*,#2751,.T.);
#2751 = EDGE_CURVE('',#2744,#2752,#2754,.T.);
#2752 = VERTEX_POINT('',#2753);
#2753 = CARTESIAN_POINT('',(1.94,0.6,7.6));
#2754 = LINE('',#2755,#2756);
#2755 = CARTESIAN_POINT('',(1.94,0.97,7.6));
#2756 = VECTOR('',#2757,1.);
#2757 = DIRECTION('',(0.,-1.,1.2E-16));
#2758 = ORIENTED_EDGE('',*,*,#2759,.T.);
#2759 = EDGE_CURVE('',#2752,#638,#2760,.T.);
#2760 = LINE('',#2761,#2762);
#2761 = CARTESIAN_POINT('',(1.94,0.6,7.6));
#2762 = VECTOR('',#2763,1.);
#2763 = DIRECTION('',(0.57735026919,-0.57735026919,0.57735026919));
#2764 = PLANE('',#2765);
#2765 = AXIS2_PLACEMENT_3D('',#2766,#2767,#2768);
#2766 = CARTESIAN_POINT('',(2.14,0.97,7.8));
#2767 = DIRECTION('',(-0.707106781187,9.E-17,0.707106781187));
#2768 = DIRECTION('',(-0.707106781187,-9.E-17,-0.707106781187));
#2769 = ADVANCED_FACE('',(#2770),#2788,.T.);
#2770 = FACE_BOUND('',#2771,.T.);
#2771 = EDGE_LOOP('',(#2772,#2773,#2774,#2782));
#2772 = ORIENTED_EDGE('',*,*,#663,.T.);
#2773 = ORIENTED_EDGE('',*,*,#2759,.F.);
#2774 = ORIENTED_EDGE('',*,*,#2775,.T.);
#2775 = EDGE_CURVE('',#2752,#2776,#2778,.T.);
#2776 = VERTEX_POINT('',#2777);
#2777 = CARTESIAN_POINT('',(0.6,0.6,7.6));
#2778 = LINE('',#2779,#2780);
#2779 = CARTESIAN_POINT('',(0.97,0.6,7.6));
#2780 = VECTOR('',#2781,1.);
#2781 = DIRECTION('',(-1.,2.1E-16,0.));
#2782 = ORIENTED_EDGE('',*,*,#2783,.F.);
#2783 = EDGE_CURVE('',#656,#2776,#2784,.T.);
#2784 = LINE('',#2785,#2786);
#2785 = CARTESIAN_POINT('',(0.2,0.2,8.));
#2786 = VECTOR('',#2787,1.);
#2787 = DIRECTION('',(0.57735026919,0.57735026919,-0.57735026919));
#2788 = PLANE('',#2789);
#2789 = AXIS2_PLACEMENT_3D('',#2790,#2791,#2792);
#2790 = CARTESIAN_POINT('',(0.97,0.4,7.8));
#2791 = DIRECTION('',(1.5E-16,0.707106781187,0.707106781187));
#2792 = DIRECTION('',(-1.,3.606601717798E-17,1.76066017178E-16));
#2793 = ADVANCED_FACE('',(#2794),#2812,.T.);
#2794 = FACE_BOUND('',#2795,.T.);
#2795 = EDGE_LOOP('',(#2796,#2797,#2805,#2811));
#2796 = ORIENTED_EDGE('',*,*,#647,.T.);
#2797 = ORIENTED_EDGE('',*,*,#2798,.T.);
#2798 = EDGE_CURVE('',#648,#2799,#2801,.T.);
#2799 = VERTEX_POINT('',#2800);
#2800 = CARTESIAN_POINT('',(0.6,1.94,7.6));
#2801 = LINE('',#2802,#2803);
#2802 = CARTESIAN_POINT('',(0.2,2.34,8.));
#2803 = VECTOR('',#2804,1.);
#2804 = DIRECTION('',(0.57735026919,-0.57735026919,-0.57735026919));
#2805 = ORIENTED_EDGE('',*,*,#2806,.T.);
#2806 = EDGE_CURVE('',#2799,#2744,#2807,.T.);
#2807 = LINE('',#2808,#2809);
#2808 = CARTESIAN_POINT('',(0.3,1.94,7.6));
#2809 = VECTOR('',#2810,1.);
#2810 = DIRECTION('',(1.,-2.1E-16,0.));
#2811 = ORIENTED_EDGE('',*,*,#2743,.F.);
#2812 = PLANE('',#2813);
#2813 = AXIS2_PLACEMENT_3D('',#2814,#2815,#2816);
#2814 = CARTESIAN_POINT('',(0.3,2.14,7.8));
#2815 = DIRECTION('',(-1.5E-16,-0.707106781187,0.707106781187));
#2816 = DIRECTION('',(-1.,3.606601717798E-17,-1.76066017178E-16));
#2817 = ADVANCED_FACE('',(#2818),#2829,.T.);
#2818 = FACE_BOUND('',#2819,.T.);
#2819 = EDGE_LOOP('',(#2820,#2826,#2827,#2828));
#2820 = ORIENTED_EDGE('',*,*,#2821,.T.);
#2821 = EDGE_CURVE('',#2776,#2799,#2822,.T.);
#2822 = LINE('',#2823,#2824);
#2823 = CARTESIAN_POINT('',(0.6,0.3,7.6));
#2824 = VECTOR('',#2825,1.);
#2825 = DIRECTION('',(0.,1.,-1.2E-16));
#2826 = ORIENTED_EDGE('',*,*,#2798,.F.);
#2827 = ORIENTED_EDGE('',*,*,#655,.T.);
#2828 = ORIENTED_EDGE('',*,*,#2783,.T.);
#2829 = PLANE('',#2830);
#2830 = AXIS2_PLACEMENT_3D('',#2831,#2832,#2833);
#2831 = CARTESIAN_POINT('',(0.4,0.3,7.8));
#2832 = DIRECTION('',(0.707106781187,9.E-17,0.707106781187));
#2833 = DIRECTION('',(-0.707106781187,9.E-17,0.707106781187));
#2834 = ADVANCED_FACE('',(#2835),#2860,.T.);
#2835 = FACE_BOUND('',#2836,.T.);
#2836 = EDGE_LOOP('',(#2837,#2838,#2846,#2854));
#2837 = ORIENTED_EDGE('',*,*,#671,.T.);
#2838 = ORIENTED_EDGE('',*,*,#2839,.T.);
#2839 = EDGE_CURVE('',#674,#2840,#2842,.T.);
#2840 = VERTEX_POINT('',#2841);
#2841 = CARTESIAN_POINT('',(4.48,1.94,7.6));
#2842 = LINE('',#2843,#2844);
#2843 = CARTESIAN_POINT('',(4.88,2.34,8.));
#2844 = VECTOR('',#2845,1.);
#2845 = DIRECTION('',(-0.57735026919,-0.57735026919,-0.57735026919));
#2846 = ORIENTED_EDGE('',*,*,#2847,.T.);
#2847 = EDGE_CURVE('',#2840,#2848,#2850,.T.);
#2848 = VERTEX_POINT('',#2849);
#2849 = CARTESIAN_POINT('',(4.48,0.6,7.6));
#2850 = LINE('',#2851,#2852);
#2851 = CARTESIAN_POINT('',(4.48,0.97,7.6));
#2852 = VECTOR('',#2853,1.);
#2853 = DIRECTION('',(0.,-1.,1.2E-16));
#2854 = ORIENTED_EDGE('',*,*,#2855,.T.);
#2855 = EDGE_CURVE('',#2848,#672,#2856,.T.);
#2856 = LINE('',#2857,#2858);
#2857 = CARTESIAN_POINT('',(4.48,0.6,7.6));
#2858 = VECTOR('',#2859,1.);
#2859 = DIRECTION('',(0.57735026919,-0.57735026919,0.57735026919));
#2860 = PLANE('',#2861);
#2861 = AXIS2_PLACEMENT_3D('',#2862,#2863,#2864);
#2862 = CARTESIAN_POINT('',(4.68,0.97,7.8));
#2863 = DIRECTION('',(-0.707106781187,9.E-17,0.707106781187));
#2864 = DIRECTION('',(-0.707106781187,-9.E-17,-0.707106781187));
#2865 = ADVANCED_FACE('',(#2866),#2884,.T.);
#2866 = FACE_BOUND('',#2867,.T.);
#2867 = EDGE_LOOP('',(#2868,#2869,#2870,#2878));
#2868 = ORIENTED_EDGE('',*,*,#697,.T.);
#2869 = ORIENTED_EDGE('',*,*,#2855,.F.);
#2870 = ORIENTED_EDGE('',*,*,#2871,.T.);
#2871 = EDGE_CURVE('',#2848,#2872,#2874,.T.);
#2872 = VERTEX_POINT('',#2873);
#2873 = CARTESIAN_POINT('',(3.14,0.6,7.6));
#2874 = LINE('',#2875,#2876);
#2875 = CARTESIAN_POINT('',(2.24,0.6,7.6));
#2876 = VECTOR('',#2877,1.);
#2877 = DIRECTION('',(-1.,2.1E-16,0.));
#2878 = ORIENTED_EDGE('',*,*,#2879,.F.);
#2879 = EDGE_CURVE('',#690,#2872,#2880,.T.);
#2880 = LINE('',#2881,#2882);
#2881 = CARTESIAN_POINT('',(2.74,0.2,8.));
#2882 = VECTOR('',#2883,1.);
#2883 = DIRECTION('',(0.57735026919,0.57735026919,-0.57735026919));
#2884 = PLANE('',#2885);
#2885 = AXIS2_PLACEMENT_3D('',#2886,#2887,#2888);
#2886 = CARTESIAN_POINT('',(2.24,0.4,7.8));
#2887 = DIRECTION('',(1.5E-16,0.707106781187,0.707106781187));
#2888 = DIRECTION('',(-1.,3.606601717798E-17,1.76066017178E-16));
#2889 = ADVANCED_FACE('',(#2890),#2908,.T.);
#2890 = FACE_BOUND('',#2891,.T.);
#2891 = EDGE_LOOP('',(#2892,#2893,#2901,#2907));
#2892 = ORIENTED_EDGE('',*,*,#681,.T.);
#2893 = ORIENTED_EDGE('',*,*,#2894,.T.);
#2894 = EDGE_CURVE('',#682,#2895,#2897,.T.);
#2895 = VERTEX_POINT('',#2896);
#2896 = CARTESIAN_POINT('',(3.14,1.94,7.6));
#2897 = LINE('',#2898,#2899);
#2898 = CARTESIAN_POINT('',(2.74,2.34,8.));
#2899 = VECTOR('',#2900,1.);
#2900 = DIRECTION('',(0.57735026919,-0.57735026919,-0.57735026919));
#2901 = ORIENTED_EDGE('',*,*,#2902,.T.);
#2902 = EDGE_CURVE('',#2895,#2840,#2903,.T.);
#2903 = LINE('',#2904,#2905);
#2904 = CARTESIAN_POINT('',(1.57,1.94,7.6));
#2905 = VECTOR('',#2906,1.);
#2906 = DIRECTION('',(1.,-2.1E-16,0.));
#2907 = ORIENTED_EDGE('',*,*,#2839,.F.);
#2908 = PLANE('',#2909);
#2909 = AXIS2_PLACEMENT_3D('',#2910,#2911,#2912);
#2910 = CARTESIAN_POINT('',(1.57,2.14,7.8));
#2911 = DIRECTION('',(-1.5E-16,-0.707106781187,0.707106781187));
#2912 = DIRECTION('',(-1.,3.606601717798E-17,-1.76066017178E-16));
#2913 = ADVANCED_FACE('',(#2914),#2925,.T.);
#2914 = FACE_BOUND('',#2915,.T.);
#2915 = EDGE_LOOP('',(#2916,#2922,#2923,#2924));
#2916 = ORIENTED_EDGE('',*,*,#2917,.T.);
#2917 = EDGE_CURVE('',#2872,#2895,#2918,.T.);
#2918 = LINE('',#2919,#2920);
#2919 = CARTESIAN_POINT('',(3.14,0.3,7.6));
#2920 = VECTOR('',#2921,1.);
#2921 = DIRECTION('',(0.,1.,-1.2E-16));
#2922 = ORIENTED_EDGE('',*,*,#2894,.F.);
#2923 = ORIENTED_EDGE('',*,*,#689,.T.);
#2924 = ORIENTED_EDGE('',*,*,#2879,.T.);
#2925 = PLANE('',#2926);
#2926 = AXIS2_PLACEMENT_3D('',#2927,#2928,#2929);
#2927 = CARTESIAN_POINT('',(2.94,0.3,7.8));
#2928 = DIRECTION('',(0.707106781187,9.E-17,0.707106781187));
#2929 = DIRECTION('',(-0.707106781187,9.E-17,0.707106781187));
#2930 = ADVANCED_FACE('',(#2931),#2956,.T.);
#2931 = FACE_BOUND('',#2932,.T.);
#2932 = EDGE_LOOP('',(#2933,#2934,#2942,#2950));
#2933 = ORIENTED_EDGE('',*,*,#705,.T.);
#2934 = ORIENTED_EDGE('',*,*,#2935,.T.);
#2935 = EDGE_CURVE('',#708,#2936,#2938,.T.);
#2936 = VERTEX_POINT('',#2937);
#2937 = CARTESIAN_POINT('',(7.02,1.94,7.6));
#2938 = LINE('',#2939,#2940);
#2939 = CARTESIAN_POINT('',(7.42,2.34,8.));
#2940 = VECTOR('',#2941,1.);
#2941 = DIRECTION('',(-0.57735026919,-0.57735026919,-0.57735026919));
#2942 = ORIENTED_EDGE('',*,*,#2943,.T.);
#2943 = EDGE_CURVE('',#2936,#2944,#2946,.T.);
#2944 = VERTEX_POINT('',#2945);
#2945 = CARTESIAN_POINT('',(7.02,0.6,7.6));
#2946 = LINE('',#2947,#2948);
#2947 = CARTESIAN_POINT('',(7.02,0.97,7.6));
#2948 = VECTOR('',#2949,1.);
#2949 = DIRECTION('',(0.,-1.,1.2E-16));
#2950 = ORIENTED_EDGE('',*,*,#2951,.T.);
#2951 = EDGE_CURVE('',#2944,#706,#2952,.T.);
#2952 = LINE('',#2953,#2954);
#2953 = CARTESIAN_POINT('',(7.02,0.6,7.6));
#2954 = VECTOR('',#2955,1.);
#2955 = DIRECTION('',(0.57735026919,-0.57735026919,0.57735026919));
#2956 = PLANE('',#2957);
#2957 = AXIS2_PLACEMENT_3D('',#2958,#2959,#2960);
#2958 = CARTESIAN_POINT('',(7.22,0.97,7.8));
#2959 = DIRECTION('',(-0.707106781187,9.E-17,0.707106781187));
#2960 = DIRECTION('',(-0.707106781187,-9.E-17,-0.707106781187));
#2961 = ADVANCED_FACE('',(#2962),#2980,.T.);
#2962 = FACE_BOUND('',#2963,.T.);
#2963 = EDGE_LOOP('',(#2964,#2965,#2966,#2974));
#2964 = ORIENTED_EDGE('',*,*,#731,.T.);
#2965 = ORIENTED_EDGE('',*,*,#2951,.F.);
#2966 = ORIENTED_EDGE('',*,*,#2967,.T.);
#2967 = EDGE_CURVE('',#2944,#2968,#2970,.T.);
#2968 = VERTEX_POINT('',#2969);
#2969 = CARTESIAN_POINT('',(5.68,0.6,7.6));
#2970 = LINE('',#2971,#2972);
#2971 = CARTESIAN_POINT('',(3.51,0.6,7.6));
#2972 = VECTOR('',#2973,1.);
#2973 = DIRECTION('',(-1.,2.1E-16,0.));
#2974 = ORIENTED_EDGE('',*,*,#2975,.F.);
#2975 = EDGE_CURVE('',#724,#2968,#2976,.T.);
#2976 = LINE('',#2977,#2978);
#2977 = CARTESIAN_POINT('',(5.28,0.2,8.));
#2978 = VECTOR('',#2979,1.);
#2979 = DIRECTION('',(0.57735026919,0.57735026919,-0.57735026919));
#2980 = PLANE('',#2981);
#2981 = AXIS2_PLACEMENT_3D('',#2982,#2983,#2984);
#2982 = CARTESIAN_POINT('',(3.51,0.4,7.8));
#2983 = DIRECTION('',(1.5E-16,0.707106781187,0.707106781187));
#2984 = DIRECTION('',(-1.,3.606601717798E-17,1.76066017178E-16));
#2985 = ADVANCED_FACE('',(#2986),#3004,.T.);
#2986 = FACE_BOUND('',#2987,.T.);
#2987 = EDGE_LOOP('',(#2988,#2989,#2997,#3003));
#2988 = ORIENTED_EDGE('',*,*,#715,.T.);
#2989 = ORIENTED_EDGE('',*,*,#2990,.T.);
#2990 = EDGE_CURVE('',#716,#2991,#2993,.T.);
#2991 = VERTEX_POINT('',#2992);
#2992 = CARTESIAN_POINT('',(5.68,1.94,7.6));
#2993 = LINE('',#2994,#2995);
#2994 = CARTESIAN_POINT('',(5.28,2.34,8.));
#2995 = VECTOR('',#2996,1.);
#2996 = DIRECTION('',(0.57735026919,-0.57735026919,-0.57735026919));
#2997 = ORIENTED_EDGE('',*,*,#2998,.T.);
#2998 = EDGE_CURVE('',#2991,#2936,#2999,.T.);
#2999 = LINE('',#3000,#3001);
#3000 = CARTESIAN_POINT('',(2.84,1.94,7.6));
#3001 = VECTOR('',#3002,1.);
#3002 = DIRECTION('',(1.,-2.1E-16,0.));
#3003 = ORIENTED_EDGE('',*,*,#2935,.F.);
#3004 = PLANE('',#3005);
#3005 = AXIS2_PLACEMENT_3D('',#3006,#3007,#3008);
#3006 = CARTESIAN_POINT('',(2.84,2.14,7.8));
#3007 = DIRECTION('',(-1.5E-16,-0.707106781187,0.707106781187));
#3008 = DIRECTION('',(-1.,3.606601717798E-17,-1.76066017178E-16));
#3009 = ADVANCED_FACE('',(#3010),#3021,.T.);
#3010 = FACE_BOUND('',#3011,.T.);
#3011 = EDGE_LOOP('',(#3012,#3018,#3019,#3020));
#3012 = ORIENTED_EDGE('',*,*,#3013,.T.);
#3013 = EDGE_CURVE('',#2968,#2991,#3014,.T.);
#3014 = LINE('',#3015,#3016);
#3015 = CARTESIAN_POINT('',(5.68,0.3,7.6));
#3016 = VECTOR('',#3017,1.);
#3017 = DIRECTION('',(0.,1.,-1.2E-16));
#3018 = ORIENTED_EDGE('',*,*,#2990,.F.);
#3019 = ORIENTED_EDGE('',*,*,#723,.T.);
#3020 = ORIENTED_EDGE('',*,*,#2975,.T.);
#3021 = PLANE('',#3022);
#3022 = AXIS2_PLACEMENT_3D('',#3023,#3024,#3025);
#3023 = CARTESIAN_POINT('',(5.48,0.3,7.8));
#3024 = DIRECTION('',(0.707106781187,9.E-17,0.707106781187));
#3025 = DIRECTION('',(-0.707106781187,9.E-17,0.707106781187));
#3026 = ADVANCED_FACE('',(#3027),#3052,.T.);
#3027 = FACE_BOUND('',#3028,.T.);
#3028 = EDGE_LOOP('',(#3029,#3030,#3038,#3046));
#3029 = ORIENTED_EDGE('',*,*,#739,.T.);
#3030 = ORIENTED_EDGE('',*,*,#3031,.T.);
#3031 = EDGE_CURVE('',#742,#3032,#3034,.T.);
#3032 = VERTEX_POINT('',#3033);
#3033 = CARTESIAN_POINT('',(9.56,1.94,7.6));
#3034 = LINE('',#3035,#3036);
#3035 = CARTESIAN_POINT('',(9.96,2.34,8.));
#3036 = VECTOR('',#3037,1.);
#3037 = DIRECTION('',(-0.57735026919,-0.57735026919,-0.57735026919));
#3038 = ORIENTED_EDGE('',*,*,#3039,.T.);
#3039 = EDGE_CURVE('',#3032,#3040,#3042,.T.);
#3040 = VERTEX_POINT('',#3041);
#3041 = CARTESIAN_POINT('',(9.56,0.6,7.6));
#3042 = LINE('',#3043,#3044);
#3043 = CARTESIAN_POINT('',(9.56,0.97,7.6));
#3044 = VECTOR('',#3045,1.);
#3045 = DIRECTION('',(0.,-1.,1.2E-16));
#3046 = ORIENTED_EDGE('',*,*,#3047,.T.);
#3047 = EDGE_CURVE('',#3040,#740,#3048,.T.);
#3048 = LINE('',#3049,#3050);
#3049 = CARTESIAN_POINT('',(9.56,0.6,7.6));
#3050 = VECTOR('',#3051,1.);
#3051 = DIRECTION('',(0.57735026919,-0.57735026919,0.57735026919));
#3052 = PLANE('',#3053);
#3053 = AXIS2_PLACEMENT_3D('',#3054,#3055,#3056);
#3054 = CARTESIAN_POINT('',(9.76,0.97,7.8));
#3055 = DIRECTION('',(-0.707106781187,9.E-17,0.707106781187));
#3056 = DIRECTION('',(-0.707106781187,-9.E-17,-0.707106781187));
#3057 = ADVANCED_FACE('',(#3058),#3076,.T.);
#3058 = FACE_BOUND('',#3059,.T.);
#3059 = EDGE_LOOP('',(#3060,#3061,#3062,#3070));
#3060 = ORIENTED_EDGE('',*,*,#765,.T.);
#3061 = ORIENTED_EDGE('',*,*,#3047,.F.);
#3062 = ORIENTED_EDGE('',*,*,#3063,.T.);
#3063 = EDGE_CURVE('',#3040,#3064,#3066,.T.);
#3064 = VERTEX_POINT('',#3065);
#3065 = CARTESIAN_POINT('',(8.22,0.6,7.6));
#3066 = LINE('',#3067,#3068);
#3067 = CARTESIAN_POINT('',(4.78,0.6,7.6));
#3068 = VECTOR('',#3069,1.);
#3069 = DIRECTION('',(-1.,2.1E-16,0.));
#3070 = ORIENTED_EDGE('',*,*,#3071,.F.);
#3071 = EDGE_CURVE('',#758,#3064,#3072,.T.);
#3072 = LINE('',#3073,#3074);
#3073 = CARTESIAN_POINT('',(7.82,0.2,8.));
#3074 = VECTOR('',#3075,1.);
#3075 = DIRECTION('',(0.57735026919,0.57735026919,-0.57735026919));
#3076 = PLANE('',#3077);
#3077 = AXIS2_PLACEMENT_3D('',#3078,#3079,#3080);
#3078 = CARTESIAN_POINT('',(4.78,0.4,7.8));
#3079 = DIRECTION('',(1.5E-16,0.707106781187,0.707106781187));
#3080 = DIRECTION('',(-1.,3.606601717798E-17,1.76066017178E-16));
#3081 = ADVANCED_FACE('',(#3082),#3100,.T.);
#3082 = FACE_BOUND('',#3083,.T.);
#3083 = EDGE_LOOP('',(#3084,#3085,#3093,#3099));
#3084 = ORIENTED_EDGE('',*,*,#749,.T.);
#3085 = ORIENTED_EDGE('',*,*,#3086,.T.);
#3086 = EDGE_CURVE('',#750,#3087,#3089,.T.);
#3087 = VERTEX_POINT('',#3088);
#3088 = CARTESIAN_POINT('',(8.22,1.94,7.6));
#3089 = LINE('',#3090,#3091);
#3090 = CARTESIAN_POINT('',(7.82,2.34,8.));
#3091 = VECTOR('',#3092,1.);
#3092 = DIRECTION('',(0.57735026919,-0.57735026919,-0.57735026919));
#3093 = ORIENTED_EDGE('',*,*,#3094,.T.);
#3094 = EDGE_CURVE('',#3087,#3032,#3095,.T.);
#3095 = LINE('',#3096,#3097);
#3096 = CARTESIAN_POINT('',(4.11,1.94,7.6));
#3097 = VECTOR('',#3098,1.);
#3098 = DIRECTION('',(1.,-2.1E-16,0.));
#3099 = ORIENTED_EDGE('',*,*,#3031,.F.);
#3100 = PLANE('',#3101);
#3101 = AXIS2_PLACEMENT_3D('',#3102,#3103,#3104);
#3102 = CARTESIAN_POINT('',(4.11,2.14,7.8));
#3103 = DIRECTION('',(-1.5E-16,-0.707106781187,0.707106781187));
#3104 = DIRECTION('',(-1.,3.606601717798E-17,-1.76066017178E-16));
#3105 = ADVANCED_FACE('',(#3106),#3117,.T.);
#3106 = FACE_BOUND('',#3107,.T.);
#3107 = EDGE_LOOP('',(#3108,#3114,#3115,#3116));
#3108 = ORIENTED_EDGE('',*,*,#3109,.T.);
#3109 = EDGE_CURVE('',#3064,#3087,#3110,.T.);
#3110 = LINE('',#3111,#3112);
#3111 = CARTESIAN_POINT('',(8.22,0.3,7.6));
#3112 = VECTOR('',#3113,1.);
#3113 = DIRECTION('',(0.,1.,-1.2E-16));
#3114 = ORIENTED_EDGE('',*,*,#3086,.F.);
#3115 = ORIENTED_EDGE('',*,*,#757,.T.);
#3116 = ORIENTED_EDGE('',*,*,#3071,.T.);
#3117 = PLANE('',#3118);
#3118 = AXIS2_PLACEMENT_3D('',#3119,#3120,#3121);
#3119 = CARTESIAN_POINT('',(8.02,0.3,7.8));
#3120 = DIRECTION('',(0.707106781187,9.E-17,0.707106781187));
#3121 = DIRECTION('',(-0.707106781187,9.E-17,0.707106781187));
#3122 = ADVANCED_FACE('',(#3123),#3148,.T.);
#3123 = FACE_BOUND('',#3124,.T.);
#3124 = EDGE_LOOP('',(#3125,#3126,#3134,#3142));
#3125 = ORIENTED_EDGE('',*,*,#773,.T.);
#3126 = ORIENTED_EDGE('',*,*,#3127,.T.);
#3127 = EDGE_CURVE('',#776,#3128,#3130,.T.);
#3128 = VERTEX_POINT('',#3129);
#3129 = CARTESIAN_POINT('',(12.1,1.94,7.6));
#3130 = LINE('',#3131,#3132);
#3131 = CARTESIAN_POINT('',(12.5,2.34,8.));
#3132 = VECTOR('',#3133,1.);
#3133 = DIRECTION('',(-0.57735026919,-0.57735026919,-0.57735026919));
#3134 = ORIENTED_EDGE('',*,*,#3135,.T.);
#3135 = EDGE_CURVE('',#3128,#3136,#3138,.T.);
#3136 = VERTEX_POINT('',#3137);
#3137 = CARTESIAN_POINT('',(12.1,0.6,7.6));
#3138 = LINE('',#3139,#3140);
#3139 = CARTESIAN_POINT('',(12.1,0.97,7.6));
#3140 = VECTOR('',#3141,1.);
#3141 = DIRECTION('',(0.,-1.,1.2E-16));
#3142 = ORIENTED_EDGE('',*,*,#3143,.T.);
#3143 = EDGE_CURVE('',#3136,#774,#3144,.T.);
#3144 = LINE('',#3145,#3146);
#3145 = CARTESIAN_POINT('',(12.1,0.6,7.6));
#3146 = VECTOR('',#3147,1.);
#3147 = DIRECTION('',(0.57735026919,-0.57735026919,0.57735026919));
#3148 = PLANE('',#3149);
#3149 = AXIS2_PLACEMENT_3D('',#3150,#3151,#3152);
#3150 = CARTESIAN_POINT('',(12.3,0.97,7.8));
#3151 = DIRECTION('',(-0.707106781187,9.E-17,0.707106781187));
#3152 = DIRECTION('',(-0.707106781187,-9.E-17,-0.707106781187));
#3153 = ADVANCED_FACE('',(#3154),#3172,.T.);
#3154 = FACE_BOUND('',#3155,.T.);
#3155 = EDGE_LOOP('',(#3156,#3157,#3158,#3166));
#3156 = ORIENTED_EDGE('',*,*,#799,.T.);
#3157 = ORIENTED_EDGE('',*,*,#3143,.F.);
#3158 = ORIENTED_EDGE('',*,*,#3159,.T.);
#3159 = EDGE_CURVE('',#3136,#3160,#3162,.T.);
#3160 = VERTEX_POINT('',#3161);
#3161 = CARTESIAN_POINT('',(10.76,0.6,7.6));
#3162 = LINE('',#3163,#3164);
#3163 = CARTESIAN_POINT('',(6.05,0.6,7.6));
#3164 = VECTOR('',#3165,1.);
#3165 = DIRECTION('',(-1.,2.1E-16,0.));
#3166 = ORIENTED_EDGE('',*,*,#3167,.F.);
#3167 = EDGE_CURVE('',#792,#3160,#3168,.T.);
#3168 = LINE('',#3169,#3170);
#3169 = CARTESIAN_POINT('',(10.36,0.2,8.));
#3170 = VECTOR('',#3171,1.);
#3171 = DIRECTION('',(0.57735026919,0.57735026919,-0.57735026919));
#3172 = PLANE('',#3173);
#3173 = AXIS2_PLACEMENT_3D('',#3174,#3175,#3176);
#3174 = CARTESIAN_POINT('',(6.05,0.4,7.8));
#3175 = DIRECTION('',(1.5E-16,0.707106781187,0.707106781187));
#3176 = DIRECTION('',(-1.,3.606601717798E-17,1.76066017178E-16));
#3177 = ADVANCED_FACE('',(#3178),#3196,.T.);
#3178 = FACE_BOUND('',#3179,.T.);
#3179 = EDGE_LOOP('',(#3180,#3181,#3189,#3195));
#3180 = ORIENTED_EDGE('',*,*,#783,.T.);
#3181 = ORIENTED_EDGE('',*,*,#3182,.T.);
#3182 = EDGE_CURVE('',#784,#3183,#3185,.T.);
#3183 = VERTEX_POINT('',#3184);
#3184 = CARTESIAN_POINT('',(10.76,1.94,7.6));
#3185 = LINE('',#3186,#3187);
#3186 = CARTESIAN_POINT('',(10.36,2.34,8.));
#3187 = VECTOR('',#3188,1.);
#3188 = DIRECTION('',(0.57735026919,-0.57735026919,-0.57735026919));
#3189 = ORIENTED_EDGE('',*,*,#3190,.T.);
#3190 = EDGE_CURVE('',#3183,#3128,#3191,.T.);
#3191 = LINE('',#3192,#3193);
#3192 = CARTESIAN_POINT('',(5.38,1.94,7.6));
#3193 = VECTOR('',#3194,1.);
#3194 = DIRECTION('',(1.,-2.1E-16,0.));
#3195 = ORIENTED_EDGE('',*,*,#3127,.F.);
#3196 = PLANE('',#3197);
#3197 = AXIS2_PLACEMENT_3D('',#3198,#3199,#3200);
#3198 = CARTESIAN_POINT('',(5.38,2.14,7.8));
#3199 = DIRECTION('',(-1.5E-16,-0.707106781187,0.707106781187));
#3200 = DIRECTION('',(-1.,3.606601717798E-17,-1.76066017178E-16));
#3201 = ADVANCED_FACE('',(#3202),#3213,.T.);
#3202 = FACE_BOUND('',#3203,.T.);
#3203 = EDGE_LOOP('',(#3204,#3210,#3211,#3212));
#3204 = ORIENTED_EDGE('',*,*,#3205,.T.);
#3205 = EDGE_CURVE('',#3160,#3183,#3206,.T.);
#3206 = LINE('',#3207,#3208);
#3207 = CARTESIAN_POINT('',(10.76,0.3,7.6));
#3208 = VECTOR('',#3209,1.);
#3209 = DIRECTION('',(0.,1.,-1.2E-16));
#3210 = ORIENTED_EDGE('',*,*,#3182,.F.);
#3211 = ORIENTED_EDGE('',*,*,#791,.T.);
#3212 = ORIENTED_EDGE('',*,*,#3167,.T.);
#3213 = PLANE('',#3214);
#3214 = AXIS2_PLACEMENT_3D('',#3215,#3216,#3217);
#3215 = CARTESIAN_POINT('',(10.56,0.3,7.8));
#3216 = DIRECTION('',(0.707106781187,9.E-17,0.707106781187));
#3217 = DIRECTION('',(-0.707106781187,9.E-17,0.707106781187));
#3218 = ADVANCED_FACE('',(#3219),#3244,.T.);
#3219 = FACE_BOUND('',#3220,.T.);
#3220 = EDGE_LOOP('',(#3221,#3222,#3230,#3238));
#3221 = ORIENTED_EDGE('',*,*,#807,.T.);
#3222 = ORIENTED_EDGE('',*,*,#3223,.T.);
#3223 = EDGE_CURVE('',#810,#3224,#3226,.T.);
#3224 = VERTEX_POINT('',#3225);
#3225 = CARTESIAN_POINT('',(14.64,1.94,7.6));
#3226 = LINE('',#3227,#3228);
#3227 = CARTESIAN_POINT('',(15.04,2.34,8.));
#3228 = VECTOR('',#3229,1.);
#3229 = DIRECTION('',(-0.57735026919,-0.57735026919,-0.57735026919));
#3230 = ORIENTED_EDGE('',*,*,#3231,.T.);
#3231 = EDGE_CURVE('',#3224,#3232,#3234,.T.);
#3232 = VERTEX_POINT('',#3233);
#3233 = CARTESIAN_POINT('',(14.64,0.6,7.6));
#3234 = LINE('',#3235,#3236);
#3235 = CARTESIAN_POINT('',(14.64,0.97,7.6));
#3236 = VECTOR('',#3237,1.);
#3237 = DIRECTION('',(0.,-1.,1.2E-16));
#3238 = ORIENTED_EDGE('',*,*,#3239,.T.);
#3239 = EDGE_CURVE('',#3232,#808,#3240,.T.);
#3240 = LINE('',#3241,#3242);
#3241 = CARTESIAN_POINT('',(14.64,0.6,7.6));
#3242 = VECTOR('',#3243,1.);
#3243 = DIRECTION('',(0.57735026919,-0.57735026919,0.57735026919));
#3244 = PLANE('',#3245);
#3245 = AXIS2_PLACEMENT_3D('',#3246,#3247,#3248);
#3246 = CARTESIAN_POINT('',(14.84,0.97,7.8));
#3247 = DIRECTION('',(-0.707106781187,9.E-17,0.707106781187));
#3248 = DIRECTION('',(-0.707106781187,-9.E-17,-0.707106781187));
#3249 = ADVANCED_FACE('',(#3250),#3268,.T.);
#3250 = FACE_BOUND('',#3251,.T.);
#3251 = EDGE_LOOP('',(#3252,#3253,#3254,#3262));
#3252 = ORIENTED_EDGE('',*,*,#833,.T.);
#3253 = ORIENTED_EDGE('',*,*,#3239,.F.);
#3254 = ORIENTED_EDGE('',*,*,#3255,.T.);
#3255 = EDGE_CURVE('',#3232,#3256,#3258,.T.);
#3256 = VERTEX_POINT('',#3257);
#3257 = CARTESIAN_POINT('',(13.3,0.6,7.6));
#3258 = LINE('',#3259,#3260);
#3259 = CARTESIAN_POINT('',(7.32,0.6,7.6));
#3260 = VECTOR('',#3261,1.);
#3261 = DIRECTION('',(-1.,2.1E-16,0.));
#3262 = ORIENTED_EDGE('',*,*,#3263,.F.);
#3263 = EDGE_CURVE('',#826,#3256,#3264,.T.);
#3264 = LINE('',#3265,#3266);
#3265 = CARTESIAN_POINT('',(12.9,0.2,8.));
#3266 = VECTOR('',#3267,1.);
#3267 = DIRECTION('',(0.57735026919,0.57735026919,-0.57735026919));
#3268 = PLANE('',#3269);
#3269 = AXIS2_PLACEMENT_3D('',#3270,#3271,#3272);
#3270 = CARTESIAN_POINT('',(7.32,0.4,7.8));
#3271 = DIRECTION('',(1.5E-16,0.707106781187,0.707106781187));
#3272 = DIRECTION('',(-1.,3.606601717798E-17,1.76066017178E-16));
#3273 = ADVANCED_FACE('',(#3274),#3292,.T.);
#3274 = FACE_BOUND('',#3275,.T.);
#3275 = EDGE_LOOP('',(#3276,#3277,#3285,#3291));
#3276 = ORIENTED_EDGE('',*,*,#817,.T.);
#3277 = ORIENTED_EDGE('',*,*,#3278,.T.);
#3278 = EDGE_CURVE('',#818,#3279,#3281,.T.);
#3279 = VERTEX_POINT('',#3280);
#3280 = CARTESIAN_POINT('',(13.3,1.94,7.6));
#3281 = LINE('',#3282,#3283);
#3282 = CARTESIAN_POINT('',(12.9,2.34,8.));
#3283 = VECTOR('',#3284,1.);
#3284 = DIRECTION('',(0.57735026919,-0.57735026919,-0.57735026919));
#3285 = ORIENTED_EDGE('',*,*,#3286,.T.);
#3286 = EDGE_CURVE('',#3279,#3224,#3287,.T.);
#3287 = LINE('',#3288,#3289);
#3288 = CARTESIAN_POINT('',(6.65,1.94,7.6));
#3289 = VECTOR('',#3290,1.);
#3290 = DIRECTION('',(1.,-2.1E-16,0.));
#3291 = ORIENTED_EDGE('',*,*,#3223,.F.);
#3292 = PLANE('',#3293);
#3293 = AXIS2_PLACEMENT_3D('',#3294,#3295,#3296);
#3294 = CARTESIAN_POINT('',(6.65,2.14,7.8));
#3295 = DIRECTION('',(-1.5E-16,-0.707106781187,0.707106781187));
#3296 = DIRECTION('',(-1.,3.606601717798E-17,-1.76066017178E-16));
#3297 = ADVANCED_FACE('',(#3298),#3309,.T.);
#3298 = FACE_BOUND('',#3299,.T.);
#3299 = EDGE_LOOP('',(#3300,#3306,#3307,#3308));
#3300 = ORIENTED_EDGE('',*,*,#3301,.T.);
#3301 = EDGE_CURVE('',#3256,#3279,#3302,.T.);
#3302 = LINE('',#3303,#3304);
#3303 = CARTESIAN_POINT('',(13.3,0.3,7.6));
#3304 = VECTOR('',#3305,1.);
#3305 = DIRECTION('',(0.,1.,-1.2E-16));
#3306 = ORIENTED_EDGE('',*,*,#3278,.F.);
#3307 = ORIENTED_EDGE('',*,*,#825,.T.);
#3308 = ORIENTED_EDGE('',*,*,#3263,.T.);
#3309 = PLANE('',#3310);
#3310 = AXIS2_PLACEMENT_3D('',#3311,#3312,#3313);
#3311 = CARTESIAN_POINT('',(13.1,0.3,7.8));
#3312 = DIRECTION('',(0.707106781187,9.E-17,0.707106781187));
#3313 = DIRECTION('',(-0.707106781187,9.E-17,0.707106781187));
#3314 = ADVANCED_FACE('',(#3315),#3340,.T.);
#3315 = FACE_BOUND('',#3316,.T.);
#3316 = EDGE_LOOP('',(#3317,#3318,#3326,#3334));
#3317 = ORIENTED_EDGE('',*,*,#841,.T.);
#3318 = ORIENTED_EDGE('',*,*,#3319,.T.);
#3319 = EDGE_CURVE('',#844,#3320,#3322,.T.);
#3320 = VERTEX_POINT('',#3321);
#3321 = CARTESIAN_POINT('',(17.18,1.94,7.6));
#3322 = LINE('',#3323,#3324);
#3323 = CARTESIAN_POINT('',(17.58,2.34,8.));
#3324 = VECTOR('',#3325,1.);
#3325 = DIRECTION('',(-0.57735026919,-0.57735026919,-0.57735026919));
#3326 = ORIENTED_EDGE('',*,*,#3327,.T.);
#3327 = EDGE_CURVE('',#3320,#3328,#3330,.T.);
#3328 = VERTEX_POINT('',#3329);
#3329 = CARTESIAN_POINT('',(17.18,0.6,7.6));
#3330 = LINE('',#3331,#3332);
#3331 = CARTESIAN_POINT('',(17.18,0.97,7.6));
#3332 = VECTOR('',#3333,1.);
#3333 = DIRECTION('',(0.,-1.,1.2E-16));
#3334 = ORIENTED_EDGE('',*,*,#3335,.T.);
#3335 = EDGE_CURVE('',#3328,#842,#3336,.T.);
#3336 = LINE('',#3337,#3338);
#3337 = CARTESIAN_POINT('',(17.18,0.6,7.6));
#3338 = VECTOR('',#3339,1.);
#3339 = DIRECTION('',(0.57735026919,-0.57735026919,0.57735026919));
#3340 = PLANE('',#3341);
#3341 = AXIS2_PLACEMENT_3D('',#3342,#3343,#3344);
#3342 = CARTESIAN_POINT('',(17.38,0.97,7.8));
#3343 = DIRECTION('',(-0.707106781187,9.E-17,0.707106781187));
#3344 = DIRECTION('',(-0.707106781187,-9.E-17,-0.707106781187));
#3345 = ADVANCED_FACE('',(#3346),#3364,.T.);
#3346 = FACE_BOUND('',#3347,.T.);
#3347 = EDGE_LOOP('',(#3348,#3349,#3350,#3358));
#3348 = ORIENTED_EDGE('',*,*,#867,.T.);
#3349 = ORIENTED_EDGE('',*,*,#3335,.F.);
#3350 = ORIENTED_EDGE('',*,*,#3351,.T.);
#3351 = EDGE_CURVE('',#3328,#3352,#3354,.T.);
#3352 = VERTEX_POINT('',#3353);
#3353 = CARTESIAN_POINT('',(15.84,0.6,7.6));
#3354 = LINE('',#3355,#3356);
#3355 = CARTESIAN_POINT('',(8.59,0.6,7.6));
#3356 = VECTOR('',#3357,1.);
#3357 = DIRECTION('',(-1.,2.1E-16,0.));
#3358 = ORIENTED_EDGE('',*,*,#3359,.F.);
#3359 = EDGE_CURVE('',#860,#3352,#3360,.T.);
#3360 = LINE('',#3361,#3362);
#3361 = CARTESIAN_POINT('',(15.44,0.2,8.));
#3362 = VECTOR('',#3363,1.);
#3363 = DIRECTION('',(0.57735026919,0.57735026919,-0.57735026919));
#3364 = PLANE('',#3365);
#3365 = AXIS2_PLACEMENT_3D('',#3366,#3367,#3368);
#3366 = CARTESIAN_POINT('',(8.59,0.4,7.8));
#3367 = DIRECTION('',(1.5E-16,0.707106781187,0.707106781187));
#3368 = DIRECTION('',(-1.,3.606601717798E-17,1.76066017178E-16));
#3369 = ADVANCED_FACE('',(#3370),#3388,.T.);
#3370 = FACE_BOUND('',#3371,.T.);
#3371 = EDGE_LOOP('',(#3372,#3373,#3381,#3387));
#3372 = ORIENTED_EDGE('',*,*,#851,.T.);
#3373 = ORIENTED_EDGE('',*,*,#3374,.T.);
#3374 = EDGE_CURVE('',#852,#3375,#3377,.T.);
#3375 = VERTEX_POINT('',#3376);
#3376 = CARTESIAN_POINT('',(15.84,1.94,7.6));
#3377 = LINE('',#3378,#3379);
#3378 = CARTESIAN_POINT('',(15.44,2.34,8.));
#3379 = VECTOR('',#3380,1.);
#3380 = DIRECTION('',(0.57735026919,-0.57735026919,-0.57735026919));
#3381 = ORIENTED_EDGE('',*,*,#3382,.T.);
#3382 = EDGE_CURVE('',#3375,#3320,#3383,.T.);
#3383 = LINE('',#3384,#3385);
#3384 = CARTESIAN_POINT('',(7.92,1.94,7.6));
#3385 = VECTOR('',#3386,1.);
#3386 = DIRECTION('',(1.,-2.1E-16,0.));
#3387 = ORIENTED_EDGE('',*,*,#3319,.F.);
#3388 = PLANE('',#3389);
#3389 = AXIS2_PLACEMENT_3D('',#3390,#3391,#3392);
#3390 = CARTESIAN_POINT('',(7.92,2.14,7.8));
#3391 = DIRECTION('',(-1.5E-16,-0.707106781187,0.707106781187));
#3392 = DIRECTION('',(-1.,3.606601717798E-17,-1.76066017178E-16));
#3393 = ADVANCED_FACE('',(#3394),#3405,.T.);
#3394 = FACE_BOUND('',#3395,.T.);
#3395 = EDGE_LOOP('',(#3396,#3402,#3403,#3404));
#3396 = ORIENTED_EDGE('',*,*,#3397,.T.);
#3397 = EDGE_CURVE('',#3352,#3375,#3398,.T.);
#3398 = LINE('',#3399,#3400);
#3399 = CARTESIAN_POINT('',(15.84,0.3,7.6));
#3400 = VECTOR('',#3401,1.);
#3401 = DIRECTION('',(0.,1.,-1.2E-16));
#3402 = ORIENTED_EDGE('',*,*,#3374,.F.);
#3403 = ORIENTED_EDGE('',*,*,#859,.T.);
#3404 = ORIENTED_EDGE('',*,*,#3359,.T.);
#3405 = PLANE('',#3406);
#3406 = AXIS2_PLACEMENT_3D('',#3407,#3408,#3409);
#3407 = CARTESIAN_POINT('',(15.64,0.3,7.8));
#3408 = DIRECTION('',(0.707106781187,9.E-17,0.707106781187));
#3409 = DIRECTION('',(-0.707106781187,9.E-17,0.707106781187));
#3410 = ADVANCED_FACE('',(#3411),#3436,.T.);
#3411 = FACE_BOUND('',#3412,.T.);
#3412 = EDGE_LOOP('',(#3413,#3414,#3422,#3430));
#3413 = ORIENTED_EDGE('',*,*,#875,.T.);
#3414 = ORIENTED_EDGE('',*,*,#3415,.T.);
#3415 = EDGE_CURVE('',#878,#3416,#3418,.T.);
#3416 = VERTEX_POINT('',#3417);
#3417 = CARTESIAN_POINT('',(19.72,1.94,7.6));
#3418 = LINE('',#3419,#3420);
#3419 = CARTESIAN_POINT('',(20.12,2.34,8.));
#3420 = VECTOR('',#3421,1.);
#3421 = DIRECTION('',(-0.57735026919,-0.57735026919,-0.57735026919));
#3422 = ORIENTED_EDGE('',*,*,#3423,.T.);
#3423 = EDGE_CURVE('',#3416,#3424,#3426,.T.);
#3424 = VERTEX_POINT('',#3425);
#3425 = CARTESIAN_POINT('',(19.72,0.6,7.6));
#3426 = LINE('',#3427,#3428);
#3427 = CARTESIAN_POINT('',(19.72,0.97,7.6));
#3428 = VECTOR('',#3429,1.);
#3429 = DIRECTION('',(0.,-1.,1.2E-16));
#3430 = ORIENTED_EDGE('',*,*,#3431,.T.);
#3431 = EDGE_CURVE('',#3424,#876,#3432,.T.);
#3432 = LINE('',#3433,#3434);
#3433 = CARTESIAN_POINT('',(19.72,0.6,7.6));
#3434 = VECTOR('',#3435,1.);
#3435 = DIRECTION('',(0.57735026919,-0.57735026919,0.57735026919));
#3436 = PLANE('',#3437);
#3437 = AXIS2_PLACEMENT_3D('',#3438,#3439,#3440);
#3438 = CARTESIAN_POINT('',(19.92,0.97,7.8));
#3439 = DIRECTION('',(-0.707106781187,9.E-17,0.707106781187));
#3440 = DIRECTION('',(-0.707106781187,-9.E-17,-0.707106781187));
#3441 = ADVANCED_FACE('',(#3442),#3460,.T.);
#3442 = FACE_BOUND('',#3443,.T.);
#3443 = EDGE_LOOP('',(#3444,#3445,#3446,#3454));
#3444 = ORIENTED_EDGE('',*,*,#901,.T.);
#3445 = ORIENTED_EDGE('',*,*,#3431,.F.);
#3446 = ORIENTED_EDGE('',*,*,#3447,.T.);
#3447 = EDGE_CURVE('',#3424,#3448,#3450,.T.);
#3448 = VERTEX_POINT('',#3449);
#3449 = CARTESIAN_POINT('',(18.38,0.6,7.6));
#3450 = LINE('',#3451,#3452);
#3451 = CARTESIAN_POINT('',(9.86,0.6,7.6));
#3452 = VECTOR('',#3453,1.);
#3453 = DIRECTION('',(-1.,2.1E-16,0.));
#3454 = ORIENTED_EDGE('',*,*,#3455,.F.);
#3455 = EDGE_CURVE('',#894,#3448,#3456,.T.);
#3456 = LINE('',#3457,#3458);
#3457 = CARTESIAN_POINT('',(17.98,0.2,8.));
#3458 = VECTOR('',#3459,1.);
#3459 = DIRECTION('',(0.57735026919,0.57735026919,-0.57735026919));
#3460 = PLANE('',#3461);
#3461 = AXIS2_PLACEMENT_3D('',#3462,#3463,#3464);
#3462 = CARTESIAN_POINT('',(9.86,0.4,7.8));
#3463 = DIRECTION('',(1.5E-16,0.707106781187,0.707106781187));
#3464 = DIRECTION('',(-1.,3.606601717798E-17,1.76066017178E-16));
#3465 = ADVANCED_FACE('',(#3466),#3484,.T.);
#3466 = FACE_BOUND('',#3467,.T.);
#3467 = EDGE_LOOP('',(#3468,#3469,#3477,#3483));
#3468 = ORIENTED_EDGE('',*,*,#885,.T.);
#3469 = ORIENTED_EDGE('',*,*,#3470,.T.);
#3470 = EDGE_CURVE('',#886,#3471,#3473,.T.);
#3471 = VERTEX_POINT('',#3472);
#3472 = CARTESIAN_POINT('',(18.38,1.94,7.6));
#3473 = LINE('',#3474,#3475);
#3474 = CARTESIAN_POINT('',(17.98,2.34,8.));
#3475 = VECTOR('',#3476,1.);
#3476 = DIRECTION('',(0.57735026919,-0.57735026919,-0.57735026919));
#3477 = ORIENTED_EDGE('',*,*,#3478,.T.);
#3478 = EDGE_CURVE('',#3471,#3416,#3479,.T.);
#3479 = LINE('',#3480,#3481);
#3480 = CARTESIAN_POINT('',(9.19,1.94,7.6));
#3481 = VECTOR('',#3482,1.);
#3482 = DIRECTION('',(1.,-2.1E-16,0.));
#3483 = ORIENTED_EDGE('',*,*,#3415,.F.);
#3484 = PLANE('',#3485);
#3485 = AXIS2_PLACEMENT_3D('',#3486,#3487,#3488);
#3486 = CARTESIAN_POINT('',(9.19,2.14,7.8));
#3487 = DIRECTION('',(-1.5E-16,-0.707106781187,0.707106781187));
#3488 = DIRECTION('',(-1.,3.606601717798E-17,-1.76066017178E-16));
#3489 = ADVANCED_FACE('',(#3490),#3501,.T.);
#3490 = FACE_BOUND('',#3491,.T.);
#3491 = EDGE_LOOP('',(#3492,#3498,#3499,#3500));
#3492 = ORIENTED_EDGE('',*,*,#3493,.T.);
#3493 = EDGE_CURVE('',#3448,#3471,#3494,.T.);
#3494 = LINE('',#3495,#3496);
#3495 = CARTESIAN_POINT('',(18.38,0.3,7.6));
#3496 = VECTOR('',#3497,1.);
#3497 = DIRECTION('',(0.,1.,-1.2E-16));
#3498 = ORIENTED_EDGE('',*,*,#3470,.F.);
#3499 = ORIENTED_EDGE('',*,*,#893,.T.);
#3500 = ORIENTED_EDGE('',*,*,#3455,.T.);
#3501 = PLANE('',#3502);
#3502 = AXIS2_PLACEMENT_3D('',#3503,#3504,#3505);
#3503 = CARTESIAN_POINT('',(18.18,0.3,7.8));
#3504 = DIRECTION('',(0.707106781187,9.E-17,0.707106781187));
#3505 = DIRECTION('',(-0.707106781187,9.E-17,0.707106781187));
#3506 = ADVANCED_FACE('',(#3507),#3532,.T.);
#3507 = FACE_BOUND('',#3508,.T.);
#3508 = EDGE_LOOP('',(#3509,#3510,#3518,#3526));
#3509 = ORIENTED_EDGE('',*,*,#909,.T.);
#3510 = ORIENTED_EDGE('',*,*,#3511,.T.);
#3511 = EDGE_CURVE('',#912,#3512,#3514,.T.);
#3512 = VERTEX_POINT('',#3513);
#3513 = CARTESIAN_POINT('',(22.26,1.94,7.6));
#3514 = LINE('',#3515,#3516);
#3515 = CARTESIAN_POINT('',(22.66,2.34,8.));
#3516 = VECTOR('',#3517,1.);
#3517 = DIRECTION('',(-0.57735026919,-0.57735026919,-0.57735026919));
#3518 = ORIENTED_EDGE('',*,*,#3519,.T.);
#3519 = EDGE_CURVE('',#3512,#3520,#3522,.T.);
#3520 = VERTEX_POINT('',#3521);
#3521 = CARTESIAN_POINT('',(22.26,0.6,7.6));
#3522 = LINE('',#3523,#3524);
#3523 = CARTESIAN_POINT('',(22.26,0.97,7.6));
#3524 = VECTOR('',#3525,1.);
#3525 = DIRECTION('',(0.,-1.,1.2E-16));
#3526 = ORIENTED_EDGE('',*,*,#3527,.T.);
#3527 = EDGE_CURVE('',#3520,#910,#3528,.T.);
#3528 = LINE('',#3529,#3530);
#3529 = CARTESIAN_POINT('',(22.26,0.6,7.6));
#3530 = VECTOR('',#3531,1.);
#3531 = DIRECTION('',(0.57735026919,-0.57735026919,0.57735026919));
#3532 = PLANE('',#3533);
#3533 = AXIS2_PLACEMENT_3D('',#3534,#3535,#3536);
#3534 = CARTESIAN_POINT('',(22.46,0.97,7.8));
#3535 = DIRECTION('',(-0.707106781187,9.E-17,0.707106781187));
#3536 = DIRECTION('',(-0.707106781187,-9.E-17,-0.707106781187));
#3537 = ADVANCED_FACE('',(#3538),#3556,.T.);
#3538 = FACE_BOUND('',#3539,.T.);
#3539 = EDGE_LOOP('',(#3540,#3541,#3542,#3550));
#3540 = ORIENTED_EDGE('',*,*,#935,.T.);
#3541 = ORIENTED_EDGE('',*,*,#3527,.F.);
#3542 = ORIENTED_EDGE('',*,*,#3543,.T.);
#3543 = EDGE_CURVE('',#3520,#3544,#3546,.T.);
#3544 = VERTEX_POINT('',#3545);
#3545 = CARTESIAN_POINT('',(20.92,0.6,7.6));
#3546 = LINE('',#3547,#3548);
#3547 = CARTESIAN_POINT('',(11.13,0.6,7.6));
#3548 = VECTOR('',#3549,1.);
#3549 = DIRECTION('',(-1.,2.1E-16,0.));
#3550 = ORIENTED_EDGE('',*,*,#3551,.F.);
#3551 = EDGE_CURVE('',#928,#3544,#3552,.T.);
#3552 = LINE('',#3553,#3554);
#3553 = CARTESIAN_POINT('',(20.52,0.2,8.));
#3554 = VECTOR('',#3555,1.);
#3555 = DIRECTION('',(0.57735026919,0.57735026919,-0.57735026919));
#3556 = PLANE('',#3557);
#3557 = AXIS2_PLACEMENT_3D('',#3558,#3559,#3560);
#3558 = CARTESIAN_POINT('',(11.13,0.4,7.8));
#3559 = DIRECTION('',(1.5E-16,0.707106781187,0.707106781187));
#3560 = DIRECTION('',(-1.,3.606601717798E-17,1.76066017178E-16));
#3561 = ADVANCED_FACE('',(#3562),#3580,.T.);
#3562 = FACE_BOUND('',#3563,.T.);
#3563 = EDGE_LOOP('',(#3564,#3565,#3573,#3579));
#3564 = ORIENTED_EDGE('',*,*,#919,.T.);
#3565 = ORIENTED_EDGE('',*,*,#3566,.T.);
#3566 = EDGE_CURVE('',#920,#3567,#3569,.T.);
#3567 = VERTEX_POINT('',#3568);
#3568 = CARTESIAN_POINT('',(20.92,1.94,7.6));
#3569 = LINE('',#3570,#3571);
#3570 = CARTESIAN_POINT('',(20.52,2.34,8.));
#3571 = VECTOR('',#3572,1.);
#3572 = DIRECTION('',(0.57735026919,-0.57735026919,-0.57735026919));
#3573 = ORIENTED_EDGE('',*,*,#3574,.T.);
#3574 = EDGE_CURVE('',#3567,#3512,#3575,.T.);
#3575 = LINE('',#3576,#3577);
#3576 = CARTESIAN_POINT('',(10.46,1.94,7.6));
#3577 = VECTOR('',#3578,1.);
#3578 = DIRECTION('',(1.,-2.1E-16,0.));
#3579 = ORIENTED_EDGE('',*,*,#3511,.F.);
#3580 = PLANE('',#3581);
#3581 = AXIS2_PLACEMENT_3D('',#3582,#3583,#3584);
#3582 = CARTESIAN_POINT('',(10.46,2.14,7.8));
#3583 = DIRECTION('',(-1.5E-16,-0.707106781187,0.707106781187));
#3584 = DIRECTION('',(-1.,3.606601717798E-17,-1.76066017178E-16));
#3585 = ADVANCED_FACE('',(#3586),#3597,.T.);
#3586 = FACE_BOUND('',#3587,.T.);
#3587 = EDGE_LOOP('',(#3588,#3594,#3595,#3596));
#3588 = ORIENTED_EDGE('',*,*,#3589,.T.);
#3589 = EDGE_CURVE('',#3544,#3567,#3590,.T.);
#3590 = LINE('',#3591,#3592);
#3591 = CARTESIAN_POINT('',(20.92,0.3,7.6));
#3592 = VECTOR('',#3593,1.);
#3593 = DIRECTION('',(0.,1.,-1.2E-16));
#3594 = ORIENTED_EDGE('',*,*,#3566,.F.);
#3595 = ORIENTED_EDGE('',*,*,#927,.T.);
#3596 = ORIENTED_EDGE('',*,*,#3551,.T.);
#3597 = PLANE('',#3598);
#3598 = AXIS2_PLACEMENT_3D('',#3599,#3600,#3601);
#3599 = CARTESIAN_POINT('',(20.72,0.3,7.8));
#3600 = DIRECTION('',(0.707106781187,9.E-17,0.707106781187));
#3601 = DIRECTION('',(-0.707106781187,9.E-17,0.707106781187));
#3602 = ADVANCED_FACE('',(#3603),#3628,.T.);
#3603 = FACE_BOUND('',#3604,.T.);
#3604 = EDGE_LOOP('',(#3605,#3606,#3614,#3622));
#3605 = ORIENTED_EDGE('',*,*,#943,.T.);
#3606 = ORIENTED_EDGE('',*,*,#3607,.T.);
#3607 = EDGE_CURVE('',#946,#3608,#3610,.T.);
#3608 = VERTEX_POINT('',#3609);
#3609 = CARTESIAN_POINT('',(24.8,1.94,7.6));
#3610 = LINE('',#3611,#3612);
#3611 = CARTESIAN_POINT('',(25.2,2.34,8.));
#3612 = VECTOR('',#3613,1.);
#3613 = DIRECTION('',(-0.57735026919,-0.57735026919,-0.57735026919));
#3614 = ORIENTED_EDGE('',*,*,#3615,.T.);
#3615 = EDGE_CURVE('',#3608,#3616,#3618,.T.);
#3616 = VERTEX_POINT('',#3617);
#3617 = CARTESIAN_POINT('',(24.8,0.6,7.6));
#3618 = LINE('',#3619,#3620);
#3619 = CARTESIAN_POINT('',(24.8,0.97,7.6));
#3620 = VECTOR('',#3621,1.);
#3621 = DIRECTION('',(0.,-1.,1.2E-16));
#3622 = ORIENTED_EDGE('',*,*,#3623,.T.);
#3623 = EDGE_CURVE('',#3616,#944,#3624,.T.);
#3624 = LINE('',#3625,#3626);
#3625 = CARTESIAN_POINT('',(24.8,0.6,7.6));
#3626 = VECTOR('',#3627,1.);
#3627 = DIRECTION('',(0.57735026919,-0.57735026919,0.57735026919));
#3628 = PLANE('',#3629);
#3629 = AXIS2_PLACEMENT_3D('',#3630,#3631,#3632);
#3630 = CARTESIAN_POINT('',(25.,0.97,7.8));
#3631 = DIRECTION('',(-0.707106781187,9.E-17,0.707106781187));
#3632 = DIRECTION('',(-0.707106781187,-9.E-17,-0.707106781187));
#3633 = ADVANCED_FACE('',(#3634),#3652,.T.);
#3634 = FACE_BOUND('',#3635,.T.);
#3635 = EDGE_LOOP('',(#3636,#3637,#3638,#3646));
#3636 = ORIENTED_EDGE('',*,*,#969,.T.);
#3637 = ORIENTED_EDGE('',*,*,#3623,.F.);
#3638 = ORIENTED_EDGE('',*,*,#3639,.T.);
#3639 = EDGE_CURVE('',#3616,#3640,#3642,.T.);
#3640 = VERTEX_POINT('',#3641);
#3641 = CARTESIAN_POINT('',(23.46,0.6,7.6));
#3642 = LINE('',#3643,#3644);
#3643 = CARTESIAN_POINT('',(12.4,0.6,7.6));
#3644 = VECTOR('',#3645,1.);
#3645 = DIRECTION('',(-1.,2.1E-16,0.));
#3646 = ORIENTED_EDGE('',*,*,#3647,.F.);
#3647 = EDGE_CURVE('',#962,#3640,#3648,.T.);
#3648 = LINE('',#3649,#3650);
#3649 = CARTESIAN_POINT('',(23.06,0.2,8.));
#3650 = VECTOR('',#3651,1.);
#3651 = DIRECTION('',(0.57735026919,0.57735026919,-0.57735026919));
#3652 = PLANE('',#3653);
#3653 = AXIS2_PLACEMENT_3D('',#3654,#3655,#3656);
#3654 = CARTESIAN_POINT('',(12.4,0.4,7.8));
#3655 = DIRECTION('',(1.5E-16,0.707106781187,0.707106781187));
#3656 = DIRECTION('',(-1.,3.606601717798E-17,1.76066017178E-16));
#3657 = ADVANCED_FACE('',(#3658),#3676,.T.);
#3658 = FACE_BOUND('',#3659,.T.);
#3659 = EDGE_LOOP('',(#3660,#3661,#3669,#3675));
#3660 = ORIENTED_EDGE('',*,*,#953,.T.);
#3661 = ORIENTED_EDGE('',*,*,#3662,.T.);
#3662 = EDGE_CURVE('',#954,#3663,#3665,.T.);
#3663 = VERTEX_POINT('',#3664);
#3664 = CARTESIAN_POINT('',(23.46,1.94,7.6));
#3665 = LINE('',#3666,#3667);
#3666 = CARTESIAN_POINT('',(23.06,2.34,8.));
#3667 = VECTOR('',#3668,1.);
#3668 = DIRECTION('',(0.57735026919,-0.57735026919,-0.57735026919));
#3669 = ORIENTED_EDGE('',*,*,#3670,.T.);
#3670 = EDGE_CURVE('',#3663,#3608,#3671,.T.);
#3671 = LINE('',#3672,#3673);
#3672 = CARTESIAN_POINT('',(11.73,1.94,7.6));
#3673 = VECTOR('',#3674,1.);
#3674 = DIRECTION('',(1.,-2.1E-16,0.));
#3675 = ORIENTED_EDGE('',*,*,#3607,.F.);
#3676 = PLANE('',#3677);
#3677 = AXIS2_PLACEMENT_3D('',#3678,#3679,#3680);
#3678 = CARTESIAN_POINT('',(11.73,2.14,7.8));
#3679 = DIRECTION('',(-1.5E-16,-0.707106781187,0.707106781187));
#3680 = DIRECTION('',(-1.,3.606601717798E-17,-1.76066017178E-16));
#3681 = ADVANCED_FACE('',(#3682),#3693,.T.);
#3682 = FACE_BOUND('',#3683,.T.);
#3683 = EDGE_LOOP('',(#3684,#3690,#3691,#3692));
#3684 = ORIENTED_EDGE('',*,*,#3685,.T.);
#3685 = EDGE_CURVE('',#3640,#3663,#3686,.T.);
#3686 = LINE('',#3687,#3688);
#3687 = CARTESIAN_POINT('',(23.46,0.3,7.6));
#3688 = VECTOR('',#3689,1.);
#3689 = DIRECTION('',(0.,1.,-1.2E-16));
#3690 = ORIENTED_EDGE('',*,*,#3662,.F.);
#3691 = ORIENTED_EDGE('',*,*,#961,.T.);
#3692 = ORIENTED_EDGE('',*,*,#3647,.T.);
#3693 = PLANE('',#3694);
#3694 = AXIS2_PLACEMENT_3D('',#3695,#3696,#3697);
#3695 = CARTESIAN_POINT('',(23.26,0.3,7.8));
#3696 = DIRECTION('',(0.707106781187,9.E-17,0.707106781187));
#3697 = DIRECTION('',(-0.707106781187,9.E-17,0.707106781187));
#3698 = ADVANCED_FACE('',(#3699),#3724,.T.);
#3699 = FACE_BOUND('',#3700,.T.);
#3700 = EDGE_LOOP('',(#3701,#3702,#3710,#3718));
#3701 = ORIENTED_EDGE('',*,*,#977,.T.);
#3702 = ORIENTED_EDGE('',*,*,#3703,.T.);
#3703 = EDGE_CURVE('',#980,#3704,#3706,.T.);
#3704 = VERTEX_POINT('',#3705);
#3705 = CARTESIAN_POINT('',(-23.46,-0.6,7.6));
#3706 = LINE('',#3707,#3708);
#3707 = CARTESIAN_POINT('',(-23.06,-0.2,8.));
#3708 = VECTOR('',#3709,1.);
#3709 = DIRECTION('',(-0.57735026919,-0.57735026919,-0.57735026919));
#3710 = ORIENTED_EDGE('',*,*,#3711,.T.);
#3711 = EDGE_CURVE('',#3704,#3712,#3714,.T.);
#3712 = VERTEX_POINT('',#3713);
#3713 = CARTESIAN_POINT('',(-23.46,-1.94,7.6));
#3714 = LINE('',#3715,#3716);
#3715 = CARTESIAN_POINT('',(-23.46,-0.3,7.6));
#3716 = VECTOR('',#3717,1.);
#3717 = DIRECTION('',(0.,-1.,1.2E-16));
#3718 = ORIENTED_EDGE('',*,*,#3719,.T.);
#3719 = EDGE_CURVE('',#3712,#978,#3720,.T.);
#3720 = LINE('',#3721,#3722);
#3721 = CARTESIAN_POINT('',(-23.46,-1.94,7.6));
#3722 = VECTOR('',#3723,1.);
#3723 = DIRECTION('',(0.57735026919,-0.57735026919,0.57735026919));
#3724 = PLANE('',#3725);
#3725 = AXIS2_PLACEMENT_3D('',#3726,#3727,#3728);
#3726 = CARTESIAN_POINT('',(-23.26,-0.3,7.8));
#3727 = DIRECTION('',(-0.707106781187,9.E-17,0.707106781187));
#3728 = DIRECTION('',(-0.707106781187,-9.E-17,-0.707106781187));
#3729 = ADVANCED_FACE('',(#3730),#3748,.T.);
#3730 = FACE_BOUND('',#3731,.T.);
#3731 = EDGE_LOOP('',(#3732,#3733,#3734,#3742));
#3732 = ORIENTED_EDGE('',*,*,#1003,.T.);
#3733 = ORIENTED_EDGE('',*,*,#3719,.F.);
#3734 = ORIENTED_EDGE('',*,*,#3735,.T.);
#3735 = EDGE_CURVE('',#3712,#3736,#3738,.T.);
#3736 = VERTEX_POINT('',#3737);
#3737 = CARTESIAN_POINT('',(-24.8,-1.94,7.6));
#3738 = LINE('',#3739,#3740);
#3739 = CARTESIAN_POINT('',(-11.73,-1.94,7.6));
#3740 = VECTOR('',#3741,1.);
#3741 = DIRECTION('',(-1.,2.1E-16,0.));
#3742 = ORIENTED_EDGE('',*,*,#3743,.F.);
#3743 = EDGE_CURVE('',#996,#3736,#3744,.T.);
#3744 = LINE('',#3745,#3746);
#3745 = CARTESIAN_POINT('',(-25.2,-2.34,8.));
#3746 = VECTOR('',#3747,1.);
#3747 = DIRECTION('',(0.57735026919,0.57735026919,-0.57735026919));
#3748 = PLANE('',#3749);
#3749 = AXIS2_PLACEMENT_3D('',#3750,#3751,#3752);
#3750 = CARTESIAN_POINT('',(-11.73,-2.14,7.8));
#3751 = DIRECTION('',(1.5E-16,0.707106781187,0.707106781187));
#3752 = DIRECTION('',(-1.,3.606601717798E-17,1.76066017178E-16));
#3753 = ADVANCED_FACE('',(#3754),#3772,.T.);
#3754 = FACE_BOUND('',#3755,.T.);
#3755 = EDGE_LOOP('',(#3756,#3757,#3765,#3771));
#3756 = ORIENTED_EDGE('',*,*,#987,.T.);
#3757 = ORIENTED_EDGE('',*,*,#3758,.T.);
#3758 = EDGE_CURVE('',#988,#3759,#3761,.T.);
#3759 = VERTEX_POINT('',#3760);
#3760 = CARTESIAN_POINT('',(-24.8,-0.6,7.6));
#3761 = LINE('',#3762,#3763);
#3762 = CARTESIAN_POINT('',(-25.2,-0.2,8.));
#3763 = VECTOR('',#3764,1.);
#3764 = DIRECTION('',(0.57735026919,-0.57735026919,-0.57735026919));
#3765 = ORIENTED_EDGE('',*,*,#3766,.T.);
#3766 = EDGE_CURVE('',#3759,#3704,#3767,.T.);
#3767 = LINE('',#3768,#3769);
#3768 = CARTESIAN_POINT('',(-12.4,-0.6,7.6));
#3769 = VECTOR('',#3770,1.);
#3770 = DIRECTION('',(1.,-2.1E-16,0.));
#3771 = ORIENTED_EDGE('',*,*,#3703,.F.);
#3772 = PLANE('',#3773);
#3773 = AXIS2_PLACEMENT_3D('',#3774,#3775,#3776);
#3774 = CARTESIAN_POINT('',(-12.4,-0.4,7.8));
#3775 = DIRECTION('',(-1.5E-16,-0.707106781187,0.707106781187));
#3776 = DIRECTION('',(-1.,3.606601717798E-17,-1.76066017178E-16));
#3777 = ADVANCED_FACE('',(#3778),#3789,.T.);
#3778 = FACE_BOUND('',#3779,.T.);
#3779 = EDGE_LOOP('',(#3780,#3786,#3787,#3788));
#3780 = ORIENTED_EDGE('',*,*,#3781,.T.);
#3781 = EDGE_CURVE('',#3736,#3759,#3782,.T.);
#3782 = LINE('',#3783,#3784);
#3783 = CARTESIAN_POINT('',(-24.8,-0.97,7.6));
#3784 = VECTOR('',#3785,1.);
#3785 = DIRECTION('',(0.,1.,-1.2E-16));
#3786 = ORIENTED_EDGE('',*,*,#3758,.F.);
#3787 = ORIENTED_EDGE('',*,*,#995,.T.);
#3788 = ORIENTED_EDGE('',*,*,#3743,.T.);
#3789 = PLANE('',#3790);
#3790 = AXIS2_PLACEMENT_3D('',#3791,#3792,#3793);
#3791 = CARTESIAN_POINT('',(-25.,-0.97,7.8));
#3792 = DIRECTION('',(0.707106781187,9.E-17,0.707106781187));
#3793 = DIRECTION('',(-0.707106781187,9.E-17,0.707106781187));
#3794 = ADVANCED_FACE('',(#3795),#3820,.T.);
#3795 = FACE_BOUND('',#3796,.T.);
#3796 = EDGE_LOOP('',(#3797,#3798,#3806,#3814));
#3797 = ORIENTED_EDGE('',*,*,#1011,.T.);
#3798 = ORIENTED_EDGE('',*,*,#3799,.T.);
#3799 = EDGE_CURVE('',#1014,#3800,#3802,.T.);
#3800 = VERTEX_POINT('',#3801);
#3801 = CARTESIAN_POINT('',(-13.3,-0.6,7.6));
#3802 = LINE('',#3803,#3804);
#3803 = CARTESIAN_POINT('',(-12.9,-0.2,8.));
#3804 = VECTOR('',#3805,1.);
#3805 = DIRECTION('',(-0.57735026919,-0.57735026919,-0.57735026919));
#3806 = ORIENTED_EDGE('',*,*,#3807,.T.);
#3807 = EDGE_CURVE('',#3800,#3808,#3810,.T.);
#3808 = VERTEX_POINT('',#3809);
#3809 = CARTESIAN_POINT('',(-13.3,-1.94,7.6));
#3810 = LINE('',#3811,#3812);
#3811 = CARTESIAN_POINT('',(-13.3,-0.3,7.6));
#3812 = VECTOR('',#3813,1.);
#3813 = DIRECTION('',(0.,-1.,1.2E-16));
#3814 = ORIENTED_EDGE('',*,*,#3815,.T.);
#3815 = EDGE_CURVE('',#3808,#1012,#3816,.T.);
#3816 = LINE('',#3817,#3818);
#3817 = CARTESIAN_POINT('',(-13.3,-1.94,7.6));
#3818 = VECTOR('',#3819,1.);
#3819 = DIRECTION('',(0.57735026919,-0.57735026919,0.57735026919));
#3820 = PLANE('',#3821);
#3821 = AXIS2_PLACEMENT_3D('',#3822,#3823,#3824);
#3822 = CARTESIAN_POINT('',(-13.1,-0.3,7.8));
#3823 = DIRECTION('',(-0.707106781187,9.E-17,0.707106781187));
#3824 = DIRECTION('',(-0.707106781187,-9.E-17,-0.707106781187));
#3825 = ADVANCED_FACE('',(#3826),#3844,.T.);
#3826 = FACE_BOUND('',#3827,.T.);
#3827 = EDGE_LOOP('',(#3828,#3829,#3830,#3838));
#3828 = ORIENTED_EDGE('',*,*,#1037,.T.);
#3829 = ORIENTED_EDGE('',*,*,#3815,.F.);
#3830 = ORIENTED_EDGE('',*,*,#3831,.T.);
#3831 = EDGE_CURVE('',#3808,#3832,#3834,.T.);
#3832 = VERTEX_POINT('',#3833);
#3833 = CARTESIAN_POINT('',(-14.64,-1.94,7.6));
#3834 = LINE('',#3835,#3836);
#3835 = CARTESIAN_POINT('',(-6.65,-1.94,7.6));
#3836 = VECTOR('',#3837,1.);
#3837 = DIRECTION('',(-1.,2.1E-16,0.));
#3838 = ORIENTED_EDGE('',*,*,#3839,.F.);
#3839 = EDGE_CURVE('',#1030,#3832,#3840,.T.);
#3840 = LINE('',#3841,#3842);
#3841 = CARTESIAN_POINT('',(-15.04,-2.34,8.));
#3842 = VECTOR('',#3843,1.);
#3843 = DIRECTION('',(0.57735026919,0.57735026919,-0.57735026919));
#3844 = PLANE('',#3845);
#3845 = AXIS2_PLACEMENT_3D('',#3846,#3847,#3848);
#3846 = CARTESIAN_POINT('',(-6.65,-2.14,7.8));
#3847 = DIRECTION('',(1.5E-16,0.707106781187,0.707106781187));
#3848 = DIRECTION('',(-1.,3.606601717798E-17,1.76066017178E-16));
#3849 = ADVANCED_FACE('',(#3850),#3868,.T.);
#3850 = FACE_BOUND('',#3851,.T.);
#3851 = EDGE_LOOP('',(#3852,#3853,#3861,#3867));
#3852 = ORIENTED_EDGE('',*,*,#1021,.T.);
#3853 = ORIENTED_EDGE('',*,*,#3854,.T.);
#3854 = EDGE_CURVE('',#1022,#3855,#3857,.T.);
#3855 = VERTEX_POINT('',#3856);
#3856 = CARTESIAN_POINT('',(-14.64,-0.6,7.6));
#3857 = LINE('',#3858,#3859);
#3858 = CARTESIAN_POINT('',(-15.04,-0.2,8.));
#3859 = VECTOR('',#3860,1.);
#3860 = DIRECTION('',(0.57735026919,-0.57735026919,-0.57735026919));
#3861 = ORIENTED_EDGE('',*,*,#3862,.T.);
#3862 = EDGE_CURVE('',#3855,#3800,#3863,.T.);
#3863 = LINE('',#3864,#3865);
#3864 = CARTESIAN_POINT('',(-7.32,-0.6,7.6));
#3865 = VECTOR('',#3866,1.);
#3866 = DIRECTION('',(1.,-2.1E-16,0.));
#3867 = ORIENTED_EDGE('',*,*,#3799,.F.);
#3868 = PLANE('',#3869);
#3869 = AXIS2_PLACEMENT_3D('',#3870,#3871,#3872);
#3870 = CARTESIAN_POINT('',(-7.32,-0.4,7.8));
#3871 = DIRECTION('',(-1.5E-16,-0.707106781187,0.707106781187));
#3872 = DIRECTION('',(-1.,3.606601717798E-17,-1.76066017178E-16));
#3873 = ADVANCED_FACE('',(#3874),#3885,.T.);
#3874 = FACE_BOUND('',#3875,.T.);
#3875 = EDGE_LOOP('',(#3876,#3882,#3883,#3884));
#3876 = ORIENTED_EDGE('',*,*,#3877,.T.);
#3877 = EDGE_CURVE('',#3832,#3855,#3878,.T.);
#3878 = LINE('',#3879,#3880);
#3879 = CARTESIAN_POINT('',(-14.64,-0.97,7.6));
#3880 = VECTOR('',#3881,1.);
#3881 = DIRECTION('',(0.,1.,-1.2E-16));
#3882 = ORIENTED_EDGE('',*,*,#3854,.F.);
#3883 = ORIENTED_EDGE('',*,*,#1029,.T.);
#3884 = ORIENTED_EDGE('',*,*,#3839,.T.);
#3885 = PLANE('',#3886);
#3886 = AXIS2_PLACEMENT_3D('',#3887,#3888,#3889);
#3887 = CARTESIAN_POINT('',(-14.84,-0.97,7.8));
#3888 = DIRECTION('',(0.707106781187,9.E-17,0.707106781187));
#3889 = DIRECTION('',(-0.707106781187,9.E-17,0.707106781187));
#3890 = ADVANCED_FACE('',(#3891),#3916,.T.);
#3891 = FACE_BOUND('',#3892,.T.);
#3892 = EDGE_LOOP('',(#3893,#3894,#3902,#3910));
#3893 = ORIENTED_EDGE('',*,*,#1045,.T.);
#3894 = ORIENTED_EDGE('',*,*,#3895,.T.);
#3895 = EDGE_CURVE('',#1048,#3896,#3898,.T.);
#3896 = VERTEX_POINT('',#3897);
#3897 = CARTESIAN_POINT('',(-10.76,-0.6,7.6));
#3898 = LINE('',#3899,#3900);
#3899 = CARTESIAN_POINT('',(-10.36,-0.2,8.));
#3900 = VECTOR('',#3901,1.);
#3901 = DIRECTION('',(-0.57735026919,-0.57735026919,-0.57735026919));
#3902 = ORIENTED_EDGE('',*,*,#3903,.T.);
#3903 = EDGE_CURVE('',#3896,#3904,#3906,.T.);
#3904 = VERTEX_POINT('',#3905);
#3905 = CARTESIAN_POINT('',(-10.76,-1.94,7.6));
#3906 = LINE('',#3907,#3908);
#3907 = CARTESIAN_POINT('',(-10.76,-0.3,7.6));
#3908 = VECTOR('',#3909,1.);
#3909 = DIRECTION('',(0.,-1.,1.2E-16));
#3910 = ORIENTED_EDGE('',*,*,#3911,.T.);
#3911 = EDGE_CURVE('',#3904,#1046,#3912,.T.);
#3912 = LINE('',#3913,#3914);
#3913 = CARTESIAN_POINT('',(-10.76,-1.94,7.6));
#3914 = VECTOR('',#3915,1.);
#3915 = DIRECTION('',(0.57735026919,-0.57735026919,0.57735026919));
#3916 = PLANE('',#3917);
#3917 = AXIS2_PLACEMENT_3D('',#3918,#3919,#3920);
#3918 = CARTESIAN_POINT('',(-10.56,-0.3,7.8));
#3919 = DIRECTION('',(-0.707106781187,9.E-17,0.707106781187));
#3920 = DIRECTION('',(-0.707106781187,-9.E-17,-0.707106781187));
#3921 = ADVANCED_FACE('',(#3922),#3940,.T.);
#3922 = FACE_BOUND('',#3923,.T.);
#3923 = EDGE_LOOP('',(#3924,#3925,#3926,#3934));
#3924 = ORIENTED_EDGE('',*,*,#1071,.T.);
#3925 = ORIENTED_EDGE('',*,*,#3911,.F.);
#3926 = ORIENTED_EDGE('',*,*,#3927,.T.);
#3927 = EDGE_CURVE('',#3904,#3928,#3930,.T.);
#3928 = VERTEX_POINT('',#3929);
#3929 = CARTESIAN_POINT('',(-12.1,-1.94,7.6));
#3930 = LINE('',#3931,#3932);
#3931 = CARTESIAN_POINT('',(-5.38,-1.94,7.6));
#3932 = VECTOR('',#3933,1.);
#3933 = DIRECTION('',(-1.,2.1E-16,0.));
#3934 = ORIENTED_EDGE('',*,*,#3935,.F.);
#3935 = EDGE_CURVE('',#1064,#3928,#3936,.T.);
#3936 = LINE('',#3937,#3938);
#3937 = CARTESIAN_POINT('',(-12.5,-2.34,8.));
#3938 = VECTOR('',#3939,1.);
#3939 = DIRECTION('',(0.57735026919,0.57735026919,-0.57735026919));
#3940 = PLANE('',#3941);
#3941 = AXIS2_PLACEMENT_3D('',#3942,#3943,#3944);
#3942 = CARTESIAN_POINT('',(-5.38,-2.14,7.8));
#3943 = DIRECTION('',(1.5E-16,0.707106781187,0.707106781187));
#3944 = DIRECTION('',(-1.,3.606601717798E-17,1.76066017178E-16));
#3945 = ADVANCED_FACE('',(#3946),#3964,.T.);
#3946 = FACE_BOUND('',#3947,.T.);
#3947 = EDGE_LOOP('',(#3948,#3949,#3957,#3963));
#3948 = ORIENTED_EDGE('',*,*,#1055,.T.);
#3949 = ORIENTED_EDGE('',*,*,#3950,.T.);
#3950 = EDGE_CURVE('',#1056,#3951,#3953,.T.);
#3951 = VERTEX_POINT('',#3952);
#3952 = CARTESIAN_POINT('',(-12.1,-0.6,7.6));
#3953 = LINE('',#3954,#3955);
#3954 = CARTESIAN_POINT('',(-12.5,-0.2,8.));
#3955 = VECTOR('',#3956,1.);
#3956 = DIRECTION('',(0.57735026919,-0.57735026919,-0.57735026919));
#3957 = ORIENTED_EDGE('',*,*,#3958,.T.);
#3958 = EDGE_CURVE('',#3951,#3896,#3959,.T.);
#3959 = LINE('',#3960,#3961);
#3960 = CARTESIAN_POINT('',(-6.05,-0.6,7.6));
#3961 = VECTOR('',#3962,1.);
#3962 = DIRECTION('',(1.,-2.1E-16,0.));
#3963 = ORIENTED_EDGE('',*,*,#3895,.F.);
#3964 = PLANE('',#3965);
#3965 = AXIS2_PLACEMENT_3D('',#3966,#3967,#3968);
#3966 = CARTESIAN_POINT('',(-6.05,-0.4,7.8));
#3967 = DIRECTION('',(-1.5E-16,-0.707106781187,0.707106781187));
#3968 = DIRECTION('',(-1.,3.606601717798E-17,-1.76066017178E-16));
#3969 = ADVANCED_FACE('',(#3970),#3981,.T.);
#3970 = FACE_BOUND('',#3971,.T.);
#3971 = EDGE_LOOP('',(#3972,#3978,#3979,#3980));
#3972 = ORIENTED_EDGE('',*,*,#3973,.T.);
#3973 = EDGE_CURVE('',#3928,#3951,#3974,.T.);
#3974 = LINE('',#3975,#3976);
#3975 = CARTESIAN_POINT('',(-12.1,-0.97,7.6));
#3976 = VECTOR('',#3977,1.);
#3977 = DIRECTION('',(0.,1.,-1.2E-16));
#3978 = ORIENTED_EDGE('',*,*,#3950,.F.);
#3979 = ORIENTED_EDGE('',*,*,#1063,.T.);
#3980 = ORIENTED_EDGE('',*,*,#3935,.T.);
#3981 = PLANE('',#3982);
#3982 = AXIS2_PLACEMENT_3D('',#3983,#3984,#3985);
#3983 = CARTESIAN_POINT('',(-12.3,-0.97,7.8));
#3984 = DIRECTION('',(0.707106781187,9.E-17,0.707106781187));
#3985 = DIRECTION('',(-0.707106781187,9.E-17,0.707106781187));
#3986 = ADVANCED_FACE('',(#3987),#4012,.T.);
#3987 = FACE_BOUND('',#3988,.T.);
#3988 = EDGE_LOOP('',(#3989,#3990,#3998,#4006));
#3989 = ORIENTED_EDGE('',*,*,#1079,.T.);
#3990 = ORIENTED_EDGE('',*,*,#3991,.T.);
#3991 = EDGE_CURVE('',#1082,#3992,#3994,.T.);
#3992 = VERTEX_POINT('',#3993);
#3993 = CARTESIAN_POINT('',(-8.22,-0.6,7.6));
#3994 = LINE('',#3995,#3996);
#3995 = CARTESIAN_POINT('',(-7.82,-0.2,8.));
#3996 = VECTOR('',#3997,1.);
#3997 = DIRECTION('',(-0.57735026919,-0.57735026919,-0.57735026919));
#3998 = ORIENTED_EDGE('',*,*,#3999,.T.);
#3999 = EDGE_CURVE('',#3992,#4000,#4002,.T.);
#4000 = VERTEX_POINT('',#4001);
#4001 = CARTESIAN_POINT('',(-8.22,-1.94,7.6));
#4002 = LINE('',#4003,#4004);
#4003 = CARTESIAN_POINT('',(-8.22,-0.3,7.6));
#4004 = VECTOR('',#4005,1.);
#4005 = DIRECTION('',(0.,-1.,1.2E-16));
#4006 = ORIENTED_EDGE('',*,*,#4007,.T.);
#4007 = EDGE_CURVE('',#4000,#1080,#4008,.T.);
#4008 = LINE('',#4009,#4010);
#4009 = CARTESIAN_POINT('',(-8.22,-1.94,7.6));
#4010 = VECTOR('',#4011,1.);
#4011 = DIRECTION('',(0.57735026919,-0.57735026919,0.57735026919));
#4012 = PLANE('',#4013);
#4013 = AXIS2_PLACEMENT_3D('',#4014,#4015,#4016);
#4014 = CARTESIAN_POINT('',(-8.02,-0.3,7.8));
#4015 = DIRECTION('',(-0.707106781187,9.E-17,0.707106781187));
#4016 = DIRECTION('',(-0.707106781187,-9.E-17,-0.707106781187));
#4017 = ADVANCED_FACE('',(#4018),#4036,.T.);
#4018 = FACE_BOUND('',#4019,.T.);
#4019 = EDGE_LOOP('',(#4020,#4021,#4022,#4030));
#4020 = ORIENTED_EDGE('',*,*,#1105,.T.);
#4021 = ORIENTED_EDGE('',*,*,#4007,.F.);
#4022 = ORIENTED_EDGE('',*,*,#4023,.T.);
#4023 = EDGE_CURVE('',#4000,#4024,#4026,.T.);
#4024 = VERTEX_POINT('',#4025);
#4025 = CARTESIAN_POINT('',(-9.56,-1.94,7.6));
#4026 = LINE('',#4027,#4028);
#4027 = CARTESIAN_POINT('',(-4.11,-1.94,7.6));
#4028 = VECTOR('',#4029,1.);
#4029 = DIRECTION('',(-1.,2.1E-16,0.));
#4030 = ORIENTED_EDGE('',*,*,#4031,.F.);
#4031 = EDGE_CURVE('',#1098,#4024,#4032,.T.);
#4032 = LINE('',#4033,#4034);
#4033 = CARTESIAN_POINT('',(-9.96,-2.34,8.));
#4034 = VECTOR('',#4035,1.);
#4035 = DIRECTION('',(0.57735026919,0.57735026919,-0.57735026919));
#4036 = PLANE('',#4037);
#4037 = AXIS2_PLACEMENT_3D('',#4038,#4039,#4040);
#4038 = CARTESIAN_POINT('',(-4.11,-2.14,7.8));
#4039 = DIRECTION('',(1.5E-16,0.707106781187,0.707106781187));
#4040 = DIRECTION('',(-1.,3.606601717798E-17,1.76066017178E-16));
#4041 = ADVANCED_FACE('',(#4042),#4060,.T.);
#4042 = FACE_BOUND('',#4043,.T.);
#4043 = EDGE_LOOP('',(#4044,#4045,#4053,#4059));
#4044 = ORIENTED_EDGE('',*,*,#1089,.T.);
#4045 = ORIENTED_EDGE('',*,*,#4046,.T.);
#4046 = EDGE_CURVE('',#1090,#4047,#4049,.T.);
#4047 = VERTEX_POINT('',#4048);
#4048 = CARTESIAN_POINT('',(-9.56,-0.6,7.6));
#4049 = LINE('',#4050,#4051);
#4050 = CARTESIAN_POINT('',(-9.96,-0.2,8.));
#4051 = VECTOR('',#4052,1.);
#4052 = DIRECTION('',(0.57735026919,-0.57735026919,-0.57735026919));
#4053 = ORIENTED_EDGE('',*,*,#4054,.T.);
#4054 = EDGE_CURVE('',#4047,#3992,#4055,.T.);
#4055 = LINE('',#4056,#4057);
#4056 = CARTESIAN_POINT('',(-4.78,-0.6,7.6));
#4057 = VECTOR('',#4058,1.);
#4058 = DIRECTION('',(1.,-2.1E-16,0.));
#4059 = ORIENTED_EDGE('',*,*,#3991,.F.);
#4060 = PLANE('',#4061);
#4061 = AXIS2_PLACEMENT_3D('',#4062,#4063,#4064);
#4062 = CARTESIAN_POINT('',(-4.78,-0.4,7.8));
#4063 = DIRECTION('',(-1.5E-16,-0.707106781187,0.707106781187));
#4064 = DIRECTION('',(-1.,3.606601717798E-17,-1.76066017178E-16));
#4065 = ADVANCED_FACE('',(#4066),#4077,.T.);
#4066 = FACE_BOUND('',#4067,.T.);
#4067 = EDGE_LOOP('',(#4068,#4074,#4075,#4076));
#4068 = ORIENTED_EDGE('',*,*,#4069,.T.);
#4069 = EDGE_CURVE('',#4024,#4047,#4070,.T.);
#4070 = LINE('',#4071,#4072);
#4071 = CARTESIAN_POINT('',(-9.56,-0.97,7.6));
#4072 = VECTOR('',#4073,1.);
#4073 = DIRECTION('',(0.,1.,-1.2E-16));
#4074 = ORIENTED_EDGE('',*,*,#4046,.F.);
#4075 = ORIENTED_EDGE('',*,*,#1097,.T.);
#4076 = ORIENTED_EDGE('',*,*,#4031,.T.);
#4077 = PLANE('',#4078);
#4078 = AXIS2_PLACEMENT_3D('',#4079,#4080,#4081);
#4079 = CARTESIAN_POINT('',(-9.76,-0.97,7.8));
#4080 = DIRECTION('',(0.707106781187,9.E-17,0.707106781187));
#4081 = DIRECTION('',(-0.707106781187,9.E-17,0.707106781187));
#4082 = ADVANCED_FACE('',(#4083),#4108,.T.);
#4083 = FACE_BOUND('',#4084,.T.);
#4084 = EDGE_LOOP('',(#4085,#4086,#4094,#4102));
#4085 = ORIENTED_EDGE('',*,*,#1113,.T.);
#4086 = ORIENTED_EDGE('',*,*,#4087,.T.);
#4087 = EDGE_CURVE('',#1116,#4088,#4090,.T.);
#4088 = VERTEX_POINT('',#4089);
#4089 = CARTESIAN_POINT('',(-5.68,-0.6,7.6));
#4090 = LINE('',#4091,#4092);
#4091 = CARTESIAN_POINT('',(-5.28,-0.2,8.));
#4092 = VECTOR('',#4093,1.);
#4093 = DIRECTION('',(-0.57735026919,-0.57735026919,-0.57735026919));
#4094 = ORIENTED_EDGE('',*,*,#4095,.T.);
#4095 = EDGE_CURVE('',#4088,#4096,#4098,.T.);
#4096 = VERTEX_POINT('',#4097);
#4097 = CARTESIAN_POINT('',(-5.68,-1.94,7.6));
#4098 = LINE('',#4099,#4100);
#4099 = CARTESIAN_POINT('',(-5.68,-0.3,7.6));
#4100 = VECTOR('',#4101,1.);
#4101 = DIRECTION('',(0.,-1.,1.2E-16));
#4102 = ORIENTED_EDGE('',*,*,#4103,.T.);
#4103 = EDGE_CURVE('',#4096,#1114,#4104,.T.);
#4104 = LINE('',#4105,#4106);
#4105 = CARTESIAN_POINT('',(-5.68,-1.94,7.6));
#4106 = VECTOR('',#4107,1.);
#4107 = DIRECTION('',(0.57735026919,-0.57735026919,0.57735026919));
#4108 = PLANE('',#4109);
#4109 = AXIS2_PLACEMENT_3D('',#4110,#4111,#4112);
#4110 = CARTESIAN_POINT('',(-5.48,-0.3,7.8));
#4111 = DIRECTION('',(-0.707106781187,9.E-17,0.707106781187));
#4112 = DIRECTION('',(-0.707106781187,-9.E-17,-0.707106781187));
#4113 = ADVANCED_FACE('',(#4114),#4132,.T.);
#4114 = FACE_BOUND('',#4115,.T.);
#4115 = EDGE_LOOP('',(#4116,#4117,#4118,#4126));
#4116 = ORIENTED_EDGE('',*,*,#1139,.T.);
#4117 = ORIENTED_EDGE('',*,*,#4103,.F.);
#4118 = ORIENTED_EDGE('',*,*,#4119,.T.);
#4119 = EDGE_CURVE('',#4096,#4120,#4122,.T.);
#4120 = VERTEX_POINT('',#4121);
#4121 = CARTESIAN_POINT('',(-7.02,-1.94,7.6));
#4122 = LINE('',#4123,#4124);
#4123 = CARTESIAN_POINT('',(-2.84,-1.94,7.6));
#4124 = VECTOR('',#4125,1.);
#4125 = DIRECTION('',(-1.,2.1E-16,0.));
#4126 = ORIENTED_EDGE('',*,*,#4127,.F.);
#4127 = EDGE_CURVE('',#1132,#4120,#4128,.T.);
#4128 = LINE('',#4129,#4130);
#4129 = CARTESIAN_POINT('',(-7.42,-2.34,8.));
#4130 = VECTOR('',#4131,1.);
#4131 = DIRECTION('',(0.57735026919,0.57735026919,-0.57735026919));
#4132 = PLANE('',#4133);
#4133 = AXIS2_PLACEMENT_3D('',#4134,#4135,#4136);
#4134 = CARTESIAN_POINT('',(-2.84,-2.14,7.8));
#4135 = DIRECTION('',(1.5E-16,0.707106781187,0.707106781187));
#4136 = DIRECTION('',(-1.,3.606601717798E-17,1.76066017178E-16));
#4137 = ADVANCED_FACE('',(#4138),#4156,.T.);
#4138 = FACE_BOUND('',#4139,.T.);
#4139 = EDGE_LOOP('',(#4140,#4141,#4149,#4155));
#4140 = ORIENTED_EDGE('',*,*,#1123,.T.);
#4141 = ORIENTED_EDGE('',*,*,#4142,.T.);
#4142 = EDGE_CURVE('',#1124,#4143,#4145,.T.);
#4143 = VERTEX_POINT('',#4144);
#4144 = CARTESIAN_POINT('',(-7.02,-0.6,7.6));
#4145 = LINE('',#4146,#4147);
#4146 = CARTESIAN_POINT('',(-7.42,-0.2,8.));
#4147 = VECTOR('',#4148,1.);
#4148 = DIRECTION('',(0.57735026919,-0.57735026919,-0.57735026919));
#4149 = ORIENTED_EDGE('',*,*,#4150,.T.);
#4150 = EDGE_CURVE('',#4143,#4088,#4151,.T.);
#4151 = LINE('',#4152,#4153);
#4152 = CARTESIAN_POINT('',(-3.51,-0.6,7.6));
#4153 = VECTOR('',#4154,1.);
#4154 = DIRECTION('',(1.,-2.1E-16,0.));
#4155 = ORIENTED_EDGE('',*,*,#4087,.F.);
#4156 = PLANE('',#4157);
#4157 = AXIS2_PLACEMENT_3D('',#4158,#4159,#4160);
#4158 = CARTESIAN_POINT('',(-3.51,-0.4,7.8));
#4159 = DIRECTION('',(-1.5E-16,-0.707106781187,0.707106781187));
#4160 = DIRECTION('',(-1.,3.606601717798E-17,-1.76066017178E-16));
#4161 = ADVANCED_FACE('',(#4162),#4173,.T.);
#4162 = FACE_BOUND('',#4163,.T.);
#4163 = EDGE_LOOP('',(#4164,#4170,#4171,#4172));
#4164 = ORIENTED_EDGE('',*,*,#4165,.T.);
#4165 = EDGE_CURVE('',#4120,#4143,#4166,.T.);
#4166 = LINE('',#4167,#4168);
#4167 = CARTESIAN_POINT('',(-7.02,-0.97,7.6));
#4168 = VECTOR('',#4169,1.);
#4169 = DIRECTION('',(0.,1.,-1.2E-16));
#4170 = ORIENTED_EDGE('',*,*,#4142,.F.);
#4171 = ORIENTED_EDGE('',*,*,#1131,.T.);
#4172 = ORIENTED_EDGE('',*,*,#4127,.T.);
#4173 = PLANE('',#4174);
#4174 = AXIS2_PLACEMENT_3D('',#4175,#4176,#4177);
#4175 = CARTESIAN_POINT('',(-7.22,-0.97,7.8));
#4176 = DIRECTION('',(0.707106781187,9.E-17,0.707106781187));
#4177 = DIRECTION('',(-0.707106781187,9.E-17,0.707106781187));
#4178 = ADVANCED_FACE('',(#4179),#4204,.T.);
#4179 = FACE_BOUND('',#4180,.T.);
#4180 = EDGE_LOOP('',(#4181,#4182,#4190,#4198));
#4181 = ORIENTED_EDGE('',*,*,#1147,.T.);
#4182 = ORIENTED_EDGE('',*,*,#4183,.T.);
#4183 = EDGE_CURVE('',#1150,#4184,#4186,.T.);
#4184 = VERTEX_POINT('',#4185);
#4185 = CARTESIAN_POINT('',(-3.14,-0.6,7.6));
#4186 = LINE('',#4187,#4188);
#4187 = CARTESIAN_POINT('',(-2.74,-0.2,8.));
#4188 = VECTOR('',#4189,1.);
#4189 = DIRECTION('',(-0.57735026919,-0.57735026919,-0.57735026919));
#4190 = ORIENTED_EDGE('',*,*,#4191,.T.);
#4191 = EDGE_CURVE('',#4184,#4192,#4194,.T.);
#4192 = VERTEX_POINT('',#4193);
#4193 = CARTESIAN_POINT('',(-3.14,-1.94,7.6));
#4194 = LINE('',#4195,#4196);
#4195 = CARTESIAN_POINT('',(-3.14,-0.3,7.6));
#4196 = VECTOR('',#4197,1.);
#4197 = DIRECTION('',(0.,-1.,1.2E-16));
#4198 = ORIENTED_EDGE('',*,*,#4199,.T.);
#4199 = EDGE_CURVE('',#4192,#1148,#4200,.T.);
#4200 = LINE('',#4201,#4202);
#4201 = CARTESIAN_POINT('',(-3.14,-1.94,7.6));
#4202 = VECTOR('',#4203,1.);
#4203 = DIRECTION('',(0.57735026919,-0.57735026919,0.57735026919));
#4204 = PLANE('',#4205);
#4205 = AXIS2_PLACEMENT_3D('',#4206,#4207,#4208);
#4206 = CARTESIAN_POINT('',(-2.94,-0.3,7.8));
#4207 = DIRECTION('',(-0.707106781187,9.E-17,0.707106781187));
#4208 = DIRECTION('',(-0.707106781187,-9.E-17,-0.707106781187));
#4209 = ADVANCED_FACE('',(#4210),#4228,.T.);
#4210 = FACE_BOUND('',#4211,.T.);
#4211 = EDGE_LOOP('',(#4212,#4213,#4214,#4222));
#4212 = ORIENTED_EDGE('',*,*,#1173,.T.);
#4213 = ORIENTED_EDGE('',*,*,#4199,.F.);
#4214 = ORIENTED_EDGE('',*,*,#4215,.T.);
#4215 = EDGE_CURVE('',#4192,#4216,#4218,.T.);
#4216 = VERTEX_POINT('',#4217);
#4217 = CARTESIAN_POINT('',(-4.48,-1.94,7.6));
#4218 = LINE('',#4219,#4220);
#4219 = CARTESIAN_POINT('',(-1.57,-1.94,7.6));
#4220 = VECTOR('',#4221,1.);
#4221 = DIRECTION('',(-1.,2.1E-16,0.));
#4222 = ORIENTED_EDGE('',*,*,#4223,.F.);
#4223 = EDGE_CURVE('',#1166,#4216,#4224,.T.);
#4224 = LINE('',#4225,#4226);
#4225 = CARTESIAN_POINT('',(-4.88,-2.34,8.));
#4226 = VECTOR('',#4227,1.);
#4227 = DIRECTION('',(0.57735026919,0.57735026919,-0.57735026919));
#4228 = PLANE('',#4229);
#4229 = AXIS2_PLACEMENT_3D('',#4230,#4231,#4232);
#4230 = CARTESIAN_POINT('',(-1.57,-2.14,7.8));
#4231 = DIRECTION('',(1.5E-16,0.707106781187,0.707106781187));
#4232 = DIRECTION('',(-1.,3.606601717798E-17,1.76066017178E-16));
#4233 = ADVANCED_FACE('',(#4234),#4252,.T.);
#4234 = FACE_BOUND('',#4235,.T.);
#4235 = EDGE_LOOP('',(#4236,#4237,#4245,#4251));
#4236 = ORIENTED_EDGE('',*,*,#1157,.T.);
#4237 = ORIENTED_EDGE('',*,*,#4238,.T.);
#4238 = EDGE_CURVE('',#1158,#4239,#4241,.T.);
#4239 = VERTEX_POINT('',#4240);
#4240 = CARTESIAN_POINT('',(-4.48,-0.6,7.6));
#4241 = LINE('',#4242,#4243);
#4242 = CARTESIAN_POINT('',(-4.88,-0.2,8.));
#4243 = VECTOR('',#4244,1.);
#4244 = DIRECTION('',(0.57735026919,-0.57735026919,-0.57735026919));
#4245 = ORIENTED_EDGE('',*,*,#4246,.T.);
#4246 = EDGE_CURVE('',#4239,#4184,#4247,.T.);
#4247 = LINE('',#4248,#4249);
#4248 = CARTESIAN_POINT('',(-2.24,-0.6,7.6));
#4249 = VECTOR('',#4250,1.);
#4250 = DIRECTION('',(1.,-2.1E-16,0.));
#4251 = ORIENTED_EDGE('',*,*,#4183,.F.);
#4252 = PLANE('',#4253);
#4253 = AXIS2_PLACEMENT_3D('',#4254,#4255,#4256);
#4254 = CARTESIAN_POINT('',(-2.24,-0.4,7.8));
#4255 = DIRECTION('',(-1.5E-16,-0.707106781187,0.707106781187));
#4256 = DIRECTION('',(-1.,3.606601717798E-17,-1.76066017178E-16));
#4257 = ADVANCED_FACE('',(#4258),#4269,.T.);
#4258 = FACE_BOUND('',#4259,.T.);
#4259 = EDGE_LOOP('',(#4260,#4266,#4267,#4268));
#4260 = ORIENTED_EDGE('',*,*,#4261,.T.);
#4261 = EDGE_CURVE('',#4216,#4239,#4262,.T.);
#4262 = LINE('',#4263,#4264);
#4263 = CARTESIAN_POINT('',(-4.48,-0.97,7.6));
#4264 = VECTOR('',#4265,1.);
#4265 = DIRECTION('',(0.,1.,-1.2E-16));
#4266 = ORIENTED_EDGE('',*,*,#4238,.F.);
#4267 = ORIENTED_EDGE('',*,*,#1165,.T.);
#4268 = ORIENTED_EDGE('',*,*,#4223,.T.);
#4269 = PLANE('',#4270);
#4270 = AXIS2_PLACEMENT_3D('',#4271,#4272,#4273);
#4271 = CARTESIAN_POINT('',(-4.68,-0.97,7.8));
#4272 = DIRECTION('',(0.707106781187,9.E-17,0.707106781187));
#4273 = DIRECTION('',(-0.707106781187,9.E-17,0.707106781187));
#4274 = ADVANCED_FACE('',(#4275),#4300,.T.);
#4275 = FACE_BOUND('',#4276,.T.);
#4276 = EDGE_LOOP('',(#4277,#4278,#4286,#4294));
#4277 = ORIENTED_EDGE('',*,*,#1181,.T.);
#4278 = ORIENTED_EDGE('',*,*,#4279,.T.);
#4279 = EDGE_CURVE('',#1184,#4280,#4282,.T.);
#4280 = VERTEX_POINT('',#4281);
#4281 = CARTESIAN_POINT('',(-0.6,-0.6,7.6));
#4282 = LINE('',#4283,#4284);
#4283 = CARTESIAN_POINT('',(-0.2,-0.2,8.));
#4284 = VECTOR('',#4285,1.);
#4285 = DIRECTION('',(-0.57735026919,-0.57735026919,-0.57735026919));
#4286 = ORIENTED_EDGE('',*,*,#4287,.T.);
#4287 = EDGE_CURVE('',#4280,#4288,#4290,.T.);
#4288 = VERTEX_POINT('',#4289);
#4289 = CARTESIAN_POINT('',(-0.6,-1.94,7.6));
#4290 = LINE('',#4291,#4292);
#4291 = CARTESIAN_POINT('',(-0.6,-0.3,7.6));
#4292 = VECTOR('',#4293,1.);
#4293 = DIRECTION('',(0.,-1.,1.2E-16));
#4294 = ORIENTED_EDGE('',*,*,#4295,.T.);
#4295 = EDGE_CURVE('',#4288,#1182,#4296,.T.);
#4296 = LINE('',#4297,#4298);
#4297 = CARTESIAN_POINT('',(-0.6,-1.94,7.6));
#4298 = VECTOR('',#4299,1.);
#4299 = DIRECTION('',(0.57735026919,-0.57735026919,0.57735026919));
#4300 = PLANE('',#4301);
#4301 = AXIS2_PLACEMENT_3D('',#4302,#4303,#4304);
#4302 = CARTESIAN_POINT('',(-0.4,-0.3,7.8));
#4303 = DIRECTION('',(-0.707106781187,9.E-17,0.707106781187));
#4304 = DIRECTION('',(-0.707106781187,-9.E-17,-0.707106781187));
#4305 = ADVANCED_FACE('',(#4306),#4324,.T.);
#4306 = FACE_BOUND('',#4307,.T.);
#4307 = EDGE_LOOP('',(#4308,#4309,#4310,#4318));
#4308 = ORIENTED_EDGE('',*,*,#1207,.T.);
#4309 = ORIENTED_EDGE('',*,*,#4295,.F.);
#4310 = ORIENTED_EDGE('',*,*,#4311,.T.);
#4311 = EDGE_CURVE('',#4288,#4312,#4314,.T.);
#4312 = VERTEX_POINT('',#4313);
#4313 = CARTESIAN_POINT('',(-1.94,-1.94,7.6));
#4314 = LINE('',#4315,#4316);
#4315 = CARTESIAN_POINT('',(-0.3,-1.94,7.6));
#4316 = VECTOR('',#4317,1.);
#4317 = DIRECTION('',(-1.,2.1E-16,0.));
#4318 = ORIENTED_EDGE('',*,*,#4319,.F.);
#4319 = EDGE_CURVE('',#1200,#4312,#4320,.T.);
#4320 = LINE('',#4321,#4322);
#4321 = CARTESIAN_POINT('',(-2.34,-2.34,8.));
#4322 = VECTOR('',#4323,1.);
#4323 = DIRECTION('',(0.57735026919,0.57735026919,-0.57735026919));
#4324 = PLANE('',#4325);
#4325 = AXIS2_PLACEMENT_3D('',#4326,#4327,#4328);
#4326 = CARTESIAN_POINT('',(-0.3,-2.14,7.8));
#4327 = DIRECTION('',(1.5E-16,0.707106781187,0.707106781187));
#4328 = DIRECTION('',(-1.,3.606601717798E-17,1.76066017178E-16));
#4329 = ADVANCED_FACE('',(#4330),#4348,.T.);
#4330 = FACE_BOUND('',#4331,.T.);
#4331 = EDGE_LOOP('',(#4332,#4333,#4341,#4347));
#4332 = ORIENTED_EDGE('',*,*,#1191,.T.);
#4333 = ORIENTED_EDGE('',*,*,#4334,.T.);
#4334 = EDGE_CURVE('',#1192,#4335,#4337,.T.);
#4335 = VERTEX_POINT('',#4336);
#4336 = CARTESIAN_POINT('',(-1.94,-0.6,7.6));
#4337 = LINE('',#4338,#4339);
#4338 = CARTESIAN_POINT('',(-2.34,-0.2,8.));
#4339 = VECTOR('',#4340,1.);
#4340 = DIRECTION('',(0.57735026919,-0.57735026919,-0.57735026919));
#4341 = ORIENTED_EDGE('',*,*,#4342,.T.);
#4342 = EDGE_CURVE('',#4335,#4280,#4343,.T.);
#4343 = LINE('',#4344,#4345);
#4344 = CARTESIAN_POINT('',(-0.97,-0.6,7.6));
#4345 = VECTOR('',#4346,1.);
#4346 = DIRECTION('',(1.,-2.1E-16,0.));
#4347 = ORIENTED_EDGE('',*,*,#4279,.F.);
#4348 = PLANE('',#4349);
#4349 = AXIS2_PLACEMENT_3D('',#4350,#4351,#4352);
#4350 = CARTESIAN_POINT('',(-0.97,-0.4,7.8));
#4351 = DIRECTION('',(-1.5E-16,-0.707106781187,0.707106781187));
#4352 = DIRECTION('',(-1.,3.606601717798E-17,-1.76066017178E-16));
#4353 = ADVANCED_FACE('',(#4354),#4365,.T.);
#4354 = FACE_BOUND('',#4355,.T.);
#4355 = EDGE_LOOP('',(#4356,#4362,#4363,#4364));
#4356 = ORIENTED_EDGE('',*,*,#4357,.T.);
#4357 = EDGE_CURVE('',#4312,#4335,#4358,.T.);
#4358 = LINE('',#4359,#4360);
#4359 = CARTESIAN_POINT('',(-1.94,-0.97,7.6));
#4360 = VECTOR('',#4361,1.);
#4361 = DIRECTION('',(0.,1.,-1.2E-16));
#4362 = ORIENTED_EDGE('',*,*,#4334,.F.);
#4363 = ORIENTED_EDGE('',*,*,#1199,.T.);
#4364 = ORIENTED_EDGE('',*,*,#4319,.T.);
#4365 = PLANE('',#4366);
#4366 = AXIS2_PLACEMENT_3D('',#4367,#4368,#4369);
#4367 = CARTESIAN_POINT('',(-2.14,-0.97,7.8));
#4368 = DIRECTION('',(0.707106781187,9.E-17,0.707106781187));
#4369 = DIRECTION('',(-0.707106781187,9.E-17,0.707106781187));
#4370 = ADVANCED_FACE('',(#4371),#4396,.T.);
#4371 = FACE_BOUND('',#4372,.T.);
#4372 = EDGE_LOOP('',(#4373,#4374,#4382,#4390));
#4373 = ORIENTED_EDGE('',*,*,#1215,.T.);
#4374 = ORIENTED_EDGE('',*,*,#4375,.T.);
#4375 = EDGE_CURVE('',#1218,#4376,#4378,.T.);
#4376 = VERTEX_POINT('',#4377);
#4377 = CARTESIAN_POINT('',(1.94,-0.6,7.6));
#4378 = LINE('',#4379,#4380);
#4379 = CARTESIAN_POINT('',(2.34,-0.2,8.));
#4380 = VECTOR('',#4381,1.);
#4381 = DIRECTION('',(-0.57735026919,-0.57735026919,-0.57735026919));
#4382 = ORIENTED_EDGE('',*,*,#4383,.T.);
#4383 = EDGE_CURVE('',#4376,#4384,#4386,.T.);
#4384 = VERTEX_POINT('',#4385);
#4385 = CARTESIAN_POINT('',(1.94,-1.94,7.6));
#4386 = LINE('',#4387,#4388);
#4387 = CARTESIAN_POINT('',(1.94,-0.3,7.6));
#4388 = VECTOR('',#4389,1.);
#4389 = DIRECTION('',(0.,-1.,1.2E-16));
#4390 = ORIENTED_EDGE('',*,*,#4391,.T.);
#4391 = EDGE_CURVE('',#4384,#1216,#4392,.T.);
#4392 = LINE('',#4393,#4394);
#4393 = CARTESIAN_POINT('',(1.94,-1.94,7.6));
#4394 = VECTOR('',#4395,1.);
#4395 = DIRECTION('',(0.57735026919,-0.57735026919,0.57735026919));
#4396 = PLANE('',#4397);
#4397 = AXIS2_PLACEMENT_3D('',#4398,#4399,#4400);
#4398 = CARTESIAN_POINT('',(2.14,-0.3,7.8));
#4399 = DIRECTION('',(-0.707106781187,9.E-17,0.707106781187));
#4400 = DIRECTION('',(-0.707106781187,-9.E-17,-0.707106781187));
#4401 = ADVANCED_FACE('',(#4402),#4420,.T.);
#4402 = FACE_BOUND('',#4403,.T.);
#4403 = EDGE_LOOP('',(#4404,#4405,#4406,#4414));
#4404 = ORIENTED_EDGE('',*,*,#1241,.T.);
#4405 = ORIENTED_EDGE('',*,*,#4391,.F.);
#4406 = ORIENTED_EDGE('',*,*,#4407,.T.);
#4407 = EDGE_CURVE('',#4384,#4408,#4410,.T.);
#4408 = VERTEX_POINT('',#4409);
#4409 = CARTESIAN_POINT('',(0.6,-1.94,7.6));
#4410 = LINE('',#4411,#4412);
#4411 = CARTESIAN_POINT('',(0.97,-1.94,7.6));
#4412 = VECTOR('',#4413,1.);
#4413 = DIRECTION('',(-1.,2.1E-16,0.));
#4414 = ORIENTED_EDGE('',*,*,#4415,.F.);
#4415 = EDGE_CURVE('',#1234,#4408,#4416,.T.);
#4416 = LINE('',#4417,#4418);
#4417 = CARTESIAN_POINT('',(0.2,-2.34,8.));
#4418 = VECTOR('',#4419,1.);
#4419 = DIRECTION('',(0.57735026919,0.57735026919,-0.57735026919));
#4420 = PLANE('',#4421);
#4421 = AXIS2_PLACEMENT_3D('',#4422,#4423,#4424);
#4422 = CARTESIAN_POINT('',(0.97,-2.14,7.8));
#4423 = DIRECTION('',(1.5E-16,0.707106781187,0.707106781187));
#4424 = DIRECTION('',(-1.,3.606601717798E-17,1.76066017178E-16));
#4425 = ADVANCED_FACE('',(#4426),#4444,.T.);
#4426 = FACE_BOUND('',#4427,.T.);
#4427 = EDGE_LOOP('',(#4428,#4429,#4437,#4443));
#4428 = ORIENTED_EDGE('',*,*,#1225,.T.);
#4429 = ORIENTED_EDGE('',*,*,#4430,.T.);
#4430 = EDGE_CURVE('',#1226,#4431,#4433,.T.);
#4431 = VERTEX_POINT('',#4432);
#4432 = CARTESIAN_POINT('',(0.6,-0.6,7.6));
#4433 = LINE('',#4434,#4435);
#4434 = CARTESIAN_POINT('',(0.2,-0.2,8.));
#4435 = VECTOR('',#4436,1.);
#4436 = DIRECTION('',(0.57735026919,-0.57735026919,-0.57735026919));
#4437 = ORIENTED_EDGE('',*,*,#4438,.T.);
#4438 = EDGE_CURVE('',#4431,#4376,#4439,.T.);
#4439 = LINE('',#4440,#4441);
#4440 = CARTESIAN_POINT('',(0.3,-0.6,7.6));
#4441 = VECTOR('',#4442,1.);
#4442 = DIRECTION('',(1.,-2.1E-16,0.));
#4443 = ORIENTED_EDGE('',*,*,#4375,.F.);
#4444 = PLANE('',#4445);
#4445 = AXIS2_PLACEMENT_3D('',#4446,#4447,#4448);
#4446 = CARTESIAN_POINT('',(0.3,-0.4,7.8));
#4447 = DIRECTION('',(-1.5E-16,-0.707106781187,0.707106781187));
#4448 = DIRECTION('',(-1.,3.606601717798E-17,-1.76066017178E-16));
#4449 = ADVANCED_FACE('',(#4450),#4461,.T.);
#4450 = FACE_BOUND('',#4451,.T.);
#4451 = EDGE_LOOP('',(#4452,#4458,#4459,#4460));
#4452 = ORIENTED_EDGE('',*,*,#4453,.T.);
#4453 = EDGE_CURVE('',#4408,#4431,#4454,.T.);
#4454 = LINE('',#4455,#4456);
#4455 = CARTESIAN_POINT('',(0.6,-0.97,7.6));
#4456 = VECTOR('',#4457,1.);
#4457 = DIRECTION('',(0.,1.,-1.2E-16));
#4458 = ORIENTED_EDGE('',*,*,#4430,.F.);
#4459 = ORIENTED_EDGE('',*,*,#1233,.T.);
#4460 = ORIENTED_EDGE('',*,*,#4415,.T.);
#4461 = PLANE('',#4462);
#4462 = AXIS2_PLACEMENT_3D('',#4463,#4464,#4465);
#4463 = CARTESIAN_POINT('',(0.4,-0.97,7.8));
#4464 = DIRECTION('',(0.707106781187,9.E-17,0.707106781187));
#4465 = DIRECTION('',(-0.707106781187,9.E-17,0.707106781187));
#4466 = ADVANCED_FACE('',(#4467),#4492,.T.);
#4467 = FACE_BOUND('',#4468,.T.);
#4468 = EDGE_LOOP('',(#4469,#4470,#4478,#4486));
#4469 = ORIENTED_EDGE('',*,*,#1249,.T.);
#4470 = ORIENTED_EDGE('',*,*,#4471,.T.);
#4471 = EDGE_CURVE('',#1252,#4472,#4474,.T.);
#4472 = VERTEX_POINT('',#4473);
#4473 = CARTESIAN_POINT('',(4.48,-0.6,7.6));
#4474 = LINE('',#4475,#4476);
#4475 = CARTESIAN_POINT('',(4.88,-0.2,8.));
#4476 = VECTOR('',#4477,1.);
#4477 = DIRECTION('',(-0.57735026919,-0.57735026919,-0.57735026919));
#4478 = ORIENTED_EDGE('',*,*,#4479,.T.);
#4479 = EDGE_CURVE('',#4472,#4480,#4482,.T.);
#4480 = VERTEX_POINT('',#4481);
#4481 = CARTESIAN_POINT('',(4.48,-1.94,7.6));
#4482 = LINE('',#4483,#4484);
#4483 = CARTESIAN_POINT('',(4.48,-0.3,7.6));
#4484 = VECTOR('',#4485,1.);
#4485 = DIRECTION('',(0.,-1.,1.2E-16));
#4486 = ORIENTED_EDGE('',*,*,#4487,.T.);
#4487 = EDGE_CURVE('',#4480,#1250,#4488,.T.);
#4488 = LINE('',#4489,#4490);
#4489 = CARTESIAN_POINT('',(4.48,-1.94,7.6));
#4490 = VECTOR('',#4491,1.);
#4491 = DIRECTION('',(0.57735026919,-0.57735026919,0.57735026919));
#4492 = PLANE('',#4493);
#4493 = AXIS2_PLACEMENT_3D('',#4494,#4495,#4496);
#4494 = CARTESIAN_POINT('',(4.68,-0.3,7.8));
#4495 = DIRECTION('',(-0.707106781187,9.E-17,0.707106781187));
#4496 = DIRECTION('',(-0.707106781187,-9.E-17,-0.707106781187));
#4497 = ADVANCED_FACE('',(#4498),#4516,.T.);
#4498 = FACE_BOUND('',#4499,.T.);
#4499 = EDGE_LOOP('',(#4500,#4501,#4502,#4510));
#4500 = ORIENTED_EDGE('',*,*,#1275,.T.);
#4501 = ORIENTED_EDGE('',*,*,#4487,.F.);
#4502 = ORIENTED_EDGE('',*,*,#4503,.T.);
#4503 = EDGE_CURVE('',#4480,#4504,#4506,.T.);
#4504 = VERTEX_POINT('',#4505);
#4505 = CARTESIAN_POINT('',(3.14,-1.94,7.6));
#4506 = LINE('',#4507,#4508);
#4507 = CARTESIAN_POINT('',(2.24,-1.94,7.6));
#4508 = VECTOR('',#4509,1.);
#4509 = DIRECTION('',(-1.,2.1E-16,0.));
#4510 = ORIENTED_EDGE('',*,*,#4511,.F.);
#4511 = EDGE_CURVE('',#1268,#4504,#4512,.T.);
#4512 = LINE('',#4513,#4514);
#4513 = CARTESIAN_POINT('',(2.74,-2.34,8.));
#4514 = VECTOR('',#4515,1.);
#4515 = DIRECTION('',(0.57735026919,0.57735026919,-0.57735026919));
#4516 = PLANE('',#4517);
#4517 = AXIS2_PLACEMENT_3D('',#4518,#4519,#4520);
#4518 = CARTESIAN_POINT('',(2.24,-2.14,7.8));
#4519 = DIRECTION('',(1.5E-16,0.707106781187,0.707106781187));
#4520 = DIRECTION('',(-1.,3.606601717798E-17,1.76066017178E-16));
#4521 = ADVANCED_FACE('',(#4522),#4540,.T.);
#4522 = FACE_BOUND('',#4523,.T.);
#4523 = EDGE_LOOP('',(#4524,#4525,#4533,#4539));
#4524 = ORIENTED_EDGE('',*,*,#1259,.T.);
#4525 = ORIENTED_EDGE('',*,*,#4526,.T.);
#4526 = EDGE_CURVE('',#1260,#4527,#4529,.T.);
#4527 = VERTEX_POINT('',#4528);
#4528 = CARTESIAN_POINT('',(3.14,-0.6,7.6));
#4529 = LINE('',#4530,#4531);
#4530 = CARTESIAN_POINT('',(2.74,-0.2,8.));
#4531 = VECTOR('',#4532,1.);
#4532 = DIRECTION('',(0.57735026919,-0.57735026919,-0.57735026919));
#4533 = ORIENTED_EDGE('',*,*,#4534,.T.);
#4534 = EDGE_CURVE('',#4527,#4472,#4535,.T.);
#4535 = LINE('',#4536,#4537);
#4536 = CARTESIAN_POINT('',(1.57,-0.6,7.6));
#4537 = VECTOR('',#4538,1.);
#4538 = DIRECTION('',(1.,-2.1E-16,0.));
#4539 = ORIENTED_EDGE('',*,*,#4471,.F.);
#4540 = PLANE('',#4541);
#4541 = AXIS2_PLACEMENT_3D('',#4542,#4543,#4544);
#4542 = CARTESIAN_POINT('',(1.57,-0.4,7.8));
#4543 = DIRECTION('',(-1.5E-16,-0.707106781187,0.707106781187));
#4544 = DIRECTION('',(-1.,3.606601717798E-17,-1.76066017178E-16));
#4545 = ADVANCED_FACE('',(#4546),#4557,.T.);
#4546 = FACE_BOUND('',#4547,.T.);
#4547 = EDGE_LOOP('',(#4548,#4554,#4555,#4556));
#4548 = ORIENTED_EDGE('',*,*,#4549,.T.);
#4549 = EDGE_CURVE('',#4504,#4527,#4550,.T.);
#4550 = LINE('',#4551,#4552);
#4551 = CARTESIAN_POINT('',(3.14,-0.97,7.6));
#4552 = VECTOR('',#4553,1.);
#4553 = DIRECTION('',(0.,1.,-1.2E-16));
#4554 = ORIENTED_EDGE('',*,*,#4526,.F.);
#4555 = ORIENTED_EDGE('',*,*,#1267,.T.);
#4556 = ORIENTED_EDGE('',*,*,#4511,.T.);
#4557 = PLANE('',#4558);
#4558 = AXIS2_PLACEMENT_3D('',#4559,#4560,#4561);
#4559 = CARTESIAN_POINT('',(2.94,-0.97,7.8));
#4560 = DIRECTION('',(0.707106781187,9.E-17,0.707106781187));
#4561 = DIRECTION('',(-0.707106781187,9.E-17,0.707106781187));
#4562 = ADVANCED_FACE('',(#4563),#4588,.T.);
#4563 = FACE_BOUND('',#4564,.T.);
#4564 = EDGE_LOOP('',(#4565,#4566,#4574,#4582));
#4565 = ORIENTED_EDGE('',*,*,#1283,.T.);
#4566 = ORIENTED_EDGE('',*,*,#4567,.T.);
#4567 = EDGE_CURVE('',#1286,#4568,#4570,.T.);
#4568 = VERTEX_POINT('',#4569);
#4569 = CARTESIAN_POINT('',(7.02,-0.6,7.6));
#4570 = LINE('',#4571,#4572);
#4571 = CARTESIAN_POINT('',(7.42,-0.2,8.));
#4572 = VECTOR('',#4573,1.);
#4573 = DIRECTION('',(-0.57735026919,-0.57735026919,-0.57735026919));
#4574 = ORIENTED_EDGE('',*,*,#4575,.T.);
#4575 = EDGE_CURVE('',#4568,#4576,#4578,.T.);
#4576 = VERTEX_POINT('',#4577);
#4577 = CARTESIAN_POINT('',(7.02,-1.94,7.6));
#4578 = LINE('',#4579,#4580);
#4579 = CARTESIAN_POINT('',(7.02,-0.3,7.6));
#4580 = VECTOR('',#4581,1.);
#4581 = DIRECTION('',(0.,-1.,1.2E-16));
#4582 = ORIENTED_EDGE('',*,*,#4583,.T.);
#4583 = EDGE_CURVE('',#4576,#1284,#4584,.T.);
#4584 = LINE('',#4585,#4586);
#4585 = CARTESIAN_POINT('',(7.02,-1.94,7.6));
#4586 = VECTOR('',#4587,1.);
#4587 = DIRECTION('',(0.57735026919,-0.57735026919,0.57735026919));
#4588 = PLANE('',#4589);
#4589 = AXIS2_PLACEMENT_3D('',#4590,#4591,#4592);
#4590 = CARTESIAN_POINT('',(7.22,-0.3,7.8));
#4591 = DIRECTION('',(-0.707106781187,9.E-17,0.707106781187));
#4592 = DIRECTION('',(-0.707106781187,-9.E-17,-0.707106781187));
#4593 = ADVANCED_FACE('',(#4594),#4612,.T.);
#4594 = FACE_BOUND('',#4595,.T.);
#4595 = EDGE_LOOP('',(#4596,#4597,#4598,#4606));
#4596 = ORIENTED_EDGE('',*,*,#1309,.T.);
#4597 = ORIENTED_EDGE('',*,*,#4583,.F.);
#4598 = ORIENTED_EDGE('',*,*,#4599,.T.);
#4599 = EDGE_CURVE('',#4576,#4600,#4602,.T.);
#4600 = VERTEX_POINT('',#4601);
#4601 = CARTESIAN_POINT('',(5.68,-1.94,7.6));
#4602 = LINE('',#4603,#4604);
#4603 = CARTESIAN_POINT('',(3.51,-1.94,7.6));
#4604 = VECTOR('',#4605,1.);
#4605 = DIRECTION('',(-1.,2.1E-16,0.));
#4606 = ORIENTED_EDGE('',*,*,#4607,.F.);
#4607 = EDGE_CURVE('',#1302,#4600,#4608,.T.);
#4608 = LINE('',#4609,#4610);
#4609 = CARTESIAN_POINT('',(5.28,-2.34,8.));
#4610 = VECTOR('',#4611,1.);
#4611 = DIRECTION('',(0.57735026919,0.57735026919,-0.57735026919));
#4612 = PLANE('',#4613);
#4613 = AXIS2_PLACEMENT_3D('',#4614,#4615,#4616);
#4614 = CARTESIAN_POINT('',(3.51,-2.14,7.8));
#4615 = DIRECTION('',(1.5E-16,0.707106781187,0.707106781187));
#4616 = DIRECTION('',(-1.,3.606601717798E-17,1.76066017178E-16));
#4617 = ADVANCED_FACE('',(#4618),#4636,.T.);
#4618 = FACE_BOUND('',#4619,.T.);
#4619 = EDGE_LOOP('',(#4620,#4621,#4629,#4635));
#4620 = ORIENTED_EDGE('',*,*,#1293,.T.);
#4621 = ORIENTED_EDGE('',*,*,#4622,.T.);
#4622 = EDGE_CURVE('',#1294,#4623,#4625,.T.);
#4623 = VERTEX_POINT('',#4624);
#4624 = CARTESIAN_POINT('',(5.68,-0.6,7.6));
#4625 = LINE('',#4626,#4627);
#4626 = CARTESIAN_POINT('',(5.28,-0.2,8.));
#4627 = VECTOR('',#4628,1.);
#4628 = DIRECTION('',(0.57735026919,-0.57735026919,-0.57735026919));
#4629 = ORIENTED_EDGE('',*,*,#4630,.T.);
#4630 = EDGE_CURVE('',#4623,#4568,#4631,.T.);
#4631 = LINE('',#4632,#4633);
#4632 = CARTESIAN_POINT('',(2.84,-0.6,7.6));
#4633 = VECTOR('',#4634,1.);
#4634 = DIRECTION('',(1.,-2.1E-16,0.));
#4635 = ORIENTED_EDGE('',*,*,#4567,.F.);
#4636 = PLANE('',#4637);
#4637 = AXIS2_PLACEMENT_3D('',#4638,#4639,#4640);
#4638 = CARTESIAN_POINT('',(2.84,-0.4,7.8));
#4639 = DIRECTION('',(-1.5E-16,-0.707106781187,0.707106781187));
#4640 = DIRECTION('',(-1.,3.606601717798E-17,-1.76066017178E-16));
#4641 = ADVANCED_FACE('',(#4642),#4653,.T.);
#4642 = FACE_BOUND('',#4643,.T.);
#4643 = EDGE_LOOP('',(#4644,#4650,#4651,#4652));
#4644 = ORIENTED_EDGE('',*,*,#4645,.T.);
#4645 = EDGE_CURVE('',#4600,#4623,#4646,.T.);
#4646 = LINE('',#4647,#4648);
#4647 = CARTESIAN_POINT('',(5.68,-0.97,7.6));
#4648 = VECTOR('',#4649,1.);
#4649 = DIRECTION('',(0.,1.,-1.2E-16));
#4650 = ORIENTED_EDGE('',*,*,#4622,.F.);
#4651 = ORIENTED_EDGE('',*,*,#1301,.T.);
#4652 = ORIENTED_EDGE('',*,*,#4607,.T.);
#4653 = PLANE('',#4654);
#4654 = AXIS2_PLACEMENT_3D('',#4655,#4656,#4657);
#4655 = CARTESIAN_POINT('',(5.48,-0.97,7.8));
#4656 = DIRECTION('',(0.707106781187,9.E-17,0.707106781187));
#4657 = DIRECTION('',(-0.707106781187,9.E-17,0.707106781187));
#4658 = ADVANCED_FACE('',(#4659),#4684,.T.);
#4659 = FACE_BOUND('',#4660,.T.);
#4660 = EDGE_LOOP('',(#4661,#4662,#4670,#4678));
#4661 = ORIENTED_EDGE('',*,*,#1317,.T.);
#4662 = ORIENTED_EDGE('',*,*,#4663,.T.);
#4663 = EDGE_CURVE('',#1320,#4664,#4666,.T.);
#4664 = VERTEX_POINT('',#4665);
#4665 = CARTESIAN_POINT('',(9.56,-0.6,7.6));
#4666 = LINE('',#4667,#4668);
#4667 = CARTESIAN_POINT('',(9.96,-0.2,8.));
#4668 = VECTOR('',#4669,1.);
#4669 = DIRECTION('',(-0.57735026919,-0.57735026919,-0.57735026919));
#4670 = ORIENTED_EDGE('',*,*,#4671,.T.);
#4671 = EDGE_CURVE('',#4664,#4672,#4674,.T.);
#4672 = VERTEX_POINT('',#4673);
#4673 = CARTESIAN_POINT('',(9.56,-1.94,7.6));
#4674 = LINE('',#4675,#4676);
#4675 = CARTESIAN_POINT('',(9.56,-0.3,7.6));
#4676 = VECTOR('',#4677,1.);
#4677 = DIRECTION('',(0.,-1.,1.2E-16));
#4678 = ORIENTED_EDGE('',*,*,#4679,.T.);
#4679 = EDGE_CURVE('',#4672,#1318,#4680,.T.);
#4680 = LINE('',#4681,#4682);
#4681 = CARTESIAN_POINT('',(9.56,-1.94,7.6));
#4682 = VECTOR('',#4683,1.);
#4683 = DIRECTION('',(0.57735026919,-0.57735026919,0.57735026919));
#4684 = PLANE('',#4685);
#4685 = AXIS2_PLACEMENT_3D('',#4686,#4687,#4688);
#4686 = CARTESIAN_POINT('',(9.76,-0.3,7.8));
#4687 = DIRECTION('',(-0.707106781187,9.E-17,0.707106781187));
#4688 = DIRECTION('',(-0.707106781187,-9.E-17,-0.707106781187));
#4689 = ADVANCED_FACE('',(#4690),#4708,.T.);
#4690 = FACE_BOUND('',#4691,.T.);
#4691 = EDGE_LOOP('',(#4692,#4693,#4694,#4702));
#4692 = ORIENTED_EDGE('',*,*,#1343,.T.);
#4693 = ORIENTED_EDGE('',*,*,#4679,.F.);
#4694 = ORIENTED_EDGE('',*,*,#4695,.T.);
#4695 = EDGE_CURVE('',#4672,#4696,#4698,.T.);
#4696 = VERTEX_POINT('',#4697);
#4697 = CARTESIAN_POINT('',(8.22,-1.94,7.6));
#4698 = LINE('',#4699,#4700);
#4699 = CARTESIAN_POINT('',(4.78,-1.94,7.6));
#4700 = VECTOR('',#4701,1.);
#4701 = DIRECTION('',(-1.,2.1E-16,0.));
#4702 = ORIENTED_EDGE('',*,*,#4703,.F.);
#4703 = EDGE_CURVE('',#1336,#4696,#4704,.T.);
#4704 = LINE('',#4705,#4706);
#4705 = CARTESIAN_POINT('',(7.82,-2.34,8.));
#4706 = VECTOR('',#4707,1.);
#4707 = DIRECTION('',(0.57735026919,0.57735026919,-0.57735026919));
#4708 = PLANE('',#4709);
#4709 = AXIS2_PLACEMENT_3D('',#4710,#4711,#4712);
#4710 = CARTESIAN_POINT('',(4.78,-2.14,7.8));
#4711 = DIRECTION('',(1.5E-16,0.707106781187,0.707106781187));
#4712 = DIRECTION('',(-1.,3.606601717798E-17,1.76066017178E-16));
#4713 = ADVANCED_FACE('',(#4714),#4732,.T.);
#4714 = FACE_BOUND('',#4715,.T.);
#4715 = EDGE_LOOP('',(#4716,#4717,#4725,#4731));
#4716 = ORIENTED_EDGE('',*,*,#1327,.T.);
#4717 = ORIENTED_EDGE('',*,*,#4718,.T.);
#4718 = EDGE_CURVE('',#1328,#4719,#4721,.T.);
#4719 = VERTEX_POINT('',#4720);
#4720 = CARTESIAN_POINT('',(8.22,-0.6,7.6));
#4721 = LINE('',#4722,#4723);
#4722 = CARTESIAN_POINT('',(7.82,-0.2,8.));
#4723 = VECTOR('',#4724,1.);
#4724 = DIRECTION('',(0.57735026919,-0.57735026919,-0.57735026919));
#4725 = ORIENTED_EDGE('',*,*,#4726,.T.);
#4726 = EDGE_CURVE('',#4719,#4664,#4727,.T.);
#4727 = LINE('',#4728,#4729);
#4728 = CARTESIAN_POINT('',(4.11,-0.6,7.6));
#4729 = VECTOR('',#4730,1.);
#4730 = DIRECTION('',(1.,-2.1E-16,0.));
#4731 = ORIENTED_EDGE('',*,*,#4663,.F.);
#4732 = PLANE('',#4733);
#4733 = AXIS2_PLACEMENT_3D('',#4734,#4735,#4736);
#4734 = CARTESIAN_POINT('',(4.11,-0.4,7.8));
#4735 = DIRECTION('',(-1.5E-16,-0.707106781187,0.707106781187));
#4736 = DIRECTION('',(-1.,3.606601717798E-17,-1.76066017178E-16));
#4737 = ADVANCED_FACE('',(#4738),#4749,.T.);
#4738 = FACE_BOUND('',#4739,.T.);
#4739 = EDGE_LOOP('',(#4740,#4746,#4747,#4748));
#4740 = ORIENTED_EDGE('',*,*,#4741,.T.);
#4741 = EDGE_CURVE('',#4696,#4719,#4742,.T.);
#4742 = LINE('',#4743,#4744);
#4743 = CARTESIAN_POINT('',(8.22,-0.97,7.6));
#4744 = VECTOR('',#4745,1.);
#4745 = DIRECTION('',(0.,1.,-1.2E-16));
#4746 = ORIENTED_EDGE('',*,*,#4718,.F.);
#4747 = ORIENTED_EDGE('',*,*,#1335,.T.);
#4748 = ORIENTED_EDGE('',*,*,#4703,.T.);
#4749 = PLANE('',#4750);
#4750 = AXIS2_PLACEMENT_3D('',#4751,#4752,#4753);
#4751 = CARTESIAN_POINT('',(8.02,-0.97,7.8));
#4752 = DIRECTION('',(0.707106781187,9.E-17,0.707106781187));
#4753 = DIRECTION('',(-0.707106781187,9.E-17,0.707106781187));
#4754 = ADVANCED_FACE('',(#4755),#4780,.T.);
#4755 = FACE_BOUND('',#4756,.T.);
#4756 = EDGE_LOOP('',(#4757,#4758,#4766,#4774));
#4757 = ORIENTED_EDGE('',*,*,#1351,.T.);
#4758 = ORIENTED_EDGE('',*,*,#4759,.T.);
#4759 = EDGE_CURVE('',#1354,#4760,#4762,.T.);
#4760 = VERTEX_POINT('',#4761);
#4761 = CARTESIAN_POINT('',(12.1,-0.6,7.6));
#4762 = LINE('',#4763,#4764);
#4763 = CARTESIAN_POINT('',(12.5,-0.2,8.));
#4764 = VECTOR('',#4765,1.);
#4765 = DIRECTION('',(-0.57735026919,-0.57735026919,-0.57735026919));
#4766 = ORIENTED_EDGE('',*,*,#4767,.T.);
#4767 = EDGE_CURVE('',#4760,#4768,#4770,.T.);
#4768 = VERTEX_POINT('',#4769);
#4769 = CARTESIAN_POINT('',(12.1,-1.94,7.6));
#4770 = LINE('',#4771,#4772);
#4771 = CARTESIAN_POINT('',(12.1,-0.3,7.6));
#4772 = VECTOR('',#4773,1.);
#4773 = DIRECTION('',(0.,-1.,1.2E-16));
#4774 = ORIENTED_EDGE('',*,*,#4775,.T.);
#4775 = EDGE_CURVE('',#4768,#1352,#4776,.T.);
#4776 = LINE('',#4777,#4778);
#4777 = CARTESIAN_POINT('',(12.1,-1.94,7.6));
#4778 = VECTOR('',#4779,1.);
#4779 = DIRECTION('',(0.57735026919,-0.57735026919,0.57735026919));
#4780 = PLANE('',#4781);
#4781 = AXIS2_PLACEMENT_3D('',#4782,#4783,#4784);
#4782 = CARTESIAN_POINT('',(12.3,-0.3,7.8));
#4783 = DIRECTION('',(-0.707106781187,9.E-17,0.707106781187));
#4784 = DIRECTION('',(-0.707106781187,-9.E-17,-0.707106781187));
#4785 = ADVANCED_FACE('',(#4786),#4804,.T.);
#4786 = FACE_BOUND('',#4787,.T.);
#4787 = EDGE_LOOP('',(#4788,#4789,#4790,#4798));
#4788 = ORIENTED_EDGE('',*,*,#1377,.T.);
#4789 = ORIENTED_EDGE('',*,*,#4775,.F.);
#4790 = ORIENTED_EDGE('',*,*,#4791,.T.);
#4791 = EDGE_CURVE('',#4768,#4792,#4794,.T.);
#4792 = VERTEX_POINT('',#4793);
#4793 = CARTESIAN_POINT('',(10.76,-1.94,7.6));
#4794 = LINE('',#4795,#4796);
#4795 = CARTESIAN_POINT('',(6.05,-1.94,7.6));
#4796 = VECTOR('',#4797,1.);
#4797 = DIRECTION('',(-1.,2.1E-16,0.));
#4798 = ORIENTED_EDGE('',*,*,#4799,.F.);
#4799 = EDGE_CURVE('',#1370,#4792,#4800,.T.);
#4800 = LINE('',#4801,#4802);
#4801 = CARTESIAN_POINT('',(10.36,-2.34,8.));
#4802 = VECTOR('',#4803,1.);
#4803 = DIRECTION('',(0.57735026919,0.57735026919,-0.57735026919));
#4804 = PLANE('',#4805);
#4805 = AXIS2_PLACEMENT_3D('',#4806,#4807,#4808);
#4806 = CARTESIAN_POINT('',(6.05,-2.14,7.8));
#4807 = DIRECTION('',(1.5E-16,0.707106781187,0.707106781187));
#4808 = DIRECTION('',(-1.,3.606601717798E-17,1.76066017178E-16));
#4809 = ADVANCED_FACE('',(#4810),#4828,.T.);
#4810 = FACE_BOUND('',#4811,.T.);
#4811 = EDGE_LOOP('',(#4812,#4813,#4821,#4827));
#4812 = ORIENTED_EDGE('',*,*,#1361,.T.);
#4813 = ORIENTED_EDGE('',*,*,#4814,.T.);
#4814 = EDGE_CURVE('',#1362,#4815,#4817,.T.);
#4815 = VERTEX_POINT('',#4816);
#4816 = CARTESIAN_POINT('',(10.76,-0.6,7.6));
#4817 = LINE('',#4818,#4819);
#4818 = CARTESIAN_POINT('',(10.36,-0.2,8.));
#4819 = VECTOR('',#4820,1.);
#4820 = DIRECTION('',(0.57735026919,-0.57735026919,-0.57735026919));
#4821 = ORIENTED_EDGE('',*,*,#4822,.T.);
#4822 = EDGE_CURVE('',#4815,#4760,#4823,.T.);
#4823 = LINE('',#4824,#4825);
#4824 = CARTESIAN_POINT('',(5.38,-0.6,7.6));
#4825 = VECTOR('',#4826,1.);
#4826 = DIRECTION('',(1.,-2.1E-16,0.));
#4827 = ORIENTED_EDGE('',*,*,#4759,.F.);
#4828 = PLANE('',#4829);
#4829 = AXIS2_PLACEMENT_3D('',#4830,#4831,#4832);
#4830 = CARTESIAN_POINT('',(5.38,-0.4,7.8));
#4831 = DIRECTION('',(-1.5E-16,-0.707106781187,0.707106781187));
#4832 = DIRECTION('',(-1.,3.606601717798E-17,-1.76066017178E-16));
#4833 = ADVANCED_FACE('',(#4834),#4845,.T.);
#4834 = FACE_BOUND('',#4835,.T.);
#4835 = EDGE_LOOP('',(#4836,#4842,#4843,#4844));
#4836 = ORIENTED_EDGE('',*,*,#4837,.T.);
#4837 = EDGE_CURVE('',#4792,#4815,#4838,.T.);
#4838 = LINE('',#4839,#4840);
#4839 = CARTESIAN_POINT('',(10.76,-0.97,7.6));
#4840 = VECTOR('',#4841,1.);
#4841 = DIRECTION('',(0.,1.,-1.2E-16));
#4842 = ORIENTED_EDGE('',*,*,#4814,.F.);
#4843 = ORIENTED_EDGE('',*,*,#1369,.T.);
#4844 = ORIENTED_EDGE('',*,*,#4799,.T.);
#4845 = PLANE('',#4846);
#4846 = AXIS2_PLACEMENT_3D('',#4847,#4848,#4849);
#4847 = CARTESIAN_POINT('',(10.56,-0.97,7.8));
#4848 = DIRECTION('',(0.707106781187,9.E-17,0.707106781187));
#4849 = DIRECTION('',(-0.707106781187,9.E-17,0.707106781187));
#4850 = ADVANCED_FACE('',(#4851),#4876,.T.);
#4851 = FACE_BOUND('',#4852,.T.);
#4852 = EDGE_LOOP('',(#4853,#4854,#4862,#4870));
#4853 = ORIENTED_EDGE('',*,*,#1385,.T.);
#4854 = ORIENTED_EDGE('',*,*,#4855,.T.);
#4855 = EDGE_CURVE('',#1388,#4856,#4858,.T.);
#4856 = VERTEX_POINT('',#4857);
#4857 = CARTESIAN_POINT('',(14.64,-0.6,7.6));
#4858 = LINE('',#4859,#4860);
#4859 = CARTESIAN_POINT('',(15.04,-0.2,8.));
#4860 = VECTOR('',#4861,1.);
#4861 = DIRECTION('',(-0.57735026919,-0.57735026919,-0.57735026919));
#4862 = ORIENTED_EDGE('',*,*,#4863,.T.);
#4863 = EDGE_CURVE('',#4856,#4864,#4866,.T.);
#4864 = VERTEX_POINT('',#4865);
#4865 = CARTESIAN_POINT('',(14.64,-1.94,7.6));
#4866 = LINE('',#4867,#4868);
#4867 = CARTESIAN_POINT('',(14.64,-0.3,7.6));
#4868 = VECTOR('',#4869,1.);
#4869 = DIRECTION('',(0.,-1.,1.2E-16));
#4870 = ORIENTED_EDGE('',*,*,#4871,.T.);
#4871 = EDGE_CURVE('',#4864,#1386,#4872,.T.);
#4872 = LINE('',#4873,#4874);
#4873 = CARTESIAN_POINT('',(14.64,-1.94,7.6));
#4874 = VECTOR('',#4875,1.);
#4875 = DIRECTION('',(0.57735026919,-0.57735026919,0.57735026919));
#4876 = PLANE('',#4877);
#4877 = AXIS2_PLACEMENT_3D('',#4878,#4879,#4880);
#4878 = CARTESIAN_POINT('',(14.84,-0.3,7.8));
#4879 = DIRECTION('',(-0.707106781187,9.E-17,0.707106781187));
#4880 = DIRECTION('',(-0.707106781187,-9.E-17,-0.707106781187));
#4881 = ADVANCED_FACE('',(#4882),#4900,.T.);
#4882 = FACE_BOUND('',#4883,.T.);
#4883 = EDGE_LOOP('',(#4884,#4885,#4886,#4894));
#4884 = ORIENTED_EDGE('',*,*,#1411,.T.);
#4885 = ORIENTED_EDGE('',*,*,#4871,.F.);
#4886 = ORIENTED_EDGE('',*,*,#4887,.T.);
#4887 = EDGE_CURVE('',#4864,#4888,#4890,.T.);
#4888 = VERTEX_POINT('',#4889);
#4889 = CARTESIAN_POINT('',(13.3,-1.94,7.6));
#4890 = LINE('',#4891,#4892);
#4891 = CARTESIAN_POINT('',(7.32,-1.94,7.6));
#4892 = VECTOR('',#4893,1.);
#4893 = DIRECTION('',(-1.,2.1E-16,0.));
#4894 = ORIENTED_EDGE('',*,*,#4895,.F.);
#4895 = EDGE_CURVE('',#1404,#4888,#4896,.T.);
#4896 = LINE('',#4897,#4898);
#4897 = CARTESIAN_POINT('',(12.9,-2.34,8.));
#4898 = VECTOR('',#4899,1.);
#4899 = DIRECTION('',(0.57735026919,0.57735026919,-0.57735026919));
#4900 = PLANE('',#4901);
#4901 = AXIS2_PLACEMENT_3D('',#4902,#4903,#4904);
#4902 = CARTESIAN_POINT('',(7.32,-2.14,7.8));
#4903 = DIRECTION('',(1.5E-16,0.707106781187,0.707106781187));
#4904 = DIRECTION('',(-1.,3.606601717798E-17,1.76066017178E-16));
#4905 = ADVANCED_FACE('',(#4906),#4924,.T.);
#4906 = FACE_BOUND('',#4907,.T.);
#4907 = EDGE_LOOP('',(#4908,#4909,#4917,#4923));
#4908 = ORIENTED_EDGE('',*,*,#1395,.T.);
#4909 = ORIENTED_EDGE('',*,*,#4910,.T.);
#4910 = EDGE_CURVE('',#1396,#4911,#4913,.T.);
#4911 = VERTEX_POINT('',#4912);
#4912 = CARTESIAN_POINT('',(13.3,-0.6,7.6));
#4913 = LINE('',#4914,#4915);
#4914 = CARTESIAN_POINT('',(12.9,-0.2,8.));
#4915 = VECTOR('',#4916,1.);
#4916 = DIRECTION('',(0.57735026919,-0.57735026919,-0.57735026919));
#4917 = ORIENTED_EDGE('',*,*,#4918,.T.);
#4918 = EDGE_CURVE('',#4911,#4856,#4919,.T.);
#4919 = LINE('',#4920,#4921);
#4920 = CARTESIAN_POINT('',(6.65,-0.6,7.6));
#4921 = VECTOR('',#4922,1.);
#4922 = DIRECTION('',(1.,-2.1E-16,0.));
#4923 = ORIENTED_EDGE('',*,*,#4855,.F.);
#4924 = PLANE('',#4925);
#4925 = AXIS2_PLACEMENT_3D('',#4926,#4927,#4928);
#4926 = CARTESIAN_POINT('',(6.65,-0.4,7.8));
#4927 = DIRECTION('',(-1.5E-16,-0.707106781187,0.707106781187));
#4928 = DIRECTION('',(-1.,3.606601717798E-17,-1.76066017178E-16));
#4929 = ADVANCED_FACE('',(#4930),#4941,.T.);
#4930 = FACE_BOUND('',#4931,.T.);
#4931 = EDGE_LOOP('',(#4932,#4938,#4939,#4940));
#4932 = ORIENTED_EDGE('',*,*,#4933,.T.);
#4933 = EDGE_CURVE('',#4888,#4911,#4934,.T.);
#4934 = LINE('',#4935,#4936);
#4935 = CARTESIAN_POINT('',(13.3,-0.97,7.6));
#4936 = VECTOR('',#4937,1.);
#4937 = DIRECTION('',(0.,1.,-1.2E-16));
#4938 = ORIENTED_EDGE('',*,*,#4910,.F.);
#4939 = ORIENTED_EDGE('',*,*,#1403,.T.);
#4940 = ORIENTED_EDGE('',*,*,#4895,.T.);
#4941 = PLANE('',#4942);
#4942 = AXIS2_PLACEMENT_3D('',#4943,#4944,#4945);
#4943 = CARTESIAN_POINT('',(13.1,-0.97,7.8));
#4944 = DIRECTION('',(0.707106781187,9.E-17,0.707106781187));
#4945 = DIRECTION('',(-0.707106781187,9.E-17,0.707106781187));
#4946 = ADVANCED_FACE('',(#4947),#4972,.T.);
#4947 = FACE_BOUND('',#4948,.T.);
#4948 = EDGE_LOOP('',(#4949,#4950,#4958,#4966));
#4949 = ORIENTED_EDGE('',*,*,#1419,.T.);
#4950 = ORIENTED_EDGE('',*,*,#4951,.T.);
#4951 = EDGE_CURVE('',#1422,#4952,#4954,.T.);
#4952 = VERTEX_POINT('',#4953);
#4953 = CARTESIAN_POINT('',(17.18,-0.6,7.6));
#4954 = LINE('',#4955,#4956);
#4955 = CARTESIAN_POINT('',(17.58,-0.2,8.));
#4956 = VECTOR('',#4957,1.);
#4957 = DIRECTION('',(-0.57735026919,-0.57735026919,-0.57735026919));
#4958 = ORIENTED_EDGE('',*,*,#4959,.T.);
#4959 = EDGE_CURVE('',#4952,#4960,#4962,.T.);
#4960 = VERTEX_POINT('',#4961);
#4961 = CARTESIAN_POINT('',(17.18,-1.94,7.6));
#4962 = LINE('',#4963,#4964);
#4963 = CARTESIAN_POINT('',(17.18,-0.3,7.6));
#4964 = VECTOR('',#4965,1.);
#4965 = DIRECTION('',(0.,-1.,1.2E-16));
#4966 = ORIENTED_EDGE('',*,*,#4967,.T.);
#4967 = EDGE_CURVE('',#4960,#1420,#4968,.T.);
#4968 = LINE('',#4969,#4970);
#4969 = CARTESIAN_POINT('',(17.18,-1.94,7.6));
#4970 = VECTOR('',#4971,1.);
#4971 = DIRECTION('',(0.57735026919,-0.57735026919,0.57735026919));
#4972 = PLANE('',#4973);
#4973 = AXIS2_PLACEMENT_3D('',#4974,#4975,#4976);
#4974 = CARTESIAN_POINT('',(17.38,-0.3,7.8));
#4975 = DIRECTION('',(-0.707106781187,9.E-17,0.707106781187));
#4976 = DIRECTION('',(-0.707106781187,-9.E-17,-0.707106781187));
#4977 = ADVANCED_FACE('',(#4978),#4996,.T.);
#4978 = FACE_BOUND('',#4979,.T.);
#4979 = EDGE_LOOP('',(#4980,#4981,#4982,#4990));
#4980 = ORIENTED_EDGE('',*,*,#1445,.T.);
#4981 = ORIENTED_EDGE('',*,*,#4967,.F.);
#4982 = ORIENTED_EDGE('',*,*,#4983,.T.);
#4983 = EDGE_CURVE('',#4960,#4984,#4986,.T.);
#4984 = VERTEX_POINT('',#4985);
#4985 = CARTESIAN_POINT('',(15.84,-1.94,7.6));
#4986 = LINE('',#4987,#4988);
#4987 = CARTESIAN_POINT('',(8.59,-1.94,7.6));
#4988 = VECTOR('',#4989,1.);
#4989 = DIRECTION('',(-1.,2.1E-16,0.));
#4990 = ORIENTED_EDGE('',*,*,#4991,.F.);
#4991 = EDGE_CURVE('',#1438,#4984,#4992,.T.);
#4992 = LINE('',#4993,#4994);
#4993 = CARTESIAN_POINT('',(15.44,-2.34,8.));
#4994 = VECTOR('',#4995,1.);
#4995 = DIRECTION('',(0.57735026919,0.57735026919,-0.57735026919));
#4996 = PLANE('',#4997);
#4997 = AXIS2_PLACEMENT_3D('',#4998,#4999,#5000);
#4998 = CARTESIAN_POINT('',(8.59,-2.14,7.8));
#4999 = DIRECTION('',(1.5E-16,0.707106781187,0.707106781187));
#5000 = DIRECTION('',(-1.,3.606601717798E-17,1.76066017178E-16));
#5001 = ADVANCED_FACE('',(#5002),#5020,.T.);
#5002 = FACE_BOUND('',#5003,.T.);
#5003 = EDGE_LOOP('',(#5004,#5005,#5013,#5019));
#5004 = ORIENTED_EDGE('',*,*,#1429,.T.);
#5005 = ORIENTED_EDGE('',*,*,#5006,.T.);
#5006 = EDGE_CURVE('',#1430,#5007,#5009,.T.);
#5007 = VERTEX_POINT('',#5008);
#5008 = CARTESIAN_POINT('',(15.84,-0.6,7.6));
#5009 = LINE('',#5010,#5011);
#5010 = CARTESIAN_POINT('',(15.44,-0.2,8.));
#5011 = VECTOR('',#5012,1.);
#5012 = DIRECTION('',(0.57735026919,-0.57735026919,-0.57735026919));
#5013 = ORIENTED_EDGE('',*,*,#5014,.T.);
#5014 = EDGE_CURVE('',#5007,#4952,#5015,.T.);
#5015 = LINE('',#5016,#5017);
#5016 = CARTESIAN_POINT('',(7.92,-0.6,7.6));
#5017 = VECTOR('',#5018,1.);
#5018 = DIRECTION('',(1.,-2.1E-16,0.));
#5019 = ORIENTED_EDGE('',*,*,#4951,.F.);
#5020 = PLANE('',#5021);
#5021 = AXIS2_PLACEMENT_3D('',#5022,#5023,#5024);
#5022 = CARTESIAN_POINT('',(7.92,-0.4,7.8));
#5023 = DIRECTION('',(-1.5E-16,-0.707106781187,0.707106781187));
#5024 = DIRECTION('',(-1.,3.606601717798E-17,-1.76066017178E-16));
#5025 = ADVANCED_FACE('',(#5026),#5037,.T.);
#5026 = FACE_BOUND('',#5027,.T.);
#5027 = EDGE_LOOP('',(#5028,#5034,#5035,#5036));
#5028 = ORIENTED_EDGE('',*,*,#5029,.T.);
#5029 = EDGE_CURVE('',#4984,#5007,#5030,.T.);
#5030 = LINE('',#5031,#5032);
#5031 = CARTESIAN_POINT('',(15.84,-0.97,7.6));
#5032 = VECTOR('',#5033,1.);
#5033 = DIRECTION('',(0.,1.,-1.2E-16));
#5034 = ORIENTED_EDGE('',*,*,#5006,.F.);
#5035 = ORIENTED_EDGE('',*,*,#1437,.T.);
#5036 = ORIENTED_EDGE('',*,*,#4991,.T.);
#5037 = PLANE('',#5038);
#5038 = AXIS2_PLACEMENT_3D('',#5039,#5040,#5041);
#5039 = CARTESIAN_POINT('',(15.64,-0.97,7.8));
#5040 = DIRECTION('',(0.707106781187,9.E-17,0.707106781187));
#5041 = DIRECTION('',(-0.707106781187,9.E-17,0.707106781187));
#5042 = ADVANCED_FACE('',(#5043),#5068,.T.);
#5043 = FACE_BOUND('',#5044,.T.);
#5044 = EDGE_LOOP('',(#5045,#5046,#5054,#5062));
#5045 = ORIENTED_EDGE('',*,*,#1453,.T.);
#5046 = ORIENTED_EDGE('',*,*,#5047,.T.);
#5047 = EDGE_CURVE('',#1456,#5048,#5050,.T.);
#5048 = VERTEX_POINT('',#5049);
#5049 = CARTESIAN_POINT('',(19.72,-0.6,7.6));
#5050 = LINE('',#5051,#5052);
#5051 = CARTESIAN_POINT('',(20.12,-0.2,8.));
#5052 = VECTOR('',#5053,1.);
#5053 = DIRECTION('',(-0.57735026919,-0.57735026919,-0.57735026919));
#5054 = ORIENTED_EDGE('',*,*,#5055,.T.);
#5055 = EDGE_CURVE('',#5048,#5056,#5058,.T.);
#5056 = VERTEX_POINT('',#5057);
#5057 = CARTESIAN_POINT('',(19.72,-1.94,7.6));
#5058 = LINE('',#5059,#5060);
#5059 = CARTESIAN_POINT('',(19.72,-0.3,7.6));
#5060 = VECTOR('',#5061,1.);
#5061 = DIRECTION('',(0.,-1.,1.2E-16));
#5062 = ORIENTED_EDGE('',*,*,#5063,.T.);
#5063 = EDGE_CURVE('',#5056,#1454,#5064,.T.);
#5064 = LINE('',#5065,#5066);
#5065 = CARTESIAN_POINT('',(19.72,-1.94,7.6));
#5066 = VECTOR('',#5067,1.);
#5067 = DIRECTION('',(0.57735026919,-0.57735026919,0.57735026919));
#5068 = PLANE('',#5069);
#5069 = AXIS2_PLACEMENT_3D('',#5070,#5071,#5072);
#5070 = CARTESIAN_POINT('',(19.92,-0.3,7.8));
#5071 = DIRECTION('',(-0.707106781187,9.E-17,0.707106781187));
#5072 = DIRECTION('',(-0.707106781187,-9.E-17,-0.707106781187));
#5073 = ADVANCED_FACE('',(#5074),#5092,.T.);
#5074 = FACE_BOUND('',#5075,.T.);
#5075 = EDGE_LOOP('',(#5076,#5077,#5078,#5086));
#5076 = ORIENTED_EDGE('',*,*,#1479,.T.);
#5077 = ORIENTED_EDGE('',*,*,#5063,.F.);
#5078 = ORIENTED_EDGE('',*,*,#5079,.T.);
#5079 = EDGE_CURVE('',#5056,#5080,#5082,.T.);
#5080 = VERTEX_POINT('',#5081);
#5081 = CARTESIAN_POINT('',(18.38,-1.94,7.6));
#5082 = LINE('',#5083,#5084);
#5083 = CARTESIAN_POINT('',(9.86,-1.94,7.6));
#5084 = VECTOR('',#5085,1.);
#5085 = DIRECTION('',(-1.,2.1E-16,0.));
#5086 = ORIENTED_EDGE('',*,*,#5087,.F.);
#5087 = EDGE_CURVE('',#1472,#5080,#5088,.T.);
#5088 = LINE('',#5089,#5090);
#5089 = CARTESIAN_POINT('',(17.98,-2.34,8.));
#5090 = VECTOR('',#5091,1.);
#5091 = DIRECTION('',(0.57735026919,0.57735026919,-0.57735026919));
#5092 = PLANE('',#5093);
#5093 = AXIS2_PLACEMENT_3D('',#5094,#5095,#5096);
#5094 = CARTESIAN_POINT('',(9.86,-2.14,7.8));
#5095 = DIRECTION('',(1.5E-16,0.707106781187,0.707106781187));
#5096 = DIRECTION('',(-1.,3.606601717798E-17,1.76066017178E-16));
#5097 = ADVANCED_FACE('',(#5098),#5116,.T.);
#5098 = FACE_BOUND('',#5099,.T.);
#5099 = EDGE_LOOP('',(#5100,#5101,#5109,#5115));
#5100 = ORIENTED_EDGE('',*,*,#1463,.T.);
#5101 = ORIENTED_EDGE('',*,*,#5102,.T.);
#5102 = EDGE_CURVE('',#1464,#5103,#5105,.T.);
#5103 = VERTEX_POINT('',#5104);
#5104 = CARTESIAN_POINT('',(18.38,-0.6,7.6));
#5105 = LINE('',#5106,#5107);
#5106 = CARTESIAN_POINT('',(17.98,-0.2,8.));
#5107 = VECTOR('',#5108,1.);
#5108 = DIRECTION('',(0.57735026919,-0.57735026919,-0.57735026919));
#5109 = ORIENTED_EDGE('',*,*,#5110,.T.);
#5110 = EDGE_CURVE('',#5103,#5048,#5111,.T.);
#5111 = LINE('',#5112,#5113);
#5112 = CARTESIAN_POINT('',(9.19,-0.6,7.6));
#5113 = VECTOR('',#5114,1.);
#5114 = DIRECTION('',(1.,-2.1E-16,0.));
#5115 = ORIENTED_EDGE('',*,*,#5047,.F.);
#5116 = PLANE('',#5117);
#5117 = AXIS2_PLACEMENT_3D('',#5118,#5119,#5120);
#5118 = CARTESIAN_POINT('',(9.19,-0.4,7.8));
#5119 = DIRECTION('',(-1.5E-16,-0.707106781187,0.707106781187));
#5120 = DIRECTION('',(-1.,3.606601717798E-17,-1.76066017178E-16));
#5121 = ADVANCED_FACE('',(#5122),#5133,.T.);
#5122 = FACE_BOUND('',#5123,.T.);
#5123 = EDGE_LOOP('',(#5124,#5130,#5131,#5132));
#5124 = ORIENTED_EDGE('',*,*,#5125,.T.);
#5125 = EDGE_CURVE('',#5080,#5103,#5126,.T.);
#5126 = LINE('',#5127,#5128);
#5127 = CARTESIAN_POINT('',(18.38,-0.97,7.6));
#5128 = VECTOR('',#5129,1.);
#5129 = DIRECTION('',(0.,1.,-1.2E-16));
#5130 = ORIENTED_EDGE('',*,*,#5102,.F.);
#5131 = ORIENTED_EDGE('',*,*,#1471,.T.);
#5132 = ORIENTED_EDGE('',*,*,#5087,.T.);
#5133 = PLANE('',#5134);
#5134 = AXIS2_PLACEMENT_3D('',#5135,#5136,#5137);
#5135 = CARTESIAN_POINT('',(18.18,-0.97,7.8));
#5136 = DIRECTION('',(0.707106781187,9.E-17,0.707106781187));
#5137 = DIRECTION('',(-0.707106781187,9.E-17,0.707106781187));
#5138 = ADVANCED_FACE('',(#5139),#5164,.T.);
#5139 = FACE_BOUND('',#5140,.T.);
#5140 = EDGE_LOOP('',(#5141,#5142,#5150,#5158));
#5141 = ORIENTED_EDGE('',*,*,#1487,.T.);
#5142 = ORIENTED_EDGE('',*,*,#5143,.T.);
#5143 = EDGE_CURVE('',#1490,#5144,#5146,.T.);
#5144 = VERTEX_POINT('',#5145);
#5145 = CARTESIAN_POINT('',(22.26,-0.6,7.6));
#5146 = LINE('',#5147,#5148);
#5147 = CARTESIAN_POINT('',(22.66,-0.2,8.));
#5148 = VECTOR('',#5149,1.);
#5149 = DIRECTION('',(-0.57735026919,-0.57735026919,-0.57735026919));
#5150 = ORIENTED_EDGE('',*,*,#5151,.T.);
#5151 = EDGE_CURVE('',#5144,#5152,#5154,.T.);
#5152 = VERTEX_POINT('',#5153);
#5153 = CARTESIAN_POINT('',(22.26,-1.94,7.6));
#5154 = LINE('',#5155,#5156);
#5155 = CARTESIAN_POINT('',(22.26,-0.3,7.6));
#5156 = VECTOR('',#5157,1.);
#5157 = DIRECTION('',(0.,-1.,1.2E-16));
#5158 = ORIENTED_EDGE('',*,*,#5159,.T.);
#5159 = EDGE_CURVE('',#5152,#1488,#5160,.T.);
#5160 = LINE('',#5161,#5162);
#5161 = CARTESIAN_POINT('',(22.26,-1.94,7.6));
#5162 = VECTOR('',#5163,1.);
#5163 = DIRECTION('',(0.57735026919,-0.57735026919,0.57735026919));
#5164 = PLANE('',#5165);
#5165 = AXIS2_PLACEMENT_3D('',#5166,#5167,#5168);
#5166 = CARTESIAN_POINT('',(22.46,-0.3,7.8));
#5167 = DIRECTION('',(-0.707106781187,9.E-17,0.707106781187));
#5168 = DIRECTION('',(-0.707106781187,-9.E-17,-0.707106781187));
#5169 = ADVANCED_FACE('',(#5170),#5188,.T.);
#5170 = FACE_BOUND('',#5171,.T.);
#5171 = EDGE_LOOP('',(#5172,#5173,#5174,#5182));
#5172 = ORIENTED_EDGE('',*,*,#1513,.T.);
#5173 = ORIENTED_EDGE('',*,*,#5159,.F.);
#5174 = ORIENTED_EDGE('',*,*,#5175,.T.);
#5175 = EDGE_CURVE('',#5152,#5176,#5178,.T.);
#5176 = VERTEX_POINT('',#5177);
#5177 = CARTESIAN_POINT('',(20.92,-1.94,7.6));
#5178 = LINE('',#5179,#5180);
#5179 = CARTESIAN_POINT('',(11.13,-1.94,7.6));
#5180 = VECTOR('',#5181,1.);
#5181 = DIRECTION('',(-1.,2.1E-16,0.));
#5182 = ORIENTED_EDGE('',*,*,#5183,.F.);
#5183 = EDGE_CURVE('',#1506,#5176,#5184,.T.);
#5184 = LINE('',#5185,#5186);
#5185 = CARTESIAN_POINT('',(20.52,-2.34,8.));
#5186 = VECTOR('',#5187,1.);
#5187 = DIRECTION('',(0.57735026919,0.57735026919,-0.57735026919));
#5188 = PLANE('',#5189);
#5189 = AXIS2_PLACEMENT_3D('',#5190,#5191,#5192);
#5190 = CARTESIAN_POINT('',(11.13,-2.14,7.8));
#5191 = DIRECTION('',(1.5E-16,0.707106781187,0.707106781187));
#5192 = DIRECTION('',(-1.,3.606601717798E-17,1.76066017178E-16));
#5193 = ADVANCED_FACE('',(#5194),#5212,.T.);
#5194 = FACE_BOUND('',#5195,.T.);
#5195 = EDGE_LOOP('',(#5196,#5197,#5205,#5211));
#5196 = ORIENTED_EDGE('',*,*,#1497,.T.);
#5197 = ORIENTED_EDGE('',*,*,#5198,.T.);
#5198 = EDGE_CURVE('',#1498,#5199,#5201,.T.);
#5199 = VERTEX_POINT('',#5200);
#5200 = CARTESIAN_POINT('',(20.92,-0.6,7.6));
#5201 = LINE('',#5202,#5203);
#5202 = CARTESIAN_POINT('',(20.52,-0.2,8.));
#5203 = VECTOR('',#5204,1.);
#5204 = DIRECTION('',(0.57735026919,-0.57735026919,-0.57735026919));
#5205 = ORIENTED_EDGE('',*,*,#5206,.T.);
#5206 = EDGE_CURVE('',#5199,#5144,#5207,.T.);
#5207 = LINE('',#5208,#5209);
#5208 = CARTESIAN_POINT('',(10.46,-0.6,7.6));
#5209 = VECTOR('',#5210,1.);
#5210 = DIRECTION('',(1.,-2.1E-16,0.));
#5211 = ORIENTED_EDGE('',*,*,#5143,.F.);
#5212 = PLANE('',#5213);
#5213 = AXIS2_PLACEMENT_3D('',#5214,#5215,#5216);
#5214 = CARTESIAN_POINT('',(10.46,-0.4,7.8));
#5215 = DIRECTION('',(-1.5E-16,-0.707106781187,0.707106781187));
#5216 = DIRECTION('',(-1.,3.606601717798E-17,-1.76066017178E-16));
#5217 = ADVANCED_FACE('',(#5218),#5229,.T.);
#5218 = FACE_BOUND('',#5219,.T.);
#5219 = EDGE_LOOP('',(#5220,#5226,#5227,#5228));
#5220 = ORIENTED_EDGE('',*,*,#5221,.T.);
#5221 = EDGE_CURVE('',#5176,#5199,#5222,.T.);
#5222 = LINE('',#5223,#5224);
#5223 = CARTESIAN_POINT('',(20.92,-0.97,7.6));
#5224 = VECTOR('',#5225,1.);
#5225 = DIRECTION('',(0.,1.,-1.2E-16));
#5226 = ORIENTED_EDGE('',*,*,#5198,.F.);
#5227 = ORIENTED_EDGE('',*,*,#1505,.T.);
#5228 = ORIENTED_EDGE('',*,*,#5183,.T.);
#5229 = PLANE('',#5230);
#5230 = AXIS2_PLACEMENT_3D('',#5231,#5232,#5233);
#5231 = CARTESIAN_POINT('',(20.72,-0.97,7.8));
#5232 = DIRECTION('',(0.707106781187,9.E-17,0.707106781187));
#5233 = DIRECTION('',(-0.707106781187,9.E-17,0.707106781187));
#5234 = ADVANCED_FACE('',(#5235),#5260,.T.);
#5235 = FACE_BOUND('',#5236,.T.);
#5236 = EDGE_LOOP('',(#5237,#5238,#5246,#5254));
#5237 = ORIENTED_EDGE('',*,*,#1521,.T.);
#5238 = ORIENTED_EDGE('',*,*,#5239,.T.);
#5239 = EDGE_CURVE('',#1524,#5240,#5242,.T.);
#5240 = VERTEX_POINT('',#5241);
#5241 = CARTESIAN_POINT('',(24.8,-0.6,7.6));
#5242 = LINE('',#5243,#5244);
#5243 = CARTESIAN_POINT('',(25.2,-0.2,8.));
#5244 = VECTOR('',#5245,1.);
#5245 = DIRECTION('',(-0.57735026919,-0.57735026919,-0.57735026919));
#5246 = ORIENTED_EDGE('',*,*,#5247,.T.);
#5247 = EDGE_CURVE('',#5240,#5248,#5250,.T.);
#5248 = VERTEX_POINT('',#5249);
#5249 = CARTESIAN_POINT('',(24.8,-1.94,7.6));
#5250 = LINE('',#5251,#5252);
#5251 = CARTESIAN_POINT('',(24.8,-0.3,7.6));
#5252 = VECTOR('',#5253,1.);
#5253 = DIRECTION('',(0.,-1.,1.2E-16));
#5254 = ORIENTED_EDGE('',*,*,#5255,.T.);
#5255 = EDGE_CURVE('',#5248,#1522,#5256,.T.);
#5256 = LINE('',#5257,#5258);
#5257 = CARTESIAN_POINT('',(24.8,-1.94,7.6));
#5258 = VECTOR('',#5259,1.);
#5259 = DIRECTION('',(0.57735026919,-0.57735026919,0.57735026919));
#5260 = PLANE('',#5261);
#5261 = AXIS2_PLACEMENT_3D('',#5262,#5263,#5264);
#5262 = CARTESIAN_POINT('',(25.,-0.3,7.8));
#5263 = DIRECTION('',(-0.707106781187,9.E-17,0.707106781187));
#5264 = DIRECTION('',(-0.707106781187,-9.E-17,-0.707106781187));
#5265 = ADVANCED_FACE('',(#5266),#5284,.T.);
#5266 = FACE_BOUND('',#5267,.T.);
#5267 = EDGE_LOOP('',(#5268,#5269,#5270,#5278));
#5268 = ORIENTED_EDGE('',*,*,#1547,.T.);
#5269 = ORIENTED_EDGE('',*,*,#5255,.F.);
#5270 = ORIENTED_EDGE('',*,*,#5271,.T.);
#5271 = EDGE_CURVE('',#5248,#5272,#5274,.T.);
#5272 = VERTEX_POINT('',#5273);
#5273 = CARTESIAN_POINT('',(23.46,-1.94,7.6));
#5274 = LINE('',#5275,#5276);
#5275 = CARTESIAN_POINT('',(12.4,-1.94,7.6));
#5276 = VECTOR('',#5277,1.);
#5277 = DIRECTION('',(-1.,2.1E-16,0.));
#5278 = ORIENTED_EDGE('',*,*,#5279,.F.);
#5279 = EDGE_CURVE('',#1540,#5272,#5280,.T.);
#5280 = LINE('',#5281,#5282);
#5281 = CARTESIAN_POINT('',(23.06,-2.34,8.));
#5282 = VECTOR('',#5283,1.);
#5283 = DIRECTION('',(0.57735026919,0.57735026919,-0.57735026919));
#5284 = PLANE('',#5285);
#5285 = AXIS2_PLACEMENT_3D('',#5286,#5287,#5288);
#5286 = CARTESIAN_POINT('',(12.4,-2.14,7.8));
#5287 = DIRECTION('',(1.5E-16,0.707106781187,0.707106781187));
#5288 = DIRECTION('',(-1.,3.606601717798E-17,1.76066017178E-16));
#5289 = ADVANCED_FACE('',(#5290),#5308,.T.);
#5290 = FACE_BOUND('',#5291,.T.);
#5291 = EDGE_LOOP('',(#5292,#5293,#5301,#5307));
#5292 = ORIENTED_EDGE('',*,*,#1531,.T.);
#5293 = ORIENTED_EDGE('',*,*,#5294,.T.);
#5294 = EDGE_CURVE('',#1532,#5295,#5297,.T.);
#5295 = VERTEX_POINT('',#5296);
#5296 = CARTESIAN_POINT('',(23.46,-0.6,7.6));
#5297 = LINE('',#5298,#5299);
#5298 = CARTESIAN_POINT('',(23.06,-0.2,8.));
#5299 = VECTOR('',#5300,1.);
#5300 = DIRECTION('',(0.57735026919,-0.57735026919,-0.57735026919));
#5301 = ORIENTED_EDGE('',*,*,#5302,.T.);
#5302 = EDGE_CURVE('',#5295,#5240,#5303,.T.);
#5303 = LINE('',#5304,#5305);
#5304 = CARTESIAN_POINT('',(11.73,-0.6,7.6));
#5305 = VECTOR('',#5306,1.);
#5306 = DIRECTION('',(1.,-2.1E-16,0.));
#5307 = ORIENTED_EDGE('',*,*,#5239,.F.);
#5308 = PLANE('',#5309);
#5309 = AXIS2_PLACEMENT_3D('',#5310,#5311,#5312);
#5310 = CARTESIAN_POINT('',(11.73,-0.4,7.8));
#5311 = DIRECTION('',(-1.5E-16,-0.707106781187,0.707106781187));
#5312 = DIRECTION('',(-1.,3.606601717798E-17,-1.76066017178E-16));
#5313 = ADVANCED_FACE('',(#5314),#5325,.T.);
#5314 = FACE_BOUND('',#5315,.T.);
#5315 = EDGE_LOOP('',(#5316,#5322,#5323,#5324));
#5316 = ORIENTED_EDGE('',*,*,#5317,.T.);
#5317 = EDGE_CURVE('',#5272,#5295,#5318,.T.);
#5318 = LINE('',#5319,#5320);
#5319 = CARTESIAN_POINT('',(23.46,-0.97,7.6));
#5320 = VECTOR('',#5321,1.);
#5321 = DIRECTION('',(0.,1.,-1.2E-16));
#5322 = ORIENTED_EDGE('',*,*,#5294,.F.);
#5323 = ORIENTED_EDGE('',*,*,#1539,.T.);
#5324 = ORIENTED_EDGE('',*,*,#5279,.T.);
#5325 = PLANE('',#5326);
#5326 = AXIS2_PLACEMENT_3D('',#5327,#5328,#5329);
#5327 = CARTESIAN_POINT('',(23.26,-0.97,7.8));
#5328 = DIRECTION('',(0.707106781187,9.E-17,0.707106781187));
#5329 = DIRECTION('',(-0.707106781187,9.E-17,0.707106781187));
#5330 = ADVANCED_FACE('',(#5331),#5342,.T.);
#5331 = FACE_BOUND('',#5332,.T.);
#5332 = EDGE_LOOP('',(#5333,#5339,#5340,#5341));
#5333 = ORIENTED_EDGE('',*,*,#5334,.F.);
#5334 = EDGE_CURVE('',#1744,#1697,#5335,.T.);
#5335 = LINE('',#5336,#5337);
#5336 = CARTESIAN_POINT('',(26.36,-3.5,0.3));
#5337 = VECTOR('',#5338,1.);
#5338 = DIRECTION('',(1.,0.,0.));
#5339 = ORIENTED_EDGE('',*,*,#1751,.F.);
#5340 = ORIENTED_EDGE('',*,*,#1577,.F.);
#5341 = ORIENTED_EDGE('',*,*,#1706,.T.);
#5342 = PLANE('',#5343);
#5343 = AXIS2_PLACEMENT_3D('',#5344,#5345,#5346);
#5344 = CARTESIAN_POINT('',(26.36,-3.5,0.));
#5345 = DIRECTION('',(0.,-1.,5.9E-16));
#5346 = DIRECTION('',(-5.6E-16,5.9E-16,1.));
#5347 = ADVANCED_FACE('',(#5348),#5354,.T.);
#5348 = FACE_BOUND('',#5349,.T.);
#5349 = EDGE_LOOP('',(#5350,#5351,#5352,#5353));
#5350 = ORIENTED_EDGE('',*,*,#1765,.F.);
#5351 = ORIENTED_EDGE('',*,*,#1743,.F.);
#5352 = ORIENTED_EDGE('',*,*,#5334,.T.);
#5353 = ORIENTED_EDGE('',*,*,#1696,.T.);
#5354 = PLANE('',#5355);
#5355 = AXIS2_PLACEMENT_3D('',#5356,#5357,#5358);
#5356 = CARTESIAN_POINT('',(26.36,-3.12,0.68));
#5357 = DIRECTION('',(0.,-0.707106781187,0.707106781187));
#5358 = DIRECTION('',(-1.,0.,0.));
#5359 = ADVANCED_FACE('',(#5360),#5385,.F.);
#5360 = FACE_BOUND('',#5361,.T.);
#5361 = EDGE_LOOP('',(#5362,#5363,#5371,#5379));
#5362 = ORIENTED_EDGE('',*,*,#1791,.F.);
#5363 = ORIENTED_EDGE('',*,*,#5364,.T.);
#5364 = EDGE_CURVE('',#1784,#5365,#5367,.T.);
#5365 = VERTEX_POINT('',#5366);
#5366 = CARTESIAN_POINT('',(-23.46,1.94,1.));
#5367 = LINE('',#5368,#5369);
#5368 = CARTESIAN_POINT('',(-23.46,1.94,8.));
#5369 = VECTOR('',#5370,1.);
#5370 = DIRECTION('',(0.,-1.2E-16,-1.));
#5371 = ORIENTED_EDGE('',*,*,#5372,.T.);
#5372 = EDGE_CURVE('',#5365,#5373,#5375,.T.);
#5373 = VERTEX_POINT('',#5374);
#5374 = CARTESIAN_POINT('',(-23.46,0.6,1.));
#5375 = LINE('',#5376,#5377);
#5376 = CARTESIAN_POINT('',(-23.46,1.94,1.));
#5377 = VECTOR('',#5378,1.);
#5378 = DIRECTION('',(0.,-1.,1.2E-16));
#5379 = ORIENTED_EDGE('',*,*,#5380,.F.);
#5380 = EDGE_CURVE('',#1792,#5373,#5381,.T.);
#5381 = LINE('',#5382,#5383);
#5382 = CARTESIAN_POINT('',(-23.46,0.6,8.));
#5383 = VECTOR('',#5384,1.);
#5384 = DIRECTION('',(0.,-1.2E-16,-1.));
#5385 = PLANE('',#5386);
#5386 = AXIS2_PLACEMENT_3D('',#5387,#5388,#5389);
#5387 = CARTESIAN_POINT('',(-23.46,1.94,8.));
#5388 = DIRECTION('',(1.,0.,0.));
#5389 = DIRECTION('',(0.,-1.,1.4E-16));
#5390 = ADVANCED_FACE('',(#5391),#5409,.F.);
#5391 = FACE_BOUND('',#5392,.T.);
#5392 = EDGE_LOOP('',(#5393,#5394,#5395,#5403));
#5393 = ORIENTED_EDGE('',*,*,#1815,.F.);
#5394 = ORIENTED_EDGE('',*,*,#5380,.T.);
#5395 = ORIENTED_EDGE('',*,*,#5396,.T.);
#5396 = EDGE_CURVE('',#5373,#5397,#5399,.T.);
#5397 = VERTEX_POINT('',#5398);
#5398 = CARTESIAN_POINT('',(-24.8,0.6,1.));
#5399 = LINE('',#5400,#5401);
#5400 = CARTESIAN_POINT('',(-23.46,0.6,1.));
#5401 = VECTOR('',#5402,1.);
#5402 = DIRECTION('',(-1.,2.1E-16,0.));
#5403 = ORIENTED_EDGE('',*,*,#5404,.F.);
#5404 = EDGE_CURVE('',#1816,#5397,#5405,.T.);
#5405 = LINE('',#5406,#5407);
#5406 = CARTESIAN_POINT('',(-24.8,0.6,8.));
#5407 = VECTOR('',#5408,1.);
#5408 = DIRECTION('',(0.,-1.2E-16,-1.));
#5409 = PLANE('',#5410);
#5410 = AXIS2_PLACEMENT_3D('',#5411,#5412,#5413);
#5411 = CARTESIAN_POINT('',(-23.46,0.6,8.));
#5412 = DIRECTION('',(-2.1E-16,-1.,1.2E-16));
#5413 = DIRECTION('',(-1.,2.1E-16,0.));
#5414 = ADVANCED_FACE('',(#5415),#5433,.F.);
#5415 = FACE_BOUND('',#5416,.T.);
#5416 = EDGE_LOOP('',(#5417,#5418,#5426,#5432));
#5417 = ORIENTED_EDGE('',*,*,#1846,.F.);
#5418 = ORIENTED_EDGE('',*,*,#5419,.T.);
#5419 = EDGE_CURVE('',#1839,#5420,#5422,.T.);
#5420 = VERTEX_POINT('',#5421);
#5421 = CARTESIAN_POINT('',(-24.8,1.94,1.));
#5422 = LINE('',#5423,#5424);
#5423 = CARTESIAN_POINT('',(-24.8,1.94,8.));
#5424 = VECTOR('',#5425,1.);
#5425 = DIRECTION('',(0.,-1.2E-16,-1.));
#5426 = ORIENTED_EDGE('',*,*,#5427,.T.);
#5427 = EDGE_CURVE('',#5420,#5365,#5428,.T.);
#5428 = LINE('',#5429,#5430);
#5429 = CARTESIAN_POINT('',(-24.8,1.94,1.));
#5430 = VECTOR('',#5431,1.);
#5431 = DIRECTION('',(1.,-2.1E-16,0.));
#5432 = ORIENTED_EDGE('',*,*,#5364,.F.);
#5433 = PLANE('',#5434);
#5434 = AXIS2_PLACEMENT_3D('',#5435,#5436,#5437);
#5435 = CARTESIAN_POINT('',(-24.8,1.94,8.));
#5436 = DIRECTION('',(2.1E-16,1.,-1.2E-16));
#5437 = DIRECTION('',(1.,-2.1E-16,0.));
#5438 = ADVANCED_FACE('',(#5439),#5450,.F.);
#5439 = FACE_BOUND('',#5440,.T.);
#5440 = EDGE_LOOP('',(#5441,#5442,#5443,#5449));
#5441 = ORIENTED_EDGE('',*,*,#1861,.F.);
#5442 = ORIENTED_EDGE('',*,*,#5404,.T.);
#5443 = ORIENTED_EDGE('',*,*,#5444,.T.);
#5444 = EDGE_CURVE('',#5397,#5420,#5445,.T.);
#5445 = LINE('',#5446,#5447);
#5446 = CARTESIAN_POINT('',(-24.8,0.6,1.));
#5447 = VECTOR('',#5448,1.);
#5448 = DIRECTION('',(0.,1.,-1.2E-16));
#5449 = ORIENTED_EDGE('',*,*,#5419,.F.);
#5450 = PLANE('',#5451);
#5451 = AXIS2_PLACEMENT_3D('',#5452,#5453,#5454);
#5452 = CARTESIAN_POINT('',(-24.8,0.6,8.));
#5453 = DIRECTION('',(-1.,0.,0.));
#5454 = DIRECTION('',(0.,1.,-1.4E-16));
#5455 = ADVANCED_FACE('',(#5456),#5481,.F.);
#5456 = FACE_BOUND('',#5457,.T.);
#5457 = EDGE_LOOP('',(#5458,#5459,#5467,#5475));
#5458 = ORIENTED_EDGE('',*,*,#1887,.F.);
#5459 = ORIENTED_EDGE('',*,*,#5460,.T.);
#5460 = EDGE_CURVE('',#1880,#5461,#5463,.T.);
#5461 = VERTEX_POINT('',#5462);
#5462 = CARTESIAN_POINT('',(-20.92,1.94,1.));
#5463 = LINE('',#5464,#5465);
#5464 = CARTESIAN_POINT('',(-20.92,1.94,8.));
#5465 = VECTOR('',#5466,1.);
#5466 = DIRECTION('',(0.,-1.2E-16,-1.));
#5467 = ORIENTED_EDGE('',*,*,#5468,.T.);
#5468 = EDGE_CURVE('',#5461,#5469,#5471,.T.);
#5469 = VERTEX_POINT('',#5470);
#5470 = CARTESIAN_POINT('',(-20.92,0.6,1.));
#5471 = LINE('',#5472,#5473);
#5472 = CARTESIAN_POINT('',(-20.92,1.94,1.));
#5473 = VECTOR('',#5474,1.);
#5474 = DIRECTION('',(0.,-1.,1.2E-16));
#5475 = ORIENTED_EDGE('',*,*,#5476,.F.);
#5476 = EDGE_CURVE('',#1888,#5469,#5477,.T.);
#5477 = LINE('',#5478,#5479);
#5478 = CARTESIAN_POINT('',(-20.92,0.6,8.));
#5479 = VECTOR('',#5480,1.);
#5480 = DIRECTION('',(0.,-1.2E-16,-1.));
#5481 = PLANE('',#5482);
#5482 = AXIS2_PLACEMENT_3D('',#5483,#5484,#5485);
#5483 = CARTESIAN_POINT('',(-20.92,1.94,8.));
#5484 = DIRECTION('',(1.,0.,0.));
#5485 = DIRECTION('',(0.,-1.,1.4E-16));
#5486 = ADVANCED_FACE('',(#5487),#5505,.F.);
#5487 = FACE_BOUND('',#5488,.T.);
#5488 = EDGE_LOOP('',(#5489,#5490,#5491,#5499));
#5489 = ORIENTED_EDGE('',*,*,#1911,.F.);
#5490 = ORIENTED_EDGE('',*,*,#5476,.T.);
#5491 = ORIENTED_EDGE('',*,*,#5492,.T.);
#5492 = EDGE_CURVE('',#5469,#5493,#5495,.T.);
#5493 = VERTEX_POINT('',#5494);
#5494 = CARTESIAN_POINT('',(-22.26,0.6,1.));
#5495 = LINE('',#5496,#5497);
#5496 = CARTESIAN_POINT('',(-20.92,0.6,1.));
#5497 = VECTOR('',#5498,1.);
#5498 = DIRECTION('',(-1.,2.1E-16,0.));
#5499 = ORIENTED_EDGE('',*,*,#5500,.F.);
#5500 = EDGE_CURVE('',#1912,#5493,#5501,.T.);
#5501 = LINE('',#5502,#5503);
#5502 = CARTESIAN_POINT('',(-22.26,0.6,8.));
#5503 = VECTOR('',#5504,1.);
#5504 = DIRECTION('',(0.,-1.2E-16,-1.));
#5505 = PLANE('',#5506);
#5506 = AXIS2_PLACEMENT_3D('',#5507,#5508,#5509);
#5507 = CARTESIAN_POINT('',(-20.92,0.6,8.));
#5508 = DIRECTION('',(-2.1E-16,-1.,1.2E-16));
#5509 = DIRECTION('',(-1.,2.1E-16,0.));
#5510 = ADVANCED_FACE('',(#5511),#5529,.F.);
#5511 = FACE_BOUND('',#5512,.T.);
#5512 = EDGE_LOOP('',(#5513,#5514,#5522,#5528));
#5513 = ORIENTED_EDGE('',*,*,#1942,.F.);
#5514 = ORIENTED_EDGE('',*,*,#5515,.T.);
#5515 = EDGE_CURVE('',#1935,#5516,#5518,.T.);
#5516 = VERTEX_POINT('',#5517);
#5517 = CARTESIAN_POINT('',(-22.26,1.94,1.));
#5518 = LINE('',#5519,#5520);
#5519 = CARTESIAN_POINT('',(-22.26,1.94,8.));
#5520 = VECTOR('',#5521,1.);
#5521 = DIRECTION('',(0.,-1.2E-16,-1.));
#5522 = ORIENTED_EDGE('',*,*,#5523,.T.);
#5523 = EDGE_CURVE('',#5516,#5461,#5524,.T.);
#5524 = LINE('',#5525,#5526);
#5525 = CARTESIAN_POINT('',(-22.26,1.94,1.));
#5526 = VECTOR('',#5527,1.);
#5527 = DIRECTION('',(1.,-2.1E-16,0.));
#5528 = ORIENTED_EDGE('',*,*,#5460,.F.);
#5529 = PLANE('',#5530);
#5530 = AXIS2_PLACEMENT_3D('',#5531,#5532,#5533);
#5531 = CARTESIAN_POINT('',(-22.26,1.94,8.));
#5532 = DIRECTION('',(2.1E-16,1.,-1.2E-16));
#5533 = DIRECTION('',(1.,-2.1E-16,0.));
#5534 = ADVANCED_FACE('',(#5535),#5546,.F.);
#5535 = FACE_BOUND('',#5536,.T.);
#5536 = EDGE_LOOP('',(#5537,#5538,#5539,#5545));
#5537 = ORIENTED_EDGE('',*,*,#1957,.F.);
#5538 = ORIENTED_EDGE('',*,*,#5500,.T.);
#5539 = ORIENTED_EDGE('',*,*,#5540,.T.);
#5540 = EDGE_CURVE('',#5493,#5516,#5541,.T.);
#5541 = LINE('',#5542,#5543);
#5542 = CARTESIAN_POINT('',(-22.26,0.6,1.));
#5543 = VECTOR('',#5544,1.);
#5544 = DIRECTION('',(0.,1.,-1.2E-16));
#5545 = ORIENTED_EDGE('',*,*,#5515,.F.);
#5546 = PLANE('',#5547);
#5547 = AXIS2_PLACEMENT_3D('',#5548,#5549,#5550);
#5548 = CARTESIAN_POINT('',(-22.26,0.6,8.));
#5549 = DIRECTION('',(-1.,0.,0.));
#5550 = DIRECTION('',(0.,1.,-1.4E-16));
#5551 = ADVANCED_FACE('',(#5552),#5577,.F.);
#5552 = FACE_BOUND('',#5553,.T.);
#5553 = EDGE_LOOP('',(#5554,#5555,#5563,#5571));
#5554 = ORIENTED_EDGE('',*,*,#1983,.F.);
#5555 = ORIENTED_EDGE('',*,*,#5556,.T.);
#5556 = EDGE_CURVE('',#1976,#5557,#5559,.T.);
#5557 = VERTEX_POINT('',#5558);
#5558 = CARTESIAN_POINT('',(-18.38,1.94,1.));
#5559 = LINE('',#5560,#5561);
#5560 = CARTESIAN_POINT('',(-18.38,1.94,8.));
#5561 = VECTOR('',#5562,1.);
#5562 = DIRECTION('',(0.,-1.2E-16,-1.));
#5563 = ORIENTED_EDGE('',*,*,#5564,.T.);
#5564 = EDGE_CURVE('',#5557,#5565,#5567,.T.);
#5565 = VERTEX_POINT('',#5566);
#5566 = CARTESIAN_POINT('',(-18.38,0.6,1.));
#5567 = LINE('',#5568,#5569);
#5568 = CARTESIAN_POINT('',(-18.38,1.94,1.));
#5569 = VECTOR('',#5570,1.);
#5570 = DIRECTION('',(0.,-1.,1.2E-16));
#5571 = ORIENTED_EDGE('',*,*,#5572,.F.);
#5572 = EDGE_CURVE('',#1984,#5565,#5573,.T.);
#5573 = LINE('',#5574,#5575);
#5574 = CARTESIAN_POINT('',(-18.38,0.6,8.));
#5575 = VECTOR('',#5576,1.);
#5576 = DIRECTION('',(0.,-1.2E-16,-1.));
#5577 = PLANE('',#5578);
#5578 = AXIS2_PLACEMENT_3D('',#5579,#5580,#5581);
#5579 = CARTESIAN_POINT('',(-18.38,1.94,8.));
#5580 = DIRECTION('',(1.,0.,0.));
#5581 = DIRECTION('',(0.,-1.,1.4E-16));
#5582 = ADVANCED_FACE('',(#5583),#5601,.F.);
#5583 = FACE_BOUND('',#5584,.T.);
#5584 = EDGE_LOOP('',(#5585,#5586,#5587,#5595));
#5585 = ORIENTED_EDGE('',*,*,#2007,.F.);
#5586 = ORIENTED_EDGE('',*,*,#5572,.T.);
#5587 = ORIENTED_EDGE('',*,*,#5588,.T.);
#5588 = EDGE_CURVE('',#5565,#5589,#5591,.T.);
#5589 = VERTEX_POINT('',#5590);
#5590 = CARTESIAN_POINT('',(-19.72,0.6,1.));
#5591 = LINE('',#5592,#5593);
#5592 = CARTESIAN_POINT('',(-18.38,0.6,1.));
#5593 = VECTOR('',#5594,1.);
#5594 = DIRECTION('',(-1.,2.1E-16,0.));
#5595 = ORIENTED_EDGE('',*,*,#5596,.F.);
#5596 = EDGE_CURVE('',#2008,#5589,#5597,.T.);
#5597 = LINE('',#5598,#5599);
#5598 = CARTESIAN_POINT('',(-19.72,0.6,8.));
#5599 = VECTOR('',#5600,1.);
#5600 = DIRECTION('',(0.,-1.2E-16,-1.));
#5601 = PLANE('',#5602);
#5602 = AXIS2_PLACEMENT_3D('',#5603,#5604,#5605);
#5603 = CARTESIAN_POINT('',(-18.38,0.6,8.));
#5604 = DIRECTION('',(-2.1E-16,-1.,1.2E-16));
#5605 = DIRECTION('',(-1.,2.1E-16,0.));
#5606 = ADVANCED_FACE('',(#5607),#5625,.F.);
#5607 = FACE_BOUND('',#5608,.T.);
#5608 = EDGE_LOOP('',(#5609,#5610,#5618,#5624));
#5609 = ORIENTED_EDGE('',*,*,#2038,.F.);
#5610 = ORIENTED_EDGE('',*,*,#5611,.T.);
#5611 = EDGE_CURVE('',#2031,#5612,#5614,.T.);
#5612 = VERTEX_POINT('',#5613);
#5613 = CARTESIAN_POINT('',(-19.72,1.94,1.));
#5614 = LINE('',#5615,#5616);
#5615 = CARTESIAN_POINT('',(-19.72,1.94,8.));
#5616 = VECTOR('',#5617,1.);
#5617 = DIRECTION('',(0.,-1.2E-16,-1.));
#5618 = ORIENTED_EDGE('',*,*,#5619,.T.);
#5619 = EDGE_CURVE('',#5612,#5557,#5620,.T.);
#5620 = LINE('',#5621,#5622);
#5621 = CARTESIAN_POINT('',(-19.72,1.94,1.));
#5622 = VECTOR('',#5623,1.);
#5623 = DIRECTION('',(1.,-2.1E-16,0.));
#5624 = ORIENTED_EDGE('',*,*,#5556,.F.);
#5625 = PLANE('',#5626);
#5626 = AXIS2_PLACEMENT_3D('',#5627,#5628,#5629);
#5627 = CARTESIAN_POINT('',(-19.72,1.94,8.));
#5628 = DIRECTION('',(2.1E-16,1.,-1.2E-16));
#5629 = DIRECTION('',(1.,-2.1E-16,0.));
#5630 = ADVANCED_FACE('',(#5631),#5642,.F.);
#5631 = FACE_BOUND('',#5632,.T.);
#5632 = EDGE_LOOP('',(#5633,#5634,#5635,#5641));
#5633 = ORIENTED_EDGE('',*,*,#2053,.F.);
#5634 = ORIENTED_EDGE('',*,*,#5596,.T.);
#5635 = ORIENTED_EDGE('',*,*,#5636,.T.);
#5636 = EDGE_CURVE('',#5589,#5612,#5637,.T.);
#5637 = LINE('',#5638,#5639);
#5638 = CARTESIAN_POINT('',(-19.72,0.6,1.));
#5639 = VECTOR('',#5640,1.);
#5640 = DIRECTION('',(0.,1.,-1.2E-16));
#5641 = ORIENTED_EDGE('',*,*,#5611,.F.);
#5642 = PLANE('',#5643);
#5643 = AXIS2_PLACEMENT_3D('',#5644,#5645,#5646);
#5644 = CARTESIAN_POINT('',(-19.72,0.6,8.));
#5645 = DIRECTION('',(-1.,0.,0.));
#5646 = DIRECTION('',(0.,1.,-1.4E-16));
#5647 = ADVANCED_FACE('',(#5648),#5673,.F.);
#5648 = FACE_BOUND('',#5649,.T.);
#5649 = EDGE_LOOP('',(#5650,#5651,#5659,#5667));
#5650 = ORIENTED_EDGE('',*,*,#2079,.F.);
#5651 = ORIENTED_EDGE('',*,*,#5652,.T.);
#5652 = EDGE_CURVE('',#2072,#5653,#5655,.T.);
#5653 = VERTEX_POINT('',#5654);
#5654 = CARTESIAN_POINT('',(-15.84,1.94,1.));
#5655 = LINE('',#5656,#5657);
#5656 = CARTESIAN_POINT('',(-15.84,1.94,8.));
#5657 = VECTOR('',#5658,1.);
#5658 = DIRECTION('',(0.,-1.2E-16,-1.));
#5659 = ORIENTED_EDGE('',*,*,#5660,.T.);
#5660 = EDGE_CURVE('',#5653,#5661,#5663,.T.);
#5661 = VERTEX_POINT('',#5662);
#5662 = CARTESIAN_POINT('',(-15.84,0.6,1.));
#5663 = LINE('',#5664,#5665);
#5664 = CARTESIAN_POINT('',(-15.84,1.94,1.));
#5665 = VECTOR('',#5666,1.);
#5666 = DIRECTION('',(0.,-1.,1.2E-16));
#5667 = ORIENTED_EDGE('',*,*,#5668,.F.);
#5668 = EDGE_CURVE('',#2080,#5661,#5669,.T.);
#5669 = LINE('',#5670,#5671);
#5670 = CARTESIAN_POINT('',(-15.84,0.6,8.));
#5671 = VECTOR('',#5672,1.);
#5672 = DIRECTION('',(0.,-1.2E-16,-1.));
#5673 = PLANE('',#5674);
#5674 = AXIS2_PLACEMENT_3D('',#5675,#5676,#5677);
#5675 = CARTESIAN_POINT('',(-15.84,1.94,8.));
#5676 = DIRECTION('',(1.,0.,0.));
#5677 = DIRECTION('',(0.,-1.,1.4E-16));
#5678 = ADVANCED_FACE('',(#5679),#5697,.F.);
#5679 = FACE_BOUND('',#5680,.T.);
#5680 = EDGE_LOOP('',(#5681,#5682,#5683,#5691));
#5681 = ORIENTED_EDGE('',*,*,#2103,.F.);
#5682 = ORIENTED_EDGE('',*,*,#5668,.T.);
#5683 = ORIENTED_EDGE('',*,*,#5684,.T.);
#5684 = EDGE_CURVE('',#5661,#5685,#5687,.T.);
#5685 = VERTEX_POINT('',#5686);
#5686 = CARTESIAN_POINT('',(-17.18,0.6,1.));
#5687 = LINE('',#5688,#5689);
#5688 = CARTESIAN_POINT('',(-15.84,0.6,1.));
#5689 = VECTOR('',#5690,1.);
#5690 = DIRECTION('',(-1.,2.1E-16,0.));
#5691 = ORIENTED_EDGE('',*,*,#5692,.F.);
#5692 = EDGE_CURVE('',#2104,#5685,#5693,.T.);
#5693 = LINE('',#5694,#5695);
#5694 = CARTESIAN_POINT('',(-17.18,0.6,8.));
#5695 = VECTOR('',#5696,1.);
#5696 = DIRECTION('',(0.,-1.2E-16,-1.));
#5697 = PLANE('',#5698);
#5698 = AXIS2_PLACEMENT_3D('',#5699,#5700,#5701);
#5699 = CARTESIAN_POINT('',(-15.84,0.6,8.));
#5700 = DIRECTION('',(-2.1E-16,-1.,1.2E-16));
#5701 = DIRECTION('',(-1.,2.1E-16,0.));
#5702 = ADVANCED_FACE('',(#5703),#5721,.F.);
#5703 = FACE_BOUND('',#5704,.T.);
#5704 = EDGE_LOOP('',(#5705,#5706,#5714,#5720));
#5705 = ORIENTED_EDGE('',*,*,#2134,.F.);
#5706 = ORIENTED_EDGE('',*,*,#5707,.T.);
#5707 = EDGE_CURVE('',#2127,#5708,#5710,.T.);
#5708 = VERTEX_POINT('',#5709);
#5709 = CARTESIAN_POINT('',(-17.18,1.94,1.));
#5710 = LINE('',#5711,#5712);
#5711 = CARTESIAN_POINT('',(-17.18,1.94,8.));
#5712 = VECTOR('',#5713,1.);
#5713 = DIRECTION('',(0.,-1.2E-16,-1.));
#5714 = ORIENTED_EDGE('',*,*,#5715,.T.);
#5715 = EDGE_CURVE('',#5708,#5653,#5716,.T.);
#5716 = LINE('',#5717,#5718);
#5717 = CARTESIAN_POINT('',(-17.18,1.94,1.));
#5718 = VECTOR('',#5719,1.);
#5719 = DIRECTION('',(1.,-2.1E-16,0.));
#5720 = ORIENTED_EDGE('',*,*,#5652,.F.);
#5721 = PLANE('',#5722);
#5722 = AXIS2_PLACEMENT_3D('',#5723,#5724,#5725);
#5723 = CARTESIAN_POINT('',(-17.18,1.94,8.));
#5724 = DIRECTION('',(2.1E-16,1.,-1.2E-16));
#5725 = DIRECTION('',(1.,-2.1E-16,0.));
#5726 = ADVANCED_FACE('',(#5727),#5738,.F.);
#5727 = FACE_BOUND('',#5728,.T.);
#5728 = EDGE_LOOP('',(#5729,#5730,#5731,#5737));
#5729 = ORIENTED_EDGE('',*,*,#2149,.F.);
#5730 = ORIENTED_EDGE('',*,*,#5692,.T.);
#5731 = ORIENTED_EDGE('',*,*,#5732,.T.);
#5732 = EDGE_CURVE('',#5685,#5708,#5733,.T.);
#5733 = LINE('',#5734,#5735);
#5734 = CARTESIAN_POINT('',(-17.18,0.6,1.));
#5735 = VECTOR('',#5736,1.);
#5736 = DIRECTION('',(0.,1.,-1.2E-16));
#5737 = ORIENTED_EDGE('',*,*,#5707,.F.);
#5738 = PLANE('',#5739);
#5739 = AXIS2_PLACEMENT_3D('',#5740,#5741,#5742);
#5740 = CARTESIAN_POINT('',(-17.18,0.6,8.));
#5741 = DIRECTION('',(-1.,0.,0.));
#5742 = DIRECTION('',(0.,1.,-1.4E-16));
#5743 = ADVANCED_FACE('',(#5744),#5769,.F.);
#5744 = FACE_BOUND('',#5745,.T.);
#5745 = EDGE_LOOP('',(#5746,#5747,#5755,#5763));
#5746 = ORIENTED_EDGE('',*,*,#2175,.F.);
#5747 = ORIENTED_EDGE('',*,*,#5748,.T.);
#5748 = EDGE_CURVE('',#2168,#5749,#5751,.T.);
#5749 = VERTEX_POINT('',#5750);
#5750 = CARTESIAN_POINT('',(-13.3,1.94,1.));
#5751 = LINE('',#5752,#5753);
#5752 = CARTESIAN_POINT('',(-13.3,1.94,8.));
#5753 = VECTOR('',#5754,1.);
#5754 = DIRECTION('',(0.,-1.2E-16,-1.));
#5755 = ORIENTED_EDGE('',*,*,#5756,.T.);
#5756 = EDGE_CURVE('',#5749,#5757,#5759,.T.);
#5757 = VERTEX_POINT('',#5758);
#5758 = CARTESIAN_POINT('',(-13.3,0.6,1.));
#5759 = LINE('',#5760,#5761);
#5760 = CARTESIAN_POINT('',(-13.3,1.94,1.));
#5761 = VECTOR('',#5762,1.);
#5762 = DIRECTION('',(0.,-1.,1.2E-16));
#5763 = ORIENTED_EDGE('',*,*,#5764,.F.);
#5764 = EDGE_CURVE('',#2176,#5757,#5765,.T.);
#5765 = LINE('',#5766,#5767);
#5766 = CARTESIAN_POINT('',(-13.3,0.6,8.));
#5767 = VECTOR('',#5768,1.);
#5768 = DIRECTION('',(0.,-1.2E-16,-1.));
#5769 = PLANE('',#5770);
#5770 = AXIS2_PLACEMENT_3D('',#5771,#5772,#5773);
#5771 = CARTESIAN_POINT('',(-13.3,1.94,8.));
#5772 = DIRECTION('',(1.,0.,0.));
#5773 = DIRECTION('',(0.,-1.,1.4E-16));
#5774 = ADVANCED_FACE('',(#5775),#5793,.F.);
#5775 = FACE_BOUND('',#5776,.T.);
#5776 = EDGE_LOOP('',(#5777,#5778,#5779,#5787));
#5777 = ORIENTED_EDGE('',*,*,#2199,.F.);
#5778 = ORIENTED_EDGE('',*,*,#5764,.T.);
#5779 = ORIENTED_EDGE('',*,*,#5780,.T.);
#5780 = EDGE_CURVE('',#5757,#5781,#5783,.T.);
#5781 = VERTEX_POINT('',#5782);
#5782 = CARTESIAN_POINT('',(-14.64,0.6,1.));
#5783 = LINE('',#5784,#5785);
#5784 = CARTESIAN_POINT('',(-13.3,0.6,1.));
#5785 = VECTOR('',#5786,1.);
#5786 = DIRECTION('',(-1.,2.1E-16,0.));
#5787 = ORIENTED_EDGE('',*,*,#5788,.F.);
#5788 = EDGE_CURVE('',#2200,#5781,#5789,.T.);
#5789 = LINE('',#5790,#5791);
#5790 = CARTESIAN_POINT('',(-14.64,0.6,8.));
#5791 = VECTOR('',#5792,1.);
#5792 = DIRECTION('',(0.,-1.2E-16,-1.));
#5793 = PLANE('',#5794);
#5794 = AXIS2_PLACEMENT_3D('',#5795,#5796,#5797);
#5795 = CARTESIAN_POINT('',(-13.3,0.6,8.));
#5796 = DIRECTION('',(-2.1E-16,-1.,1.2E-16));
#5797 = DIRECTION('',(-1.,2.1E-16,0.));
#5798 = ADVANCED_FACE('',(#5799),#5817,.F.);
#5799 = FACE_BOUND('',#5800,.T.);
#5800 = EDGE_LOOP('',(#5801,#5802,#5810,#5816));
#5801 = ORIENTED_EDGE('',*,*,#2230,.F.);
#5802 = ORIENTED_EDGE('',*,*,#5803,.T.);
#5803 = EDGE_CURVE('',#2223,#5804,#5806,.T.);
#5804 = VERTEX_POINT('',#5805);
#5805 = CARTESIAN_POINT('',(-14.64,1.94,1.));
#5806 = LINE('',#5807,#5808);
#5807 = CARTESIAN_POINT('',(-14.64,1.94,8.));
#5808 = VECTOR('',#5809,1.);
#5809 = DIRECTION('',(0.,-1.2E-16,-1.));
#5810 = ORIENTED_EDGE('',*,*,#5811,.T.);
#5811 = EDGE_CURVE('',#5804,#5749,#5812,.T.);
#5812 = LINE('',#5813,#5814);
#5813 = CARTESIAN_POINT('',(-14.64,1.94,1.));
#5814 = VECTOR('',#5815,1.);
#5815 = DIRECTION('',(1.,-2.1E-16,0.));
#5816 = ORIENTED_EDGE('',*,*,#5748,.F.);
#5817 = PLANE('',#5818);
#5818 = AXIS2_PLACEMENT_3D('',#5819,#5820,#5821);
#5819 = CARTESIAN_POINT('',(-14.64,1.94,8.));
#5820 = DIRECTION('',(2.1E-16,1.,-1.2E-16));
#5821 = DIRECTION('',(1.,-2.1E-16,0.));
#5822 = ADVANCED_FACE('',(#5823),#5834,.F.);
#5823 = FACE_BOUND('',#5824,.T.);
#5824 = EDGE_LOOP('',(#5825,#5826,#5827,#5833));
#5825 = ORIENTED_EDGE('',*,*,#2245,.F.);
#5826 = ORIENTED_EDGE('',*,*,#5788,.T.);
#5827 = ORIENTED_EDGE('',*,*,#5828,.T.);
#5828 = EDGE_CURVE('',#5781,#5804,#5829,.T.);
#5829 = LINE('',#5830,#5831);
#5830 = CARTESIAN_POINT('',(-14.64,0.6,1.));
#5831 = VECTOR('',#5832,1.);
#5832 = DIRECTION('',(0.,1.,-1.2E-16));
#5833 = ORIENTED_EDGE('',*,*,#5803,.F.);
#5834 = PLANE('',#5835);
#5835 = AXIS2_PLACEMENT_3D('',#5836,#5837,#5838);
#5836 = CARTESIAN_POINT('',(-14.64,0.6,8.));
#5837 = DIRECTION('',(-1.,0.,0.));
#5838 = DIRECTION('',(0.,1.,-1.4E-16));
#5839 = ADVANCED_FACE('',(#5840),#5865,.F.);
#5840 = FACE_BOUND('',#5841,.T.);
#5841 = EDGE_LOOP('',(#5842,#5843,#5851,#5859));
#5842 = ORIENTED_EDGE('',*,*,#2271,.F.);
#5843 = ORIENTED_EDGE('',*,*,#5844,.T.);
#5844 = EDGE_CURVE('',#2264,#5845,#5847,.T.);
#5845 = VERTEX_POINT('',#5846);
#5846 = CARTESIAN_POINT('',(-10.76,1.94,1.));
#5847 = LINE('',#5848,#5849);
#5848 = CARTESIAN_POINT('',(-10.76,1.94,8.));
#5849 = VECTOR('',#5850,1.);
#5850 = DIRECTION('',(0.,-1.2E-16,-1.));
#5851 = ORIENTED_EDGE('',*,*,#5852,.T.);
#5852 = EDGE_CURVE('',#5845,#5853,#5855,.T.);
#5853 = VERTEX_POINT('',#5854);
#5854 = CARTESIAN_POINT('',(-10.76,0.6,1.));
#5855 = LINE('',#5856,#5857);
#5856 = CARTESIAN_POINT('',(-10.76,1.94,1.));
#5857 = VECTOR('',#5858,1.);
#5858 = DIRECTION('',(0.,-1.,1.2E-16));
#5859 = ORIENTED_EDGE('',*,*,#5860,.F.);
#5860 = EDGE_CURVE('',#2272,#5853,#5861,.T.);
#5861 = LINE('',#5862,#5863);
#5862 = CARTESIAN_POINT('',(-10.76,0.6,8.));
#5863 = VECTOR('',#5864,1.);
#5864 = DIRECTION('',(0.,-1.2E-16,-1.));
#5865 = PLANE('',#5866);
#5866 = AXIS2_PLACEMENT_3D('',#5867,#5868,#5869);
#5867 = CARTESIAN_POINT('',(-10.76,1.94,8.));
#5868 = DIRECTION('',(1.,0.,0.));
#5869 = DIRECTION('',(0.,-1.,1.4E-16));
#5870 = ADVANCED_FACE('',(#5871),#5889,.F.);
#5871 = FACE_BOUND('',#5872,.T.);
#5872 = EDGE_LOOP('',(#5873,#5874,#5875,#5883));
#5873 = ORIENTED_EDGE('',*,*,#2295,.F.);
#5874 = ORIENTED_EDGE('',*,*,#5860,.T.);
#5875 = ORIENTED_EDGE('',*,*,#5876,.T.);
#5876 = EDGE_CURVE('',#5853,#5877,#5879,.T.);
#5877 = VERTEX_POINT('',#5878);
#5878 = CARTESIAN_POINT('',(-12.1,0.6,1.));
#5879 = LINE('',#5880,#5881);
#5880 = CARTESIAN_POINT('',(-10.76,0.6,1.));
#5881 = VECTOR('',#5882,1.);
#5882 = DIRECTION('',(-1.,2.1E-16,0.));
#5883 = ORIENTED_EDGE('',*,*,#5884,.F.);
#5884 = EDGE_CURVE('',#2296,#5877,#5885,.T.);
#5885 = LINE('',#5886,#5887);
#5886 = CARTESIAN_POINT('',(-12.1,0.6,8.));
#5887 = VECTOR('',#5888,1.);
#5888 = DIRECTION('',(0.,-1.2E-16,-1.));
#5889 = PLANE('',#5890);
#5890 = AXIS2_PLACEMENT_3D('',#5891,#5892,#5893);
#5891 = CARTESIAN_POINT('',(-10.76,0.6,8.));
#5892 = DIRECTION('',(-2.1E-16,-1.,1.2E-16));
#5893 = DIRECTION('',(-1.,2.1E-16,0.));
#5894 = ADVANCED_FACE('',(#5895),#5913,.F.);
#5895 = FACE_BOUND('',#5896,.T.);
#5896 = EDGE_LOOP('',(#5897,#5898,#5906,#5912));
#5897 = ORIENTED_EDGE('',*,*,#2326,.F.);
#5898 = ORIENTED_EDGE('',*,*,#5899,.T.);
#5899 = EDGE_CURVE('',#2319,#5900,#5902,.T.);
#5900 = VERTEX_POINT('',#5901);
#5901 = CARTESIAN_POINT('',(-12.1,1.94,1.));
#5902 = LINE('',#5903,#5904);
#5903 = CARTESIAN_POINT('',(-12.1,1.94,8.));
#5904 = VECTOR('',#5905,1.);
#5905 = DIRECTION('',(0.,-1.2E-16,-1.));
#5906 = ORIENTED_EDGE('',*,*,#5907,.T.);
#5907 = EDGE_CURVE('',#5900,#5845,#5908,.T.);
#5908 = LINE('',#5909,#5910);
#5909 = CARTESIAN_POINT('',(-12.1,1.94,1.));
#5910 = VECTOR('',#5911,1.);
#5911 = DIRECTION('',(1.,-2.1E-16,0.));
#5912 = ORIENTED_EDGE('',*,*,#5844,.F.);
#5913 = PLANE('',#5914);
#5914 = AXIS2_PLACEMENT_3D('',#5915,#5916,#5917);
#5915 = CARTESIAN_POINT('',(-12.1,1.94,8.));
#5916 = DIRECTION('',(2.1E-16,1.,-1.2E-16));
#5917 = DIRECTION('',(1.,-2.1E-16,0.));
#5918 = ADVANCED_FACE('',(#5919),#5930,.F.);
#5919 = FACE_BOUND('',#5920,.T.);
#5920 = EDGE_LOOP('',(#5921,#5922,#5923,#5929));
#5921 = ORIENTED_EDGE('',*,*,#2341,.F.);
#5922 = ORIENTED_EDGE('',*,*,#5884,.T.);
#5923 = ORIENTED_EDGE('',*,*,#5924,.T.);
#5924 = EDGE_CURVE('',#5877,#5900,#5925,.T.);
#5925 = LINE('',#5926,#5927);
#5926 = CARTESIAN_POINT('',(-12.1,0.6,1.));
#5927 = VECTOR('',#5928,1.);
#5928 = DIRECTION('',(0.,1.,-1.2E-16));
#5929 = ORIENTED_EDGE('',*,*,#5899,.F.);
#5930 = PLANE('',#5931);
#5931 = AXIS2_PLACEMENT_3D('',#5932,#5933,#5934);
#5932 = CARTESIAN_POINT('',(-12.1,0.6,8.));
#5933 = DIRECTION('',(-1.,0.,0.));
#5934 = DIRECTION('',(0.,1.,-1.4E-16));
#5935 = ADVANCED_FACE('',(#5936),#5961,.F.);
#5936 = FACE_BOUND('',#5937,.T.);
#5937 = EDGE_LOOP('',(#5938,#5939,#5947,#5955));
#5938 = ORIENTED_EDGE('',*,*,#2367,.F.);
#5939 = ORIENTED_EDGE('',*,*,#5940,.T.);
#5940 = EDGE_CURVE('',#2360,#5941,#5943,.T.);
#5941 = VERTEX_POINT('',#5942);
#5942 = CARTESIAN_POINT('',(-8.22,1.94,1.));
#5943 = LINE('',#5944,#5945);
#5944 = CARTESIAN_POINT('',(-8.22,1.94,8.));
#5945 = VECTOR('',#5946,1.);
#5946 = DIRECTION('',(0.,-1.2E-16,-1.));
#5947 = ORIENTED_EDGE('',*,*,#5948,.T.);
#5948 = EDGE_CURVE('',#5941,#5949,#5951,.T.);
#5949 = VERTEX_POINT('',#5950);
#5950 = CARTESIAN_POINT('',(-8.22,0.6,1.));
#5951 = LINE('',#5952,#5953);
#5952 = CARTESIAN_POINT('',(-8.22,1.94,1.));
#5953 = VECTOR('',#5954,1.);
#5954 = DIRECTION('',(0.,-1.,1.2E-16));
#5955 = ORIENTED_EDGE('',*,*,#5956,.F.);
#5956 = EDGE_CURVE('',#2368,#5949,#5957,.T.);
#5957 = LINE('',#5958,#5959);
#5958 = CARTESIAN_POINT('',(-8.22,0.6,8.));
#5959 = VECTOR('',#5960,1.);
#5960 = DIRECTION('',(0.,-1.2E-16,-1.));
#5961 = PLANE('',#5962);
#5962 = AXIS2_PLACEMENT_3D('',#5963,#5964,#5965);
#5963 = CARTESIAN_POINT('',(-8.22,1.94,8.));
#5964 = DIRECTION('',(1.,0.,0.));
#5965 = DIRECTION('',(0.,-1.,1.4E-16));
#5966 = ADVANCED_FACE('',(#5967),#5985,.F.);
#5967 = FACE_BOUND('',#5968,.T.);
#5968 = EDGE_LOOP('',(#5969,#5970,#5971,#5979));
#5969 = ORIENTED_EDGE('',*,*,#2391,.F.);
#5970 = ORIENTED_EDGE('',*,*,#5956,.T.);
#5971 = ORIENTED_EDGE('',*,*,#5972,.T.);
#5972 = EDGE_CURVE('',#5949,#5973,#5975,.T.);
#5973 = VERTEX_POINT('',#5974);
#5974 = CARTESIAN_POINT('',(-9.56,0.6,1.));
#5975 = LINE('',#5976,#5977);
#5976 = CARTESIAN_POINT('',(-8.22,0.6,1.));
#5977 = VECTOR('',#5978,1.);
#5978 = DIRECTION('',(-1.,2.1E-16,0.));
#5979 = ORIENTED_EDGE('',*,*,#5980,.F.);
#5980 = EDGE_CURVE('',#2392,#5973,#5981,.T.);
#5981 = LINE('',#5982,#5983);
#5982 = CARTESIAN_POINT('',(-9.56,0.6,8.));
#5983 = VECTOR('',#5984,1.);
#5984 = DIRECTION('',(0.,-1.2E-16,-1.));
#5985 = PLANE('',#5986);
#5986 = AXIS2_PLACEMENT_3D('',#5987,#5988,#5989);
#5987 = CARTESIAN_POINT('',(-8.22,0.6,8.));
#5988 = DIRECTION('',(-2.1E-16,-1.,1.2E-16));
#5989 = DIRECTION('',(-1.,2.1E-16,0.));
#5990 = ADVANCED_FACE('',(#5991),#6009,.F.);
#5991 = FACE_BOUND('',#5992,.T.);
#5992 = EDGE_LOOP('',(#5993,#5994,#6002,#6008));
#5993 = ORIENTED_EDGE('',*,*,#2422,.F.);
#5994 = ORIENTED_EDGE('',*,*,#5995,.T.);
#5995 = EDGE_CURVE('',#2415,#5996,#5998,.T.);
#5996 = VERTEX_POINT('',#5997);
#5997 = CARTESIAN_POINT('',(-9.56,1.94,1.));
#5998 = LINE('',#5999,#6000);
#5999 = CARTESIAN_POINT('',(-9.56,1.94,8.));
#6000 = VECTOR('',#6001,1.);
#6001 = DIRECTION('',(0.,-1.2E-16,-1.));
#6002 = ORIENTED_EDGE('',*,*,#6003,.T.);
#6003 = EDGE_CURVE('',#5996,#5941,#6004,.T.);
#6004 = LINE('',#6005,#6006);
#6005 = CARTESIAN_POINT('',(-9.56,1.94,1.));
#6006 = VECTOR('',#6007,1.);
#6007 = DIRECTION('',(1.,-2.1E-16,0.));
#6008 = ORIENTED_EDGE('',*,*,#5940,.F.);
#6009 = PLANE('',#6010);
#6010 = AXIS2_PLACEMENT_3D('',#6011,#6012,#6013);
#6011 = CARTESIAN_POINT('',(-9.56,1.94,8.));
#6012 = DIRECTION('',(2.1E-16,1.,-1.2E-16));
#6013 = DIRECTION('',(1.,-2.1E-16,0.));
#6014 = ADVANCED_FACE('',(#6015),#6026,.F.);
#6015 = FACE_BOUND('',#6016,.T.);
#6016 = EDGE_LOOP('',(#6017,#6018,#6019,#6025));
#6017 = ORIENTED_EDGE('',*,*,#2437,.F.);
#6018 = ORIENTED_EDGE('',*,*,#5980,.T.);
#6019 = ORIENTED_EDGE('',*,*,#6020,.T.);
#6020 = EDGE_CURVE('',#5973,#5996,#6021,.T.);
#6021 = LINE('',#6022,#6023);
#6022 = CARTESIAN_POINT('',(-9.56,0.6,1.));
#6023 = VECTOR('',#6024,1.);
#6024 = DIRECTION('',(0.,1.,-1.2E-16));
#6025 = ORIENTED_EDGE('',*,*,#5995,.F.);
#6026 = PLANE('',#6027);
#6027 = AXIS2_PLACEMENT_3D('',#6028,#6029,#6030);
#6028 = CARTESIAN_POINT('',(-9.56,0.6,8.));
#6029 = DIRECTION('',(-1.,0.,0.));
#6030 = DIRECTION('',(0.,1.,-1.4E-16));
#6031 = ADVANCED_FACE('',(#6032),#6057,.F.);
#6032 = FACE_BOUND('',#6033,.T.);
#6033 = EDGE_LOOP('',(#6034,#6035,#6043,#6051));
#6034 = ORIENTED_EDGE('',*,*,#2463,.F.);
#6035 = ORIENTED_EDGE('',*,*,#6036,.T.);
#6036 = EDGE_CURVE('',#2456,#6037,#6039,.T.);
#6037 = VERTEX_POINT('',#6038);
#6038 = CARTESIAN_POINT('',(-5.68,1.94,1.));
#6039 = LINE('',#6040,#6041);
#6040 = CARTESIAN_POINT('',(-5.68,1.94,8.));
#6041 = VECTOR('',#6042,1.);
#6042 = DIRECTION('',(0.,-1.2E-16,-1.));
#6043 = ORIENTED_EDGE('',*,*,#6044,.T.);
#6044 = EDGE_CURVE('',#6037,#6045,#6047,.T.);
#6045 = VERTEX_POINT('',#6046);
#6046 = CARTESIAN_POINT('',(-5.68,0.6,1.));
#6047 = LINE('',#6048,#6049);
#6048 = CARTESIAN_POINT('',(-5.68,1.94,1.));
#6049 = VECTOR('',#6050,1.);
#6050 = DIRECTION('',(0.,-1.,1.2E-16));
#6051 = ORIENTED_EDGE('',*,*,#6052,.F.);
#6052 = EDGE_CURVE('',#2464,#6045,#6053,.T.);
#6053 = LINE('',#6054,#6055);
#6054 = CARTESIAN_POINT('',(-5.68,0.6,8.));
#6055 = VECTOR('',#6056,1.);
#6056 = DIRECTION('',(0.,-1.2E-16,-1.));
#6057 = PLANE('',#6058);
#6058 = AXIS2_PLACEMENT_3D('',#6059,#6060,#6061);
#6059 = CARTESIAN_POINT('',(-5.68,1.94,8.));
#6060 = DIRECTION('',(1.,0.,0.));
#6061 = DIRECTION('',(0.,-1.,1.4E-16));
#6062 = ADVANCED_FACE('',(#6063),#6081,.F.);
#6063 = FACE_BOUND('',#6064,.T.);
#6064 = EDGE_LOOP('',(#6065,#6066,#6067,#6075));
#6065 = ORIENTED_EDGE('',*,*,#2487,.F.);
#6066 = ORIENTED_EDGE('',*,*,#6052,.T.);
#6067 = ORIENTED_EDGE('',*,*,#6068,.T.);
#6068 = EDGE_CURVE('',#6045,#6069,#6071,.T.);
#6069 = VERTEX_POINT('',#6070);
#6070 = CARTESIAN_POINT('',(-7.02,0.6,1.));
#6071 = LINE('',#6072,#6073);
#6072 = CARTESIAN_POINT('',(-5.68,0.6,1.));
#6073 = VECTOR('',#6074,1.);
#6074 = DIRECTION('',(-1.,2.1E-16,0.));
#6075 = ORIENTED_EDGE('',*,*,#6076,.F.);
#6076 = EDGE_CURVE('',#2488,#6069,#6077,.T.);
#6077 = LINE('',#6078,#6079);
#6078 = CARTESIAN_POINT('',(-7.02,0.6,8.));
#6079 = VECTOR('',#6080,1.);
#6080 = DIRECTION('',(0.,-1.2E-16,-1.));
#6081 = PLANE('',#6082);
#6082 = AXIS2_PLACEMENT_3D('',#6083,#6084,#6085);
#6083 = CARTESIAN_POINT('',(-5.68,0.6,8.));
#6084 = DIRECTION('',(-2.1E-16,-1.,1.2E-16));
#6085 = DIRECTION('',(-1.,2.1E-16,0.));
#6086 = ADVANCED_FACE('',(#6087),#6105,.F.);
#6087 = FACE_BOUND('',#6088,.T.);
#6088 = EDGE_LOOP('',(#6089,#6090,#6098,#6104));
#6089 = ORIENTED_EDGE('',*,*,#2518,.F.);
#6090 = ORIENTED_EDGE('',*,*,#6091,.T.);
#6091 = EDGE_CURVE('',#2511,#6092,#6094,.T.);
#6092 = VERTEX_POINT('',#6093);
#6093 = CARTESIAN_POINT('',(-7.02,1.94,1.));
#6094 = LINE('',#6095,#6096);
#6095 = CARTESIAN_POINT('',(-7.02,1.94,8.));
#6096 = VECTOR('',#6097,1.);
#6097 = DIRECTION('',(0.,-1.2E-16,-1.));
#6098 = ORIENTED_EDGE('',*,*,#6099,.T.);
#6099 = EDGE_CURVE('',#6092,#6037,#6100,.T.);
#6100 = LINE('',#6101,#6102);
#6101 = CARTESIAN_POINT('',(-7.02,1.94,1.));
#6102 = VECTOR('',#6103,1.);
#6103 = DIRECTION('',(1.,-2.1E-16,0.));
#6104 = ORIENTED_EDGE('',*,*,#6036,.F.);
#6105 = PLANE('',#6106);
#6106 = AXIS2_PLACEMENT_3D('',#6107,#6108,#6109);
#6107 = CARTESIAN_POINT('',(-7.02,1.94,8.));
#6108 = DIRECTION('',(2.1E-16,1.,-1.2E-16));
#6109 = DIRECTION('',(1.,-2.1E-16,0.));
#6110 = ADVANCED_FACE('',(#6111),#6122,.F.);
#6111 = FACE_BOUND('',#6112,.T.);
#6112 = EDGE_LOOP('',(#6113,#6114,#6115,#6121));
#6113 = ORIENTED_EDGE('',*,*,#2533,.F.);
#6114 = ORIENTED_EDGE('',*,*,#6076,.T.);
#6115 = ORIENTED_EDGE('',*,*,#6116,.T.);
#6116 = EDGE_CURVE('',#6069,#6092,#6117,.T.);
#6117 = LINE('',#6118,#6119);
#6118 = CARTESIAN_POINT('',(-7.02,0.6,1.));
#6119 = VECTOR('',#6120,1.);
#6120 = DIRECTION('',(0.,1.,-1.2E-16));
#6121 = ORIENTED_EDGE('',*,*,#6091,.F.);
#6122 = PLANE('',#6123);
#6123 = AXIS2_PLACEMENT_3D('',#6124,#6125,#6126);
#6124 = CARTESIAN_POINT('',(-7.02,0.6,8.));
#6125 = DIRECTION('',(-1.,0.,0.));
#6126 = DIRECTION('',(0.,1.,-1.4E-16));
#6127 = ADVANCED_FACE('',(#6128),#6153,.F.);
#6128 = FACE_BOUND('',#6129,.T.);
#6129 = EDGE_LOOP('',(#6130,#6131,#6139,#6147));
#6130 = ORIENTED_EDGE('',*,*,#2559,.F.);
#6131 = ORIENTED_EDGE('',*,*,#6132,.T.);
#6132 = EDGE_CURVE('',#2552,#6133,#6135,.T.);
#6133 = VERTEX_POINT('',#6134);
#6134 = CARTESIAN_POINT('',(-3.14,1.94,1.));
#6135 = LINE('',#6136,#6137);
#6136 = CARTESIAN_POINT('',(-3.14,1.94,8.));
#6137 = VECTOR('',#6138,1.);
#6138 = DIRECTION('',(0.,-1.2E-16,-1.));
#6139 = ORIENTED_EDGE('',*,*,#6140,.T.);
#6140 = EDGE_CURVE('',#6133,#6141,#6143,.T.);
#6141 = VERTEX_POINT('',#6142);
#6142 = CARTESIAN_POINT('',(-3.14,0.6,1.));
#6143 = LINE('',#6144,#6145);
#6144 = CARTESIAN_POINT('',(-3.14,1.94,1.));
#6145 = VECTOR('',#6146,1.);
#6146 = DIRECTION('',(0.,-1.,1.2E-16));
#6147 = ORIENTED_EDGE('',*,*,#6148,.F.);
#6148 = EDGE_CURVE('',#2560,#6141,#6149,.T.);
#6149 = LINE('',#6150,#6151);
#6150 = CARTESIAN_POINT('',(-3.14,0.6,8.));
#6151 = VECTOR('',#6152,1.);
#6152 = DIRECTION('',(0.,-1.2E-16,-1.));
#6153 = PLANE('',#6154);
#6154 = AXIS2_PLACEMENT_3D('',#6155,#6156,#6157);
#6155 = CARTESIAN_POINT('',(-3.14,1.94,8.));
#6156 = DIRECTION('',(1.,0.,0.));
#6157 = DIRECTION('',(0.,-1.,1.4E-16));
#6158 = ADVANCED_FACE('',(#6159),#6177,.F.);
#6159 = FACE_BOUND('',#6160,.T.);
#6160 = EDGE_LOOP('',(#6161,#6162,#6163,#6171));
#6161 = ORIENTED_EDGE('',*,*,#2583,.F.);
#6162 = ORIENTED_EDGE('',*,*,#6148,.T.);
#6163 = ORIENTED_EDGE('',*,*,#6164,.T.);
#6164 = EDGE_CURVE('',#6141,#6165,#6167,.T.);
#6165 = VERTEX_POINT('',#6166);
#6166 = CARTESIAN_POINT('',(-4.48,0.6,1.));
#6167 = LINE('',#6168,#6169);
#6168 = CARTESIAN_POINT('',(-3.14,0.6,1.));
#6169 = VECTOR('',#6170,1.);
#6170 = DIRECTION('',(-1.,2.1E-16,0.));
#6171 = ORIENTED_EDGE('',*,*,#6172,.F.);
#6172 = EDGE_CURVE('',#2584,#6165,#6173,.T.);
#6173 = LINE('',#6174,#6175);
#6174 = CARTESIAN_POINT('',(-4.48,0.6,8.));
#6175 = VECTOR('',#6176,1.);
#6176 = DIRECTION('',(0.,-1.2E-16,-1.));
#6177 = PLANE('',#6178);
#6178 = AXIS2_PLACEMENT_3D('',#6179,#6180,#6181);
#6179 = CARTESIAN_POINT('',(-3.14,0.6,8.));
#6180 = DIRECTION('',(-2.1E-16,-1.,1.2E-16));
#6181 = DIRECTION('',(-1.,2.1E-16,0.));
#6182 = ADVANCED_FACE('',(#6183),#6201,.F.);
#6183 = FACE_BOUND('',#6184,.T.);
#6184 = EDGE_LOOP('',(#6185,#6186,#6194,#6200));
#6185 = ORIENTED_EDGE('',*,*,#2614,.F.);
#6186 = ORIENTED_EDGE('',*,*,#6187,.T.);
#6187 = EDGE_CURVE('',#2607,#6188,#6190,.T.);
#6188 = VERTEX_POINT('',#6189);
#6189 = CARTESIAN_POINT('',(-4.48,1.94,1.));
#6190 = LINE('',#6191,#6192);
#6191 = CARTESIAN_POINT('',(-4.48,1.94,8.));
#6192 = VECTOR('',#6193,1.);
#6193 = DIRECTION('',(0.,-1.2E-16,-1.));
#6194 = ORIENTED_EDGE('',*,*,#6195,.T.);
#6195 = EDGE_CURVE('',#6188,#6133,#6196,.T.);
#6196 = LINE('',#6197,#6198);
#6197 = CARTESIAN_POINT('',(-4.48,1.94,1.));
#6198 = VECTOR('',#6199,1.);
#6199 = DIRECTION('',(1.,-2.1E-16,0.));
#6200 = ORIENTED_EDGE('',*,*,#6132,.F.);
#6201 = PLANE('',#6202);
#6202 = AXIS2_PLACEMENT_3D('',#6203,#6204,#6205);
#6203 = CARTESIAN_POINT('',(-4.48,1.94,8.));
#6204 = DIRECTION('',(2.1E-16,1.,-1.2E-16));
#6205 = DIRECTION('',(1.,-2.1E-16,0.));
#6206 = ADVANCED_FACE('',(#6207),#6218,.F.);
#6207 = FACE_BOUND('',#6208,.T.);
#6208 = EDGE_LOOP('',(#6209,#6210,#6211,#6217));
#6209 = ORIENTED_EDGE('',*,*,#2629,.F.);
#6210 = ORIENTED_EDGE('',*,*,#6172,.T.);
#6211 = ORIENTED_EDGE('',*,*,#6212,.T.);
#6212 = EDGE_CURVE('',#6165,#6188,#6213,.T.);
#6213 = LINE('',#6214,#6215);
#6214 = CARTESIAN_POINT('',(-4.48,0.6,1.));
#6215 = VECTOR('',#6216,1.);
#6216 = DIRECTION('',(0.,1.,-1.2E-16));
#6217 = ORIENTED_EDGE('',*,*,#6187,.F.);
#6218 = PLANE('',#6219);
#6219 = AXIS2_PLACEMENT_3D('',#6220,#6221,#6222);
#6220 = CARTESIAN_POINT('',(-4.48,0.6,8.));
#6221 = DIRECTION('',(-1.,0.,0.));
#6222 = DIRECTION('',(0.,1.,-1.4E-16));
#6223 = ADVANCED_FACE('',(#6224),#6249,.F.);
#6224 = FACE_BOUND('',#6225,.T.);
#6225 = EDGE_LOOP('',(#6226,#6227,#6235,#6243));
#6226 = ORIENTED_EDGE('',*,*,#2655,.F.);
#6227 = ORIENTED_EDGE('',*,*,#6228,.T.);
#6228 = EDGE_CURVE('',#2648,#6229,#6231,.T.);
#6229 = VERTEX_POINT('',#6230);
#6230 = CARTESIAN_POINT('',(-0.6,1.94,1.));
#6231 = LINE('',#6232,#6233);
#6232 = CARTESIAN_POINT('',(-0.6,1.94,8.));
#6233 = VECTOR('',#6234,1.);
#6234 = DIRECTION('',(0.,-1.2E-16,-1.));
#6235 = ORIENTED_EDGE('',*,*,#6236,.T.);
#6236 = EDGE_CURVE('',#6229,#6237,#6239,.T.);
#6237 = VERTEX_POINT('',#6238);
#6238 = CARTESIAN_POINT('',(-0.6,0.6,1.));
#6239 = LINE('',#6240,#6241);
#6240 = CARTESIAN_POINT('',(-0.6,1.94,1.));
#6241 = VECTOR('',#6242,1.);
#6242 = DIRECTION('',(0.,-1.,1.2E-16));
#6243 = ORIENTED_EDGE('',*,*,#6244,.F.);
#6244 = EDGE_CURVE('',#2656,#6237,#6245,.T.);
#6245 = LINE('',#6246,#6247);
#6246 = CARTESIAN_POINT('',(-0.6,0.6,8.));
#6247 = VECTOR('',#6248,1.);
#6248 = DIRECTION('',(0.,-1.2E-16,-1.));
#6249 = PLANE('',#6250);
#6250 = AXIS2_PLACEMENT_3D('',#6251,#6252,#6253);
#6251 = CARTESIAN_POINT('',(-0.6,1.94,8.));
#6252 = DIRECTION('',(1.,0.,0.));
#6253 = DIRECTION('',(0.,-1.,1.4E-16));
#6254 = ADVANCED_FACE('',(#6255),#6273,.F.);
#6255 = FACE_BOUND('',#6256,.T.);
#6256 = EDGE_LOOP('',(#6257,#6258,#6259,#6267));
#6257 = ORIENTED_EDGE('',*,*,#2679,.F.);
#6258 = ORIENTED_EDGE('',*,*,#6244,.T.);
#6259 = ORIENTED_EDGE('',*,*,#6260,.T.);
#6260 = EDGE_CURVE('',#6237,#6261,#6263,.T.);
#6261 = VERTEX_POINT('',#6262);
#6262 = CARTESIAN_POINT('',(-1.94,0.6,1.));
#6263 = LINE('',#6264,#6265);
#6264 = CARTESIAN_POINT('',(-0.6,0.6,1.));
#6265 = VECTOR('',#6266,1.);
#6266 = DIRECTION('',(-1.,2.1E-16,0.));
#6267 = ORIENTED_EDGE('',*,*,#6268,.F.);
#6268 = EDGE_CURVE('',#2680,#6261,#6269,.T.);
#6269 = LINE('',#6270,#6271);
#6270 = CARTESIAN_POINT('',(-1.94,0.6,8.));
#6271 = VECTOR('',#6272,1.);
#6272 = DIRECTION('',(0.,-1.2E-16,-1.));
#6273 = PLANE('',#6274);
#6274 = AXIS2_PLACEMENT_3D('',#6275,#6276,#6277);
#6275 = CARTESIAN_POINT('',(-0.6,0.6,8.));
#6276 = DIRECTION('',(-2.1E-16,-1.,1.2E-16));
#6277 = DIRECTION('',(-1.,2.1E-16,0.));
#6278 = ADVANCED_FACE('',(#6279),#6297,.F.);
#6279 = FACE_BOUND('',#6280,.T.);
#6280 = EDGE_LOOP('',(#6281,#6282,#6290,#6296));
#6281 = ORIENTED_EDGE('',*,*,#2710,.F.);
#6282 = ORIENTED_EDGE('',*,*,#6283,.T.);
#6283 = EDGE_CURVE('',#2703,#6284,#6286,.T.);
#6284 = VERTEX_POINT('',#6285);
#6285 = CARTESIAN_POINT('',(-1.94,1.94,1.));
#6286 = LINE('',#6287,#6288);
#6287 = CARTESIAN_POINT('',(-1.94,1.94,8.));
#6288 = VECTOR('',#6289,1.);
#6289 = DIRECTION('',(0.,-1.2E-16,-1.));
#6290 = ORIENTED_EDGE('',*,*,#6291,.T.);
#6291 = EDGE_CURVE('',#6284,#6229,#6292,.T.);
#6292 = LINE('',#6293,#6294);
#6293 = CARTESIAN_POINT('',(-1.94,1.94,1.));
#6294 = VECTOR('',#6295,1.);
#6295 = DIRECTION('',(1.,-2.1E-16,0.));
#6296 = ORIENTED_EDGE('',*,*,#6228,.F.);
#6297 = PLANE('',#6298);
#6298 = AXIS2_PLACEMENT_3D('',#6299,#6300,#6301);
#6299 = CARTESIAN_POINT('',(-1.94,1.94,8.));
#6300 = DIRECTION('',(2.1E-16,1.,-1.2E-16));
#6301 = DIRECTION('',(1.,-2.1E-16,0.));
#6302 = ADVANCED_FACE('',(#6303),#6314,.F.);
#6303 = FACE_BOUND('',#6304,.T.);
#6304 = EDGE_LOOP('',(#6305,#6306,#6307,#6313));
#6305 = ORIENTED_EDGE('',*,*,#2725,.F.);
#6306 = ORIENTED_EDGE('',*,*,#6268,.T.);
#6307 = ORIENTED_EDGE('',*,*,#6308,.T.);
#6308 = EDGE_CURVE('',#6261,#6284,#6309,.T.);
#6309 = LINE('',#6310,#6311);
#6310 = CARTESIAN_POINT('',(-1.94,0.6,1.));
#6311 = VECTOR('',#6312,1.);
#6312 = DIRECTION('',(0.,1.,-1.2E-16));
#6313 = ORIENTED_EDGE('',*,*,#6283,.F.);
#6314 = PLANE('',#6315);
#6315 = AXIS2_PLACEMENT_3D('',#6316,#6317,#6318);
#6316 = CARTESIAN_POINT('',(-1.94,0.6,8.));
#6317 = DIRECTION('',(-1.,0.,0.));
#6318 = DIRECTION('',(0.,1.,-1.4E-16));
#6319 = ADVANCED_FACE('',(#6320),#6345,.F.);
#6320 = FACE_BOUND('',#6321,.T.);
#6321 = EDGE_LOOP('',(#6322,#6323,#6331,#6339));
#6322 = ORIENTED_EDGE('',*,*,#2751,.F.);
#6323 = ORIENTED_EDGE('',*,*,#6324,.T.);
#6324 = EDGE_CURVE('',#2744,#6325,#6327,.T.);
#6325 = VERTEX_POINT('',#6326);
#6326 = CARTESIAN_POINT('',(1.94,1.94,1.));
#6327 = LINE('',#6328,#6329);
#6328 = CARTESIAN_POINT('',(1.94,1.94,8.));
#6329 = VECTOR('',#6330,1.);
#6330 = DIRECTION('',(0.,-1.2E-16,-1.));
#6331 = ORIENTED_EDGE('',*,*,#6332,.T.);
#6332 = EDGE_CURVE('',#6325,#6333,#6335,.T.);
#6333 = VERTEX_POINT('',#6334);
#6334 = CARTESIAN_POINT('',(1.94,0.6,1.));
#6335 = LINE('',#6336,#6337);
#6336 = CARTESIAN_POINT('',(1.94,1.94,1.));
#6337 = VECTOR('',#6338,1.);
#6338 = DIRECTION('',(0.,-1.,1.2E-16));
#6339 = ORIENTED_EDGE('',*,*,#6340,.F.);
#6340 = EDGE_CURVE('',#2752,#6333,#6341,.T.);
#6341 = LINE('',#6342,#6343);
#6342 = CARTESIAN_POINT('',(1.94,0.6,8.));
#6343 = VECTOR('',#6344,1.);
#6344 = DIRECTION('',(0.,-1.2E-16,-1.));
#6345 = PLANE('',#6346);
#6346 = AXIS2_PLACEMENT_3D('',#6347,#6348,#6349);
#6347 = CARTESIAN_POINT('',(1.94,1.94,8.));
#6348 = DIRECTION('',(1.,0.,0.));
#6349 = DIRECTION('',(0.,-1.,1.4E-16));
#6350 = ADVANCED_FACE('',(#6351),#6369,.F.);
#6351 = FACE_BOUND('',#6352,.T.);
#6352 = EDGE_LOOP('',(#6353,#6354,#6355,#6363));
#6353 = ORIENTED_EDGE('',*,*,#2775,.F.);
#6354 = ORIENTED_EDGE('',*,*,#6340,.T.);
#6355 = ORIENTED_EDGE('',*,*,#6356,.T.);
#6356 = EDGE_CURVE('',#6333,#6357,#6359,.T.);
#6357 = VERTEX_POINT('',#6358);
#6358 = CARTESIAN_POINT('',(0.6,0.6,1.));
#6359 = LINE('',#6360,#6361);
#6360 = CARTESIAN_POINT('',(1.94,0.6,1.));
#6361 = VECTOR('',#6362,1.);
#6362 = DIRECTION('',(-1.,2.1E-16,0.));
#6363 = ORIENTED_EDGE('',*,*,#6364,.F.);
#6364 = EDGE_CURVE('',#2776,#6357,#6365,.T.);
#6365 = LINE('',#6366,#6367);
#6366 = CARTESIAN_POINT('',(0.6,0.6,8.));
#6367 = VECTOR('',#6368,1.);
#6368 = DIRECTION('',(0.,-1.2E-16,-1.));
#6369 = PLANE('',#6370);
#6370 = AXIS2_PLACEMENT_3D('',#6371,#6372,#6373);
#6371 = CARTESIAN_POINT('',(1.94,0.6,8.));
#6372 = DIRECTION('',(-2.1E-16,-1.,1.2E-16));
#6373 = DIRECTION('',(-1.,2.1E-16,0.));
#6374 = ADVANCED_FACE('',(#6375),#6393,.F.);
#6375 = FACE_BOUND('',#6376,.T.);
#6376 = EDGE_LOOP('',(#6377,#6378,#6386,#6392));
#6377 = ORIENTED_EDGE('',*,*,#2806,.F.);
#6378 = ORIENTED_EDGE('',*,*,#6379,.T.);
#6379 = EDGE_CURVE('',#2799,#6380,#6382,.T.);
#6380 = VERTEX_POINT('',#6381);
#6381 = CARTESIAN_POINT('',(0.6,1.94,1.));
#6382 = LINE('',#6383,#6384);
#6383 = CARTESIAN_POINT('',(0.6,1.94,8.));
#6384 = VECTOR('',#6385,1.);
#6385 = DIRECTION('',(0.,-1.2E-16,-1.));
#6386 = ORIENTED_EDGE('',*,*,#6387,.T.);
#6387 = EDGE_CURVE('',#6380,#6325,#6388,.T.);
#6388 = LINE('',#6389,#6390);
#6389 = CARTESIAN_POINT('',(0.6,1.94,1.));
#6390 = VECTOR('',#6391,1.);
#6391 = DIRECTION('',(1.,-2.1E-16,0.));
#6392 = ORIENTED_EDGE('',*,*,#6324,.F.);
#6393 = PLANE('',#6394);
#6394 = AXIS2_PLACEMENT_3D('',#6395,#6396,#6397);
#6395 = CARTESIAN_POINT('',(0.6,1.94,8.));
#6396 = DIRECTION('',(2.1E-16,1.,-1.2E-16));
#6397 = DIRECTION('',(1.,-2.1E-16,0.));
#6398 = ADVANCED_FACE('',(#6399),#6410,.F.);
#6399 = FACE_BOUND('',#6400,.T.);
#6400 = EDGE_LOOP('',(#6401,#6402,#6403,#6409));
#6401 = ORIENTED_EDGE('',*,*,#2821,.F.);
#6402 = ORIENTED_EDGE('',*,*,#6364,.T.);
#6403 = ORIENTED_EDGE('',*,*,#6404,.T.);
#6404 = EDGE_CURVE('',#6357,#6380,#6405,.T.);
#6405 = LINE('',#6406,#6407);
#6406 = CARTESIAN_POINT('',(0.6,0.6,1.));
#6407 = VECTOR('',#6408,1.);
#6408 = DIRECTION('',(0.,1.,-1.2E-16));
#6409 = ORIENTED_EDGE('',*,*,#6379,.F.);
#6410 = PLANE('',#6411);
#6411 = AXIS2_PLACEMENT_3D('',#6412,#6413,#6414);
#6412 = CARTESIAN_POINT('',(0.6,0.6,8.));
#6413 = DIRECTION('',(-1.,0.,0.));
#6414 = DIRECTION('',(0.,1.,-1.4E-16));
#6415 = ADVANCED_FACE('',(#6416),#6441,.F.);
#6416 = FACE_BOUND('',#6417,.T.);
#6417 = EDGE_LOOP('',(#6418,#6419,#6427,#6435));
#6418 = ORIENTED_EDGE('',*,*,#2847,.F.);
#6419 = ORIENTED_EDGE('',*,*,#6420,.T.);
#6420 = EDGE_CURVE('',#2840,#6421,#6423,.T.);
#6421 = VERTEX_POINT('',#6422);
#6422 = CARTESIAN_POINT('',(4.48,1.94,1.));
#6423 = LINE('',#6424,#6425);
#6424 = CARTESIAN_POINT('',(4.48,1.94,8.));
#6425 = VECTOR('',#6426,1.);
#6426 = DIRECTION('',(0.,-1.2E-16,-1.));
#6427 = ORIENTED_EDGE('',*,*,#6428,.T.);
#6428 = EDGE_CURVE('',#6421,#6429,#6431,.T.);
#6429 = VERTEX_POINT('',#6430);
#6430 = CARTESIAN_POINT('',(4.48,0.6,1.));
#6431 = LINE('',#6432,#6433);
#6432 = CARTESIAN_POINT('',(4.48,1.94,1.));
#6433 = VECTOR('',#6434,1.);
#6434 = DIRECTION('',(0.,-1.,1.2E-16));
#6435 = ORIENTED_EDGE('',*,*,#6436,.F.);
#6436 = EDGE_CURVE('',#2848,#6429,#6437,.T.);
#6437 = LINE('',#6438,#6439);
#6438 = CARTESIAN_POINT('',(4.48,0.6,8.));
#6439 = VECTOR('',#6440,1.);
#6440 = DIRECTION('',(0.,-1.2E-16,-1.));
#6441 = PLANE('',#6442);
#6442 = AXIS2_PLACEMENT_3D('',#6443,#6444,#6445);
#6443 = CARTESIAN_POINT('',(4.48,1.94,8.));
#6444 = DIRECTION('',(1.,0.,0.));
#6445 = DIRECTION('',(0.,-1.,1.4E-16));
#6446 = ADVANCED_FACE('',(#6447),#6465,.F.);
#6447 = FACE_BOUND('',#6448,.T.);
#6448 = EDGE_LOOP('',(#6449,#6450,#6451,#6459));
#6449 = ORIENTED_EDGE('',*,*,#2871,.F.);
#6450 = ORIENTED_EDGE('',*,*,#6436,.T.);
#6451 = ORIENTED_EDGE('',*,*,#6452,.T.);
#6452 = EDGE_CURVE('',#6429,#6453,#6455,.T.);
#6453 = VERTEX_POINT('',#6454);
#6454 = CARTESIAN_POINT('',(3.14,0.6,1.));
#6455 = LINE('',#6456,#6457);
#6456 = CARTESIAN_POINT('',(4.48,0.6,1.));
#6457 = VECTOR('',#6458,1.);
#6458 = DIRECTION('',(-1.,2.1E-16,0.));
#6459 = ORIENTED_EDGE('',*,*,#6460,.F.);
#6460 = EDGE_CURVE('',#2872,#6453,#6461,.T.);
#6461 = LINE('',#6462,#6463);
#6462 = CARTESIAN_POINT('',(3.14,0.6,8.));
#6463 = VECTOR('',#6464,1.);
#6464 = DIRECTION('',(0.,-1.2E-16,-1.));
#6465 = PLANE('',#6466);
#6466 = AXIS2_PLACEMENT_3D('',#6467,#6468,#6469);
#6467 = CARTESIAN_POINT('',(4.48,0.6,8.));
#6468 = DIRECTION('',(-2.1E-16,-1.,1.2E-16));
#6469 = DIRECTION('',(-1.,2.1E-16,0.));
#6470 = ADVANCED_FACE('',(#6471),#6489,.F.);
#6471 = FACE_BOUND('',#6472,.T.);
#6472 = EDGE_LOOP('',(#6473,#6474,#6482,#6488));
#6473 = ORIENTED_EDGE('',*,*,#2902,.F.);
#6474 = ORIENTED_EDGE('',*,*,#6475,.T.);
#6475 = EDGE_CURVE('',#2895,#6476,#6478,.T.);
#6476 = VERTEX_POINT('',#6477);
#6477 = CARTESIAN_POINT('',(3.14,1.94,1.));
#6478 = LINE('',#6479,#6480);
#6479 = CARTESIAN_POINT('',(3.14,1.94,8.));
#6480 = VECTOR('',#6481,1.);
#6481 = DIRECTION('',(0.,-1.2E-16,-1.));
#6482 = ORIENTED_EDGE('',*,*,#6483,.T.);
#6483 = EDGE_CURVE('',#6476,#6421,#6484,.T.);
#6484 = LINE('',#6485,#6486);
#6485 = CARTESIAN_POINT('',(3.14,1.94,1.));
#6486 = VECTOR('',#6487,1.);
#6487 = DIRECTION('',(1.,-2.1E-16,0.));
#6488 = ORIENTED_EDGE('',*,*,#6420,.F.);
#6489 = PLANE('',#6490);
#6490 = AXIS2_PLACEMENT_3D('',#6491,#6492,#6493);
#6491 = CARTESIAN_POINT('',(3.14,1.94,8.));
#6492 = DIRECTION('',(2.1E-16,1.,-1.2E-16));
#6493 = DIRECTION('',(1.,-2.1E-16,0.));
#6494 = ADVANCED_FACE('',(#6495),#6506,.F.);
#6495 = FACE_BOUND('',#6496,.T.);
#6496 = EDGE_LOOP('',(#6497,#6498,#6499,#6505));
#6497 = ORIENTED_EDGE('',*,*,#2917,.F.);
#6498 = ORIENTED_EDGE('',*,*,#6460,.T.);
#6499 = ORIENTED_EDGE('',*,*,#6500,.T.);
#6500 = EDGE_CURVE('',#6453,#6476,#6501,.T.);
#6501 = LINE('',#6502,#6503);
#6502 = CARTESIAN_POINT('',(3.14,0.6,1.));
#6503 = VECTOR('',#6504,1.);
#6504 = DIRECTION('',(0.,1.,-1.2E-16));
#6505 = ORIENTED_EDGE('',*,*,#6475,.F.);
#6506 = PLANE('',#6507);
#6507 = AXIS2_PLACEMENT_3D('',#6508,#6509,#6510);
#6508 = CARTESIAN_POINT('',(3.14,0.6,8.));
#6509 = DIRECTION('',(-1.,0.,0.));
#6510 = DIRECTION('',(0.,1.,-1.4E-16));
#6511 = ADVANCED_FACE('',(#6512),#6537,.F.);
#6512 = FACE_BOUND('',#6513,.T.);
#6513 = EDGE_LOOP('',(#6514,#6515,#6523,#6531));
#6514 = ORIENTED_EDGE('',*,*,#2943,.F.);
#6515 = ORIENTED_EDGE('',*,*,#6516,.T.);
#6516 = EDGE_CURVE('',#2936,#6517,#6519,.T.);
#6517 = VERTEX_POINT('',#6518);
#6518 = CARTESIAN_POINT('',(7.02,1.94,1.));
#6519 = LINE('',#6520,#6521);
#6520 = CARTESIAN_POINT('',(7.02,1.94,8.));
#6521 = VECTOR('',#6522,1.);
#6522 = DIRECTION('',(0.,-1.2E-16,-1.));
#6523 = ORIENTED_EDGE('',*,*,#6524,.T.);
#6524 = EDGE_CURVE('',#6517,#6525,#6527,.T.);
#6525 = VERTEX_POINT('',#6526);
#6526 = CARTESIAN_POINT('',(7.02,0.6,1.));
#6527 = LINE('',#6528,#6529);
#6528 = CARTESIAN_POINT('',(7.02,1.94,1.));
#6529 = VECTOR('',#6530,1.);
#6530 = DIRECTION('',(0.,-1.,1.2E-16));
#6531 = ORIENTED_EDGE('',*,*,#6532,.F.);
#6532 = EDGE_CURVE('',#2944,#6525,#6533,.T.);
#6533 = LINE('',#6534,#6535);
#6534 = CARTESIAN_POINT('',(7.02,0.6,8.));
#6535 = VECTOR('',#6536,1.);
#6536 = DIRECTION('',(0.,-1.2E-16,-1.));
#6537 = PLANE('',#6538);
#6538 = AXIS2_PLACEMENT_3D('',#6539,#6540,#6541);
#6539 = CARTESIAN_POINT('',(7.02,1.94,8.));
#6540 = DIRECTION('',(1.,0.,0.));
#6541 = DIRECTION('',(0.,-1.,1.4E-16));
#6542 = ADVANCED_FACE('',(#6543),#6561,.F.);
#6543 = FACE_BOUND('',#6544,.T.);
#6544 = EDGE_LOOP('',(#6545,#6546,#6547,#6555));
#6545 = ORIENTED_EDGE('',*,*,#2967,.F.);
#6546 = ORIENTED_EDGE('',*,*,#6532,.T.);
#6547 = ORIENTED_EDGE('',*,*,#6548,.T.);
#6548 = EDGE_CURVE('',#6525,#6549,#6551,.T.);
#6549 = VERTEX_POINT('',#6550);
#6550 = CARTESIAN_POINT('',(5.68,0.6,1.));
#6551 = LINE('',#6552,#6553);
#6552 = CARTESIAN_POINT('',(7.02,0.6,1.));
#6553 = VECTOR('',#6554,1.);
#6554 = DIRECTION('',(-1.,2.1E-16,0.));
#6555 = ORIENTED_EDGE('',*,*,#6556,.F.);
#6556 = EDGE_CURVE('',#2968,#6549,#6557,.T.);
#6557 = LINE('',#6558,#6559);
#6558 = CARTESIAN_POINT('',(5.68,0.6,8.));
#6559 = VECTOR('',#6560,1.);
#6560 = DIRECTION('',(0.,-1.2E-16,-1.));
#6561 = PLANE('',#6562);
#6562 = AXIS2_PLACEMENT_3D('',#6563,#6564,#6565);
#6563 = CARTESIAN_POINT('',(7.02,0.6,8.));
#6564 = DIRECTION('',(-2.1E-16,-1.,1.2E-16));
#6565 = DIRECTION('',(-1.,2.1E-16,0.));
#6566 = ADVANCED_FACE('',(#6567),#6585,.F.);
#6567 = FACE_BOUND('',#6568,.T.);
#6568 = EDGE_LOOP('',(#6569,#6570,#6578,#6584));
#6569 = ORIENTED_EDGE('',*,*,#2998,.F.);
#6570 = ORIENTED_EDGE('',*,*,#6571,.T.);
#6571 = EDGE_CURVE('',#2991,#6572,#6574,.T.);
#6572 = VERTEX_POINT('',#6573);
#6573 = CARTESIAN_POINT('',(5.68,1.94,1.));
#6574 = LINE('',#6575,#6576);
#6575 = CARTESIAN_POINT('',(5.68,1.94,8.));
#6576 = VECTOR('',#6577,1.);
#6577 = DIRECTION('',(0.,-1.2E-16,-1.));
#6578 = ORIENTED_EDGE('',*,*,#6579,.T.);
#6579 = EDGE_CURVE('',#6572,#6517,#6580,.T.);
#6580 = LINE('',#6581,#6582);
#6581 = CARTESIAN_POINT('',(5.68,1.94,1.));
#6582 = VECTOR('',#6583,1.);
#6583 = DIRECTION('',(1.,-2.1E-16,0.));
#6584 = ORIENTED_EDGE('',*,*,#6516,.F.);
#6585 = PLANE('',#6586);
#6586 = AXIS2_PLACEMENT_3D('',#6587,#6588,#6589);
#6587 = CARTESIAN_POINT('',(5.68,1.94,8.));
#6588 = DIRECTION('',(2.1E-16,1.,-1.2E-16));
#6589 = DIRECTION('',(1.,-2.1E-16,0.));
#6590 = ADVANCED_FACE('',(#6591),#6602,.F.);
#6591 = FACE_BOUND('',#6592,.T.);
#6592 = EDGE_LOOP('',(#6593,#6594,#6595,#6601));
#6593 = ORIENTED_EDGE('',*,*,#3013,.F.);
#6594 = ORIENTED_EDGE('',*,*,#6556,.T.);
#6595 = ORIENTED_EDGE('',*,*,#6596,.T.);
#6596 = EDGE_CURVE('',#6549,#6572,#6597,.T.);
#6597 = LINE('',#6598,#6599);
#6598 = CARTESIAN_POINT('',(5.68,0.6,1.));
#6599 = VECTOR('',#6600,1.);
#6600 = DIRECTION('',(0.,1.,-1.2E-16));
#6601 = ORIENTED_EDGE('',*,*,#6571,.F.);
#6602 = PLANE('',#6603);
#6603 = AXIS2_PLACEMENT_3D('',#6604,#6605,#6606);
#6604 = CARTESIAN_POINT('',(5.68,0.6,8.));
#6605 = DIRECTION('',(-1.,0.,0.));
#6606 = DIRECTION('',(0.,1.,-1.4E-16));
#6607 = ADVANCED_FACE('',(#6608),#6633,.F.);
#6608 = FACE_BOUND('',#6609,.T.);
#6609 = EDGE_LOOP('',(#6610,#6611,#6619,#6627));
#6610 = ORIENTED_EDGE('',*,*,#3039,.F.);
#6611 = ORIENTED_EDGE('',*,*,#6612,.T.);
#6612 = EDGE_CURVE('',#3032,#6613,#6615,.T.);
#6613 = VERTEX_POINT('',#6614);
#6614 = CARTESIAN_POINT('',(9.56,1.94,1.));
#6615 = LINE('',#6616,#6617);
#6616 = CARTESIAN_POINT('',(9.56,1.94,8.));
#6617 = VECTOR('',#6618,1.);
#6618 = DIRECTION('',(0.,-1.2E-16,-1.));
#6619 = ORIENTED_EDGE('',*,*,#6620,.T.);
#6620 = EDGE_CURVE('',#6613,#6621,#6623,.T.);
#6621 = VERTEX_POINT('',#6622);
#6622 = CARTESIAN_POINT('',(9.56,0.6,1.));
#6623 = LINE('',#6624,#6625);
#6624 = CARTESIAN_POINT('',(9.56,1.94,1.));
#6625 = VECTOR('',#6626,1.);
#6626 = DIRECTION('',(0.,-1.,1.2E-16));
#6627 = ORIENTED_EDGE('',*,*,#6628,.F.);
#6628 = EDGE_CURVE('',#3040,#6621,#6629,.T.);
#6629 = LINE('',#6630,#6631);
#6630 = CARTESIAN_POINT('',(9.56,0.6,8.));
#6631 = VECTOR('',#6632,1.);
#6632 = DIRECTION('',(0.,-1.2E-16,-1.));
#6633 = PLANE('',#6634);
#6634 = AXIS2_PLACEMENT_3D('',#6635,#6636,#6637);
#6635 = CARTESIAN_POINT('',(9.56,1.94,8.));
#6636 = DIRECTION('',(1.,0.,0.));
#6637 = DIRECTION('',(0.,-1.,1.4E-16));
#6638 = ADVANCED_FACE('',(#6639),#6657,.F.);
#6639 = FACE_BOUND('',#6640,.T.);
#6640 = EDGE_LOOP('',(#6641,#6642,#6643,#6651));
#6641 = ORIENTED_EDGE('',*,*,#3063,.F.);
#6642 = ORIENTED_EDGE('',*,*,#6628,.T.);
#6643 = ORIENTED_EDGE('',*,*,#6644,.T.);
#6644 = EDGE_CURVE('',#6621,#6645,#6647,.T.);
#6645 = VERTEX_POINT('',#6646);
#6646 = CARTESIAN_POINT('',(8.22,0.6,1.));
#6647 = LINE('',#6648,#6649);
#6648 = CARTESIAN_POINT('',(9.56,0.6,1.));
#6649 = VECTOR('',#6650,1.);
#6650 = DIRECTION('',(-1.,2.1E-16,0.));
#6651 = ORIENTED_EDGE('',*,*,#6652,.F.);
#6652 = EDGE_CURVE('',#3064,#6645,#6653,.T.);
#6653 = LINE('',#6654,#6655);
#6654 = CARTESIAN_POINT('',(8.22,0.6,8.));
#6655 = VECTOR('',#6656,1.);
#6656 = DIRECTION('',(0.,-1.2E-16,-1.));
#6657 = PLANE('',#6658);
#6658 = AXIS2_PLACEMENT_3D('',#6659,#6660,#6661);
#6659 = CARTESIAN_POINT('',(9.56,0.6,8.));
#6660 = DIRECTION('',(-2.1E-16,-1.,1.2E-16));
#6661 = DIRECTION('',(-1.,2.1E-16,0.));
#6662 = ADVANCED_FACE('',(#6663),#6681,.F.);
#6663 = FACE_BOUND('',#6664,.T.);
#6664 = EDGE_LOOP('',(#6665,#6666,#6674,#6680));
#6665 = ORIENTED_EDGE('',*,*,#3094,.F.);
#6666 = ORIENTED_EDGE('',*,*,#6667,.T.);
#6667 = EDGE_CURVE('',#3087,#6668,#6670,.T.);
#6668 = VERTEX_POINT('',#6669);
#6669 = CARTESIAN_POINT('',(8.22,1.94,1.));
#6670 = LINE('',#6671,#6672);
#6671 = CARTESIAN_POINT('',(8.22,1.94,8.));
#6672 = VECTOR('',#6673,1.);
#6673 = DIRECTION('',(0.,-1.2E-16,-1.));
#6674 = ORIENTED_EDGE('',*,*,#6675,.T.);
#6675 = EDGE_CURVE('',#6668,#6613,#6676,.T.);
#6676 = LINE('',#6677,#6678);
#6677 = CARTESIAN_POINT('',(8.22,1.94,1.));
#6678 = VECTOR('',#6679,1.);
#6679 = DIRECTION('',(1.,-2.1E-16,0.));
#6680 = ORIENTED_EDGE('',*,*,#6612,.F.);
#6681 = PLANE('',#6682);
#6682 = AXIS2_PLACEMENT_3D('',#6683,#6684,#6685);
#6683 = CARTESIAN_POINT('',(8.22,1.94,8.));
#6684 = DIRECTION('',(2.1E-16,1.,-1.2E-16));
#6685 = DIRECTION('',(1.,-2.1E-16,0.));
#6686 = ADVANCED_FACE('',(#6687),#6698,.F.);
#6687 = FACE_BOUND('',#6688,.T.);
#6688 = EDGE_LOOP('',(#6689,#6690,#6691,#6697));
#6689 = ORIENTED_EDGE('',*,*,#3109,.F.);
#6690 = ORIENTED_EDGE('',*,*,#6652,.T.);
#6691 = ORIENTED_EDGE('',*,*,#6692,.T.);
#6692 = EDGE_CURVE('',#6645,#6668,#6693,.T.);
#6693 = LINE('',#6694,#6695);
#6694 = CARTESIAN_POINT('',(8.22,0.6,1.));
#6695 = VECTOR('',#6696,1.);
#6696 = DIRECTION('',(0.,1.,-1.2E-16));
#6697 = ORIENTED_EDGE('',*,*,#6667,.F.);
#6698 = PLANE('',#6699);
#6699 = AXIS2_PLACEMENT_3D('',#6700,#6701,#6702);
#6700 = CARTESIAN_POINT('',(8.22,0.6,8.));
#6701 = DIRECTION('',(-1.,0.,0.));
#6702 = DIRECTION('',(0.,1.,-1.4E-16));
#6703 = ADVANCED_FACE('',(#6704),#6729,.F.);
#6704 = FACE_BOUND('',#6705,.T.);
#6705 = EDGE_LOOP('',(#6706,#6707,#6715,#6723));
#6706 = ORIENTED_EDGE('',*,*,#3135,.F.);
#6707 = ORIENTED_EDGE('',*,*,#6708,.T.);
#6708 = EDGE_CURVE('',#3128,#6709,#6711,.T.);
#6709 = VERTEX_POINT('',#6710);
#6710 = CARTESIAN_POINT('',(12.1,1.94,1.));
#6711 = LINE('',#6712,#6713);
#6712 = CARTESIAN_POINT('',(12.1,1.94,8.));
#6713 = VECTOR('',#6714,1.);
#6714 = DIRECTION('',(0.,-1.2E-16,-1.));
#6715 = ORIENTED_EDGE('',*,*,#6716,.T.);
#6716 = EDGE_CURVE('',#6709,#6717,#6719,.T.);
#6717 = VERTEX_POINT('',#6718);
#6718 = CARTESIAN_POINT('',(12.1,0.6,1.));
#6719 = LINE('',#6720,#6721);
#6720 = CARTESIAN_POINT('',(12.1,1.94,1.));
#6721 = VECTOR('',#6722,1.);
#6722 = DIRECTION('',(0.,-1.,1.2E-16));
#6723 = ORIENTED_EDGE('',*,*,#6724,.F.);
#6724 = EDGE_CURVE('',#3136,#6717,#6725,.T.);
#6725 = LINE('',#6726,#6727);
#6726 = CARTESIAN_POINT('',(12.1,0.6,8.));
#6727 = VECTOR('',#6728,1.);
#6728 = DIRECTION('',(0.,-1.2E-16,-1.));
#6729 = PLANE('',#6730);
#6730 = AXIS2_PLACEMENT_3D('',#6731,#6732,#6733);
#6731 = CARTESIAN_POINT('',(12.1,1.94,8.));
#6732 = DIRECTION('',(1.,0.,0.));
#6733 = DIRECTION('',(0.,-1.,1.4E-16));
#6734 = ADVANCED_FACE('',(#6735),#6753,.F.);
#6735 = FACE_BOUND('',#6736,.T.);
#6736 = EDGE_LOOP('',(#6737,#6738,#6739,#6747));
#6737 = ORIENTED_EDGE('',*,*,#3159,.F.);
#6738 = ORIENTED_EDGE('',*,*,#6724,.T.);
#6739 = ORIENTED_EDGE('',*,*,#6740,.T.);
#6740 = EDGE_CURVE('',#6717,#6741,#6743,.T.);
#6741 = VERTEX_POINT('',#6742);
#6742 = CARTESIAN_POINT('',(10.76,0.6,1.));
#6743 = LINE('',#6744,#6745);
#6744 = CARTESIAN_POINT('',(12.1,0.6,1.));
#6745 = VECTOR('',#6746,1.);
#6746 = DIRECTION('',(-1.,2.1E-16,0.));
#6747 = ORIENTED_EDGE('',*,*,#6748,.F.);
#6748 = EDGE_CURVE('',#3160,#6741,#6749,.T.);
#6749 = LINE('',#6750,#6751);
#6750 = CARTESIAN_POINT('',(10.76,0.6,8.));
#6751 = VECTOR('',#6752,1.);
#6752 = DIRECTION('',(0.,-1.2E-16,-1.));
#6753 = PLANE('',#6754);
#6754 = AXIS2_PLACEMENT_3D('',#6755,#6756,#6757);
#6755 = CARTESIAN_POINT('',(12.1,0.6,8.));
#6756 = DIRECTION('',(-2.1E-16,-1.,1.2E-16));
#6757 = DIRECTION('',(-1.,2.1E-16,0.));
#6758 = ADVANCED_FACE('',(#6759),#6777,.F.);
#6759 = FACE_BOUND('',#6760,.T.);
#6760 = EDGE_LOOP('',(#6761,#6762,#6770,#6776));
#6761 = ORIENTED_EDGE('',*,*,#3190,.F.);
#6762 = ORIENTED_EDGE('',*,*,#6763,.T.);
#6763 = EDGE_CURVE('',#3183,#6764,#6766,.T.);
#6764 = VERTEX_POINT('',#6765);
#6765 = CARTESIAN_POINT('',(10.76,1.94,1.));
#6766 = LINE('',#6767,#6768);
#6767 = CARTESIAN_POINT('',(10.76,1.94,8.));
#6768 = VECTOR('',#6769,1.);
#6769 = DIRECTION('',(0.,-1.2E-16,-1.));
#6770 = ORIENTED_EDGE('',*,*,#6771,.T.);
#6771 = EDGE_CURVE('',#6764,#6709,#6772,.T.);
#6772 = LINE('',#6773,#6774);
#6773 = CARTESIAN_POINT('',(10.76,1.94,1.));
#6774 = VECTOR('',#6775,1.);
#6775 = DIRECTION('',(1.,-2.1E-16,0.));
#6776 = ORIENTED_EDGE('',*,*,#6708,.F.);
#6777 = PLANE('',#6778);
#6778 = AXIS2_PLACEMENT_3D('',#6779,#6780,#6781);
#6779 = CARTESIAN_POINT('',(10.76,1.94,8.));
#6780 = DIRECTION('',(2.1E-16,1.,-1.2E-16));
#6781 = DIRECTION('',(1.,-2.1E-16,0.));
#6782 = ADVANCED_FACE('',(#6783),#6794,.F.);
#6783 = FACE_BOUND('',#6784,.T.);
#6784 = EDGE_LOOP('',(#6785,#6786,#6787,#6793));
#6785 = ORIENTED_EDGE('',*,*,#3205,.F.);
#6786 = ORIENTED_EDGE('',*,*,#6748,.T.);
#6787 = ORIENTED_EDGE('',*,*,#6788,.T.);
#6788 = EDGE_CURVE('',#6741,#6764,#6789,.T.);
#6789 = LINE('',#6790,#6791);
#6790 = CARTESIAN_POINT('',(10.76,0.6,1.));
#6791 = VECTOR('',#6792,1.);
#6792 = DIRECTION('',(0.,1.,-1.2E-16));
#6793 = ORIENTED_EDGE('',*,*,#6763,.F.);
#6794 = PLANE('',#6795);
#6795 = AXIS2_PLACEMENT_3D('',#6796,#6797,#6798);
#6796 = CARTESIAN_POINT('',(10.76,0.6,8.));
#6797 = DIRECTION('',(-1.,0.,0.));
#6798 = DIRECTION('',(0.,1.,-1.4E-16));
#6799 = ADVANCED_FACE('',(#6800),#6825,.F.);
#6800 = FACE_BOUND('',#6801,.T.);
#6801 = EDGE_LOOP('',(#6802,#6803,#6811,#6819));
#6802 = ORIENTED_EDGE('',*,*,#3231,.F.);
#6803 = ORIENTED_EDGE('',*,*,#6804,.T.);
#6804 = EDGE_CURVE('',#3224,#6805,#6807,.T.);
#6805 = VERTEX_POINT('',#6806);
#6806 = CARTESIAN_POINT('',(14.64,1.94,1.));
#6807 = LINE('',#6808,#6809);
#6808 = CARTESIAN_POINT('',(14.64,1.94,8.));
#6809 = VECTOR('',#6810,1.);
#6810 = DIRECTION('',(0.,-1.2E-16,-1.));
#6811 = ORIENTED_EDGE('',*,*,#6812,.T.);
#6812 = EDGE_CURVE('',#6805,#6813,#6815,.T.);
#6813 = VERTEX_POINT('',#6814);
#6814 = CARTESIAN_POINT('',(14.64,0.6,1.));
#6815 = LINE('',#6816,#6817);
#6816 = CARTESIAN_POINT('',(14.64,1.94,1.));
#6817 = VECTOR('',#6818,1.);
#6818 = DIRECTION('',(0.,-1.,1.2E-16));
#6819 = ORIENTED_EDGE('',*,*,#6820,.F.);
#6820 = EDGE_CURVE('',#3232,#6813,#6821,.T.);
#6821 = LINE('',#6822,#6823);
#6822 = CARTESIAN_POINT('',(14.64,0.6,8.));
#6823 = VECTOR('',#6824,1.);
#6824 = DIRECTION('',(0.,-1.2E-16,-1.));
#6825 = PLANE('',#6826);
#6826 = AXIS2_PLACEMENT_3D('',#6827,#6828,#6829);
#6827 = CARTESIAN_POINT('',(14.64,1.94,8.));
#6828 = DIRECTION('',(1.,0.,0.));
#6829 = DIRECTION('',(0.,-1.,1.4E-16));
#6830 = ADVANCED_FACE('',(#6831),#6849,.F.);
#6831 = FACE_BOUND('',#6832,.T.);
#6832 = EDGE_LOOP('',(#6833,#6834,#6835,#6843));
#6833 = ORIENTED_EDGE('',*,*,#3255,.F.);
#6834 = ORIENTED_EDGE('',*,*,#6820,.T.);
#6835 = ORIENTED_EDGE('',*,*,#6836,.T.);
#6836 = EDGE_CURVE('',#6813,#6837,#6839,.T.);
#6837 = VERTEX_POINT('',#6838);
#6838 = CARTESIAN_POINT('',(13.3,0.6,1.));
#6839 = LINE('',#6840,#6841);
#6840 = CARTESIAN_POINT('',(14.64,0.6,1.));
#6841 = VECTOR('',#6842,1.);
#6842 = DIRECTION('',(-1.,2.1E-16,0.));
#6843 = ORIENTED_EDGE('',*,*,#6844,.F.);
#6844 = EDGE_CURVE('',#3256,#6837,#6845,.T.);
#6845 = LINE('',#6846,#6847);
#6846 = CARTESIAN_POINT('',(13.3,0.6,8.));
#6847 = VECTOR('',#6848,1.);
#6848 = DIRECTION('',(0.,-1.2E-16,-1.));
#6849 = PLANE('',#6850);
#6850 = AXIS2_PLACEMENT_3D('',#6851,#6852,#6853);
#6851 = CARTESIAN_POINT('',(14.64,0.6,8.));
#6852 = DIRECTION('',(-2.1E-16,-1.,1.2E-16));
#6853 = DIRECTION('',(-1.,2.1E-16,0.));
#6854 = ADVANCED_FACE('',(#6855),#6873,.F.);
#6855 = FACE_BOUND('',#6856,.T.);
#6856 = EDGE_LOOP('',(#6857,#6858,#6866,#6872));
#6857 = ORIENTED_EDGE('',*,*,#3286,.F.);
#6858 = ORIENTED_EDGE('',*,*,#6859,.T.);
#6859 = EDGE_CURVE('',#3279,#6860,#6862,.T.);
#6860 = VERTEX_POINT('',#6861);
#6861 = CARTESIAN_POINT('',(13.3,1.94,1.));
#6862 = LINE('',#6863,#6864);
#6863 = CARTESIAN_POINT('',(13.3,1.94,8.));
#6864 = VECTOR('',#6865,1.);
#6865 = DIRECTION('',(0.,-1.2E-16,-1.));
#6866 = ORIENTED_EDGE('',*,*,#6867,.T.);
#6867 = EDGE_CURVE('',#6860,#6805,#6868,.T.);
#6868 = LINE('',#6869,#6870);
#6869 = CARTESIAN_POINT('',(13.3,1.94,1.));
#6870 = VECTOR('',#6871,1.);
#6871 = DIRECTION('',(1.,-2.1E-16,0.));
#6872 = ORIENTED_EDGE('',*,*,#6804,.F.);
#6873 = PLANE('',#6874);
#6874 = AXIS2_PLACEMENT_3D('',#6875,#6876,#6877);
#6875 = CARTESIAN_POINT('',(13.3,1.94,8.));
#6876 = DIRECTION('',(2.1E-16,1.,-1.2E-16));
#6877 = DIRECTION('',(1.,-2.1E-16,0.));
#6878 = ADVANCED_FACE('',(#6879),#6890,.F.);
#6879 = FACE_BOUND('',#6880,.T.);
#6880 = EDGE_LOOP('',(#6881,#6882,#6883,#6889));
#6881 = ORIENTED_EDGE('',*,*,#3301,.F.);
#6882 = ORIENTED_EDGE('',*,*,#6844,.T.);
#6883 = ORIENTED_EDGE('',*,*,#6884,.T.);
#6884 = EDGE_CURVE('',#6837,#6860,#6885,.T.);
#6885 = LINE('',#6886,#6887);
#6886 = CARTESIAN_POINT('',(13.3,0.6,1.));
#6887 = VECTOR('',#6888,1.);
#6888 = DIRECTION('',(0.,1.,-1.2E-16));
#6889 = ORIENTED_EDGE('',*,*,#6859,.F.);
#6890 = PLANE('',#6891);
#6891 = AXIS2_PLACEMENT_3D('',#6892,#6893,#6894);
#6892 = CARTESIAN_POINT('',(13.3,0.6,8.));
#6893 = DIRECTION('',(-1.,0.,0.));
#6894 = DIRECTION('',(0.,1.,-1.4E-16));
#6895 = ADVANCED_FACE('',(#6896),#6921,.F.);
#6896 = FACE_BOUND('',#6897,.T.);
#6897 = EDGE_LOOP('',(#6898,#6899,#6907,#6915));
#6898 = ORIENTED_EDGE('',*,*,#3327,.F.);
#6899 = ORIENTED_EDGE('',*,*,#6900,.T.);
#6900 = EDGE_CURVE('',#3320,#6901,#6903,.T.);
#6901 = VERTEX_POINT('',#6902);
#6902 = CARTESIAN_POINT('',(17.18,1.94,1.));
#6903 = LINE('',#6904,#6905);
#6904 = CARTESIAN_POINT('',(17.18,1.94,8.));
#6905 = VECTOR('',#6906,1.);
#6906 = DIRECTION('',(0.,-1.2E-16,-1.));
#6907 = ORIENTED_EDGE('',*,*,#6908,.T.);
#6908 = EDGE_CURVE('',#6901,#6909,#6911,.T.);
#6909 = VERTEX_POINT('',#6910);
#6910 = CARTESIAN_POINT('',(17.18,0.6,1.));
#6911 = LINE('',#6912,#6913);
#6912 = CARTESIAN_POINT('',(17.18,1.94,1.));
#6913 = VECTOR('',#6914,1.);
#6914 = DIRECTION('',(0.,-1.,1.2E-16));
#6915 = ORIENTED_EDGE('',*,*,#6916,.F.);
#6916 = EDGE_CURVE('',#3328,#6909,#6917,.T.);
#6917 = LINE('',#6918,#6919);
#6918 = CARTESIAN_POINT('',(17.18,0.6,8.));
#6919 = VECTOR('',#6920,1.);
#6920 = DIRECTION('',(0.,-1.2E-16,-1.));
#6921 = PLANE('',#6922);
#6922 = AXIS2_PLACEMENT_3D('',#6923,#6924,#6925);
#6923 = CARTESIAN_POINT('',(17.18,1.94,8.));
#6924 = DIRECTION('',(1.,0.,0.));
#6925 = DIRECTION('',(0.,-1.,1.4E-16));
#6926 = ADVANCED_FACE('',(#6927),#6945,.F.);
#6927 = FACE_BOUND('',#6928,.T.);
#6928 = EDGE_LOOP('',(#6929,#6930,#6931,#6939));
#6929 = ORIENTED_EDGE('',*,*,#3351,.F.);
#6930 = ORIENTED_EDGE('',*,*,#6916,.T.);
#6931 = ORIENTED_EDGE('',*,*,#6932,.T.);
#6932 = EDGE_CURVE('',#6909,#6933,#6935,.T.);
#6933 = VERTEX_POINT('',#6934);
#6934 = CARTESIAN_POINT('',(15.84,0.6,1.));
#6935 = LINE('',#6936,#6937);
#6936 = CARTESIAN_POINT('',(17.18,0.6,1.));
#6937 = VECTOR('',#6938,1.);
#6938 = DIRECTION('',(-1.,2.1E-16,0.));
#6939 = ORIENTED_EDGE('',*,*,#6940,.F.);
#6940 = EDGE_CURVE('',#3352,#6933,#6941,.T.);
#6941 = LINE('',#6942,#6943);
#6942 = CARTESIAN_POINT('',(15.84,0.6,8.));
#6943 = VECTOR('',#6944,1.);
#6944 = DIRECTION('',(0.,-1.2E-16,-1.));
#6945 = PLANE('',#6946);
#6946 = AXIS2_PLACEMENT_3D('',#6947,#6948,#6949);
#6947 = CARTESIAN_POINT('',(17.18,0.6,8.));
#6948 = DIRECTION('',(-2.1E-16,-1.,1.2E-16));
#6949 = DIRECTION('',(-1.,2.1E-16,0.));
#6950 = ADVANCED_FACE('',(#6951),#6969,.F.);
#6951 = FACE_BOUND('',#6952,.T.);
#6952 = EDGE_LOOP('',(#6953,#6954,#6962,#6968));
#6953 = ORIENTED_EDGE('',*,*,#3382,.F.);
#6954 = ORIENTED_EDGE('',*,*,#6955,.T.);
#6955 = EDGE_CURVE('',#3375,#6956,#6958,.T.);
#6956 = VERTEX_POINT('',#6957);
#6957 = CARTESIAN_POINT('',(15.84,1.94,1.));
#6958 = LINE('',#6959,#6960);
#6959 = CARTESIAN_POINT('',(15.84,1.94,8.));
#6960 = VECTOR('',#6961,1.);
#6961 = DIRECTION('',(0.,-1.2E-16,-1.));
#6962 = ORIENTED_EDGE('',*,*,#6963,.T.);
#6963 = EDGE_CURVE('',#6956,#6901,#6964,.T.);
#6964 = LINE('',#6965,#6966);
#6965 = CARTESIAN_POINT('',(15.84,1.94,1.));
#6966 = VECTOR('',#6967,1.);
#6967 = DIRECTION('',(1.,-2.1E-16,0.));
#6968 = ORIENTED_EDGE('',*,*,#6900,.F.);
#6969 = PLANE('',#6970);
#6970 = AXIS2_PLACEMENT_3D('',#6971,#6972,#6973);
#6971 = CARTESIAN_POINT('',(15.84,1.94,8.));
#6972 = DIRECTION('',(2.1E-16,1.,-1.2E-16));
#6973 = DIRECTION('',(1.,-2.1E-16,0.));
#6974 = ADVANCED_FACE('',(#6975),#6986,.F.);
#6975 = FACE_BOUND('',#6976,.T.);
#6976 = EDGE_LOOP('',(#6977,#6978,#6979,#6985));
#6977 = ORIENTED_EDGE('',*,*,#3397,.F.);
#6978 = ORIENTED_EDGE('',*,*,#6940,.T.);
#6979 = ORIENTED_EDGE('',*,*,#6980,.T.);
#6980 = EDGE_CURVE('',#6933,#6956,#6981,.T.);
#6981 = LINE('',#6982,#6983);
#6982 = CARTESIAN_POINT('',(15.84,0.6,1.));
#6983 = VECTOR('',#6984,1.);
#6984 = DIRECTION('',(0.,1.,-1.2E-16));
#6985 = ORIENTED_EDGE('',*,*,#6955,.F.);
#6986 = PLANE('',#6987);
#6987 = AXIS2_PLACEMENT_3D('',#6988,#6989,#6990);
#6988 = CARTESIAN_POINT('',(15.84,0.6,8.));
#6989 = DIRECTION('',(-1.,0.,0.));
#6990 = DIRECTION('',(0.,1.,-1.4E-16));
#6991 = ADVANCED_FACE('',(#6992),#7017,.F.);
#6992 = FACE_BOUND('',#6993,.T.);
#6993 = EDGE_LOOP('',(#6994,#6995,#7003,#7011));
#6994 = ORIENTED_EDGE('',*,*,#3423,.F.);
#6995 = ORIENTED_EDGE('',*,*,#6996,.T.);
#6996 = EDGE_CURVE('',#3416,#6997,#6999,.T.);
#6997 = VERTEX_POINT('',#6998);
#6998 = CARTESIAN_POINT('',(19.72,1.94,1.));
#6999 = LINE('',#7000,#7001);
#7000 = CARTESIAN_POINT('',(19.72,1.94,8.));
#7001 = VECTOR('',#7002,1.);
#7002 = DIRECTION('',(0.,-1.2E-16,-1.));
#7003 = ORIENTED_EDGE('',*,*,#7004,.T.);
#7004 = EDGE_CURVE('',#6997,#7005,#7007,.T.);
#7005 = VERTEX_POINT('',#7006);
#7006 = CARTESIAN_POINT('',(19.72,0.6,1.));
#7007 = LINE('',#7008,#7009);
#7008 = CARTESIAN_POINT('',(19.72,1.94,1.));
#7009 = VECTOR('',#7010,1.);
#7010 = DIRECTION('',(0.,-1.,1.2E-16));
#7011 = ORIENTED_EDGE('',*,*,#7012,.F.);
#7012 = EDGE_CURVE('',#3424,#7005,#7013,.T.);
#7013 = LINE('',#7014,#7015);
#7014 = CARTESIAN_POINT('',(19.72,0.6,8.));
#7015 = VECTOR('',#7016,1.);
#7016 = DIRECTION('',(0.,-1.2E-16,-1.));
#7017 = PLANE('',#7018);
#7018 = AXIS2_PLACEMENT_3D('',#7019,#7020,#7021);
#7019 = CARTESIAN_POINT('',(19.72,1.94,8.));
#7020 = DIRECTION('',(1.,0.,0.));
#7021 = DIRECTION('',(0.,-1.,1.4E-16));
#7022 = ADVANCED_FACE('',(#7023),#7041,.F.);
#7023 = FACE_BOUND('',#7024,.T.);
#7024 = EDGE_LOOP('',(#7025,#7026,#7027,#7035));
#7025 = ORIENTED_EDGE('',*,*,#3447,.F.);
#7026 = ORIENTED_EDGE('',*,*,#7012,.T.);
#7027 = ORIENTED_EDGE('',*,*,#7028,.T.);
#7028 = EDGE_CURVE('',#7005,#7029,#7031,.T.);
#7029 = VERTEX_POINT('',#7030);
#7030 = CARTESIAN_POINT('',(18.38,0.6,1.));
#7031 = LINE('',#7032,#7033);
#7032 = CARTESIAN_POINT('',(19.72,0.6,1.));
#7033 = VECTOR('',#7034,1.);
#7034 = DIRECTION('',(-1.,2.1E-16,0.));
#7035 = ORIENTED_EDGE('',*,*,#7036,.F.);
#7036 = EDGE_CURVE('',#3448,#7029,#7037,.T.);
#7037 = LINE('',#7038,#7039);
#7038 = CARTESIAN_POINT('',(18.38,0.6,8.));
#7039 = VECTOR('',#7040,1.);
#7040 = DIRECTION('',(0.,-1.2E-16,-1.));
#7041 = PLANE('',#7042);
#7042 = AXIS2_PLACEMENT_3D('',#7043,#7044,#7045);
#7043 = CARTESIAN_POINT('',(19.72,0.6,8.));
#7044 = DIRECTION('',(-2.1E-16,-1.,1.2E-16));
#7045 = DIRECTION('',(-1.,2.1E-16,0.));
#7046 = ADVANCED_FACE('',(#7047),#7065,.F.);
#7047 = FACE_BOUND('',#7048,.T.);
#7048 = EDGE_LOOP('',(#7049,#7050,#7058,#7064));
#7049 = ORIENTED_EDGE('',*,*,#3478,.F.);
#7050 = ORIENTED_EDGE('',*,*,#7051,.T.);
#7051 = EDGE_CURVE('',#3471,#7052,#7054,.T.);
#7052 = VERTEX_POINT('',#7053);
#7053 = CARTESIAN_POINT('',(18.38,1.94,1.));
#7054 = LINE('',#7055,#7056);
#7055 = CARTESIAN_POINT('',(18.38,1.94,8.));
#7056 = VECTOR('',#7057,1.);
#7057 = DIRECTION('',(0.,-1.2E-16,-1.));
#7058 = ORIENTED_EDGE('',*,*,#7059,.T.);
#7059 = EDGE_CURVE('',#7052,#6997,#7060,.T.);
#7060 = LINE('',#7061,#7062);
#7061 = CARTESIAN_POINT('',(18.38,1.94,1.));
#7062 = VECTOR('',#7063,1.);
#7063 = DIRECTION('',(1.,-2.1E-16,0.));
#7064 = ORIENTED_EDGE('',*,*,#6996,.F.);
#7065 = PLANE('',#7066);
#7066 = AXIS2_PLACEMENT_3D('',#7067,#7068,#7069);
#7067 = CARTESIAN_POINT('',(18.38,1.94,8.));
#7068 = DIRECTION('',(2.1E-16,1.,-1.2E-16));
#7069 = DIRECTION('',(1.,-2.1E-16,0.));
#7070 = ADVANCED_FACE('',(#7071),#7082,.F.);
#7071 = FACE_BOUND('',#7072,.T.);
#7072 = EDGE_LOOP('',(#7073,#7074,#7075,#7081));
#7073 = ORIENTED_EDGE('',*,*,#3493,.F.);
#7074 = ORIENTED_EDGE('',*,*,#7036,.T.);
#7075 = ORIENTED_EDGE('',*,*,#7076,.T.);
#7076 = EDGE_CURVE('',#7029,#7052,#7077,.T.);
#7077 = LINE('',#7078,#7079);
#7078 = CARTESIAN_POINT('',(18.38,0.6,1.));
#7079 = VECTOR('',#7080,1.);
#7080 = DIRECTION('',(0.,1.,-1.2E-16));
#7081 = ORIENTED_EDGE('',*,*,#7051,.F.);
#7082 = PLANE('',#7083);
#7083 = AXIS2_PLACEMENT_3D('',#7084,#7085,#7086);
#7084 = CARTESIAN_POINT('',(18.38,0.6,8.));
#7085 = DIRECTION('',(-1.,0.,0.));
#7086 = DIRECTION('',(0.,1.,-1.4E-16));
#7087 = ADVANCED_FACE('',(#7088),#7113,.F.);
#7088 = FACE_BOUND('',#7089,.T.);
#7089 = EDGE_LOOP('',(#7090,#7091,#7099,#7107));
#7090 = ORIENTED_EDGE('',*,*,#3519,.F.);
#7091 = ORIENTED_EDGE('',*,*,#7092,.T.);
#7092 = EDGE_CURVE('',#3512,#7093,#7095,.T.);
#7093 = VERTEX_POINT('',#7094);
#7094 = CARTESIAN_POINT('',(22.26,1.94,1.));
#7095 = LINE('',#7096,#7097);
#7096 = CARTESIAN_POINT('',(22.26,1.94,8.));
#7097 = VECTOR('',#7098,1.);
#7098 = DIRECTION('',(0.,-1.2E-16,-1.));
#7099 = ORIENTED_EDGE('',*,*,#7100,.T.);
#7100 = EDGE_CURVE('',#7093,#7101,#7103,.T.);
#7101 = VERTEX_POINT('',#7102);
#7102 = CARTESIAN_POINT('',(22.26,0.6,1.));
#7103 = LINE('',#7104,#7105);
#7104 = CARTESIAN_POINT('',(22.26,1.94,1.));
#7105 = VECTOR('',#7106,1.);
#7106 = DIRECTION('',(0.,-1.,1.2E-16));
#7107 = ORIENTED_EDGE('',*,*,#7108,.F.);
#7108 = EDGE_CURVE('',#3520,#7101,#7109,.T.);
#7109 = LINE('',#7110,#7111);
#7110 = CARTESIAN_POINT('',(22.26,0.6,8.));
#7111 = VECTOR('',#7112,1.);
#7112 = DIRECTION('',(0.,-1.2E-16,-1.));
#7113 = PLANE('',#7114);
#7114 = AXIS2_PLACEMENT_3D('',#7115,#7116,#7117);
#7115 = CARTESIAN_POINT('',(22.26,1.94,8.));
#7116 = DIRECTION('',(1.,0.,0.));
#7117 = DIRECTION('',(0.,-1.,1.4E-16));
#7118 = ADVANCED_FACE('',(#7119),#7137,.F.);
#7119 = FACE_BOUND('',#7120,.T.);
#7120 = EDGE_LOOP('',(#7121,#7122,#7123,#7131));
#7121 = ORIENTED_EDGE('',*,*,#3543,.F.);
#7122 = ORIENTED_EDGE('',*,*,#7108,.T.);
#7123 = ORIENTED_EDGE('',*,*,#7124,.T.);
#7124 = EDGE_CURVE('',#7101,#7125,#7127,.T.);
#7125 = VERTEX_POINT('',#7126);
#7126 = CARTESIAN_POINT('',(20.92,0.6,1.));
#7127 = LINE('',#7128,#7129);
#7128 = CARTESIAN_POINT('',(22.26,0.6,1.));
#7129 = VECTOR('',#7130,1.);
#7130 = DIRECTION('',(-1.,2.1E-16,0.));
#7131 = ORIENTED_EDGE('',*,*,#7132,.F.);
#7132 = EDGE_CURVE('',#3544,#7125,#7133,.T.);
#7133 = LINE('',#7134,#7135);
#7134 = CARTESIAN_POINT('',(20.92,0.6,8.));
#7135 = VECTOR('',#7136,1.);
#7136 = DIRECTION('',(0.,-1.2E-16,-1.));
#7137 = PLANE('',#7138);
#7138 = AXIS2_PLACEMENT_3D('',#7139,#7140,#7141);
#7139 = CARTESIAN_POINT('',(22.26,0.6,8.));
#7140 = DIRECTION('',(-2.1E-16,-1.,1.2E-16));
#7141 = DIRECTION('',(-1.,2.1E-16,0.));
#7142 = ADVANCED_FACE('',(#7143),#7161,.F.);
#7143 = FACE_BOUND('',#7144,.T.);
#7144 = EDGE_LOOP('',(#7145,#7146,#7154,#7160));
#7145 = ORIENTED_EDGE('',*,*,#3574,.F.);
#7146 = ORIENTED_EDGE('',*,*,#7147,.T.);
#7147 = EDGE_CURVE('',#3567,#7148,#7150,.T.);
#7148 = VERTEX_POINT('',#7149);
#7149 = CARTESIAN_POINT('',(20.92,1.94,1.));
#7150 = LINE('',#7151,#7152);
#7151 = CARTESIAN_POINT('',(20.92,1.94,8.));
#7152 = VECTOR('',#7153,1.);
#7153 = DIRECTION('',(0.,-1.2E-16,-1.));
#7154 = ORIENTED_EDGE('',*,*,#7155,.T.);
#7155 = EDGE_CURVE('',#7148,#7093,#7156,.T.);
#7156 = LINE('',#7157,#7158);
#7157 = CARTESIAN_POINT('',(20.92,1.94,1.));
#7158 = VECTOR('',#7159,1.);
#7159 = DIRECTION('',(1.,-2.1E-16,0.));
#7160 = ORIENTED_EDGE('',*,*,#7092,.F.);
#7161 = PLANE('',#7162);
#7162 = AXIS2_PLACEMENT_3D('',#7163,#7164,#7165);
#7163 = CARTESIAN_POINT('',(20.92,1.94,8.));
#7164 = DIRECTION('',(2.1E-16,1.,-1.2E-16));
#7165 = DIRECTION('',(1.,-2.1E-16,0.));
#7166 = ADVANCED_FACE('',(#7167),#7178,.F.);
#7167 = FACE_BOUND('',#7168,.T.);
#7168 = EDGE_LOOP('',(#7169,#7170,#7171,#7177));
#7169 = ORIENTED_EDGE('',*,*,#3589,.F.);
#7170 = ORIENTED_EDGE('',*,*,#7132,.T.);
#7171 = ORIENTED_EDGE('',*,*,#7172,.T.);
#7172 = EDGE_CURVE('',#7125,#7148,#7173,.T.);
#7173 = LINE('',#7174,#7175);
#7174 = CARTESIAN_POINT('',(20.92,0.6,1.));
#7175 = VECTOR('',#7176,1.);
#7176 = DIRECTION('',(0.,1.,-1.2E-16));
#7177 = ORIENTED_EDGE('',*,*,#7147,.F.);
#7178 = PLANE('',#7179);
#7179 = AXIS2_PLACEMENT_3D('',#7180,#7181,#7182);
#7180 = CARTESIAN_POINT('',(20.92,0.6,8.));
#7181 = DIRECTION('',(-1.,0.,0.));
#7182 = DIRECTION('',(0.,1.,-1.4E-16));
#7183 = ADVANCED_FACE('',(#7184),#7209,.F.);
#7184 = FACE_BOUND('',#7185,.T.);
#7185 = EDGE_LOOP('',(#7186,#7187,#7195,#7203));
#7186 = ORIENTED_EDGE('',*,*,#3615,.F.);
#7187 = ORIENTED_EDGE('',*,*,#7188,.T.);
#7188 = EDGE_CURVE('',#3608,#7189,#7191,.T.);
#7189 = VERTEX_POINT('',#7190);
#7190 = CARTESIAN_POINT('',(24.8,1.94,1.));
#7191 = LINE('',#7192,#7193);
#7192 = CARTESIAN_POINT('',(24.8,1.94,8.));
#7193 = VECTOR('',#7194,1.);
#7194 = DIRECTION('',(0.,-1.2E-16,-1.));
#7195 = ORIENTED_EDGE('',*,*,#7196,.T.);
#7196 = EDGE_CURVE('',#7189,#7197,#7199,.T.);
#7197 = VERTEX_POINT('',#7198);
#7198 = CARTESIAN_POINT('',(24.8,0.6,1.));
#7199 = LINE('',#7200,#7201);
#7200 = CARTESIAN_POINT('',(24.8,1.94,1.));
#7201 = VECTOR('',#7202,1.);
#7202 = DIRECTION('',(0.,-1.,1.2E-16));
#7203 = ORIENTED_EDGE('',*,*,#7204,.F.);
#7204 = EDGE_CURVE('',#3616,#7197,#7205,.T.);
#7205 = LINE('',#7206,#7207);
#7206 = CARTESIAN_POINT('',(24.8,0.6,8.));
#7207 = VECTOR('',#7208,1.);
#7208 = DIRECTION('',(0.,-1.2E-16,-1.));
#7209 = PLANE('',#7210);
#7210 = AXIS2_PLACEMENT_3D('',#7211,#7212,#7213);
#7211 = CARTESIAN_POINT('',(24.8,1.94,8.));
#7212 = DIRECTION('',(1.,0.,0.));
#7213 = DIRECTION('',(0.,-1.,1.4E-16));
#7214 = ADVANCED_FACE('',(#7215),#7233,.F.);
#7215 = FACE_BOUND('',#7216,.T.);
#7216 = EDGE_LOOP('',(#7217,#7218,#7219,#7227));
#7217 = ORIENTED_EDGE('',*,*,#3639,.F.);
#7218 = ORIENTED_EDGE('',*,*,#7204,.T.);
#7219 = ORIENTED_EDGE('',*,*,#7220,.T.);
#7220 = EDGE_CURVE('',#7197,#7221,#7223,.T.);
#7221 = VERTEX_POINT('',#7222);
#7222 = CARTESIAN_POINT('',(23.46,0.6,1.));
#7223 = LINE('',#7224,#7225);
#7224 = CARTESIAN_POINT('',(24.8,0.6,1.));
#7225 = VECTOR('',#7226,1.);
#7226 = DIRECTION('',(-1.,2.1E-16,0.));
#7227 = ORIENTED_EDGE('',*,*,#7228,.F.);
#7228 = EDGE_CURVE('',#3640,#7221,#7229,.T.);
#7229 = LINE('',#7230,#7231);
#7230 = CARTESIAN_POINT('',(23.46,0.6,8.));
#7231 = VECTOR('',#7232,1.);
#7232 = DIRECTION('',(0.,-1.2E-16,-1.));
#7233 = PLANE('',#7234);
#7234 = AXIS2_PLACEMENT_3D('',#7235,#7236,#7237);
#7235 = CARTESIAN_POINT('',(24.8,0.6,8.));
#7236 = DIRECTION('',(-2.1E-16,-1.,1.2E-16));
#7237 = DIRECTION('',(-1.,2.1E-16,0.));
#7238 = ADVANCED_FACE('',(#7239),#7257,.F.);
#7239 = FACE_BOUND('',#7240,.T.);
#7240 = EDGE_LOOP('',(#7241,#7242,#7250,#7256));
#7241 = ORIENTED_EDGE('',*,*,#3670,.F.);
#7242 = ORIENTED_EDGE('',*,*,#7243,.T.);
#7243 = EDGE_CURVE('',#3663,#7244,#7246,.T.);
#7244 = VERTEX_POINT('',#7245);
#7245 = CARTESIAN_POINT('',(23.46,1.94,1.));
#7246 = LINE('',#7247,#7248);
#7247 = CARTESIAN_POINT('',(23.46,1.94,8.));
#7248 = VECTOR('',#7249,1.);
#7249 = DIRECTION('',(0.,-1.2E-16,-1.));
#7250 = ORIENTED_EDGE('',*,*,#7251,.T.);
#7251 = EDGE_CURVE('',#7244,#7189,#7252,.T.);
#7252 = LINE('',#7253,#7254);
#7253 = CARTESIAN_POINT('',(23.46,1.94,1.));
#7254 = VECTOR('',#7255,1.);
#7255 = DIRECTION('',(1.,-2.1E-16,0.));
#7256 = ORIENTED_EDGE('',*,*,#7188,.F.);
#7257 = PLANE('',#7258);
#7258 = AXIS2_PLACEMENT_3D('',#7259,#7260,#7261);
#7259 = CARTESIAN_POINT('',(23.46,1.94,8.));
#7260 = DIRECTION('',(2.1E-16,1.,-1.2E-16));
#7261 = DIRECTION('',(1.,-2.1E-16,0.));
#7262 = ADVANCED_FACE('',(#7263),#7274,.F.);
#7263 = FACE_BOUND('',#7264,.T.);
#7264 = EDGE_LOOP('',(#7265,#7266,#7267,#7273));
#7265 = ORIENTED_EDGE('',*,*,#3685,.F.);
#7266 = ORIENTED_EDGE('',*,*,#7228,.T.);
#7267 = ORIENTED_EDGE('',*,*,#7268,.T.);
#7268 = EDGE_CURVE('',#7221,#7244,#7269,.T.);
#7269 = LINE('',#7270,#7271);
#7270 = CARTESIAN_POINT('',(23.46,0.6,1.));
#7271 = VECTOR('',#7272,1.);
#7272 = DIRECTION('',(0.,1.,-1.2E-16));
#7273 = ORIENTED_EDGE('',*,*,#7243,.F.);
#7274 = PLANE('',#7275);
#7275 = AXIS2_PLACEMENT_3D('',#7276,#7277,#7278);
#7276 = CARTESIAN_POINT('',(23.46,0.6,8.));
#7277 = DIRECTION('',(-1.,0.,0.));
#7278 = DIRECTION('',(0.,1.,-1.4E-16));
#7279 = ADVANCED_FACE('',(#7280),#7305,.F.);
#7280 = FACE_BOUND('',#7281,.T.);
#7281 = EDGE_LOOP('',(#7282,#7283,#7291,#7299));
#7282 = ORIENTED_EDGE('',*,*,#3711,.F.);
#7283 = ORIENTED_EDGE('',*,*,#7284,.T.);
#7284 = EDGE_CURVE('',#3704,#7285,#7287,.T.);
#7285 = VERTEX_POINT('',#7286);
#7286 = CARTESIAN_POINT('',(-23.46,-0.6,1.));
#7287 = LINE('',#7288,#7289);
#7288 = CARTESIAN_POINT('',(-23.46,-0.6,8.));
#7289 = VECTOR('',#7290,1.);
#7290 = DIRECTION('',(0.,-1.2E-16,-1.));
#7291 = ORIENTED_EDGE('',*,*,#7292,.T.);
#7292 = EDGE_CURVE('',#7285,#7293,#7295,.T.);
#7293 = VERTEX_POINT('',#7294);
#7294 = CARTESIAN_POINT('',(-23.46,-1.94,1.));
#7295 = LINE('',#7296,#7297);
#7296 = CARTESIAN_POINT('',(-23.46,-0.6,1.));
#7297 = VECTOR('',#7298,1.);
#7298 = DIRECTION('',(0.,-1.,1.2E-16));
#7299 = ORIENTED_EDGE('',*,*,#7300,.F.);
#7300 = EDGE_CURVE('',#3712,#7293,#7301,.T.);
#7301 = LINE('',#7302,#7303);
#7302 = CARTESIAN_POINT('',(-23.46,-1.94,8.));
#7303 = VECTOR('',#7304,1.);
#7304 = DIRECTION('',(0.,-1.2E-16,-1.));
#7305 = PLANE('',#7306);
#7306 = AXIS2_PLACEMENT_3D('',#7307,#7308,#7309);
#7307 = CARTESIAN_POINT('',(-23.46,-0.6,8.));
#7308 = DIRECTION('',(1.,0.,0.));
#7309 = DIRECTION('',(0.,-1.,1.4E-16));
#7310 = ADVANCED_FACE('',(#7311),#7329,.F.);
#7311 = FACE_BOUND('',#7312,.T.);
#7312 = EDGE_LOOP('',(#7313,#7314,#7315,#7323));
#7313 = ORIENTED_EDGE('',*,*,#3735,.F.);
#7314 = ORIENTED_EDGE('',*,*,#7300,.T.);
#7315 = ORIENTED_EDGE('',*,*,#7316,.T.);
#7316 = EDGE_CURVE('',#7293,#7317,#7319,.T.);
#7317 = VERTEX_POINT('',#7318);
#7318 = CARTESIAN_POINT('',(-24.8,-1.94,1.));
#7319 = LINE('',#7320,#7321);
#7320 = CARTESIAN_POINT('',(-23.46,-1.94,1.));
#7321 = VECTOR('',#7322,1.);
#7322 = DIRECTION('',(-1.,2.1E-16,0.));
#7323 = ORIENTED_EDGE('',*,*,#7324,.F.);
#7324 = EDGE_CURVE('',#3736,#7317,#7325,.T.);
#7325 = LINE('',#7326,#7327);
#7326 = CARTESIAN_POINT('',(-24.8,-1.94,8.));
#7327 = VECTOR('',#7328,1.);
#7328 = DIRECTION('',(0.,-1.2E-16,-1.));
#7329 = PLANE('',#7330);
#7330 = AXIS2_PLACEMENT_3D('',#7331,#7332,#7333);
#7331 = CARTESIAN_POINT('',(-23.46,-1.94,8.));
#7332 = DIRECTION('',(-2.1E-16,-1.,1.2E-16));
#7333 = DIRECTION('',(-1.,2.1E-16,0.));
#7334 = ADVANCED_FACE('',(#7335),#7353,.F.);
#7335 = FACE_BOUND('',#7336,.T.);
#7336 = EDGE_LOOP('',(#7337,#7338,#7346,#7352));
#7337 = ORIENTED_EDGE('',*,*,#3766,.F.);
#7338 = ORIENTED_EDGE('',*,*,#7339,.T.);
#7339 = EDGE_CURVE('',#3759,#7340,#7342,.T.);
#7340 = VERTEX_POINT('',#7341);
#7341 = CARTESIAN_POINT('',(-24.8,-0.6,1.));
#7342 = LINE('',#7343,#7344);
#7343 = CARTESIAN_POINT('',(-24.8,-0.6,8.));
#7344 = VECTOR('',#7345,1.);
#7345 = DIRECTION('',(0.,-1.2E-16,-1.));
#7346 = ORIENTED_EDGE('',*,*,#7347,.T.);
#7347 = EDGE_CURVE('',#7340,#7285,#7348,.T.);
#7348 = LINE('',#7349,#7350);
#7349 = CARTESIAN_POINT('',(-24.8,-0.6,1.));
#7350 = VECTOR('',#7351,1.);
#7351 = DIRECTION('',(1.,-2.1E-16,0.));
#7352 = ORIENTED_EDGE('',*,*,#7284,.F.);
#7353 = PLANE('',#7354);
#7354 = AXIS2_PLACEMENT_3D('',#7355,#7356,#7357);
#7355 = CARTESIAN_POINT('',(-24.8,-0.6,8.));
#7356 = DIRECTION('',(2.1E-16,1.,-1.2E-16));
#7357 = DIRECTION('',(1.,-2.1E-16,0.));
#7358 = ADVANCED_FACE('',(#7359),#7370,.F.);
#7359 = FACE_BOUND('',#7360,.T.);
#7360 = EDGE_LOOP('',(#7361,#7362,#7363,#7369));
#7361 = ORIENTED_EDGE('',*,*,#3781,.F.);
#7362 = ORIENTED_EDGE('',*,*,#7324,.T.);
#7363 = ORIENTED_EDGE('',*,*,#7364,.T.);
#7364 = EDGE_CURVE('',#7317,#7340,#7365,.T.);
#7365 = LINE('',#7366,#7367);
#7366 = CARTESIAN_POINT('',(-24.8,-1.94,1.));
#7367 = VECTOR('',#7368,1.);
#7368 = DIRECTION('',(0.,1.,-1.2E-16));
#7369 = ORIENTED_EDGE('',*,*,#7339,.F.);
#7370 = PLANE('',#7371);
#7371 = AXIS2_PLACEMENT_3D('',#7372,#7373,#7374);
#7372 = CARTESIAN_POINT('',(-24.8,-1.94,8.));
#7373 = DIRECTION('',(-1.,0.,0.));
#7374 = DIRECTION('',(0.,1.,-1.4E-16));
#7375 = ADVANCED_FACE('',(#7376),#7401,.F.);
#7376 = FACE_BOUND('',#7377,.T.);
#7377 = EDGE_LOOP('',(#7378,#7379,#7387,#7395));
#7378 = ORIENTED_EDGE('',*,*,#3807,.F.);
#7379 = ORIENTED_EDGE('',*,*,#7380,.T.);
#7380 = EDGE_CURVE('',#3800,#7381,#7383,.T.);
#7381 = VERTEX_POINT('',#7382);
#7382 = CARTESIAN_POINT('',(-13.3,-0.6,1.));
#7383 = LINE('',#7384,#7385);
#7384 = CARTESIAN_POINT('',(-13.3,-0.6,8.));
#7385 = VECTOR('',#7386,1.);
#7386 = DIRECTION('',(0.,-1.2E-16,-1.));
#7387 = ORIENTED_EDGE('',*,*,#7388,.T.);
#7388 = EDGE_CURVE('',#7381,#7389,#7391,.T.);
#7389 = VERTEX_POINT('',#7390);
#7390 = CARTESIAN_POINT('',(-13.3,-1.94,1.));
#7391 = LINE('',#7392,#7393);
#7392 = CARTESIAN_POINT('',(-13.3,-0.6,1.));
#7393 = VECTOR('',#7394,1.);
#7394 = DIRECTION('',(0.,-1.,1.2E-16));
#7395 = ORIENTED_EDGE('',*,*,#7396,.F.);
#7396 = EDGE_CURVE('',#3808,#7389,#7397,.T.);
#7397 = LINE('',#7398,#7399);
#7398 = CARTESIAN_POINT('',(-13.3,-1.94,8.));
#7399 = VECTOR('',#7400,1.);
#7400 = DIRECTION('',(0.,-1.2E-16,-1.));
#7401 = PLANE('',#7402);
#7402 = AXIS2_PLACEMENT_3D('',#7403,#7404,#7405);
#7403 = CARTESIAN_POINT('',(-13.3,-0.6,8.));
#7404 = DIRECTION('',(1.,0.,0.));
#7405 = DIRECTION('',(0.,-1.,1.4E-16));
#7406 = ADVANCED_FACE('',(#7407),#7425,.F.);
#7407 = FACE_BOUND('',#7408,.T.);
#7408 = EDGE_LOOP('',(#7409,#7410,#7411,#7419));
#7409 = ORIENTED_EDGE('',*,*,#3831,.F.);
#7410 = ORIENTED_EDGE('',*,*,#7396,.T.);
#7411 = ORIENTED_EDGE('',*,*,#7412,.T.);
#7412 = EDGE_CURVE('',#7389,#7413,#7415,.T.);
#7413 = VERTEX_POINT('',#7414);
#7414 = CARTESIAN_POINT('',(-14.64,-1.94,1.));
#7415 = LINE('',#7416,#7417);
#7416 = CARTESIAN_POINT('',(-13.3,-1.94,1.));
#7417 = VECTOR('',#7418,1.);
#7418 = DIRECTION('',(-1.,2.1E-16,0.));
#7419 = ORIENTED_EDGE('',*,*,#7420,.F.);
#7420 = EDGE_CURVE('',#3832,#7413,#7421,.T.);
#7421 = LINE('',#7422,#7423);
#7422 = CARTESIAN_POINT('',(-14.64,-1.94,8.));
#7423 = VECTOR('',#7424,1.);
#7424 = DIRECTION('',(0.,-1.2E-16,-1.));
#7425 = PLANE('',#7426);
#7426 = AXIS2_PLACEMENT_3D('',#7427,#7428,#7429);
#7427 = CARTESIAN_POINT('',(-13.3,-1.94,8.));
#7428 = DIRECTION('',(-2.1E-16,-1.,1.2E-16));
#7429 = DIRECTION('',(-1.,2.1E-16,0.));
#7430 = ADVANCED_FACE('',(#7431),#7449,.F.);
#7431 = FACE_BOUND('',#7432,.T.);
#7432 = EDGE_LOOP('',(#7433,#7434,#7442,#7448));
#7433 = ORIENTED_EDGE('',*,*,#3862,.F.);
#7434 = ORIENTED_EDGE('',*,*,#7435,.T.);
#7435 = EDGE_CURVE('',#3855,#7436,#7438,.T.);
#7436 = VERTEX_POINT('',#7437);
#7437 = CARTESIAN_POINT('',(-14.64,-0.6,1.));
#7438 = LINE('',#7439,#7440);
#7439 = CARTESIAN_POINT('',(-14.64,-0.6,8.));
#7440 = VECTOR('',#7441,1.);
#7441 = DIRECTION('',(0.,-1.2E-16,-1.));
#7442 = ORIENTED_EDGE('',*,*,#7443,.T.);
#7443 = EDGE_CURVE('',#7436,#7381,#7444,.T.);
#7444 = LINE('',#7445,#7446);
#7445 = CARTESIAN_POINT('',(-14.64,-0.6,1.));
#7446 = VECTOR('',#7447,1.);
#7447 = DIRECTION('',(1.,-2.1E-16,0.));
#7448 = ORIENTED_EDGE('',*,*,#7380,.F.);
#7449 = PLANE('',#7450);
#7450 = AXIS2_PLACEMENT_3D('',#7451,#7452,#7453);
#7451 = CARTESIAN_POINT('',(-14.64,-0.6,8.));
#7452 = DIRECTION('',(2.1E-16,1.,-1.2E-16));
#7453 = DIRECTION('',(1.,-2.1E-16,0.));
#7454 = ADVANCED_FACE('',(#7455),#7466,.F.);
#7455 = FACE_BOUND('',#7456,.T.);
#7456 = EDGE_LOOP('',(#7457,#7458,#7459,#7465));
#7457 = ORIENTED_EDGE('',*,*,#3877,.F.);
#7458 = ORIENTED_EDGE('',*,*,#7420,.T.);
#7459 = ORIENTED_EDGE('',*,*,#7460,.T.);
#7460 = EDGE_CURVE('',#7413,#7436,#7461,.T.);
#7461 = LINE('',#7462,#7463);
#7462 = CARTESIAN_POINT('',(-14.64,-1.94,1.));
#7463 = VECTOR('',#7464,1.);
#7464 = DIRECTION('',(0.,1.,-1.2E-16));
#7465 = ORIENTED_EDGE('',*,*,#7435,.F.);
#7466 = PLANE('',#7467);
#7467 = AXIS2_PLACEMENT_3D('',#7468,#7469,#7470);
#7468 = CARTESIAN_POINT('',(-14.64,-1.94,8.));
#7469 = DIRECTION('',(-1.,0.,0.));
#7470 = DIRECTION('',(0.,1.,-1.4E-16));
#7471 = ADVANCED_FACE('',(#7472),#7497,.F.);
#7472 = FACE_BOUND('',#7473,.T.);
#7473 = EDGE_LOOP('',(#7474,#7475,#7483,#7491));
#7474 = ORIENTED_EDGE('',*,*,#3903,.F.);
#7475 = ORIENTED_EDGE('',*,*,#7476,.T.);
#7476 = EDGE_CURVE('',#3896,#7477,#7479,.T.);
#7477 = VERTEX_POINT('',#7478);
#7478 = CARTESIAN_POINT('',(-10.76,-0.6,1.));
#7479 = LINE('',#7480,#7481);
#7480 = CARTESIAN_POINT('',(-10.76,-0.6,8.));
#7481 = VECTOR('',#7482,1.);
#7482 = DIRECTION('',(0.,-1.2E-16,-1.));
#7483 = ORIENTED_EDGE('',*,*,#7484,.T.);
#7484 = EDGE_CURVE('',#7477,#7485,#7487,.T.);
#7485 = VERTEX_POINT('',#7486);
#7486 = CARTESIAN_POINT('',(-10.76,-1.94,1.));
#7487 = LINE('',#7488,#7489);
#7488 = CARTESIAN_POINT('',(-10.76,-0.6,1.));
#7489 = VECTOR('',#7490,1.);
#7490 = DIRECTION('',(0.,-1.,1.2E-16));
#7491 = ORIENTED_EDGE('',*,*,#7492,.F.);
#7492 = EDGE_CURVE('',#3904,#7485,#7493,.T.);
#7493 = LINE('',#7494,#7495);
#7494 = CARTESIAN_POINT('',(-10.76,-1.94,8.));
#7495 = VECTOR('',#7496,1.);
#7496 = DIRECTION('',(0.,-1.2E-16,-1.));
#7497 = PLANE('',#7498);
#7498 = AXIS2_PLACEMENT_3D('',#7499,#7500,#7501);
#7499 = CARTESIAN_POINT('',(-10.76,-0.6,8.));
#7500 = DIRECTION('',(1.,0.,0.));
#7501 = DIRECTION('',(0.,-1.,1.4E-16));
#7502 = ADVANCED_FACE('',(#7503),#7521,.F.);
#7503 = FACE_BOUND('',#7504,.T.);
#7504 = EDGE_LOOP('',(#7505,#7506,#7507,#7515));
#7505 = ORIENTED_EDGE('',*,*,#3927,.F.);
#7506 = ORIENTED_EDGE('',*,*,#7492,.T.);
#7507 = ORIENTED_EDGE('',*,*,#7508,.T.);
#7508 = EDGE_CURVE('',#7485,#7509,#7511,.T.);
#7509 = VERTEX_POINT('',#7510);
#7510 = CARTESIAN_POINT('',(-12.1,-1.94,1.));
#7511 = LINE('',#7512,#7513);
#7512 = CARTESIAN_POINT('',(-10.76,-1.94,1.));
#7513 = VECTOR('',#7514,1.);
#7514 = DIRECTION('',(-1.,2.1E-16,0.));
#7515 = ORIENTED_EDGE('',*,*,#7516,.F.);
#7516 = EDGE_CURVE('',#3928,#7509,#7517,.T.);
#7517 = LINE('',#7518,#7519);
#7518 = CARTESIAN_POINT('',(-12.1,-1.94,8.));
#7519 = VECTOR('',#7520,1.);
#7520 = DIRECTION('',(0.,-1.2E-16,-1.));
#7521 = PLANE('',#7522);
#7522 = AXIS2_PLACEMENT_3D('',#7523,#7524,#7525);
#7523 = CARTESIAN_POINT('',(-10.76,-1.94,8.));
#7524 = DIRECTION('',(-2.1E-16,-1.,1.2E-16));
#7525 = DIRECTION('',(-1.,2.1E-16,0.));
#7526 = ADVANCED_FACE('',(#7527),#7545,.F.);
#7527 = FACE_BOUND('',#7528,.T.);
#7528 = EDGE_LOOP('',(#7529,#7530,#7538,#7544));
#7529 = ORIENTED_EDGE('',*,*,#3958,.F.);
#7530 = ORIENTED_EDGE('',*,*,#7531,.T.);
#7531 = EDGE_CURVE('',#3951,#7532,#7534,.T.);
#7532 = VERTEX_POINT('',#7533);
#7533 = CARTESIAN_POINT('',(-12.1,-0.6,1.));
#7534 = LINE('',#7535,#7536);
#7535 = CARTESIAN_POINT('',(-12.1,-0.6,8.));
#7536 = VECTOR('',#7537,1.);
#7537 = DIRECTION('',(0.,-1.2E-16,-1.));
#7538 = ORIENTED_EDGE('',*,*,#7539,.T.);
#7539 = EDGE_CURVE('',#7532,#7477,#7540,.T.);
#7540 = LINE('',#7541,#7542);
#7541 = CARTESIAN_POINT('',(-12.1,-0.6,1.));
#7542 = VECTOR('',#7543,1.);
#7543 = DIRECTION('',(1.,-2.1E-16,0.));
#7544 = ORIENTED_EDGE('',*,*,#7476,.F.);
#7545 = PLANE('',#7546);
#7546 = AXIS2_PLACEMENT_3D('',#7547,#7548,#7549);
#7547 = CARTESIAN_POINT('',(-12.1,-0.6,8.));
#7548 = DIRECTION('',(2.1E-16,1.,-1.2E-16));
#7549 = DIRECTION('',(1.,-2.1E-16,0.));
#7550 = ADVANCED_FACE('',(#7551),#7562,.F.);
#7551 = FACE_BOUND('',#7552,.T.);
#7552 = EDGE_LOOP('',(#7553,#7554,#7555,#7561));
#7553 = ORIENTED_EDGE('',*,*,#3973,.F.);
#7554 = ORIENTED_EDGE('',*,*,#7516,.T.);
#7555 = ORIENTED_EDGE('',*,*,#7556,.T.);
#7556 = EDGE_CURVE('',#7509,#7532,#7557,.T.);
#7557 = LINE('',#7558,#7559);
#7558 = CARTESIAN_POINT('',(-12.1,-1.94,1.));
#7559 = VECTOR('',#7560,1.);
#7560 = DIRECTION('',(0.,1.,-1.2E-16));
#7561 = ORIENTED_EDGE('',*,*,#7531,.F.);
#7562 = PLANE('',#7563);
#7563 = AXIS2_PLACEMENT_3D('',#7564,#7565,#7566);
#7564 = CARTESIAN_POINT('',(-12.1,-1.94,8.));
#7565 = DIRECTION('',(-1.,0.,0.));
#7566 = DIRECTION('',(0.,1.,-1.4E-16));
#7567 = ADVANCED_FACE('',(#7568),#7593,.F.);
#7568 = FACE_BOUND('',#7569,.T.);
#7569 = EDGE_LOOP('',(#7570,#7571,#7579,#7587));
#7570 = ORIENTED_EDGE('',*,*,#3999,.F.);
#7571 = ORIENTED_EDGE('',*,*,#7572,.T.);
#7572 = EDGE_CURVE('',#3992,#7573,#7575,.T.);
#7573 = VERTEX_POINT('',#7574);
#7574 = CARTESIAN_POINT('',(-8.22,-0.6,1.));
#7575 = LINE('',#7576,#7577);
#7576 = CARTESIAN_POINT('',(-8.22,-0.6,8.));
#7577 = VECTOR('',#7578,1.);
#7578 = DIRECTION('',(0.,-1.2E-16,-1.));
#7579 = ORIENTED_EDGE('',*,*,#7580,.T.);
#7580 = EDGE_CURVE('',#7573,#7581,#7583,.T.);
#7581 = VERTEX_POINT('',#7582);
#7582 = CARTESIAN_POINT('',(-8.22,-1.94,1.));
#7583 = LINE('',#7584,#7585);
#7584 = CARTESIAN_POINT('',(-8.22,-0.6,1.));
#7585 = VECTOR('',#7586,1.);
#7586 = DIRECTION('',(0.,-1.,1.2E-16));
#7587 = ORIENTED_EDGE('',*,*,#7588,.F.);
#7588 = EDGE_CURVE('',#4000,#7581,#7589,.T.);
#7589 = LINE('',#7590,#7591);
#7590 = CARTESIAN_POINT('',(-8.22,-1.94,8.));
#7591 = VECTOR('',#7592,1.);
#7592 = DIRECTION('',(0.,-1.2E-16,-1.));
#7593 = PLANE('',#7594);
#7594 = AXIS2_PLACEMENT_3D('',#7595,#7596,#7597);
#7595 = CARTESIAN_POINT('',(-8.22,-0.6,8.));
#7596 = DIRECTION('',(1.,0.,0.));
#7597 = DIRECTION('',(0.,-1.,1.4E-16));
#7598 = ADVANCED_FACE('',(#7599),#7617,.F.);
#7599 = FACE_BOUND('',#7600,.T.);
#7600 = EDGE_LOOP('',(#7601,#7602,#7603,#7611));
#7601 = ORIENTED_EDGE('',*,*,#4023,.F.);
#7602 = ORIENTED_EDGE('',*,*,#7588,.T.);
#7603 = ORIENTED_EDGE('',*,*,#7604,.T.);
#7604 = EDGE_CURVE('',#7581,#7605,#7607,.T.);
#7605 = VERTEX_POINT('',#7606);
#7606 = CARTESIAN_POINT('',(-9.56,-1.94,1.));
#7607 = LINE('',#7608,#7609);
#7608 = CARTESIAN_POINT('',(-8.22,-1.94,1.));
#7609 = VECTOR('',#7610,1.);
#7610 = DIRECTION('',(-1.,2.1E-16,0.));
#7611 = ORIENTED_EDGE('',*,*,#7612,.F.);
#7612 = EDGE_CURVE('',#4024,#7605,#7613,.T.);
#7613 = LINE('',#7614,#7615);
#7614 = CARTESIAN_POINT('',(-9.56,-1.94,8.));
#7615 = VECTOR('',#7616,1.);
#7616 = DIRECTION('',(0.,-1.2E-16,-1.));
#7617 = PLANE('',#7618);
#7618 = AXIS2_PLACEMENT_3D('',#7619,#7620,#7621);
#7619 = CARTESIAN_POINT('',(-8.22,-1.94,8.));
#7620 = DIRECTION('',(-2.1E-16,-1.,1.2E-16));
#7621 = DIRECTION('',(-1.,2.1E-16,0.));
#7622 = ADVANCED_FACE('',(#7623),#7641,.F.);
#7623 = FACE_BOUND('',#7624,.T.);
#7624 = EDGE_LOOP('',(#7625,#7626,#7634,#7640));
#7625 = ORIENTED_EDGE('',*,*,#4054,.F.);
#7626 = ORIENTED_EDGE('',*,*,#7627,.T.);
#7627 = EDGE_CURVE('',#4047,#7628,#7630,.T.);
#7628 = VERTEX_POINT('',#7629);
#7629 = CARTESIAN_POINT('',(-9.56,-0.6,1.));
#7630 = LINE('',#7631,#7632);
#7631 = CARTESIAN_POINT('',(-9.56,-0.6,8.));
#7632 = VECTOR('',#7633,1.);
#7633 = DIRECTION('',(0.,-1.2E-16,-1.));
#7634 = ORIENTED_EDGE('',*,*,#7635,.T.);
#7635 = EDGE_CURVE('',#7628,#7573,#7636,.T.);
#7636 = LINE('',#7637,#7638);
#7637 = CARTESIAN_POINT('',(-9.56,-0.6,1.));
#7638 = VECTOR('',#7639,1.);
#7639 = DIRECTION('',(1.,-2.1E-16,0.));
#7640 = ORIENTED_EDGE('',*,*,#7572,.F.);
#7641 = PLANE('',#7642);
#7642 = AXIS2_PLACEMENT_3D('',#7643,#7644,#7645);
#7643 = CARTESIAN_POINT('',(-9.56,-0.6,8.));
#7644 = DIRECTION('',(2.1E-16,1.,-1.2E-16));
#7645 = DIRECTION('',(1.,-2.1E-16,0.));
#7646 = ADVANCED_FACE('',(#7647),#7658,.F.);
#7647 = FACE_BOUND('',#7648,.T.);
#7648 = EDGE_LOOP('',(#7649,#7650,#7651,#7657));
#7649 = ORIENTED_EDGE('',*,*,#4069,.F.);
#7650 = ORIENTED_EDGE('',*,*,#7612,.T.);
#7651 = ORIENTED_EDGE('',*,*,#7652,.T.);
#7652 = EDGE_CURVE('',#7605,#7628,#7653,.T.);
#7653 = LINE('',#7654,#7655);
#7654 = CARTESIAN_POINT('',(-9.56,-1.94,1.));
#7655 = VECTOR('',#7656,1.);
#7656 = DIRECTION('',(0.,1.,-1.2E-16));
#7657 = ORIENTED_EDGE('',*,*,#7627,.F.);
#7658 = PLANE('',#7659);
#7659 = AXIS2_PLACEMENT_3D('',#7660,#7661,#7662);
#7660 = CARTESIAN_POINT('',(-9.56,-1.94,8.));
#7661 = DIRECTION('',(-1.,0.,0.));
#7662 = DIRECTION('',(0.,1.,-1.4E-16));
#7663 = ADVANCED_FACE('',(#7664),#7689,.F.);
#7664 = FACE_BOUND('',#7665,.T.);
#7665 = EDGE_LOOP('',(#7666,#7667,#7675,#7683));
#7666 = ORIENTED_EDGE('',*,*,#4095,.F.);
#7667 = ORIENTED_EDGE('',*,*,#7668,.T.);
#7668 = EDGE_CURVE('',#4088,#7669,#7671,.T.);
#7669 = VERTEX_POINT('',#7670);
#7670 = CARTESIAN_POINT('',(-5.68,-0.6,1.));
#7671 = LINE('',#7672,#7673);
#7672 = CARTESIAN_POINT('',(-5.68,-0.6,8.));
#7673 = VECTOR('',#7674,1.);
#7674 = DIRECTION('',(0.,-1.2E-16,-1.));
#7675 = ORIENTED_EDGE('',*,*,#7676,.T.);
#7676 = EDGE_CURVE('',#7669,#7677,#7679,.T.);
#7677 = VERTEX_POINT('',#7678);
#7678 = CARTESIAN_POINT('',(-5.68,-1.94,1.));
#7679 = LINE('',#7680,#7681);
#7680 = CARTESIAN_POINT('',(-5.68,-0.6,1.));
#7681 = VECTOR('',#7682,1.);
#7682 = DIRECTION('',(0.,-1.,1.2E-16));
#7683 = ORIENTED_EDGE('',*,*,#7684,.F.);
#7684 = EDGE_CURVE('',#4096,#7677,#7685,.T.);
#7685 = LINE('',#7686,#7687);
#7686 = CARTESIAN_POINT('',(-5.68,-1.94,8.));
#7687 = VECTOR('',#7688,1.);
#7688 = DIRECTION('',(0.,-1.2E-16,-1.));
#7689 = PLANE('',#7690);
#7690 = AXIS2_PLACEMENT_3D('',#7691,#7692,#7693);
#7691 = CARTESIAN_POINT('',(-5.68,-0.6,8.));
#7692 = DIRECTION('',(1.,0.,0.));
#7693 = DIRECTION('',(0.,-1.,1.4E-16));
#7694 = ADVANCED_FACE('',(#7695),#7713,.F.);
#7695 = FACE_BOUND('',#7696,.T.);
#7696 = EDGE_LOOP('',(#7697,#7698,#7699,#7707));
#7697 = ORIENTED_EDGE('',*,*,#4119,.F.);
#7698 = ORIENTED_EDGE('',*,*,#7684,.T.);
#7699 = ORIENTED_EDGE('',*,*,#7700,.T.);
#7700 = EDGE_CURVE('',#7677,#7701,#7703,.T.);
#7701 = VERTEX_POINT('',#7702);
#7702 = CARTESIAN_POINT('',(-7.02,-1.94,1.));
#7703 = LINE('',#7704,#7705);
#7704 = CARTESIAN_POINT('',(-5.68,-1.94,1.));
#7705 = VECTOR('',#7706,1.);
#7706 = DIRECTION('',(-1.,2.1E-16,0.));
#7707 = ORIENTED_EDGE('',*,*,#7708,.F.);
#7708 = EDGE_CURVE('',#4120,#7701,#7709,.T.);
#7709 = LINE('',#7710,#7711);
#7710 = CARTESIAN_POINT('',(-7.02,-1.94,8.));
#7711 = VECTOR('',#7712,1.);
#7712 = DIRECTION('',(0.,-1.2E-16,-1.));
#7713 = PLANE('',#7714);
#7714 = AXIS2_PLACEMENT_3D('',#7715,#7716,#7717);
#7715 = CARTESIAN_POINT('',(-5.68,-1.94,8.));
#7716 = DIRECTION('',(-2.1E-16,-1.,1.2E-16));
#7717 = DIRECTION('',(-1.,2.1E-16,0.));
#7718 = ADVANCED_FACE('',(#7719),#7737,.F.);
#7719 = FACE_BOUND('',#7720,.T.);
#7720 = EDGE_LOOP('',(#7721,#7722,#7730,#7736));
#7721 = ORIENTED_EDGE('',*,*,#4150,.F.);
#7722 = ORIENTED_EDGE('',*,*,#7723,.T.);
#7723 = EDGE_CURVE('',#4143,#7724,#7726,.T.);
#7724 = VERTEX_POINT('',#7725);
#7725 = CARTESIAN_POINT('',(-7.02,-0.6,1.));
#7726 = LINE('',#7727,#7728);
#7727 = CARTESIAN_POINT('',(-7.02,-0.6,8.));
#7728 = VECTOR('',#7729,1.);
#7729 = DIRECTION('',(0.,-1.2E-16,-1.));
#7730 = ORIENTED_EDGE('',*,*,#7731,.T.);
#7731 = EDGE_CURVE('',#7724,#7669,#7732,.T.);
#7732 = LINE('',#7733,#7734);
#7733 = CARTESIAN_POINT('',(-7.02,-0.6,1.));
#7734 = VECTOR('',#7735,1.);
#7735 = DIRECTION('',(1.,-2.1E-16,0.));
#7736 = ORIENTED_EDGE('',*,*,#7668,.F.);
#7737 = PLANE('',#7738);
#7738 = AXIS2_PLACEMENT_3D('',#7739,#7740,#7741);
#7739 = CARTESIAN_POINT('',(-7.02,-0.6,8.));
#7740 = DIRECTION('',(2.1E-16,1.,-1.2E-16));
#7741 = DIRECTION('',(1.,-2.1E-16,0.));
#7742 = ADVANCED_FACE('',(#7743),#7754,.F.);
#7743 = FACE_BOUND('',#7744,.T.);
#7744 = EDGE_LOOP('',(#7745,#7746,#7747,#7753));
#7745 = ORIENTED_EDGE('',*,*,#4165,.F.);
#7746 = ORIENTED_EDGE('',*,*,#7708,.T.);
#7747 = ORIENTED_EDGE('',*,*,#7748,.T.);
#7748 = EDGE_CURVE('',#7701,#7724,#7749,.T.);
#7749 = LINE('',#7750,#7751);
#7750 = CARTESIAN_POINT('',(-7.02,-1.94,1.));
#7751 = VECTOR('',#7752,1.);
#7752 = DIRECTION('',(0.,1.,-1.2E-16));
#7753 = ORIENTED_EDGE('',*,*,#7723,.F.);
#7754 = PLANE('',#7755);
#7755 = AXIS2_PLACEMENT_3D('',#7756,#7757,#7758);
#7756 = CARTESIAN_POINT('',(-7.02,-1.94,8.));
#7757 = DIRECTION('',(-1.,0.,0.));
#7758 = DIRECTION('',(0.,1.,-1.4E-16));
#7759 = ADVANCED_FACE('',(#7760),#7785,.F.);
#7760 = FACE_BOUND('',#7761,.T.);
#7761 = EDGE_LOOP('',(#7762,#7763,#7771,#7779));
#7762 = ORIENTED_EDGE('',*,*,#4191,.F.);
#7763 = ORIENTED_EDGE('',*,*,#7764,.T.);
#7764 = EDGE_CURVE('',#4184,#7765,#7767,.T.);
#7765 = VERTEX_POINT('',#7766);
#7766 = CARTESIAN_POINT('',(-3.14,-0.6,1.));
#7767 = LINE('',#7768,#7769);
#7768 = CARTESIAN_POINT('',(-3.14,-0.6,8.));
#7769 = VECTOR('',#7770,1.);
#7770 = DIRECTION('',(0.,-1.2E-16,-1.));
#7771 = ORIENTED_EDGE('',*,*,#7772,.T.);
#7772 = EDGE_CURVE('',#7765,#7773,#7775,.T.);
#7773 = VERTEX_POINT('',#7774);
#7774 = CARTESIAN_POINT('',(-3.14,-1.94,1.));
#7775 = LINE('',#7776,#7777);
#7776 = CARTESIAN_POINT('',(-3.14,-0.6,1.));
#7777 = VECTOR('',#7778,1.);
#7778 = DIRECTION('',(0.,-1.,1.2E-16));
#7779 = ORIENTED_EDGE('',*,*,#7780,.F.);
#7780 = EDGE_CURVE('',#4192,#7773,#7781,.T.);
#7781 = LINE('',#7782,#7783);
#7782 = CARTESIAN_POINT('',(-3.14,-1.94,8.));
#7783 = VECTOR('',#7784,1.);
#7784 = DIRECTION('',(0.,-1.2E-16,-1.));
#7785 = PLANE('',#7786);
#7786 = AXIS2_PLACEMENT_3D('',#7787,#7788,#7789);
#7787 = CARTESIAN_POINT('',(-3.14,-0.6,8.));
#7788 = DIRECTION('',(1.,0.,0.));
#7789 = DIRECTION('',(0.,-1.,1.4E-16));
#7790 = ADVANCED_FACE('',(#7791),#7809,.F.);
#7791 = FACE_BOUND('',#7792,.T.);
#7792 = EDGE_LOOP('',(#7793,#7794,#7795,#7803));
#7793 = ORIENTED_EDGE('',*,*,#4215,.F.);
#7794 = ORIENTED_EDGE('',*,*,#7780,.T.);
#7795 = ORIENTED_EDGE('',*,*,#7796,.T.);
#7796 = EDGE_CURVE('',#7773,#7797,#7799,.T.);
#7797 = VERTEX_POINT('',#7798);
#7798 = CARTESIAN_POINT('',(-4.48,-1.94,1.));
#7799 = LINE('',#7800,#7801);
#7800 = CARTESIAN_POINT('',(-3.14,-1.94,1.));
#7801 = VECTOR('',#7802,1.);
#7802 = DIRECTION('',(-1.,2.1E-16,0.));
#7803 = ORIENTED_EDGE('',*,*,#7804,.F.);
#7804 = EDGE_CURVE('',#4216,#7797,#7805,.T.);
#7805 = LINE('',#7806,#7807);
#7806 = CARTESIAN_POINT('',(-4.48,-1.94,8.));
#7807 = VECTOR('',#7808,1.);
#7808 = DIRECTION('',(0.,-1.2E-16,-1.));
#7809 = PLANE('',#7810);
#7810 = AXIS2_PLACEMENT_3D('',#7811,#7812,#7813);
#7811 = CARTESIAN_POINT('',(-3.14,-1.94,8.));
#7812 = DIRECTION('',(-2.1E-16,-1.,1.2E-16));
#7813 = DIRECTION('',(-1.,2.1E-16,0.));
#7814 = ADVANCED_FACE('',(#7815),#7833,.F.);
#7815 = FACE_BOUND('',#7816,.T.);
#7816 = EDGE_LOOP('',(#7817,#7818,#7826,#7832));
#7817 = ORIENTED_EDGE('',*,*,#4246,.F.);
#7818 = ORIENTED_EDGE('',*,*,#7819,.T.);
#7819 = EDGE_CURVE('',#4239,#7820,#7822,.T.);
#7820 = VERTEX_POINT('',#7821);
#7821 = CARTESIAN_POINT('',(-4.48,-0.6,1.));
#7822 = LINE('',#7823,#7824);
#7823 = CARTESIAN_POINT('',(-4.48,-0.6,8.));
#7824 = VECTOR('',#7825,1.);
#7825 = DIRECTION('',(0.,-1.2E-16,-1.));
#7826 = ORIENTED_EDGE('',*,*,#7827,.T.);
#7827 = EDGE_CURVE('',#7820,#7765,#7828,.T.);
#7828 = LINE('',#7829,#7830);
#7829 = CARTESIAN_POINT('',(-4.48,-0.6,1.));
#7830 = VECTOR('',#7831,1.);
#7831 = DIRECTION('',(1.,-2.1E-16,0.));
#7832 = ORIENTED_EDGE('',*,*,#7764,.F.);
#7833 = PLANE('',#7834);
#7834 = AXIS2_PLACEMENT_3D('',#7835,#7836,#7837);
#7835 = CARTESIAN_POINT('',(-4.48,-0.6,8.));
#7836 = DIRECTION('',(2.1E-16,1.,-1.2E-16));
#7837 = DIRECTION('',(1.,-2.1E-16,0.));
#7838 = ADVANCED_FACE('',(#7839),#7850,.F.);
#7839 = FACE_BOUND('',#7840,.T.);
#7840 = EDGE_LOOP('',(#7841,#7842,#7843,#7849));
#7841 = ORIENTED_EDGE('',*,*,#4261,.F.);
#7842 = ORIENTED_EDGE('',*,*,#7804,.T.);
#7843 = ORIENTED_EDGE('',*,*,#7844,.T.);
#7844 = EDGE_CURVE('',#7797,#7820,#7845,.T.);
#7845 = LINE('',#7846,#7847);
#7846 = CARTESIAN_POINT('',(-4.48,-1.94,1.));
#7847 = VECTOR('',#7848,1.);
#7848 = DIRECTION('',(0.,1.,-1.2E-16));
#7849 = ORIENTED_EDGE('',*,*,#7819,.F.);
#7850 = PLANE('',#7851);
#7851 = AXIS2_PLACEMENT_3D('',#7852,#7853,#7854);
#7852 = CARTESIAN_POINT('',(-4.48,-1.94,8.));
#7853 = DIRECTION('',(-1.,0.,0.));
#7854 = DIRECTION('',(0.,1.,-1.4E-16));
#7855 = ADVANCED_FACE('',(#7856),#7881,.F.);
#7856 = FACE_BOUND('',#7857,.T.);
#7857 = EDGE_LOOP('',(#7858,#7859,#7867,#7875));
#7858 = ORIENTED_EDGE('',*,*,#4287,.F.);
#7859 = ORIENTED_EDGE('',*,*,#7860,.T.);
#7860 = EDGE_CURVE('',#4280,#7861,#7863,.T.);
#7861 = VERTEX_POINT('',#7862);
#7862 = CARTESIAN_POINT('',(-0.6,-0.6,1.));
#7863 = LINE('',#7864,#7865);
#7864 = CARTESIAN_POINT('',(-0.6,-0.6,8.));
#7865 = VECTOR('',#7866,1.);
#7866 = DIRECTION('',(0.,-1.2E-16,-1.));
#7867 = ORIENTED_EDGE('',*,*,#7868,.T.);
#7868 = EDGE_CURVE('',#7861,#7869,#7871,.T.);
#7869 = VERTEX_POINT('',#7870);
#7870 = CARTESIAN_POINT('',(-0.6,-1.94,1.));
#7871 = LINE('',#7872,#7873);
#7872 = CARTESIAN_POINT('',(-0.6,-0.6,1.));
#7873 = VECTOR('',#7874,1.);
#7874 = DIRECTION('',(0.,-1.,1.2E-16));
#7875 = ORIENTED_EDGE('',*,*,#7876,.F.);
#7876 = EDGE_CURVE('',#4288,#7869,#7877,.T.);
#7877 = LINE('',#7878,#7879);
#7878 = CARTESIAN_POINT('',(-0.6,-1.94,8.));
#7879 = VECTOR('',#7880,1.);
#7880 = DIRECTION('',(0.,-1.2E-16,-1.));
#7881 = PLANE('',#7882);
#7882 = AXIS2_PLACEMENT_3D('',#7883,#7884,#7885);
#7883 = CARTESIAN_POINT('',(-0.6,-0.6,8.));
#7884 = DIRECTION('',(1.,0.,0.));
#7885 = DIRECTION('',(0.,-1.,1.4E-16));
#7886 = ADVANCED_FACE('',(#7887),#7905,.F.);
#7887 = FACE_BOUND('',#7888,.T.);
#7888 = EDGE_LOOP('',(#7889,#7890,#7891,#7899));
#7889 = ORIENTED_EDGE('',*,*,#4311,.F.);
#7890 = ORIENTED_EDGE('',*,*,#7876,.T.);
#7891 = ORIENTED_EDGE('',*,*,#7892,.T.);
#7892 = EDGE_CURVE('',#7869,#7893,#7895,.T.);
#7893 = VERTEX_POINT('',#7894);
#7894 = CARTESIAN_POINT('',(-1.94,-1.94,1.));
#7895 = LINE('',#7896,#7897);
#7896 = CARTESIAN_POINT('',(-0.6,-1.94,1.));
#7897 = VECTOR('',#7898,1.);
#7898 = DIRECTION('',(-1.,2.1E-16,0.));
#7899 = ORIENTED_EDGE('',*,*,#7900,.F.);
#7900 = EDGE_CURVE('',#4312,#7893,#7901,.T.);
#7901 = LINE('',#7902,#7903);
#7902 = CARTESIAN_POINT('',(-1.94,-1.94,8.));
#7903 = VECTOR('',#7904,1.);
#7904 = DIRECTION('',(0.,-1.2E-16,-1.));
#7905 = PLANE('',#7906);
#7906 = AXIS2_PLACEMENT_3D('',#7907,#7908,#7909);
#7907 = CARTESIAN_POINT('',(-0.6,-1.94,8.));
#7908 = DIRECTION('',(-2.1E-16,-1.,1.2E-16));
#7909 = DIRECTION('',(-1.,2.1E-16,0.));
#7910 = ADVANCED_FACE('',(#7911),#7929,.F.);
#7911 = FACE_BOUND('',#7912,.T.);
#7912 = EDGE_LOOP('',(#7913,#7914,#7922,#7928));
#7913 = ORIENTED_EDGE('',*,*,#4342,.F.);
#7914 = ORIENTED_EDGE('',*,*,#7915,.T.);
#7915 = EDGE_CURVE('',#4335,#7916,#7918,.T.);
#7916 = VERTEX_POINT('',#7917);
#7917 = CARTESIAN_POINT('',(-1.94,-0.6,1.));
#7918 = LINE('',#7919,#7920);
#7919 = CARTESIAN_POINT('',(-1.94,-0.6,8.));
#7920 = VECTOR('',#7921,1.);
#7921 = DIRECTION('',(0.,-1.2E-16,-1.));
#7922 = ORIENTED_EDGE('',*,*,#7923,.T.);
#7923 = EDGE_CURVE('',#7916,#7861,#7924,.T.);
#7924 = LINE('',#7925,#7926);
#7925 = CARTESIAN_POINT('',(-1.94,-0.6,1.));
#7926 = VECTOR('',#7927,1.);
#7927 = DIRECTION('',(1.,-2.1E-16,0.));
#7928 = ORIENTED_EDGE('',*,*,#7860,.F.);
#7929 = PLANE('',#7930);
#7930 = AXIS2_PLACEMENT_3D('',#7931,#7932,#7933);
#7931 = CARTESIAN_POINT('',(-1.94,-0.6,8.));
#7932 = DIRECTION('',(2.1E-16,1.,-1.2E-16));
#7933 = DIRECTION('',(1.,-2.1E-16,0.));
#7934 = ADVANCED_FACE('',(#7935),#7946,.F.);
#7935 = FACE_BOUND('',#7936,.T.);
#7936 = EDGE_LOOP('',(#7937,#7938,#7939,#7945));
#7937 = ORIENTED_EDGE('',*,*,#4357,.F.);
#7938 = ORIENTED_EDGE('',*,*,#7900,.T.);
#7939 = ORIENTED_EDGE('',*,*,#7940,.T.);
#7940 = EDGE_CURVE('',#7893,#7916,#7941,.T.);
#7941 = LINE('',#7942,#7943);
#7942 = CARTESIAN_POINT('',(-1.94,-1.94,1.));
#7943 = VECTOR('',#7944,1.);
#7944 = DIRECTION('',(0.,1.,-1.2E-16));
#7945 = ORIENTED_EDGE('',*,*,#7915,.F.);
#7946 = PLANE('',#7947);
#7947 = AXIS2_PLACEMENT_3D('',#7948,#7949,#7950);
#7948 = CARTESIAN_POINT('',(-1.94,-1.94,8.));
#7949 = DIRECTION('',(-1.,0.,0.));
#7950 = DIRECTION('',(0.,1.,-1.4E-16));
#7951 = ADVANCED_FACE('',(#7952),#7977,.F.);
#7952 = FACE_BOUND('',#7953,.T.);
#7953 = EDGE_LOOP('',(#7954,#7955,#7963,#7971));
#7954 = ORIENTED_EDGE('',*,*,#4383,.F.);
#7955 = ORIENTED_EDGE('',*,*,#7956,.T.);
#7956 = EDGE_CURVE('',#4376,#7957,#7959,.T.);
#7957 = VERTEX_POINT('',#7958);
#7958 = CARTESIAN_POINT('',(1.94,-0.6,1.));
#7959 = LINE('',#7960,#7961);
#7960 = CARTESIAN_POINT('',(1.94,-0.6,8.));
#7961 = VECTOR('',#7962,1.);
#7962 = DIRECTION('',(0.,-1.2E-16,-1.));
#7963 = ORIENTED_EDGE('',*,*,#7964,.T.);
#7964 = EDGE_CURVE('',#7957,#7965,#7967,.T.);
#7965 = VERTEX_POINT('',#7966);
#7966 = CARTESIAN_POINT('',(1.94,-1.94,1.));
#7967 = LINE('',#7968,#7969);
#7968 = CARTESIAN_POINT('',(1.94,-0.6,1.));
#7969 = VECTOR('',#7970,1.);
#7970 = DIRECTION('',(0.,-1.,1.2E-16));
#7971 = ORIENTED_EDGE('',*,*,#7972,.F.);
#7972 = EDGE_CURVE('',#4384,#7965,#7973,.T.);
#7973 = LINE('',#7974,#7975);
#7974 = CARTESIAN_POINT('',(1.94,-1.94,8.));
#7975 = VECTOR('',#7976,1.);
#7976 = DIRECTION('',(0.,-1.2E-16,-1.));
#7977 = PLANE('',#7978);
#7978 = AXIS2_PLACEMENT_3D('',#7979,#7980,#7981);
#7979 = CARTESIAN_POINT('',(1.94,-0.6,8.));
#7980 = DIRECTION('',(1.,0.,0.));
#7981 = DIRECTION('',(0.,-1.,1.4E-16));
#7982 = ADVANCED_FACE('',(#7983),#8001,.F.);
#7983 = FACE_BOUND('',#7984,.T.);
#7984 = EDGE_LOOP('',(#7985,#7986,#7987,#7995));
#7985 = ORIENTED_EDGE('',*,*,#4407,.F.);
#7986 = ORIENTED_EDGE('',*,*,#7972,.T.);
#7987 = ORIENTED_EDGE('',*,*,#7988,.T.);
#7988 = EDGE_CURVE('',#7965,#7989,#7991,.T.);
#7989 = VERTEX_POINT('',#7990);
#7990 = CARTESIAN_POINT('',(0.6,-1.94,1.));
#7991 = LINE('',#7992,#7993);
#7992 = CARTESIAN_POINT('',(1.94,-1.94,1.));
#7993 = VECTOR('',#7994,1.);
#7994 = DIRECTION('',(-1.,2.1E-16,0.));
#7995 = ORIENTED_EDGE('',*,*,#7996,.F.);
#7996 = EDGE_CURVE('',#4408,#7989,#7997,.T.);
#7997 = LINE('',#7998,#7999);
#7998 = CARTESIAN_POINT('',(0.6,-1.94,8.));
#7999 = VECTOR('',#8000,1.);
#8000 = DIRECTION('',(0.,-1.2E-16,-1.));
#8001 = PLANE('',#8002);
#8002 = AXIS2_PLACEMENT_3D('',#8003,#8004,#8005);
#8003 = CARTESIAN_POINT('',(1.94,-1.94,8.));
#8004 = DIRECTION('',(-2.1E-16,-1.,1.2E-16));
#8005 = DIRECTION('',(-1.,2.1E-16,0.));
#8006 = ADVANCED_FACE('',(#8007),#8025,.F.);
#8007 = FACE_BOUND('',#8008,.T.);
#8008 = EDGE_LOOP('',(#8009,#8010,#8018,#8024));
#8009 = ORIENTED_EDGE('',*,*,#4438,.F.);
#8010 = ORIENTED_EDGE('',*,*,#8011,.T.);
#8011 = EDGE_CURVE('',#4431,#8012,#8014,.T.);
#8012 = VERTEX_POINT('',#8013);
#8013 = CARTESIAN_POINT('',(0.6,-0.6,1.));
#8014 = LINE('',#8015,#8016);
#8015 = CARTESIAN_POINT('',(0.6,-0.6,8.));
#8016 = VECTOR('',#8017,1.);
#8017 = DIRECTION('',(0.,-1.2E-16,-1.));
#8018 = ORIENTED_EDGE('',*,*,#8019,.T.);
#8019 = EDGE_CURVE('',#8012,#7957,#8020,.T.);
#8020 = LINE('',#8021,#8022);
#8021 = CARTESIAN_POINT('',(0.6,-0.6,1.));
#8022 = VECTOR('',#8023,1.);
#8023 = DIRECTION('',(1.,-2.1E-16,0.));
#8024 = ORIENTED_EDGE('',*,*,#7956,.F.);
#8025 = PLANE('',#8026);
#8026 = AXIS2_PLACEMENT_3D('',#8027,#8028,#8029);
#8027 = CARTESIAN_POINT('',(0.6,-0.6,8.));
#8028 = DIRECTION('',(2.1E-16,1.,-1.2E-16));
#8029 = DIRECTION('',(1.,-2.1E-16,0.));
#8030 = ADVANCED_FACE('',(#8031),#8042,.F.);
#8031 = FACE_BOUND('',#8032,.T.);
#8032 = EDGE_LOOP('',(#8033,#8034,#8035,#8041));
#8033 = ORIENTED_EDGE('',*,*,#4453,.F.);
#8034 = ORIENTED_EDGE('',*,*,#7996,.T.);
#8035 = ORIENTED_EDGE('',*,*,#8036,.T.);
#8036 = EDGE_CURVE('',#7989,#8012,#8037,.T.);
#8037 = LINE('',#8038,#8039);
#8038 = CARTESIAN_POINT('',(0.6,-1.94,1.));
#8039 = VECTOR('',#8040,1.);
#8040 = DIRECTION('',(0.,1.,-1.2E-16));
#8041 = ORIENTED_EDGE('',*,*,#8011,.F.);
#8042 = PLANE('',#8043);
#8043 = AXIS2_PLACEMENT_3D('',#8044,#8045,#8046);
#8044 = CARTESIAN_POINT('',(0.6,-1.94,8.));
#8045 = DIRECTION('',(-1.,0.,0.));
#8046 = DIRECTION('',(0.,1.,-1.4E-16));
#8047 = ADVANCED_FACE('',(#8048),#8073,.F.);
#8048 = FACE_BOUND('',#8049,.T.);
#8049 = EDGE_LOOP('',(#8050,#8051,#8059,#8067));
#8050 = ORIENTED_EDGE('',*,*,#4479,.F.);
#8051 = ORIENTED_EDGE('',*,*,#8052,.T.);
#8052 = EDGE_CURVE('',#4472,#8053,#8055,.T.);
#8053 = VERTEX_POINT('',#8054);
#8054 = CARTESIAN_POINT('',(4.48,-0.6,1.));
#8055 = LINE('',#8056,#8057);
#8056 = CARTESIAN_POINT('',(4.48,-0.6,8.));
#8057 = VECTOR('',#8058,1.);
#8058 = DIRECTION('',(0.,-1.2E-16,-1.));
#8059 = ORIENTED_EDGE('',*,*,#8060,.T.);
#8060 = EDGE_CURVE('',#8053,#8061,#8063,.T.);
#8061 = VERTEX_POINT('',#8062);
#8062 = CARTESIAN_POINT('',(4.48,-1.94,1.));
#8063 = LINE('',#8064,#8065);
#8064 = CARTESIAN_POINT('',(4.48,-0.6,1.));
#8065 = VECTOR('',#8066,1.);
#8066 = DIRECTION('',(0.,-1.,1.2E-16));
#8067 = ORIENTED_EDGE('',*,*,#8068,.F.);
#8068 = EDGE_CURVE('',#4480,#8061,#8069,.T.);
#8069 = LINE('',#8070,#8071);
#8070 = CARTESIAN_POINT('',(4.48,-1.94,8.));
#8071 = VECTOR('',#8072,1.);
#8072 = DIRECTION('',(0.,-1.2E-16,-1.));
#8073 = PLANE('',#8074);
#8074 = AXIS2_PLACEMENT_3D('',#8075,#8076,#8077);
#8075 = CARTESIAN_POINT('',(4.48,-0.6,8.));
#8076 = DIRECTION('',(1.,0.,0.));
#8077 = DIRECTION('',(0.,-1.,1.4E-16));
#8078 = ADVANCED_FACE('',(#8079),#8097,.F.);
#8079 = FACE_BOUND('',#8080,.T.);
#8080 = EDGE_LOOP('',(#8081,#8082,#8083,#8091));
#8081 = ORIENTED_EDGE('',*,*,#4503,.F.);
#8082 = ORIENTED_EDGE('',*,*,#8068,.T.);
#8083 = ORIENTED_EDGE('',*,*,#8084,.T.);
#8084 = EDGE_CURVE('',#8061,#8085,#8087,.T.);
#8085 = VERTEX_POINT('',#8086);
#8086 = CARTESIAN_POINT('',(3.14,-1.94,1.));
#8087 = LINE('',#8088,#8089);
#8088 = CARTESIAN_POINT('',(4.48,-1.94,1.));
#8089 = VECTOR('',#8090,1.);
#8090 = DIRECTION('',(-1.,2.1E-16,0.));
#8091 = ORIENTED_EDGE('',*,*,#8092,.F.);
#8092 = EDGE_CURVE('',#4504,#8085,#8093,.T.);
#8093 = LINE('',#8094,#8095);
#8094 = CARTESIAN_POINT('',(3.14,-1.94,8.));
#8095 = VECTOR('',#8096,1.);
#8096 = DIRECTION('',(0.,-1.2E-16,-1.));
#8097 = PLANE('',#8098);
#8098 = AXIS2_PLACEMENT_3D('',#8099,#8100,#8101);
#8099 = CARTESIAN_POINT('',(4.48,-1.94,8.));
#8100 = DIRECTION('',(-2.1E-16,-1.,1.2E-16));
#8101 = DIRECTION('',(-1.,2.1E-16,0.));
#8102 = ADVANCED_FACE('',(#8103),#8121,.F.);
#8103 = FACE_BOUND('',#8104,.T.);
#8104 = EDGE_LOOP('',(#8105,#8106,#8114,#8120));
#8105 = ORIENTED_EDGE('',*,*,#4534,.F.);
#8106 = ORIENTED_EDGE('',*,*,#8107,.T.);
#8107 = EDGE_CURVE('',#4527,#8108,#8110,.T.);
#8108 = VERTEX_POINT('',#8109);
#8109 = CARTESIAN_POINT('',(3.14,-0.6,1.));
#8110 = LINE('',#8111,#8112);
#8111 = CARTESIAN_POINT('',(3.14,-0.6,8.));
#8112 = VECTOR('',#8113,1.);
#8113 = DIRECTION('',(0.,-1.2E-16,-1.));
#8114 = ORIENTED_EDGE('',*,*,#8115,.T.);
#8115 = EDGE_CURVE('',#8108,#8053,#8116,.T.);
#8116 = LINE('',#8117,#8118);
#8117 = CARTESIAN_POINT('',(3.14,-0.6,1.));
#8118 = VECTOR('',#8119,1.);
#8119 = DIRECTION('',(1.,-2.1E-16,0.));
#8120 = ORIENTED_EDGE('',*,*,#8052,.F.);
#8121 = PLANE('',#8122);
#8122 = AXIS2_PLACEMENT_3D('',#8123,#8124,#8125);
#8123 = CARTESIAN_POINT('',(3.14,-0.6,8.));
#8124 = DIRECTION('',(2.1E-16,1.,-1.2E-16));
#8125 = DIRECTION('',(1.,-2.1E-16,0.));
#8126 = ADVANCED_FACE('',(#8127),#8138,.F.);
#8127 = FACE_BOUND('',#8128,.T.);
#8128 = EDGE_LOOP('',(#8129,#8130,#8131,#8137));
#8129 = ORIENTED_EDGE('',*,*,#4549,.F.);
#8130 = ORIENTED_EDGE('',*,*,#8092,.T.);
#8131 = ORIENTED_EDGE('',*,*,#8132,.T.);
#8132 = EDGE_CURVE('',#8085,#8108,#8133,.T.);
#8133 = LINE('',#8134,#8135);
#8134 = CARTESIAN_POINT('',(3.14,-1.94,1.));
#8135 = VECTOR('',#8136,1.);
#8136 = DIRECTION('',(0.,1.,-1.2E-16));
#8137 = ORIENTED_EDGE('',*,*,#8107,.F.);
#8138 = PLANE('',#8139);
#8139 = AXIS2_PLACEMENT_3D('',#8140,#8141,#8142);
#8140 = CARTESIAN_POINT('',(3.14,-1.94,8.));
#8141 = DIRECTION('',(-1.,0.,0.));
#8142 = DIRECTION('',(0.,1.,-1.4E-16));
#8143 = ADVANCED_FACE('',(#8144),#8169,.F.);
#8144 = FACE_BOUND('',#8145,.T.);
#8145 = EDGE_LOOP('',(#8146,#8147,#8155,#8163));
#8146 = ORIENTED_EDGE('',*,*,#4575,.F.);
#8147 = ORIENTED_EDGE('',*,*,#8148,.T.);
#8148 = EDGE_CURVE('',#4568,#8149,#8151,.T.);
#8149 = VERTEX_POINT('',#8150);
#8150 = CARTESIAN_POINT('',(7.02,-0.6,1.));
#8151 = LINE('',#8152,#8153);
#8152 = CARTESIAN_POINT('',(7.02,-0.6,8.));
#8153 = VECTOR('',#8154,1.);
#8154 = DIRECTION('',(0.,-1.2E-16,-1.));
#8155 = ORIENTED_EDGE('',*,*,#8156,.T.);
#8156 = EDGE_CURVE('',#8149,#8157,#8159,.T.);
#8157 = VERTEX_POINT('',#8158);
#8158 = CARTESIAN_POINT('',(7.02,-1.94,1.));
#8159 = LINE('',#8160,#8161);
#8160 = CARTESIAN_POINT('',(7.02,-0.6,1.));
#8161 = VECTOR('',#8162,1.);
#8162 = DIRECTION('',(0.,-1.,1.2E-16));
#8163 = ORIENTED_EDGE('',*,*,#8164,.F.);
#8164 = EDGE_CURVE('',#4576,#8157,#8165,.T.);
#8165 = LINE('',#8166,#8167);
#8166 = CARTESIAN_POINT('',(7.02,-1.94,8.));
#8167 = VECTOR('',#8168,1.);
#8168 = DIRECTION('',(0.,-1.2E-16,-1.));
#8169 = PLANE('',#8170);
#8170 = AXIS2_PLACEMENT_3D('',#8171,#8172,#8173);
#8171 = CARTESIAN_POINT('',(7.02,-0.6,8.));
#8172 = DIRECTION('',(1.,0.,0.));
#8173 = DIRECTION('',(0.,-1.,1.4E-16));
#8174 = ADVANCED_FACE('',(#8175),#8193,.F.);
#8175 = FACE_BOUND('',#8176,.T.);
#8176 = EDGE_LOOP('',(#8177,#8178,#8179,#8187));
#8177 = ORIENTED_EDGE('',*,*,#4599,.F.);
#8178 = ORIENTED_EDGE('',*,*,#8164,.T.);
#8179 = ORIENTED_EDGE('',*,*,#8180,.T.);
#8180 = EDGE_CURVE('',#8157,#8181,#8183,.T.);
#8181 = VERTEX_POINT('',#8182);
#8182 = CARTESIAN_POINT('',(5.68,-1.94,1.));
#8183 = LINE('',#8184,#8185);
#8184 = CARTESIAN_POINT('',(7.02,-1.94,1.));
#8185 = VECTOR('',#8186,1.);
#8186 = DIRECTION('',(-1.,2.1E-16,0.));
#8187 = ORIENTED_EDGE('',*,*,#8188,.F.);
#8188 = EDGE_CURVE('',#4600,#8181,#8189,.T.);
#8189 = LINE('',#8190,#8191);
#8190 = CARTESIAN_POINT('',(5.68,-1.94,8.));
#8191 = VECTOR('',#8192,1.);
#8192 = DIRECTION('',(0.,-1.2E-16,-1.));
#8193 = PLANE('',#8194);
#8194 = AXIS2_PLACEMENT_3D('',#8195,#8196,#8197);
#8195 = CARTESIAN_POINT('',(7.02,-1.94,8.));
#8196 = DIRECTION('',(-2.1E-16,-1.,1.2E-16));
#8197 = DIRECTION('',(-1.,2.1E-16,0.));
#8198 = ADVANCED_FACE('',(#8199),#8217,.F.);
#8199 = FACE_BOUND('',#8200,.T.);
#8200 = EDGE_LOOP('',(#8201,#8202,#8210,#8216));
#8201 = ORIENTED_EDGE('',*,*,#4630,.F.);
#8202 = ORIENTED_EDGE('',*,*,#8203,.T.);
#8203 = EDGE_CURVE('',#4623,#8204,#8206,.T.);
#8204 = VERTEX_POINT('',#8205);
#8205 = CARTESIAN_POINT('',(5.68,-0.6,1.));
#8206 = LINE('',#8207,#8208);
#8207 = CARTESIAN_POINT('',(5.68,-0.6,8.));
#8208 = VECTOR('',#8209,1.);
#8209 = DIRECTION('',(0.,-1.2E-16,-1.));
#8210 = ORIENTED_EDGE('',*,*,#8211,.T.);
#8211 = EDGE_CURVE('',#8204,#8149,#8212,.T.);
#8212 = LINE('',#8213,#8214);
#8213 = CARTESIAN_POINT('',(5.68,-0.6,1.));
#8214 = VECTOR('',#8215,1.);
#8215 = DIRECTION('',(1.,-2.1E-16,0.));
#8216 = ORIENTED_EDGE('',*,*,#8148,.F.);
#8217 = PLANE('',#8218);
#8218 = AXIS2_PLACEMENT_3D('',#8219,#8220,#8221);
#8219 = CARTESIAN_POINT('',(5.68,-0.6,8.));
#8220 = DIRECTION('',(2.1E-16,1.,-1.2E-16));
#8221 = DIRECTION('',(1.,-2.1E-16,0.));
#8222 = ADVANCED_FACE('',(#8223),#8234,.F.);
#8223 = FACE_BOUND('',#8224,.T.);
#8224 = EDGE_LOOP('',(#8225,#8226,#8227,#8233));
#8225 = ORIENTED_EDGE('',*,*,#4645,.F.);
#8226 = ORIENTED_EDGE('',*,*,#8188,.T.);
#8227 = ORIENTED_EDGE('',*,*,#8228,.T.);
#8228 = EDGE_CURVE('',#8181,#8204,#8229,.T.);
#8229 = LINE('',#8230,#8231);
#8230 = CARTESIAN_POINT('',(5.68,-1.94,1.));
#8231 = VECTOR('',#8232,1.);
#8232 = DIRECTION('',(0.,1.,-1.2E-16));
#8233 = ORIENTED_EDGE('',*,*,#8203,.F.);
#8234 = PLANE('',#8235);
#8235 = AXIS2_PLACEMENT_3D('',#8236,#8237,#8238);
#8236 = CARTESIAN_POINT('',(5.68,-1.94,8.));
#8237 = DIRECTION('',(-1.,0.,0.));
#8238 = DIRECTION('',(0.,1.,-1.4E-16));
#8239 = ADVANCED_FACE('',(#8240),#8265,.F.);
#8240 = FACE_BOUND('',#8241,.T.);
#8241 = EDGE_LOOP('',(#8242,#8243,#8251,#8259));
#8242 = ORIENTED_EDGE('',*,*,#4671,.F.);
#8243 = ORIENTED_EDGE('',*,*,#8244,.T.);
#8244 = EDGE_CURVE('',#4664,#8245,#8247,.T.);
#8245 = VERTEX_POINT('',#8246);
#8246 = CARTESIAN_POINT('',(9.56,-0.6,1.));
#8247 = LINE('',#8248,#8249);
#8248 = CARTESIAN_POINT('',(9.56,-0.6,8.));
#8249 = VECTOR('',#8250,1.);
#8250 = DIRECTION('',(0.,-1.2E-16,-1.));
#8251 = ORIENTED_EDGE('',*,*,#8252,.T.);
#8252 = EDGE_CURVE('',#8245,#8253,#8255,.T.);
#8253 = VERTEX_POINT('',#8254);
#8254 = CARTESIAN_POINT('',(9.56,-1.94,1.));
#8255 = LINE('',#8256,#8257);
#8256 = CARTESIAN_POINT('',(9.56,-0.6,1.));
#8257 = VECTOR('',#8258,1.);
#8258 = DIRECTION('',(0.,-1.,1.2E-16));
#8259 = ORIENTED_EDGE('',*,*,#8260,.F.);
#8260 = EDGE_CURVE('',#4672,#8253,#8261,.T.);
#8261 = LINE('',#8262,#8263);
#8262 = CARTESIAN_POINT('',(9.56,-1.94,8.));
#8263 = VECTOR('',#8264,1.);
#8264 = DIRECTION('',(0.,-1.2E-16,-1.));
#8265 = PLANE('',#8266);
#8266 = AXIS2_PLACEMENT_3D('',#8267,#8268,#8269);
#8267 = CARTESIAN_POINT('',(9.56,-0.6,8.));
#8268 = DIRECTION('',(1.,0.,0.));
#8269 = DIRECTION('',(0.,-1.,1.4E-16));
#8270 = ADVANCED_FACE('',(#8271),#8289,.F.);
#8271 = FACE_BOUND('',#8272,.T.);
#8272 = EDGE_LOOP('',(#8273,#8274,#8275,#8283));
#8273 = ORIENTED_EDGE('',*,*,#4695,.F.);
#8274 = ORIENTED_EDGE('',*,*,#8260,.T.);
#8275 = ORIENTED_EDGE('',*,*,#8276,.T.);
#8276 = EDGE_CURVE('',#8253,#8277,#8279,.T.);
#8277 = VERTEX_POINT('',#8278);
#8278 = CARTESIAN_POINT('',(8.22,-1.94,1.));
#8279 = LINE('',#8280,#8281);
#8280 = CARTESIAN_POINT('',(9.56,-1.94,1.));
#8281 = VECTOR('',#8282,1.);
#8282 = DIRECTION('',(-1.,2.1E-16,0.));
#8283 = ORIENTED_EDGE('',*,*,#8284,.F.);
#8284 = EDGE_CURVE('',#4696,#8277,#8285,.T.);
#8285 = LINE('',#8286,#8287);
#8286 = CARTESIAN_POINT('',(8.22,-1.94,8.));
#8287 = VECTOR('',#8288,1.);
#8288 = DIRECTION('',(0.,-1.2E-16,-1.));
#8289 = PLANE('',#8290);
#8290 = AXIS2_PLACEMENT_3D('',#8291,#8292,#8293);
#8291 = CARTESIAN_POINT('',(9.56,-1.94,8.));
#8292 = DIRECTION('',(-2.1E-16,-1.,1.2E-16));
#8293 = DIRECTION('',(-1.,2.1E-16,0.));
#8294 = ADVANCED_FACE('',(#8295),#8313,.F.);
#8295 = FACE_BOUND('',#8296,.T.);
#8296 = EDGE_LOOP('',(#8297,#8298,#8306,#8312));
#8297 = ORIENTED_EDGE('',*,*,#4726,.F.);
#8298 = ORIENTED_EDGE('',*,*,#8299,.T.);
#8299 = EDGE_CURVE('',#4719,#8300,#8302,.T.);
#8300 = VERTEX_POINT('',#8301);
#8301 = CARTESIAN_POINT('',(8.22,-0.6,1.));
#8302 = LINE('',#8303,#8304);
#8303 = CARTESIAN_POINT('',(8.22,-0.6,8.));
#8304 = VECTOR('',#8305,1.);
#8305 = DIRECTION('',(0.,-1.2E-16,-1.));
#8306 = ORIENTED_EDGE('',*,*,#8307,.T.);
#8307 = EDGE_CURVE('',#8300,#8245,#8308,.T.);
#8308 = LINE('',#8309,#8310);
#8309 = CARTESIAN_POINT('',(8.22,-0.6,1.));
#8310 = VECTOR('',#8311,1.);
#8311 = DIRECTION('',(1.,-2.1E-16,0.));
#8312 = ORIENTED_EDGE('',*,*,#8244,.F.);
#8313 = PLANE('',#8314);
#8314 = AXIS2_PLACEMENT_3D('',#8315,#8316,#8317);
#8315 = CARTESIAN_POINT('',(8.22,-0.6,8.));
#8316 = DIRECTION('',(2.1E-16,1.,-1.2E-16));
#8317 = DIRECTION('',(1.,-2.1E-16,0.));
#8318 = ADVANCED_FACE('',(#8319),#8330,.F.);
#8319 = FACE_BOUND('',#8320,.T.);
#8320 = EDGE_LOOP('',(#8321,#8322,#8323,#8329));
#8321 = ORIENTED_EDGE('',*,*,#4741,.F.);
#8322 = ORIENTED_EDGE('',*,*,#8284,.T.);
#8323 = ORIENTED_EDGE('',*,*,#8324,.T.);
#8324 = EDGE_CURVE('',#8277,#8300,#8325,.T.);
#8325 = LINE('',#8326,#8327);
#8326 = CARTESIAN_POINT('',(8.22,-1.94,1.));
#8327 = VECTOR('',#8328,1.);
#8328 = DIRECTION('',(0.,1.,-1.2E-16));
#8329 = ORIENTED_EDGE('',*,*,#8299,.F.);
#8330 = PLANE('',#8331);
#8331 = AXIS2_PLACEMENT_3D('',#8332,#8333,#8334);
#8332 = CARTESIAN_POINT('',(8.22,-1.94,8.));
#8333 = DIRECTION('',(-1.,0.,0.));
#8334 = DIRECTION('',(0.,1.,-1.4E-16));
#8335 = ADVANCED_FACE('',(#8336),#8361,.F.);
#8336 = FACE_BOUND('',#8337,.T.);
#8337 = EDGE_LOOP('',(#8338,#8339,#8347,#8355));
#8338 = ORIENTED_EDGE('',*,*,#4767,.F.);
#8339 = ORIENTED_EDGE('',*,*,#8340,.T.);
#8340 = EDGE_CURVE('',#4760,#8341,#8343,.T.);
#8341 = VERTEX_POINT('',#8342);
#8342 = CARTESIAN_POINT('',(12.1,-0.6,1.));
#8343 = LINE('',#8344,#8345);
#8344 = CARTESIAN_POINT('',(12.1,-0.6,8.));
#8345 = VECTOR('',#8346,1.);
#8346 = DIRECTION('',(0.,-1.2E-16,-1.));
#8347 = ORIENTED_EDGE('',*,*,#8348,.T.);
#8348 = EDGE_CURVE('',#8341,#8349,#8351,.T.);
#8349 = VERTEX_POINT('',#8350);
#8350 = CARTESIAN_POINT('',(12.1,-1.94,1.));
#8351 = LINE('',#8352,#8353);
#8352 = CARTESIAN_POINT('',(12.1,-0.6,1.));
#8353 = VECTOR('',#8354,1.);
#8354 = DIRECTION('',(0.,-1.,1.2E-16));
#8355 = ORIENTED_EDGE('',*,*,#8356,.F.);
#8356 = EDGE_CURVE('',#4768,#8349,#8357,.T.);
#8357 = LINE('',#8358,#8359);
#8358 = CARTESIAN_POINT('',(12.1,-1.94,8.));
#8359 = VECTOR('',#8360,1.);
#8360 = DIRECTION('',(0.,-1.2E-16,-1.));
#8361 = PLANE('',#8362);
#8362 = AXIS2_PLACEMENT_3D('',#8363,#8364,#8365);
#8363 = CARTESIAN_POINT('',(12.1,-0.6,8.));
#8364 = DIRECTION('',(1.,0.,0.));
#8365 = DIRECTION('',(0.,-1.,1.4E-16));
#8366 = ADVANCED_FACE('',(#8367),#8385,.F.);
#8367 = FACE_BOUND('',#8368,.T.);
#8368 = EDGE_LOOP('',(#8369,#8370,#8371,#8379));
#8369 = ORIENTED_EDGE('',*,*,#4791,.F.);
#8370 = ORIENTED_EDGE('',*,*,#8356,.T.);
#8371 = ORIENTED_EDGE('',*,*,#8372,.T.);
#8372 = EDGE_CURVE('',#8349,#8373,#8375,.T.);
#8373 = VERTEX_POINT('',#8374);
#8374 = CARTESIAN_POINT('',(10.76,-1.94,1.));
#8375 = LINE('',#8376,#8377);
#8376 = CARTESIAN_POINT('',(12.1,-1.94,1.));
#8377 = VECTOR('',#8378,1.);
#8378 = DIRECTION('',(-1.,2.1E-16,0.));
#8379 = ORIENTED_EDGE('',*,*,#8380,.F.);
#8380 = EDGE_CURVE('',#4792,#8373,#8381,.T.);
#8381 = LINE('',#8382,#8383);
#8382 = CARTESIAN_POINT('',(10.76,-1.94,8.));
#8383 = VECTOR('',#8384,1.);
#8384 = DIRECTION('',(0.,-1.2E-16,-1.));
#8385 = PLANE('',#8386);
#8386 = AXIS2_PLACEMENT_3D('',#8387,#8388,#8389);
#8387 = CARTESIAN_POINT('',(12.1,-1.94,8.));
#8388 = DIRECTION('',(-2.1E-16,-1.,1.2E-16));
#8389 = DIRECTION('',(-1.,2.1E-16,0.));
#8390 = ADVANCED_FACE('',(#8391),#8409,.F.);
#8391 = FACE_BOUND('',#8392,.T.);
#8392 = EDGE_LOOP('',(#8393,#8394,#8402,#8408));
#8393 = ORIENTED_EDGE('',*,*,#4822,.F.);
#8394 = ORIENTED_EDGE('',*,*,#8395,.T.);
#8395 = EDGE_CURVE('',#4815,#8396,#8398,.T.);
#8396 = VERTEX_POINT('',#8397);
#8397 = CARTESIAN_POINT('',(10.76,-0.6,1.));
#8398 = LINE('',#8399,#8400);
#8399 = CARTESIAN_POINT('',(10.76,-0.6,8.));
#8400 = VECTOR('',#8401,1.);
#8401 = DIRECTION('',(0.,-1.2E-16,-1.));
#8402 = ORIENTED_EDGE('',*,*,#8403,.T.);
#8403 = EDGE_CURVE('',#8396,#8341,#8404,.T.);
#8404 = LINE('',#8405,#8406);
#8405 = CARTESIAN_POINT('',(10.76,-0.6,1.));
#8406 = VECTOR('',#8407,1.);
#8407 = DIRECTION('',(1.,-2.1E-16,0.));
#8408 = ORIENTED_EDGE('',*,*,#8340,.F.);
#8409 = PLANE('',#8410);
#8410 = AXIS2_PLACEMENT_3D('',#8411,#8412,#8413);
#8411 = CARTESIAN_POINT('',(10.76,-0.6,8.));
#8412 = DIRECTION('',(2.1E-16,1.,-1.2E-16));
#8413 = DIRECTION('',(1.,-2.1E-16,0.));
#8414 = ADVANCED_FACE('',(#8415),#8426,.F.);
#8415 = FACE_BOUND('',#8416,.T.);
#8416 = EDGE_LOOP('',(#8417,#8418,#8419,#8425));
#8417 = ORIENTED_EDGE('',*,*,#4837,.F.);
#8418 = ORIENTED_EDGE('',*,*,#8380,.T.);
#8419 = ORIENTED_EDGE('',*,*,#8420,.T.);
#8420 = EDGE_CURVE('',#8373,#8396,#8421,.T.);
#8421 = LINE('',#8422,#8423);
#8422 = CARTESIAN_POINT('',(10.76,-1.94,1.));
#8423 = VECTOR('',#8424,1.);
#8424 = DIRECTION('',(0.,1.,-1.2E-16));
#8425 = ORIENTED_EDGE('',*,*,#8395,.F.);
#8426 = PLANE('',#8427);
#8427 = AXIS2_PLACEMENT_3D('',#8428,#8429,#8430);
#8428 = CARTESIAN_POINT('',(10.76,-1.94,8.));
#8429 = DIRECTION('',(-1.,0.,0.));
#8430 = DIRECTION('',(0.,1.,-1.4E-16));
#8431 = ADVANCED_FACE('',(#8432),#8457,.F.);
#8432 = FACE_BOUND('',#8433,.T.);
#8433 = EDGE_LOOP('',(#8434,#8435,#8443,#8451));
#8434 = ORIENTED_EDGE('',*,*,#4863,.F.);
#8435 = ORIENTED_EDGE('',*,*,#8436,.T.);
#8436 = EDGE_CURVE('',#4856,#8437,#8439,.T.);
#8437 = VERTEX_POINT('',#8438);
#8438 = CARTESIAN_POINT('',(14.64,-0.6,1.));
#8439 = LINE('',#8440,#8441);
#8440 = CARTESIAN_POINT('',(14.64,-0.6,8.));
#8441 = VECTOR('',#8442,1.);
#8442 = DIRECTION('',(0.,-1.2E-16,-1.));
#8443 = ORIENTED_EDGE('',*,*,#8444,.T.);
#8444 = EDGE_CURVE('',#8437,#8445,#8447,.T.);
#8445 = VERTEX_POINT('',#8446);
#8446 = CARTESIAN_POINT('',(14.64,-1.94,1.));
#8447 = LINE('',#8448,#8449);
#8448 = CARTESIAN_POINT('',(14.64,-0.6,1.));
#8449 = VECTOR('',#8450,1.);
#8450 = DIRECTION('',(0.,-1.,1.2E-16));
#8451 = ORIENTED_EDGE('',*,*,#8452,.F.);
#8452 = EDGE_CURVE('',#4864,#8445,#8453,.T.);
#8453 = LINE('',#8454,#8455);
#8454 = CARTESIAN_POINT('',(14.64,-1.94,8.));
#8455 = VECTOR('',#8456,1.);
#8456 = DIRECTION('',(0.,-1.2E-16,-1.));
#8457 = PLANE('',#8458);
#8458 = AXIS2_PLACEMENT_3D('',#8459,#8460,#8461);
#8459 = CARTESIAN_POINT('',(14.64,-0.6,8.));
#8460 = DIRECTION('',(1.,0.,0.));
#8461 = DIRECTION('',(0.,-1.,1.4E-16));
#8462 = ADVANCED_FACE('',(#8463),#8481,.F.);
#8463 = FACE_BOUND('',#8464,.T.);
#8464 = EDGE_LOOP('',(#8465,#8466,#8467,#8475));
#8465 = ORIENTED_EDGE('',*,*,#4887,.F.);
#8466 = ORIENTED_EDGE('',*,*,#8452,.T.);
#8467 = ORIENTED_EDGE('',*,*,#8468,.T.);
#8468 = EDGE_CURVE('',#8445,#8469,#8471,.T.);
#8469 = VERTEX_POINT('',#8470);
#8470 = CARTESIAN_POINT('',(13.3,-1.94,1.));
#8471 = LINE('',#8472,#8473);
#8472 = CARTESIAN_POINT('',(14.64,-1.94,1.));
#8473 = VECTOR('',#8474,1.);
#8474 = DIRECTION('',(-1.,2.1E-16,0.));
#8475 = ORIENTED_EDGE('',*,*,#8476,.F.);
#8476 = EDGE_CURVE('',#4888,#8469,#8477,.T.);
#8477 = LINE('',#8478,#8479);
#8478 = CARTESIAN_POINT('',(13.3,-1.94,8.));
#8479 = VECTOR('',#8480,1.);
#8480 = DIRECTION('',(0.,-1.2E-16,-1.));
#8481 = PLANE('',#8482);
#8482 = AXIS2_PLACEMENT_3D('',#8483,#8484,#8485);
#8483 = CARTESIAN_POINT('',(14.64,-1.94,8.));
#8484 = DIRECTION('',(-2.1E-16,-1.,1.2E-16));
#8485 = DIRECTION('',(-1.,2.1E-16,0.));
#8486 = ADVANCED_FACE('',(#8487),#8505,.F.);
#8487 = FACE_BOUND('',#8488,.T.);
#8488 = EDGE_LOOP('',(#8489,#8490,#8498,#8504));
#8489 = ORIENTED_EDGE('',*,*,#4918,.F.);
#8490 = ORIENTED_EDGE('',*,*,#8491,.T.);
#8491 = EDGE_CURVE('',#4911,#8492,#8494,.T.);
#8492 = VERTEX_POINT('',#8493);
#8493 = CARTESIAN_POINT('',(13.3,-0.6,1.));
#8494 = LINE('',#8495,#8496);
#8495 = CARTESIAN_POINT('',(13.3,-0.6,8.));
#8496 = VECTOR('',#8497,1.);
#8497 = DIRECTION('',(0.,-1.2E-16,-1.));
#8498 = ORIENTED_EDGE('',*,*,#8499,.T.);
#8499 = EDGE_CURVE('',#8492,#8437,#8500,.T.);
#8500 = LINE('',#8501,#8502);
#8501 = CARTESIAN_POINT('',(13.3,-0.6,1.));
#8502 = VECTOR('',#8503,1.);
#8503 = DIRECTION('',(1.,-2.1E-16,0.));
#8504 = ORIENTED_EDGE('',*,*,#8436,.F.);
#8505 = PLANE('',#8506);
#8506 = AXIS2_PLACEMENT_3D('',#8507,#8508,#8509);
#8507 = CARTESIAN_POINT('',(13.3,-0.6,8.));
#8508 = DIRECTION('',(2.1E-16,1.,-1.2E-16));
#8509 = DIRECTION('',(1.,-2.1E-16,0.));
#8510 = ADVANCED_FACE('',(#8511),#8522,.F.);
#8511 = FACE_BOUND('',#8512,.T.);
#8512 = EDGE_LOOP('',(#8513,#8514,#8515,#8521));
#8513 = ORIENTED_EDGE('',*,*,#4933,.F.);
#8514 = ORIENTED_EDGE('',*,*,#8476,.T.);
#8515 = ORIENTED_EDGE('',*,*,#8516,.T.);
#8516 = EDGE_CURVE('',#8469,#8492,#8517,.T.);
#8517 = LINE('',#8518,#8519);
#8518 = CARTESIAN_POINT('',(13.3,-1.94,1.));
#8519 = VECTOR('',#8520,1.);
#8520 = DIRECTION('',(0.,1.,-1.2E-16));
#8521 = ORIENTED_EDGE('',*,*,#8491,.F.);
#8522 = PLANE('',#8523);
#8523 = AXIS2_PLACEMENT_3D('',#8524,#8525,#8526);
#8524 = CARTESIAN_POINT('',(13.3,-1.94,8.));
#8525 = DIRECTION('',(-1.,0.,0.));
#8526 = DIRECTION('',(0.,1.,-1.4E-16));
#8527 = ADVANCED_FACE('',(#8528),#8553,.F.);
#8528 = FACE_BOUND('',#8529,.T.);
#8529 = EDGE_LOOP('',(#8530,#8531,#8539,#8547));
#8530 = ORIENTED_EDGE('',*,*,#4959,.F.);
#8531 = ORIENTED_EDGE('',*,*,#8532,.T.);
#8532 = EDGE_CURVE('',#4952,#8533,#8535,.T.);
#8533 = VERTEX_POINT('',#8534);
#8534 = CARTESIAN_POINT('',(17.18,-0.6,1.));
#8535 = LINE('',#8536,#8537);
#8536 = CARTESIAN_POINT('',(17.18,-0.6,8.));
#8537 = VECTOR('',#8538,1.);
#8538 = DIRECTION('',(0.,-1.2E-16,-1.));
#8539 = ORIENTED_EDGE('',*,*,#8540,.T.);
#8540 = EDGE_CURVE('',#8533,#8541,#8543,.T.);
#8541 = VERTEX_POINT('',#8542);
#8542 = CARTESIAN_POINT('',(17.18,-1.94,1.));
#8543 = LINE('',#8544,#8545);
#8544 = CARTESIAN_POINT('',(17.18,-0.6,1.));
#8545 = VECTOR('',#8546,1.);
#8546 = DIRECTION('',(0.,-1.,1.2E-16));
#8547 = ORIENTED_EDGE('',*,*,#8548,.F.);
#8548 = EDGE_CURVE('',#4960,#8541,#8549,.T.);
#8549 = LINE('',#8550,#8551);
#8550 = CARTESIAN_POINT('',(17.18,-1.94,8.));
#8551 = VECTOR('',#8552,1.);
#8552 = DIRECTION('',(0.,-1.2E-16,-1.));
#8553 = PLANE('',#8554);
#8554 = AXIS2_PLACEMENT_3D('',#8555,#8556,#8557);
#8555 = CARTESIAN_POINT('',(17.18,-0.6,8.));
#8556 = DIRECTION('',(1.,0.,0.));
#8557 = DIRECTION('',(0.,-1.,1.4E-16));
#8558 = ADVANCED_FACE('',(#8559),#8577,.F.);
#8559 = FACE_BOUND('',#8560,.T.);
#8560 = EDGE_LOOP('',(#8561,#8562,#8563,#8571));
#8561 = ORIENTED_EDGE('',*,*,#4983,.F.);
#8562 = ORIENTED_EDGE('',*,*,#8548,.T.);
#8563 = ORIENTED_EDGE('',*,*,#8564,.T.);
#8564 = EDGE_CURVE('',#8541,#8565,#8567,.T.);
#8565 = VERTEX_POINT('',#8566);
#8566 = CARTESIAN_POINT('',(15.84,-1.94,1.));
#8567 = LINE('',#8568,#8569);
#8568 = CARTESIAN_POINT('',(17.18,-1.94,1.));
#8569 = VECTOR('',#8570,1.);
#8570 = DIRECTION('',(-1.,2.1E-16,0.));
#8571 = ORIENTED_EDGE('',*,*,#8572,.F.);
#8572 = EDGE_CURVE('',#4984,#8565,#8573,.T.);
#8573 = LINE('',#8574,#8575);
#8574 = CARTESIAN_POINT('',(15.84,-1.94,8.));
#8575 = VECTOR('',#8576,1.);
#8576 = DIRECTION('',(0.,-1.2E-16,-1.));
#8577 = PLANE('',#8578);
#8578 = AXIS2_PLACEMENT_3D('',#8579,#8580,#8581);
#8579 = CARTESIAN_POINT('',(17.18,-1.94,8.));
#8580 = DIRECTION('',(-2.1E-16,-1.,1.2E-16));
#8581 = DIRECTION('',(-1.,2.1E-16,0.));
#8582 = ADVANCED_FACE('',(#8583),#8601,.F.);
#8583 = FACE_BOUND('',#8584,.T.);
#8584 = EDGE_LOOP('',(#8585,#8586,#8594,#8600));
#8585 = ORIENTED_EDGE('',*,*,#5014,.F.);
#8586 = ORIENTED_EDGE('',*,*,#8587,.T.);
#8587 = EDGE_CURVE('',#5007,#8588,#8590,.T.);
#8588 = VERTEX_POINT('',#8589);
#8589 = CARTESIAN_POINT('',(15.84,-0.6,1.));
#8590 = LINE('',#8591,#8592);
#8591 = CARTESIAN_POINT('',(15.84,-0.6,8.));
#8592 = VECTOR('',#8593,1.);
#8593 = DIRECTION('',(0.,-1.2E-16,-1.));
#8594 = ORIENTED_EDGE('',*,*,#8595,.T.);
#8595 = EDGE_CURVE('',#8588,#8533,#8596,.T.);
#8596 = LINE('',#8597,#8598);
#8597 = CARTESIAN_POINT('',(15.84,-0.6,1.));
#8598 = VECTOR('',#8599,1.);
#8599 = DIRECTION('',(1.,-2.1E-16,0.));
#8600 = ORIENTED_EDGE('',*,*,#8532,.F.);
#8601 = PLANE('',#8602);
#8602 = AXIS2_PLACEMENT_3D('',#8603,#8604,#8605);
#8603 = CARTESIAN_POINT('',(15.84,-0.6,8.));
#8604 = DIRECTION('',(2.1E-16,1.,-1.2E-16));
#8605 = DIRECTION('',(1.,-2.1E-16,0.));
#8606 = ADVANCED_FACE('',(#8607),#8618,.F.);
#8607 = FACE_BOUND('',#8608,.T.);
#8608 = EDGE_LOOP('',(#8609,#8610,#8611,#8617));
#8609 = ORIENTED_EDGE('',*,*,#5029,.F.);
#8610 = ORIENTED_EDGE('',*,*,#8572,.T.);
#8611 = ORIENTED_EDGE('',*,*,#8612,.T.);
#8612 = EDGE_CURVE('',#8565,#8588,#8613,.T.);
#8613 = LINE('',#8614,#8615);
#8614 = CARTESIAN_POINT('',(15.84,-1.94,1.));
#8615 = VECTOR('',#8616,1.);
#8616 = DIRECTION('',(0.,1.,-1.2E-16));
#8617 = ORIENTED_EDGE('',*,*,#8587,.F.);
#8618 = PLANE('',#8619);
#8619 = AXIS2_PLACEMENT_3D('',#8620,#8621,#8622);
#8620 = CARTESIAN_POINT('',(15.84,-1.94,8.));
#8621 = DIRECTION('',(-1.,0.,0.));
#8622 = DIRECTION('',(0.,1.,-1.4E-16));
#8623 = ADVANCED_FACE('',(#8624),#8649,.F.);
#8624 = FACE_BOUND('',#8625,.T.);
#8625 = EDGE_LOOP('',(#8626,#8627,#8635,#8643));
#8626 = ORIENTED_EDGE('',*,*,#5055,.F.);
#8627 = ORIENTED_EDGE('',*,*,#8628,.T.);
#8628 = EDGE_CURVE('',#5048,#8629,#8631,.T.);
#8629 = VERTEX_POINT('',#8630);
#8630 = CARTESIAN_POINT('',(19.72,-0.6,1.));
#8631 = LINE('',#8632,#8633);
#8632 = CARTESIAN_POINT('',(19.72,-0.6,8.));
#8633 = VECTOR('',#8634,1.);
#8634 = DIRECTION('',(0.,-1.2E-16,-1.));
#8635 = ORIENTED_EDGE('',*,*,#8636,.T.);
#8636 = EDGE_CURVE('',#8629,#8637,#8639,.T.);
#8637 = VERTEX_POINT('',#8638);
#8638 = CARTESIAN_POINT('',(19.72,-1.94,1.));
#8639 = LINE('',#8640,#8641);
#8640 = CARTESIAN_POINT('',(19.72,-0.6,1.));
#8641 = VECTOR('',#8642,1.);
#8642 = DIRECTION('',(0.,-1.,1.2E-16));
#8643 = ORIENTED_EDGE('',*,*,#8644,.F.);
#8644 = EDGE_CURVE('',#5056,#8637,#8645,.T.);
#8645 = LINE('',#8646,#8647);
#8646 = CARTESIAN_POINT('',(19.72,-1.94,8.));
#8647 = VECTOR('',#8648,1.);
#8648 = DIRECTION('',(0.,-1.2E-16,-1.));
#8649 = PLANE('',#8650);
#8650 = AXIS2_PLACEMENT_3D('',#8651,#8652,#8653);
#8651 = CARTESIAN_POINT('',(19.72,-0.6,8.));
#8652 = DIRECTION('',(1.,0.,0.));
#8653 = DIRECTION('',(0.,-1.,1.4E-16));
#8654 = ADVANCED_FACE('',(#8655),#8673,.F.);
#8655 = FACE_BOUND('',#8656,.T.);
#8656 = EDGE_LOOP('',(#8657,#8658,#8659,#8667));
#8657 = ORIENTED_EDGE('',*,*,#5079,.F.);
#8658 = ORIENTED_EDGE('',*,*,#8644,.T.);
#8659 = ORIENTED_EDGE('',*,*,#8660,.T.);
#8660 = EDGE_CURVE('',#8637,#8661,#8663,.T.);
#8661 = VERTEX_POINT('',#8662);
#8662 = CARTESIAN_POINT('',(18.38,-1.94,1.));
#8663 = LINE('',#8664,#8665);
#8664 = CARTESIAN_POINT('',(19.72,-1.94,1.));
#8665 = VECTOR('',#8666,1.);
#8666 = DIRECTION('',(-1.,2.1E-16,0.));
#8667 = ORIENTED_EDGE('',*,*,#8668,.F.);
#8668 = EDGE_CURVE('',#5080,#8661,#8669,.T.);
#8669 = LINE('',#8670,#8671);
#8670 = CARTESIAN_POINT('',(18.38,-1.94,8.));
#8671 = VECTOR('',#8672,1.);
#8672 = DIRECTION('',(0.,-1.2E-16,-1.));
#8673 = PLANE('',#8674);
#8674 = AXIS2_PLACEMENT_3D('',#8675,#8676,#8677);
#8675 = CARTESIAN_POINT('',(19.72,-1.94,8.));
#8676 = DIRECTION('',(-2.1E-16,-1.,1.2E-16));
#8677 = DIRECTION('',(-1.,2.1E-16,0.));
#8678 = ADVANCED_FACE('',(#8679),#8697,.F.);
#8679 = FACE_BOUND('',#8680,.T.);
#8680 = EDGE_LOOP('',(#8681,#8682,#8690,#8696));
#8681 = ORIENTED_EDGE('',*,*,#5110,.F.);
#8682 = ORIENTED_EDGE('',*,*,#8683,.T.);
#8683 = EDGE_CURVE('',#5103,#8684,#8686,.T.);
#8684 = VERTEX_POINT('',#8685);
#8685 = CARTESIAN_POINT('',(18.38,-0.6,1.));
#8686 = LINE('',#8687,#8688);
#8687 = CARTESIAN_POINT('',(18.38,-0.6,8.));
#8688 = VECTOR('',#8689,1.);
#8689 = DIRECTION('',(0.,-1.2E-16,-1.));
#8690 = ORIENTED_EDGE('',*,*,#8691,.T.);
#8691 = EDGE_CURVE('',#8684,#8629,#8692,.T.);
#8692 = LINE('',#8693,#8694);
#8693 = CARTESIAN_POINT('',(18.38,-0.6,1.));
#8694 = VECTOR('',#8695,1.);
#8695 = DIRECTION('',(1.,-2.1E-16,0.));
#8696 = ORIENTED_EDGE('',*,*,#8628,.F.);
#8697 = PLANE('',#8698);
#8698 = AXIS2_PLACEMENT_3D('',#8699,#8700,#8701);
#8699 = CARTESIAN_POINT('',(18.38,-0.6,8.));
#8700 = DIRECTION('',(2.1E-16,1.,-1.2E-16));
#8701 = DIRECTION('',(1.,-2.1E-16,0.));
#8702 = ADVANCED_FACE('',(#8703),#8714,.F.);
#8703 = FACE_BOUND('',#8704,.T.);
#8704 = EDGE_LOOP('',(#8705,#8706,#8707,#8713));
#8705 = ORIENTED_EDGE('',*,*,#5125,.F.);
#8706 = ORIENTED_EDGE('',*,*,#8668,.T.);
#8707 = ORIENTED_EDGE('',*,*,#8708,.T.);
#8708 = EDGE_CURVE('',#8661,#8684,#8709,.T.);
#8709 = LINE('',#8710,#8711);
#8710 = CARTESIAN_POINT('',(18.38,-1.94,1.));
#8711 = VECTOR('',#8712,1.);
#8712 = DIRECTION('',(0.,1.,-1.2E-16));
#8713 = ORIENTED_EDGE('',*,*,#8683,.F.);
#8714 = PLANE('',#8715);
#8715 = AXIS2_PLACEMENT_3D('',#8716,#8717,#8718);
#8716 = CARTESIAN_POINT('',(18.38,-1.94,8.));
#8717 = DIRECTION('',(-1.,0.,0.));
#8718 = DIRECTION('',(0.,1.,-1.4E-16));
#8719 = ADVANCED_FACE('',(#8720),#8745,.F.);
#8720 = FACE_BOUND('',#8721,.T.);
#8721 = EDGE_LOOP('',(#8722,#8723,#8731,#8739));
#8722 = ORIENTED_EDGE('',*,*,#5151,.F.);
#8723 = ORIENTED_EDGE('',*,*,#8724,.T.);
#8724 = EDGE_CURVE('',#5144,#8725,#8727,.T.);
#8725 = VERTEX_POINT('',#8726);
#8726 = CARTESIAN_POINT('',(22.26,-0.6,1.));
#8727 = LINE('',#8728,#8729);
#8728 = CARTESIAN_POINT('',(22.26,-0.6,8.));
#8729 = VECTOR('',#8730,1.);
#8730 = DIRECTION('',(0.,-1.2E-16,-1.));
#8731 = ORIENTED_EDGE('',*,*,#8732,.T.);
#8732 = EDGE_CURVE('',#8725,#8733,#8735,.T.);
#8733 = VERTEX_POINT('',#8734);
#8734 = CARTESIAN_POINT('',(22.26,-1.94,1.));
#8735 = LINE('',#8736,#8737);
#8736 = CARTESIAN_POINT('',(22.26,-0.6,1.));
#8737 = VECTOR('',#8738,1.);
#8738 = DIRECTION('',(0.,-1.,1.2E-16));
#8739 = ORIENTED_EDGE('',*,*,#8740,.F.);
#8740 = EDGE_CURVE('',#5152,#8733,#8741,.T.);
#8741 = LINE('',#8742,#8743);
#8742 = CARTESIAN_POINT('',(22.26,-1.94,8.));
#8743 = VECTOR('',#8744,1.);
#8744 = DIRECTION('',(0.,-1.2E-16,-1.));
#8745 = PLANE('',#8746);
#8746 = AXIS2_PLACEMENT_3D('',#8747,#8748,#8749);
#8747 = CARTESIAN_POINT('',(22.26,-0.6,8.));
#8748 = DIRECTION('',(1.,0.,0.));
#8749 = DIRECTION('',(0.,-1.,1.4E-16));
#8750 = ADVANCED_FACE('',(#8751),#8769,.F.);
#8751 = FACE_BOUND('',#8752,.T.);
#8752 = EDGE_LOOP('',(#8753,#8754,#8755,#8763));
#8753 = ORIENTED_EDGE('',*,*,#5175,.F.);
#8754 = ORIENTED_EDGE('',*,*,#8740,.T.);
#8755 = ORIENTED_EDGE('',*,*,#8756,.T.);
#8756 = EDGE_CURVE('',#8733,#8757,#8759,.T.);
#8757 = VERTEX_POINT('',#8758);
#8758 = CARTESIAN_POINT('',(20.92,-1.94,1.));
#8759 = LINE('',#8760,#8761);
#8760 = CARTESIAN_POINT('',(22.26,-1.94,1.));
#8761 = VECTOR('',#8762,1.);
#8762 = DIRECTION('',(-1.,2.1E-16,0.));
#8763 = ORIENTED_EDGE('',*,*,#8764,.F.);
#8764 = EDGE_CURVE('',#5176,#8757,#8765,.T.);
#8765 = LINE('',#8766,#8767);
#8766 = CARTESIAN_POINT('',(20.92,-1.94,8.));
#8767 = VECTOR('',#8768,1.);
#8768 = DIRECTION('',(0.,-1.2E-16,-1.));
#8769 = PLANE('',#8770);
#8770 = AXIS2_PLACEMENT_3D('',#8771,#8772,#8773);
#8771 = CARTESIAN_POINT('',(22.26,-1.94,8.));
#8772 = DIRECTION('',(-2.1E-16,-1.,1.2E-16));
#8773 = DIRECTION('',(-1.,2.1E-16,0.));
#8774 = ADVANCED_FACE('',(#8775),#8793,.F.);
#8775 = FACE_BOUND('',#8776,.T.);
#8776 = EDGE_LOOP('',(#8777,#8778,#8786,#8792));
#8777 = ORIENTED_EDGE('',*,*,#5206,.F.);
#8778 = ORIENTED_EDGE('',*,*,#8779,.T.);
#8779 = EDGE_CURVE('',#5199,#8780,#8782,.T.);
#8780 = VERTEX_POINT('',#8781);
#8781 = CARTESIAN_POINT('',(20.92,-0.6,1.));
#8782 = LINE('',#8783,#8784);
#8783 = CARTESIAN_POINT('',(20.92,-0.6,8.));
#8784 = VECTOR('',#8785,1.);
#8785 = DIRECTION('',(0.,-1.2E-16,-1.));
#8786 = ORIENTED_EDGE('',*,*,#8787,.T.);
#8787 = EDGE_CURVE('',#8780,#8725,#8788,.T.);
#8788 = LINE('',#8789,#8790);
#8789 = CARTESIAN_POINT('',(20.92,-0.6,1.));
#8790 = VECTOR('',#8791,1.);
#8791 = DIRECTION('',(1.,-2.1E-16,0.));
#8792 = ORIENTED_EDGE('',*,*,#8724,.F.);
#8793 = PLANE('',#8794);
#8794 = AXIS2_PLACEMENT_3D('',#8795,#8796,#8797);
#8795 = CARTESIAN_POINT('',(20.92,-0.6,8.));
#8796 = DIRECTION('',(2.1E-16,1.,-1.2E-16));
#8797 = DIRECTION('',(1.,-2.1E-16,0.));
#8798 = ADVANCED_FACE('',(#8799),#8810,.F.);
#8799 = FACE_BOUND('',#8800,.T.);
#8800 = EDGE_LOOP('',(#8801,#8802,#8803,#8809));
#8801 = ORIENTED_EDGE('',*,*,#5221,.F.);
#8802 = ORIENTED_EDGE('',*,*,#8764,.T.);
#8803 = ORIENTED_EDGE('',*,*,#8804,.T.);
#8804 = EDGE_CURVE('',#8757,#8780,#8805,.T.);
#8805 = LINE('',#8806,#8807);
#8806 = CARTESIAN_POINT('',(20.92,-1.94,1.));
#8807 = VECTOR('',#8808,1.);
#8808 = DIRECTION('',(0.,1.,-1.2E-16));
#8809 = ORIENTED_EDGE('',*,*,#8779,.F.);
#8810 = PLANE('',#8811);
#8811 = AXIS2_PLACEMENT_3D('',#8812,#8813,#8814);
#8812 = CARTESIAN_POINT('',(20.92,-1.94,8.));
#8813 = DIRECTION('',(-1.,0.,0.));
#8814 = DIRECTION('',(0.,1.,-1.4E-16));
#8815 = ADVANCED_FACE('',(#8816),#8841,.F.);
#8816 = FACE_BOUND('',#8817,.T.);
#8817 = EDGE_LOOP('',(#8818,#8819,#8827,#8835));
#8818 = ORIENTED_EDGE('',*,*,#5247,.F.);
#8819 = ORIENTED_EDGE('',*,*,#8820,.T.);
#8820 = EDGE_CURVE('',#5240,#8821,#8823,.T.);
#8821 = VERTEX_POINT('',#8822);
#8822 = CARTESIAN_POINT('',(24.8,-0.6,1.));
#8823 = LINE('',#8824,#8825);
#8824 = CARTESIAN_POINT('',(24.8,-0.6,8.));
#8825 = VECTOR('',#8826,1.);
#8826 = DIRECTION('',(0.,-1.2E-16,-1.));
#8827 = ORIENTED_EDGE('',*,*,#8828,.T.);
#8828 = EDGE_CURVE('',#8821,#8829,#8831,.T.);
#8829 = VERTEX_POINT('',#8830);
#8830 = CARTESIAN_POINT('',(24.8,-1.94,1.));
#8831 = LINE('',#8832,#8833);
#8832 = CARTESIAN_POINT('',(24.8,-0.6,1.));
#8833 = VECTOR('',#8834,1.);
#8834 = DIRECTION('',(0.,-1.,1.2E-16));
#8835 = ORIENTED_EDGE('',*,*,#8836,.F.);
#8836 = EDGE_CURVE('',#5248,#8829,#8837,.T.);
#8837 = LINE('',#8838,#8839);
#8838 = CARTESIAN_POINT('',(24.8,-1.94,8.));
#8839 = VECTOR('',#8840,1.);
#8840 = DIRECTION('',(0.,-1.2E-16,-1.));
#8841 = PLANE('',#8842);
#8842 = AXIS2_PLACEMENT_3D('',#8843,#8844,#8845);
#8843 = CARTESIAN_POINT('',(24.8,-0.6,8.));
#8844 = DIRECTION('',(1.,0.,0.));
#8845 = DIRECTION('',(0.,-1.,1.4E-16));
#8846 = ADVANCED_FACE('',(#8847),#8865,.F.);
#8847 = FACE_BOUND('',#8848,.T.);
#8848 = EDGE_LOOP('',(#8849,#8850,#8851,#8859));
#8849 = ORIENTED_EDGE('',*,*,#5271,.F.);
#8850 = ORIENTED_EDGE('',*,*,#8836,.T.);
#8851 = ORIENTED_EDGE('',*,*,#8852,.T.);
#8852 = EDGE_CURVE('',#8829,#8853,#8855,.T.);
#8853 = VERTEX_POINT('',#8854);
#8854 = CARTESIAN_POINT('',(23.46,-1.94,1.));
#8855 = LINE('',#8856,#8857);
#8856 = CARTESIAN_POINT('',(24.8,-1.94,1.));
#8857 = VECTOR('',#8858,1.);
#8858 = DIRECTION('',(-1.,2.1E-16,0.));
#8859 = ORIENTED_EDGE('',*,*,#8860,.F.);
#8860 = EDGE_CURVE('',#5272,#8853,#8861,.T.);
#8861 = LINE('',#8862,#8863);
#8862 = CARTESIAN_POINT('',(23.46,-1.94,8.));
#8863 = VECTOR('',#8864,1.);
#8864 = DIRECTION('',(0.,-1.2E-16,-1.));
#8865 = PLANE('',#8866);
#8866 = AXIS2_PLACEMENT_3D('',#8867,#8868,#8869);
#8867 = CARTESIAN_POINT('',(24.8,-1.94,8.));
#8868 = DIRECTION('',(-2.1E-16,-1.,1.2E-16));
#8869 = DIRECTION('',(-1.,2.1E-16,0.));
#8870 = ADVANCED_FACE('',(#8871),#8889,.F.);
#8871 = FACE_BOUND('',#8872,.T.);
#8872 = EDGE_LOOP('',(#8873,#8874,#8882,#8888));
#8873 = ORIENTED_EDGE('',*,*,#5302,.F.);
#8874 = ORIENTED_EDGE('',*,*,#8875,.T.);
#8875 = EDGE_CURVE('',#5295,#8876,#8878,.T.);
#8876 = VERTEX_POINT('',#8877);
#8877 = CARTESIAN_POINT('',(23.46,-0.6,1.));
#8878 = LINE('',#8879,#8880);
#8879 = CARTESIAN_POINT('',(23.46,-0.6,8.));
#8880 = VECTOR('',#8881,1.);
#8881 = DIRECTION('',(0.,-1.2E-16,-1.));
#8882 = ORIENTED_EDGE('',*,*,#8883,.T.);
#8883 = EDGE_CURVE('',#8876,#8821,#8884,.T.);
#8884 = LINE('',#8885,#8886);
#8885 = CARTESIAN_POINT('',(23.46,-0.6,1.));
#8886 = VECTOR('',#8887,1.);
#8887 = DIRECTION('',(1.,-2.1E-16,0.));
#8888 = ORIENTED_EDGE('',*,*,#8820,.F.);
#8889 = PLANE('',#8890);
#8890 = AXIS2_PLACEMENT_3D('',#8891,#8892,#8893);
#8891 = CARTESIAN_POINT('',(23.46,-0.6,8.));
#8892 = DIRECTION('',(2.1E-16,1.,-1.2E-16));
#8893 = DIRECTION('',(1.,-2.1E-16,0.));
#8894 = ADVANCED_FACE('',(#8895),#8906,.F.);
#8895 = FACE_BOUND('',#8896,.T.);
#8896 = EDGE_LOOP('',(#8897,#8898,#8899,#8905));
#8897 = ORIENTED_EDGE('',*,*,#5317,.F.);
#8898 = ORIENTED_EDGE('',*,*,#8860,.T.);
#8899 = ORIENTED_EDGE('',*,*,#8900,.T.);
#8900 = EDGE_CURVE('',#8853,#8876,#8901,.T.);
#8901 = LINE('',#8902,#8903);
#8902 = CARTESIAN_POINT('',(23.46,-1.94,1.));
#8903 = VECTOR('',#8904,1.);
#8904 = DIRECTION('',(0.,1.,-1.2E-16));
#8905 = ORIENTED_EDGE('',*,*,#8875,.F.);
#8906 = PLANE('',#8907);
#8907 = AXIS2_PLACEMENT_3D('',#8908,#8909,#8910);
#8908 = CARTESIAN_POINT('',(23.46,-1.94,8.));
#8909 = DIRECTION('',(-1.,0.,0.));
#8910 = DIRECTION('',(0.,1.,-1.4E-16));
#8911 = ADVANCED_FACE('',(#8912),#8918,.F.);
#8912 = FACE_BOUND('',#8913,.T.);
#8913 = EDGE_LOOP('',(#8914,#8915,#8916,#8917));
#8914 = ORIENTED_EDGE('',*,*,#5396,.F.);
#8915 = ORIENTED_EDGE('',*,*,#5372,.F.);
#8916 = ORIENTED_EDGE('',*,*,#5427,.F.);
#8917 = ORIENTED_EDGE('',*,*,#5444,.F.);
#8918 = PLANE('',#8919);
#8919 = AXIS2_PLACEMENT_3D('',#8920,#8921,#8922);
#8920 = CARTESIAN_POINT('',(-24.13,1.27,1.));
#8921 = DIRECTION('',(0.,-1.2E-16,-1.));
#8922 = DIRECTION('',(1.,0.,0.));
#8923 = ADVANCED_FACE('',(#8924),#8930,.F.);
#8924 = FACE_BOUND('',#8925,.T.);
#8925 = EDGE_LOOP('',(#8926,#8927,#8928,#8929));
#8926 = ORIENTED_EDGE('',*,*,#5492,.F.);
#8927 = ORIENTED_EDGE('',*,*,#5468,.F.);
#8928 = ORIENTED_EDGE('',*,*,#5523,.F.);
#8929 = ORIENTED_EDGE('',*,*,#5540,.F.);
#8930 = PLANE('',#8931);
#8931 = AXIS2_PLACEMENT_3D('',#8932,#8933,#8934);
#8932 = CARTESIAN_POINT('',(-21.59,1.27,1.));
#8933 = DIRECTION('',(0.,-1.2E-16,-1.));
#8934 = DIRECTION('',(1.,0.,0.));
#8935 = ADVANCED_FACE('',(#8936),#8942,.F.);
#8936 = FACE_BOUND('',#8937,.T.);
#8937 = EDGE_LOOP('',(#8938,#8939,#8940,#8941));
#8938 = ORIENTED_EDGE('',*,*,#5588,.F.);
#8939 = ORIENTED_EDGE('',*,*,#5564,.F.);
#8940 = ORIENTED_EDGE('',*,*,#5619,.F.);
#8941 = ORIENTED_EDGE('',*,*,#5636,.F.);
#8942 = PLANE('',#8943);
#8943 = AXIS2_PLACEMENT_3D('',#8944,#8945,#8946);
#8944 = CARTESIAN_POINT('',(-19.05,1.27,1.));
#8945 = DIRECTION('',(0.,-1.2E-16,-1.));
#8946 = DIRECTION('',(1.,0.,0.));
#8947 = ADVANCED_FACE('',(#8948),#8954,.F.);
#8948 = FACE_BOUND('',#8949,.T.);
#8949 = EDGE_LOOP('',(#8950,#8951,#8952,#8953));
#8950 = ORIENTED_EDGE('',*,*,#5684,.F.);
#8951 = ORIENTED_EDGE('',*,*,#5660,.F.);
#8952 = ORIENTED_EDGE('',*,*,#5715,.F.);
#8953 = ORIENTED_EDGE('',*,*,#5732,.F.);
#8954 = PLANE('',#8955);
#8955 = AXIS2_PLACEMENT_3D('',#8956,#8957,#8958);
#8956 = CARTESIAN_POINT('',(-16.51,1.27,1.));
#8957 = DIRECTION('',(0.,-1.2E-16,-1.));
#8958 = DIRECTION('',(1.,0.,0.));
#8959 = ADVANCED_FACE('',(#8960),#8966,.F.);
#8960 = FACE_BOUND('',#8961,.T.);
#8961 = EDGE_LOOP('',(#8962,#8963,#8964,#8965));
#8962 = ORIENTED_EDGE('',*,*,#5780,.F.);
#8963 = ORIENTED_EDGE('',*,*,#5756,.F.);
#8964 = ORIENTED_EDGE('',*,*,#5811,.F.);
#8965 = ORIENTED_EDGE('',*,*,#5828,.F.);
#8966 = PLANE('',#8967);
#8967 = AXIS2_PLACEMENT_3D('',#8968,#8969,#8970);
#8968 = CARTESIAN_POINT('',(-13.97,1.27,1.));
#8969 = DIRECTION('',(0.,-1.2E-16,-1.));
#8970 = DIRECTION('',(1.,0.,0.));
#8971 = ADVANCED_FACE('',(#8972),#8978,.F.);
#8972 = FACE_BOUND('',#8973,.T.);
#8973 = EDGE_LOOP('',(#8974,#8975,#8976,#8977));
#8974 = ORIENTED_EDGE('',*,*,#5876,.F.);
#8975 = ORIENTED_EDGE('',*,*,#5852,.F.);
#8976 = ORIENTED_EDGE('',*,*,#5907,.F.);
#8977 = ORIENTED_EDGE('',*,*,#5924,.F.);
#8978 = PLANE('',#8979);
#8979 = AXIS2_PLACEMENT_3D('',#8980,#8981,#8982);
#8980 = CARTESIAN_POINT('',(-11.43,1.27,1.));
#8981 = DIRECTION('',(0.,-1.2E-16,-1.));
#8982 = DIRECTION('',(1.,0.,0.));
#8983 = ADVANCED_FACE('',(#8984),#8990,.F.);
#8984 = FACE_BOUND('',#8985,.T.);
#8985 = EDGE_LOOP('',(#8986,#8987,#8988,#8989));
#8986 = ORIENTED_EDGE('',*,*,#5972,.F.);
#8987 = ORIENTED_EDGE('',*,*,#5948,.F.);
#8988 = ORIENTED_EDGE('',*,*,#6003,.F.);
#8989 = ORIENTED_EDGE('',*,*,#6020,.F.);
#8990 = PLANE('',#8991);
#8991 = AXIS2_PLACEMENT_3D('',#8992,#8993,#8994);
#8992 = CARTESIAN_POINT('',(-8.89,1.27,1.));
#8993 = DIRECTION('',(0.,-1.2E-16,-1.));
#8994 = DIRECTION('',(1.,0.,0.));
#8995 = ADVANCED_FACE('',(#8996),#9002,.F.);
#8996 = FACE_BOUND('',#8997,.T.);
#8997 = EDGE_LOOP('',(#8998,#8999,#9000,#9001));
#8998 = ORIENTED_EDGE('',*,*,#6068,.F.);
#8999 = ORIENTED_EDGE('',*,*,#6044,.F.);
#9000 = ORIENTED_EDGE('',*,*,#6099,.F.);
#9001 = ORIENTED_EDGE('',*,*,#6116,.F.);
#9002 = PLANE('',#9003);
#9003 = AXIS2_PLACEMENT_3D('',#9004,#9005,#9006);
#9004 = CARTESIAN_POINT('',(-6.35,1.27,1.));
#9005 = DIRECTION('',(0.,-1.2E-16,-1.));
#9006 = DIRECTION('',(1.,0.,0.));
#9007 = ADVANCED_FACE('',(#9008),#9014,.F.);
#9008 = FACE_BOUND('',#9009,.T.);
#9009 = EDGE_LOOP('',(#9010,#9011,#9012,#9013));
#9010 = ORIENTED_EDGE('',*,*,#6164,.F.);
#9011 = ORIENTED_EDGE('',*,*,#6140,.F.);
#9012 = ORIENTED_EDGE('',*,*,#6195,.F.);
#9013 = ORIENTED_EDGE('',*,*,#6212,.F.);
#9014 = PLANE('',#9015);
#9015 = AXIS2_PLACEMENT_3D('',#9016,#9017,#9018);
#9016 = CARTESIAN_POINT('',(-3.81,1.27,1.));
#9017 = DIRECTION('',(0.,-1.2E-16,-1.));
#9018 = DIRECTION('',(1.,0.,0.));
#9019 = ADVANCED_FACE('',(#9020),#9026,.F.);
#9020 = FACE_BOUND('',#9021,.T.);
#9021 = EDGE_LOOP('',(#9022,#9023,#9024,#9025));
#9022 = ORIENTED_EDGE('',*,*,#6260,.F.);
#9023 = ORIENTED_EDGE('',*,*,#6236,.F.);
#9024 = ORIENTED_EDGE('',*,*,#6291,.F.);
#9025 = ORIENTED_EDGE('',*,*,#6308,.F.);
#9026 = PLANE('',#9027);
#9027 = AXIS2_PLACEMENT_3D('',#9028,#9029,#9030);
#9028 = CARTESIAN_POINT('',(-1.27,1.27,1.));
#9029 = DIRECTION('',(0.,-1.2E-16,-1.));
#9030 = DIRECTION('',(1.,0.,0.));
#9031 = ADVANCED_FACE('',(#9032),#9038,.F.);
#9032 = FACE_BOUND('',#9033,.T.);
#9033 = EDGE_LOOP('',(#9034,#9035,#9036,#9037));
#9034 = ORIENTED_EDGE('',*,*,#6356,.F.);
#9035 = ORIENTED_EDGE('',*,*,#6332,.F.);
#9036 = ORIENTED_EDGE('',*,*,#6387,.F.);
#9037 = ORIENTED_EDGE('',*,*,#6404,.F.);
#9038 = PLANE('',#9039);
#9039 = AXIS2_PLACEMENT_3D('',#9040,#9041,#9042);
#9040 = CARTESIAN_POINT('',(1.27,1.27,1.));
#9041 = DIRECTION('',(0.,-1.2E-16,-1.));
#9042 = DIRECTION('',(1.,0.,0.));
#9043 = ADVANCED_FACE('',(#9044),#9050,.F.);
#9044 = FACE_BOUND('',#9045,.T.);
#9045 = EDGE_LOOP('',(#9046,#9047,#9048,#9049));
#9046 = ORIENTED_EDGE('',*,*,#6452,.F.);
#9047 = ORIENTED_EDGE('',*,*,#6428,.F.);
#9048 = ORIENTED_EDGE('',*,*,#6483,.F.);
#9049 = ORIENTED_EDGE('',*,*,#6500,.F.);
#9050 = PLANE('',#9051);
#9051 = AXIS2_PLACEMENT_3D('',#9052,#9053,#9054);
#9052 = CARTESIAN_POINT('',(3.81,1.27,1.));
#9053 = DIRECTION('',(0.,-1.2E-16,-1.));
#9054 = DIRECTION('',(1.,0.,0.));
#9055 = ADVANCED_FACE('',(#9056),#9062,.F.);
#9056 = FACE_BOUND('',#9057,.T.);
#9057 = EDGE_LOOP('',(#9058,#9059,#9060,#9061));
#9058 = ORIENTED_EDGE('',*,*,#6548,.F.);
#9059 = ORIENTED_EDGE('',*,*,#6524,.F.);
#9060 = ORIENTED_EDGE('',*,*,#6579,.F.);
#9061 = ORIENTED_EDGE('',*,*,#6596,.F.);
#9062 = PLANE('',#9063);
#9063 = AXIS2_PLACEMENT_3D('',#9064,#9065,#9066);
#9064 = CARTESIAN_POINT('',(6.35,1.27,1.));
#9065 = DIRECTION('',(0.,-1.2E-16,-1.));
#9066 = DIRECTION('',(1.,0.,0.));
#9067 = ADVANCED_FACE('',(#9068),#9074,.F.);
#9068 = FACE_BOUND('',#9069,.T.);
#9069 = EDGE_LOOP('',(#9070,#9071,#9072,#9073));
#9070 = ORIENTED_EDGE('',*,*,#6644,.F.);
#9071 = ORIENTED_EDGE('',*,*,#6620,.F.);
#9072 = ORIENTED_EDGE('',*,*,#6675,.F.);
#9073 = ORIENTED_EDGE('',*,*,#6692,.F.);
#9074 = PLANE('',#9075);
#9075 = AXIS2_PLACEMENT_3D('',#9076,#9077,#9078);
#9076 = CARTESIAN_POINT('',(8.89,1.27,1.));
#9077 = DIRECTION('',(0.,-1.2E-16,-1.));
#9078 = DIRECTION('',(1.,0.,0.));
#9079 = ADVANCED_FACE('',(#9080),#9086,.F.);
#9080 = FACE_BOUND('',#9081,.T.);
#9081 = EDGE_LOOP('',(#9082,#9083,#9084,#9085));
#9082 = ORIENTED_EDGE('',*,*,#6740,.F.);
#9083 = ORIENTED_EDGE('',*,*,#6716,.F.);
#9084 = ORIENTED_EDGE('',*,*,#6771,.F.);
#9085 = ORIENTED_EDGE('',*,*,#6788,.F.);
#9086 = PLANE('',#9087);
#9087 = AXIS2_PLACEMENT_3D('',#9088,#9089,#9090);
#9088 = CARTESIAN_POINT('',(11.43,1.27,1.));
#9089 = DIRECTION('',(0.,-1.2E-16,-1.));
#9090 = DIRECTION('',(1.,0.,0.));
#9091 = ADVANCED_FACE('',(#9092),#9098,.F.);
#9092 = FACE_BOUND('',#9093,.T.);
#9093 = EDGE_LOOP('',(#9094,#9095,#9096,#9097));
#9094 = ORIENTED_EDGE('',*,*,#6836,.F.);
#9095 = ORIENTED_EDGE('',*,*,#6812,.F.);
#9096 = ORIENTED_EDGE('',*,*,#6867,.F.);
#9097 = ORIENTED_EDGE('',*,*,#6884,.F.);
#9098 = PLANE('',#9099);
#9099 = AXIS2_PLACEMENT_3D('',#9100,#9101,#9102);
#9100 = CARTESIAN_POINT('',(13.97,1.27,1.));
#9101 = DIRECTION('',(0.,-1.2E-16,-1.));
#9102 = DIRECTION('',(1.,0.,0.));
#9103 = ADVANCED_FACE('',(#9104),#9110,.F.);
#9104 = FACE_BOUND('',#9105,.T.);
#9105 = EDGE_LOOP('',(#9106,#9107,#9108,#9109));
#9106 = ORIENTED_EDGE('',*,*,#6932,.F.);
#9107 = ORIENTED_EDGE('',*,*,#6908,.F.);
#9108 = ORIENTED_EDGE('',*,*,#6963,.F.);
#9109 = ORIENTED_EDGE('',*,*,#6980,.F.);
#9110 = PLANE('',#9111);
#9111 = AXIS2_PLACEMENT_3D('',#9112,#9113,#9114);
#9112 = CARTESIAN_POINT('',(16.51,1.27,1.));
#9113 = DIRECTION('',(0.,-1.2E-16,-1.));
#9114 = DIRECTION('',(1.,0.,0.));
#9115 = ADVANCED_FACE('',(#9116),#9122,.F.);
#9116 = FACE_BOUND('',#9117,.T.);
#9117 = EDGE_LOOP('',(#9118,#9119,#9120,#9121));
#9118 = ORIENTED_EDGE('',*,*,#7028,.F.);
#9119 = ORIENTED_EDGE('',*,*,#7004,.F.);
#9120 = ORIENTED_EDGE('',*,*,#7059,.F.);
#9121 = ORIENTED_EDGE('',*,*,#7076,.F.);
#9122 = PLANE('',#9123);
#9123 = AXIS2_PLACEMENT_3D('',#9124,#9125,#9126);
#9124 = CARTESIAN_POINT('',(19.05,1.27,1.));
#9125 = DIRECTION('',(0.,-1.2E-16,-1.));
#9126 = DIRECTION('',(1.,0.,0.));
#9127 = ADVANCED_FACE('',(#9128),#9134,.F.);
#9128 = FACE_BOUND('',#9129,.T.);
#9129 = EDGE_LOOP('',(#9130,#9131,#9132,#9133));
#9130 = ORIENTED_EDGE('',*,*,#7124,.F.);
#9131 = ORIENTED_EDGE('',*,*,#7100,.F.);
#9132 = ORIENTED_EDGE('',*,*,#7155,.F.);
#9133 = ORIENTED_EDGE('',*,*,#7172,.F.);
#9134 = PLANE('',#9135);
#9135 = AXIS2_PLACEMENT_3D('',#9136,#9137,#9138);
#9136 = CARTESIAN_POINT('',(21.59,1.27,1.));
#9137 = DIRECTION('',(0.,-1.2E-16,-1.));
#9138 = DIRECTION('',(1.,0.,0.));
#9139 = ADVANCED_FACE('',(#9140),#9146,.F.);
#9140 = FACE_BOUND('',#9141,.T.);
#9141 = EDGE_LOOP('',(#9142,#9143,#9144,#9145));
#9142 = ORIENTED_EDGE('',*,*,#7220,.F.);
#9143 = ORIENTED_EDGE('',*,*,#7196,.F.);
#9144 = ORIENTED_EDGE('',*,*,#7251,.F.);
#9145 = ORIENTED_EDGE('',*,*,#7268,.F.);
#9146 = PLANE('',#9147);
#9147 = AXIS2_PLACEMENT_3D('',#9148,#9149,#9150);
#9148 = CARTESIAN_POINT('',(24.13,1.27,1.));
#9149 = DIRECTION('',(0.,-1.2E-16,-1.));
#9150 = DIRECTION('',(1.,0.,0.));
#9151 = ADVANCED_FACE('',(#9152),#9158,.F.);
#9152 = FACE_BOUND('',#9153,.T.);
#9153 = EDGE_LOOP('',(#9154,#9155,#9156,#9157));
#9154 = ORIENTED_EDGE('',*,*,#7316,.F.);
#9155 = ORIENTED_EDGE('',*,*,#7292,.F.);
#9156 = ORIENTED_EDGE('',*,*,#7347,.F.);
#9157 = ORIENTED_EDGE('',*,*,#7364,.F.);
#9158 = PLANE('',#9159);
#9159 = AXIS2_PLACEMENT_3D('',#9160,#9161,#9162);
#9160 = CARTESIAN_POINT('',(-24.13,-1.27,1.));
#9161 = DIRECTION('',(0.,-1.2E-16,-1.));
#9162 = DIRECTION('',(1.,0.,0.));
#9163 = ADVANCED_FACE('',(#9164),#9170,.F.);
#9164 = FACE_BOUND('',#9165,.T.);
#9165 = EDGE_LOOP('',(#9166,#9167,#9168,#9169));
#9166 = ORIENTED_EDGE('',*,*,#7412,.F.);
#9167 = ORIENTED_EDGE('',*,*,#7388,.F.);
#9168 = ORIENTED_EDGE('',*,*,#7443,.F.);
#9169 = ORIENTED_EDGE('',*,*,#7460,.F.);
#9170 = PLANE('',#9171);
#9171 = AXIS2_PLACEMENT_3D('',#9172,#9173,#9174);
#9172 = CARTESIAN_POINT('',(-13.97,-1.27,1.));
#9173 = DIRECTION('',(0.,-1.2E-16,-1.));
#9174 = DIRECTION('',(1.,0.,0.));
#9175 = ADVANCED_FACE('',(#9176),#9182,.F.);
#9176 = FACE_BOUND('',#9177,.T.);
#9177 = EDGE_LOOP('',(#9178,#9179,#9180,#9181));
#9178 = ORIENTED_EDGE('',*,*,#7508,.F.);
#9179 = ORIENTED_EDGE('',*,*,#7484,.F.);
#9180 = ORIENTED_EDGE('',*,*,#7539,.F.);
#9181 = ORIENTED_EDGE('',*,*,#7556,.F.);
#9182 = PLANE('',#9183);
#9183 = AXIS2_PLACEMENT_3D('',#9184,#9185,#9186);
#9184 = CARTESIAN_POINT('',(-11.43,-1.27,1.));
#9185 = DIRECTION('',(0.,-1.2E-16,-1.));
#9186 = DIRECTION('',(1.,0.,0.));
#9187 = ADVANCED_FACE('',(#9188),#9194,.F.);
#9188 = FACE_BOUND('',#9189,.T.);
#9189 = EDGE_LOOP('',(#9190,#9191,#9192,#9193));
#9190 = ORIENTED_EDGE('',*,*,#7604,.F.);
#9191 = ORIENTED_EDGE('',*,*,#7580,.F.);
#9192 = ORIENTED_EDGE('',*,*,#7635,.F.);
#9193 = ORIENTED_EDGE('',*,*,#7652,.F.);
#9194 = PLANE('',#9195);
#9195 = AXIS2_PLACEMENT_3D('',#9196,#9197,#9198);
#9196 = CARTESIAN_POINT('',(-8.89,-1.27,1.));
#9197 = DIRECTION('',(0.,-1.2E-16,-1.));
#9198 = DIRECTION('',(1.,0.,0.));
#9199 = ADVANCED_FACE('',(#9200),#9206,.F.);
#9200 = FACE_BOUND('',#9201,.T.);
#9201 = EDGE_LOOP('',(#9202,#9203,#9204,#9205));
#9202 = ORIENTED_EDGE('',*,*,#7700,.F.);
#9203 = ORIENTED_EDGE('',*,*,#7676,.F.);
#9204 = ORIENTED_EDGE('',*,*,#7731,.F.);
#9205 = ORIENTED_EDGE('',*,*,#7748,.F.);
#9206 = PLANE('',#9207);
#9207 = AXIS2_PLACEMENT_3D('',#9208,#9209,#9210);
#9208 = CARTESIAN_POINT('',(-6.35,-1.27,1.));
#9209 = DIRECTION('',(0.,-1.2E-16,-1.));
#9210 = DIRECTION('',(1.,0.,0.));
#9211 = ADVANCED_FACE('',(#9212),#9218,.F.);
#9212 = FACE_BOUND('',#9213,.T.);
#9213 = EDGE_LOOP('',(#9214,#9215,#9216,#9217));
#9214 = ORIENTED_EDGE('',*,*,#7796,.F.);
#9215 = ORIENTED_EDGE('',*,*,#7772,.F.);
#9216 = ORIENTED_EDGE('',*,*,#7827,.F.);
#9217 = ORIENTED_EDGE('',*,*,#7844,.F.);
#9218 = PLANE('',#9219);
#9219 = AXIS2_PLACEMENT_3D('',#9220,#9221,#9222);
#9220 = CARTESIAN_POINT('',(-3.81,-1.27,1.));
#9221 = DIRECTION('',(0.,-1.2E-16,-1.));
#9222 = DIRECTION('',(1.,0.,0.));
#9223 = ADVANCED_FACE('',(#9224),#9230,.F.);
#9224 = FACE_BOUND('',#9225,.T.);
#9225 = EDGE_LOOP('',(#9226,#9227,#9228,#9229));
#9226 = ORIENTED_EDGE('',*,*,#7892,.F.);
#9227 = ORIENTED_EDGE('',*,*,#7868,.F.);
#9228 = ORIENTED_EDGE('',*,*,#7923,.F.);
#9229 = ORIENTED_EDGE('',*,*,#7940,.F.);
#9230 = PLANE('',#9231);
#9231 = AXIS2_PLACEMENT_3D('',#9232,#9233,#9234);
#9232 = CARTESIAN_POINT('',(-1.27,-1.27,1.));
#9233 = DIRECTION('',(0.,-1.2E-16,-1.));
#9234 = DIRECTION('',(1.,0.,0.));
#9235 = ADVANCED_FACE('',(#9236),#9242,.F.);
#9236 = FACE_BOUND('',#9237,.T.);
#9237 = EDGE_LOOP('',(#9238,#9239,#9240,#9241));
#9238 = ORIENTED_EDGE('',*,*,#7988,.F.);
#9239 = ORIENTED_EDGE('',*,*,#7964,.F.);
#9240 = ORIENTED_EDGE('',*,*,#8019,.F.);
#9241 = ORIENTED_EDGE('',*,*,#8036,.F.);
#9242 = PLANE('',#9243);
#9243 = AXIS2_PLACEMENT_3D('',#9244,#9245,#9246);
#9244 = CARTESIAN_POINT('',(1.27,-1.27,1.));
#9245 = DIRECTION('',(0.,-1.2E-16,-1.));
#9246 = DIRECTION('',(1.,0.,0.));
#9247 = ADVANCED_FACE('',(#9248),#9254,.F.);
#9248 = FACE_BOUND('',#9249,.T.);
#9249 = EDGE_LOOP('',(#9250,#9251,#9252,#9253));
#9250 = ORIENTED_EDGE('',*,*,#8084,.F.);
#9251 = ORIENTED_EDGE('',*,*,#8060,.F.);
#9252 = ORIENTED_EDGE('',*,*,#8115,.F.);
#9253 = ORIENTED_EDGE('',*,*,#8132,.F.);
#9254 = PLANE('',#9255);
#9255 = AXIS2_PLACEMENT_3D('',#9256,#9257,#9258);
#9256 = CARTESIAN_POINT('',(3.81,-1.27,1.));
#9257 = DIRECTION('',(0.,-1.2E-16,-1.));
#9258 = DIRECTION('',(1.,0.,0.));
#9259 = ADVANCED_FACE('',(#9260),#9266,.F.);
#9260 = FACE_BOUND('',#9261,.T.);
#9261 = EDGE_LOOP('',(#9262,#9263,#9264,#9265));
#9262 = ORIENTED_EDGE('',*,*,#8180,.F.);
#9263 = ORIENTED_EDGE('',*,*,#8156,.F.);
#9264 = ORIENTED_EDGE('',*,*,#8211,.F.);
#9265 = ORIENTED_EDGE('',*,*,#8228,.F.);
#9266 = PLANE('',#9267);
#9267 = AXIS2_PLACEMENT_3D('',#9268,#9269,#9270);
#9268 = CARTESIAN_POINT('',(6.35,-1.27,1.));
#9269 = DIRECTION('',(0.,-1.2E-16,-1.));
#9270 = DIRECTION('',(1.,0.,0.));
#9271 = ADVANCED_FACE('',(#9272),#9278,.F.);
#9272 = FACE_BOUND('',#9273,.T.);
#9273 = EDGE_LOOP('',(#9274,#9275,#9276,#9277));
#9274 = ORIENTED_EDGE('',*,*,#8276,.F.);
#9275 = ORIENTED_EDGE('',*,*,#8252,.F.);
#9276 = ORIENTED_EDGE('',*,*,#8307,.F.);
#9277 = ORIENTED_EDGE('',*,*,#8324,.F.);
#9278 = PLANE('',#9279);
#9279 = AXIS2_PLACEMENT_3D('',#9280,#9281,#9282);
#9280 = CARTESIAN_POINT('',(8.89,-1.27,1.));
#9281 = DIRECTION('',(0.,-1.2E-16,-1.));
#9282 = DIRECTION('',(1.,0.,0.));
#9283 = ADVANCED_FACE('',(#9284),#9290,.F.);
#9284 = FACE_BOUND('',#9285,.T.);
#9285 = EDGE_LOOP('',(#9286,#9287,#9288,#9289));
#9286 = ORIENTED_EDGE('',*,*,#8372,.F.);
#9287 = ORIENTED_EDGE('',*,*,#8348,.F.);
#9288 = ORIENTED_EDGE('',*,*,#8403,.F.);
#9289 = ORIENTED_EDGE('',*,*,#8420,.F.);
#9290 = PLANE('',#9291);
#9291 = AXIS2_PLACEMENT_3D('',#9292,#9293,#9294);
#9292 = CARTESIAN_POINT('',(11.43,-1.27,1.));
#9293 = DIRECTION('',(0.,-1.2E-16,-1.));
#9294 = DIRECTION('',(1.,0.,0.));
#9295 = ADVANCED_FACE('',(#9296),#9302,.F.);
#9296 = FACE_BOUND('',#9297,.T.);
#9297 = EDGE_LOOP('',(#9298,#9299,#9300,#9301));
#9298 = ORIENTED_EDGE('',*,*,#8468,.F.);
#9299 = ORIENTED_EDGE('',*,*,#8444,.F.);
#9300 = ORIENTED_EDGE('',*,*,#8499,.F.);
#9301 = ORIENTED_EDGE('',*,*,#8516,.F.);
#9302 = PLANE('',#9303);
#9303 = AXIS2_PLACEMENT_3D('',#9304,#9305,#9306);
#9304 = CARTESIAN_POINT('',(13.97,-1.27,1.));
#9305 = DIRECTION('',(0.,-1.2E-16,-1.));
#9306 = DIRECTION('',(1.,0.,0.));
#9307 = ADVANCED_FACE('',(#9308),#9314,.F.);
#9308 = FACE_BOUND('',#9309,.T.);
#9309 = EDGE_LOOP('',(#9310,#9311,#9312,#9313));
#9310 = ORIENTED_EDGE('',*,*,#8564,.F.);
#9311 = ORIENTED_EDGE('',*,*,#8540,.F.);
#9312 = ORIENTED_EDGE('',*,*,#8595,.F.);
#9313 = ORIENTED_EDGE('',*,*,#8612,.F.);
#9314 = PLANE('',#9315);
#9315 = AXIS2_PLACEMENT_3D('',#9316,#9317,#9318);
#9316 = CARTESIAN_POINT('',(16.51,-1.27,1.));
#9317 = DIRECTION('',(0.,-1.2E-16,-1.));
#9318 = DIRECTION('',(1.,0.,0.));
#9319 = ADVANCED_FACE('',(#9320),#9326,.F.);
#9320 = FACE_BOUND('',#9321,.T.);
#9321 = EDGE_LOOP('',(#9322,#9323,#9324,#9325));
#9322 = ORIENTED_EDGE('',*,*,#8660,.F.);
#9323 = ORIENTED_EDGE('',*,*,#8636,.F.);
#9324 = ORIENTED_EDGE('',*,*,#8691,.F.);
#9325 = ORIENTED_EDGE('',*,*,#8708,.F.);
#9326 = PLANE('',#9327);
#9327 = AXIS2_PLACEMENT_3D('',#9328,#9329,#9330);
#9328 = CARTESIAN_POINT('',(19.05,-1.27,1.));
#9329 = DIRECTION('',(0.,-1.2E-16,-1.));
#9330 = DIRECTION('',(1.,0.,0.));
#9331 = ADVANCED_FACE('',(#9332),#9338,.F.);
#9332 = FACE_BOUND('',#9333,.T.);
#9333 = EDGE_LOOP('',(#9334,#9335,#9336,#9337));
#9334 = ORIENTED_EDGE('',*,*,#8756,.F.);
#9335 = ORIENTED_EDGE('',*,*,#8732,.F.);
#9336 = ORIENTED_EDGE('',*,*,#8787,.F.);
#9337 = ORIENTED_EDGE('',*,*,#8804,.F.);
#9338 = PLANE('',#9339);
#9339 = AXIS2_PLACEMENT_3D('',#9340,#9341,#9342);
#9340 = CARTESIAN_POINT('',(21.59,-1.27,1.));
#9341 = DIRECTION('',(0.,-1.2E-16,-1.));
#9342 = DIRECTION('',(1.,0.,0.));
#9343 = ADVANCED_FACE('',(#9344),#9350,.F.);
#9344 = FACE_BOUND('',#9345,.T.);
#9345 = EDGE_LOOP('',(#9346,#9347,#9348,#9349));
#9346 = ORIENTED_EDGE('',*,*,#8852,.F.);
#9347 = ORIENTED_EDGE('',*,*,#8828,.F.);
#9348 = ORIENTED_EDGE('',*,*,#8883,.F.);
#9349 = ORIENTED_EDGE('',*,*,#8900,.F.);
#9350 = PLANE('',#9351);
#9351 = AXIS2_PLACEMENT_3D('',#9352,#9353,#9354);
#9352 = CARTESIAN_POINT('',(24.13,-1.27,1.));
#9353 = DIRECTION('',(0.,-1.2E-16,-1.));
#9354 = DIRECTION('',(1.,0.,0.));
#9355 = ( GEOMETRIC_REPRESENTATION_CONTEXT(3) 
GLOBAL_UNCERTAINTY_ASSIGNED_CONTEXT((#9359)) 
GLOBAL_UNIT_ASSIGNED_CONTEXT((#9356,#9357,#9358)) REPRESENTATION_CONTEXT
('Context #1','3D Context with UNIT and UNCERTAINTY') );
#9356 = ( LENGTH_UNIT() NAMED_UNIT(*) SI_UNIT(.MILLI.,.METRE.) );
#9357 = ( NAMED_UNIT(*) PLANE_ANGLE_UNIT() SI_UNIT($,.RADIAN.) );
#9358 = ( NAMED_UNIT(*) SI_UNIT($,.STERADIAN.) SOLID_ANGLE_UNIT() );
#9359 = UNCERTAINTY_MEASURE_WITH_UNIT(LENGTH_MEASURE(1.E-07),#9356,
  'distance_accuracy_value','confusion accuracy');
#9360 = PRODUCT_RELATED_PRODUCT_CATEGORY('part',$,(#7));
#9361 = MECHANICAL_DESIGN_GEOMETRIC_PRESENTATION_REPRESENTATION('',(
    #9362),#9355);
#9362 = STYLED_ITEM('color',(#9363),#15);
#9363 = PRESENTATION_STYLE_ASSIGNMENT((#9364,#9370));
#9364 = SURFACE_STYLE_USAGE(.BOTH.,#9365);
#9365 = SURFACE_SIDE_STYLE('',(#9366));
#9366 = SURFACE_STYLE_FILL_AREA(#9367);
#9367 = FILL_AREA_STYLE('',(#9368));
#9368 = FILL_AREA_STYLE_COLOUR('',#9369);
#9369 = COLOUR_RGB('',0.956862747054,0.345098051753,0.243137258719);
#9370 = CURVE_STYLE('',#9371,POSITIVE_LENGTH_MEASURE(0.1),#9372);
#9371 = DRAUGHTING_PRE_DEFINED_CURVE_FONT('continuous');
#9372 = DRAUGHTING_PRE_DEFINED_COLOUR('black');
ENDSEC;
END-ISO-10303-21;
