ISO-10303-21;
HEADER;
FILE_DESCRIPTION(('FreeCAD Model'),'2;1');
FILE_NAME('Open CASCADE Shape Model','2026-10-02T12:58:48',(''),(''),
  'Open CASCADE STEP processor 7.8','FreeCAD','Unknown');
FILE_SCHEMA(('AUTOMOTIVE_DESIGN { 1 0 10303 214 1 1 1 1 }'));
ENDSEC;
DATA;
#1 = APPLICATION_PROTOCOL_DEFINITION('international standard',
  'automotive_design',2000,#2);
#2 = APPLICATION_CONTEXT(
  'core data for automotive mechanical design processes');
#3 = SHAPE_DEFINITION_REPRESENTATION(#4,#10);
#4 = PRODUCT_DEFINITION_SHAPE('','',#5);
#5 = PRODUCT_DEFINITION('design','',#6,#9);
#6 = PRODUCT_DEFINITION_FORMATION('','',#7);
#7 = PRODUCT('Body','Body','',(#8));
#8 = PRODUCT_CONTEXT('',#2,'mechanical');
#9 = PRODUCT_DEFINITION_CONTEXT('part definition',#2,'design');
#10 = ADVANCED_BREP_SHAPE_REPRESENTATION('',(#11,#15),#13308);
#11 = AXIS2_PLACEMENT_3D('',#12,#13,#14);
#12 = CARTESIAN_POINT('',(0.,0.,0.));
#13 = DIRECTION('',(0.,0.,1.));
#14 = DIRECTION('',(1.,0.,-0.));
#15 = MANIFOLD_SOLID_BREP('',#16);
#16 = CLOSED_SHELL('',(#17,#121,#152,#176,#215,#393,#417,#441,#465,#489,
    #521,#545,#698,#2716,#2733,#2764,#2789,#2813,#2838,#2862,#2887,#2949
    ,#2967,#3044,#3068,#3238,#3255,#3267,#3300,#3324,#3348,#3373,#3397,
    #3426,#3459,#3490,#3514,#3539,#3563,#3587,#3612,#3637,#3661,#3685,
    #3714,#3745,#3770,#3795,#3819,#3881,#3906,#3931,#3948,#3978,#4033,
    #4150,#4168,#4185,#4215,#4334,#4389,#4407,#4440,#4464,#4476,#4502,
    #4527,#4539,#4563,#4581,#4611,#4635,#4769,#4818,#4849,#4875,#4901,
    #4927,#4953,#4979,#5003,#5027,#5053,#5079,#5098,#5131,#5157,#5183,
    #5209,#5235,#5261,#5287,#5313,#5339,#5365,#5391,#5410,#5443,#5469,
    #5495,#5514,#5547,#5573,#5599,#5625,#5651,#5677,#5703,#5729,#5755,
    #5781,#5807,#5826,#5859,#5885,#5911,#5935,#5961,#5980,#6013,#6039,
    #6065,#6089,#6115,#6141,#6167,#6193,#6217,#6241,#6267,#6293,#6319,
    #6345,#6369,#6393,#6419,#6438,#6471,#6495,#6521,#6547,#6573,#6599,
    #6625,#6651,#6677,#6703,#6729,#6755,#6781,#6807,#6833,#6859,#6885,
    #6911,#6937,#6963,#6989,#7015,#7039,#7058,#7089,#7115,#7141,#7167,
    #7193,#7219,#7243,#7267,#7293,#7319,#7338,#7371,#7397,#7423,#7447,
    #7473,#7492,#7523,#7547,#7573,#7599,#7625,#7651,#7677,#7701,#7725,
    #7749,#7775,#7801,#7827,#7853,#7877,#7903,#7927,#7951,#7977,#7996,
    #8029,#8053,#8079,#8105,#8131,#8157,#8183,#8209,#8235,#8261,#8287,
    #8313,#8339,#8365,#8391,#8417,#8443,#8469,#8495,#8521,#8547,#8573,
    #8597,#8616,#8647,#8673,#8699,#8725,#8751,#8777,#8801,#8825,#8851,
    #8877,#8896,#8929,#8955,#8981,#9005,#9031,#9050,#9081,#9105,#9131,
    #9157,#9183,#9209,#9233,#9259,#9285,#9311,#9328,#9361,#9387,#9413,
    #9439,#9465,#9491,#9515,#9541,#9567,#9591,#9615,#9634,#9665,#9691,
    #9717,#9743,#9769,#9795,#9819,#9843,#9869,#9893,#9919,#9945,#9964,
    #9994,#10049,#10195,#10213,#10251,#10268,#10285,#10297,#10321,#10345
    ,#10362,#10386,#10410,#10435,#10459,#10488,#10519,#10543,#10568,
    #10592,#10616,#10641,#10666,#10690,#10714,#10743,#10779,#10802,
    #10826,#10842,#10865,#10888,#10905,#10932,#10966,#10990,#11016,
    #11034,#11061,#11093,#11120,#11144,#11163,#11199,#11211,#11238,
    #11270,#11297,#11321,#11340,#11359,#11477,#11489,#11509,#11523,
    #11549,#11581,#11600,#11614,#11642,#11674,#11693,#11707,#11784,
    #11920,#11967,#11994,#12028,#12052,#12078,#12096,#12119,#12142,
    #12159,#12182,#12205,#12222,#12234,#12246,#12258,#12270,#12282,
    #12294,#12306,#12339,#12365,#12391,#12417,#12443,#12469,#12495,
    #12521,#12547,#12573,#12599,#12618,#12651,#12675,#12701,#12727,
    #12753,#12779,#12796,#12827,#12851,#12877,#12903,#12929,#12955,
    #12972,#13003,#13027,#13053,#13079,#13105,#13131,#13148,#13179,
    #13203,#13220,#13232,#13252,#13267,#13282,#13297));
#17 = ADVANCED_FACE('',(#18),#116,.T.);
#18 = FACE_BOUND('',#19,.T.);
#19 = EDGE_LOOP('',(#20,#30,#38,#46,#54,#62,#70,#78,#86,#94,#102,#110));
#20 = ORIENTED_EDGE('',*,*,#21,.T.);
#21 = EDGE_CURVE('',#22,#24,#26,.T.);
#22 = VERTEX_POINT('',#23);
#23 = CARTESIAN_POINT('',(5.7,-24.5,0.95));
#24 = VERTEX_POINT('',#25);
#25 = CARTESIAN_POINT('',(5.7,-24.5,1.1));
#26 = LINE('',#27,#28);
#27 = CARTESIAN_POINT('',(5.7,-24.5,0.));
#28 = VECTOR('',#29,1.);
#29 = DIRECTION('',(0.,0.,1.));
#30 = ORIENTED_EDGE('',*,*,#31,.T.);
#31 = EDGE_CURVE('',#24,#32,#34,.T.);
#32 = VERTEX_POINT('',#33);
#33 = CARTESIAN_POINT('',(5.7,-24.5,1.6));
#34 = LINE('',#35,#36);
#35 = CARTESIAN_POINT('',(5.7,-24.5,1.1));
#36 = VECTOR('',#37,1.);
#37 = DIRECTION('',(0.,0.,1.));
#38 = ORIENTED_EDGE('',*,*,#39,.T.);
#39 = EDGE_CURVE('',#32,#40,#42,.T.);
#40 = VERTEX_POINT('',#41);
#41 = CARTESIAN_POINT('',(5.7,-23.,3.1));
#42 = LINE('',#43,#44);
#43 = CARTESIAN_POINT('',(5.7,-18.1375,7.9625));
#44 = VECTOR('',#45,1.);
#45 = DIRECTION('',(0.,0.707106781187,0.707106781187));
#46 = ORIENTED_EDGE('',*,*,#47,.F.);
#47 = EDGE_CURVE('',#48,#40,#50,.T.);
#48 = VERTEX_POINT('',#49);
#49 = CARTESIAN_POINT('',(5.7,22.,3.1));
#50 = LINE('',#51,#52);
#51 = CARTESIAN_POINT('',(5.7,23.5,3.1));
#52 = VECTOR('',#53,1.);
#53 = DIRECTION('',(0.,-1.,0.));
#54 = ORIENTED_EDGE('',*,*,#55,.F.);
#55 = EDGE_CURVE('',#56,#48,#58,.T.);
#56 = VERTEX_POINT('',#57);
#57 = CARTESIAN_POINT('',(5.7,23.5,1.6));
#58 = LINE('',#59,#60);
#59 = CARTESIAN_POINT('',(5.7,17.1375,7.9625));
#60 = VECTOR('',#61,1.);
#61 = DIRECTION('',(0.,-0.707106781187,0.707106781187));
#62 = ORIENTED_EDGE('',*,*,#63,.F.);
#63 = EDGE_CURVE('',#64,#56,#66,.T.);
#64 = VERTEX_POINT('',#65);
#65 = CARTESIAN_POINT('',(5.7,23.5,1.1));
#66 = LINE('',#67,#68);
#67 = CARTESIAN_POINT('',(5.7,23.5,1.1));
#68 = VECTOR('',#69,1.);
#69 = DIRECTION('',(0.,0.,1.));
#70 = ORIENTED_EDGE('',*,*,#71,.F.);
#71 = EDGE_CURVE('',#72,#64,#74,.T.);
#72 = VERTEX_POINT('',#73);
#73 = CARTESIAN_POINT('',(5.7,23.5,0.95));
#74 = LINE('',#75,#76);
#75 = CARTESIAN_POINT('',(5.7,23.5,0.));
#76 = VECTOR('',#77,1.);
#77 = DIRECTION('',(0.,0.,1.));
#78 = ORIENTED_EDGE('',*,*,#79,.T.);
#79 = EDGE_CURVE('',#72,#80,#82,.T.);
#80 = VERTEX_POINT('',#81);
#81 = CARTESIAN_POINT('',(5.7,24.5,0.));
#82 = LINE('',#83,#84);
#83 = CARTESIAN_POINT('',(5.7,17.29270696452,6.846928383706));
#84 = VECTOR('',#85,1.);
#85 = DIRECTION('',(0.,0.724999433594,-0.688749461915));
#86 = ORIENTED_EDGE('',*,*,#87,.F.);
#87 = EDGE_CURVE('',#88,#80,#90,.T.);
#88 = VERTEX_POINT('',#89);
#89 = CARTESIAN_POINT('',(5.7,23.5,0.));
#90 = LINE('',#91,#92);
#91 = CARTESIAN_POINT('',(5.7,-0.35639994567,0.));
#92 = VECTOR('',#93,1.);
#93 = DIRECTION('',(0.,1.,0.));
#94 = ORIENTED_EDGE('',*,*,#95,.F.);
#95 = EDGE_CURVE('',#96,#88,#98,.T.);
#96 = VERTEX_POINT('',#97);
#97 = CARTESIAN_POINT('',(5.7,-24.5,0.));
#98 = LINE('',#99,#100);
#99 = CARTESIAN_POINT('',(5.7,-24.5,0.));
#100 = VECTOR('',#101,1.);
#101 = DIRECTION('',(0.,1.,0.));
#102 = ORIENTED_EDGE('',*,*,#103,.T.);
#103 = EDGE_CURVE('',#96,#104,#106,.T.);
#104 = VERTEX_POINT('',#105);
#105 = CARTESIAN_POINT('',(5.7,-25.5,0.));
#106 = LINE('',#107,#108);
#107 = CARTESIAN_POINT('',(5.7,-0.35639994567,0.));
#108 = VECTOR('',#109,1.);
#109 = DIRECTION('',(0.,-1.,0.));
#110 = ORIENTED_EDGE('',*,*,#111,.F.);
#111 = EDGE_CURVE('',#22,#104,#112,.T.);
#112 = LINE('',#113,#114);
#113 = CARTESIAN_POINT('',(5.7,-18.29270696452,6.846928383706));
#114 = VECTOR('',#115,1.);
#115 = DIRECTION('',(0.,-0.724999433594,-0.688749461915));
#116 = PLANE('',#117);
#117 = AXIS2_PLACEMENT_3D('',#118,#119,#120);
#118 = CARTESIAN_POINT('',(5.7,-0.5,1.55));
#119 = DIRECTION('',(-1.,-0.,-0.));
#120 = DIRECTION('',(0.,0.,-1.));
#121 = ADVANCED_FACE('',(#122),#147,.T.);
#122 = FACE_BOUND('',#123,.T.);
#123 = EDGE_LOOP('',(#124,#134,#140,#141));
#124 = ORIENTED_EDGE('',*,*,#125,.T.);
#125 = EDGE_CURVE('',#126,#128,#130,.T.);
#126 = VERTEX_POINT('',#127);
#127 = CARTESIAN_POINT('',(-35.5,-24.5,0.95));
#128 = VERTEX_POINT('',#129);
#129 = CARTESIAN_POINT('',(-35.5,-24.5,1.1));
#130 = LINE('',#131,#132);
#131 = CARTESIAN_POINT('',(-35.5,-24.5,0.));
#132 = VECTOR('',#133,1.);
#133 = DIRECTION('',(0.,0.,1.));
#134 = ORIENTED_EDGE('',*,*,#135,.T.);
#135 = EDGE_CURVE('',#128,#24,#136,.T.);
#136 = LINE('',#137,#138);
#137 = CARTESIAN_POINT('',(-35.5,-24.5,1.1));
#138 = VECTOR('',#139,1.);
#139 = DIRECTION('',(1.,0.,0.));
#140 = ORIENTED_EDGE('',*,*,#21,.F.);
#141 = ORIENTED_EDGE('',*,*,#142,.F.);
#142 = EDGE_CURVE('',#126,#22,#143,.T.);
#143 = LINE('',#144,#145);
#144 = CARTESIAN_POINT('',(-35.5,-24.5,0.95));
#145 = VECTOR('',#146,1.);
#146 = DIRECTION('',(1.,0.,0.));
#147 = PLANE('',#148);
#148 = AXIS2_PLACEMENT_3D('',#149,#150,#151);
#149 = CARTESIAN_POINT('',(-35.5,-24.5,0.));
#150 = DIRECTION('',(0.,1.,0.));
#151 = DIRECTION('',(1.,0.,0.));
#152 = ADVANCED_FACE('',(#153),#171,.F.);
#153 = FACE_BOUND('',#154,.T.);
#154 = EDGE_LOOP('',(#155,#163,#164,#165));
#155 = ORIENTED_EDGE('',*,*,#156,.F.);
#156 = EDGE_CURVE('',#126,#157,#159,.T.);
#157 = VERTEX_POINT('',#158);
#158 = CARTESIAN_POINT('',(-35.5,-25.5,0.));
#159 = LINE('',#160,#161);
#160 = CARTESIAN_POINT('',(-35.5,-17.72451639035,7.386709429165));
#161 = VECTOR('',#162,1.);
#162 = DIRECTION('',(0.,-0.724999433594,-0.688749461915));
#163 = ORIENTED_EDGE('',*,*,#142,.T.);
#164 = ORIENTED_EDGE('',*,*,#111,.T.);
#165 = ORIENTED_EDGE('',*,*,#166,.F.);
#166 = EDGE_CURVE('',#157,#104,#167,.T.);
#167 = LINE('',#168,#169);
#168 = CARTESIAN_POINT('',(-35.5,-25.5,0.));
#169 = VECTOR('',#170,1.);
#170 = DIRECTION('',(1.,0.,0.));
#171 = PLANE('',#172);
#172 = AXIS2_PLACEMENT_3D('',#173,#174,#175);
#173 = CARTESIAN_POINT('',(-35.5,-25.,0.475));
#174 = DIRECTION('',(0.,-0.688749461915,0.724999433594));
#175 = DIRECTION('',(-1.,-0.,-0.));
#176 = ADVANCED_FACE('',(#177),#210,.F.);
#177 = FACE_BOUND('',#178,.F.);
#178 = EDGE_LOOP('',(#179,#189,#197,#203,#204));
#179 = ORIENTED_EDGE('',*,*,#180,.T.);
#180 = EDGE_CURVE('',#181,#183,#185,.T.);
#181 = VERTEX_POINT('',#182);
#182 = CARTESIAN_POINT('',(6.7,-24.5,1.6));
#183 = VERTEX_POINT('',#184);
#184 = CARTESIAN_POINT('',(7.2,-24.5,1.1));
#185 = LINE('',#186,#187);
#186 = CARTESIAN_POINT('',(6.7,-24.5,1.6));
#187 = VECTOR('',#188,1.);
#188 = DIRECTION('',(0.707106781187,0.,-0.707106781187));
#189 = ORIENTED_EDGE('',*,*,#190,.F.);
#190 = EDGE_CURVE('',#191,#183,#193,.T.);
#191 = VERTEX_POINT('',#192);
#192 = CARTESIAN_POINT('',(6.7,-24.5,1.1));
#193 = LINE('',#194,#195);
#194 = CARTESIAN_POINT('',(3.387356787045,-24.5,1.1));
#195 = VECTOR('',#196,1.);
#196 = DIRECTION('',(1.,0.,0.));
#197 = ORIENTED_EDGE('',*,*,#198,.F.);
#198 = EDGE_CURVE('',#24,#191,#199,.T.);
#199 = LINE('',#200,#201);
#200 = CARTESIAN_POINT('',(5.7,-24.5,1.1));
#201 = VECTOR('',#202,1.);
#202 = DIRECTION('',(1.,0.,0.));
#203 = ORIENTED_EDGE('',*,*,#31,.T.);
#204 = ORIENTED_EDGE('',*,*,#205,.T.);
#205 = EDGE_CURVE('',#32,#181,#206,.T.);
#206 = LINE('',#207,#208);
#207 = CARTESIAN_POINT('',(5.7,-24.5,1.6));
#208 = VECTOR('',#209,1.);
#209 = DIRECTION('',(1.,0.,0.));
#210 = PLANE('',#211);
#211 = AXIS2_PLACEMENT_3D('',#212,#213,#214);
#212 = CARTESIAN_POINT('',(5.7,-24.5,1.1));
#213 = DIRECTION('',(0.,1.,0.));
#214 = DIRECTION('',(1.,0.,0.));
#215 = ADVANCED_FACE('',(#216,#252,#322),#388,.F.);
#216 = FACE_BOUND('',#217,.F.);
#217 = EDGE_LOOP('',(#218,#226,#234,#242,#248,#249,#250,#251));
#218 = ORIENTED_EDGE('',*,*,#219,.F.);
#219 = EDGE_CURVE('',#220,#157,#222,.T.);
#220 = VERTEX_POINT('',#221);
#221 = CARTESIAN_POINT('',(-35.5,-24.5,0.));
#222 = LINE('',#223,#224);
#223 = CARTESIAN_POINT('',(-35.5,-0.35639994567,0.));
#224 = VECTOR('',#225,1.);
#225 = DIRECTION('',(-0.,-1.,-0.));
#226 = ORIENTED_EDGE('',*,*,#227,.F.);
#227 = EDGE_CURVE('',#228,#220,#230,.T.);
#228 = VERTEX_POINT('',#229);
#229 = CARTESIAN_POINT('',(-35.5,23.5,0.));
#230 = LINE('',#231,#232);
#231 = CARTESIAN_POINT('',(-35.5,23.5,0.));
#232 = VECTOR('',#233,1.);
#233 = DIRECTION('',(0.,-1.,0.));
#234 = ORIENTED_EDGE('',*,*,#235,.T.);
#235 = EDGE_CURVE('',#228,#236,#238,.T.);
#236 = VERTEX_POINT('',#237);
#237 = CARTESIAN_POINT('',(-35.5,24.5,0.));
#238 = LINE('',#239,#240);
#239 = CARTESIAN_POINT('',(-35.5,-0.35639994567,0.));
#240 = VECTOR('',#241,1.);
#241 = DIRECTION('',(0.,1.,0.));
#242 = ORIENTED_EDGE('',*,*,#243,.F.);
#243 = EDGE_CURVE('',#80,#236,#244,.T.);
#244 = LINE('',#245,#246);
#245 = CARTESIAN_POINT('',(5.7,24.5,0.));
#246 = VECTOR('',#247,1.);
#247 = DIRECTION('',(-1.,0.,0.));
#248 = ORIENTED_EDGE('',*,*,#87,.F.);
#249 = ORIENTED_EDGE('',*,*,#95,.F.);
#250 = ORIENTED_EDGE('',*,*,#103,.T.);
#251 = ORIENTED_EDGE('',*,*,#166,.F.);
#252 = FACE_BOUND('',#253,.F.);
#253 = EDGE_LOOP('',(#254,#264,#273,#281,#290,#298,#307,#315));
#254 = ORIENTED_EDGE('',*,*,#255,.T.);
#255 = EDGE_CURVE('',#256,#258,#260,.T.);
#256 = VERTEX_POINT('',#257);
#257 = CARTESIAN_POINT('',(-60.5,45.5,0.));
#258 = VERTEX_POINT('',#259);
#259 = CARTESIAN_POINT('',(-60.5,-45.5,0.));
#260 = LINE('',#261,#262);
#261 = CARTESIAN_POINT('',(-60.5,45.5,0.));
#262 = VECTOR('',#263,1.);
#263 = DIRECTION('',(0.,-1.,0.));
#264 = ORIENTED_EDGE('',*,*,#265,.T.);
#265 = EDGE_CURVE('',#258,#266,#268,.T.);
#266 = VERTEX_POINT('',#267);
#267 = CARTESIAN_POINT('',(-59.5,-46.5,0.));
#268 = CIRCLE('',#269,1.);
#269 = AXIS2_PLACEMENT_3D('',#270,#271,#272);
#270 = CARTESIAN_POINT('',(-59.5,-45.5,0.));
#271 = DIRECTION('',(0.,0.,1.));
#272 = DIRECTION('',(1.,0.,0.));
#273 = ORIENTED_EDGE('',*,*,#274,.T.);
#274 = EDGE_CURVE('',#266,#275,#277,.T.);
#275 = VERTEX_POINT('',#276);
#276 = CARTESIAN_POINT('',(59.5,-46.5,0.));
#277 = LINE('',#278,#279);
#278 = CARTESIAN_POINT('',(-59.5,-46.5,0.));
#279 = VECTOR('',#280,1.);
#280 = DIRECTION('',(1.,0.,0.));
#281 = ORIENTED_EDGE('',*,*,#282,.T.);
#282 = EDGE_CURVE('',#275,#283,#285,.T.);
#283 = VERTEX_POINT('',#284);
#284 = CARTESIAN_POINT('',(60.5,-45.5,0.));
#285 = CIRCLE('',#286,1.);
#286 = AXIS2_PLACEMENT_3D('',#287,#288,#289);
#287 = CARTESIAN_POINT('',(59.5,-45.5,0.));
#288 = DIRECTION('',(0.,0.,1.));
#289 = DIRECTION('',(1.,0.,0.));
#290 = ORIENTED_EDGE('',*,*,#291,.T.);
#291 = EDGE_CURVE('',#283,#292,#294,.T.);
#292 = VERTEX_POINT('',#293);
#293 = CARTESIAN_POINT('',(60.5,45.5,0.));
#294 = LINE('',#295,#296);
#295 = CARTESIAN_POINT('',(60.5,-45.5,0.));
#296 = VECTOR('',#297,1.);
#297 = DIRECTION('',(0.,1.,0.));
#298 = ORIENTED_EDGE('',*,*,#299,.T.);
#299 = EDGE_CURVE('',#292,#300,#302,.T.);
#300 = VERTEX_POINT('',#301);
#301 = CARTESIAN_POINT('',(59.5,46.5,0.));
#302 = CIRCLE('',#303,1.);
#303 = AXIS2_PLACEMENT_3D('',#304,#305,#306);
#304 = CARTESIAN_POINT('',(59.5,45.5,0.));
#305 = DIRECTION('',(0.,0.,1.));
#306 = DIRECTION('',(1.,0.,0.));
#307 = ORIENTED_EDGE('',*,*,#308,.T.);
#308 = EDGE_CURVE('',#300,#309,#311,.T.);
#309 = VERTEX_POINT('',#310);
#310 = CARTESIAN_POINT('',(-59.5,46.5,0.));
#311 = LINE('',#312,#313);
#312 = CARTESIAN_POINT('',(59.5,46.5,0.));
#313 = VECTOR('',#314,1.);
#314 = DIRECTION('',(-1.,0.,0.));
#315 = ORIENTED_EDGE('',*,*,#316,.T.);
#316 = EDGE_CURVE('',#309,#256,#317,.T.);
#317 = CIRCLE('',#318,1.);
#318 = AXIS2_PLACEMENT_3D('',#319,#320,#321);
#319 = CARTESIAN_POINT('',(-59.5,45.5,0.));
#320 = DIRECTION('',(0.,0.,1.));
#321 = DIRECTION('',(1.,0.,0.));
#322 = FACE_BOUND('',#323,.F.);
#323 = EDGE_LOOP('',(#324,#334,#342,#350,#358,#366,#374,#382));
#324 = ORIENTED_EDGE('',*,*,#325,.F.);
#325 = EDGE_CURVE('',#326,#328,#330,.T.);
#326 = VERTEX_POINT('',#327);
#327 = CARTESIAN_POINT('',(14.8,-24.5,0.));
#328 = VERTEX_POINT('',#329);
#329 = CARTESIAN_POINT('',(14.8,-25.5,0.));
#330 = LINE('',#331,#332);
#331 = CARTESIAN_POINT('',(14.8,-0.35639994567,0.));
#332 = VECTOR('',#333,1.);
#333 = DIRECTION('',(-0.,-1.,-0.));
#334 = ORIENTED_EDGE('',*,*,#335,.F.);
#335 = EDGE_CURVE('',#336,#326,#338,.T.);
#336 = VERTEX_POINT('',#337);
#337 = CARTESIAN_POINT('',(14.8,23.5,0.));
#338 = LINE('',#339,#340);
#339 = CARTESIAN_POINT('',(14.8,23.5,0.));
#340 = VECTOR('',#341,1.);
#341 = DIRECTION('',(0.,-1.,0.));
#342 = ORIENTED_EDGE('',*,*,#343,.T.);
#343 = EDGE_CURVE('',#336,#344,#346,.T.);
#344 = VERTEX_POINT('',#345);
#345 = CARTESIAN_POINT('',(14.8,24.5,0.));
#346 = LINE('',#347,#348);
#347 = CARTESIAN_POINT('',(14.8,-0.35639994567,0.));
#348 = VECTOR('',#349,1.);
#349 = DIRECTION('',(0.,1.,0.));
#350 = ORIENTED_EDGE('',*,*,#351,.F.);
#351 = EDGE_CURVE('',#352,#344,#354,.T.);
#352 = VERTEX_POINT('',#353);
#353 = CARTESIAN_POINT('',(35.5,24.5,0.));
#354 = LINE('',#355,#356);
#355 = CARTESIAN_POINT('',(35.5,24.5,0.));
#356 = VECTOR('',#357,1.);
#357 = DIRECTION('',(-1.,0.,0.));
#358 = ORIENTED_EDGE('',*,*,#359,.F.);
#359 = EDGE_CURVE('',#360,#352,#362,.T.);
#360 = VERTEX_POINT('',#361);
#361 = CARTESIAN_POINT('',(35.5,23.5,0.));
#362 = LINE('',#363,#364);
#363 = CARTESIAN_POINT('',(35.5,-0.356399945668,0.));
#364 = VECTOR('',#365,1.);
#365 = DIRECTION('',(0.,1.,0.));
#366 = ORIENTED_EDGE('',*,*,#367,.F.);
#367 = EDGE_CURVE('',#368,#360,#370,.T.);
#368 = VERTEX_POINT('',#369);
#369 = CARTESIAN_POINT('',(35.5,-24.5,0.));
#370 = LINE('',#371,#372);
#371 = CARTESIAN_POINT('',(35.5,-24.5,0.));
#372 = VECTOR('',#373,1.);
#373 = DIRECTION('',(0.,1.,0.));
#374 = ORIENTED_EDGE('',*,*,#375,.T.);
#375 = EDGE_CURVE('',#368,#376,#378,.T.);
#376 = VERTEX_POINT('',#377);
#377 = CARTESIAN_POINT('',(35.5,-25.5,0.));
#378 = LINE('',#379,#380);
#379 = CARTESIAN_POINT('',(35.5,-0.356399945668,0.));
#380 = VECTOR('',#381,1.);
#381 = DIRECTION('',(0.,-1.,0.));
#382 = ORIENTED_EDGE('',*,*,#383,.F.);
#383 = EDGE_CURVE('',#328,#376,#384,.T.);
#384 = LINE('',#385,#386);
#385 = CARTESIAN_POINT('',(14.8,-25.5,0.));
#386 = VECTOR('',#387,1.);
#387 = DIRECTION('',(1.,0.,0.));
#388 = PLANE('',#389);
#389 = AXIS2_PLACEMENT_3D('',#390,#391,#392);
#390 = CARTESIAN_POINT('',(1.074713574091,-0.21279989134,0.));
#391 = DIRECTION('',(0.,0.,1.));
#392 = DIRECTION('',(1.,0.,0.));
#393 = ADVANCED_FACE('',(#394),#412,.F.);
#394 = FACE_BOUND('',#395,.T.);
#395 = EDGE_LOOP('',(#396,#397,#398,#406));
#396 = ORIENTED_EDGE('',*,*,#39,.F.);
#397 = ORIENTED_EDGE('',*,*,#205,.T.);
#398 = ORIENTED_EDGE('',*,*,#399,.T.);
#399 = EDGE_CURVE('',#181,#400,#402,.T.);
#400 = VERTEX_POINT('',#401);
#401 = CARTESIAN_POINT('',(6.7,-23.,3.1));
#402 = LINE('',#403,#404);
#403 = CARTESIAN_POINT('',(6.7,-24.25,1.85));
#404 = VECTOR('',#405,1.);
#405 = DIRECTION('',(0.,0.707106781187,0.707106781187));
#406 = ORIENTED_EDGE('',*,*,#407,.F.);
#407 = EDGE_CURVE('',#40,#400,#408,.T.);
#408 = LINE('',#409,#410);
#409 = CARTESIAN_POINT('',(5.7,-23.,3.1));
#410 = VECTOR('',#411,1.);
#411 = DIRECTION('',(1.,0.,0.));
#412 = PLANE('',#413);
#413 = AXIS2_PLACEMENT_3D('',#414,#415,#416);
#414 = CARTESIAN_POINT('',(5.7,-23.75,2.35));
#415 = DIRECTION('',(0.,0.707106781187,-0.707106781187));
#416 = DIRECTION('',(-1.,-0.,-0.));
#417 = ADVANCED_FACE('',(#418),#436,.T.);
#418 = FACE_BOUND('',#419,.T.);
#419 = EDGE_LOOP('',(#420,#428,#434,#435));
#420 = ORIENTED_EDGE('',*,*,#421,.T.);
#421 = EDGE_CURVE('',#400,#422,#424,.T.);
#422 = VERTEX_POINT('',#423);
#423 = CARTESIAN_POINT('',(6.7,22.,3.1));
#424 = LINE('',#425,#426);
#425 = CARTESIAN_POINT('',(6.7,-24.5,3.1));
#426 = VECTOR('',#427,1.);
#427 = DIRECTION('',(0.,1.,0.));
#428 = ORIENTED_EDGE('',*,*,#429,.T.);
#429 = EDGE_CURVE('',#422,#48,#430,.T.);
#430 = LINE('',#431,#432);
#431 = CARTESIAN_POINT('',(6.7,22.,3.1));
#432 = VECTOR('',#433,1.);
#433 = DIRECTION('',(-1.,0.,0.));
#434 = ORIENTED_EDGE('',*,*,#47,.T.);
#435 = ORIENTED_EDGE('',*,*,#407,.T.);
#436 = PLANE('',#437);
#437 = AXIS2_PLACEMENT_3D('',#438,#439,#440);
#438 = CARTESIAN_POINT('',(10.25,-0.5,3.1));
#439 = DIRECTION('',(0.,0.,1.));
#440 = DIRECTION('',(1.,0.,0.));
#441 = ADVANCED_FACE('',(#442),#460,.F.);
#442 = FACE_BOUND('',#443,.T.);
#443 = EDGE_LOOP('',(#444,#452,#458,#459));
#444 = ORIENTED_EDGE('',*,*,#445,.F.);
#445 = EDGE_CURVE('',#446,#422,#448,.T.);
#446 = VERTEX_POINT('',#447);
#447 = CARTESIAN_POINT('',(6.7,23.5,1.6));
#448 = LINE('',#449,#450);
#449 = CARTESIAN_POINT('',(6.7,11.25,13.85));
#450 = VECTOR('',#451,1.);
#451 = DIRECTION('',(0.,-0.707106781187,0.707106781187));
#452 = ORIENTED_EDGE('',*,*,#453,.T.);
#453 = EDGE_CURVE('',#446,#56,#454,.T.);
#454 = LINE('',#455,#456);
#455 = CARTESIAN_POINT('',(6.7,23.5,1.6));
#456 = VECTOR('',#457,1.);
#457 = DIRECTION('',(-1.,0.,0.));
#458 = ORIENTED_EDGE('',*,*,#55,.T.);
#459 = ORIENTED_EDGE('',*,*,#429,.F.);
#460 = PLANE('',#461);
#461 = AXIS2_PLACEMENT_3D('',#462,#463,#464);
#462 = CARTESIAN_POINT('',(6.7,22.75,2.35));
#463 = DIRECTION('',(0.,-0.707106781187,-0.707106781187));
#464 = DIRECTION('',(1.,0.,0.));
#465 = ADVANCED_FACE('',(#466),#484,.F.);
#466 = FACE_BOUND('',#467,.T.);
#467 = EDGE_LOOP('',(#468,#469,#477,#483));
#468 = ORIENTED_EDGE('',*,*,#79,.F.);
#469 = ORIENTED_EDGE('',*,*,#470,.T.);
#470 = EDGE_CURVE('',#72,#471,#473,.T.);
#471 = VERTEX_POINT('',#472);
#472 = CARTESIAN_POINT('',(-35.5,23.5,0.95));
#473 = LINE('',#474,#475);
#474 = CARTESIAN_POINT('',(5.7,23.5,0.95));
#475 = VECTOR('',#476,1.);
#476 = DIRECTION('',(-1.,0.,0.));
#477 = ORIENTED_EDGE('',*,*,#478,.T.);
#478 = EDGE_CURVE('',#471,#236,#479,.T.);
#479 = LINE('',#480,#481);
#480 = CARTESIAN_POINT('',(-35.5,16.724516390353,7.386709429164));
#481 = VECTOR('',#482,1.);
#482 = DIRECTION('',(0.,0.724999433594,-0.688749461915));
#483 = ORIENTED_EDGE('',*,*,#243,.F.);
#484 = PLANE('',#485);
#485 = AXIS2_PLACEMENT_3D('',#486,#487,#488);
#486 = CARTESIAN_POINT('',(5.7,24.,0.475));
#487 = DIRECTION('',(0.,0.688749461915,0.724999433594));
#488 = DIRECTION('',(1.,0.,0.));
#489 = ADVANCED_FACE('',(#490),#516,.F.);
#490 = FACE_BOUND('',#491,.F.);
#491 = EDGE_LOOP('',(#492,#500,#501,#502,#510));
#492 = ORIENTED_EDGE('',*,*,#493,.F.);
#493 = EDGE_CURVE('',#446,#494,#496,.T.);
#494 = VERTEX_POINT('',#495);
#495 = CARTESIAN_POINT('',(7.2,23.5,1.1));
#496 = LINE('',#497,#498);
#497 = CARTESIAN_POINT('',(6.95,23.5,1.35));
#498 = VECTOR('',#499,1.);
#499 = DIRECTION('',(0.707106781187,0.,-0.707106781187));
#500 = ORIENTED_EDGE('',*,*,#453,.T.);
#501 = ORIENTED_EDGE('',*,*,#63,.F.);
#502 = ORIENTED_EDGE('',*,*,#503,.F.);
#503 = EDGE_CURVE('',#504,#64,#506,.T.);
#504 = VERTEX_POINT('',#505);
#505 = CARTESIAN_POINT('',(6.7,23.5,1.1));
#506 = LINE('',#507,#508);
#507 = CARTESIAN_POINT('',(6.7,23.5,1.1));
#508 = VECTOR('',#509,1.);
#509 = DIRECTION('',(-1.,0.,0.));
#510 = ORIENTED_EDGE('',*,*,#511,.T.);
#511 = EDGE_CURVE('',#504,#494,#512,.T.);
#512 = LINE('',#513,#514);
#513 = CARTESIAN_POINT('',(3.887356787045,23.5,1.1));
#514 = VECTOR('',#515,1.);
#515 = DIRECTION('',(1.,0.,0.));
#516 = PLANE('',#517);
#517 = AXIS2_PLACEMENT_3D('',#518,#519,#520);
#518 = CARTESIAN_POINT('',(6.7,23.5,1.1));
#519 = DIRECTION('',(0.,-1.,0.));
#520 = DIRECTION('',(-1.,0.,0.));
#521 = ADVANCED_FACE('',(#522),#540,.T.);
#522 = FACE_BOUND('',#523,.T.);
#523 = EDGE_LOOP('',(#524,#525,#533,#539));
#524 = ORIENTED_EDGE('',*,*,#71,.T.);
#525 = ORIENTED_EDGE('',*,*,#526,.T.);
#526 = EDGE_CURVE('',#64,#527,#529,.T.);
#527 = VERTEX_POINT('',#528);
#528 = CARTESIAN_POINT('',(-35.5,23.5,1.1));
#529 = LINE('',#530,#531);
#530 = CARTESIAN_POINT('',(5.7,23.5,1.1));
#531 = VECTOR('',#532,1.);
#532 = DIRECTION('',(-1.,0.,0.));
#533 = ORIENTED_EDGE('',*,*,#534,.F.);
#534 = EDGE_CURVE('',#471,#527,#535,.T.);
#535 = LINE('',#536,#537);
#536 = CARTESIAN_POINT('',(-35.5,23.5,0.));
#537 = VECTOR('',#538,1.);
#538 = DIRECTION('',(0.,0.,1.));
#539 = ORIENTED_EDGE('',*,*,#470,.F.);
#540 = PLANE('',#541);
#541 = AXIS2_PLACEMENT_3D('',#542,#543,#544);
#542 = CARTESIAN_POINT('',(5.7,23.5,0.));
#543 = DIRECTION('',(0.,-1.,0.));
#544 = DIRECTION('',(-1.,0.,0.));
#545 = ADVANCED_FACE('',(#546),#693,.T.);
#546 = FACE_BOUND('',#547,.T.);
#547 = EDGE_LOOP('',(#548,#549,#557,#565,#573,#582,#590,#598,#606,#615,
    #623,#632,#640,#648,#656,#665,#673,#681,#687,#688,#689,#690,#691,
    #692));
#548 = ORIENTED_EDGE('',*,*,#534,.T.);
#549 = ORIENTED_EDGE('',*,*,#550,.T.);
#550 = EDGE_CURVE('',#527,#551,#553,.T.);
#551 = VERTEX_POINT('',#552);
#552 = CARTESIAN_POINT('',(-35.5,23.5,2.1));
#553 = LINE('',#554,#555);
#554 = CARTESIAN_POINT('',(-35.5,23.5,1.1));
#555 = VECTOR('',#556,1.);
#556 = DIRECTION('',(0.,0.,1.));
#557 = ORIENTED_EDGE('',*,*,#558,.T.);
#558 = EDGE_CURVE('',#551,#559,#561,.T.);
#559 = VERTEX_POINT('',#560);
#560 = CARTESIAN_POINT('',(-35.5,20.5,5.1));
#561 = LINE('',#562,#563);
#562 = CARTESIAN_POINT('',(-35.5,16.318561806656,9.281438193344));
#563 = VECTOR('',#564,1.);
#564 = DIRECTION('',(0.,-0.707106781187,0.707106781187));
#565 = ORIENTED_EDGE('',*,*,#566,.F.);
#566 = EDGE_CURVE('',#567,#559,#569,.T.);
#567 = VERTEX_POINT('',#568);
#568 = CARTESIAN_POINT('',(-35.5,19.5,5.1));
#569 = LINE('',#570,#571);
#570 = CARTESIAN_POINT('',(-35.5,-24.5,5.1));
#571 = VECTOR('',#572,1.);
#572 = DIRECTION('',(0.,1.,0.));
#573 = ORIENTED_EDGE('',*,*,#574,.T.);
#574 = EDGE_CURVE('',#567,#575,#577,.T.);
#575 = VERTEX_POINT('',#576);
#576 = CARTESIAN_POINT('',(-35.5,18.5,6.1));
#577 = CIRCLE('',#578,1.);
#578 = AXIS2_PLACEMENT_3D('',#579,#580,#581);
#579 = CARTESIAN_POINT('',(-35.5,19.5,6.1));
#580 = DIRECTION('',(-1.,0.,0.));
#581 = DIRECTION('',(0.,0.,-1.));
#582 = ORIENTED_EDGE('',*,*,#583,.T.);
#583 = EDGE_CURVE('',#575,#584,#586,.T.);
#584 = VERTEX_POINT('',#585);
#585 = CARTESIAN_POINT('',(-35.5,18.5,10.1));
#586 = LINE('',#587,#588);
#587 = CARTESIAN_POINT('',(-35.5,18.5,5.1));
#588 = VECTOR('',#589,1.);
#589 = DIRECTION('',(0.,0.,1.));
#590 = ORIENTED_EDGE('',*,*,#591,.F.);
#591 = EDGE_CURVE('',#592,#584,#594,.T.);
#592 = VERTEX_POINT('',#593);
#593 = CARTESIAN_POINT('',(-35.5,12.5,10.1));
#594 = LINE('',#595,#596);
#595 = CARTESIAN_POINT('',(-35.5,12.5,10.1));
#596 = VECTOR('',#597,1.);
#597 = DIRECTION('',(0.,1.,0.));
#598 = ORIENTED_EDGE('',*,*,#599,.F.);
#599 = EDGE_CURVE('',#600,#592,#602,.T.);
#600 = VERTEX_POINT('',#601);
#601 = CARTESIAN_POINT('',(-35.5,12.5,6.1));
#602 = LINE('',#603,#604);
#603 = CARTESIAN_POINT('',(-35.5,12.5,5.1));
#604 = VECTOR('',#605,1.);
#605 = DIRECTION('',(0.,0.,1.));
#606 = ORIENTED_EDGE('',*,*,#607,.F.);
#607 = EDGE_CURVE('',#608,#600,#610,.T.);
#608 = VERTEX_POINT('',#609);
#609 = CARTESIAN_POINT('',(-35.5,11.5,5.1));
#610 = CIRCLE('',#611,1.);
#611 = AXIS2_PLACEMENT_3D('',#612,#613,#614);
#612 = CARTESIAN_POINT('',(-35.5,11.5,6.1));
#613 = DIRECTION('',(1.,0.,-0.));
#614 = DIRECTION('',(0.,0.,1.));
#615 = ORIENTED_EDGE('',*,*,#616,.F.);
#616 = EDGE_CURVE('',#617,#608,#619,.T.);
#617 = VERTEX_POINT('',#618);
#618 = CARTESIAN_POINT('',(-35.5,-12.49999999999,5.1));
#619 = LINE('',#620,#621);
#620 = CARTESIAN_POINT('',(-35.5,-24.5,5.1));
#621 = VECTOR('',#622,1.);
#622 = DIRECTION('',(0.,1.,0.));
#623 = ORIENTED_EDGE('',*,*,#624,.F.);
#624 = EDGE_CURVE('',#625,#617,#627,.T.);
#625 = VERTEX_POINT('',#626);
#626 = CARTESIAN_POINT('',(-35.5,-13.49999999999,6.1));
#627 = CIRCLE('',#628,1.);
#628 = AXIS2_PLACEMENT_3D('',#629,#630,#631);
#629 = CARTESIAN_POINT('',(-35.5,-12.49999999999,6.1));
#630 = DIRECTION('',(1.,0.,-0.));
#631 = DIRECTION('',(0.,0.,1.));
#632 = ORIENTED_EDGE('',*,*,#633,.T.);
#633 = EDGE_CURVE('',#625,#634,#636,.T.);
#634 = VERTEX_POINT('',#635);
#635 = CARTESIAN_POINT('',(-35.5,-13.49999999999,10.1));
#636 = LINE('',#637,#638);
#637 = CARTESIAN_POINT('',(-35.5,-13.49999999999,5.1));
#638 = VECTOR('',#639,1.);
#639 = DIRECTION('',(0.,0.,1.));
#640 = ORIENTED_EDGE('',*,*,#641,.T.);
#641 = EDGE_CURVE('',#634,#642,#644,.T.);
#642 = VERTEX_POINT('',#643);
#643 = CARTESIAN_POINT('',(-35.5,-19.49999999999,10.1));
#644 = LINE('',#645,#646);
#645 = CARTESIAN_POINT('',(-35.5,-13.49999999999,10.1));
#646 = VECTOR('',#647,1.);
#647 = DIRECTION('',(0.,-1.,0.));
#648 = ORIENTED_EDGE('',*,*,#649,.F.);
#649 = EDGE_CURVE('',#650,#642,#652,.T.);
#650 = VERTEX_POINT('',#651);
#651 = CARTESIAN_POINT('',(-35.5,-19.49999999999,6.1));
#652 = LINE('',#653,#654);
#653 = CARTESIAN_POINT('',(-35.5,-19.49999999999,5.1));
#654 = VECTOR('',#655,1.);
#655 = DIRECTION('',(0.,0.,1.));
#656 = ORIENTED_EDGE('',*,*,#657,.F.);
#657 = EDGE_CURVE('',#658,#650,#660,.T.);
#658 = VERTEX_POINT('',#659);
#659 = CARTESIAN_POINT('',(-35.5,-20.49999999999,5.1));
#660 = CIRCLE('',#661,1.);
#661 = AXIS2_PLACEMENT_3D('',#662,#663,#664);
#662 = CARTESIAN_POINT('',(-35.5,-20.49999999999,6.1));
#663 = DIRECTION('',(1.,-0.,0.));
#664 = DIRECTION('',(0.,0.,-1.));
#665 = ORIENTED_EDGE('',*,*,#666,.F.);
#666 = EDGE_CURVE('',#667,#658,#669,.T.);
#667 = VERTEX_POINT('',#668);
#668 = CARTESIAN_POINT('',(-35.5,-21.5,5.1));
#669 = LINE('',#670,#671);
#670 = CARTESIAN_POINT('',(-35.5,-24.5,5.1));
#671 = VECTOR('',#672,1.);
#672 = DIRECTION('',(0.,1.,0.));
#673 = ORIENTED_EDGE('',*,*,#674,.T.);
#674 = EDGE_CURVE('',#667,#675,#677,.T.);
#675 = VERTEX_POINT('',#676);
#676 = CARTESIAN_POINT('',(-35.5,-24.5,2.1));
#677 = LINE('',#678,#679);
#678 = CARTESIAN_POINT('',(-35.5,-17.31856180665,9.281438193344));
#679 = VECTOR('',#680,1.);
#680 = DIRECTION('',(0.,-0.707106781187,-0.707106781187));
#681 = ORIENTED_EDGE('',*,*,#682,.F.);
#682 = EDGE_CURVE('',#128,#675,#683,.T.);
#683 = LINE('',#684,#685);
#684 = CARTESIAN_POINT('',(-35.5,-24.5,1.1));
#685 = VECTOR('',#686,1.);
#686 = DIRECTION('',(0.,0.,1.));
#687 = ORIENTED_EDGE('',*,*,#125,.F.);
#688 = ORIENTED_EDGE('',*,*,#156,.T.);
#689 = ORIENTED_EDGE('',*,*,#219,.F.);
#690 = ORIENTED_EDGE('',*,*,#227,.F.);
#691 = ORIENTED_EDGE('',*,*,#235,.T.);
#692 = ORIENTED_EDGE('',*,*,#478,.F.);
#693 = PLANE('',#694);
#694 = AXIS2_PLACEMENT_3D('',#695,#696,#697);
#695 = CARTESIAN_POINT('',(-35.5,-0.499999999999,3.825752773376));
#696 = DIRECTION('',(1.,0.,0.));
#697 = DIRECTION('',(0.,0.,1.));
#698 = ADVANCED_FACE('',(#699,#769,#807,#859,#897,#995,#1033,#1123,#1221
    ,#1255,#1353,#1403,#1549,#1743,#1833,#1883,#2045,#2239,#2329,#2379,
    #2469,#2567,#2673),#2711,.T.);
#699 = FACE_BOUND('',#700,.T.);
#700 = EDGE_LOOP('',(#701,#711,#720,#728,#737,#745,#754,#762));
#701 = ORIENTED_EDGE('',*,*,#702,.T.);
#702 = EDGE_CURVE('',#703,#705,#707,.T.);
#703 = VERTEX_POINT('',#704);
#704 = CARTESIAN_POINT('',(58.9,-43.9,1.1));
#705 = VERTEX_POINT('',#706);
#706 = CARTESIAN_POINT('',(58.9,43.9,1.1));
#707 = LINE('',#708,#709);
#708 = CARTESIAN_POINT('',(58.9,-44.9,1.1));
#709 = VECTOR('',#710,1.);
#710 = DIRECTION('',(2.4E-16,1.,0.));
#711 = ORIENTED_EDGE('',*,*,#712,.T.);
#712 = EDGE_CURVE('',#705,#713,#715,.T.);
#713 = VERTEX_POINT('',#714);
#714 = CARTESIAN_POINT('',(57.9,44.9,1.1));
#715 = CIRCLE('',#716,1.);
#716 = AXIS2_PLACEMENT_3D('',#717,#718,#719);
#717 = CARTESIAN_POINT('',(57.9,43.9,1.1));
#718 = DIRECTION('',(-0.,0.,1.));
#719 = DIRECTION('',(0.,-1.,0.));
#720 = ORIENTED_EDGE('',*,*,#721,.T.);
#721 = EDGE_CURVE('',#713,#722,#724,.T.);
#722 = VERTEX_POINT('',#723);
#723 = CARTESIAN_POINT('',(-57.9,44.9,1.1));
#724 = LINE('',#725,#726);
#725 = CARTESIAN_POINT('',(58.9,44.9,1.1));
#726 = VECTOR('',#727,1.);
#727 = DIRECTION('',(-1.,-6.E-17,0.));
#728 = ORIENTED_EDGE('',*,*,#729,.F.);
#729 = EDGE_CURVE('',#730,#722,#732,.T.);
#730 = VERTEX_POINT('',#731);
#731 = CARTESIAN_POINT('',(-58.9,43.9,1.1));
#732 = CIRCLE('',#733,1.);
#733 = AXIS2_PLACEMENT_3D('',#734,#735,#736);
#734 = CARTESIAN_POINT('',(-57.9,43.9,1.1));
#735 = DIRECTION('',(-0.,-0.,-1.));
#736 = DIRECTION('',(0.,-1.,0.));
#737 = ORIENTED_EDGE('',*,*,#738,.T.);
#738 = EDGE_CURVE('',#730,#739,#741,.T.);
#739 = VERTEX_POINT('',#740);
#740 = CARTESIAN_POINT('',(-58.9,-43.9,1.1));
#741 = LINE('',#742,#743);
#742 = CARTESIAN_POINT('',(-58.9,44.9,1.1));
#743 = VECTOR('',#744,1.);
#744 = DIRECTION('',(-8.E-17,-1.,0.));
#745 = ORIENTED_EDGE('',*,*,#746,.F.);
#746 = EDGE_CURVE('',#747,#739,#749,.T.);
#747 = VERTEX_POINT('',#748);
#748 = CARTESIAN_POINT('',(-57.9,-44.9,1.1));
#749 = CIRCLE('',#750,1.);
#750 = AXIS2_PLACEMENT_3D('',#751,#752,#753);
#751 = CARTESIAN_POINT('',(-57.9,-43.9,1.1));
#752 = DIRECTION('',(-0.,-0.,-1.));
#753 = DIRECTION('',(0.,-1.,0.));
#754 = ORIENTED_EDGE('',*,*,#755,.T.);
#755 = EDGE_CURVE('',#747,#756,#758,.T.);
#756 = VERTEX_POINT('',#757);
#757 = CARTESIAN_POINT('',(57.9,-44.9,1.1));
#758 = LINE('',#759,#760);
#759 = CARTESIAN_POINT('',(-58.9,-44.9,1.1));
#760 = VECTOR('',#761,1.);
#761 = DIRECTION('',(1.,6.E-17,0.));
#762 = ORIENTED_EDGE('',*,*,#763,.F.);
#763 = EDGE_CURVE('',#703,#756,#764,.T.);
#764 = CIRCLE('',#765,1.);
#765 = AXIS2_PLACEMENT_3D('',#766,#767,#768);
#766 = CARTESIAN_POINT('',(57.9,-43.9,1.1));
#767 = DIRECTION('',(-0.,-0.,-1.));
#768 = DIRECTION('',(0.,-1.,0.));
#769 = FACE_BOUND('',#770,.T.);
#770 = EDGE_LOOP('',(#771,#782,#791,#800));
#771 = ORIENTED_EDGE('',*,*,#772,.T.);
#772 = EDGE_CURVE('',#773,#775,#777,.T.);
#773 = VERTEX_POINT('',#774);
#774 = CARTESIAN_POINT('',(-33.64179032128,-31.17483402613,1.1));
#775 = VERTEX_POINT('',#776);
#776 = CARTESIAN_POINT('',(-35.16492144352,-31.15658185275,1.1));
#777 = CIRCLE('',#778,2.478315941972);
#778 = AXIS2_PLACEMENT_3D('',#779,#780,#781);
#779 = CARTESIAN_POINT('',(-34.43161515645,-33.52392462421,1.1));
#780 = DIRECTION('',(0.,0.,-1.));
#781 = DIRECTION('',(1.,0.,0.));
#782 = ORIENTED_EDGE('',*,*,#783,.T.);
#783 = EDGE_CURVE('',#775,#784,#786,.T.);
#784 = VERTEX_POINT('',#785);
#785 = CARTESIAN_POINT('',(-34.89043416203,-32.0920438975,1.1));
#786 = CIRCLE('',#787,0.487505284638);
#787 = AXIS2_PLACEMENT_3D('',#788,#789,#790);
#788 = CARTESIAN_POINT('',(-35.02067401963,-31.62225779506,1.1));
#789 = DIRECTION('',(0.,0.,-1.));
#790 = DIRECTION('',(-0.962784493544,-0.27027027027,-0.));
#791 = ORIENTED_EDGE('',*,*,#792,.F.);
#792 = EDGE_CURVE('',#793,#784,#795,.T.);
#793 = VERTEX_POINT('',#794);
#794 = CARTESIAN_POINT('',(-33.98395537963,-32.13330941403,1.1));
#795 = CIRCLE('',#796,1.460268582648);
#796 = AXIS2_PLACEMENT_3D('',#797,#798,#799);
#797 = CARTESIAN_POINT('',(-34.50031496074,-33.49923661431,1.1));
#798 = DIRECTION('',(0.,0.,-1.));
#799 = DIRECTION('',(1.,0.,0.));
#800 = ORIENTED_EDGE('',*,*,#801,.T.);
#801 = EDGE_CURVE('',#793,#773,#802,.T.);
#802 = CIRCLE('',#803,0.508946937385);
#803 = AXIS2_PLACEMENT_3D('',#804,#805,#806);
#804 = CARTESIAN_POINT('',(-33.80398874163,-31.65724324817,1.1));
#805 = DIRECTION('',(0.,0.,-1.));
#806 = DIRECTION('',(0.962784493544,-0.27027027027,0.));
#807 = FACE_BOUND('',#808,.T.);
#808 = EDGE_LOOP('',(#809,#810,#811,#812,#820,#828,#836,#844,#850,#851,
    #852,#853));
#809 = ORIENTED_EDGE('',*,*,#190,.F.);
#810 = ORIENTED_EDGE('',*,*,#198,.F.);
#811 = ORIENTED_EDGE('',*,*,#135,.F.);
#812 = ORIENTED_EDGE('',*,*,#813,.F.);
#813 = EDGE_CURVE('',#814,#128,#816,.T.);
#814 = VERTEX_POINT('',#815);
#815 = CARTESIAN_POINT('',(-36.5,-24.5,1.1));
#816 = LINE('',#817,#818);
#817 = CARTESIAN_POINT('',(-36.5,-24.5,1.1));
#818 = VECTOR('',#819,1.);
#819 = DIRECTION('',(1.,0.,0.));
#820 = ORIENTED_EDGE('',*,*,#821,.T.);
#821 = EDGE_CURVE('',#814,#822,#824,.T.);
#822 = VERTEX_POINT('',#823);
#823 = CARTESIAN_POINT('',(-37.,-24.5,1.1));
#824 = LINE('',#825,#826);
#825 = CARTESIAN_POINT('',(-17.71264321295,-24.5,1.1));
#826 = VECTOR('',#827,1.);
#827 = DIRECTION('',(-1.,0.,0.));
#828 = ORIENTED_EDGE('',*,*,#829,.F.);
#829 = EDGE_CURVE('',#830,#822,#832,.T.);
#830 = VERTEX_POINT('',#831);
#831 = CARTESIAN_POINT('',(-37.,23.5,1.1));
#832 = LINE('',#833,#834);
#833 = CARTESIAN_POINT('',(-37.,23.5,1.1));
#834 = VECTOR('',#835,1.);
#835 = DIRECTION('',(0.,-1.,0.));
#836 = ORIENTED_EDGE('',*,*,#837,.F.);
#837 = EDGE_CURVE('',#838,#830,#840,.T.);
#838 = VERTEX_POINT('',#839);
#839 = CARTESIAN_POINT('',(-36.5,23.5,1.1));
#840 = LINE('',#841,#842);
#841 = CARTESIAN_POINT('',(-17.21264321295,23.5,1.1));
#842 = VECTOR('',#843,1.);
#843 = DIRECTION('',(-1.,0.,0.));
#844 = ORIENTED_EDGE('',*,*,#845,.F.);
#845 = EDGE_CURVE('',#527,#838,#846,.T.);
#846 = LINE('',#847,#848);
#847 = CARTESIAN_POINT('',(-35.5,23.5,1.1));
#848 = VECTOR('',#849,1.);
#849 = DIRECTION('',(-1.,0.,0.));
#850 = ORIENTED_EDGE('',*,*,#526,.F.);
#851 = ORIENTED_EDGE('',*,*,#503,.F.);
#852 = ORIENTED_EDGE('',*,*,#511,.T.);
#853 = ORIENTED_EDGE('',*,*,#854,.F.);
#854 = EDGE_CURVE('',#183,#494,#855,.T.);
#855 = LINE('',#856,#857);
#856 = CARTESIAN_POINT('',(7.2,-24.5,1.1));
#857 = VECTOR('',#858,1.);
#858 = DIRECTION('',(0.,1.,0.));
#859 = FACE_BOUND('',#860,.T.);
#860 = EDGE_LOOP('',(#861,#872,#881,#890));
#861 = ORIENTED_EDGE('',*,*,#862,.F.);
#862 = EDGE_CURVE('',#863,#865,#867,.T.);
#863 = VERTEX_POINT('',#864);
#864 = CARTESIAN_POINT('',(35.16492144352,-31.15658185275,1.1));
#865 = VERTEX_POINT('',#866);
#866 = CARTESIAN_POINT('',(34.890434162032,-32.0920438975,1.1));
#867 = CIRCLE('',#868,0.487505284638);
#868 = AXIS2_PLACEMENT_3D('',#869,#870,#871);
#869 = CARTESIAN_POINT('',(35.020674019635,-31.62225779506,1.1));
#870 = DIRECTION('',(-0.,0.,1.));
#871 = DIRECTION('',(0.962784493544,-0.27027027027,0.));
#872 = ORIENTED_EDGE('',*,*,#873,.F.);
#873 = EDGE_CURVE('',#874,#863,#876,.T.);
#874 = VERTEX_POINT('',#875);
#875 = CARTESIAN_POINT('',(33.641790321282,-31.17483402613,1.1));
#876 = CIRCLE('',#877,2.478315941972);
#877 = AXIS2_PLACEMENT_3D('',#878,#879,#880);
#878 = CARTESIAN_POINT('',(34.431615156455,-33.52392462421,1.1));
#879 = DIRECTION('',(0.,0.,1.));
#880 = DIRECTION('',(-1.,0.,0.));
#881 = ORIENTED_EDGE('',*,*,#882,.F.);
#882 = EDGE_CURVE('',#883,#874,#885,.T.);
#883 = VERTEX_POINT('',#884);
#884 = CARTESIAN_POINT('',(33.983955379637,-32.13330941403,1.1));
#885 = CIRCLE('',#886,0.508946937385);
#886 = AXIS2_PLACEMENT_3D('',#887,#888,#889);
#887 = CARTESIAN_POINT('',(33.803988741638,-31.65724324817,1.1));
#888 = DIRECTION('',(0.,0.,1.));
#889 = DIRECTION('',(-0.962784493544,-0.27027027027,0.));
#890 = ORIENTED_EDGE('',*,*,#891,.T.);
#891 = EDGE_CURVE('',#883,#865,#892,.T.);
#892 = CIRCLE('',#893,1.460268582648);
#893 = AXIS2_PLACEMENT_3D('',#894,#895,#896);
#894 = CARTESIAN_POINT('',(34.500314960745,-33.49923661431,1.1));
#895 = DIRECTION('',(0.,0.,1.));
#896 = DIRECTION('',(-1.,0.,0.));
#897 = FACE_BOUND('',#898,.T.);
#898 = EDGE_LOOP('',(#899,#909,#917,#925,#933,#941,#949,#957,#965,#973,
    #981,#989));
#899 = ORIENTED_EDGE('',*,*,#900,.F.);
#900 = EDGE_CURVE('',#901,#903,#905,.T.);
#901 = VERTEX_POINT('',#902);
#902 = CARTESIAN_POINT('',(36.5,-24.49999999998,1.1));
#903 = VERTEX_POINT('',#904);
#904 = CARTESIAN_POINT('',(37.,-24.49999999998,1.1));
#905 = LINE('',#906,#907);
#906 = CARTESIAN_POINT('',(18.287356787045,-24.49999999998,1.1));
#907 = VECTOR('',#908,1.);
#908 = DIRECTION('',(1.,0.,0.));
#909 = ORIENTED_EDGE('',*,*,#910,.F.);
#910 = EDGE_CURVE('',#911,#901,#913,.T.);
#911 = VERTEX_POINT('',#912);
#912 = CARTESIAN_POINT('',(35.5,-24.49999999999,1.1));
#913 = LINE('',#914,#915);
#914 = CARTESIAN_POINT('',(35.5,-24.49999999998,1.1));
#915 = VECTOR('',#916,1.);
#916 = DIRECTION('',(1.,0.,0.));
#917 = ORIENTED_EDGE('',*,*,#918,.F.);
#918 = EDGE_CURVE('',#919,#911,#921,.T.);
#919 = VERTEX_POINT('',#920);
#920 = CARTESIAN_POINT('',(14.8,-24.5,1.1));
#921 = LINE('',#922,#923);
#922 = CARTESIAN_POINT('',(14.8,-24.5,1.1));
#923 = VECTOR('',#924,1.);
#924 = DIRECTION('',(1.,0.,0.));
#925 = ORIENTED_EDGE('',*,*,#926,.F.);
#926 = EDGE_CURVE('',#927,#919,#929,.T.);
#927 = VERTEX_POINT('',#928);
#928 = CARTESIAN_POINT('',(13.8,-24.5,1.1));
#929 = LINE('',#930,#931);
#930 = CARTESIAN_POINT('',(13.8,-24.5,1.1));
#931 = VECTOR('',#932,1.);
#932 = DIRECTION('',(1.,0.,0.));
#933 = ORIENTED_EDGE('',*,*,#934,.T.);
#934 = EDGE_CURVE('',#927,#935,#937,.T.);
#935 = VERTEX_POINT('',#936);
#936 = CARTESIAN_POINT('',(13.3,-24.5,1.1));
#937 = LINE('',#938,#939);
#938 = CARTESIAN_POINT('',(7.437356787045,-24.5,1.1));
#939 = VECTOR('',#940,1.);
#940 = DIRECTION('',(-1.,0.,0.));
#941 = ORIENTED_EDGE('',*,*,#942,.F.);
#942 = EDGE_CURVE('',#943,#935,#945,.T.);
#943 = VERTEX_POINT('',#944);
#944 = CARTESIAN_POINT('',(13.3,23.5,1.1));
#945 = LINE('',#946,#947);
#946 = CARTESIAN_POINT('',(13.3,23.5,1.1));
#947 = VECTOR('',#948,1.);
#948 = DIRECTION('',(0.,-1.,0.));
#949 = ORIENTED_EDGE('',*,*,#950,.F.);
#950 = EDGE_CURVE('',#951,#943,#953,.T.);
#951 = VERTEX_POINT('',#952);
#952 = CARTESIAN_POINT('',(13.8,23.5,1.1));
#953 = LINE('',#954,#955);
#954 = CARTESIAN_POINT('',(7.937356787045,23.5,1.1));
#955 = VECTOR('',#956,1.);
#956 = DIRECTION('',(-1.,0.,0.));
#957 = ORIENTED_EDGE('',*,*,#958,.F.);
#958 = EDGE_CURVE('',#959,#951,#961,.T.);
#959 = VERTEX_POINT('',#960);
#960 = CARTESIAN_POINT('',(14.8,23.5,1.1));
#961 = LINE('',#962,#963);
#962 = CARTESIAN_POINT('',(14.8,23.5,1.1));
#963 = VECTOR('',#964,1.);
#964 = DIRECTION('',(-1.,0.,0.));
#965 = ORIENTED_EDGE('',*,*,#966,.F.);
#966 = EDGE_CURVE('',#967,#959,#969,.T.);
#967 = VERTEX_POINT('',#968);
#968 = CARTESIAN_POINT('',(35.5,23.5,1.1));
#969 = LINE('',#970,#971);
#970 = CARTESIAN_POINT('',(35.5,23.5,1.1));
#971 = VECTOR('',#972,1.);
#972 = DIRECTION('',(-1.,0.,0.));
#973 = ORIENTED_EDGE('',*,*,#974,.F.);
#974 = EDGE_CURVE('',#975,#967,#977,.T.);
#975 = VERTEX_POINT('',#976);
#976 = CARTESIAN_POINT('',(36.5,23.5,1.1));
#977 = LINE('',#978,#979);
#978 = CARTESIAN_POINT('',(36.5,23.5,1.1));
#979 = VECTOR('',#980,1.);
#980 = DIRECTION('',(-1.,0.,0.));
#981 = ORIENTED_EDGE('',*,*,#982,.T.);
#982 = EDGE_CURVE('',#975,#983,#985,.T.);
#983 = VERTEX_POINT('',#984);
#984 = CARTESIAN_POINT('',(37.,23.5,1.1));
#985 = LINE('',#986,#987);
#986 = CARTESIAN_POINT('',(18.787356787045,23.5,1.1));
#987 = VECTOR('',#988,1.);
#988 = DIRECTION('',(1.,0.,0.));
#989 = ORIENTED_EDGE('',*,*,#990,.F.);
#990 = EDGE_CURVE('',#903,#983,#991,.T.);
#991 = LINE('',#992,#993);
#992 = CARTESIAN_POINT('',(37.,-24.49999999998,1.1));
#993 = VECTOR('',#994,1.);
#994 = DIRECTION('',(0.,1.,0.));
#995 = FACE_BOUND('',#996,.T.);
#996 = EDGE_LOOP('',(#997,#1008,#1017,#1026));
#997 = ORIENTED_EDGE('',*,*,#998,.F.);
#998 = EDGE_CURVE('',#999,#1001,#1003,.T.);
#999 = VERTEX_POINT('',#1000);
#1000 = CARTESIAN_POINT('',(-35.16492144352,31.15658185275,1.1));
#1001 = VERTEX_POINT('',#1002);
#1002 = CARTESIAN_POINT('',(-34.89043416203,32.092043897502,1.1));
#1003 = CIRCLE('',#1004,0.487505284638);
#1004 = AXIS2_PLACEMENT_3D('',#1005,#1006,#1007);
#1005 = CARTESIAN_POINT('',(-35.02067401963,31.622257795067,1.1));
#1006 = DIRECTION('',(0.,0.,1.));
#1007 = DIRECTION('',(-0.962784493544,0.27027027027,0.));
#1008 = ORIENTED_EDGE('',*,*,#1009,.F.);
#1009 = EDGE_CURVE('',#1010,#999,#1012,.T.);
#1010 = VERTEX_POINT('',#1011);
#1011 = CARTESIAN_POINT('',(-33.64179032128,31.174834026133,1.1));
#1012 = CIRCLE('',#1013,2.478315941972);
#1013 = AXIS2_PLACEMENT_3D('',#1014,#1015,#1016);
#1014 = CARTESIAN_POINT('',(-34.43161515645,33.52392462421,1.1));
#1015 = DIRECTION('',(0.,0.,1.));
#1016 = DIRECTION('',(1.,0.,0.));
#1017 = ORIENTED_EDGE('',*,*,#1018,.F.);
#1018 = EDGE_CURVE('',#1019,#1010,#1021,.T.);
#1019 = VERTEX_POINT('',#1020);
#1020 = CARTESIAN_POINT('',(-33.98395537963,32.133309414036,1.1));
#1021 = CIRCLE('',#1022,0.508946937385);
#1022 = AXIS2_PLACEMENT_3D('',#1023,#1024,#1025);
#1023 = CARTESIAN_POINT('',(-33.80398874163,31.657243248171,1.1));
#1024 = DIRECTION('',(0.,-0.,1.));
#1025 = DIRECTION('',(0.962784493544,0.27027027027,0.));
#1026 = ORIENTED_EDGE('',*,*,#1027,.T.);
#1027 = EDGE_CURVE('',#1019,#1001,#1028,.T.);
#1028 = CIRCLE('',#1029,1.460268582648);
#1029 = AXIS2_PLACEMENT_3D('',#1030,#1031,#1032);
#1030 = CARTESIAN_POINT('',(-34.50031496074,33.499236614316,1.1));
#1031 = DIRECTION('',(0.,0.,1.));
#1032 = DIRECTION('',(1.,0.,0.));
#1033 = FACE_BOUND('',#1034,.T.);
#1034 = EDGE_LOOP('',(#1035,#1045,#1053,#1061,#1069,#1077,#1085,#1093,
    #1101,#1109,#1117));
#1035 = ORIENTED_EDGE('',*,*,#1036,.T.);
#1036 = EDGE_CURVE('',#1037,#1039,#1041,.T.);
#1037 = VERTEX_POINT('',#1038);
#1038 = CARTESIAN_POINT('',(-18.87665881316,34.692741853225,1.1));
#1039 = VERTEX_POINT('',#1040);
#1040 = CARTESIAN_POINT('',(-19.6104323906,33.948295205565,1.1));
#1041 = LINE('',#1042,#1043);
#1042 = CARTESIAN_POINT('',(-18.87665881316,34.692741853225,1.1));
#1043 = VECTOR('',#1044,1.);
#1044 = DIRECTION('',(-0.701983019577,-0.71219368168,0.));
#1045 = ORIENTED_EDGE('',*,*,#1046,.T.);
#1046 = EDGE_CURVE('',#1039,#1047,#1049,.T.);
#1047 = VERTEX_POINT('',#1048);
#1048 = CARTESIAN_POINT('',(-19.79987938696,33.862910643826,1.1));
#1049 = B_SPLINE_CURVE_WITH_KNOTS('',2,(#1050,#1051,#1052),
  .UNSPECIFIED.,.F.,.F.,(3,3),(0.,1.),.PIECEWISE_BEZIER_KNOTS.);
#1050 = CARTESIAN_POINT('',(-19.6104323906,33.948295205565,1.1));
#1051 = CARTESIAN_POINT('',(-19.70115348745,33.862910643826,1.1));
#1052 = CARTESIAN_POINT('',(-19.79987938696,33.862910643826,1.1));
#1053 = ORIENTED_EDGE('',*,*,#1054,.T.);
#1054 = EDGE_CURVE('',#1047,#1055,#1057,.T.);
#1055 = VERTEX_POINT('',#1056);
#1056 = CARTESIAN_POINT('',(-19.99999945353,34.084376850836,1.1));
#1057 = B_SPLINE_CURVE_WITH_KNOTS('',2,(#1058,#1059,#1060),
  .UNSPECIFIED.,.F.,.F.,(3,3),(0.,1.),.PIECEWISE_BEZIER_KNOTS.);
#1058 = CARTESIAN_POINT('',(-19.79987938696,33.862910643826,1.1));
#1059 = CARTESIAN_POINT('',(-19.99999945353,33.862910643826,1.1));
#1060 = CARTESIAN_POINT('',(-19.99999945353,34.084376850836,1.1));
#1061 = ORIENTED_EDGE('',*,*,#1062,.T.);
#1062 = EDGE_CURVE('',#1055,#1063,#1065,.T.);
#1063 = VERTEX_POINT('',#1064);
#1064 = CARTESIAN_POINT('',(-19.99999945353,37.651850570985,1.1));
#1065 = LINE('',#1066,#1067);
#1066 = CARTESIAN_POINT('',(-19.99999945353,34.084376850836,1.1));
#1067 = VECTOR('',#1068,1.);
#1068 = DIRECTION('',(1.2E-16,1.,0.));
#1069 = ORIENTED_EDGE('',*,*,#1070,.T.);
#1070 = EDGE_CURVE('',#1063,#1071,#1073,.T.);
#1071 = VERTEX_POINT('',#1072);
#1072 = CARTESIAN_POINT('',(-19.80788418962,37.878653313104,1.1));
#1073 = B_SPLINE_CURVE_WITH_KNOTS('',2,(#1074,#1075,#1076),
  .UNSPECIFIED.,.F.,.F.,(3,3),(0.,1.),.PIECEWISE_BEZIER_KNOTS.);
#1074 = CARTESIAN_POINT('',(-19.99999945353,37.651850570985,1.1));
#1075 = CARTESIAN_POINT('',(-19.99999945353,37.878653313104,1.1));
#1076 = CARTESIAN_POINT('',(-19.80788418962,37.878653313104,1.1));
#1077 = ORIENTED_EDGE('',*,*,#1078,.T.);
#1078 = EDGE_CURVE('',#1071,#1079,#1081,.T.);
#1079 = VERTEX_POINT('',#1080);
#1080 = CARTESIAN_POINT('',(-19.6104323906,37.649182303431,1.1));
#1081 = B_SPLINE_CURVE_WITH_KNOTS('',2,(#1082,#1083,#1084),
  .UNSPECIFIED.,.F.,.F.,(3,3),(0.,1.),.PIECEWISE_BEZIER_KNOTS.);
#1082 = CARTESIAN_POINT('',(-19.80788418962,37.878653313104,1.1));
#1083 = CARTESIAN_POINT('',(-19.6104323906,37.878653313104,1.1));
#1084 = CARTESIAN_POINT('',(-19.6104323906,37.649182303431,1.1));
#1085 = ORIENTED_EDGE('',*,*,#1086,.T.);
#1086 = EDGE_CURVE('',#1079,#1087,#1089,.T.);
#1087 = VERTEX_POINT('',#1088);
#1088 = CARTESIAN_POINT('',(-19.6104323906,34.503294856867,1.1));
#1089 = B_SPLINE_CURVE_WITH_KNOTS('',2,(#1090,#1091,#1092),
  .UNSPECIFIED.,.F.,.F.,(3,3),(0.,1.),.PIECEWISE_BEZIER_KNOTS.);
#1090 = CARTESIAN_POINT('',(-19.6104323906,37.649182303431,1.1));
#1091 = CARTESIAN_POINT('',(-19.6104323906,37.649182303431,1.1));
#1092 = CARTESIAN_POINT('',(-19.6104323906,34.503294856867,1.1));
#1093 = ORIENTED_EDGE('',*,*,#1094,.T.);
#1094 = EDGE_CURVE('',#1087,#1095,#1097,.T.);
#1095 = VERTEX_POINT('',#1096);
#1096 = CARTESIAN_POINT('',(-19.14615383615,34.967573411322,1.1));
#1097 = LINE('',#1098,#1099);
#1098 = CARTESIAN_POINT('',(-19.6104323906,34.503294856867,1.1));
#1099 = VECTOR('',#1100,1.);
#1100 = DIRECTION('',(0.707106781187,0.707106781187,0.));
#1101 = ORIENTED_EDGE('',*,*,#1102,.T.);
#1102 = EDGE_CURVE('',#1095,#1103,#1105,.T.);
#1103 = VERTEX_POINT('',#1104);
#1104 = CARTESIAN_POINT('',(-19.00206738821,35.039616635289,1.1));
#1105 = B_SPLINE_CURVE_WITH_KNOTS('',2,(#1106,#1107,#1108),
  .UNSPECIFIED.,.F.,.F.,(3,3),(0.,1.),.PIECEWISE_BEZIER_KNOTS.);
#1106 = CARTESIAN_POINT('',(-19.14615383615,34.967573411322,1.1));
#1107 = CARTESIAN_POINT('',(-19.07411061218,35.039616635289,1.1));
#1108 = CARTESIAN_POINT('',(-19.00206738821,35.039616635289,1.1));
#1109 = ORIENTED_EDGE('',*,*,#1110,.T.);
#1110 = EDGE_CURVE('',#1103,#1111,#1113,.T.);
#1111 = VERTEX_POINT('',#1112);
#1112 = CARTESIAN_POINT('',(-18.79927905408,34.860842709148,1.1));
#1113 = B_SPLINE_CURVE_WITH_KNOTS('',2,(#1114,#1115,#1116),
  .UNSPECIFIED.,.F.,.F.,(3,3),(0.,1.),.PIECEWISE_BEZIER_KNOTS.);
#1114 = CARTESIAN_POINT('',(-19.00206738821,35.039616635289,1.1));
#1115 = CARTESIAN_POINT('',(-18.79927905408,35.039616635289,1.1));
#1116 = CARTESIAN_POINT('',(-18.79927905408,34.860842709148,1.1));
#1117 = ORIENTED_EDGE('',*,*,#1118,.T.);
#1118 = EDGE_CURVE('',#1111,#1037,#1119,.T.);
#1119 = B_SPLINE_CURVE_WITH_KNOTS('',2,(#1120,#1121,#1122),
  .UNSPECIFIED.,.F.,.F.,(3,3),(0.,1.),.PIECEWISE_BEZIER_KNOTS.);
#1120 = CARTESIAN_POINT('',(-18.79927905408,34.860842709148,1.1));
#1121 = CARTESIAN_POINT('',(-18.79927905408,34.770121612301,1.1));
#1122 = CARTESIAN_POINT('',(-18.87665881316,34.692741853225,1.1));
#1123 = FACE_BOUND('',#1124,.T.);
#1124 = EDGE_LOOP('',(#1125,#1135,#1143,#1151,#1159,#1167,#1175,#1183,
    #1191,#1199,#1207,#1215));
#1125 = ORIENTED_EDGE('',*,*,#1126,.T.);
#1126 = EDGE_CURVE('',#1127,#1129,#1131,.T.);
#1127 = VERTEX_POINT('',#1128);
#1128 = CARTESIAN_POINT('',(-15.69074735328,34.191107553009,1.1));
#1129 = VERTEX_POINT('',#1130);
#1130 = CARTESIAN_POINT('',(-16.29644408811,33.862910643826,1.1));
#1131 = B_SPLINE_CURVE_WITH_KNOTS('',2,(#1132,#1133,#1134),
  .UNSPECIFIED.,.F.,.F.,(3,3),(0.,1.),.PIECEWISE_BEZIER_KNOTS.);
#1132 = CARTESIAN_POINT('',(-15.69074735328,34.191107553009,1.1));
#1133 = CARTESIAN_POINT('',(-15.89353568741,33.862910643826,1.1));
#1134 = CARTESIAN_POINT('',(-16.29644408811,33.862910643826,1.1));
#1135 = ORIENTED_EDGE('',*,*,#1136,.T.);
#1136 = EDGE_CURVE('',#1129,#1137,#1139,.T.);
#1137 = VERTEX_POINT('',#1138);
#1138 = CARTESIAN_POINT('',(-16.85411200697,34.145747004586,1.1));
#1139 = B_SPLINE_CURVE_WITH_KNOTS('',2,(#1140,#1141,#1142),
  .UNSPECIFIED.,.F.,.F.,(3,3),(0.,1.),.PIECEWISE_BEZIER_KNOTS.);
#1140 = CARTESIAN_POINT('',(-16.29644408811,33.862910643826,1.1));
#1141 = CARTESIAN_POINT('',(-16.66199674306,33.862910643826,1.1));
#1142 = CARTESIAN_POINT('',(-16.85411200697,34.145747004586,1.1));
#1143 = ORIENTED_EDGE('',*,*,#1144,.T.);
#1144 = EDGE_CURVE('',#1137,#1145,#1147,.T.);
#1145 = VERTEX_POINT('',#1146);
#1146 = CARTESIAN_POINT('',(-17.26502521034,35.370481812027,1.1));
#1147 = B_SPLINE_CURVE_WITH_KNOTS('',2,(#1148,#1149,#1150),
  .UNSPECIFIED.,.F.,.F.,(3,3),(0.,1.),.PIECEWISE_BEZIER_KNOTS.);
#1148 = CARTESIAN_POINT('',(-16.85411200697,34.145747004586,1.1));
#1149 = CARTESIAN_POINT('',(-17.1502897055,34.580674615943,1.1));
#1150 = CARTESIAN_POINT('',(-17.26502521034,35.370481812027,1.1));
#1151 = ORIENTED_EDGE('',*,*,#1152,.T.);
#1152 = EDGE_CURVE('',#1145,#1153,#1155,.T.);
#1153 = VERTEX_POINT('',#1154);
#1154 = CARTESIAN_POINT('',(-17.29971268854,35.850769971807,1.1));
#1155 = B_SPLINE_CURVE_WITH_KNOTS('',2,(#1156,#1157,#1158),
  .UNSPECIFIED.,.F.,.F.,(3,3),(0.,1.),.PIECEWISE_BEZIER_KNOTS.);
#1156 = CARTESIAN_POINT('',(-17.26502521034,35.370481812027,1.1));
#1157 = CARTESIAN_POINT('',(-17.29971268854,35.607957624363,1.1));
#1158 = CARTESIAN_POINT('',(-17.29971268854,35.850769971807,1.1));
#1159 = ORIENTED_EDGE('',*,*,#1160,.T.);
#1160 = EDGE_CURVE('',#1153,#1161,#1163,.T.);
#1161 = VERTEX_POINT('',#1162);
#1162 = CARTESIAN_POINT('',(-17.26235694278,36.360409074686,1.1));
#1163 = B_SPLINE_CURVE_WITH_KNOTS('',2,(#1164,#1165,#1166),
  .UNSPECIFIED.,.F.,.F.,(3,3),(0.,1.),.PIECEWISE_BEZIER_KNOTS.);
#1164 = CARTESIAN_POINT('',(-17.29971268854,35.850769971807,1.1));
#1165 = CARTESIAN_POINT('',(-17.29971268854,36.106923657024,1.1));
#1166 = CARTESIAN_POINT('',(-17.26235694278,36.360409074686,1.1));
#1167 = ORIENTED_EDGE('',*,*,#1168,.T.);
#1168 = EDGE_CURVE('',#1161,#1169,#1171,.T.);
#1169 = VERTEX_POINT('',#1170);
#1170 = CARTESIAN_POINT('',(-16.86478507719,37.587812149681,1.1));
#1171 = B_SPLINE_CURVE_WITH_KNOTS('',2,(#1172,#1173,#1174),
  .UNSPECIFIED.,.F.,.F.,(3,3),(0.,1.),.PIECEWISE_BEZIER_KNOTS.);
#1172 = CARTESIAN_POINT('',(-17.26235694278,36.360409074686,1.1));
#1173 = CARTESIAN_POINT('',(-17.14762143795,37.144879735661,1.1));
#1174 = CARTESIAN_POINT('',(-16.86478507719,37.587812149681,1.1));
#1175 = ORIENTED_EDGE('',*,*,#1176,.T.);
#1176 = EDGE_CURVE('',#1169,#1177,#1179,.T.);
#1177 = VERTEX_POINT('',#1178);
#1178 = CARTESIAN_POINT('',(-16.28843928545,37.891994650876,1.1));
#1179 = B_SPLINE_CURVE_WITH_KNOTS('',2,(#1180,#1181,#1182),
  .UNSPECIFIED.,.F.,.F.,(3,3),(0.,1.),.PIECEWISE_BEZIER_KNOTS.);
#1180 = CARTESIAN_POINT('',(-16.86478507719,37.587812149681,1.1));
#1181 = CARTESIAN_POINT('',(-16.67000154572,37.891994650876,1.1));
#1182 = CARTESIAN_POINT('',(-16.28843928545,37.891994650876,1.1));
#1183 = ORIENTED_EDGE('',*,*,#1184,.T.);
#1184 = EDGE_CURVE('',#1177,#1185,#1187,.T.);
#1185 = VERTEX_POINT('',#1186);
#1186 = CARTESIAN_POINT('',(-15.71209349371,37.577139079464,1.1));
#1187 = B_SPLINE_CURVE_WITH_KNOTS('',2,(#1188,#1189,#1190),
  .UNSPECIFIED.,.F.,.F.,(3,3),(0.,1.),.PIECEWISE_BEZIER_KNOTS.);
#1188 = CARTESIAN_POINT('',(-16.28843928545,37.891994650876,1.1));
#1189 = CARTESIAN_POINT('',(-15.91221356029,37.891994650876,1.1));
#1190 = CARTESIAN_POINT('',(-15.71209349371,37.577139079464,1.1));
#1191 = ORIENTED_EDGE('',*,*,#1192,.T.);
#1192 = EDGE_CURVE('',#1185,#1193,#1195,.T.);
#1193 = VERTEX_POINT('',#1194);
#1194 = CARTESIAN_POINT('',(-15.31985816323,36.373750412458,1.1));
#1195 = B_SPLINE_CURVE_WITH_KNOTS('',2,(#1196,#1197,#1198),
  .UNSPECIFIED.,.F.,.F.,(3,3),(0.,1.),.PIECEWISE_BEZIER_KNOTS.);
#1196 = CARTESIAN_POINT('',(-15.71209349371,37.577139079464,1.1));
#1197 = CARTESIAN_POINT('',(-15.46661287871,37.192908551639,1.1));
#1198 = CARTESIAN_POINT('',(-15.31985816323,36.373750412458,1.1));
#1199 = ORIENTED_EDGE('',*,*,#1200,.T.);
#1200 = EDGE_CURVE('',#1193,#1201,#1203,.T.);
#1201 = VERTEX_POINT('',#1202);
#1202 = CARTESIAN_POINT('',(-15.27716588236,35.888125717568,1.1));
#1203 = B_SPLINE_CURVE_WITH_KNOTS('',2,(#1204,#1205,#1206),
  .UNSPECIFIED.,.F.,.F.,(3,3),(0.,1.),.PIECEWISE_BEZIER_KNOTS.);
#1204 = CARTESIAN_POINT('',(-15.31985816323,36.373750412458,1.1));
#1205 = CARTESIAN_POINT('',(-15.27716588236,36.136274600122,1.1));
#1206 = CARTESIAN_POINT('',(-15.27716588236,35.888125717568,1.1));
#1207 = ORIENTED_EDGE('',*,*,#1208,.T.);
#1208 = EDGE_CURVE('',#1201,#1209,#1211,.T.);
#1209 = VERTEX_POINT('',#1210);
#1210 = CARTESIAN_POINT('',(-15.32252643078,35.367813544472,1.1));
#1211 = B_SPLINE_CURVE_WITH_KNOTS('',2,(#1212,#1213,#1214),
  .UNSPECIFIED.,.F.,.F.,(3,3),(0.,1.),.PIECEWISE_BEZIER_KNOTS.);
#1212 = CARTESIAN_POINT('',(-15.27716588236,35.888125717568,1.1));
#1213 = CARTESIAN_POINT('',(-15.27716588236,35.629303764797,1.1));
#1214 = CARTESIAN_POINT('',(-15.32252643078,35.367813544472,1.1));
#1215 = ORIENTED_EDGE('',*,*,#1216,.T.);
#1216 = EDGE_CURVE('',#1209,#1127,#1217,.T.);
#1217 = B_SPLINE_CURVE_WITH_KNOTS('',2,(#1218,#1219,#1220),
  .UNSPECIFIED.,.F.,.F.,(3,3),(0.,1.),.PIECEWISE_BEZIER_KNOTS.);
#1218 = CARTESIAN_POINT('',(-15.32252643078,35.367813544472,1.1));
#1219 = CARTESIAN_POINT('',(-15.46394461116,34.553991940399,1.1));
#1220 = CARTESIAN_POINT('',(-15.69074735328,34.191107553009,1.1));
#1221 = FACE_BOUND('',#1222,.T.);
#1222 = EDGE_LOOP('',(#1223,#1233,#1241,#1249));
#1223 = ORIENTED_EDGE('',*,*,#1224,.T.);
#1224 = EDGE_CURVE('',#1225,#1227,#1229,.T.);
#1225 = VERTEX_POINT('',#1226);
#1226 = CARTESIAN_POINT('',(-18.3189908943,37.625167895442,1.1));
#1227 = VERTEX_POINT('',#1228);
#1228 = CARTESIAN_POINT('',(-18.11353429262,37.891994650876,1.1));
#1229 = B_SPLINE_CURVE_WITH_KNOTS('',2,(#1230,#1231,#1232),
  .UNSPECIFIED.,.F.,.F.,(3,3),(0.,1.),.PIECEWISE_BEZIER_KNOTS.);
#1230 = CARTESIAN_POINT('',(-18.3189908943,37.625167895442,1.1));
#1231 = CARTESIAN_POINT('',(-18.3189908943,37.891994650876,1.1));
#1232 = CARTESIAN_POINT('',(-18.11353429262,37.891994650876,1.1));
#1233 = ORIENTED_EDGE('',*,*,#1234,.T.);
#1234 = EDGE_CURVE('',#1227,#1235,#1237,.T.);
#1235 = VERTEX_POINT('',#1236);
#1236 = CARTESIAN_POINT('',(-17.91341422604,37.606490022562,1.1));
#1237 = B_SPLINE_CURVE_WITH_KNOTS('',2,(#1238,#1239,#1240),
  .UNSPECIFIED.,.F.,.F.,(3,3),(0.,1.),.PIECEWISE_BEZIER_KNOTS.);
#1238 = CARTESIAN_POINT('',(-18.11353429262,37.891994650876,1.1));
#1239 = CARTESIAN_POINT('',(-17.91341422604,37.891994650876,1.1));
#1240 = CARTESIAN_POINT('',(-17.91341422604,37.606490022562,1.1));
#1241 = ORIENTED_EDGE('',*,*,#1242,.T.);
#1242 = EDGE_CURVE('',#1235,#1243,#1245,.T.);
#1243 = VERTEX_POINT('',#1244);
#1244 = CARTESIAN_POINT('',(-18.10019295485,37.320985394248,1.1));
#1245 = B_SPLINE_CURVE_WITH_KNOTS('',2,(#1246,#1247,#1248),
  .UNSPECIFIED.,.F.,.F.,(3,3),(0.,1.),.PIECEWISE_BEZIER_KNOTS.);
#1246 = CARTESIAN_POINT('',(-17.91341422604,37.606490022562,1.1));
#1247 = CARTESIAN_POINT('',(-17.91341422604,37.320985394248,1.1));
#1248 = CARTESIAN_POINT('',(-18.10019295485,37.320985394248,1.1));
#1249 = ORIENTED_EDGE('',*,*,#1250,.T.);
#1250 = EDGE_CURVE('',#1243,#1225,#1251,.T.);
#1251 = B_SPLINE_CURVE_WITH_KNOTS('',2,(#1252,#1253,#1254),
  .UNSPECIFIED.,.F.,.F.,(3,3),(0.,1.),.PIECEWISE_BEZIER_KNOTS.);
#1252 = CARTESIAN_POINT('',(-18.10019295485,37.320985394248,1.1));
#1253 = CARTESIAN_POINT('',(-18.3189908943,37.320985394248,1.1));
#1254 = CARTESIAN_POINT('',(-18.3189908943,37.625167895442,1.1));
#1255 = FACE_BOUND('',#1256,.T.);
#1256 = EDGE_LOOP('',(#1257,#1267,#1275,#1283,#1291,#1299,#1307,#1315,
    #1323,#1331,#1339,#1347));
#1257 = ORIENTED_EDGE('',*,*,#1258,.T.);
#1258 = EDGE_CURVE('',#1259,#1261,#1263,.T.);
#1259 = VERTEX_POINT('',#1260);
#1260 = CARTESIAN_POINT('',(-13.7375755035,37.075504779248,1.1));
#1261 = VERTEX_POINT('',#1262);
#1262 = CARTESIAN_POINT('',(-14.35661357611,35.221058828984,1.1));
#1263 = B_SPLINE_CURVE_WITH_KNOTS('',2,(#1264,#1265,#1266),
  .UNSPECIFIED.,.F.,.F.,(3,3),(0.,1.),.PIECEWISE_BEZIER_KNOTS.);
#1264 = CARTESIAN_POINT('',(-13.7375755035,37.075504779248,1.1));
#1265 = CARTESIAN_POINT('',(-13.7375755035,37.075504779248,1.1));
#1266 = CARTESIAN_POINT('',(-14.35661357611,35.221058828984,1.1));
#1267 = ORIENTED_EDGE('',*,*,#1268,.T.);
#1268 = EDGE_CURVE('',#1261,#1269,#1271,.T.);
#1269 = VERTEX_POINT('',#1270);
#1270 = CARTESIAN_POINT('',(-14.55406537513,35.079640648604,1.1));
#1271 = B_SPLINE_CURVE_WITH_KNOTS('',2,(#1272,#1273,#1274),
  .UNSPECIFIED.,.F.,.F.,(3,3),(0.,1.),.PIECEWISE_BEZIER_KNOTS.);
#1272 = CARTESIAN_POINT('',(-14.35661357611,35.221058828984,1.1));
#1273 = CARTESIAN_POINT('',(-14.40197412453,35.079640648604,1.1));
#1274 = CARTESIAN_POINT('',(-14.55406537513,35.079640648604,1.1));
#1275 = ORIENTED_EDGE('',*,*,#1276,.T.);
#1276 = EDGE_CURVE('',#1269,#1277,#1279,.T.);
#1277 = VERTEX_POINT('',#1278);
#1278 = CARTESIAN_POINT('',(-14.74351237149,35.245073236973,1.1));
#1279 = B_SPLINE_CURVE_WITH_KNOTS('',2,(#1280,#1281,#1282),
  .UNSPECIFIED.,.F.,.F.,(3,3),(0.,1.),.PIECEWISE_BEZIER_KNOTS.);
#1280 = CARTESIAN_POINT('',(-14.55406537513,35.079640648604,1.1));
#1281 = CARTESIAN_POINT('',(-14.74351237149,35.079640648604,1.1));
#1282 = CARTESIAN_POINT('',(-14.74351237149,35.245073236973,1.1));
#1283 = ORIENTED_EDGE('',*,*,#1284,.T.);
#1284 = EDGE_CURVE('',#1277,#1285,#1287,.T.);
#1285 = VERTEX_POINT('',#1286);
#1286 = CARTESIAN_POINT('',(-14.72483449861,35.351803939146,1.1));
#1287 = B_SPLINE_CURVE_WITH_KNOTS('',2,(#1288,#1289,#1290),
  .UNSPECIFIED.,.F.,.F.,(3,3),(0.,1.),.PIECEWISE_BEZIER_KNOTS.);
#1288 = CARTESIAN_POINT('',(-14.74351237149,35.245073236973,1.1));
#1289 = CARTESIAN_POINT('',(-14.74351237149,35.295770320505,1.1));
#1290 = CARTESIAN_POINT('',(-14.72483449861,35.351803939146,1.1));
#1291 = ORIENTED_EDGE('',*,*,#1292,.T.);
#1292 = EDGE_CURVE('',#1285,#1293,#1295,.T.);
#1293 = VERTEX_POINT('',#1294);
#1294 = CARTESIAN_POINT('',(-13.93502730252,37.710552457181,1.1));
#1295 = B_SPLINE_CURVE_WITH_KNOTS('',2,(#1296,#1297,#1298),
  .UNSPECIFIED.,.F.,.F.,(3,3),(0.,1.),.PIECEWISE_BEZIER_KNOTS.);
#1296 = CARTESIAN_POINT('',(-14.72483449861,35.351803939146,1.1));
#1297 = CARTESIAN_POINT('',(-14.72483449861,35.351803939146,1.1));
#1298 = CARTESIAN_POINT('',(-13.93502730252,37.710552457181,1.1));
#1299 = ORIENTED_EDGE('',*,*,#1300,.T.);
#1300 = EDGE_CURVE('',#1293,#1301,#1303,.T.);
#1301 = VERTEX_POINT('',#1302);
#1302 = CARTESIAN_POINT('',(-13.74024377106,37.891994650876,1.1));
#1303 = B_SPLINE_CURVE_WITH_KNOTS('',2,(#1304,#1305,#1306),
  .UNSPECIFIED.,.F.,.F.,(3,3),(0.,1.),.PIECEWISE_BEZIER_KNOTS.);
#1304 = CARTESIAN_POINT('',(-13.93502730252,37.710552457181,1.1));
#1305 = CARTESIAN_POINT('',(-13.87632541633,37.891994650876,1.1));
#1306 = CARTESIAN_POINT('',(-13.74024377106,37.891994650876,1.1));
#1307 = ORIENTED_EDGE('',*,*,#1308,.T.);
#1308 = EDGE_CURVE('',#1301,#1309,#1311,.T.);
#1309 = VERTEX_POINT('',#1310);
#1310 = CARTESIAN_POINT('',(-13.54279197204,37.731898597616,1.1));
#1311 = B_SPLINE_CURVE_WITH_KNOTS('',2,(#1312,#1313,#1314),
  .UNSPECIFIED.,.F.,.F.,(3,3),(0.,1.),.PIECEWISE_BEZIER_KNOTS.);
#1312 = CARTESIAN_POINT('',(-13.74024377106,37.891994650876,1.1));
#1313 = CARTESIAN_POINT('',(-13.59882559068,37.891994650876,1.1));
#1314 = CARTESIAN_POINT('',(-13.54279197204,37.731898597616,1.1));
#1315 = ORIENTED_EDGE('',*,*,#1316,.T.);
#1316 = EDGE_CURVE('',#1309,#1317,#1319,.T.);
#1317 = VERTEX_POINT('',#1318);
#1318 = CARTESIAN_POINT('',(-12.75565304351,35.373150079581,1.1));
#1319 = B_SPLINE_CURVE_WITH_KNOTS('',2,(#1320,#1321,#1322),
  .UNSPECIFIED.,.F.,.F.,(3,3),(0.,1.),.PIECEWISE_BEZIER_KNOTS.);
#1320 = CARTESIAN_POINT('',(-13.54279197204,37.731898597616,1.1));
#1321 = CARTESIAN_POINT('',(-13.54279197204,37.731898597616,1.1));
#1322 = CARTESIAN_POINT('',(-12.75565304351,35.373150079581,1.1));
#1323 = ORIENTED_EDGE('',*,*,#1324,.T.);
#1324 = EDGE_CURVE('',#1317,#1325,#1327,.T.);
#1325 = VERTEX_POINT('',#1326);
#1326 = CARTESIAN_POINT('',(-12.73163863552,35.258414574744,1.1));
#1327 = B_SPLINE_CURVE_WITH_KNOTS('',2,(#1328,#1329,#1330),
  .UNSPECIFIED.,.F.,.F.,(3,3),(0.,1.),.PIECEWISE_BEZIER_KNOTS.);
#1328 = CARTESIAN_POINT('',(-12.75565304351,35.373150079581,1.1));
#1329 = CARTESIAN_POINT('',(-12.73163863552,35.301106855614,1.1));
#1330 = CARTESIAN_POINT('',(-12.73163863552,35.258414574744,1.1));
#1331 = ORIENTED_EDGE('',*,*,#1332,.T.);
#1332 = EDGE_CURVE('',#1325,#1333,#1335,.T.);
#1333 = VERTEX_POINT('',#1334);
#1334 = CARTESIAN_POINT('',(-12.96377791275,35.079640648604,1.1));
#1335 = B_SPLINE_CURVE_WITH_KNOTS('',2,(#1336,#1337,#1338),
  .UNSPECIFIED.,.F.,.F.,(3,3),(0.,1.),.PIECEWISE_BEZIER_KNOTS.);
#1336 = CARTESIAN_POINT('',(-12.73163863552,35.258414574744,1.1));
#1337 = CARTESIAN_POINT('',(-12.73163863552,35.079640648604,1.1));
#1338 = CARTESIAN_POINT('',(-12.96377791275,35.079640648604,1.1));
#1339 = ORIENTED_EDGE('',*,*,#1340,.T.);
#1340 = EDGE_CURVE('',#1333,#1341,#1343,.T.);
#1341 = VERTEX_POINT('',#1342);
#1342 = CARTESIAN_POINT('',(-13.12654223356,35.253078039636,1.1));
#1343 = B_SPLINE_CURVE_WITH_KNOTS('',2,(#1344,#1345,#1346),
  .UNSPECIFIED.,.F.,.F.,(3,3),(0.,1.),.PIECEWISE_BEZIER_KNOTS.);
#1344 = CARTESIAN_POINT('',(-12.96377791275,35.079640648604,1.1));
#1345 = CARTESIAN_POINT('',(-13.07050861492,35.079640648604,1.1));
#1346 = CARTESIAN_POINT('',(-13.12654223356,35.253078039636,1.1));
#1347 = ORIENTED_EDGE('',*,*,#1348,.T.);
#1348 = EDGE_CURVE('',#1341,#1259,#1349,.T.);
#1349 = B_SPLINE_CURVE_WITH_KNOTS('',2,(#1350,#1351,#1352),
  .UNSPECIFIED.,.F.,.F.,(3,3),(0.,1.),.PIECEWISE_BEZIER_KNOTS.);
#1350 = CARTESIAN_POINT('',(-13.12654223356,35.253078039636,1.1));
#1351 = CARTESIAN_POINT('',(-13.12654223356,35.253078039636,1.1));
#1352 = CARTESIAN_POINT('',(-13.7375755035,37.075504779248,1.1));
#1353 = FACE_BOUND('',#1354,.T.);
#1354 = EDGE_LOOP('',(#1355,#1365,#1373,#1381,#1389,#1397));
#1355 = ORIENTED_EDGE('',*,*,#1356,.T.);
#1356 = EDGE_CURVE('',#1357,#1359,#1361,.T.);
#1357 = VERTEX_POINT('',#1358);
#1358 = CARTESIAN_POINT('',(-10.19144792379,36.285697583164,1.1));
#1359 = VERTEX_POINT('',#1360);
#1360 = CARTESIAN_POINT('',(-10.39690452547,36.101587121915,1.1));
#1361 = B_SPLINE_CURVE_WITH_KNOTS('',2,(#1362,#1363,#1364),
  .UNSPECIFIED.,.F.,.F.,(3,3),(0.,1.),.PIECEWISE_BEZIER_KNOTS.);
#1362 = CARTESIAN_POINT('',(-10.19144792379,36.285697583164,1.1));
#1363 = CARTESIAN_POINT('',(-10.19144792379,36.101587121915,1.1));
#1364 = CARTESIAN_POINT('',(-10.39690452547,36.101587121915,1.1));
#1365 = ORIENTED_EDGE('',*,*,#1366,.T.);
#1366 = EDGE_CURVE('',#1359,#1367,#1369,.T.);
#1367 = VERTEX_POINT('',#1368);
#1368 = CARTESIAN_POINT('',(-12.00586986074,36.101587121915,1.1));
#1369 = B_SPLINE_CURVE_WITH_KNOTS('',2,(#1370,#1371,#1372),
  .UNSPECIFIED.,.F.,.F.,(3,3),(0.,1.),.PIECEWISE_BEZIER_KNOTS.);
#1370 = CARTESIAN_POINT('',(-10.39690452547,36.101587121915,1.1));
#1371 = CARTESIAN_POINT('',(-10.39690452547,36.101587121915,1.1));
#1372 = CARTESIAN_POINT('',(-12.00586986074,36.101587121915,1.1));
#1373 = ORIENTED_EDGE('',*,*,#1374,.T.);
#1374 = EDGE_CURVE('',#1367,#1375,#1377,.T.);
#1375 = VERTEX_POINT('',#1376);
#1376 = CARTESIAN_POINT('',(-12.19798512465,36.307043723599,1.1));
#1377 = B_SPLINE_CURVE_WITH_KNOTS('',2,(#1378,#1379,#1380),
  .UNSPECIFIED.,.F.,.F.,(3,3),(0.,1.),.PIECEWISE_BEZIER_KNOTS.);
#1378 = CARTESIAN_POINT('',(-12.00586986074,36.101587121915,1.1));
#1379 = CARTESIAN_POINT('',(-12.19798512465,36.101587121915,1.1));
#1380 = CARTESIAN_POINT('',(-12.19798512465,36.307043723599,1.1));
#1381 = ORIENTED_EDGE('',*,*,#1382,.T.);
#1382 = EDGE_CURVE('',#1375,#1383,#1385,.T.);
#1383 = VERTEX_POINT('',#1384);
#1384 = CARTESIAN_POINT('',(-11.99252852297,36.48581764974,1.1));
#1385 = B_SPLINE_CURVE_WITH_KNOTS('',2,(#1386,#1387,#1388),
  .UNSPECIFIED.,.F.,.F.,(3,3),(0.,1.),.PIECEWISE_BEZIER_KNOTS.);
#1386 = CARTESIAN_POINT('',(-12.19798512465,36.307043723599,1.1));
#1387 = CARTESIAN_POINT('',(-12.19798512465,36.48581764974,1.1));
#1388 = CARTESIAN_POINT('',(-11.99252852297,36.48581764974,1.1));
#1389 = ORIENTED_EDGE('',*,*,#1390,.T.);
#1390 = EDGE_CURVE('',#1383,#1391,#1393,.T.);
#1391 = VERTEX_POINT('',#1392);
#1392 = CARTESIAN_POINT('',(-10.38889972281,36.48581764974,1.1));
#1393 = LINE('',#1394,#1395);
#1394 = CARTESIAN_POINT('',(-11.99252852297,36.48581764974,1.1));
#1395 = VECTOR('',#1396,1.);
#1396 = DIRECTION('',(1.,-1.2E-16,0.));
#1397 = ORIENTED_EDGE('',*,*,#1398,.T.);
#1398 = EDGE_CURVE('',#1391,#1357,#1399,.T.);
#1399 = B_SPLINE_CURVE_WITH_KNOTS('',2,(#1400,#1401,#1402),
  .UNSPECIFIED.,.F.,.F.,(3,3),(0.,1.),.PIECEWISE_BEZIER_KNOTS.);
#1400 = CARTESIAN_POINT('',(-10.38889972281,36.48581764974,1.1));
#1401 = CARTESIAN_POINT('',(-10.19144792379,36.48581764974,1.1));
#1402 = CARTESIAN_POINT('',(-10.19144792379,36.285697583164,1.1));
#1403 = FACE_BOUND('',#1404,.T.);
#1404 = EDGE_LOOP('',(#1405,#1415,#1423,#1431,#1439,#1447,#1455,#1463,
    #1471,#1479,#1487,#1495,#1503,#1511,#1519,#1527,#1535,#1543));
#1405 = ORIENTED_EDGE('',*,*,#1406,.T.);
#1406 = EDGE_CURVE('',#1407,#1409,#1411,.T.);
#1407 = VERTEX_POINT('',#1408);
#1408 = CARTESIAN_POINT('',(-8.358348113963,34.121732596597,1.1));
#1409 = VERTEX_POINT('',#1410);
#1410 = CARTESIAN_POINT('',(-9.030751537656,33.849569306054,1.1));
#1411 = B_SPLINE_CURVE_WITH_KNOTS('',2,(#1412,#1413,#1414),
  .UNSPECIFIED.,.F.,.F.,(3,3),(0.,1.),.PIECEWISE_BEZIER_KNOTS.);
#1412 = CARTESIAN_POINT('',(-8.358348113963,34.121732596597,1.1));
#1413 = CARTESIAN_POINT('',(-8.646521009832,33.849569306054,1.1));
#1414 = CARTESIAN_POINT('',(-9.030751537656,33.849569306054,1.1));
#1415 = ORIENTED_EDGE('',*,*,#1416,.T.);
#1416 = EDGE_CURVE('',#1409,#1417,#1419,.T.);
#1417 = VERTEX_POINT('',#1418);
#1418 = CARTESIAN_POINT('',(-9.847241409284,33.849569306054,1.1));
#1419 = B_SPLINE_CURVE_WITH_KNOTS('',2,(#1420,#1421,#1422),
  .UNSPECIFIED.,.F.,.F.,(3,3),(0.,1.),.PIECEWISE_BEZIER_KNOTS.);
#1420 = CARTESIAN_POINT('',(-9.030751537656,33.849569306054,1.1));
#1421 = CARTESIAN_POINT('',(-9.030751537656,33.849569306054,1.1));
#1422 = CARTESIAN_POINT('',(-9.847241409284,33.849569306054,1.1));
#1423 = ORIENTED_EDGE('',*,*,#1424,.T.);
#1424 = EDGE_CURVE('',#1417,#1425,#1427,.T.);
#1425 = VERTEX_POINT('',#1426);
#1426 = CARTESIAN_POINT('',(-10.0446932083,34.049689372629,1.1));
#1427 = B_SPLINE_CURVE_WITH_KNOTS('',2,(#1428,#1429,#1430),
  .UNSPECIFIED.,.F.,.F.,(3,3),(0.,1.),.PIECEWISE_BEZIER_KNOTS.);
#1428 = CARTESIAN_POINT('',(-9.847241409284,33.849569306054,1.1));
#1429 = CARTESIAN_POINT('',(-10.0446932083,33.849569306054,1.1));
#1430 = CARTESIAN_POINT('',(-10.0446932083,34.049689372629,1.1));
#1431 = ORIENTED_EDGE('',*,*,#1432,.T.);
#1432 = EDGE_CURVE('',#1425,#1433,#1435,.T.);
#1433 = VERTEX_POINT('',#1434);
#1434 = CARTESIAN_POINT('',(-9.831231803958,34.252477706759,1.1));
#1435 = B_SPLINE_CURVE_WITH_KNOTS('',2,(#1436,#1437,#1438),
  .UNSPECIFIED.,.F.,.F.,(3,3),(0.,1.),.PIECEWISE_BEZIER_KNOTS.);
#1436 = CARTESIAN_POINT('',(-10.0446932083,34.049689372629,1.1));
#1437 = CARTESIAN_POINT('',(-10.0446932083,34.252477706759,1.1));
#1438 = CARTESIAN_POINT('',(-9.831231803958,34.252477706759,1.1));
#1439 = ORIENTED_EDGE('',*,*,#1440,.T.);
#1440 = EDGE_CURVE('',#1433,#1441,#1443,.T.);
#1441 = VERTEX_POINT('',#1442);
#1442 = CARTESIAN_POINT('',(-9.028083270102,34.252477706759,1.1));
#1443 = LINE('',#1444,#1445);
#1444 = CARTESIAN_POINT('',(-9.831231803958,34.252477706759,1.1));
#1445 = VECTOR('',#1446,1.);
#1446 = DIRECTION('',(1.,-1.2E-16,0.));
#1447 = ORIENTED_EDGE('',*,*,#1448,.T.);
#1448 = EDGE_CURVE('',#1441,#1449,#1451,.T.);
#1449 = VERTEX_POINT('',#1450);
#1450 = CARTESIAN_POINT('',(-8.593155658745,34.447261238226,1.1));
#1451 = B_SPLINE_CURVE_WITH_KNOTS('',2,(#1452,#1453,#1454),
  .UNSPECIFIED.,.F.,.F.,(3,3),(0.,1.),.PIECEWISE_BEZIER_KNOTS.);
#1452 = CARTESIAN_POINT('',(-9.028083270102,34.252477706759,1.1));
#1453 = CARTESIAN_POINT('',(-8.803948795537,34.252477706759,1.1));
#1454 = CARTESIAN_POINT('',(-8.593155658745,34.447261238226,1.1));
#1455 = ORIENTED_EDGE('',*,*,#1456,.T.);
#1456 = EDGE_CURVE('',#1449,#1457,#1459,.T.);
#1457 = VERTEX_POINT('',#1458);
#1458 = CARTESIAN_POINT('',(-8.433059605485,34.847501371376,1.1));
#1459 = B_SPLINE_CURVE_WITH_KNOTS('',2,(#1460,#1461,#1462),
  .UNSPECIFIED.,.F.,.F.,(3,3),(0.,1.),.PIECEWISE_BEZIER_KNOTS.);
#1460 = CARTESIAN_POINT('',(-8.593155658745,34.447261238226,1.1));
#1461 = CARTESIAN_POINT('',(-8.433059605485,34.596684221269,1.1));
#1462 = CARTESIAN_POINT('',(-8.433059605485,34.847501371376,1.1));
#1463 = ORIENTED_EDGE('',*,*,#1464,.T.);
#1464 = EDGE_CURVE('',#1457,#1465,#1467,.T.);
#1465 = VERTEX_POINT('',#1466);
#1466 = CARTESIAN_POINT('',(-8.433059605485,36.88605778289,1.1));
#1467 = LINE('',#1468,#1469);
#1468 = CARTESIAN_POINT('',(-8.433059605485,34.847501371376,1.1));
#1469 = VECTOR('',#1470,1.);
#1470 = DIRECTION('',(1.2E-16,1.,0.));
#1471 = ORIENTED_EDGE('',*,*,#1472,.T.);
#1472 = EDGE_CURVE('',#1465,#1473,#1475,.T.);
#1473 = VERTEX_POINT('',#1474);
#1474 = CARTESIAN_POINT('',(-8.601160461408,37.318317126693,1.1));
#1475 = B_SPLINE_CURVE_WITH_KNOTS('',2,(#1476,#1477,#1478),
  .UNSPECIFIED.,.F.,.F.,(3,3),(0.,1.),.PIECEWISE_BEZIER_KNOTS.);
#1476 = CARTESIAN_POINT('',(-8.433059605485,36.88605778289,1.1));
#1477 = CARTESIAN_POINT('',(-8.433059605485,37.136874932998,1.1));
#1478 = CARTESIAN_POINT('',(-8.601160461408,37.318317126693,1.1));
#1479 = ORIENTED_EDGE('',*,*,#1480,.T.);
#1480 = EDGE_CURVE('',#1473,#1481,#1483,.T.);
#1481 = VERTEX_POINT('',#1482);
#1482 = CARTESIAN_POINT('',(-8.966713116352,37.505095855497,1.1));
#1483 = B_SPLINE_CURVE_WITH_KNOTS('',2,(#1484,#1485,#1486),
  .UNSPECIFIED.,.F.,.F.,(3,3),(0.,1.),.PIECEWISE_BEZIER_KNOTS.);
#1484 = CARTESIAN_POINT('',(-8.601160461408,37.318317126693,1.1));
#1485 = CARTESIAN_POINT('',(-8.777266119994,37.505095855497,1.1));
#1486 = CARTESIAN_POINT('',(-8.966713116352,37.505095855497,1.1));
#1487 = ORIENTED_EDGE('',*,*,#1488,.T.);
#1488 = EDGE_CURVE('',#1481,#1489,#1491,.T.);
#1489 = VERTEX_POINT('',#1490);
#1490 = CARTESIAN_POINT('',(-9.86325101461,37.505095855497,1.1));
#1491 = LINE('',#1492,#1493);
#1492 = CARTESIAN_POINT('',(-8.966713116352,37.505095855497,1.1));
#1493 = VECTOR('',#1494,1.);
#1494 = DIRECTION('',(-1.,1.2E-16,0.));
#1495 = ORIENTED_EDGE('',*,*,#1496,.T.);
#1496 = EDGE_CURVE('',#1489,#1497,#1499,.T.);
#1497 = VERTEX_POINT('',#1498);
#1498 = CARTESIAN_POINT('',(-10.05536627852,37.699879386963,1.1));
#1499 = B_SPLINE_CURVE_WITH_KNOTS('',2,(#1500,#1501,#1502),
  .UNSPECIFIED.,.F.,.F.,(3,3),(0.,1.),.PIECEWISE_BEZIER_KNOTS.);
#1500 = CARTESIAN_POINT('',(-9.86325101461,37.505095855497,1.1));
#1501 = CARTESIAN_POINT('',(-10.05536627852,37.505095855497,1.1));
#1502 = CARTESIAN_POINT('',(-10.05536627852,37.699879386963,1.1));
#1503 = ORIENTED_EDGE('',*,*,#1504,.T.);
#1504 = EDGE_CURVE('',#1497,#1505,#1507,.T.);
#1505 = VERTEX_POINT('',#1506);
#1506 = CARTESIAN_POINT('',(-9.860582747055,37.883989848213,1.1));
#1507 = B_SPLINE_CURVE_WITH_KNOTS('',2,(#1508,#1509,#1510),
  .UNSPECIFIED.,.F.,.F.,(3,3),(0.,1.),.PIECEWISE_BEZIER_KNOTS.);
#1508 = CARTESIAN_POINT('',(-10.05536627852,37.699879386963,1.1));
#1509 = CARTESIAN_POINT('',(-10.05536627852,37.883989848213,1.1));
#1510 = CARTESIAN_POINT('',(-9.860582747055,37.883989848213,1.1));
#1511 = ORIENTED_EDGE('',*,*,#1512,.T.);
#1512 = EDGE_CURVE('',#1505,#1513,#1515,.T.);
#1513 = VERTEX_POINT('',#1514);
#1514 = CARTESIAN_POINT('',(-8.950703511026,37.883989848213,1.1));
#1515 = LINE('',#1516,#1517);
#1516 = CARTESIAN_POINT('',(-9.860582747055,37.883989848213,1.1));
#1517 = VECTOR('',#1518,1.);
#1518 = DIRECTION('',(1.,-1.2E-16,0.));
#1519 = ORIENTED_EDGE('',*,*,#1520,.T.);
#1520 = EDGE_CURVE('',#1513,#1521,#1523,.T.);
#1521 = VERTEX_POINT('',#1522);
#1522 = CARTESIAN_POINT('',(-8.262290482007,37.529110263486,1.1));
#1523 = B_SPLINE_CURVE_WITH_KNOTS('',2,(#1524,#1525,#1526),
  .UNSPECIFIED.,.F.,.F.,(3,3),(0.,1.),.PIECEWISE_BEZIER_KNOTS.);
#1524 = CARTESIAN_POINT('',(-8.950703511026,37.883989848213,1.1));
#1525 = CARTESIAN_POINT('',(-8.582482588527,37.883989848213,1.1));
#1526 = CARTESIAN_POINT('',(-8.262290482007,37.529110263486,1.1));
#1527 = ORIENTED_EDGE('',*,*,#1528,.T.);
#1528 = EDGE_CURVE('',#1521,#1529,#1531,.T.);
#1529 = VERTEX_POINT('',#1530);
#1530 = CARTESIAN_POINT('',(-8.043492542551,36.907403923325,1.1));
#1531 = B_SPLINE_CURVE_WITH_KNOTS('',2,(#1532,#1533,#1534),
  .UNSPECIFIED.,.F.,.F.,(3,3),(0.,1.),.PIECEWISE_BEZIER_KNOTS.);
#1532 = CARTESIAN_POINT('',(-8.262290482007,37.529110263486,1.1));
#1533 = CARTESIAN_POINT('',(-8.043492542551,37.286297916041,1.1));
#1534 = CARTESIAN_POINT('',(-8.043492542551,36.907403923325,1.1));
#1535 = ORIENTED_EDGE('',*,*,#1536,.T.);
#1536 = EDGE_CURVE('',#1529,#1537,#1539,.T.);
#1537 = VERTEX_POINT('',#1538);
#1538 = CARTESIAN_POINT('',(-8.043492542551,34.818150428279,1.1));
#1539 = LINE('',#1540,#1541);
#1540 = CARTESIAN_POINT('',(-8.043492542551,36.907403923325,1.1));
#1541 = VECTOR('',#1542,1.);
#1542 = DIRECTION('',(-1.2E-16,-1.,0.));
#1543 = ORIENTED_EDGE('',*,*,#1544,.T.);
#1544 = EDGE_CURVE('',#1537,#1407,#1545,.T.);
#1545 = B_SPLINE_CURVE_WITH_KNOTS('',2,(#1546,#1547,#1548),
  .UNSPECIFIED.,.F.,.F.,(3,3),(0.,1.),.PIECEWISE_BEZIER_KNOTS.);
#1546 = CARTESIAN_POINT('',(-8.043492542551,34.818150428279,1.1));
#1547 = CARTESIAN_POINT('',(-8.043492542551,34.417910295128,1.1));
#1548 = CARTESIAN_POINT('',(-8.358348113963,34.121732596597,1.1));
#1549 = FACE_BOUND('',#1550,.T.);
#1550 = EDGE_LOOP('',(#1551,#1561,#1569,#1577,#1585,#1593,#1601,#1609,
    #1617,#1625,#1633,#1641,#1649,#1657,#1665,#1673,#1681,#1689,#1697,
    #1705,#1713,#1721,#1729,#1737));
#1551 = ORIENTED_EDGE('',*,*,#1552,.T.);
#1552 = EDGE_CURVE('',#1553,#1555,#1557,.T.);
#1553 = VERTEX_POINT('',#1554);
#1554 = CARTESIAN_POINT('',(-5.529984506365,35.765385410069,1.1));
#1555 = VERTEX_POINT('',#1556);
#1556 = CARTESIAN_POINT('',(-4.961643517291,34.87418404692,1.1));
#1557 = B_SPLINE_CURVE_WITH_KNOTS('',2,(#1558,#1559,#1560),
  .UNSPECIFIED.,.F.,.F.,(3,3),(0.,1.),.PIECEWISE_BEZIER_KNOTS.);
#1558 = CARTESIAN_POINT('',(-5.529984506365,35.765385410069,1.1));
#1559 = CARTESIAN_POINT('',(-4.961643517291,35.4772125142,1.1));
#1560 = CARTESIAN_POINT('',(-4.961643517291,34.87418404692,1.1));
#1561 = ORIENTED_EDGE('',*,*,#1562,.T.);
#1562 = EDGE_CURVE('',#1555,#1563,#1565,.T.);
#1563 = VERTEX_POINT('',#1564);
#1564 = CARTESIAN_POINT('',(-5.24981641316,34.161756609912,1.1));
#1565 = B_SPLINE_CURVE_WITH_KNOTS('',2,(#1566,#1567,#1568),
  .UNSPECIFIED.,.F.,.F.,(3,3),(0.,1.),.PIECEWISE_BEZIER_KNOTS.);
#1566 = CARTESIAN_POINT('',(-4.961643517291,34.87418404692,1.1));
#1567 = CARTESIAN_POINT('',(-4.961643517291,34.457934308443,1.1));
#1568 = CARTESIAN_POINT('',(-5.24981641316,34.161756609912,1.1));
#1569 = ORIENTED_EDGE('',*,*,#1570,.T.);
#1570 = EDGE_CURVE('',#1563,#1571,#1573,.T.);
#1571 = VERTEX_POINT('',#1572);
#1572 = CARTESIAN_POINT('',(-5.946234244842,33.862910643826,1.1));
#1573 = B_SPLINE_CURVE_WITH_KNOTS('',2,(#1574,#1575,#1576),
  .UNSPECIFIED.,.F.,.F.,(3,3),(0.,1.),.PIECEWISE_BEZIER_KNOTS.);
#1574 = CARTESIAN_POINT('',(-5.24981641316,34.161756609912,1.1));
#1575 = CARTESIAN_POINT('',(-5.537989309028,33.862910643826,1.1));
#1576 = CARTESIAN_POINT('',(-5.946234244842,33.862910643826,1.1));
#1577 = ORIENTED_EDGE('',*,*,#1578,.T.);
#1578 = EDGE_CURVE('',#1571,#1579,#1581,.T.);
#1579 = VERTEX_POINT('',#1580);
#1580 = CARTESIAN_POINT('',(-6.973517253262,34.036348034858,1.1));
#1581 = B_SPLINE_CURVE_WITH_KNOTS('',2,(#1582,#1583,#1584),
  .UNSPECIFIED.,.F.,.F.,(3,3),(0.,1.),.PIECEWISE_BEZIER_KNOTS.);
#1582 = CARTESIAN_POINT('',(-5.946234244842,33.862910643826,1.1));
#1583 = CARTESIAN_POINT('',(-6.511906966361,33.862910643826,1.1));
#1584 = CARTESIAN_POINT('',(-6.973517253262,34.036348034858,1.1));
#1585 = ORIENTED_EDGE('',*,*,#1586,.T.);
#1586 = EDGE_CURVE('',#1579,#1587,#1589,.T.);
#1587 = VERTEX_POINT('',#1588);
#1588 = CARTESIAN_POINT('',(-7.165632517174,34.257814241868,1.1));
#1589 = B_SPLINE_CURVE_WITH_KNOTS('',2,(#1590,#1591,#1592),
  .UNSPECIFIED.,.F.,.F.,(3,3),(0.,1.),.PIECEWISE_BEZIER_KNOTS.);
#1590 = CARTESIAN_POINT('',(-6.973517253262,34.036348034858,1.1));
#1591 = CARTESIAN_POINT('',(-7.165632517174,34.108391258825,1.1));
#1592 = CARTESIAN_POINT('',(-7.165632517174,34.257814241868,1.1));
#1593 = ORIENTED_EDGE('',*,*,#1594,.T.);
#1594 = EDGE_CURVE('',#1587,#1595,#1597,.T.);
#1595 = VERTEX_POINT('',#1596);
#1596 = CARTESIAN_POINT('',(-6.981522055925,34.441924703117,1.1));
#1597 = B_SPLINE_CURVE_WITH_KNOTS('',2,(#1598,#1599,#1600),
  .UNSPECIFIED.,.F.,.F.,(3,3),(0.,1.),.PIECEWISE_BEZIER_KNOTS.);
#1598 = CARTESIAN_POINT('',(-7.165632517174,34.257814241868,1.1));
#1599 = CARTESIAN_POINT('',(-7.165632517174,34.441924703117,1.1));
#1600 = CARTESIAN_POINT('',(-6.981522055925,34.441924703117,1.1));
#1601 = ORIENTED_EDGE('',*,*,#1602,.T.);
#1602 = EDGE_CURVE('',#1595,#1603,#1605,.T.);
#1603 = VERTEX_POINT('',#1604);
#1604 = CARTESIAN_POINT('',(-6.73870970848,34.377886281813,1.1));
#1605 = B_SPLINE_CURVE_WITH_KNOTS('',2,(#1606,#1607,#1608),
  .UNSPECIFIED.,.F.,.F.,(3,3),(0.,1.),.PIECEWISE_BEZIER_KNOTS.);
#1606 = CARTESIAN_POINT('',(-6.981522055925,34.441924703117,1.1));
#1607 = CARTESIAN_POINT('',(-6.904142296849,34.441924703117,1.1));
#1608 = CARTESIAN_POINT('',(-6.73870970848,34.377886281813,1.1));
#1609 = ORIENTED_EDGE('',*,*,#1610,.T.);
#1610 = EDGE_CURVE('',#1603,#1611,#1613,.T.);
#1611 = VERTEX_POINT('',#1612);
#1612 = CARTESIAN_POINT('',(-6.004936131037,34.244472904096,1.1));
#1613 = B_SPLINE_CURVE_WITH_KNOTS('',2,(#1614,#1615,#1616),
  .UNSPECIFIED.,.F.,.F.,(3,3),(0.,1.),.PIECEWISE_BEZIER_KNOTS.);
#1614 = CARTESIAN_POINT('',(-6.73870970848,34.377886281813,1.1));
#1615 = CARTESIAN_POINT('',(-6.39450319397,34.244472904096,1.1));
#1616 = CARTESIAN_POINT('',(-6.004936131037,34.244472904096,1.1));
#1617 = ORIENTED_EDGE('',*,*,#1618,.T.);
#1618 = EDGE_CURVE('',#1611,#1619,#1621,.T.);
#1619 = VERTEX_POINT('',#1620);
#1620 = CARTESIAN_POINT('',(-5.468614352615,34.495290054204,1.1));
#1621 = B_SPLINE_CURVE_WITH_KNOTS('',2,(#1622,#1623,#1624),
  .UNSPECIFIED.,.F.,.F.,(3,3),(0.,1.),.PIECEWISE_BEZIER_KNOTS.);
#1622 = CARTESIAN_POINT('',(-6.004936131037,34.244472904096,1.1));
#1623 = CARTESIAN_POINT('',(-5.652724813865,34.244472904096,1.1));
#1624 = CARTESIAN_POINT('',(-5.468614352615,34.495290054204,1.1));
#1625 = ORIENTED_EDGE('',*,*,#1626,.T.);
#1626 = EDGE_CURVE('',#1619,#1627,#1629,.T.);
#1627 = VERTEX_POINT('',#1628);
#1628 = CARTESIAN_POINT('',(-5.356547115333,34.895530187354,1.1));
#1629 = B_SPLINE_CURVE_WITH_KNOTS('',2,(#1630,#1631,#1632),
  .UNSPECIFIED.,.F.,.F.,(3,3),(0.,1.),.PIECEWISE_BEZIER_KNOTS.);
#1630 = CARTESIAN_POINT('',(-5.468614352615,34.495290054204,1.1));
#1631 = CARTESIAN_POINT('',(-5.356547115333,34.647381304801,1.1));
#1632 = CARTESIAN_POINT('',(-5.356547115333,34.895530187354,1.1));
#1633 = ORIENTED_EDGE('',*,*,#1634,.T.);
#1634 = EDGE_CURVE('',#1627,#1635,#1637,.T.);
#1635 = VERTEX_POINT('',#1636);
#1636 = CARTESIAN_POINT('',(-5.770128586255,35.445193303548,1.1));
#1637 = B_SPLINE_CURVE_WITH_KNOTS('',2,(#1638,#1639,#1640),
  .UNSPECIFIED.,.F.,.F.,(3,3),(0.,1.),.PIECEWISE_BEZIER_KNOTS.);
#1638 = CARTESIAN_POINT('',(-5.356547115333,34.895530187354,1.1));
#1639 = CARTESIAN_POINT('',(-5.356547115333,35.234400166755,1.1));
#1640 = CARTESIAN_POINT('',(-5.770128586255,35.445193303548,1.1));
#1641 = ORIENTED_EDGE('',*,*,#1642,.T.);
#1642 = EDGE_CURVE('',#1635,#1643,#1645,.T.);
#1643 = VERTEX_POINT('',#1644);
#1644 = CARTESIAN_POINT('',(-6.744046243589,35.938822801101,1.1));
#1645 = LINE('',#1646,#1647);
#1646 = CARTESIAN_POINT('',(-5.770128586255,35.445193303548,1.1));
#1647 = VECTOR('',#1648,1.);
#1648 = DIRECTION('',(-0.891970083601,0.452094425935,0.));
#1649 = ORIENTED_EDGE('',*,*,#1650,.T.);
#1650 = EDGE_CURVE('',#1643,#1651,#1653,.T.);
#1651 = VERTEX_POINT('',#1652);
#1652 = CARTESIAN_POINT('',(-7.376425653967,36.883389515336,1.1));
#1653 = B_SPLINE_CURVE_WITH_KNOTS('',2,(#1654,#1655,#1656),
  .UNSPECIFIED.,.F.,.F.,(3,3),(0.,1.),.PIECEWISE_BEZIER_KNOTS.);
#1654 = CARTESIAN_POINT('',(-6.744046243589,35.938822801101,1.1));
#1655 = CARTESIAN_POINT('',(-7.376425653967,36.26435144273,1.1));
#1656 = CARTESIAN_POINT('',(-7.376425653967,36.883389515336,1.1));
#1657 = ORIENTED_EDGE('',*,*,#1658,.T.);
#1658 = EDGE_CURVE('',#1651,#1659,#1661,.T.);
#1659 = VERTEX_POINT('',#1660);
#1660 = CARTESIAN_POINT('',(-7.045560477229,37.633172698105,1.1));
#1661 = B_SPLINE_CURVE_WITH_KNOTS('',2,(#1662,#1663,#1664),
  .UNSPECIFIED.,.F.,.F.,(3,3),(0.,1.),.PIECEWISE_BEZIER_KNOTS.);
#1662 = CARTESIAN_POINT('',(-7.376425653967,36.883389515336,1.1));
#1663 = CARTESIAN_POINT('',(-7.376425653967,37.347668069791,1.1));
#1664 = CARTESIAN_POINT('',(-7.045560477229,37.633172698105,1.1));
#1665 = ORIENTED_EDGE('',*,*,#1666,.T.);
#1666 = EDGE_CURVE('',#1659,#1667,#1669,.T.);
#1667 = VERTEX_POINT('',#1668);
#1668 = CARTESIAN_POINT('',(-6.327796505112,37.891994650876,1.1));
#1669 = B_SPLINE_CURVE_WITH_KNOTS('',2,(#1670,#1671,#1672),
  .UNSPECIFIED.,.F.,.F.,(3,3),(0.,1.),.PIECEWISE_BEZIER_KNOTS.);
#1670 = CARTESIAN_POINT('',(-7.045560477229,37.633172698105,1.1));
#1671 = CARTESIAN_POINT('',(-6.746714511143,37.891994650876,1.1));
#1672 = CARTESIAN_POINT('',(-6.327796505112,37.891994650876,1.1));
#1673 = ORIENTED_EDGE('',*,*,#1674,.T.);
#1674 = EDGE_CURVE('',#1667,#1675,#1677,.T.);
#1675 = VERTEX_POINT('',#1676);
#1676 = CARTESIAN_POINT('',(-5.111066500334,37.510432390606,1.1));
#1677 = B_SPLINE_CURVE_WITH_KNOTS('',2,(#1678,#1679,#1680),
  .UNSPECIFIED.,.F.,.F.,(3,3),(0.,1.),.PIECEWISE_BEZIER_KNOTS.);
#1678 = CARTESIAN_POINT('',(-6.327796505112,37.891994650876,1.1));
#1679 = CARTESIAN_POINT('',(-5.69274882718,37.891994650876,1.1));
#1680 = CARTESIAN_POINT('',(-5.111066500334,37.510432390606,1.1));
#1681 = ORIENTED_EDGE('',*,*,#1682,.T.);
#1682 = EDGE_CURVE('',#1675,#1683,#1685,.T.);
#1683 = VERTEX_POINT('',#1684);
#1684 = CARTESIAN_POINT('',(-4.961643517291,37.29163445115,1.1));
#1685 = B_SPLINE_CURVE_WITH_KNOTS('',2,(#1686,#1687,#1688),
  .UNSPECIFIED.,.F.,.F.,(3,3),(0.,1.),.PIECEWISE_BEZIER_KNOTS.);
#1686 = CARTESIAN_POINT('',(-5.111066500334,37.510432390605,1.1));
#1687 = CARTESIAN_POINT('',(-4.961643517291,37.411706491095,1.1));
#1688 = CARTESIAN_POINT('',(-4.961643517291,37.29163445115,1.1));
#1689 = ORIENTED_EDGE('',*,*,#1690,.T.);
#1690 = EDGE_CURVE('',#1683,#1691,#1693,.T.);
#1691 = VERTEX_POINT('',#1692);
#1692 = CARTESIAN_POINT('',(-5.159095316312,37.1075239899,1.1));
#1693 = B_SPLINE_CURVE_WITH_KNOTS('',2,(#1694,#1695,#1696),
  .UNSPECIFIED.,.F.,.F.,(3,3),(0.,1.),.PIECEWISE_BEZIER_KNOTS.);
#1694 = CARTESIAN_POINT('',(-4.961643517291,37.29163445115,1.1));
#1695 = CARTESIAN_POINT('',(-4.961643517291,37.1075239899,1.1));
#1696 = CARTESIAN_POINT('',(-5.159095316312,37.1075239899,1.1));
#1697 = ORIENTED_EDGE('',*,*,#1698,.T.);
#1698 = EDGE_CURVE('',#1691,#1699,#1701,.T.);
#1699 = VERTEX_POINT('',#1700);
#1700 = CARTESIAN_POINT('',(-5.351210580224,37.192908551639,1.1));
#1701 = B_SPLINE_CURVE_WITH_KNOTS('',2,(#1702,#1703,#1704),
  .UNSPECIFIED.,.F.,.F.,(3,3),(0.,1.),.PIECEWISE_BEZIER_KNOTS.);
#1702 = CARTESIAN_POINT('',(-5.159095316312,37.1075239899,1.1));
#1703 = CARTESIAN_POINT('',(-5.231138540279,37.1075239899,1.1));
#1704 = CARTESIAN_POINT('',(-5.351210580224,37.192908551639,1.1));
#1705 = ORIENTED_EDGE('',*,*,#1706,.T.);
#1706 = EDGE_CURVE('',#1699,#1707,#1709,.T.);
#1707 = VERTEX_POINT('',#1708);
#1708 = CARTESIAN_POINT('',(-6.362483983318,37.494422785279,1.1));
#1709 = B_SPLINE_CURVE_WITH_KNOTS('',2,(#1710,#1711,#1712),
  .UNSPECIFIED.,.F.,.F.,(3,3),(0.,1.),.PIECEWISE_BEZIER_KNOTS.);
#1710 = CARTESIAN_POINT('',(-5.351210580224,37.192908551639,1.1));
#1711 = CARTESIAN_POINT('',(-5.77279685381,37.494422785279,1.1));
#1712 = CARTESIAN_POINT('',(-6.362483983318,37.494422785279,1.1));
#1713 = ORIENTED_EDGE('',*,*,#1714,.T.);
#1714 = EDGE_CURVE('',#1707,#1715,#1717,.T.);
#1715 = VERTEX_POINT('',#1716);
#1716 = CARTESIAN_POINT('',(-6.674671287176,37.422379561312,1.1));
#1717 = B_SPLINE_CURVE_WITH_KNOTS('',2,(#1718,#1719,#1720),
  .UNSPECIFIED.,.F.,.F.,(3,3),(0.,1.),.PIECEWISE_BEZIER_KNOTS.);
#1718 = CARTESIAN_POINT('',(-6.362483983318,37.494422785279,1.1));
#1719 = CARTESIAN_POINT('',(-6.53592137435,37.494422785279,1.1));
#1720 = CARTESIAN_POINT('',(-6.674671287176,37.422379561312,1.1));
#1721 = ORIENTED_EDGE('',*,*,#1722,.T.);
#1722 = EDGE_CURVE('',#1715,#1723,#1725,.T.);
#1723 = VERTEX_POINT('',#1724);
#1724 = CARTESIAN_POINT('',(-6.981522055925,36.870048177564,1.1));
#1725 = B_SPLINE_CURVE_WITH_KNOTS('',2,(#1726,#1727,#1728),
  .UNSPECIFIED.,.F.,.F.,(3,3),(0.,1.),.PIECEWISE_BEZIER_KNOTS.);
#1726 = CARTESIAN_POINT('',(-6.674671287176,37.422379561312,1.1));
#1727 = CARTESIAN_POINT('',(-6.981522055925,37.262283508052,1.1));
#1728 = CARTESIAN_POINT('',(-6.981522055925,36.870048177564,1.1));
#1729 = ORIENTED_EDGE('',*,*,#1730,.T.);
#1730 = EDGE_CURVE('',#1723,#1731,#1733,.T.);
#1731 = VERTEX_POINT('',#1732);
#1732 = CARTESIAN_POINT('',(-6.57861365522,36.296370653382,1.1));
#1733 = B_SPLINE_CURVE_WITH_KNOTS('',2,(#1734,#1735,#1736),
  .UNSPECIFIED.,.F.,.F.,(3,3),(0.,1.),.PIECEWISE_BEZIER_KNOTS.);
#1734 = CARTESIAN_POINT('',(-6.981522055925,36.870048177564,1.1));
#1735 = CARTESIAN_POINT('',(-6.981522055925,36.499158987511,1.1));
#1736 = CARTESIAN_POINT('',(-6.57861365522,36.296370653382,1.1));
#1737 = ORIENTED_EDGE('',*,*,#1738,.T.);
#1738 = EDGE_CURVE('',#1731,#1553,#1739,.T.);
#1739 = LINE('',#1740,#1741);
#1740 = CARTESIAN_POINT('',(-6.57861365522,36.296370653382,1.1));
#1741 = VECTOR('',#1742,1.);
#1742 = DIRECTION('',(0.892145577245,-0.451748014941,0.));
#1743 = FACE_BOUND('',#1744,.T.);
#1744 = EDGE_LOOP('',(#1745,#1755,#1763,#1771,#1779,#1787,#1795,#1803,
    #1811,#1819,#1827));
#1745 = ORIENTED_EDGE('',*,*,#1746,.T.);
#1746 = EDGE_CURVE('',#1747,#1749,#1751,.T.);
#1747 = VERTEX_POINT('',#1748);
#1748 = CARTESIAN_POINT('',(-3.037822610614,34.692741853225,1.1));
#1749 = VERTEX_POINT('',#1750);
#1750 = CARTESIAN_POINT('',(-3.771596188056,33.948295205565,1.1));
#1751 = LINE('',#1752,#1753);
#1752 = CARTESIAN_POINT('',(-3.037822610614,34.692741853225,1.1));
#1753 = VECTOR('',#1754,1.);
#1754 = DIRECTION('',(-0.701983019577,-0.71219368168,0.));
#1755 = ORIENTED_EDGE('',*,*,#1756,.T.);
#1756 = EDGE_CURVE('',#1749,#1757,#1759,.T.);
#1757 = VERTEX_POINT('',#1758);
#1758 = CARTESIAN_POINT('',(-3.961043184414,33.862910643826,1.1));
#1759 = B_SPLINE_CURVE_WITH_KNOTS('',2,(#1760,#1761,#1762),
  .UNSPECIFIED.,.F.,.F.,(3,3),(0.,1.),.PIECEWISE_BEZIER_KNOTS.);
#1760 = CARTESIAN_POINT('',(-3.771596188056,33.948295205565,1.1));
#1761 = CARTESIAN_POINT('',(-3.862317284904,33.862910643826,1.1));
#1762 = CARTESIAN_POINT('',(-3.961043184414,33.862910643826,1.1));
#1763 = ORIENTED_EDGE('',*,*,#1764,.T.);
#1764 = EDGE_CURVE('',#1757,#1765,#1767,.T.);
#1765 = VERTEX_POINT('',#1766);
#1766 = CARTESIAN_POINT('',(-4.16116325099,34.084376850836,1.1));
#1767 = B_SPLINE_CURVE_WITH_KNOTS('',2,(#1768,#1769,#1770),
  .UNSPECIFIED.,.F.,.F.,(3,3),(0.,1.),.PIECEWISE_BEZIER_KNOTS.);
#1768 = CARTESIAN_POINT('',(-3.961043184414,33.862910643826,1.1));
#1769 = CARTESIAN_POINT('',(-4.16116325099,33.862910643826,1.1));
#1770 = CARTESIAN_POINT('',(-4.16116325099,34.084376850836,1.1));
#1771 = ORIENTED_EDGE('',*,*,#1772,.T.);
#1772 = EDGE_CURVE('',#1765,#1773,#1775,.T.);
#1773 = VERTEX_POINT('',#1774);
#1774 = CARTESIAN_POINT('',(-4.16116325099,37.651850570985,1.1));
#1775 = LINE('',#1776,#1777);
#1776 = CARTESIAN_POINT('',(-4.16116325099,34.084376850836,1.1));
#1777 = VECTOR('',#1778,1.);
#1778 = DIRECTION('',(1.2E-16,1.,0.));
#1779 = ORIENTED_EDGE('',*,*,#1780,.T.);
#1780 = EDGE_CURVE('',#1773,#1781,#1783,.T.);
#1781 = VERTEX_POINT('',#1782);
#1782 = CARTESIAN_POINT('',(-3.969047987077,37.878653313104,1.1));
#1783 = B_SPLINE_CURVE_WITH_KNOTS('',2,(#1784,#1785,#1786),
  .UNSPECIFIED.,.F.,.F.,(3,3),(0.,1.),.PIECEWISE_BEZIER_KNOTS.);
#1784 = CARTESIAN_POINT('',(-4.16116325099,37.651850570985,1.1));
#1785 = CARTESIAN_POINT('',(-4.16116325099,37.878653313104,1.1));
#1786 = CARTESIAN_POINT('',(-3.969047987077,37.878653313104,1.1));
#1787 = ORIENTED_EDGE('',*,*,#1788,.T.);
#1788 = EDGE_CURVE('',#1781,#1789,#1791,.T.);
#1789 = VERTEX_POINT('',#1790);
#1790 = CARTESIAN_POINT('',(-3.771596188056,37.649182303431,1.1));
#1791 = B_SPLINE_CURVE_WITH_KNOTS('',2,(#1792,#1793,#1794),
  .UNSPECIFIED.,.F.,.F.,(3,3),(0.,1.),.PIECEWISE_BEZIER_KNOTS.);
#1792 = CARTESIAN_POINT('',(-3.969047987077,37.878653313104,1.1));
#1793 = CARTESIAN_POINT('',(-3.771596188056,37.878653313104,1.1));
#1794 = CARTESIAN_POINT('',(-3.771596188056,37.649182303431,1.1));
#1795 = ORIENTED_EDGE('',*,*,#1796,.T.);
#1796 = EDGE_CURVE('',#1789,#1797,#1799,.T.);
#1797 = VERTEX_POINT('',#1798);
#1798 = CARTESIAN_POINT('',(-3.771596188056,34.503294856867,1.1));
#1799 = B_SPLINE_CURVE_WITH_KNOTS('',2,(#1800,#1801,#1802),
  .UNSPECIFIED.,.F.,.F.,(3,3),(0.,1.),.PIECEWISE_BEZIER_KNOTS.);
#1800 = CARTESIAN_POINT('',(-3.771596188056,37.649182303431,1.1));
#1801 = CARTESIAN_POINT('',(-3.771596188056,37.649182303431,1.1));
#1802 = CARTESIAN_POINT('',(-3.771596188056,34.503294856867,1.1));
#1803 = ORIENTED_EDGE('',*,*,#1804,.T.);
#1804 = EDGE_CURVE('',#1797,#1805,#1807,.T.);
#1805 = VERTEX_POINT('',#1806);
#1806 = CARTESIAN_POINT('',(-3.307317633602,34.967573411322,1.1));
#1807 = LINE('',#1808,#1809);
#1808 = CARTESIAN_POINT('',(-3.771596188056,34.503294856867,1.1));
#1809 = VECTOR('',#1810,1.);
#1810 = DIRECTION('',(0.707106781187,0.707106781187,0.));
#1811 = ORIENTED_EDGE('',*,*,#1812,.T.);
#1812 = EDGE_CURVE('',#1805,#1813,#1815,.T.);
#1813 = VERTEX_POINT('',#1814);
#1814 = CARTESIAN_POINT('',(-3.163231185667,35.039616635289,1.1));
#1815 = B_SPLINE_CURVE_WITH_KNOTS('',2,(#1816,#1817,#1818),
  .UNSPECIFIED.,.F.,.F.,(3,3),(0.,1.),.PIECEWISE_BEZIER_KNOTS.);
#1816 = CARTESIAN_POINT('',(-3.307317633602,34.967573411322,1.1));
#1817 = CARTESIAN_POINT('',(-3.235274409635,35.039616635289,1.1));
#1818 = CARTESIAN_POINT('',(-3.163231185667,35.039616635289,1.1));
#1819 = ORIENTED_EDGE('',*,*,#1820,.T.);
#1820 = EDGE_CURVE('',#1813,#1821,#1823,.T.);
#1821 = VERTEX_POINT('',#1822);
#1822 = CARTESIAN_POINT('',(-2.960442851538,34.860842709148,1.1));
#1823 = B_SPLINE_CURVE_WITH_KNOTS('',2,(#1824,#1825,#1826),
  .UNSPECIFIED.,.F.,.F.,(3,3),(0.,1.),.PIECEWISE_BEZIER_KNOTS.);
#1824 = CARTESIAN_POINT('',(-3.163231185667,35.039616635289,1.1));
#1825 = CARTESIAN_POINT('',(-2.960442851538,35.039616635289,1.1));
#1826 = CARTESIAN_POINT('',(-2.960442851538,34.860842709148,1.1));
#1827 = ORIENTED_EDGE('',*,*,#1828,.T.);
#1828 = EDGE_CURVE('',#1821,#1747,#1829,.T.);
#1829 = B_SPLINE_CURVE_WITH_KNOTS('',2,(#1830,#1831,#1832),
  .UNSPECIFIED.,.F.,.F.,(3,3),(0.,1.),.PIECEWISE_BEZIER_KNOTS.);
#1830 = CARTESIAN_POINT('',(-2.960442851538,34.860842709148,1.1));
#1831 = CARTESIAN_POINT('',(-2.960442851538,34.770121612301,1.1));
#1832 = CARTESIAN_POINT('',(-3.037822610614,34.692741853225,1.1));
#1833 = FACE_BOUND('',#1834,.T.);
#1834 = EDGE_LOOP('',(#1835,#1845,#1853,#1861,#1869,#1877));
#1835 = ORIENTED_EDGE('',*,*,#1836,.T.);
#1836 = EDGE_CURVE('',#1837,#1839,#1841,.T.);
#1837 = VERTEX_POINT('',#1838);
#1838 = CARTESIAN_POINT('',(-0.553665517525,36.285697583164,1.1));
#1839 = VERTEX_POINT('',#1840);
#1840 = CARTESIAN_POINT('',(-0.759122119209,36.101587121915,1.1));
#1841 = B_SPLINE_CURVE_WITH_KNOTS('',2,(#1842,#1843,#1844),
  .UNSPECIFIED.,.F.,.F.,(3,3),(0.,1.),.PIECEWISE_BEZIER_KNOTS.);
#1842 = CARTESIAN_POINT('',(-0.553665517525,36.285697583164,1.1));
#1843 = CARTESIAN_POINT('',(-0.553665517525,36.101587121915,1.1));
#1844 = CARTESIAN_POINT('',(-0.759122119209,36.101587121915,1.1));
#1845 = ORIENTED_EDGE('',*,*,#1846,.T.);
#1846 = EDGE_CURVE('',#1839,#1847,#1849,.T.);
#1847 = VERTEX_POINT('',#1848);
#1848 = CARTESIAN_POINT('',(-2.368087454475,36.101587121915,1.1));
#1849 = B_SPLINE_CURVE_WITH_KNOTS('',2,(#1850,#1851,#1852),
  .UNSPECIFIED.,.F.,.F.,(3,3),(0.,1.),.PIECEWISE_BEZIER_KNOTS.);
#1850 = CARTESIAN_POINT('',(-0.759122119209,36.101587121915,1.1));
#1851 = CARTESIAN_POINT('',(-0.759122119209,36.101587121915,1.1));
#1852 = CARTESIAN_POINT('',(-2.368087454475,36.101587121915,1.1));
#1853 = ORIENTED_EDGE('',*,*,#1854,.T.);
#1854 = EDGE_CURVE('',#1847,#1855,#1857,.T.);
#1855 = VERTEX_POINT('',#1856);
#1856 = CARTESIAN_POINT('',(-2.560202718387,36.307043723599,1.1));
#1857 = B_SPLINE_CURVE_WITH_KNOTS('',2,(#1858,#1859,#1860),
  .UNSPECIFIED.,.F.,.F.,(3,3),(0.,1.),.PIECEWISE_BEZIER_KNOTS.);
#1858 = CARTESIAN_POINT('',(-2.368087454475,36.101587121915,1.1));
#1859 = CARTESIAN_POINT('',(-2.560202718387,36.101587121915,1.1));
#1860 = CARTESIAN_POINT('',(-2.560202718387,36.307043723599,1.1));
#1861 = ORIENTED_EDGE('',*,*,#1862,.T.);
#1862 = EDGE_CURVE('',#1855,#1863,#1865,.T.);
#1863 = VERTEX_POINT('',#1864);
#1864 = CARTESIAN_POINT('',(-2.354746116703,36.48581764974,1.1));
#1865 = B_SPLINE_CURVE_WITH_KNOTS('',2,(#1866,#1867,#1868),
  .UNSPECIFIED.,.F.,.F.,(3,3),(0.,1.),.PIECEWISE_BEZIER_KNOTS.);
#1866 = CARTESIAN_POINT('',(-2.560202718387,36.307043723599,1.1));
#1867 = CARTESIAN_POINT('',(-2.560202718387,36.48581764974,1.1));
#1868 = CARTESIAN_POINT('',(-2.354746116703,36.48581764974,1.1));
#1869 = ORIENTED_EDGE('',*,*,#1870,.T.);
#1870 = EDGE_CURVE('',#1863,#1871,#1873,.T.);
#1871 = VERTEX_POINT('',#1872);
#1872 = CARTESIAN_POINT('',(-0.751117316546,36.48581764974,1.1));
#1873 = LINE('',#1874,#1875);
#1874 = CARTESIAN_POINT('',(-2.354746116703,36.48581764974,1.1));
#1875 = VECTOR('',#1876,1.);
#1876 = DIRECTION('',(1.,-1.2E-16,0.));
#1877 = ORIENTED_EDGE('',*,*,#1878,.T.);
#1878 = EDGE_CURVE('',#1871,#1837,#1879,.T.);
#1879 = B_SPLINE_CURVE_WITH_KNOTS('',2,(#1880,#1881,#1882),
  .UNSPECIFIED.,.F.,.F.,(3,3),(0.,1.),.PIECEWISE_BEZIER_KNOTS.);
#1880 = CARTESIAN_POINT('',(-0.751117316546,36.48581764974,1.1));
#1881 = CARTESIAN_POINT('',(-0.553665517525,36.48581764974,1.1));
#1882 = CARTESIAN_POINT('',(-0.553665517525,36.285697583164,1.1));
#1883 = FACE_BOUND('',#1884,.T.);
#1884 = EDGE_LOOP('',(#1885,#1895,#1903,#1911,#1919,#1927,#1935,#1943,
    #1951,#1959,#1967,#1975,#1983,#1991,#1999,#2007,#2015,#2023,#2031,
    #2039));
#1885 = ORIENTED_EDGE('',*,*,#1886,.T.);
#1886 = EDGE_CURVE('',#1887,#1889,#1891,.T.);
#1887 = VERTEX_POINT('',#1888);
#1888 = CARTESIAN_POINT('',(0.801814400079,36.968774077075,1.1));
#1889 = VERTEX_POINT('',#1890);
#1890 = CARTESIAN_POINT('',(0.142752314157,34.036348034858,1.1));
#1891 = LINE('',#1892,#1893);
#1892 = CARTESIAN_POINT('',(0.801814400079,36.968774077075,1.1));
#1893 = VECTOR('',#1894,1.);
#1894 = DIRECTION('',(-0.219279815359,-0.975662012469,0.));
#1895 = ORIENTED_EDGE('',*,*,#1896,.T.);
#1896 = EDGE_CURVE('',#1889,#1897,#1899,.T.);
#1897 = VERTEX_POINT('',#1898);
#1898 = CARTESIAN_POINT('',(-4.402641464657E-02,33.873583714043,1.1));
#1899 = B_SPLINE_CURVE_WITH_KNOTS('',2,(#1900,#1901,#1902),
  .UNSPECIFIED.,.F.,.F.,(3,3),(0.,1.),.PIECEWISE_BEZIER_KNOTS.);
#1900 = CARTESIAN_POINT('',(0.142752314157,34.036348034858,1.1));
#1901 = CARTESIAN_POINT('',(0.102728300842,33.873583714043,1.1));
#1902 = CARTESIAN_POINT('',(-4.402641464657E-02,33.873583714043,1.1));
#1903 = ORIENTED_EDGE('',*,*,#1904,.T.);
#1904 = EDGE_CURVE('',#1897,#1905,#1907,.T.);
#1905 = VERTEX_POINT('',#1906);
#1906 = CARTESIAN_POINT('',(-0.236141678559,34.039016302412,1.1));
#1907 = B_SPLINE_CURVE_WITH_KNOTS('',2,(#1908,#1909,#1910),
  .UNSPECIFIED.,.F.,.F.,(3,3),(0.,1.),.PIECEWISE_BEZIER_KNOTS.);
#1908 = CARTESIAN_POINT('',(-4.402641464657E-02,33.873583714043,1.1));
#1909 = CARTESIAN_POINT('',(-0.236141678559,33.873583714043,1.1));
#1910 = CARTESIAN_POINT('',(-0.236141678559,34.039016302412,1.1));
#1911 = ORIENTED_EDGE('',*,*,#1912,.T.);
#1912 = EDGE_CURVE('',#1905,#1913,#1915,.T.);
#1913 = VERTEX_POINT('',#1914);
#1914 = CARTESIAN_POINT('',(-0.220132073233,34.177766215238,1.1));
#1915 = B_SPLINE_CURVE_WITH_KNOTS('',2,(#1916,#1917,#1918),
  .UNSPECIFIED.,.F.,.F.,(3,3),(0.,1.),.PIECEWISE_BEZIER_KNOTS.);
#1916 = CARTESIAN_POINT('',(-0.236141678559,34.039016302412,1.1));
#1917 = CARTESIAN_POINT('',(-0.236141678559,34.105722991271,1.1));
#1918 = CARTESIAN_POINT('',(-0.220132073233,34.177766215238,1.1));
#1919 = ORIENTED_EDGE('',*,*,#1920,.T.);
#1920 = EDGE_CURVE('',#1913,#1921,#1923,.T.);
#1921 = VERTEX_POINT('',#1922);
#1922 = CARTESIAN_POINT('',(0.569675122851,37.697211119409,1.1));
#1923 = LINE('',#1924,#1925);
#1924 = CARTESIAN_POINT('',(-0.220132073233,34.177766215238,1.1));
#1925 = VECTOR('',#1926,1.);
#1926 = DIRECTION('',(0.218966478451,0.975732382016,0.));
#1927 = ORIENTED_EDGE('',*,*,#1928,.T.);
#1928 = EDGE_CURVE('',#1921,#1929,#1931,.T.);
#1929 = VERTEX_POINT('',#1930);
#1930 = CARTESIAN_POINT('',(0.756453851655,37.891994650876,1.1));
#1931 = B_SPLINE_CURVE_WITH_KNOTS('',2,(#1932,#1933,#1934),
  .UNSPECIFIED.,.F.,.F.,(3,3),(0.,1.),.PIECEWISE_BEZIER_KNOTS.);
#1932 = CARTESIAN_POINT('',(0.569675122851,37.697211119409,1.1));
#1933 = CARTESIAN_POINT('',(0.609699136166,37.891994650876,1.1));
#1934 = CARTESIAN_POINT('',(0.756453851655,37.891994650876,1.1));
#1935 = ORIENTED_EDGE('',*,*,#1936,.T.);
#1936 = EDGE_CURVE('',#1929,#1937,#1939,.T.);
#1937 = VERTEX_POINT('',#1938);
#1938 = CARTESIAN_POINT('',(0.969915256002,37.713220724735,1.1));
#1939 = B_SPLINE_CURVE_WITH_KNOTS('',2,(#1940,#1941,#1942),
  .UNSPECIFIED.,.F.,.F.,(3,3),(0.,1.),.PIECEWISE_BEZIER_KNOTS.);
#1940 = CARTESIAN_POINT('',(0.756453851655,37.891994650876,1.1));
#1941 = CARTESIAN_POINT('',(0.911213369806,37.891994650876,1.1));
#1942 = CARTESIAN_POINT('',(0.969915256002,37.713220724735,1.1));
#1943 = ORIENTED_EDGE('',*,*,#1944,.T.);
#1944 = EDGE_CURVE('',#1937,#1945,#1947,.T.);
#1945 = VERTEX_POINT('',#1946);
#1946 = CARTESIAN_POINT('',(1.580948525945,35.885457450014,1.1));
#1947 = LINE('',#1948,#1949);
#1948 = CARTESIAN_POINT('',(0.969915256002,37.713220724735,1.1));
#1949 = VECTOR('',#1950,1.);
#1950 = DIRECTION('',(0.317058365387,-0.948406027468,0.));
#1951 = ORIENTED_EDGE('',*,*,#1952,.T.);
#1952 = EDGE_CURVE('',#1945,#1953,#1955,.T.);
#1953 = VERTEX_POINT('',#1954);
#1954 = CARTESIAN_POINT('',(2.189313528334,37.723893794953,1.1));
#1955 = LINE('',#1956,#1957);
#1956 = CARTESIAN_POINT('',(1.580948525945,35.885457450014,1.1));
#1957 = VECTOR('',#1958,1.);
#1958 = DIRECTION('',(0.314160172291,0.949369994336,0.));
#1959 = ORIENTED_EDGE('',*,*,#1960,.T.);
#1960 = EDGE_CURVE('',#1953,#1961,#1963,.T.);
#1961 = VERTEX_POINT('',#1962);
#1962 = CARTESIAN_POINT('',(2.381428792246,37.891994650876,1.1));
#1963 = B_SPLINE_CURVE_WITH_KNOTS('',2,(#1964,#1965,#1966),
  .UNSPECIFIED.,.F.,.F.,(3,3),(0.,1.),.PIECEWISE_BEZIER_KNOTS.);
#1964 = CARTESIAN_POINT('',(2.189313528334,37.723893794953,1.1));
#1965 = CARTESIAN_POINT('',(2.245347146975,37.891994650876,1.1));
#1966 = CARTESIAN_POINT('',(2.381428792246,37.891994650876,1.1));
#1967 = ORIENTED_EDGE('',*,*,#1968,.T.);
#1968 = EDGE_CURVE('',#1961,#1969,#1971,.T.);
#1969 = VERTEX_POINT('',#1970);
#1970 = CARTESIAN_POINT('',(2.581548858822,37.729230330061,1.1));
#1971 = B_SPLINE_CURVE_WITH_KNOTS('',2,(#1972,#1973,#1974),
  .UNSPECIFIED.,.F.,.F.,(3,3),(0.,1.),.PIECEWISE_BEZIER_KNOTS.);
#1972 = CARTESIAN_POINT('',(2.381428792246,37.891994650876,1.1));
#1973 = CARTESIAN_POINT('',(2.544193113061,37.891994650876,1.1));
#1974 = CARTESIAN_POINT('',(2.581548858822,37.729230330061,1.1));
#1975 = ORIENTED_EDGE('',*,*,#1976,.T.);
#1976 = EDGE_CURVE('',#1969,#1977,#1979,.T.);
#1977 = VERTEX_POINT('',#1978);
#1978 = CARTESIAN_POINT('',(3.382029125123,34.143078737031,1.1));
#1979 = LINE('',#1980,#1981);
#1980 = CARTESIAN_POINT('',(2.581548858822,37.729230330061,1.1));
#1981 = VECTOR('',#1982,1.);
#1982 = DIRECTION('',(0.217853032587,-0.975981585991,0.));
#1983 = ORIENTED_EDGE('',*,*,#1984,.T.);
#1984 = EDGE_CURVE('',#1977,#1985,#1987,.T.);
#1985 = VERTEX_POINT('',#1986);
#1986 = CARTESIAN_POINT('',(3.390033927786,34.044352837521,1.1));
#1987 = B_SPLINE_CURVE_WITH_KNOTS('',2,(#1988,#1989,#1990),
  .UNSPECIFIED.,.F.,.F.,(3,3),(0.,1.),.PIECEWISE_BEZIER_KNOTS.);
#1988 = CARTESIAN_POINT('',(3.382029125123,34.143078737031,1.1));
#1989 = CARTESIAN_POINT('',(3.390033927786,34.103054723716,1.1));
#1990 = CARTESIAN_POINT('',(3.390033927786,34.044352837521,1.1));
#1991 = ORIENTED_EDGE('',*,*,#1992,.T.);
#1992 = EDGE_CURVE('',#1985,#1993,#1995,.T.);
#1993 = VERTEX_POINT('',#1994);
#1994 = CARTESIAN_POINT('',(3.184577326102,33.862910643826,1.1));
#1995 = B_SPLINE_CURVE_WITH_KNOTS('',2,(#1996,#1997,#1998),
  .UNSPECIFIED.,.F.,.F.,(3,3),(0.,1.),.PIECEWISE_BEZIER_KNOTS.);
#1996 = CARTESIAN_POINT('',(3.390033927786,34.044352837521,1.1));
#1997 = CARTESIAN_POINT('',(3.390033927786,33.862910643826,1.1));
#1998 = CARTESIAN_POINT('',(3.184577326102,33.862910643826,1.1));
#1999 = ORIENTED_EDGE('',*,*,#2000,.T.);
#2000 = EDGE_CURVE('',#1993,#2001,#2003,.T.);
#2001 = VERTEX_POINT('',#2002);
#2002 = CARTESIAN_POINT('',(3.003135132407,34.036348034858,1.1));
#2003 = B_SPLINE_CURVE_WITH_KNOTS('',2,(#2004,#2005,#2006),
  .UNSPECIFIED.,.F.,.F.,(3,3),(0.,1.),.PIECEWISE_BEZIER_KNOTS.);
#2004 = CARTESIAN_POINT('',(3.184577326102,33.862910643826,1.1));
#2005 = CARTESIAN_POINT('',(3.040490878168,33.862910643826,1.1));
#2006 = CARTESIAN_POINT('',(3.003135132407,34.036348034858,1.1));
#2007 = ORIENTED_EDGE('',*,*,#2008,.T.);
#2008 = EDGE_CURVE('',#2001,#2009,#2011,.T.);
#2009 = VERTEX_POINT('',#2010);
#2010 = CARTESIAN_POINT('',(2.354746116703,36.958101006858,1.1));
#2011 = LINE('',#2012,#2013);
#2012 = CARTESIAN_POINT('',(3.003135132407,34.036348034858,1.1));
#2013 = VECTOR('',#2014,1.);
#2014 = DIRECTION('',(-0.216647249671,0.97624995222,0.));
#2015 = ORIENTED_EDGE('',*,*,#2016,.T.);
#2016 = EDGE_CURVE('',#2009,#2017,#2019,.T.);
#2017 = VERTEX_POINT('',#2018);
#2018 = CARTESIAN_POINT('',(1.778400324966,35.247741504527,1.1));
#2019 = LINE('',#2020,#2021);
#2020 = CARTESIAN_POINT('',(2.354746116703,36.958101006858,1.1));
#2021 = VECTOR('',#2022,1.);
#2022 = DIRECTION('',(-0.319330676488,-0.947643350134,0.));
#2023 = ORIENTED_EDGE('',*,*,#2024,.T.);
#2024 = EDGE_CURVE('',#2017,#2025,#2027,.T.);
#2025 = VERTEX_POINT('',#2026);
#2026 = CARTESIAN_POINT('',(1.564938920619,35.068967578386,1.1));
#2027 = B_SPLINE_CURVE_WITH_KNOTS('',2,(#2028,#2029,#2030),
  .UNSPECIFIED.,.F.,.F.,(3,3),(0.,1.),.PIECEWISE_BEZIER_KNOTS.);
#2028 = CARTESIAN_POINT('',(1.778400324966,35.247741504527,1.1));
#2029 = CARTESIAN_POINT('',(1.717030171216,35.068967578386,1.1));
#2030 = CARTESIAN_POINT('',(1.564938920619,35.068967578386,1.1));
#2031 = ORIENTED_EDGE('',*,*,#2032,.T.);
#2032 = EDGE_CURVE('',#2025,#2033,#2035,.T.);
#2033 = VERTEX_POINT('',#2034);
#2034 = CARTESIAN_POINT('',(1.372823656707,35.263751109853,1.1));
#2035 = B_SPLINE_CURVE_WITH_KNOTS('',2,(#2036,#2037,#2038),
  .UNSPECIFIED.,.F.,.F.,(3,3),(0.,1.),.PIECEWISE_BEZIER_KNOTS.);
#2036 = CARTESIAN_POINT('',(1.564938920619,35.068967578386,1.1));
#2037 = CARTESIAN_POINT('',(1.436862078011,35.068967578386,1.1));
#2038 = CARTESIAN_POINT('',(1.372823656707,35.263751109853,1.1));
#2039 = ORIENTED_EDGE('',*,*,#2040,.T.);
#2040 = EDGE_CURVE('',#2033,#1887,#2041,.T.);
#2041 = LINE('',#2042,#2043);
#2042 = CARTESIAN_POINT('',(1.372823656707,35.263751109853,1.1));
#2043 = VECTOR('',#2044,1.);
#2044 = DIRECTION('',(-0.317562997974,0.948237176195,0.));
#2045 = FACE_BOUND('',#2046,.T.);
#2046 = EDGE_LOOP('',(#2047,#2057,#2065,#2073,#2081,#2089,#2097,#2105,
    #2113,#2121,#2129,#2137,#2145,#2153,#2161,#2169,#2177,#2185,#2193,
    #2201,#2209,#2217,#2225,#2233));
#2047 = ORIENTED_EDGE('',*,*,#2048,.T.);
#2048 = EDGE_CURVE('',#2049,#2051,#2053,.T.);
#2049 = VERTEX_POINT('',#2050);
#2050 = CARTESIAN_POINT('',(5.770128586255,35.765385410069,1.1));
#2051 = VERTEX_POINT('',#2052);
#2052 = CARTESIAN_POINT('',(6.338469575329,34.87418404692,1.1));
#2053 = B_SPLINE_CURVE_WITH_KNOTS('',2,(#2054,#2055,#2056),
  .UNSPECIFIED.,.F.,.F.,(3,3),(0.,1.),.PIECEWISE_BEZIER_KNOTS.);
#2054 = CARTESIAN_POINT('',(5.770128586255,35.765385410069,1.1));
#2055 = CARTESIAN_POINT('',(6.338469575329,35.4772125142,1.1));
#2056 = CARTESIAN_POINT('',(6.338469575329,34.87418404692,1.1));
#2057 = ORIENTED_EDGE('',*,*,#2058,.T.);
#2058 = EDGE_CURVE('',#2051,#2059,#2061,.T.);
#2059 = VERTEX_POINT('',#2060);
#2060 = CARTESIAN_POINT('',(6.050296679461,34.161756609912,1.1));
#2061 = B_SPLINE_CURVE_WITH_KNOTS('',2,(#2062,#2063,#2064),
  .UNSPECIFIED.,.F.,.F.,(3,3),(0.,1.),.PIECEWISE_BEZIER_KNOTS.);
#2062 = CARTESIAN_POINT('',(6.338469575329,34.87418404692,1.1));
#2063 = CARTESIAN_POINT('',(6.338469575329,34.457934308443,1.1));
#2064 = CARTESIAN_POINT('',(6.050296679461,34.161756609912,1.1));
#2065 = ORIENTED_EDGE('',*,*,#2066,.T.);
#2066 = EDGE_CURVE('',#2059,#2067,#2069,.T.);
#2067 = VERTEX_POINT('',#2068);
#2068 = CARTESIAN_POINT('',(5.353878847779,33.862910643826,1.1));
#2069 = B_SPLINE_CURVE_WITH_KNOTS('',2,(#2070,#2071,#2072),
  .UNSPECIFIED.,.F.,.F.,(3,3),(0.,1.),.PIECEWISE_BEZIER_KNOTS.);
#2070 = CARTESIAN_POINT('',(6.050296679461,34.161756609912,1.1));
#2071 = CARTESIAN_POINT('',(5.762123783592,33.862910643826,1.1));
#2072 = CARTESIAN_POINT('',(5.353878847779,33.862910643826,1.1));
#2073 = ORIENTED_EDGE('',*,*,#2074,.T.);
#2074 = EDGE_CURVE('',#2067,#2075,#2077,.T.);
#2075 = VERTEX_POINT('',#2076);
#2076 = CARTESIAN_POINT('',(4.326595839359,34.036348034858,1.1));
#2077 = B_SPLINE_CURVE_WITH_KNOTS('',2,(#2078,#2079,#2080),
  .UNSPECIFIED.,.F.,.F.,(3,3),(0.,1.),.PIECEWISE_BEZIER_KNOTS.);
#2078 = CARTESIAN_POINT('',(5.353878847779,33.862910643826,1.1));
#2079 = CARTESIAN_POINT('',(4.788206126259,33.862910643826,1.1));
#2080 = CARTESIAN_POINT('',(4.326595839359,34.036348034858,1.1));
#2081 = ORIENTED_EDGE('',*,*,#2082,.T.);
#2082 = EDGE_CURVE('',#2075,#2083,#2085,.T.);
#2083 = VERTEX_POINT('',#2084);
#2084 = CARTESIAN_POINT('',(4.134480575446,34.257814241868,1.1));
#2085 = B_SPLINE_CURVE_WITH_KNOTS('',2,(#2086,#2087,#2088),
  .UNSPECIFIED.,.F.,.F.,(3,3),(0.,1.),.PIECEWISE_BEZIER_KNOTS.);
#2086 = CARTESIAN_POINT('',(4.326595839359,34.036348034858,1.1));
#2087 = CARTESIAN_POINT('',(4.134480575446,34.108391258825,1.1));
#2088 = CARTESIAN_POINT('',(4.134480575446,34.257814241868,1.1));
#2089 = ORIENTED_EDGE('',*,*,#2090,.T.);
#2090 = EDGE_CURVE('',#2083,#2091,#2093,.T.);
#2091 = VERTEX_POINT('',#2092);
#2092 = CARTESIAN_POINT('',(4.318591036696,34.441924703117,1.1));
#2093 = B_SPLINE_CURVE_WITH_KNOTS('',2,(#2094,#2095,#2096),
  .UNSPECIFIED.,.F.,.F.,(3,3),(0.,1.),.PIECEWISE_BEZIER_KNOTS.);
#2094 = CARTESIAN_POINT('',(4.134480575446,34.257814241868,1.1));
#2095 = CARTESIAN_POINT('',(4.134480575446,34.441924703117,1.1));
#2096 = CARTESIAN_POINT('',(4.318591036696,34.441924703117,1.1));
#2097 = ORIENTED_EDGE('',*,*,#2098,.T.);
#2098 = EDGE_CURVE('',#2091,#2099,#2101,.T.);
#2099 = VERTEX_POINT('',#2100);
#2100 = CARTESIAN_POINT('',(4.56140338414,34.377886281813,1.1));
#2101 = B_SPLINE_CURVE_WITH_KNOTS('',2,(#2102,#2103,#2104),
  .UNSPECIFIED.,.F.,.F.,(3,3),(0.,1.),.PIECEWISE_BEZIER_KNOTS.);
#2102 = CARTESIAN_POINT('',(4.318591036696,34.441924703117,1.1));
#2103 = CARTESIAN_POINT('',(4.395970795771,34.441924703117,1.1));
#2104 = CARTESIAN_POINT('',(4.56140338414,34.377886281813,1.1));
#2105 = ORIENTED_EDGE('',*,*,#2106,.T.);
#2106 = EDGE_CURVE('',#2099,#2107,#2109,.T.);
#2107 = VERTEX_POINT('',#2108);
#2108 = CARTESIAN_POINT('',(5.295176961583,34.244472904096,1.1));
#2109 = B_SPLINE_CURVE_WITH_KNOTS('',2,(#2110,#2111,#2112),
  .UNSPECIFIED.,.F.,.F.,(3,3),(0.,1.),.PIECEWISE_BEZIER_KNOTS.);
#2110 = CARTESIAN_POINT('',(4.56140338414,34.377886281813,1.1));
#2111 = CARTESIAN_POINT('',(4.90560989865,34.244472904096,1.1));
#2112 = CARTESIAN_POINT('',(5.295176961583,34.244472904096,1.1));
#2113 = ORIENTED_EDGE('',*,*,#2114,.T.);
#2114 = EDGE_CURVE('',#2107,#2115,#2117,.T.);
#2115 = VERTEX_POINT('',#2116);
#2116 = CARTESIAN_POINT('',(5.831498740005,34.495290054204,1.1));
#2117 = B_SPLINE_CURVE_WITH_KNOTS('',2,(#2118,#2119,#2120),
  .UNSPECIFIED.,.F.,.F.,(3,3),(0.,1.),.PIECEWISE_BEZIER_KNOTS.);
#2118 = CARTESIAN_POINT('',(5.295176961583,34.244472904096,1.1));
#2119 = CARTESIAN_POINT('',(5.647388278756,34.244472904096,1.1));
#2120 = CARTESIAN_POINT('',(5.831498740005,34.495290054204,1.1));
#2121 = ORIENTED_EDGE('',*,*,#2122,.T.);
#2122 = EDGE_CURVE('',#2115,#2123,#2125,.T.);
#2123 = VERTEX_POINT('',#2124);
#2124 = CARTESIAN_POINT('',(5.943565977287,34.895530187354,1.1));
#2125 = B_SPLINE_CURVE_WITH_KNOTS('',2,(#2126,#2127,#2128),
  .UNSPECIFIED.,.F.,.F.,(3,3),(0.,1.),.PIECEWISE_BEZIER_KNOTS.);
#2126 = CARTESIAN_POINT('',(5.831498740005,34.495290054204,1.1));
#2127 = CARTESIAN_POINT('',(5.943565977287,34.647381304801,1.1));
#2128 = CARTESIAN_POINT('',(5.943565977287,34.895530187354,1.1));
#2129 = ORIENTED_EDGE('',*,*,#2130,.T.);
#2130 = EDGE_CURVE('',#2123,#2131,#2133,.T.);
#2131 = VERTEX_POINT('',#2132);
#2132 = CARTESIAN_POINT('',(5.529984506365,35.445193303548,1.1));
#2133 = B_SPLINE_CURVE_WITH_KNOTS('',2,(#2134,#2135,#2136),
  .UNSPECIFIED.,.F.,.F.,(3,3),(0.,1.),.PIECEWISE_BEZIER_KNOTS.);
#2134 = CARTESIAN_POINT('',(5.943565977287,34.895530187354,1.1));
#2135 = CARTESIAN_POINT('',(5.943565977287,35.234400166755,1.1));
#2136 = CARTESIAN_POINT('',(5.529984506365,35.445193303548,1.1));
#2137 = ORIENTED_EDGE('',*,*,#2138,.T.);
#2138 = EDGE_CURVE('',#2131,#2139,#2141,.T.);
#2139 = VERTEX_POINT('',#2140);
#2140 = CARTESIAN_POINT('',(4.556066849032,35.938822801101,1.1));
#2141 = LINE('',#2142,#2143);
#2142 = CARTESIAN_POINT('',(5.529984506365,35.445193303548,1.1));
#2143 = VECTOR('',#2144,1.);
#2144 = DIRECTION('',(-0.891970083601,0.452094425935,0.));
#2145 = ORIENTED_EDGE('',*,*,#2146,.T.);
#2146 = EDGE_CURVE('',#2139,#2147,#2149,.T.);
#2147 = VERTEX_POINT('',#2148);
#2148 = CARTESIAN_POINT('',(3.923687438654,36.883389515336,1.1));
#2149 = B_SPLINE_CURVE_WITH_KNOTS('',2,(#2150,#2151,#2152),
  .UNSPECIFIED.,.F.,.F.,(3,3),(0.,1.),.PIECEWISE_BEZIER_KNOTS.);
#2150 = CARTESIAN_POINT('',(4.556066849032,35.938822801101,1.1));
#2151 = CARTESIAN_POINT('',(3.923687438654,36.26435144273,1.1));
#2152 = CARTESIAN_POINT('',(3.923687438654,36.883389515336,1.1));
#2153 = ORIENTED_EDGE('',*,*,#2154,.T.);
#2154 = EDGE_CURVE('',#2147,#2155,#2157,.T.);
#2155 = VERTEX_POINT('',#2156);
#2156 = CARTESIAN_POINT('',(4.254552615392,37.633172698105,1.1));
#2157 = B_SPLINE_CURVE_WITH_KNOTS('',2,(#2158,#2159,#2160),
  .UNSPECIFIED.,.F.,.F.,(3,3),(0.,1.),.PIECEWISE_BEZIER_KNOTS.);
#2158 = CARTESIAN_POINT('',(3.923687438654,36.883389515336,1.1));
#2159 = CARTESIAN_POINT('',(3.923687438654,37.347668069791,1.1));
#2160 = CARTESIAN_POINT('',(4.254552615392,37.633172698105,1.1));
#2161 = ORIENTED_EDGE('',*,*,#2162,.T.);
#2162 = EDGE_CURVE('',#2155,#2163,#2165,.T.);
#2163 = VERTEX_POINT('',#2164);
#2164 = CARTESIAN_POINT('',(4.972316587508,37.891994650876,1.1));
#2165 = B_SPLINE_CURVE_WITH_KNOTS('',2,(#2166,#2167,#2168),
  .UNSPECIFIED.,.F.,.F.,(3,3),(0.,1.),.PIECEWISE_BEZIER_KNOTS.);
#2166 = CARTESIAN_POINT('',(4.254552615392,37.633172698105,1.1));
#2167 = CARTESIAN_POINT('',(4.553398581477,37.891994650876,1.1));
#2168 = CARTESIAN_POINT('',(4.972316587508,37.891994650876,1.1));
#2169 = ORIENTED_EDGE('',*,*,#2170,.T.);
#2170 = EDGE_CURVE('',#2163,#2171,#2173,.T.);
#2171 = VERTEX_POINT('',#2172);
#2172 = CARTESIAN_POINT('',(6.189046592286,37.510432390605,1.1));
#2173 = B_SPLINE_CURVE_WITH_KNOTS('',2,(#2174,#2175,#2176),
  .UNSPECIFIED.,.F.,.F.,(3,3),(0.,1.),.PIECEWISE_BEZIER_KNOTS.);
#2174 = CARTESIAN_POINT('',(4.972316587508,37.891994650876,1.1));
#2175 = CARTESIAN_POINT('',(5.607364265441,37.891994650876,1.1));
#2176 = CARTESIAN_POINT('',(6.189046592286,37.510432390605,1.1));
#2177 = ORIENTED_EDGE('',*,*,#2178,.T.);
#2178 = EDGE_CURVE('',#2171,#2179,#2181,.T.);
#2179 = VERTEX_POINT('',#2180);
#2180 = CARTESIAN_POINT('',(6.338469575329,37.29163445115,1.1));
#2181 = B_SPLINE_CURVE_WITH_KNOTS('',2,(#2182,#2183,#2184),
  .UNSPECIFIED.,.F.,.F.,(3,3),(0.,1.),.PIECEWISE_BEZIER_KNOTS.);
#2182 = CARTESIAN_POINT('',(6.189046592286,37.510432390605,1.1));
#2183 = CARTESIAN_POINT('',(6.338469575329,37.411706491095,1.1));
#2184 = CARTESIAN_POINT('',(6.338469575329,37.29163445115,1.1));
#2185 = ORIENTED_EDGE('',*,*,#2186,.T.);
#2186 = EDGE_CURVE('',#2179,#2187,#2189,.T.);
#2187 = VERTEX_POINT('',#2188);
#2188 = CARTESIAN_POINT('',(6.141017776308,37.1075239899,1.1));
#2189 = B_SPLINE_CURVE_WITH_KNOTS('',2,(#2190,#2191,#2192),
  .UNSPECIFIED.,.F.,.F.,(3,3),(0.,1.),.PIECEWISE_BEZIER_KNOTS.);
#2190 = CARTESIAN_POINT('',(6.338469575329,37.29163445115,1.1));
#2191 = CARTESIAN_POINT('',(6.338469575329,37.1075239899,1.1));
#2192 = CARTESIAN_POINT('',(6.141017776308,37.1075239899,1.1));
#2193 = ORIENTED_EDGE('',*,*,#2194,.T.);
#2194 = EDGE_CURVE('',#2187,#2195,#2197,.T.);
#2195 = VERTEX_POINT('',#2196);
#2196 = CARTESIAN_POINT('',(5.948902512396,37.192908551639,1.1));
#2197 = B_SPLINE_CURVE_WITH_KNOTS('',2,(#2198,#2199,#2200),
  .UNSPECIFIED.,.F.,.F.,(3,3),(0.,1.),.PIECEWISE_BEZIER_KNOTS.);
#2198 = CARTESIAN_POINT('',(6.141017776308,37.1075239899,1.1));
#2199 = CARTESIAN_POINT('',(6.068974552341,37.1075239899,1.1));
#2200 = CARTESIAN_POINT('',(5.948902512396,37.192908551639,1.1));
#2201 = ORIENTED_EDGE('',*,*,#2202,.T.);
#2202 = EDGE_CURVE('',#2195,#2203,#2205,.T.);
#2203 = VERTEX_POINT('',#2204);
#2204 = CARTESIAN_POINT('',(4.937629109302,37.494422785279,1.1));
#2205 = B_SPLINE_CURVE_WITH_KNOTS('',2,(#2206,#2207,#2208),
  .UNSPECIFIED.,.F.,.F.,(3,3),(0.,1.),.PIECEWISE_BEZIER_KNOTS.);
#2206 = CARTESIAN_POINT('',(5.948902512396,37.192908551639,1.1));
#2207 = CARTESIAN_POINT('',(5.527316238811,37.494422785279,1.1));
#2208 = CARTESIAN_POINT('',(4.937629109302,37.494422785279,1.1));
#2209 = ORIENTED_EDGE('',*,*,#2210,.T.);
#2210 = EDGE_CURVE('',#2203,#2211,#2213,.T.);
#2211 = VERTEX_POINT('',#2212);
#2212 = CARTESIAN_POINT('',(4.625441805445,37.422379561312,1.1));
#2213 = B_SPLINE_CURVE_WITH_KNOTS('',2,(#2214,#2215,#2216),
  .UNSPECIFIED.,.F.,.F.,(3,3),(0.,1.),.PIECEWISE_BEZIER_KNOTS.);
#2214 = CARTESIAN_POINT('',(4.937629109302,37.494422785279,1.1));
#2215 = CARTESIAN_POINT('',(4.76419171827,37.494422785279,1.1));
#2216 = CARTESIAN_POINT('',(4.625441805445,37.422379561312,1.1));
#2217 = ORIENTED_EDGE('',*,*,#2218,.T.);
#2218 = EDGE_CURVE('',#2211,#2219,#2221,.T.);
#2219 = VERTEX_POINT('',#2220);
#2220 = CARTESIAN_POINT('',(4.318591036696,36.870048177564,1.1));
#2221 = B_SPLINE_CURVE_WITH_KNOTS('',2,(#2222,#2223,#2224),
  .UNSPECIFIED.,.F.,.F.,(3,3),(0.,1.),.PIECEWISE_BEZIER_KNOTS.);
#2222 = CARTESIAN_POINT('',(4.625441805445,37.422379561312,1.1));
#2223 = CARTESIAN_POINT('',(4.318591036696,37.262283508052,1.1));
#2224 = CARTESIAN_POINT('',(4.318591036696,36.870048177564,1.1));
#2225 = ORIENTED_EDGE('',*,*,#2226,.T.);
#2226 = EDGE_CURVE('',#2219,#2227,#2229,.T.);
#2227 = VERTEX_POINT('',#2228);
#2228 = CARTESIAN_POINT('',(4.721499437401,36.296370653382,1.1));
#2229 = B_SPLINE_CURVE_WITH_KNOTS('',2,(#2230,#2231,#2232),
  .UNSPECIFIED.,.F.,.F.,(3,3),(0.,1.),.PIECEWISE_BEZIER_KNOTS.);
#2230 = CARTESIAN_POINT('',(4.318591036696,36.870048177564,1.1));
#2231 = CARTESIAN_POINT('',(4.318591036696,36.499158987511,1.1));
#2232 = CARTESIAN_POINT('',(4.721499437401,36.296370653382,1.1));
#2233 = ORIENTED_EDGE('',*,*,#2234,.T.);
#2234 = EDGE_CURVE('',#2227,#2049,#2235,.T.);
#2235 = LINE('',#2236,#2237);
#2236 = CARTESIAN_POINT('',(4.721499437401,36.296370653382,1.1));
#2237 = VECTOR('',#2238,1.);
#2238 = DIRECTION('',(0.892145577245,-0.451748014941,0.));
#2239 = FACE_BOUND('',#2240,.T.);
#2240 = EDGE_LOOP('',(#2241,#2251,#2259,#2267,#2275,#2283,#2291,#2299,
    #2307,#2315,#2323));
#2241 = ORIENTED_EDGE('',*,*,#2242,.T.);
#2242 = EDGE_CURVE('',#2243,#2245,#2247,.T.);
#2243 = VERTEX_POINT('',#2244);
#2244 = CARTESIAN_POINT('',(8.262290482007,34.692741853225,1.1));
#2245 = VERTEX_POINT('',#2246);
#2246 = CARTESIAN_POINT('',(7.528516904564,33.948295205565,1.1));
#2247 = LINE('',#2248,#2249);
#2248 = CARTESIAN_POINT('',(8.262290482007,34.692741853225,1.1));
#2249 = VECTOR('',#2250,1.);
#2250 = DIRECTION('',(-0.701983019577,-0.71219368168,0.));
#2251 = ORIENTED_EDGE('',*,*,#2252,.T.);
#2252 = EDGE_CURVE('',#2245,#2253,#2255,.T.);
#2253 = VERTEX_POINT('',#2254);
#2254 = CARTESIAN_POINT('',(7.339069908206,33.862910643826,1.1));
#2255 = B_SPLINE_CURVE_WITH_KNOTS('',2,(#2256,#2257,#2258),
  .UNSPECIFIED.,.F.,.F.,(3,3),(0.,1.),.PIECEWISE_BEZIER_KNOTS.);
#2256 = CARTESIAN_POINT('',(7.528516904564,33.948295205565,1.1));
#2257 = CARTESIAN_POINT('',(7.437795807717,33.862910643826,1.1));
#2258 = CARTESIAN_POINT('',(7.339069908206,33.862910643826,1.1));
#2259 = ORIENTED_EDGE('',*,*,#2260,.T.);
#2260 = EDGE_CURVE('',#2253,#2261,#2263,.T.);
#2261 = VERTEX_POINT('',#2262);
#2262 = CARTESIAN_POINT('',(7.138949841631,34.084376850836,1.1));
#2263 = B_SPLINE_CURVE_WITH_KNOTS('',2,(#2264,#2265,#2266),
  .UNSPECIFIED.,.F.,.F.,(3,3),(0.,1.),.PIECEWISE_BEZIER_KNOTS.);
#2264 = CARTESIAN_POINT('',(7.339069908206,33.862910643826,1.1));
#2265 = CARTESIAN_POINT('',(7.138949841631,33.862910643826,1.1));
#2266 = CARTESIAN_POINT('',(7.138949841631,34.084376850836,1.1));
#2267 = ORIENTED_EDGE('',*,*,#2268,.T.);
#2268 = EDGE_CURVE('',#2261,#2269,#2271,.T.);
#2269 = VERTEX_POINT('',#2270);
#2270 = CARTESIAN_POINT('',(7.138949841631,37.651850570985,1.1));
#2271 = LINE('',#2272,#2273);
#2272 = CARTESIAN_POINT('',(7.138949841631,34.084376850836,1.1));
#2273 = VECTOR('',#2274,1.);
#2274 = DIRECTION('',(1.2E-16,1.,0.));
#2275 = ORIENTED_EDGE('',*,*,#2276,.T.);
#2276 = EDGE_CURVE('',#2269,#2277,#2279,.T.);
#2277 = VERTEX_POINT('',#2278);
#2278 = CARTESIAN_POINT('',(7.331065105543,37.878653313104,1.1));
#2279 = B_SPLINE_CURVE_WITH_KNOTS('',2,(#2280,#2281,#2282),
  .UNSPECIFIED.,.F.,.F.,(3,3),(0.,1.),.PIECEWISE_BEZIER_KNOTS.);
#2280 = CARTESIAN_POINT('',(7.138949841631,37.651850570985,1.1));
#2281 = CARTESIAN_POINT('',(7.138949841631,37.878653313104,1.1));
#2282 = CARTESIAN_POINT('',(7.331065105543,37.878653313104,1.1));
#2283 = ORIENTED_EDGE('',*,*,#2284,.T.);
#2284 = EDGE_CURVE('',#2277,#2285,#2287,.T.);
#2285 = VERTEX_POINT('',#2286);
#2286 = CARTESIAN_POINT('',(7.528516904564,37.649182303431,1.1));
#2287 = B_SPLINE_CURVE_WITH_KNOTS('',2,(#2288,#2289,#2290),
  .UNSPECIFIED.,.F.,.F.,(3,3),(0.,1.),.PIECEWISE_BEZIER_KNOTS.);
#2288 = CARTESIAN_POINT('',(7.331065105543,37.878653313104,1.1));
#2289 = CARTESIAN_POINT('',(7.528516904564,37.878653313104,1.1));
#2290 = CARTESIAN_POINT('',(7.528516904564,37.649182303431,1.1));
#2291 = ORIENTED_EDGE('',*,*,#2292,.T.);
#2292 = EDGE_CURVE('',#2285,#2293,#2295,.T.);
#2293 = VERTEX_POINT('',#2294);
#2294 = CARTESIAN_POINT('',(7.528516904564,34.503294856867,1.1));
#2295 = B_SPLINE_CURVE_WITH_KNOTS('',2,(#2296,#2297,#2298),
  .UNSPECIFIED.,.F.,.F.,(3,3),(0.,1.),.PIECEWISE_BEZIER_KNOTS.);
#2296 = CARTESIAN_POINT('',(7.528516904564,37.649182303431,1.1));
#2297 = CARTESIAN_POINT('',(7.528516904564,37.649182303431,1.1));
#2298 = CARTESIAN_POINT('',(7.528516904564,34.503294856867,1.1));
#2299 = ORIENTED_EDGE('',*,*,#2300,.T.);
#2300 = EDGE_CURVE('',#2293,#2301,#2303,.T.);
#2301 = VERTEX_POINT('',#2302);
#2302 = CARTESIAN_POINT('',(7.992795459019,34.967573411322,1.1));
#2303 = LINE('',#2304,#2305);
#2304 = CARTESIAN_POINT('',(7.528516904564,34.503294856867,1.1));
#2305 = VECTOR('',#2306,1.);
#2306 = DIRECTION('',(0.707106781187,0.707106781187,0.));
#2307 = ORIENTED_EDGE('',*,*,#2308,.T.);
#2308 = EDGE_CURVE('',#2301,#2309,#2311,.T.);
#2309 = VERTEX_POINT('',#2310);
#2310 = CARTESIAN_POINT('',(8.136881906953,35.039616635289,1.1));
#2311 = B_SPLINE_CURVE_WITH_KNOTS('',2,(#2312,#2313,#2314),
  .UNSPECIFIED.,.F.,.F.,(3,3),(0.,1.),.PIECEWISE_BEZIER_KNOTS.);
#2312 = CARTESIAN_POINT('',(7.992795459019,34.967573411322,1.1));
#2313 = CARTESIAN_POINT('',(8.064838682986,35.039616635289,1.1));
#2314 = CARTESIAN_POINT('',(8.136881906953,35.039616635289,1.1));
#2315 = ORIENTED_EDGE('',*,*,#2316,.T.);
#2316 = EDGE_CURVE('',#2309,#2317,#2319,.T.);
#2317 = VERTEX_POINT('',#2318);
#2318 = CARTESIAN_POINT('',(8.339670241083,34.860842709148,1.1));
#2319 = B_SPLINE_CURVE_WITH_KNOTS('',2,(#2320,#2321,#2322),
  .UNSPECIFIED.,.F.,.F.,(3,3),(0.,1.),.PIECEWISE_BEZIER_KNOTS.);
#2320 = CARTESIAN_POINT('',(8.136881906953,35.039616635289,1.1));
#2321 = CARTESIAN_POINT('',(8.339670241083,35.039616635289,1.1));
#2322 = CARTESIAN_POINT('',(8.339670241083,34.860842709148,1.1));
#2323 = ORIENTED_EDGE('',*,*,#2324,.T.);
#2324 = EDGE_CURVE('',#2317,#2243,#2325,.T.);
#2325 = B_SPLINE_CURVE_WITH_KNOTS('',2,(#2326,#2327,#2328),
  .UNSPECIFIED.,.F.,.F.,(3,3),(0.,1.),.PIECEWISE_BEZIER_KNOTS.);
#2326 = CARTESIAN_POINT('',(8.339670241083,34.860842709148,1.1));
#2327 = CARTESIAN_POINT('',(8.339670241083,34.770121612301,1.1));
#2328 = CARTESIAN_POINT('',(8.262290482007,34.692741853225,1.1));
#2329 = FACE_BOUND('',#2330,.T.);
#2330 = EDGE_LOOP('',(#2331,#2341,#2349,#2357,#2365,#2373));
#2331 = ORIENTED_EDGE('',*,*,#2332,.T.);
#2332 = EDGE_CURVE('',#2333,#2335,#2337,.T.);
#2333 = VERTEX_POINT('',#2334);
#2334 = CARTESIAN_POINT('',(10.746447575095,36.285697583164,1.1));
#2335 = VERTEX_POINT('',#2336);
#2336 = CARTESIAN_POINT('',(10.540990973411,36.101587121915,1.1));
#2337 = B_SPLINE_CURVE_WITH_KNOTS('',2,(#2338,#2339,#2340),
  .UNSPECIFIED.,.F.,.F.,(3,3),(0.,1.),.PIECEWISE_BEZIER_KNOTS.);
#2338 = CARTESIAN_POINT('',(10.746447575095,36.285697583164,1.1));
#2339 = CARTESIAN_POINT('',(10.746447575095,36.101587121915,1.1));
#2340 = CARTESIAN_POINT('',(10.540990973411,36.101587121915,1.1));
#2341 = ORIENTED_EDGE('',*,*,#2342,.T.);
#2342 = EDGE_CURVE('',#2335,#2343,#2345,.T.);
#2343 = VERTEX_POINT('',#2344);
#2344 = CARTESIAN_POINT('',(8.932025638146,36.101587121915,1.1));
#2345 = B_SPLINE_CURVE_WITH_KNOTS('',2,(#2346,#2347,#2348),
  .UNSPECIFIED.,.F.,.F.,(3,3),(0.,1.),.PIECEWISE_BEZIER_KNOTS.);
#2346 = CARTESIAN_POINT('',(10.540990973411,36.101587121915,1.1));
#2347 = CARTESIAN_POINT('',(10.540990973411,36.101587121915,1.1));
#2348 = CARTESIAN_POINT('',(8.932025638146,36.101587121915,1.1));
#2349 = ORIENTED_EDGE('',*,*,#2350,.T.);
#2350 = EDGE_CURVE('',#2343,#2351,#2353,.T.);
#2351 = VERTEX_POINT('',#2352);
#2352 = CARTESIAN_POINT('',(8.739910374233,36.307043723599,1.1));
#2353 = B_SPLINE_CURVE_WITH_KNOTS('',2,(#2354,#2355,#2356),
  .UNSPECIFIED.,.F.,.F.,(3,3),(0.,1.),.PIECEWISE_BEZIER_KNOTS.);
#2354 = CARTESIAN_POINT('',(8.932025638146,36.101587121915,1.1));
#2355 = CARTESIAN_POINT('',(8.739910374233,36.101587121915,1.1));
#2356 = CARTESIAN_POINT('',(8.739910374233,36.307043723599,1.1));
#2357 = ORIENTED_EDGE('',*,*,#2358,.T.);
#2358 = EDGE_CURVE('',#2351,#2359,#2361,.T.);
#2359 = VERTEX_POINT('',#2360);
#2360 = CARTESIAN_POINT('',(8.945366975917,36.48581764974,1.1));
#2361 = B_SPLINE_CURVE_WITH_KNOTS('',2,(#2362,#2363,#2364),
  .UNSPECIFIED.,.F.,.F.,(3,3),(0.,1.),.PIECEWISE_BEZIER_KNOTS.);
#2362 = CARTESIAN_POINT('',(8.739910374233,36.307043723599,1.1));
#2363 = CARTESIAN_POINT('',(8.739910374233,36.48581764974,1.1));
#2364 = CARTESIAN_POINT('',(8.945366975917,36.48581764974,1.1));
#2365 = ORIENTED_EDGE('',*,*,#2366,.T.);
#2366 = EDGE_CURVE('',#2359,#2367,#2369,.T.);
#2367 = VERTEX_POINT('',#2368);
#2368 = CARTESIAN_POINT('',(10.548995776074,36.48581764974,1.1));
#2369 = LINE('',#2370,#2371);
#2370 = CARTESIAN_POINT('',(8.945366975917,36.48581764974,1.1));
#2371 = VECTOR('',#2372,1.);
#2372 = DIRECTION('',(1.,-1.2E-16,0.));
#2373 = ORIENTED_EDGE('',*,*,#2374,.T.);
#2374 = EDGE_CURVE('',#2367,#2333,#2375,.T.);
#2375 = B_SPLINE_CURVE_WITH_KNOTS('',2,(#2376,#2377,#2378),
  .UNSPECIFIED.,.F.,.F.,(3,3),(0.,1.),.PIECEWISE_BEZIER_KNOTS.);
#2376 = CARTESIAN_POINT('',(10.548995776074,36.48581764974,1.1));
#2377 = CARTESIAN_POINT('',(10.746447575095,36.48581764974,1.1));
#2378 = CARTESIAN_POINT('',(10.746447575095,36.285697583164,1.1));
#2379 = FACE_BOUND('',#2380,.T.);
#2380 = EDGE_LOOP('',(#2381,#2391,#2399,#2407,#2415,#2423,#2431,#2439,
    #2447,#2455,#2463));
#2381 = ORIENTED_EDGE('',*,*,#2382,.T.);
#2382 = EDGE_CURVE('',#2383,#2385,#2387,.T.);
#2383 = VERTEX_POINT('',#2384);
#2384 = CARTESIAN_POINT('',(12.934426969652,36.272356245393,1.1));
#2385 = VERTEX_POINT('',#2386);
#2386 = CARTESIAN_POINT('',(12.934426969652,37.657187106094,1.1));
#2387 = LINE('',#2388,#2389);
#2388 = CARTESIAN_POINT('',(12.934426969652,36.272356245393,1.1));
#2389 = VECTOR('',#2390,1.);
#2390 = DIRECTION('',(1.2E-16,1.,0.));
#2391 = ORIENTED_EDGE('',*,*,#2392,.T.);
#2392 = EDGE_CURVE('',#2385,#2393,#2395,.T.);
#2393 = VERTEX_POINT('',#2394);
#2394 = CARTESIAN_POINT('',(13.131878768673,37.878653313104,1.1));
#2395 = B_SPLINE_CURVE_WITH_KNOTS('',2,(#2396,#2397,#2398),
  .UNSPECIFIED.,.F.,.F.,(3,3),(0.,1.),.PIECEWISE_BEZIER_KNOTS.);
#2396 = CARTESIAN_POINT('',(12.934426969652,37.657187106094,1.1));
#2397 = CARTESIAN_POINT('',(12.934426969652,37.878653313104,1.1));
#2398 = CARTESIAN_POINT('',(13.131878768673,37.878653313104,1.1));
#2399 = ORIENTED_EDGE('',*,*,#2400,.T.);
#2400 = EDGE_CURVE('',#2393,#2401,#2403,.T.);
#2401 = VERTEX_POINT('',#2402);
#2402 = CARTESIAN_POINT('',(13.329330567694,37.651850570985,1.1));
#2403 = B_SPLINE_CURVE_WITH_KNOTS('',2,(#2404,#2405,#2406),
  .UNSPECIFIED.,.F.,.F.,(3,3),(0.,1.),.PIECEWISE_BEZIER_KNOTS.);
#2404 = CARTESIAN_POINT('',(13.131878768673,37.878653313104,1.1));
#2405 = CARTESIAN_POINT('',(13.329330567694,37.878653313104,1.1));
#2406 = CARTESIAN_POINT('',(13.329330567694,37.651850570985,1.1));
#2407 = ORIENTED_EDGE('',*,*,#2408,.T.);
#2408 = EDGE_CURVE('',#2401,#2409,#2411,.T.);
#2409 = VERTEX_POINT('',#2410);
#2410 = CARTESIAN_POINT('',(13.329330567694,34.073703780618,1.1));
#2411 = LINE('',#2412,#2413);
#2412 = CARTESIAN_POINT('',(13.329330567694,37.651850570985,1.1));
#2413 = VECTOR('',#2414,1.);
#2414 = DIRECTION('',(-1.2E-16,-1.,0.));
#2415 = ORIENTED_EDGE('',*,*,#2416,.T.);
#2416 = EDGE_CURVE('',#2409,#2417,#2419,.T.);
#2417 = VERTEX_POINT('',#2418);
#2418 = CARTESIAN_POINT('',(13.110532628239,33.862910643826,1.1));
#2419 = B_SPLINE_CURVE_WITH_KNOTS('',2,(#2420,#2421,#2422),
  .UNSPECIFIED.,.F.,.F.,(3,3),(0.,1.),.PIECEWISE_BEZIER_KNOTS.);
#2420 = CARTESIAN_POINT('',(13.329330567694,34.073703780618,1.1));
#2421 = CARTESIAN_POINT('',(13.329330567694,33.862910643826,1.1));
#2422 = CARTESIAN_POINT('',(13.110532628239,33.862910643826,1.1));
#2423 = ORIENTED_EDGE('',*,*,#2424,.T.);
#2424 = EDGE_CURVE('',#2417,#2425,#2427,.T.);
#2425 = VERTEX_POINT('',#2426);
#2426 = CARTESIAN_POINT('',(12.07791308471,33.862910643826,1.1));
#2427 = LINE('',#2428,#2429);
#2428 = CARTESIAN_POINT('',(13.110532628239,33.862910643826,1.1));
#2429 = VECTOR('',#2430,1.);
#2430 = DIRECTION('',(-1.,1.2E-16,0.));
#2431 = ORIENTED_EDGE('',*,*,#2432,.T.);
#2432 = EDGE_CURVE('',#2425,#2433,#2435,.T.);
#2433 = VERTEX_POINT('',#2434);
#2434 = CARTESIAN_POINT('',(11.221399199768,34.263150776976,1.1));
#2435 = B_SPLINE_CURVE_WITH_KNOTS('',2,(#2436,#2437,#2438),
  .UNSPECIFIED.,.F.,.F.,(3,3),(0.,1.),.PIECEWISE_BEZIER_KNOTS.);
#2436 = CARTESIAN_POINT('',(12.07791308471,33.862910643826,1.1));
#2437 = CARTESIAN_POINT('',(11.578947052049,33.862910643826,1.1));
#2438 = CARTESIAN_POINT('',(11.221399199768,34.263150776976,1.1));
#2439 = ORIENTED_EDGE('',*,*,#2440,.T.);
#2440 = EDGE_CURVE('',#2433,#2441,#2443,.T.);
#2441 = VERTEX_POINT('',#2442);
#2442 = CARTESIAN_POINT('',(10.922553233682,34.994256086865,1.1));
#2443 = B_SPLINE_CURVE_WITH_KNOTS('',2,(#2444,#2445,#2446),
  .UNSPECIFIED.,.F.,.F.,(3,3),(0.,1.),.PIECEWISE_BEZIER_KNOTS.);
#2444 = CARTESIAN_POINT('',(11.221399199768,34.263150776976,1.1));
#2445 = CARTESIAN_POINT('',(10.922553233682,34.596684221269,1.1));
#2446 = CARTESIAN_POINT('',(10.922553233682,34.994256086865,1.1));
#2447 = ORIENTED_EDGE('',*,*,#2448,.T.);
#2448 = EDGE_CURVE('',#2441,#2449,#2451,.T.);
#2449 = VERTEX_POINT('',#2450);
#2450 = CARTESIAN_POINT('',(11.13067810292,35.757380607406,1.1));
#2451 = B_SPLINE_CURVE_WITH_KNOTS('',2,(#2452,#2453,#2454),
  .UNSPECIFIED.,.F.,.F.,(3,3),(0.,1.),.PIECEWISE_BEZIER_KNOTS.);
#2452 = CARTESIAN_POINT('',(10.922553233682,34.994256086865,1.1));
#2453 = CARTESIAN_POINT('',(10.922553233682,35.479880781754,1.1));
#2454 = CARTESIAN_POINT('',(11.13067810292,35.757380607406,1.1));
#2455 = ORIENTED_EDGE('',*,*,#2456,.T.);
#2456 = EDGE_CURVE('',#2449,#2457,#2459,.T.);
#2457 = VERTEX_POINT('',#2458);
#2458 = CARTESIAN_POINT('',(12.048562141612,36.272356245393,1.1));
#2459 = B_SPLINE_CURVE_WITH_KNOTS('',2,(#2460,#2461,#2462),
  .UNSPECIFIED.,.F.,.F.,(3,3),(0.,1.),.PIECEWISE_BEZIER_KNOTS.);
#2460 = CARTESIAN_POINT('',(11.13067810292,35.757380607406,1.1));
#2461 = CARTESIAN_POINT('',(11.517576898299,36.272356245393,1.1));
#2462 = CARTESIAN_POINT('',(12.048562141612,36.272356245393,1.1));
#2463 = ORIENTED_EDGE('',*,*,#2464,.T.);
#2464 = EDGE_CURVE('',#2457,#2383,#2465,.T.);
#2465 = LINE('',#2466,#2467);
#2466 = CARTESIAN_POINT('',(12.048562141612,36.272356245393,1.1));
#2467 = VECTOR('',#2468,1.);
#2468 = DIRECTION('',(1.,-1.2E-16,0.));
#2469 = FACE_BOUND('',#2470,.T.);
#2470 = EDGE_LOOP('',(#2471,#2481,#2489,#2497,#2505,#2513,#2521,#2529,
    #2537,#2545,#2553,#2561));
#2471 = ORIENTED_EDGE('',*,*,#2472,.T.);
#2472 = EDGE_CURVE('',#2473,#2475,#2477,.T.);
#2473 = VERTEX_POINT('',#2474);
#2474 = CARTESIAN_POINT('',(14.244546338832,36.069567911263,1.1));
#2475 = VERTEX_POINT('',#2476);
#2476 = CARTESIAN_POINT('',(14.076445482909,36.66459157588,1.1));
#2477 = B_SPLINE_CURVE_WITH_KNOTS('',2,(#2478,#2479,#2480),
  .UNSPECIFIED.,.F.,.F.,(3,3),(0.,1.),.PIECEWISE_BEZIER_KNOTS.);
#2478 = CARTESIAN_POINT('',(14.244546338832,36.069567911263,1.1));
#2479 = CARTESIAN_POINT('',(14.076445482909,36.339062934251,1.1));
#2480 = CARTESIAN_POINT('',(14.076445482909,36.66459157588,1.1));
#2481 = ORIENTED_EDGE('',*,*,#2482,.T.);
#2482 = EDGE_CURVE('',#2475,#2483,#2485,.T.);
#2483 = VERTEX_POINT('',#2484);
#2484 = CARTESIAN_POINT('',(14.450002940516,37.571802544355,1.1));
#2485 = B_SPLINE_CURVE_WITH_KNOTS('',2,(#2486,#2487,#2488),
  .UNSPECIFIED.,.F.,.F.,(3,3),(0.,1.),.PIECEWISE_BEZIER_KNOTS.);
#2486 = CARTESIAN_POINT('',(14.076445482909,36.66459157588,1.1));
#2487 = CARTESIAN_POINT('',(14.076445482909,37.251610437835,1.1));
#2488 = CARTESIAN_POINT('',(14.450002940516,37.571802544355,1.1));
#2489 = ORIENTED_EDGE('',*,*,#2490,.T.);
#2490 = EDGE_CURVE('',#2483,#2491,#2493,.T.);
#2491 = VERTEX_POINT('',#2492);
#2492 = CARTESIAN_POINT('',(15.151757307307,37.891994650876,1.1));
#2493 = B_SPLINE_CURVE_WITH_KNOTS('',2,(#2494,#2495,#2496),
  .UNSPECIFIED.,.F.,.F.,(3,3),(0.,1.),.PIECEWISE_BEZIER_KNOTS.);
#2494 = CARTESIAN_POINT('',(14.450002940516,37.571802544355,1.1));
#2495 = CARTESIAN_POINT('',(14.820892130569,37.891994650876,1.1));
#2496 = CARTESIAN_POINT('',(15.151757307307,37.891994650876,1.1));
#2497 = ORIENTED_EDGE('',*,*,#2498,.T.);
#2498 = EDGE_CURVE('',#2491,#2499,#2501,.T.);
#2499 = VERTEX_POINT('',#2500);
#2500 = CARTESIAN_POINT('',(16.323126763661,37.891994650876,1.1));
#2501 = LINE('',#2502,#2503);
#2502 = CARTESIAN_POINT('',(15.151757307307,37.891994650876,1.1));
#2503 = VECTOR('',#2504,1.);
#2504 = DIRECTION('',(1.,-1.2E-16,0.));
#2505 = ORIENTED_EDGE('',*,*,#2506,.T.);
#2506 = EDGE_CURVE('',#2499,#2507,#2509,.T.);
#2507 = VERTEX_POINT('',#2508);
#2508 = CARTESIAN_POINT('',(16.509905492465,37.649182303431,1.1));
#2509 = B_SPLINE_CURVE_WITH_KNOTS('',2,(#2510,#2511,#2512),
  .UNSPECIFIED.,.F.,.F.,(3,3),(0.,1.),.PIECEWISE_BEZIER_KNOTS.);
#2510 = CARTESIAN_POINT('',(16.323126763661,37.891994650876,1.1));
#2511 = CARTESIAN_POINT('',(16.509905492465,37.891994650876,1.1));
#2512 = CARTESIAN_POINT('',(16.509905492465,37.649182303431,1.1));
#2513 = ORIENTED_EDGE('',*,*,#2514,.T.);
#2514 = EDGE_CURVE('',#2507,#2515,#2517,.T.);
#2515 = VERTEX_POINT('',#2516);
#2516 = CARTESIAN_POINT('',(16.509905492465,34.113727793933,1.1));
#2517 = LINE('',#2518,#2519);
#2518 = CARTESIAN_POINT('',(16.509905492465,37.649182303431,1.1));
#2519 = VECTOR('',#2520,1.);
#2520 = DIRECTION('',(-1.2E-16,-1.,0.));
#2521 = ORIENTED_EDGE('',*,*,#2522,.T.);
#2522 = EDGE_CURVE('',#2515,#2523,#2525,.T.);
#2523 = VERTEX_POINT('',#2524);
#2524 = CARTESIAN_POINT('',(16.261756609912,33.862910643826,1.1));
#2525 = B_SPLINE_CURVE_WITH_KNOTS('',2,(#2526,#2527,#2528),
  .UNSPECIFIED.,.F.,.F.,(3,3),(0.,1.),.PIECEWISE_BEZIER_KNOTS.);
#2526 = CARTESIAN_POINT('',(16.509905492465,34.113727793933,1.1));
#2527 = CARTESIAN_POINT('',(16.509905492465,33.862910643826,1.1));
#2528 = CARTESIAN_POINT('',(16.261756609912,33.862910643826,1.1));
#2529 = ORIENTED_EDGE('',*,*,#2530,.T.);
#2530 = EDGE_CURVE('',#2523,#2531,#2533,.T.);
#2531 = VERTEX_POINT('',#2532);
#2532 = CARTESIAN_POINT('',(15.429257132958,33.862910643826,1.1));
#2533 = LINE('',#2534,#2535);
#2534 = CARTESIAN_POINT('',(16.261756609912,33.862910643826,1.1));
#2535 = VECTOR('',#2536,1.);
#2536 = DIRECTION('',(-1.,1.2E-16,0.));
#2537 = ORIENTED_EDGE('',*,*,#2538,.T.);
#2538 = EDGE_CURVE('',#2531,#2539,#2541,.T.);
#2539 = VERTEX_POINT('',#2540);
#2540 = CARTESIAN_POINT('',(14.690147020407,34.065698977955,1.1));
#2541 = B_SPLINE_CURVE_WITH_KNOTS('',2,(#2542,#2543,#2544),
  .UNSPECIFIED.,.F.,.F.,(3,3),(0.,1.),.PIECEWISE_BEZIER_KNOTS.);
#2542 = CARTESIAN_POINT('',(15.429257132958,33.862910643826,1.1));
#2543 = CARTESIAN_POINT('',(14.922286297634,33.862910643826,1.1));
#2544 = CARTESIAN_POINT('',(14.690147020407,34.065698977955,1.1));
#2545 = ORIENTED_EDGE('',*,*,#2546,.T.);
#2546 = EDGE_CURVE('',#2539,#2547,#2549,.T.);
#2547 = VERTEX_POINT('',#2548);
#2548 = CARTESIAN_POINT('',(14.284570352147,34.871515779365,1.1));
#2549 = B_SPLINE_CURVE_WITH_KNOTS('',2,(#2550,#2551,#2552),
  .UNSPECIFIED.,.F.,.F.,(3,3),(0.,1.),.PIECEWISE_BEZIER_KNOTS.);
#2550 = CARTESIAN_POINT('',(14.690147020407,34.065698977955,1.1));
#2551 = CARTESIAN_POINT('',(14.284570352147,34.420578562682,1.1));
#2552 = CARTESIAN_POINT('',(14.284570352147,34.871515779365,1.1));
#2553 = ORIENTED_EDGE('',*,*,#2554,.T.);
#2554 = EDGE_CURVE('',#2547,#2555,#2557,.T.);
#2555 = VERTEX_POINT('',#2556);
#2556 = CARTESIAN_POINT('',(14.658127809755,35.655986440341,1.1));
#2557 = B_SPLINE_CURVE_WITH_KNOTS('',2,(#2558,#2559,#2560),
  .UNSPECIFIED.,.F.,.F.,(3,3),(0.,1.),.PIECEWISE_BEZIER_KNOTS.);
#2558 = CARTESIAN_POINT('',(14.284570352147,34.871515779365,1.1));
#2559 = CARTESIAN_POINT('',(14.284570352147,35.362477009364,1.1));
#2560 = CARTESIAN_POINT('',(14.658127809755,35.655986440341,1.1));
#2561 = ORIENTED_EDGE('',*,*,#2562,.T.);
#2562 = EDGE_CURVE('',#2555,#2473,#2563,.T.);
#2563 = B_SPLINE_CURVE_WITH_KNOTS('',2,(#2564,#2565,#2566),
  .UNSPECIFIED.,.F.,.F.,(3,3),(0.,1.),.PIECEWISE_BEZIER_KNOTS.);
#2564 = CARTESIAN_POINT('',(14.658127809755,35.655986440341,1.1));
#2565 = CARTESIAN_POINT('',(14.409978927201,35.800072888275,1.1));
#2566 = CARTESIAN_POINT('',(14.244546338832,36.069567911263,1.1));
#2567 = FACE_BOUND('',#2568,.T.);
#2568 = EDGE_LOOP('',(#2569,#2579,#2587,#2595,#2603,#2611,#2619,#2627,
    #2635,#2643,#2651,#2659,#2667));
#2569 = ORIENTED_EDGE('',*,*,#2570,.T.);
#2570 = EDGE_CURVE('',#2571,#2573,#2575,.T.);
#2571 = VERTEX_POINT('',#2572);
#2572 = CARTESIAN_POINT('',(19.941297567343,37.505095855497,1.1));
#2573 = VERTEX_POINT('',#2574);
#2574 = CARTESIAN_POINT('',(18.761923308326,34.009665359314,1.1));
#2575 = LINE('',#2576,#2577);
#2576 = CARTESIAN_POINT('',(19.941297567343,37.505095855497,1.1));
#2577 = VECTOR('',#2578,1.);
#2578 = DIRECTION('',(-0.319697476206,-0.947519669298,0.));
#2579 = ORIENTED_EDGE('',*,*,#2580,.T.);
#2580 = EDGE_CURVE('',#2573,#2581,#2583,.T.);
#2581 = VERTEX_POINT('',#2582);
#2582 = CARTESIAN_POINT('',(18.575144579522,33.862910643826,1.1));
#2583 = B_SPLINE_CURVE_WITH_KNOTS('',2,(#2584,#2585,#2586),
  .UNSPECIFIED.,.F.,.F.,(3,3),(0.,1.),.PIECEWISE_BEZIER_KNOTS.);
#2584 = CARTESIAN_POINT('',(18.761923308326,34.009665359314,1.1));
#2585 = CARTESIAN_POINT('',(18.713894492348,33.862910643826,1.1));
#2586 = CARTESIAN_POINT('',(18.575144579522,33.862910643826,1.1));
#2587 = ORIENTED_EDGE('',*,*,#2588,.T.);
#2588 = EDGE_CURVE('',#2581,#2589,#2591,.T.);
#2589 = VERTEX_POINT('',#2590);
#2590 = CARTESIAN_POINT('',(18.393702385827,34.009665359314,1.1));
#2591 = B_SPLINE_CURVE_WITH_KNOTS('',2,(#2592,#2593,#2594),
  .UNSPECIFIED.,.F.,.F.,(3,3),(0.,1.),.PIECEWISE_BEZIER_KNOTS.);
#2592 = CARTESIAN_POINT('',(18.575144579522,33.862910643826,1.1));
#2593 = CARTESIAN_POINT('',(18.441731201806,33.862910643826,1.1));
#2594 = CARTESIAN_POINT('',(18.393702385827,34.009665359314,1.1));
#2595 = ORIENTED_EDGE('',*,*,#2596,.T.);
#2596 = EDGE_CURVE('',#2589,#2597,#2599,.T.);
#2597 = VERTEX_POINT('',#2598);
#2598 = CARTESIAN_POINT('',(17.200986789038,37.595816952344,1.1));
#2599 = LINE('',#2600,#2601);
#2600 = CARTESIAN_POINT('',(18.393702385827,34.009665359314,1.1));
#2601 = VECTOR('',#2602,1.);
#2602 = DIRECTION('',(-0.315592274397,0.948894892146,0.));
#2603 = ORIENTED_EDGE('',*,*,#2604,.T.);
#2604 = EDGE_CURVE('',#2597,#2605,#2607,.T.);
#2605 = VERTEX_POINT('',#2606);
#2606 = CARTESIAN_POINT('',(17.176972381049,37.713220724735,1.1));
#2607 = B_SPLINE_CURVE_WITH_KNOTS('',2,(#2608,#2609,#2610),
  .UNSPECIFIED.,.F.,.F.,(3,3),(0.,1.),.PIECEWISE_BEZIER_KNOTS.);
#2608 = CARTESIAN_POINT('',(17.200986789038,37.595816952344,1.1));
#2609 = CARTESIAN_POINT('',(17.176972381049,37.667860176311,1.1));
#2610 = CARTESIAN_POINT('',(17.176972381049,37.713220724735,1.1));
#2611 = ORIENTED_EDGE('',*,*,#2612,.T.);
#2612 = EDGE_CURVE('',#2605,#2613,#2615,.T.);
#2613 = VERTEX_POINT('',#2614);
#2614 = CARTESIAN_POINT('',(17.369087644962,37.891994650876,1.1));
#2615 = B_SPLINE_CURVE_WITH_KNOTS('',2,(#2616,#2617,#2618),
  .UNSPECIFIED.,.F.,.F.,(3,3),(0.,1.),.PIECEWISE_BEZIER_KNOTS.);
#2616 = CARTESIAN_POINT('',(17.176972381049,37.713220724735,1.1));
#2617 = CARTESIAN_POINT('',(17.176972381049,37.870648510441,1.1));
#2618 = CARTESIAN_POINT('',(17.369087644962,37.891994650876,1.1));
#2619 = ORIENTED_EDGE('',*,*,#2620,.T.);
#2620 = EDGE_CURVE('',#2613,#2621,#2623,.T.);
#2621 = VERTEX_POINT('',#2622);
#2622 = CARTESIAN_POINT('',(17.569207711537,37.71588899229,1.1));
#2623 = B_SPLINE_CURVE_WITH_KNOTS('',2,(#2624,#2625,#2626),
  .UNSPECIFIED.,.F.,.F.,(3,3),(0.,1.),.PIECEWISE_BEZIER_KNOTS.);
#2624 = CARTESIAN_POINT('',(17.369087644962,37.891994650876,1.1));
#2625 = CARTESIAN_POINT('',(17.510505825342,37.891994650876,1.1));
#2626 = CARTESIAN_POINT('',(17.569207711537,37.71588899229,1.1));
#2627 = ORIENTED_EDGE('',*,*,#2628,.T.);
#2628 = EDGE_CURVE('',#2621,#2629,#2631,.T.);
#2629 = VERTEX_POINT('',#2630);
#2630 = CARTESIAN_POINT('',(17.84137100208,36.872716445119,1.1));
#2631 = B_SPLINE_CURVE_WITH_KNOTS('',2,(#2632,#2633,#2634),
  .UNSPECIFIED.,.F.,.F.,(3,3),(0.,1.),.PIECEWISE_BEZIER_KNOTS.);
#2632 = CARTESIAN_POINT('',(17.569207711537,37.71588899229,1.1));
#2633 = CARTESIAN_POINT('',(17.569207711537,37.71588899229,1.1));
#2634 = CARTESIAN_POINT('',(17.84137100208,36.872716445119,1.1));
#2635 = ORIENTED_EDGE('',*,*,#2636,.T.);
#2636 = EDGE_CURVE('',#2629,#2637,#2639,.T.);
#2637 = VERTEX_POINT('',#2638);
#2638 = CARTESIAN_POINT('',(19.319591227183,36.872716445119,1.1));
#2639 = LINE('',#2640,#2641);
#2640 = CARTESIAN_POINT('',(17.84137100208,36.872716445119,1.1));
#2641 = VECTOR('',#2642,1.);
#2642 = DIRECTION('',(1.,-1.2E-16,0.));
#2643 = ORIENTED_EDGE('',*,*,#2644,.T.);
#2644 = EDGE_CURVE('',#2637,#2645,#2647,.T.);
#2645 = VERTEX_POINT('',#2646);
#2646 = CARTESIAN_POINT('',(19.610432390605,37.737235132724,1.1));
#2647 = LINE('',#2648,#2649);
#2648 = CARTESIAN_POINT('',(19.319591227183,36.872716445119,1.1));
#2649 = VECTOR('',#2650,1.);
#2650 = DIRECTION('',(0.318859331739,0.947802050305,0.));
#2651 = ORIENTED_EDGE('',*,*,#2652,.T.);
#2652 = EDGE_CURVE('',#2645,#2653,#2655,.T.);
#2653 = VERTEX_POINT('',#2654);
#2654 = CARTESIAN_POINT('',(19.7918745843,37.899999453539,1.1));
#2655 = B_SPLINE_CURVE_WITH_KNOTS('',2,(#2656,#2657,#2658),
  .UNSPECIFIED.,.F.,.F.,(3,3),(0.,1.),.PIECEWISE_BEZIER_KNOTS.);
#2656 = CARTESIAN_POINT('',(19.610432390605,37.737235132724,1.1));
#2657 = CARTESIAN_POINT('',(19.666466009247,37.899999453539,1.1));
#2658 = CARTESIAN_POINT('',(19.7918745843,37.899999453539,1.1));
#2659 = ORIENTED_EDGE('',*,*,#2660,.T.);
#2660 = EDGE_CURVE('',#2653,#2661,#2663,.T.);
#2661 = VERTEX_POINT('',#2662);
#2662 = CARTESIAN_POINT('',(19.999999453539,37.705215922072,1.1));
#2663 = B_SPLINE_CURVE_WITH_KNOTS('',2,(#2664,#2665,#2666),
  .UNSPECIFIED.,.F.,.F.,(3,3),(0.,1.),.PIECEWISE_BEZIER_KNOTS.);
#2664 = CARTESIAN_POINT('',(19.7918745843,37.899999453539,1.1));
#2665 = CARTESIAN_POINT('',(19.999999453539,37.899999453539,1.1));
#2666 = CARTESIAN_POINT('',(19.999999453539,37.705215922072,1.1));
#2667 = ORIENTED_EDGE('',*,*,#2668,.T.);
#2668 = EDGE_CURVE('',#2661,#2571,#2669,.T.);
#2669 = B_SPLINE_CURVE_WITH_KNOTS('',2,(#2670,#2671,#2672),
  .UNSPECIFIED.,.F.,.F.,(3,3),(0.,1.),.PIECEWISE_BEZIER_KNOTS.);
#2670 = CARTESIAN_POINT('',(19.999999453539,37.705215922072,1.1));
#2671 = CARTESIAN_POINT('',(19.999999453539,37.678533246529,1.1));
#2672 = CARTESIAN_POINT('',(19.941297567343,37.505095855497,1.1));
#2673 = FACE_BOUND('',#2674,.T.);
#2674 = EDGE_LOOP('',(#2675,#2686,#2695,#2704));
#2675 = ORIENTED_EDGE('',*,*,#2676,.T.);
#2676 = EDGE_CURVE('',#2677,#2679,#2681,.T.);
#2677 = VERTEX_POINT('',#2678);
#2678 = CARTESIAN_POINT('',(33.641790321282,31.174834026133,1.1));
#2679 = VERTEX_POINT('',#2680);
#2680 = CARTESIAN_POINT('',(35.16492144352,31.15658185275,1.1));
#2681 = CIRCLE('',#2682,2.478315941972);
#2682 = AXIS2_PLACEMENT_3D('',#2683,#2684,#2685);
#2683 = CARTESIAN_POINT('',(34.431615156455,33.52392462421,1.1));
#2684 = DIRECTION('',(0.,0.,-1.));
#2685 = DIRECTION('',(-1.,-0.,-0.));
#2686 = ORIENTED_EDGE('',*,*,#2687,.T.);
#2687 = EDGE_CURVE('',#2679,#2688,#2690,.T.);
#2688 = VERTEX_POINT('',#2689);
#2689 = CARTESIAN_POINT('',(34.890434162032,32.092043897502,1.1));
#2690 = CIRCLE('',#2691,0.487505284638);
#2691 = AXIS2_PLACEMENT_3D('',#2692,#2693,#2694);
#2692 = CARTESIAN_POINT('',(35.020674019635,31.622257795067,1.1));
#2693 = DIRECTION('',(0.,0.,-1.));
#2694 = DIRECTION('',(0.962784493544,0.27027027027,0.));
#2695 = ORIENTED_EDGE('',*,*,#2696,.F.);
#2696 = EDGE_CURVE('',#2697,#2688,#2699,.T.);
#2697 = VERTEX_POINT('',#2698);
#2698 = CARTESIAN_POINT('',(33.983955379637,32.133309414036,1.1));
#2699 = CIRCLE('',#2700,1.460268582648);
#2700 = AXIS2_PLACEMENT_3D('',#2701,#2702,#2703);
#2701 = CARTESIAN_POINT('',(34.500314960745,33.499236614316,1.1));
#2702 = DIRECTION('',(0.,0.,-1.));
#2703 = DIRECTION('',(-1.,-0.,-0.));
#2704 = ORIENTED_EDGE('',*,*,#2705,.T.);
#2705 = EDGE_CURVE('',#2697,#2677,#2706,.T.);
#2706 = CIRCLE('',#2707,0.508946937385);
#2707 = AXIS2_PLACEMENT_3D('',#2708,#2709,#2710);
#2708 = CARTESIAN_POINT('',(33.803988741638,31.657243248171,1.1));
#2709 = DIRECTION('',(0.,0.,-1.));
#2710 = DIRECTION('',(-0.962784493544,0.27027027027,0.));
#2711 = PLANE('',#2712);
#2712 = AXIS2_PLACEMENT_3D('',#2713,#2714,#2715);
#2713 = CARTESIAN_POINT('',(1.074713574091,-0.21279989134,1.1));
#2714 = DIRECTION('',(0.,0.,1.));
#2715 = DIRECTION('',(1.,0.,0.));
#2716 = ADVANCED_FACE('',(#2717),#2728,.T.);
#2717 = FACE_BOUND('',#2718,.F.);
#2718 = EDGE_LOOP('',(#2719,#2720,#2726,#2727));
#2719 = ORIENTED_EDGE('',*,*,#180,.F.);
#2720 = ORIENTED_EDGE('',*,*,#2721,.T.);
#2721 = EDGE_CURVE('',#181,#446,#2722,.T.);
#2722 = LINE('',#2723,#2724);
#2723 = CARTESIAN_POINT('',(6.7,-24.5,1.6));
#2724 = VECTOR('',#2725,1.);
#2725 = DIRECTION('',(0.,1.,0.));
#2726 = ORIENTED_EDGE('',*,*,#493,.T.);
#2727 = ORIENTED_EDGE('',*,*,#854,.F.);
#2728 = PLANE('',#2729);
#2729 = AXIS2_PLACEMENT_3D('',#2730,#2731,#2732);
#2730 = CARTESIAN_POINT('',(6.95,-24.5,1.35));
#2731 = DIRECTION('',(0.707106781187,0.,0.707106781187));
#2732 = DIRECTION('',(-0.,-1.,-0.));
#2733 = ADVANCED_FACE('',(#2734),#2759,.T.);
#2734 = FACE_BOUND('',#2735,.T.);
#2735 = EDGE_LOOP('',(#2736,#2737,#2745,#2753));
#2736 = ORIENTED_EDGE('',*,*,#255,.T.);
#2737 = ORIENTED_EDGE('',*,*,#2738,.T.);
#2738 = EDGE_CURVE('',#258,#2739,#2741,.T.);
#2739 = VERTEX_POINT('',#2740);
#2740 = CARTESIAN_POINT('',(-60.5,-45.5,5.1));
#2741 = LINE('',#2742,#2743);
#2742 = CARTESIAN_POINT('',(-60.5,-45.5,0.));
#2743 = VECTOR('',#2744,1.);
#2744 = DIRECTION('',(0.,0.,1.));
#2745 = ORIENTED_EDGE('',*,*,#2746,.F.);
#2746 = EDGE_CURVE('',#2747,#2739,#2749,.T.);
#2747 = VERTEX_POINT('',#2748);
#2748 = CARTESIAN_POINT('',(-60.5,45.5,5.1));
#2749 = LINE('',#2750,#2751);
#2750 = CARTESIAN_POINT('',(-60.5,45.5,5.1));
#2751 = VECTOR('',#2752,1.);
#2752 = DIRECTION('',(0.,-1.,0.));
#2753 = ORIENTED_EDGE('',*,*,#2754,.F.);
#2754 = EDGE_CURVE('',#256,#2747,#2755,.T.);
#2755 = LINE('',#2756,#2757);
#2756 = CARTESIAN_POINT('',(-60.5,45.5,1.1));
#2757 = VECTOR('',#2758,1.);
#2758 = DIRECTION('',(0.,0.,1.));
#2759 = PLANE('',#2760);
#2760 = AXIS2_PLACEMENT_3D('',#2761,#2762,#2763);
#2761 = CARTESIAN_POINT('',(-60.5,1.065E-14,2.55));
#2762 = DIRECTION('',(-1.,-0.,-0.));
#2763 = DIRECTION('',(0.,0.,-1.));
#2764 = ADVANCED_FACE('',(#2765),#2784,.T.);
#2765 = FACE_BOUND('',#2766,.F.);
#2766 = EDGE_LOOP('',(#2767,#2775,#2776,#2777));
#2767 = ORIENTED_EDGE('',*,*,#2768,.F.);
#2768 = EDGE_CURVE('',#266,#2769,#2771,.T.);
#2769 = VERTEX_POINT('',#2770);
#2770 = CARTESIAN_POINT('',(-59.5,-46.5,5.1));
#2771 = LINE('',#2772,#2773);
#2772 = CARTESIAN_POINT('',(-59.5,-46.5,1.1));
#2773 = VECTOR('',#2774,1.);
#2774 = DIRECTION('',(0.,0.,1.));
#2775 = ORIENTED_EDGE('',*,*,#265,.F.);
#2776 = ORIENTED_EDGE('',*,*,#2738,.T.);
#2777 = ORIENTED_EDGE('',*,*,#2778,.T.);
#2778 = EDGE_CURVE('',#2739,#2769,#2779,.T.);
#2779 = CIRCLE('',#2780,1.);
#2780 = AXIS2_PLACEMENT_3D('',#2781,#2782,#2783);
#2781 = CARTESIAN_POINT('',(-59.5,-45.5,5.1));
#2782 = DIRECTION('',(0.,0.,1.));
#2783 = DIRECTION('',(1.,0.,0.));
#2784 = CYLINDRICAL_SURFACE('',#2785,1.);
#2785 = AXIS2_PLACEMENT_3D('',#2786,#2787,#2788);
#2786 = CARTESIAN_POINT('',(-59.5,-45.5,0.));
#2787 = DIRECTION('',(-0.,-0.,-1.));
#2788 = DIRECTION('',(1.,0.,0.));
#2789 = ADVANCED_FACE('',(#2790),#2808,.T.);
#2790 = FACE_BOUND('',#2791,.T.);
#2791 = EDGE_LOOP('',(#2792,#2793,#2801,#2807));
#2792 = ORIENTED_EDGE('',*,*,#274,.T.);
#2793 = ORIENTED_EDGE('',*,*,#2794,.T.);
#2794 = EDGE_CURVE('',#275,#2795,#2797,.T.);
#2795 = VERTEX_POINT('',#2796);
#2796 = CARTESIAN_POINT('',(59.5,-46.5,5.1));
#2797 = LINE('',#2798,#2799);
#2798 = CARTESIAN_POINT('',(59.5,-46.5,0.));
#2799 = VECTOR('',#2800,1.);
#2800 = DIRECTION('',(0.,0.,1.));
#2801 = ORIENTED_EDGE('',*,*,#2802,.F.);
#2802 = EDGE_CURVE('',#2769,#2795,#2803,.T.);
#2803 = LINE('',#2804,#2805);
#2804 = CARTESIAN_POINT('',(-59.5,-46.5,5.1));
#2805 = VECTOR('',#2806,1.);
#2806 = DIRECTION('',(1.,0.,0.));
#2807 = ORIENTED_EDGE('',*,*,#2768,.F.);
#2808 = PLANE('',#2809);
#2809 = AXIS2_PLACEMENT_3D('',#2810,#2811,#2812);
#2810 = CARTESIAN_POINT('',(1.1E-16,-46.5,2.55));
#2811 = DIRECTION('',(-0.,-1.,-0.));
#2812 = DIRECTION('',(0.,0.,-1.));
#2813 = ADVANCED_FACE('',(#2814),#2833,.T.);
#2814 = FACE_BOUND('',#2815,.F.);
#2815 = EDGE_LOOP('',(#2816,#2824,#2825,#2826));
#2816 = ORIENTED_EDGE('',*,*,#2817,.F.);
#2817 = EDGE_CURVE('',#283,#2818,#2820,.T.);
#2818 = VERTEX_POINT('',#2819);
#2819 = CARTESIAN_POINT('',(60.5,-45.5,5.1));
#2820 = LINE('',#2821,#2822);
#2821 = CARTESIAN_POINT('',(60.5,-45.5,1.1));
#2822 = VECTOR('',#2823,1.);
#2823 = DIRECTION('',(0.,0.,1.));
#2824 = ORIENTED_EDGE('',*,*,#282,.F.);
#2825 = ORIENTED_EDGE('',*,*,#2794,.T.);
#2826 = ORIENTED_EDGE('',*,*,#2827,.T.);
#2827 = EDGE_CURVE('',#2795,#2818,#2828,.T.);
#2828 = CIRCLE('',#2829,1.);
#2829 = AXIS2_PLACEMENT_3D('',#2830,#2831,#2832);
#2830 = CARTESIAN_POINT('',(59.5,-45.5,5.1));
#2831 = DIRECTION('',(0.,0.,1.));
#2832 = DIRECTION('',(1.,0.,0.));
#2833 = CYLINDRICAL_SURFACE('',#2834,1.);
#2834 = AXIS2_PLACEMENT_3D('',#2835,#2836,#2837);
#2835 = CARTESIAN_POINT('',(59.5,-45.5,0.));
#2836 = DIRECTION('',(-0.,-0.,-1.));
#2837 = DIRECTION('',(1.,0.,0.));
#2838 = ADVANCED_FACE('',(#2839),#2857,.T.);
#2839 = FACE_BOUND('',#2840,.T.);
#2840 = EDGE_LOOP('',(#2841,#2842,#2850,#2856));
#2841 = ORIENTED_EDGE('',*,*,#291,.T.);
#2842 = ORIENTED_EDGE('',*,*,#2843,.T.);
#2843 = EDGE_CURVE('',#292,#2844,#2846,.T.);
#2844 = VERTEX_POINT('',#2845);
#2845 = CARTESIAN_POINT('',(60.5,45.5,5.1));
#2846 = LINE('',#2847,#2848);
#2847 = CARTESIAN_POINT('',(60.5,45.5,0.));
#2848 = VECTOR('',#2849,1.);
#2849 = DIRECTION('',(0.,0.,1.));
#2850 = ORIENTED_EDGE('',*,*,#2851,.F.);
#2851 = EDGE_CURVE('',#2818,#2844,#2852,.T.);
#2852 = LINE('',#2853,#2854);
#2853 = CARTESIAN_POINT('',(60.5,-45.5,5.1));
#2854 = VECTOR('',#2855,1.);
#2855 = DIRECTION('',(0.,1.,0.));
#2856 = ORIENTED_EDGE('',*,*,#2817,.F.);
#2857 = PLANE('',#2858);
#2858 = AXIS2_PLACEMENT_3D('',#2859,#2860,#2861);
#2859 = CARTESIAN_POINT('',(60.5,-1.04E-15,2.55));
#2860 = DIRECTION('',(1.,0.,0.));
#2861 = DIRECTION('',(0.,0.,1.));
#2862 = ADVANCED_FACE('',(#2863),#2882,.T.);
#2863 = FACE_BOUND('',#2864,.F.);
#2864 = EDGE_LOOP('',(#2865,#2873,#2874,#2875));
#2865 = ORIENTED_EDGE('',*,*,#2866,.F.);
#2866 = EDGE_CURVE('',#300,#2867,#2869,.T.);
#2867 = VERTEX_POINT('',#2868);
#2868 = CARTESIAN_POINT('',(59.5,46.5,5.1));
#2869 = LINE('',#2870,#2871);
#2870 = CARTESIAN_POINT('',(59.5,46.5,1.1));
#2871 = VECTOR('',#2872,1.);
#2872 = DIRECTION('',(0.,0.,1.));
#2873 = ORIENTED_EDGE('',*,*,#299,.F.);
#2874 = ORIENTED_EDGE('',*,*,#2843,.T.);
#2875 = ORIENTED_EDGE('',*,*,#2876,.T.);
#2876 = EDGE_CURVE('',#2844,#2867,#2877,.T.);
#2877 = CIRCLE('',#2878,1.);
#2878 = AXIS2_PLACEMENT_3D('',#2879,#2880,#2881);
#2879 = CARTESIAN_POINT('',(59.5,45.5,5.1));
#2880 = DIRECTION('',(0.,0.,1.));
#2881 = DIRECTION('',(1.,0.,0.));
#2882 = CYLINDRICAL_SURFACE('',#2883,1.);
#2883 = AXIS2_PLACEMENT_3D('',#2884,#2885,#2886);
#2884 = CARTESIAN_POINT('',(59.5,45.5,0.));
#2885 = DIRECTION('',(-0.,-0.,-1.));
#2886 = DIRECTION('',(1.,0.,0.));
#2887 = ADVANCED_FACE('',(#2888),#2944,.T.);
#2888 = FACE_BOUND('',#2889,.T.);
#2889 = EDGE_LOOP('',(#2890,#2891,#2892,#2900,#2908,#2919,#2927,#2938));
#2890 = ORIENTED_EDGE('',*,*,#2866,.F.);
#2891 = ORIENTED_EDGE('',*,*,#308,.T.);
#2892 = ORIENTED_EDGE('',*,*,#2893,.T.);
#2893 = EDGE_CURVE('',#309,#2894,#2896,.T.);
#2894 = VERTEX_POINT('',#2895);
#2895 = CARTESIAN_POINT('',(-59.5,46.5,5.1));
#2896 = LINE('',#2897,#2898);
#2897 = CARTESIAN_POINT('',(-59.5,46.5,0.));
#2898 = VECTOR('',#2899,1.);
#2899 = DIRECTION('',(0.,0.,1.));
#2900 = ORIENTED_EDGE('',*,*,#2901,.F.);
#2901 = EDGE_CURVE('',#2902,#2894,#2904,.T.);
#2902 = VERTEX_POINT('',#2903);
#2903 = CARTESIAN_POINT('',(-2.5,46.5,5.1));
#2904 = LINE('',#2905,#2906);
#2905 = CARTESIAN_POINT('',(59.5,46.5,5.1));
#2906 = VECTOR('',#2907,1.);
#2907 = DIRECTION('',(-1.,0.,0.));
#2908 = ORIENTED_EDGE('',*,*,#2909,.T.);
#2909 = EDGE_CURVE('',#2902,#2910,#2912,.T.);
#2910 = VERTEX_POINT('',#2911);
#2911 = CARTESIAN_POINT('',(-2.604762308475,46.5,2.1));
#2912 = B_SPLINE_CURVE_WITH_KNOTS('',5,(#2913,#2914,#2915,#2916,#2917,
    #2918),.UNSPECIFIED.,.F.,.F.,(6,6),(0.,1.),
  .PIECEWISE_BEZIER_KNOTS.);
#2913 = CARTESIAN_POINT('',(-2.5,46.5,5.1));
#2914 = CARTESIAN_POINT('',(-2.520949319817,46.5,4.500089971605));
#2915 = CARTESIAN_POINT('',(-2.541900555201,46.5,3.900125088565));
#2916 = CARTESIAN_POINT('',(-2.562853303893,46.5,3.30011687006));
#2917 = CARTESIAN_POINT('',(-2.583807284186,46.5,2.700073383089));
#2918 = CARTESIAN_POINT('',(-2.604762308475,46.5,2.1));
#2919 = ORIENTED_EDGE('',*,*,#2920,.F.);
#2920 = EDGE_CURVE('',#2921,#2910,#2923,.T.);
#2921 = VERTEX_POINT('',#2922);
#2922 = CARTESIAN_POINT('',(2.604762308475,46.5,2.1));
#2923 = LINE('',#2924,#2925);
#2924 = CARTESIAN_POINT('',(-1.302381154238,46.5,2.1));
#2925 = VECTOR('',#2926,1.);
#2926 = DIRECTION('',(-1.,0.,0.));
#2927 = ORIENTED_EDGE('',*,*,#2928,.F.);
#2928 = EDGE_CURVE('',#2929,#2921,#2931,.T.);
#2929 = VERTEX_POINT('',#2930);
#2930 = CARTESIAN_POINT('',(2.5,46.5,5.1));
#2931 = B_SPLINE_CURVE_WITH_KNOTS('',5,(#2932,#2933,#2934,#2935,#2936,
    #2937),.UNSPECIFIED.,.F.,.F.,(6,6),(0.,1.),
  .PIECEWISE_BEZIER_KNOTS.);
#2932 = CARTESIAN_POINT('',(2.5,46.5,5.1));
#2933 = CARTESIAN_POINT('',(2.520949319817,46.5,4.500089971605));
#2934 = CARTESIAN_POINT('',(2.541900555201,46.5,3.900125088565));
#2935 = CARTESIAN_POINT('',(2.562853303893,46.5,3.30011687006));
#2936 = CARTESIAN_POINT('',(2.583807284186,46.5,2.700073383089));
#2937 = CARTESIAN_POINT('',(2.604762308475,46.5,2.1));
#2938 = ORIENTED_EDGE('',*,*,#2939,.F.);
#2939 = EDGE_CURVE('',#2867,#2929,#2940,.T.);
#2940 = LINE('',#2941,#2942);
#2941 = CARTESIAN_POINT('',(59.5,46.5,5.1));
#2942 = VECTOR('',#2943,1.);
#2943 = DIRECTION('',(-1.,0.,0.));
#2944 = PLANE('',#2945);
#2945 = AXIS2_PLACEMENT_3D('',#2946,#2947,#2948);
#2946 = CARTESIAN_POINT('',(-1.1E-16,46.5,2.55));
#2947 = DIRECTION('',(0.,1.,0.));
#2948 = DIRECTION('',(0.,0.,1.));
#2949 = ADVANCED_FACE('',(#2950),#2962,.T.);
#2950 = FACE_BOUND('',#2951,.F.);
#2951 = EDGE_LOOP('',(#2952,#2953,#2954,#2955));
#2952 = ORIENTED_EDGE('',*,*,#2754,.F.);
#2953 = ORIENTED_EDGE('',*,*,#316,.F.);
#2954 = ORIENTED_EDGE('',*,*,#2893,.T.);
#2955 = ORIENTED_EDGE('',*,*,#2956,.T.);
#2956 = EDGE_CURVE('',#2894,#2747,#2957,.T.);
#2957 = CIRCLE('',#2958,1.);
#2958 = AXIS2_PLACEMENT_3D('',#2959,#2960,#2961);
#2959 = CARTESIAN_POINT('',(-59.5,45.5,5.1));
#2960 = DIRECTION('',(0.,0.,1.));
#2961 = DIRECTION('',(1.,0.,0.));
#2962 = CYLINDRICAL_SURFACE('',#2963,1.);
#2963 = AXIS2_PLACEMENT_3D('',#2964,#2965,#2966);
#2964 = CARTESIAN_POINT('',(-59.5,45.5,0.));
#2965 = DIRECTION('',(-0.,-0.,-1.));
#2966 = DIRECTION('',(1.,0.,0.));
#2967 = ADVANCED_FACE('',(#2968),#3039,.T.);
#2968 = FACE_BOUND('',#2969,.T.);
#2969 = EDGE_LOOP('',(#2970,#2978,#2986,#2994,#3002,#3010,#3016,#3024,
    #3030,#3031,#3032,#3033));
#2970 = ORIENTED_EDGE('',*,*,#2971,.T.);
#2971 = EDGE_CURVE('',#2972,#959,#2974,.T.);
#2972 = VERTEX_POINT('',#2973);
#2973 = CARTESIAN_POINT('',(14.8,23.5,0.95));
#2974 = LINE('',#2975,#2976);
#2975 = CARTESIAN_POINT('',(14.8,23.5,0.));
#2976 = VECTOR('',#2977,1.);
#2977 = DIRECTION('',(0.,0.,1.));
#2978 = ORIENTED_EDGE('',*,*,#2979,.T.);
#2979 = EDGE_CURVE('',#959,#2980,#2982,.T.);
#2980 = VERTEX_POINT('',#2981);
#2981 = CARTESIAN_POINT('',(14.8,23.5,1.6));
#2982 = LINE('',#2983,#2984);
#2983 = CARTESIAN_POINT('',(14.8,23.5,1.1));
#2984 = VECTOR('',#2985,1.);
#2985 = DIRECTION('',(0.,0.,1.));
#2986 = ORIENTED_EDGE('',*,*,#2987,.T.);
#2987 = EDGE_CURVE('',#2980,#2988,#2990,.T.);
#2988 = VERTEX_POINT('',#2989);
#2989 = CARTESIAN_POINT('',(14.8,22.,3.1));
#2990 = LINE('',#2991,#2992);
#2991 = CARTESIAN_POINT('',(14.8,17.1375,7.9625));
#2992 = VECTOR('',#2993,1.);
#2993 = DIRECTION('',(0.,-0.707106781187,0.707106781187));
#2994 = ORIENTED_EDGE('',*,*,#2995,.F.);
#2995 = EDGE_CURVE('',#2996,#2988,#2998,.T.);
#2996 = VERTEX_POINT('',#2997);
#2997 = CARTESIAN_POINT('',(14.8,-23.,3.1));
#2998 = LINE('',#2999,#3000);
#2999 = CARTESIAN_POINT('',(14.8,-24.5,3.1));
#3000 = VECTOR('',#3001,1.);
#3001 = DIRECTION('',(0.,1.,0.));
#3002 = ORIENTED_EDGE('',*,*,#3003,.F.);
#3003 = EDGE_CURVE('',#3004,#2996,#3006,.T.);
#3004 = VERTEX_POINT('',#3005);
#3005 = CARTESIAN_POINT('',(14.8,-24.5,1.6));
#3006 = LINE('',#3007,#3008);
#3007 = CARTESIAN_POINT('',(14.8,-18.1375,7.9625));
#3008 = VECTOR('',#3009,1.);
#3009 = DIRECTION('',(0.,0.707106781187,0.707106781187));
#3010 = ORIENTED_EDGE('',*,*,#3011,.F.);
#3011 = EDGE_CURVE('',#919,#3004,#3012,.T.);
#3012 = LINE('',#3013,#3014);
#3013 = CARTESIAN_POINT('',(14.8,-24.5,1.1));
#3014 = VECTOR('',#3015,1.);
#3015 = DIRECTION('',(0.,0.,1.));
#3016 = ORIENTED_EDGE('',*,*,#3017,.F.);
#3017 = EDGE_CURVE('',#3018,#919,#3020,.T.);
#3018 = VERTEX_POINT('',#3019);
#3019 = CARTESIAN_POINT('',(14.8,-24.5,0.95));
#3020 = LINE('',#3021,#3022);
#3021 = CARTESIAN_POINT('',(14.8,-24.5,0.));
#3022 = VECTOR('',#3023,1.);
#3023 = DIRECTION('',(0.,0.,1.));
#3024 = ORIENTED_EDGE('',*,*,#3025,.T.);
#3025 = EDGE_CURVE('',#3018,#328,#3026,.T.);
#3026 = LINE('',#3027,#3028);
#3027 = CARTESIAN_POINT('',(14.8,-18.29270696452,6.846928383706));
#3028 = VECTOR('',#3029,1.);
#3029 = DIRECTION('',(0.,-0.724999433594,-0.688749461915));
#3030 = ORIENTED_EDGE('',*,*,#325,.F.);
#3031 = ORIENTED_EDGE('',*,*,#335,.F.);
#3032 = ORIENTED_EDGE('',*,*,#343,.T.);
#3033 = ORIENTED_EDGE('',*,*,#3034,.F.);
#3034 = EDGE_CURVE('',#2972,#344,#3035,.T.);
#3035 = LINE('',#3036,#3037);
#3036 = CARTESIAN_POINT('',(14.8,17.29270696452,6.846928383706));
#3037 = VECTOR('',#3038,1.);
#3038 = DIRECTION('',(0.,0.724999433594,-0.688749461915));
#3039 = PLANE('',#3040);
#3040 = AXIS2_PLACEMENT_3D('',#3041,#3042,#3043);
#3041 = CARTESIAN_POINT('',(14.8,-0.5,1.55));
#3042 = DIRECTION('',(1.,0.,0.));
#3043 = DIRECTION('',(0.,0.,1.));
#3044 = ADVANCED_FACE('',(#3045),#3063,.F.);
#3045 = FACE_BOUND('',#3046,.T.);
#3046 = EDGE_LOOP('',(#3047,#3048,#3056,#3062));
#3047 = ORIENTED_EDGE('',*,*,#3025,.F.);
#3048 = ORIENTED_EDGE('',*,*,#3049,.T.);
#3049 = EDGE_CURVE('',#3018,#3050,#3052,.T.);
#3050 = VERTEX_POINT('',#3051);
#3051 = CARTESIAN_POINT('',(35.5,-24.5,0.95));
#3052 = LINE('',#3053,#3054);
#3053 = CARTESIAN_POINT('',(14.8,-24.5,0.95));
#3054 = VECTOR('',#3055,1.);
#3055 = DIRECTION('',(1.,0.,0.));
#3056 = ORIENTED_EDGE('',*,*,#3057,.T.);
#3057 = EDGE_CURVE('',#3050,#376,#3058,.T.);
#3058 = LINE('',#3059,#3060);
#3059 = CARTESIAN_POINT('',(35.5,-17.72451639035,7.386709429166));
#3060 = VECTOR('',#3061,1.);
#3061 = DIRECTION('',(4.3E-16,-0.724999433594,-0.688749461915));
#3062 = ORIENTED_EDGE('',*,*,#383,.F.);
#3063 = PLANE('',#3064);
#3064 = AXIS2_PLACEMENT_3D('',#3065,#3066,#3067);
#3065 = CARTESIAN_POINT('',(14.8,-25.,0.475));
#3066 = DIRECTION('',(0.,-0.688749461915,0.724999433594));
#3067 = DIRECTION('',(-1.,-0.,-0.));
#3068 = ADVANCED_FACE('',(#3069),#3233,.T.);
#3069 = FACE_BOUND('',#3070,.T.);
#3070 = EDGE_LOOP('',(#3071,#3077,#3085,#3093,#3101,#3110,#3118,#3126,
    #3134,#3143,#3151,#3160,#3168,#3176,#3184,#3193,#3201,#3209,#3215,
    #3223,#3229,#3230,#3231,#3232));
#3071 = ORIENTED_EDGE('',*,*,#3072,.T.);
#3072 = EDGE_CURVE('',#3050,#911,#3073,.T.);
#3073 = LINE('',#3074,#3075);
#3074 = CARTESIAN_POINT('',(35.5,-24.5,0.));
#3075 = VECTOR('',#3076,1.);
#3076 = DIRECTION('',(0.,0.,1.));
#3077 = ORIENTED_EDGE('',*,*,#3078,.T.);
#3078 = EDGE_CURVE('',#911,#3079,#3081,.T.);
#3079 = VERTEX_POINT('',#3080);
#3080 = CARTESIAN_POINT('',(35.5,-24.49999999998,2.1));
#3081 = LINE('',#3082,#3083);
#3082 = CARTESIAN_POINT('',(35.5,-24.49999999998,1.1));
#3083 = VECTOR('',#3084,1.);
#3084 = DIRECTION('',(0.,0.,1.));
#3085 = ORIENTED_EDGE('',*,*,#3086,.T.);
#3086 = EDGE_CURVE('',#3079,#3087,#3089,.T.);
#3087 = VERTEX_POINT('',#3088);
#3088 = CARTESIAN_POINT('',(35.5,-21.49999999998,5.1));
#3089 = LINE('',#3090,#3091);
#3090 = CARTESIAN_POINT('',(35.5,-17.31856180664,9.281438193341));
#3091 = VECTOR('',#3092,1.);
#3092 = DIRECTION('',(-4.5E-16,0.707106781187,0.707106781187));
#3093 = ORIENTED_EDGE('',*,*,#3094,.F.);
#3094 = EDGE_CURVE('',#3095,#3087,#3097,.T.);
#3095 = VERTEX_POINT('',#3096);
#3096 = CARTESIAN_POINT('',(35.5,-20.49999999999,5.1));
#3097 = LINE('',#3098,#3099);
#3098 = CARTESIAN_POINT('',(35.5,23.5,5.1));
#3099 = VECTOR('',#3100,1.);
#3100 = DIRECTION('',(0.,-1.,0.));
#3101 = ORIENTED_EDGE('',*,*,#3102,.F.);
#3102 = EDGE_CURVE('',#3103,#3095,#3105,.T.);
#3103 = VERTEX_POINT('',#3104);
#3104 = CARTESIAN_POINT('',(35.5,-19.49999999999,6.1));
#3105 = CIRCLE('',#3106,1.);
#3106 = AXIS2_PLACEMENT_3D('',#3107,#3108,#3109);
#3107 = CARTESIAN_POINT('',(35.5,-20.49999999999,6.1));
#3108 = DIRECTION('',(-1.,0.,0.));
#3109 = DIRECTION('',(0.,0.,-1.));
#3110 = ORIENTED_EDGE('',*,*,#3111,.T.);
#3111 = EDGE_CURVE('',#3103,#3112,#3114,.T.);
#3112 = VERTEX_POINT('',#3113);
#3113 = CARTESIAN_POINT('',(35.5,-19.49999999999,10.1));
#3114 = LINE('',#3115,#3116);
#3115 = CARTESIAN_POINT('',(35.5,-19.49999999999,5.1));
#3116 = VECTOR('',#3117,1.);
#3117 = DIRECTION('',(0.,0.,1.));
#3118 = ORIENTED_EDGE('',*,*,#3119,.T.);
#3119 = EDGE_CURVE('',#3112,#3120,#3122,.T.);
#3120 = VERTEX_POINT('',#3121);
#3121 = CARTESIAN_POINT('',(35.5,-13.49999999999,10.1));
#3122 = LINE('',#3123,#3124);
#3123 = CARTESIAN_POINT('',(35.5,-19.49999999999,10.1));
#3124 = VECTOR('',#3125,1.);
#3125 = DIRECTION('',(0.,1.,0.));
#3126 = ORIENTED_EDGE('',*,*,#3127,.F.);
#3127 = EDGE_CURVE('',#3128,#3120,#3130,.T.);
#3128 = VERTEX_POINT('',#3129);
#3129 = CARTESIAN_POINT('',(35.5,-13.49999999999,6.1));
#3130 = LINE('',#3131,#3132);
#3131 = CARTESIAN_POINT('',(35.5,-13.49999999999,5.1));
#3132 = VECTOR('',#3133,1.);
#3133 = DIRECTION('',(0.,0.,1.));
#3134 = ORIENTED_EDGE('',*,*,#3135,.F.);
#3135 = EDGE_CURVE('',#3136,#3128,#3138,.T.);
#3136 = VERTEX_POINT('',#3137);
#3137 = CARTESIAN_POINT('',(35.5,-12.49999999999,5.1));
#3138 = CIRCLE('',#3139,1.);
#3139 = AXIS2_PLACEMENT_3D('',#3140,#3141,#3142);
#3140 = CARTESIAN_POINT('',(35.5,-12.49999999999,6.1));
#3141 = DIRECTION('',(-1.,0.,0.));
#3142 = DIRECTION('',(0.,0.,1.));
#3143 = ORIENTED_EDGE('',*,*,#3144,.F.);
#3144 = EDGE_CURVE('',#3145,#3136,#3147,.T.);
#3145 = VERTEX_POINT('',#3146);
#3146 = CARTESIAN_POINT('',(35.5,11.5,5.1));
#3147 = LINE('',#3148,#3149);
#3148 = CARTESIAN_POINT('',(35.5,23.5,5.1));
#3149 = VECTOR('',#3150,1.);
#3150 = DIRECTION('',(0.,-1.,0.));
#3151 = ORIENTED_EDGE('',*,*,#3152,.F.);
#3152 = EDGE_CURVE('',#3153,#3145,#3155,.T.);
#3153 = VERTEX_POINT('',#3154);
#3154 = CARTESIAN_POINT('',(35.5,12.5,6.1));
#3155 = CIRCLE('',#3156,1.);
#3156 = AXIS2_PLACEMENT_3D('',#3157,#3158,#3159);
#3157 = CARTESIAN_POINT('',(35.5,11.5,6.1));
#3158 = DIRECTION('',(-1.,0.,0.));
#3159 = DIRECTION('',(0.,0.,1.));
#3160 = ORIENTED_EDGE('',*,*,#3161,.T.);
#3161 = EDGE_CURVE('',#3153,#3162,#3164,.T.);
#3162 = VERTEX_POINT('',#3163);
#3163 = CARTESIAN_POINT('',(35.5,12.5,10.1));
#3164 = LINE('',#3165,#3166);
#3165 = CARTESIAN_POINT('',(35.5,12.5,5.1));
#3166 = VECTOR('',#3167,1.);
#3167 = DIRECTION('',(0.,0.,1.));
#3168 = ORIENTED_EDGE('',*,*,#3169,.F.);
#3169 = EDGE_CURVE('',#3170,#3162,#3172,.T.);
#3170 = VERTEX_POINT('',#3171);
#3171 = CARTESIAN_POINT('',(35.5,18.5,10.1));
#3172 = LINE('',#3173,#3174);
#3173 = CARTESIAN_POINT('',(35.5,18.5,10.1));
#3174 = VECTOR('',#3175,1.);
#3175 = DIRECTION('',(0.,-1.,0.));
#3176 = ORIENTED_EDGE('',*,*,#3177,.F.);
#3177 = EDGE_CURVE('',#3178,#3170,#3180,.T.);
#3178 = VERTEX_POINT('',#3179);
#3179 = CARTESIAN_POINT('',(35.5,18.5,6.1));
#3180 = LINE('',#3181,#3182);
#3181 = CARTESIAN_POINT('',(35.5,18.5,5.1));
#3182 = VECTOR('',#3183,1.);
#3183 = DIRECTION('',(0.,0.,1.));
#3184 = ORIENTED_EDGE('',*,*,#3185,.F.);
#3185 = EDGE_CURVE('',#3186,#3178,#3188,.T.);
#3186 = VERTEX_POINT('',#3187);
#3187 = CARTESIAN_POINT('',(35.5,19.5,5.1));
#3188 = CIRCLE('',#3189,1.);
#3189 = AXIS2_PLACEMENT_3D('',#3190,#3191,#3192);
#3190 = CARTESIAN_POINT('',(35.5,19.5,6.1));
#3191 = DIRECTION('',(-1.,0.,0.));
#3192 = DIRECTION('',(0.,0.,-1.));
#3193 = ORIENTED_EDGE('',*,*,#3194,.F.);
#3194 = EDGE_CURVE('',#3195,#3186,#3197,.T.);
#3195 = VERTEX_POINT('',#3196);
#3196 = CARTESIAN_POINT('',(35.5,20.5,5.1));
#3197 = LINE('',#3198,#3199);
#3198 = CARTESIAN_POINT('',(35.5,23.5,5.1));
#3199 = VECTOR('',#3200,1.);
#3200 = DIRECTION('',(0.,-1.,0.));
#3201 = ORIENTED_EDGE('',*,*,#3202,.F.);
#3202 = EDGE_CURVE('',#3203,#3195,#3205,.T.);
#3203 = VERTEX_POINT('',#3204);
#3204 = CARTESIAN_POINT('',(35.5,23.5,2.1));
#3205 = LINE('',#3206,#3207);
#3206 = CARTESIAN_POINT('',(35.5,16.318561806657,9.281438193343));
#3207 = VECTOR('',#3208,1.);
#3208 = DIRECTION('',(-4.5E-16,-0.707106781187,0.707106781187));
#3209 = ORIENTED_EDGE('',*,*,#3210,.F.);
#3210 = EDGE_CURVE('',#967,#3203,#3211,.T.);
#3211 = LINE('',#3212,#3213);
#3212 = CARTESIAN_POINT('',(35.5,23.5,1.1));
#3213 = VECTOR('',#3214,1.);
#3214 = DIRECTION('',(0.,0.,1.));
#3215 = ORIENTED_EDGE('',*,*,#3216,.F.);
#3216 = EDGE_CURVE('',#3217,#967,#3219,.T.);
#3217 = VERTEX_POINT('',#3218);
#3218 = CARTESIAN_POINT('',(35.5,23.5,0.95));
#3219 = LINE('',#3220,#3221);
#3220 = CARTESIAN_POINT('',(35.5,23.5,0.));
#3221 = VECTOR('',#3222,1.);
#3222 = DIRECTION('',(0.,0.,1.));
#3223 = ORIENTED_EDGE('',*,*,#3224,.T.);
#3224 = EDGE_CURVE('',#3217,#352,#3225,.T.);
#3225 = LINE('',#3226,#3227);
#3226 = CARTESIAN_POINT('',(35.5,16.724516390354,7.386709429164));
#3227 = VECTOR('',#3228,1.);
#3228 = DIRECTION('',(4.3E-16,0.724999433594,-0.688749461915));
#3229 = ORIENTED_EDGE('',*,*,#359,.F.);
#3230 = ORIENTED_EDGE('',*,*,#367,.F.);
#3231 = ORIENTED_EDGE('',*,*,#375,.T.);
#3232 = ORIENTED_EDGE('',*,*,#3057,.F.);
#3233 = PLANE('',#3234);
#3234 = AXIS2_PLACEMENT_3D('',#3235,#3236,#3237);
#3235 = CARTESIAN_POINT('',(35.5,-0.499999999996,3.825752773375));
#3236 = DIRECTION('',(-1.,-0.,-6.3E-16));
#3237 = DIRECTION('',(6.3E-16,0.,-1.));
#3238 = ADVANCED_FACE('',(#3239),#3250,.F.);
#3239 = FACE_BOUND('',#3240,.T.);
#3240 = EDGE_LOOP('',(#3241,#3242,#3248,#3249));
#3241 = ORIENTED_EDGE('',*,*,#3224,.F.);
#3242 = ORIENTED_EDGE('',*,*,#3243,.T.);
#3243 = EDGE_CURVE('',#3217,#2972,#3244,.T.);
#3244 = LINE('',#3245,#3246);
#3245 = CARTESIAN_POINT('',(35.5,23.5,0.95));
#3246 = VECTOR('',#3247,1.);
#3247 = DIRECTION('',(-1.,0.,0.));
#3248 = ORIENTED_EDGE('',*,*,#3034,.T.);
#3249 = ORIENTED_EDGE('',*,*,#351,.F.);
#3250 = PLANE('',#3251);
#3251 = AXIS2_PLACEMENT_3D('',#3252,#3253,#3254);
#3252 = CARTESIAN_POINT('',(35.5,24.,0.475));
#3253 = DIRECTION('',(0.,0.688749461915,0.724999433594));
#3254 = DIRECTION('',(1.,0.,0.));
#3255 = ADVANCED_FACE('',(#3256),#3262,.F.);
#3256 = FACE_BOUND('',#3257,.F.);
#3257 = EDGE_LOOP('',(#3258,#3259,#3260,#3261));
#3258 = ORIENTED_EDGE('',*,*,#2721,.F.);
#3259 = ORIENTED_EDGE('',*,*,#399,.T.);
#3260 = ORIENTED_EDGE('',*,*,#421,.T.);
#3261 = ORIENTED_EDGE('',*,*,#445,.F.);
#3262 = PLANE('',#3263);
#3263 = AXIS2_PLACEMENT_3D('',#3264,#3265,#3266);
#3264 = CARTESIAN_POINT('',(6.7,-24.5,1.1));
#3265 = DIRECTION('',(-1.,0.,0.));
#3266 = DIRECTION('',(0.,1.,0.));
#3267 = ADVANCED_FACE('',(#3268),#3295,.F.);
#3268 = FACE_BOUND('',#3269,.F.);
#3269 = EDGE_LOOP('',(#3270,#3280,#3286,#3287,#3288,#3289));
#3270 = ORIENTED_EDGE('',*,*,#3271,.F.);
#3271 = EDGE_CURVE('',#3272,#3274,#3276,.T.);
#3272 = VERTEX_POINT('',#3273);
#3273 = CARTESIAN_POINT('',(-36.5,23.5,1.6));
#3274 = VERTEX_POINT('',#3275);
#3275 = CARTESIAN_POINT('',(-36.5,23.5,2.1));
#3276 = LINE('',#3277,#3278);
#3277 = CARTESIAN_POINT('',(-36.5,23.5,1.1));
#3278 = VECTOR('',#3279,1.);
#3279 = DIRECTION('',(0.,0.,1.));
#3280 = ORIENTED_EDGE('',*,*,#3281,.F.);
#3281 = EDGE_CURVE('',#830,#3272,#3282,.T.);
#3282 = LINE('',#3283,#3284);
#3283 = CARTESIAN_POINT('',(-36.5,23.5,1.6));
#3284 = VECTOR('',#3285,1.);
#3285 = DIRECTION('',(0.707106781187,0.,0.707106781187));
#3286 = ORIENTED_EDGE('',*,*,#837,.F.);
#3287 = ORIENTED_EDGE('',*,*,#845,.F.);
#3288 = ORIENTED_EDGE('',*,*,#550,.T.);
#3289 = ORIENTED_EDGE('',*,*,#3290,.T.);
#3290 = EDGE_CURVE('',#551,#3274,#3291,.T.);
#3291 = LINE('',#3292,#3293);
#3292 = CARTESIAN_POINT('',(-35.5,23.5,2.1));
#3293 = VECTOR('',#3294,1.);
#3294 = DIRECTION('',(-1.,0.,0.));
#3295 = PLANE('',#3296);
#3296 = AXIS2_PLACEMENT_3D('',#3297,#3298,#3299);
#3297 = CARTESIAN_POINT('',(-35.5,23.5,1.1));
#3298 = DIRECTION('',(0.,-1.,0.));
#3299 = DIRECTION('',(-1.,0.,0.));
#3300 = ADVANCED_FACE('',(#3301),#3319,.F.);
#3301 = FACE_BOUND('',#3302,.T.);
#3302 = EDGE_LOOP('',(#3303,#3304,#3305,#3313));
#3303 = ORIENTED_EDGE('',*,*,#558,.F.);
#3304 = ORIENTED_EDGE('',*,*,#3290,.T.);
#3305 = ORIENTED_EDGE('',*,*,#3306,.T.);
#3306 = EDGE_CURVE('',#3274,#3307,#3309,.T.);
#3307 = VERTEX_POINT('',#3308);
#3308 = CARTESIAN_POINT('',(-36.5,20.5,5.1));
#3309 = LINE('',#3310,#3311);
#3310 = CARTESIAN_POINT('',(-36.5,16.197580645161,9.402419354839));
#3311 = VECTOR('',#3312,1.);
#3312 = DIRECTION('',(0.,-0.707106781187,0.707106781187));
#3313 = ORIENTED_EDGE('',*,*,#3314,.F.);
#3314 = EDGE_CURVE('',#559,#3307,#3315,.T.);
#3315 = LINE('',#3316,#3317);
#3316 = CARTESIAN_POINT('',(-35.5,20.5,5.1));
#3317 = VECTOR('',#3318,1.);
#3318 = DIRECTION('',(-1.,0.,0.));
#3319 = PLANE('',#3320);
#3320 = AXIS2_PLACEMENT_3D('',#3321,#3322,#3323);
#3321 = CARTESIAN_POINT('',(-35.5,22.,3.6));
#3322 = DIRECTION('',(0.,-0.707106781187,-0.707106781187));
#3323 = DIRECTION('',(1.,0.,0.));
#3324 = ADVANCED_FACE('',(#3325),#3343,.T.);
#3325 = FACE_BOUND('',#3326,.T.);
#3326 = EDGE_LOOP('',(#3327,#3328,#3329,#3337));
#3327 = ORIENTED_EDGE('',*,*,#566,.T.);
#3328 = ORIENTED_EDGE('',*,*,#3314,.T.);
#3329 = ORIENTED_EDGE('',*,*,#3330,.T.);
#3330 = EDGE_CURVE('',#3307,#3331,#3333,.T.);
#3331 = VERTEX_POINT('',#3332);
#3332 = CARTESIAN_POINT('',(-36.5,19.5,5.1));
#3333 = LINE('',#3334,#3335);
#3334 = CARTESIAN_POINT('',(-36.5,23.5,5.1));
#3335 = VECTOR('',#3336,1.);
#3336 = DIRECTION('',(0.,-1.,0.));
#3337 = ORIENTED_EDGE('',*,*,#3338,.F.);
#3338 = EDGE_CURVE('',#567,#3331,#3339,.T.);
#3339 = LINE('',#3340,#3341);
#3340 = CARTESIAN_POINT('',(-35.5,19.5,5.1));
#3341 = VECTOR('',#3342,1.);
#3342 = DIRECTION('',(-1.,0.,0.));
#3343 = PLANE('',#3344);
#3344 = AXIS2_PLACEMENT_3D('',#3345,#3346,#3347);
#3345 = CARTESIAN_POINT('',(-6.14025E-12,-0.499999999996,5.1));
#3346 = DIRECTION('',(0.,0.,1.));
#3347 = DIRECTION('',(1.,0.,0.));
#3348 = ADVANCED_FACE('',(#3349),#3368,.F.);
#3349 = FACE_BOUND('',#3350,.F.);
#3350 = EDGE_LOOP('',(#3351,#3352,#3360,#3367));
#3351 = ORIENTED_EDGE('',*,*,#574,.T.);
#3352 = ORIENTED_EDGE('',*,*,#3353,.T.);
#3353 = EDGE_CURVE('',#575,#3354,#3356,.T.);
#3354 = VERTEX_POINT('',#3355);
#3355 = CARTESIAN_POINT('',(-36.5,18.5,6.1));
#3356 = LINE('',#3357,#3358);
#3357 = CARTESIAN_POINT('',(-35.5,18.5,6.1));
#3358 = VECTOR('',#3359,1.);
#3359 = DIRECTION('',(-1.,0.,0.));
#3360 = ORIENTED_EDGE('',*,*,#3361,.F.);
#3361 = EDGE_CURVE('',#3331,#3354,#3362,.T.);
#3362 = CIRCLE('',#3363,1.);
#3363 = AXIS2_PLACEMENT_3D('',#3364,#3365,#3366);
#3364 = CARTESIAN_POINT('',(-36.5,19.5,6.1));
#3365 = DIRECTION('',(-1.,0.,0.));
#3366 = DIRECTION('',(0.,0.,-1.));
#3367 = ORIENTED_EDGE('',*,*,#3338,.F.);
#3368 = CYLINDRICAL_SURFACE('',#3369,1.);
#3369 = AXIS2_PLACEMENT_3D('',#3370,#3371,#3372);
#3370 = CARTESIAN_POINT('',(-35.5,19.5,6.1));
#3371 = DIRECTION('',(-1.,0.,0.));
#3372 = DIRECTION('',(0.,0.,-1.));
#3373 = ADVANCED_FACE('',(#3374),#3392,.F.);
#3374 = FACE_BOUND('',#3375,.F.);
#3375 = EDGE_LOOP('',(#3376,#3377,#3385,#3391));
#3376 = ORIENTED_EDGE('',*,*,#583,.T.);
#3377 = ORIENTED_EDGE('',*,*,#3378,.T.);
#3378 = EDGE_CURVE('',#584,#3379,#3381,.T.);
#3379 = VERTEX_POINT('',#3380);
#3380 = CARTESIAN_POINT('',(-36.5,18.5,10.1));
#3381 = LINE('',#3382,#3383);
#3382 = CARTESIAN_POINT('',(-35.5,18.5,10.1));
#3383 = VECTOR('',#3384,1.);
#3384 = DIRECTION('',(-1.,0.,0.));
#3385 = ORIENTED_EDGE('',*,*,#3386,.F.);
#3386 = EDGE_CURVE('',#3354,#3379,#3387,.T.);
#3387 = LINE('',#3388,#3389);
#3388 = CARTESIAN_POINT('',(-36.5,18.5,5.1));
#3389 = VECTOR('',#3390,1.);
#3390 = DIRECTION('',(0.,0.,1.));
#3391 = ORIENTED_EDGE('',*,*,#3353,.F.);
#3392 = PLANE('',#3393);
#3393 = AXIS2_PLACEMENT_3D('',#3394,#3395,#3396);
#3394 = CARTESIAN_POINT('',(-35.5,18.5,5.1));
#3395 = DIRECTION('',(0.,-1.,0.));
#3396 = DIRECTION('',(-1.,0.,0.));
#3397 = ADVANCED_FACE('',(#3398),#3421,.T.);
#3398 = FACE_BOUND('',#3399,.T.);
#3399 = EDGE_LOOP('',(#3400,#3401,#3408,#3416));
#3400 = ORIENTED_EDGE('',*,*,#591,.T.);
#3401 = ORIENTED_EDGE('',*,*,#3402,.T.);
#3402 = EDGE_CURVE('',#584,#3403,#3405,.T.);
#3403 = VERTEX_POINT('',#3404);
#3404 = CARTESIAN_POINT('',(-35.7455691218,18.254430878194,12.1));
#3405 = B_SPLINE_CURVE_WITH_KNOTS('',1,(#3406,#3407),.UNSPECIFIED.,.F.,
  .F.,(2,2),(0.,1.),.PIECEWISE_BEZIER_KNOTS.);
#3406 = CARTESIAN_POINT('',(-35.5,18.5,10.1));
#3407 = CARTESIAN_POINT('',(-35.7455691218,18.254430878194,12.1));
#3408 = ORIENTED_EDGE('',*,*,#3409,.F.);
#3409 = EDGE_CURVE('',#3410,#3403,#3412,.T.);
#3410 = VERTEX_POINT('',#3411);
#3411 = CARTESIAN_POINT('',(-35.7455691218,12.745569121806,12.1));
#3412 = LINE('',#3413,#3414);
#3413 = CARTESIAN_POINT('',(-35.7455691218,12.5,12.1));
#3414 = VECTOR('',#3415,1.);
#3415 = DIRECTION('',(0.,1.,0.));
#3416 = ORIENTED_EDGE('',*,*,#3417,.F.);
#3417 = EDGE_CURVE('',#592,#3410,#3418,.T.);
#3418 = B_SPLINE_CURVE_WITH_KNOTS('',1,(#3419,#3420),.UNSPECIFIED.,.F.,
  .F.,(2,2),(0.,1.),.PIECEWISE_BEZIER_KNOTS.);
#3419 = CARTESIAN_POINT('',(-35.5,12.5,10.1));
#3420 = CARTESIAN_POINT('',(-35.7455691218,12.745569121806,12.1));
#3421 = B_SPLINE_SURFACE_WITH_KNOTS('',1,1,(
    (#3422,#3423)
    ,(#3424,#3425
    )),.UNSPECIFIED.,.F.,.F.,.F.,(2,2),(2,2),(0.,6.),(0.,1.),
  .PIECEWISE_BEZIER_KNOTS.);
#3422 = CARTESIAN_POINT('',(-35.5,12.5,10.1));
#3423 = CARTESIAN_POINT('',(-35.7455691218,12.745569121806,12.1));
#3424 = CARTESIAN_POINT('',(-35.5,18.5,10.1));
#3425 = CARTESIAN_POINT('',(-35.7455691218,18.254430878194,12.1));
#3426 = ADVANCED_FACE('',(#3427),#3454,.F.);
#3427 = FACE_BOUND('',#3428,.F.);
#3428 = EDGE_LOOP('',(#3429,#3439,#3445,#3446,#3447,#3448));
#3429 = ORIENTED_EDGE('',*,*,#3430,.T.);
#3430 = EDGE_CURVE('',#3431,#3433,#3435,.T.);
#3431 = VERTEX_POINT('',#3432);
#3432 = CARTESIAN_POINT('',(-36.5,-24.5,1.6));
#3433 = VERTEX_POINT('',#3434);
#3434 = CARTESIAN_POINT('',(-36.5,-24.5,2.1));
#3435 = LINE('',#3436,#3437);
#3436 = CARTESIAN_POINT('',(-36.5,-24.5,1.1));
#3437 = VECTOR('',#3438,1.);
#3438 = DIRECTION('',(0.,0.,1.));
#3439 = ORIENTED_EDGE('',*,*,#3440,.T.);
#3440 = EDGE_CURVE('',#3433,#675,#3441,.T.);
#3441 = LINE('',#3442,#3443);
#3442 = CARTESIAN_POINT('',(-36.5,-24.5,2.1));
#3443 = VECTOR('',#3444,1.);
#3444 = DIRECTION('',(1.,0.,0.));
#3445 = ORIENTED_EDGE('',*,*,#682,.F.);
#3446 = ORIENTED_EDGE('',*,*,#813,.F.);
#3447 = ORIENTED_EDGE('',*,*,#821,.T.);
#3448 = ORIENTED_EDGE('',*,*,#3449,.T.);
#3449 = EDGE_CURVE('',#822,#3431,#3450,.T.);
#3450 = LINE('',#3451,#3452);
#3451 = CARTESIAN_POINT('',(-36.75,-24.5,1.35));
#3452 = VECTOR('',#3453,1.);
#3453 = DIRECTION('',(0.707106781187,0.,0.707106781187));
#3454 = PLANE('',#3455);
#3455 = AXIS2_PLACEMENT_3D('',#3456,#3457,#3458);
#3456 = CARTESIAN_POINT('',(-36.5,-24.5,1.1));
#3457 = DIRECTION('',(0.,1.,0.));
#3458 = DIRECTION('',(1.,0.,0.));
#3459 = ADVANCED_FACE('',(#3460),#3485,.F.);
#3460 = FACE_BOUND('',#3461,.F.);
#3461 = EDGE_LOOP('',(#3462,#3472,#3478,#3479));
#3462 = ORIENTED_EDGE('',*,*,#3463,.T.);
#3463 = EDGE_CURVE('',#3464,#3466,#3468,.T.);
#3464 = VERTEX_POINT('',#3465);
#3465 = CARTESIAN_POINT('',(-36.5,12.5,6.1));
#3466 = VERTEX_POINT('',#3467);
#3467 = CARTESIAN_POINT('',(-36.5,12.5,10.1));
#3468 = LINE('',#3469,#3470);
#3469 = CARTESIAN_POINT('',(-36.5,12.5,5.1));
#3470 = VECTOR('',#3471,1.);
#3471 = DIRECTION('',(0.,0.,1.));
#3472 = ORIENTED_EDGE('',*,*,#3473,.T.);
#3473 = EDGE_CURVE('',#3466,#592,#3474,.T.);
#3474 = LINE('',#3475,#3476);
#3475 = CARTESIAN_POINT('',(-36.5,12.5,10.1));
#3476 = VECTOR('',#3477,1.);
#3477 = DIRECTION('',(1.,0.,0.));
#3478 = ORIENTED_EDGE('',*,*,#599,.F.);
#3479 = ORIENTED_EDGE('',*,*,#3480,.F.);
#3480 = EDGE_CURVE('',#3464,#600,#3481,.T.);
#3481 = LINE('',#3482,#3483);
#3482 = CARTESIAN_POINT('',(-36.5,12.5,6.1));
#3483 = VECTOR('',#3484,1.);
#3484 = DIRECTION('',(1.,0.,0.));
#3485 = PLANE('',#3486);
#3486 = AXIS2_PLACEMENT_3D('',#3487,#3488,#3489);
#3487 = CARTESIAN_POINT('',(-36.5,12.5,5.1));
#3488 = DIRECTION('',(0.,1.,0.));
#3489 = DIRECTION('',(1.,0.,0.));
#3490 = ADVANCED_FACE('',(#3491),#3509,.F.);
#3491 = FACE_BOUND('',#3492,.F.);
#3492 = EDGE_LOOP('',(#3493,#3501,#3507,#3508));
#3493 = ORIENTED_EDGE('',*,*,#3494,.F.);
#3494 = EDGE_CURVE('',#3495,#3433,#3497,.T.);
#3495 = VERTEX_POINT('',#3496);
#3496 = CARTESIAN_POINT('',(-36.5,-21.5,5.1));
#3497 = LINE('',#3498,#3499);
#3498 = CARTESIAN_POINT('',(-36.5,-17.19758064516,9.402419354839));
#3499 = VECTOR('',#3500,1.);
#3500 = DIRECTION('',(0.,-0.707106781187,-0.707106781187));
#3501 = ORIENTED_EDGE('',*,*,#3502,.T.);
#3502 = EDGE_CURVE('',#3495,#667,#3503,.T.);
#3503 = LINE('',#3504,#3505);
#3504 = CARTESIAN_POINT('',(-36.5,-21.5,5.1));
#3505 = VECTOR('',#3506,1.);
#3506 = DIRECTION('',(1.,0.,0.));
#3507 = ORIENTED_EDGE('',*,*,#674,.T.);
#3508 = ORIENTED_EDGE('',*,*,#3440,.F.);
#3509 = PLANE('',#3510);
#3510 = AXIS2_PLACEMENT_3D('',#3511,#3512,#3513);
#3511 = CARTESIAN_POINT('',(-36.5,-23.,3.6));
#3512 = DIRECTION('',(0.,0.707106781187,-0.707106781187));
#3513 = DIRECTION('',(1.,0.,0.));
#3514 = ADVANCED_FACE('',(#3515),#3534,.F.);
#3515 = FACE_BOUND('',#3516,.F.);
#3516 = EDGE_LOOP('',(#3517,#3526,#3527,#3528));
#3517 = ORIENTED_EDGE('',*,*,#3518,.T.);
#3518 = EDGE_CURVE('',#3519,#3464,#3521,.T.);
#3519 = VERTEX_POINT('',#3520);
#3520 = CARTESIAN_POINT('',(-36.5,11.5,5.1));
#3521 = CIRCLE('',#3522,1.);
#3522 = AXIS2_PLACEMENT_3D('',#3523,#3524,#3525);
#3523 = CARTESIAN_POINT('',(-36.5,11.5,6.1));
#3524 = DIRECTION('',(1.,0.,-0.));
#3525 = DIRECTION('',(0.,0.,1.));
#3526 = ORIENTED_EDGE('',*,*,#3480,.T.);
#3527 = ORIENTED_EDGE('',*,*,#607,.F.);
#3528 = ORIENTED_EDGE('',*,*,#3529,.F.);
#3529 = EDGE_CURVE('',#3519,#608,#3530,.T.);
#3530 = LINE('',#3531,#3532);
#3531 = CARTESIAN_POINT('',(-36.5,11.5,5.1));
#3532 = VECTOR('',#3533,1.);
#3533 = DIRECTION('',(1.,0.,0.));
#3534 = CYLINDRICAL_SURFACE('',#3535,1.);
#3535 = AXIS2_PLACEMENT_3D('',#3536,#3537,#3538);
#3536 = CARTESIAN_POINT('',(-36.5,11.5,6.1));
#3537 = DIRECTION('',(1.,0.,0.));
#3538 = DIRECTION('',(0.,0.,-1.));
#3539 = ADVANCED_FACE('',(#3540),#3558,.T.);
#3540 = FACE_BOUND('',#3541,.T.);
#3541 = EDGE_LOOP('',(#3542,#3543,#3551,#3557));
#3542 = ORIENTED_EDGE('',*,*,#666,.T.);
#3543 = ORIENTED_EDGE('',*,*,#3544,.T.);
#3544 = EDGE_CURVE('',#658,#3545,#3547,.T.);
#3545 = VERTEX_POINT('',#3546);
#3546 = CARTESIAN_POINT('',(-36.5,-20.49999999999,5.1));
#3547 = LINE('',#3548,#3549);
#3548 = CARTESIAN_POINT('',(-35.5,-20.49999999999,5.1));
#3549 = VECTOR('',#3550,1.);
#3550 = DIRECTION('',(-1.,0.,0.));
#3551 = ORIENTED_EDGE('',*,*,#3552,.T.);
#3552 = EDGE_CURVE('',#3545,#3495,#3553,.T.);
#3553 = LINE('',#3554,#3555);
#3554 = CARTESIAN_POINT('',(-36.5,23.5,5.1));
#3555 = VECTOR('',#3556,1.);
#3556 = DIRECTION('',(0.,-1.,0.));
#3557 = ORIENTED_EDGE('',*,*,#3502,.T.);
#3558 = PLANE('',#3559);
#3559 = AXIS2_PLACEMENT_3D('',#3560,#3561,#3562);
#3560 = CARTESIAN_POINT('',(-6.14025E-12,-0.499999999996,5.1));
#3561 = DIRECTION('',(0.,0.,1.));
#3562 = DIRECTION('',(1.,0.,0.));
#3563 = ADVANCED_FACE('',(#3564),#3582,.T.);
#3564 = FACE_BOUND('',#3565,.T.);
#3565 = EDGE_LOOP('',(#3566,#3567,#3568,#3576));
#3566 = ORIENTED_EDGE('',*,*,#616,.T.);
#3567 = ORIENTED_EDGE('',*,*,#3529,.F.);
#3568 = ORIENTED_EDGE('',*,*,#3569,.T.);
#3569 = EDGE_CURVE('',#3519,#3570,#3572,.T.);
#3570 = VERTEX_POINT('',#3571);
#3571 = CARTESIAN_POINT('',(-36.5,-12.49999999999,5.1));
#3572 = LINE('',#3573,#3574);
#3573 = CARTESIAN_POINT('',(-36.5,23.5,5.1));
#3574 = VECTOR('',#3575,1.);
#3575 = DIRECTION('',(0.,-1.,0.));
#3576 = ORIENTED_EDGE('',*,*,#3577,.T.);
#3577 = EDGE_CURVE('',#3570,#617,#3578,.T.);
#3578 = LINE('',#3579,#3580);
#3579 = CARTESIAN_POINT('',(-36.5,-12.49999999999,5.1));
#3580 = VECTOR('',#3581,1.);
#3581 = DIRECTION('',(1.,0.,0.));
#3582 = PLANE('',#3583);
#3583 = AXIS2_PLACEMENT_3D('',#3584,#3585,#3586);
#3584 = CARTESIAN_POINT('',(-6.14025E-12,-0.499999999996,5.1));
#3585 = DIRECTION('',(0.,0.,1.));
#3586 = DIRECTION('',(1.,0.,0.));
#3587 = ADVANCED_FACE('',(#3588),#3607,.F.);
#3588 = FACE_BOUND('',#3589,.T.);
#3589 = EDGE_LOOP('',(#3590,#3591,#3599,#3606));
#3590 = ORIENTED_EDGE('',*,*,#657,.T.);
#3591 = ORIENTED_EDGE('',*,*,#3592,.T.);
#3592 = EDGE_CURVE('',#650,#3593,#3595,.T.);
#3593 = VERTEX_POINT('',#3594);
#3594 = CARTESIAN_POINT('',(-36.5,-19.49999999999,6.1));
#3595 = LINE('',#3596,#3597);
#3596 = CARTESIAN_POINT('',(-35.5,-19.49999999999,6.1));
#3597 = VECTOR('',#3598,1.);
#3598 = DIRECTION('',(-1.,0.,0.));
#3599 = ORIENTED_EDGE('',*,*,#3600,.F.);
#3600 = EDGE_CURVE('',#3545,#3593,#3601,.T.);
#3601 = CIRCLE('',#3602,1.);
#3602 = AXIS2_PLACEMENT_3D('',#3603,#3604,#3605);
#3603 = CARTESIAN_POINT('',(-36.5,-20.49999999999,6.1));
#3604 = DIRECTION('',(1.,-0.,0.));
#3605 = DIRECTION('',(0.,0.,-1.));
#3606 = ORIENTED_EDGE('',*,*,#3544,.F.);
#3607 = CYLINDRICAL_SURFACE('',#3608,1.);
#3608 = AXIS2_PLACEMENT_3D('',#3609,#3610,#3611);
#3609 = CARTESIAN_POINT('',(-35.5,-20.49999999999,6.1));
#3610 = DIRECTION('',(-1.,0.,0.));
#3611 = DIRECTION('',(0.,0.,-1.));
#3612 = ADVANCED_FACE('',(#3613),#3632,.F.);
#3613 = FACE_BOUND('',#3614,.F.);
#3614 = EDGE_LOOP('',(#3615,#3624,#3625,#3626));
#3615 = ORIENTED_EDGE('',*,*,#3616,.T.);
#3616 = EDGE_CURVE('',#3617,#3570,#3619,.T.);
#3617 = VERTEX_POINT('',#3618);
#3618 = CARTESIAN_POINT('',(-36.5,-13.49999999999,6.1));
#3619 = CIRCLE('',#3620,1.);
#3620 = AXIS2_PLACEMENT_3D('',#3621,#3622,#3623);
#3621 = CARTESIAN_POINT('',(-36.5,-12.49999999999,6.1));
#3622 = DIRECTION('',(1.,0.,-0.));
#3623 = DIRECTION('',(0.,0.,1.));
#3624 = ORIENTED_EDGE('',*,*,#3577,.T.);
#3625 = ORIENTED_EDGE('',*,*,#624,.F.);
#3626 = ORIENTED_EDGE('',*,*,#3627,.F.);
#3627 = EDGE_CURVE('',#3617,#625,#3628,.T.);
#3628 = LINE('',#3629,#3630);
#3629 = CARTESIAN_POINT('',(-36.5,-13.49999999999,6.1));
#3630 = VECTOR('',#3631,1.);
#3631 = DIRECTION('',(1.,0.,0.));
#3632 = CYLINDRICAL_SURFACE('',#3633,1.);
#3633 = AXIS2_PLACEMENT_3D('',#3634,#3635,#3636);
#3634 = CARTESIAN_POINT('',(-36.5,-12.49999999999,6.1));
#3635 = DIRECTION('',(1.,0.,0.));
#3636 = DIRECTION('',(0.,-1.,0.));
#3637 = ADVANCED_FACE('',(#3638),#3656,.T.);
#3638 = FACE_BOUND('',#3639,.T.);
#3639 = EDGE_LOOP('',(#3640,#3641,#3649,#3655));
#3640 = ORIENTED_EDGE('',*,*,#649,.T.);
#3641 = ORIENTED_EDGE('',*,*,#3642,.T.);
#3642 = EDGE_CURVE('',#642,#3643,#3645,.T.);
#3643 = VERTEX_POINT('',#3644);
#3644 = CARTESIAN_POINT('',(-36.5,-19.49999999999,10.1));
#3645 = LINE('',#3646,#3647);
#3646 = CARTESIAN_POINT('',(-35.5,-19.49999999999,10.1));
#3647 = VECTOR('',#3648,1.);
#3648 = DIRECTION('',(-1.,0.,0.));
#3649 = ORIENTED_EDGE('',*,*,#3650,.F.);
#3650 = EDGE_CURVE('',#3593,#3643,#3651,.T.);
#3651 = LINE('',#3652,#3653);
#3652 = CARTESIAN_POINT('',(-36.5,-19.49999999999,5.1));
#3653 = VECTOR('',#3654,1.);
#3654 = DIRECTION('',(0.,0.,1.));
#3655 = ORIENTED_EDGE('',*,*,#3592,.F.);
#3656 = PLANE('',#3657);
#3657 = AXIS2_PLACEMENT_3D('',#3658,#3659,#3660);
#3658 = CARTESIAN_POINT('',(-35.5,-19.49999999999,5.1));
#3659 = DIRECTION('',(0.,-1.,0.));
#3660 = DIRECTION('',(-1.,0.,0.));
#3661 = ADVANCED_FACE('',(#3662),#3680,.T.);
#3662 = FACE_BOUND('',#3663,.T.);
#3663 = EDGE_LOOP('',(#3664,#3672,#3678,#3679));
#3664 = ORIENTED_EDGE('',*,*,#3665,.T.);
#3665 = EDGE_CURVE('',#3617,#3666,#3668,.T.);
#3666 = VERTEX_POINT('',#3667);
#3667 = CARTESIAN_POINT('',(-36.5,-13.49999999999,10.1));
#3668 = LINE('',#3669,#3670);
#3669 = CARTESIAN_POINT('',(-36.5,-13.49999999999,5.1));
#3670 = VECTOR('',#3671,1.);
#3671 = DIRECTION('',(0.,0.,1.));
#3672 = ORIENTED_EDGE('',*,*,#3673,.T.);
#3673 = EDGE_CURVE('',#3666,#634,#3674,.T.);
#3674 = LINE('',#3675,#3676);
#3675 = CARTESIAN_POINT('',(-36.5,-13.49999999999,10.1));
#3676 = VECTOR('',#3677,1.);
#3677 = DIRECTION('',(1.,0.,0.));
#3678 = ORIENTED_EDGE('',*,*,#633,.F.);
#3679 = ORIENTED_EDGE('',*,*,#3627,.F.);
#3680 = PLANE('',#3681);
#3681 = AXIS2_PLACEMENT_3D('',#3682,#3683,#3684);
#3682 = CARTESIAN_POINT('',(-36.5,-13.49999999999,5.1));
#3683 = DIRECTION('',(0.,1.,0.));
#3684 = DIRECTION('',(1.,0.,0.));
#3685 = ADVANCED_FACE('',(#3686),#3709,.F.);
#3686 = FACE_BOUND('',#3687,.F.);
#3687 = EDGE_LOOP('',(#3688,#3689,#3696,#3704));
#3688 = ORIENTED_EDGE('',*,*,#641,.T.);
#3689 = ORIENTED_EDGE('',*,*,#3690,.T.);
#3690 = EDGE_CURVE('',#642,#3691,#3693,.T.);
#3691 = VERTEX_POINT('',#3692);
#3692 = CARTESIAN_POINT('',(-35.7455691218,-19.25443087818,12.1));
#3693 = B_SPLINE_CURVE_WITH_KNOTS('',1,(#3694,#3695),.UNSPECIFIED.,.F.,
  .F.,(2,2),(0.,1.),.PIECEWISE_BEZIER_KNOTS.);
#3694 = CARTESIAN_POINT('',(-35.5,-19.49999999999,10.1));
#3695 = CARTESIAN_POINT('',(-35.7455691218,-19.25443087818,12.1));
#3696 = ORIENTED_EDGE('',*,*,#3697,.F.);
#3697 = EDGE_CURVE('',#3698,#3691,#3700,.T.);
#3698 = VERTEX_POINT('',#3699);
#3699 = CARTESIAN_POINT('',(-35.7455691218,-13.74556912179,12.1));
#3700 = LINE('',#3701,#3702);
#3701 = CARTESIAN_POINT('',(-35.7455691218,-13.49999999999,12.1));
#3702 = VECTOR('',#3703,1.);
#3703 = DIRECTION('',(0.,-1.,0.));
#3704 = ORIENTED_EDGE('',*,*,#3705,.F.);
#3705 = EDGE_CURVE('',#634,#3698,#3706,.T.);
#3706 = B_SPLINE_CURVE_WITH_KNOTS('',1,(#3707,#3708),.UNSPECIFIED.,.F.,
  .F.,(2,2),(0.,1.),.PIECEWISE_BEZIER_KNOTS.);
#3707 = CARTESIAN_POINT('',(-35.5,-13.49999999999,10.1));
#3708 = CARTESIAN_POINT('',(-35.7455691218,-13.74556912179,12.1));
#3709 = B_SPLINE_SURFACE_WITH_KNOTS('',1,1,(
    (#3710,#3711)
    ,(#3712,#3713
    )),.UNSPECIFIED.,.F.,.F.,.F.,(2,2),(2,2),(0.,6.),(0.,1.),
  .PIECEWISE_BEZIER_KNOTS.);
#3710 = CARTESIAN_POINT('',(-35.5,-13.49999999999,10.1));
#3711 = CARTESIAN_POINT('',(-35.7455691218,-13.74556912179,12.1));
#3712 = CARTESIAN_POINT('',(-35.5,-19.49999999999,10.1));
#3713 = CARTESIAN_POINT('',(-35.7455691218,-19.25443087818,12.1));
#3714 = ADVANCED_FACE('',(#3715),#3740,.T.);
#3715 = FACE_BOUND('',#3716,.T.);
#3716 = EDGE_LOOP('',(#3717,#3718,#3726,#3734));
#3717 = ORIENTED_EDGE('',*,*,#702,.F.);
#3718 = ORIENTED_EDGE('',*,*,#3719,.T.);
#3719 = EDGE_CURVE('',#703,#3720,#3722,.T.);
#3720 = VERTEX_POINT('',#3721);
#3721 = CARTESIAN_POINT('',(58.9,-43.9,5.1));
#3722 = LINE('',#3723,#3724);
#3723 = CARTESIAN_POINT('',(58.9,-43.9,1.1));
#3724 = VECTOR('',#3725,1.);
#3725 = DIRECTION('',(0.,0.,1.));
#3726 = ORIENTED_EDGE('',*,*,#3727,.T.);
#3727 = EDGE_CURVE('',#3720,#3728,#3730,.T.);
#3728 = VERTEX_POINT('',#3729);
#3729 = CARTESIAN_POINT('',(58.9,43.9,5.1));
#3730 = LINE('',#3731,#3732);
#3731 = CARTESIAN_POINT('',(58.9,-44.9,5.1));
#3732 = VECTOR('',#3733,1.);
#3733 = DIRECTION('',(2.4E-16,1.,0.));
#3734 = ORIENTED_EDGE('',*,*,#3735,.F.);
#3735 = EDGE_CURVE('',#705,#3728,#3736,.T.);
#3736 = LINE('',#3737,#3738);
#3737 = CARTESIAN_POINT('',(58.9,43.9,1.1));
#3738 = VECTOR('',#3739,1.);
#3739 = DIRECTION('',(0.,0.,1.));
#3740 = PLANE('',#3741);
#3741 = AXIS2_PLACEMENT_3D('',#3742,#3743,#3744);
#3742 = CARTESIAN_POINT('',(58.9,-44.9,1.1));
#3743 = DIRECTION('',(-1.,2.4E-16,0.));
#3744 = DIRECTION('',(2.4E-16,1.,0.));
#3745 = ADVANCED_FACE('',(#3746),#3765,.F.);
#3746 = FACE_BOUND('',#3747,.T.);
#3747 = EDGE_LOOP('',(#3748,#3749,#3757,#3764));
#3748 = ORIENTED_EDGE('',*,*,#763,.T.);
#3749 = ORIENTED_EDGE('',*,*,#3750,.T.);
#3750 = EDGE_CURVE('',#756,#3751,#3753,.T.);
#3751 = VERTEX_POINT('',#3752);
#3752 = CARTESIAN_POINT('',(57.9,-44.9,5.1));
#3753 = LINE('',#3754,#3755);
#3754 = CARTESIAN_POINT('',(57.9,-44.9,1.1));
#3755 = VECTOR('',#3756,1.);
#3756 = DIRECTION('',(0.,0.,1.));
#3757 = ORIENTED_EDGE('',*,*,#3758,.F.);
#3758 = EDGE_CURVE('',#3720,#3751,#3759,.T.);
#3759 = CIRCLE('',#3760,1.);
#3760 = AXIS2_PLACEMENT_3D('',#3761,#3762,#3763);
#3761 = CARTESIAN_POINT('',(57.9,-43.9,5.1));
#3762 = DIRECTION('',(-0.,-0.,-1.));
#3763 = DIRECTION('',(0.,-1.,0.));
#3764 = ORIENTED_EDGE('',*,*,#3719,.F.);
#3765 = CYLINDRICAL_SURFACE('',#3766,1.);
#3766 = AXIS2_PLACEMENT_3D('',#3767,#3768,#3769);
#3767 = CARTESIAN_POINT('',(57.9,-43.9,1.1));
#3768 = DIRECTION('',(0.,0.,1.));
#3769 = DIRECTION('',(1.,-2.4E-16,0.));
#3770 = ADVANCED_FACE('',(#3771),#3790,.F.);
#3771 = FACE_BOUND('',#3772,.F.);
#3772 = EDGE_LOOP('',(#3773,#3774,#3782,#3789));
#3773 = ORIENTED_EDGE('',*,*,#712,.T.);
#3774 = ORIENTED_EDGE('',*,*,#3775,.T.);
#3775 = EDGE_CURVE('',#713,#3776,#3778,.T.);
#3776 = VERTEX_POINT('',#3777);
#3777 = CARTESIAN_POINT('',(57.9,44.9,5.1));
#3778 = LINE('',#3779,#3780);
#3779 = CARTESIAN_POINT('',(57.9,44.9,1.1));
#3780 = VECTOR('',#3781,1.);
#3781 = DIRECTION('',(0.,0.,1.));
#3782 = ORIENTED_EDGE('',*,*,#3783,.F.);
#3783 = EDGE_CURVE('',#3728,#3776,#3784,.T.);
#3784 = CIRCLE('',#3785,1.);
#3785 = AXIS2_PLACEMENT_3D('',#3786,#3787,#3788);
#3786 = CARTESIAN_POINT('',(57.9,43.9,5.1));
#3787 = DIRECTION('',(-0.,0.,1.));
#3788 = DIRECTION('',(0.,-1.,0.));
#3789 = ORIENTED_EDGE('',*,*,#3735,.F.);
#3790 = CYLINDRICAL_SURFACE('',#3791,1.);
#3791 = AXIS2_PLACEMENT_3D('',#3792,#3793,#3794);
#3792 = CARTESIAN_POINT('',(57.9,43.9,1.1));
#3793 = DIRECTION('',(0.,0.,1.));
#3794 = DIRECTION('',(1.,-2.4E-16,0.));
#3795 = ADVANCED_FACE('',(#3796),#3814,.T.);
#3796 = FACE_BOUND('',#3797,.T.);
#3797 = EDGE_LOOP('',(#3798,#3799,#3807,#3813));
#3798 = ORIENTED_EDGE('',*,*,#755,.F.);
#3799 = ORIENTED_EDGE('',*,*,#3800,.T.);
#3800 = EDGE_CURVE('',#747,#3801,#3803,.T.);
#3801 = VERTEX_POINT('',#3802);
#3802 = CARTESIAN_POINT('',(-57.9,-44.9,5.1));
#3803 = LINE('',#3804,#3805);
#3804 = CARTESIAN_POINT('',(-57.9,-44.9,1.1));
#3805 = VECTOR('',#3806,1.);
#3806 = DIRECTION('',(0.,0.,1.));
#3807 = ORIENTED_EDGE('',*,*,#3808,.T.);
#3808 = EDGE_CURVE('',#3801,#3751,#3809,.T.);
#3809 = LINE('',#3810,#3811);
#3810 = CARTESIAN_POINT('',(-58.9,-44.9,5.1));
#3811 = VECTOR('',#3812,1.);
#3812 = DIRECTION('',(1.,6.E-17,0.));
#3813 = ORIENTED_EDGE('',*,*,#3750,.F.);
#3814 = PLANE('',#3815);
#3815 = AXIS2_PLACEMENT_3D('',#3816,#3817,#3818);
#3816 = CARTESIAN_POINT('',(-58.9,-44.9,1.1));
#3817 = DIRECTION('',(-6.E-17,1.,0.));
#3818 = DIRECTION('',(1.,6.E-17,0.));
#3819 = ADVANCED_FACE('',(#3820),#3876,.T.);
#3820 = FACE_BOUND('',#3821,.T.);
#3821 = EDGE_LOOP('',(#3822,#3823,#3824,#3832,#3843,#3851,#3862,#3870));
#3822 = ORIENTED_EDGE('',*,*,#721,.F.);
#3823 = ORIENTED_EDGE('',*,*,#3775,.T.);
#3824 = ORIENTED_EDGE('',*,*,#3825,.T.);
#3825 = EDGE_CURVE('',#3776,#3826,#3828,.T.);
#3826 = VERTEX_POINT('',#3827);
#3827 = CARTESIAN_POINT('',(2.5,44.9,5.1));
#3828 = LINE('',#3829,#3830);
#3829 = CARTESIAN_POINT('',(58.9,44.9,5.1));
#3830 = VECTOR('',#3831,1.);
#3831 = DIRECTION('',(-1.,-6.E-17,0.));
#3832 = ORIENTED_EDGE('',*,*,#3833,.T.);
#3833 = EDGE_CURVE('',#3826,#3834,#3836,.T.);
#3834 = VERTEX_POINT('',#3835);
#3835 = CARTESIAN_POINT('',(2.604762308475,44.9,2.1));
#3836 = B_SPLINE_CURVE_WITH_KNOTS('',5,(#3837,#3838,#3839,#3840,#3841,
    #3842),.UNSPECIFIED.,.F.,.F.,(6,6),(0.,1.),
  .PIECEWISE_BEZIER_KNOTS.);
#3837 = CARTESIAN_POINT('',(2.5,44.9,5.1));
#3838 = CARTESIAN_POINT('',(2.520949319817,44.9,4.500089971605));
#3839 = CARTESIAN_POINT('',(2.541900555201,44.9,3.900125088565));
#3840 = CARTESIAN_POINT('',(2.562853303893,44.9,3.30011687006));
#3841 = CARTESIAN_POINT('',(2.583807284186,44.9,2.700073383089));
#3842 = CARTESIAN_POINT('',(2.604762308475,44.9,2.1));
#3843 = ORIENTED_EDGE('',*,*,#3844,.F.);
#3844 = EDGE_CURVE('',#3845,#3834,#3847,.T.);
#3845 = VERTEX_POINT('',#3846);
#3846 = CARTESIAN_POINT('',(-2.604762308475,44.9,2.1));
#3847 = LINE('',#3848,#3849);
#3848 = CARTESIAN_POINT('',(28.147618845762,44.9,2.1));
#3849 = VECTOR('',#3850,1.);
#3850 = DIRECTION('',(1.,6.E-17,0.));
#3851 = ORIENTED_EDGE('',*,*,#3852,.F.);
#3852 = EDGE_CURVE('',#3853,#3845,#3855,.T.);
#3853 = VERTEX_POINT('',#3854);
#3854 = CARTESIAN_POINT('',(-2.5,44.9,5.1));
#3855 = B_SPLINE_CURVE_WITH_KNOTS('',5,(#3856,#3857,#3858,#3859,#3860,
    #3861),.UNSPECIFIED.,.F.,.F.,(6,6),(0.,1.),
  .PIECEWISE_BEZIER_KNOTS.);
#3856 = CARTESIAN_POINT('',(-2.5,44.9,5.1));
#3857 = CARTESIAN_POINT('',(-2.520949319817,44.9,4.500089971605));
#3858 = CARTESIAN_POINT('',(-2.541900555201,44.9,3.900125088565));
#3859 = CARTESIAN_POINT('',(-2.562853303893,44.9,3.30011687006));
#3860 = CARTESIAN_POINT('',(-2.583807284186,44.9,2.700073383089));
#3861 = CARTESIAN_POINT('',(-2.604762308475,44.9,2.1));
#3862 = ORIENTED_EDGE('',*,*,#3863,.T.);
#3863 = EDGE_CURVE('',#3853,#3864,#3866,.T.);
#3864 = VERTEX_POINT('',#3865);
#3865 = CARTESIAN_POINT('',(-57.9,44.9,5.1));
#3866 = LINE('',#3867,#3868);
#3867 = CARTESIAN_POINT('',(58.9,44.9,5.1));
#3868 = VECTOR('',#3869,1.);
#3869 = DIRECTION('',(-1.,-6.E-17,0.));
#3870 = ORIENTED_EDGE('',*,*,#3871,.F.);
#3871 = EDGE_CURVE('',#722,#3864,#3872,.T.);
#3872 = LINE('',#3873,#3874);
#3873 = CARTESIAN_POINT('',(-57.9,44.9,1.1));
#3874 = VECTOR('',#3875,1.);
#3875 = DIRECTION('',(0.,0.,1.));
#3876 = PLANE('',#3877);
#3877 = AXIS2_PLACEMENT_3D('',#3878,#3879,#3880);
#3878 = CARTESIAN_POINT('',(58.9,44.9,1.1));
#3879 = DIRECTION('',(6.E-17,-1.,0.));
#3880 = DIRECTION('',(-1.,-6.E-17,0.));
#3881 = ADVANCED_FACE('',(#3882),#3901,.F.);
#3882 = FACE_BOUND('',#3883,.T.);
#3883 = EDGE_LOOP('',(#3884,#3885,#3893,#3900));
#3884 = ORIENTED_EDGE('',*,*,#746,.T.);
#3885 = ORIENTED_EDGE('',*,*,#3886,.T.);
#3886 = EDGE_CURVE('',#739,#3887,#3889,.T.);
#3887 = VERTEX_POINT('',#3888);
#3888 = CARTESIAN_POINT('',(-58.9,-43.9,5.1));
#3889 = LINE('',#3890,#3891);
#3890 = CARTESIAN_POINT('',(-58.9,-43.9,1.1));
#3891 = VECTOR('',#3892,1.);
#3892 = DIRECTION('',(0.,0.,1.));
#3893 = ORIENTED_EDGE('',*,*,#3894,.F.);
#3894 = EDGE_CURVE('',#3801,#3887,#3895,.T.);
#3895 = CIRCLE('',#3896,1.);
#3896 = AXIS2_PLACEMENT_3D('',#3897,#3898,#3899);
#3897 = CARTESIAN_POINT('',(-57.9,-43.9,5.1));
#3898 = DIRECTION('',(-0.,-0.,-1.));
#3899 = DIRECTION('',(0.,-1.,0.));
#3900 = ORIENTED_EDGE('',*,*,#3800,.F.);
#3901 = CYLINDRICAL_SURFACE('',#3902,1.);
#3902 = AXIS2_PLACEMENT_3D('',#3903,#3904,#3905);
#3903 = CARTESIAN_POINT('',(-57.9,-43.9,1.1));
#3904 = DIRECTION('',(0.,0.,1.));
#3905 = DIRECTION('',(6.E-17,-1.,0.));
#3906 = ADVANCED_FACE('',(#3907),#3926,.F.);
#3907 = FACE_BOUND('',#3908,.T.);
#3908 = EDGE_LOOP('',(#3909,#3910,#3911,#3920));
#3909 = ORIENTED_EDGE('',*,*,#729,.T.);
#3910 = ORIENTED_EDGE('',*,*,#3871,.T.);
#3911 = ORIENTED_EDGE('',*,*,#3912,.F.);
#3912 = EDGE_CURVE('',#3913,#3864,#3915,.T.);
#3913 = VERTEX_POINT('',#3914);
#3914 = CARTESIAN_POINT('',(-58.9,43.9,5.1));
#3915 = CIRCLE('',#3916,1.);
#3916 = AXIS2_PLACEMENT_3D('',#3917,#3918,#3919);
#3917 = CARTESIAN_POINT('',(-57.9,43.9,5.1));
#3918 = DIRECTION('',(-0.,-0.,-1.));
#3919 = DIRECTION('',(0.,-1.,0.));
#3920 = ORIENTED_EDGE('',*,*,#3921,.F.);
#3921 = EDGE_CURVE('',#730,#3913,#3922,.T.);
#3922 = LINE('',#3923,#3924);
#3923 = CARTESIAN_POINT('',(-58.9,43.9,1.1));
#3924 = VECTOR('',#3925,1.);
#3925 = DIRECTION('',(0.,0.,1.));
#3926 = CYLINDRICAL_SURFACE('',#3927,1.);
#3927 = AXIS2_PLACEMENT_3D('',#3928,#3929,#3930);
#3928 = CARTESIAN_POINT('',(-57.9,43.9,1.1));
#3929 = DIRECTION('',(0.,0.,1.));
#3930 = DIRECTION('',(-1.,8.E-17,0.));
#3931 = ADVANCED_FACE('',(#3932),#3943,.T.);
#3932 = FACE_BOUND('',#3933,.T.);
#3933 = EDGE_LOOP('',(#3934,#3935,#3936,#3942));
#3934 = ORIENTED_EDGE('',*,*,#738,.F.);
#3935 = ORIENTED_EDGE('',*,*,#3921,.T.);
#3936 = ORIENTED_EDGE('',*,*,#3937,.T.);
#3937 = EDGE_CURVE('',#3913,#3887,#3938,.T.);
#3938 = LINE('',#3939,#3940);
#3939 = CARTESIAN_POINT('',(-58.9,44.9,5.1));
#3940 = VECTOR('',#3941,1.);
#3941 = DIRECTION('',(-8.E-17,-1.,0.));
#3942 = ORIENTED_EDGE('',*,*,#3886,.F.);
#3943 = PLANE('',#3944);
#3944 = AXIS2_PLACEMENT_3D('',#3945,#3946,#3947);
#3945 = CARTESIAN_POINT('',(-58.9,44.9,1.1));
#3946 = DIRECTION('',(1.,-8.E-17,0.));
#3947 = DIRECTION('',(-8.E-17,-1.,0.));
#3948 = ADVANCED_FACE('',(#3949),#3973,.T.);
#3949 = FACE_BOUND('',#3950,.F.);
#3950 = EDGE_LOOP('',(#3951,#3952,#3959,#3968));
#3951 = ORIENTED_EDGE('',*,*,#772,.T.);
#3952 = ORIENTED_EDGE('',*,*,#3953,.T.);
#3953 = EDGE_CURVE('',#775,#3954,#3956,.T.);
#3954 = VERTEX_POINT('',#3955);
#3955 = CARTESIAN_POINT('',(-35.05722667524,-31.50425435427,2.1));
#3956 = B_SPLINE_CURVE_WITH_KNOTS('',1,(#3957,#3958),.UNSPECIFIED.,.F.,
  .F.,(2,2),(0.,1.),.PIECEWISE_BEZIER_KNOTS.);
#3957 = CARTESIAN_POINT('',(-35.16492144352,-31.15658185275,1.1));
#3958 = CARTESIAN_POINT('',(-35.05722667524,-31.50425435427,2.1));
#3959 = ORIENTED_EDGE('',*,*,#3960,.F.);
#3960 = EDGE_CURVE('',#3961,#3954,#3963,.T.);
#3961 = VERTEX_POINT('',#3962);
#3962 = CARTESIAN_POINT('',(-33.75778551197,-31.51982597845,2.1));
#3963 = CIRCLE('',#3964,2.114345707706);
#3964 = AXIS2_PLACEMENT_3D('',#3965,#3966,#3967);
#3965 = CARTESIAN_POINT('',(-34.43161515645,-33.52392462421,2.1));
#3966 = DIRECTION('',(0.,0.,-1.));
#3967 = DIRECTION('',(1.,0.,0.));
#3968 = ORIENTED_EDGE('',*,*,#3969,.F.);
#3969 = EDGE_CURVE('',#773,#3961,#3970,.T.);
#3970 = B_SPLINE_CURVE_WITH_KNOTS('',1,(#3971,#3972),.UNSPECIFIED.,.F.,
  .F.,(2,2),(0.,1.),.PIECEWISE_BEZIER_KNOTS.);
#3971 = CARTESIAN_POINT('',(-33.64179032128,-31.17483402613,1.1));
#3972 = CARTESIAN_POINT('',(-33.75778551197,-31.51982597845,2.1));
#3973 = CONICAL_SURFACE('',#3974,2.478315941972,0.349065850399);
#3974 = AXIS2_PLACEMENT_3D('',#3975,#3976,#3977);
#3975 = CARTESIAN_POINT('',(-34.43161515645,-33.52392462421,1.1));
#3976 = DIRECTION('',(-0.,-0.,-1.));
#3977 = DIRECTION('',(1.,0.,0.));
#3978 = ADVANCED_FACE('',(#3979),#4028,.T.);
#3979 = FACE_BOUND('',#3980,.F.);
#3980 = EDGE_LOOP('',(#3981,#3988,#3989,#3990,#3999,#4011,#4020));
#3981 = ORIENTED_EDGE('',*,*,#3982,.F.);
#3982 = EDGE_CURVE('',#793,#3983,#3985,.T.);
#3983 = VERTEX_POINT('',#3984);
#3984 = CARTESIAN_POINT('',(-33.97011927018,-32.09670872154,
    1.207504989793));
#3985 = B_SPLINE_CURVE_WITH_KNOTS('',1,(#3986,#3987),.UNSPECIFIED.,.F.,
  .F.,(2,2),(0.,1.),.PIECEWISE_BEZIER_KNOTS.);
#3986 = CARTESIAN_POINT('',(-33.98395537963,-32.13330941403,1.1));
#3987 = CARTESIAN_POINT('',(-33.85525335869,-31.79285365885,2.1));
#3988 = ORIENTED_EDGE('',*,*,#801,.T.);
#3989 = ORIENTED_EDGE('',*,*,#3969,.T.);
#3990 = ORIENTED_EDGE('',*,*,#3991,.F.);
#3991 = EDGE_CURVE('',#3992,#3961,#3994,.T.);
#3992 = VERTEX_POINT('',#3993);
#3993 = CARTESIAN_POINT('',(-33.92090213273,-31.74297249306,2.1));
#3994 = CIRCLE('',#3995,0.144976703119);
#3995 = AXIS2_PLACEMENT_3D('',#3996,#3997,#3998);
#3996 = CARTESIAN_POINT('',(-33.80398874163,-31.65724324817,2.1));
#3997 = DIRECTION('',(0.,0.,-1.));
#3998 = DIRECTION('',(0.962784493544,-0.27027027027,0.));
#3999 = ORIENTED_EDGE('',*,*,#4000,.T.);
#4000 = EDGE_CURVE('',#3992,#4001,#4003,.T.);
#4001 = VERTEX_POINT('',#4002);
#4002 = CARTESIAN_POINT('',(-34.,-31.71884868694,1.933811259379));
#4003 = B_SPLINE_CURVE_WITH_KNOTS('',6,(#4004,#4005,#4006,#4007,#4008,
    #4009,#4010),.UNSPECIFIED.,.F.,.F.,(7,7),(0.,1.),
  .PIECEWISE_BEZIER_KNOTS.);
#4004 = CARTESIAN_POINT('',(-33.92090213273,-31.74297249306,
    2.099999999991));
#4005 = CARTESIAN_POINT('',(-33.93218914814,-31.73925241097,
    2.081035883422));
#4006 = CARTESIAN_POINT('',(-33.94431852034,-31.73535122744,
    2.058371085294));
#4007 = CARTESIAN_POINT('',(-33.95728455688,-31.73129642488,
    2.031899252323));
#4008 = CARTESIAN_POINT('',(-33.97103689732,-31.72713462656,
    2.001792904494));
#4009 = CARTESIAN_POINT('',(-33.98536966873,-31.72295567413,
    1.968775071344));
#4010 = CARTESIAN_POINT('',(-34.,-31.71884868694,1.933811259374));
#4011 = ORIENTED_EDGE('',*,*,#4012,.T.);
#4012 = EDGE_CURVE('',#4001,#4013,#4015,.T.);
#4013 = VERTEX_POINT('',#4014);
#4014 = CARTESIAN_POINT('',(-34.,-32.08578643762,1.20359155153));
#4015 = HYPERBOLA('',#4016,0.538536506308,0.196011258362);
#4016 = AXIS2_PLACEMENT_3D('',#4017,#4018,#4019);
#4017 = CARTESIAN_POINT('',(-34.,-31.65724324817,2.498320218166));
#4018 = DIRECTION('',(-1.,-0.,-0.));
#4019 = DIRECTION('',(0.,0.,-1.));
#4020 = ORIENTED_EDGE('',*,*,#4021,.F.);
#4021 = EDGE_CURVE('',#3983,#4013,#4022,.T.);
#4022 = B_SPLINE_CURVE_WITH_KNOTS('',4,(#4023,#4024,#4025,#4026,#4027),
  .UNSPECIFIED.,.F.,.F.,(5,5),(0.,1.),.PIECEWISE_BEZIER_KNOTS.);
#4023 = CARTESIAN_POINT('',(-33.97011927018,-32.09670872154,
    1.20750498979));
#4024 = CARTESIAN_POINT('',(-33.97756021105,-32.09389903318,
    1.207496765153));
#4025 = CARTESIAN_POINT('',(-33.98502102366,-32.09114194942,
    1.206840767683));
#4026 = CARTESIAN_POINT('',(-33.99250114433,-32.08843768347,
    1.205537039302));
#4027 = CARTESIAN_POINT('',(-34.,-32.08578643762,1.203591551525));
#4028 = CONICAL_SURFACE('',#4029,0.508946937385,0.349065850399);
#4029 = AXIS2_PLACEMENT_3D('',#4030,#4031,#4032);
#4030 = CARTESIAN_POINT('',(-33.80398874163,-31.65724324817,1.1));
#4031 = DIRECTION('',(-0.,-0.,-1.));
#4032 = DIRECTION('',(0.962784493544,-0.27027027027,0.));
#4033 = ADVANCED_FACE('',(#4034),#4145,.F.);
#4034 = FACE_BOUND('',#4035,.F.);
#4035 = EDGE_LOOP('',(#4036,#4037,#4038,#4055,#4122,#4131,#4140));
#4036 = ORIENTED_EDGE('',*,*,#792,.F.);
#4037 = ORIENTED_EDGE('',*,*,#3982,.T.);
#4038 = ORIENTED_EDGE('',*,*,#4039,.F.);
#4039 = EDGE_CURVE('',#4040,#3983,#4042,.T.);
#4040 = VERTEX_POINT('',#4041);
#4041 = CARTESIAN_POINT('',(-33.,-33.5,1.210027053144));
#4042 = B_SPLINE_CURVE_WITH_KNOTS('',6,(#4043,#4044,#4045,#4046,#4047,
    #4048,#4049,#4050,#4051,#4052,#4053,#4054),.UNSPECIFIED.,.F.,.F.,(7,
    5,7),(0.,0.474995512333,1.),.UNSPECIFIED.);
#4043 = CARTESIAN_POINT('',(-33.,-33.5,1.210027053144));
#4044 = CARTESIAN_POINT('',(-33.,-33.3563381032,1.209826219142));
#4045 = CARTESIAN_POINT('',(-33.01651106354,-33.21265957724,
    1.209615826946));
#4046 = CARTESIAN_POINT('',(-33.04953975457,-33.07138138119,
    1.209399249495));
#4047 = CARTESIAN_POINT('',(-33.09860739304,-32.93484445002,
    1.20918003447));
#4048 = CARTESIAN_POINT('',(-33.16284188456,-32.80527461334,
    1.208961797236));
#4049 = CARTESIAN_POINT('',(-33.32721940044,-32.55142493386,
    1.208511976041));
#4050 = CARTESIAN_POINT('',(-33.43046359391,-32.42908801757,
    1.208281316877));
#4051 = CARTESIAN_POINT('',(-33.54888198948,-32.32044661239,
    1.208061039794));
#4052 = CARTESIAN_POINT('',(-33.68015611867,-32.22775254183,
    1.207855635012));
#4053 = CARTESIAN_POINT('',(-33.82159282362,-32.15279209006,
    1.207669159371));
#4054 = CARTESIAN_POINT('',(-33.97011927018,-32.09670872155,
    1.207504989792));
#4055 = ORIENTED_EDGE('',*,*,#4056,.F.);
#4056 = EDGE_CURVE('',#4057,#4040,#4059,.T.);
#4057 = VERTEX_POINT('',#4058);
#4058 = CARTESIAN_POINT('',(-35.,-32.08578643762,1.206895291019));
#4059 = B_SPLINE_CURVE_WITH_KNOTS('',6,(#4060,#4061,#4062,#4063,#4064,
    #4065,#4066,#4067,#4068,#4069,#4070,#4071,#4072,#4073,#4074,#4075,
    #4076,#4077,#4078,#4079,#4080,#4081,#4082,#4083,#4084,#4085,#4086,
    #4087,#4088,#4089,#4090,#4091,#4092,#4093,#4094,#4095,#4096,#4097,
    #4098,#4099,#4100,#4101,#4102,#4103,#4104,#4105,#4106,#4107,#4108,
    #4109,#4110,#4111,#4112,#4113,#4114,#4115,#4116,#4117,#4118,#4119,
    #4120,#4121),.UNSPECIFIED.,.F.,.F.,(7,5,5,5,5,5,5,5,5,5,5,5,7),(0.,
    0.150268856852,0.210077110813,0.301042329256,0.379440099193,
    0.418135337208,0.437733909999,0.447784378609,0.457834792728,
    0.59350465737,0.729168693062,0.864832678489,1.),.UNSPECIFIED.);
#4060 = CARTESIAN_POINT('',(-35.,-32.08578643762,1.206895291019));
#4061 = CARTESIAN_POINT('',(-35.15484081153,-32.14053093154,
    1.206882503429));
#4062 = CARTESIAN_POINT('',(-35.30252664514,-32.21563300774,
    1.20690232654));
#4063 = CARTESIAN_POINT('',(-35.43962383322,-32.30989784852,
    1.206955071199));
#4064 = CARTESIAN_POINT('',(-35.5631254485,-32.42138380481,
    1.207039755141));
#4065 = CARTESIAN_POINT('',(-35.67044454571,-32.54761698468,
    1.207154407028));
#4066 = CARTESIAN_POINT('',(-35.79511468961,-32.74042717022,
    1.207352172656));
#4067 = CARTESIAN_POINT('',(-35.82773774714,-32.79717644937,
    1.207412729011));
#4068 = CARTESIAN_POINT('',(-35.85736856745,-32.85559359508,
    1.207477344335));
#4069 = CARTESIAN_POINT('',(-35.88390261623,-32.91548125144,
    1.207545802614));
#4070 = CARTESIAN_POINT('',(-35.90725294475,-32.97663370139,
    1.207617865993));
#4071 = CARTESIAN_POINT('',(-35.95791704593,-33.13344461973,
    1.207807967571));
#4072 = CARTESIAN_POINT('',(-35.98095990208,-33.2304874109,1.20793040469
    ));
#4073 = CARTESIAN_POINT('',(-35.99623500926,-33.3292106414,
    1.208059670327));
#4074 = CARTESIAN_POINT('',(-36.00360097697,-33.42883759537,
    1.208194758771));
#4075 = CARTESIAN_POINT('',(-36.00301997241,-33.52857965699,
    1.208334588118));
#4076 = CARTESIAN_POINT('',(-35.98726681728,-33.71302665259,
    1.208601624585));
#4077 = CARTESIAN_POINT('',(-35.97412137576,-33.79790909804,
    1.208727912096));
#4078 = CARTESIAN_POINT('',(-35.95516564315,-33.88178905719,
    1.208856145331));
#4079 = CARTESIAN_POINT('',(-35.93049953311,-33.96417159563,
    1.208985574286));
#4080 = CARTESIAN_POINT('',(-35.90027861609,-34.04457632956,
    1.209115437379));
#4081 = CARTESIAN_POINT('',(-35.84715854096,-34.16102411977,
    1.209308902223));
#4082 = CARTESIAN_POINT('',(-35.82830192688,-34.19891237364,
    1.209372755586));
#4083 = CARTESIAN_POINT('',(-35.80816825389,-34.23615161884,
    1.20943643702));
#4084 = CARTESIAN_POINT('',(-35.78678568474,-34.27268828035,
    1.209499855386));
#4085 = CARTESIAN_POINT('',(-35.76418535936,-34.30847045498,
    1.209562920175));
#4086 = CARTESIAN_POINT('',(-35.72835516443,-34.36116348223,1.2096572583
    ));
#4087 = CARTESIAN_POINT('',(-35.7160052869,-34.37867263872,
    1.209688861364));
#4088 = CARTESIAN_POINT('',(-35.70335618644,-34.39596886969,
    1.20972033905));
#4089 = CARTESIAN_POINT('',(-35.69041246743,-34.41304579795,
    1.209751679791));
#4090 = CARTESIAN_POINT('',(-35.67717891464,-34.42989718031,
    1.209782872103));
#4091 = CARTESIAN_POINT('',(-35.65672802565,-34.45503977563,
    1.209829818552));
#4092 = CARTESIAN_POINT('',(-35.64972064271,-34.46350172339,
    1.209845690486));
#4093 = CARTESIAN_POINT('',(-35.64263901363,-34.47190192755,
    1.209861518854));
#4094 = CARTESIAN_POINT('',(-35.63548381951,-34.48023957477,
    1.209877302125));
#4095 = CARTESIAN_POINT('',(-35.62825575328,-34.48851386175,
    1.209893038778));
#4096 = CARTESIAN_POINT('',(-35.61365532574,-34.50493408432,
    1.209924415734));
#4097 = CARTESIAN_POINT('',(-35.6062829651,-34.51308002072,
    1.209940056038));
#4098 = CARTESIAN_POINT('',(-35.59883914258,-34.52116101129,
    1.209955646695));
#4099 = CARTESIAN_POINT('',(-35.59132457435,-34.52917627339,
    1.209971186199));
#4100 = CARTESIAN_POINT('',(-35.58373998797,-34.53712503496,
    1.209986673052));
#4101 = CARTESIAN_POINT('',(-35.47276710551,-34.65139836707,
    1.210210430911));
#4102 = CARTESIAN_POINT('',(-35.35680699655,-34.74555096852,
    1.210408924466));
#4103 = CARTESIAN_POINT('',(-35.23005421266,-34.8255451787,
    1.210593839601));
#4104 = CARTESIAN_POINT('',(-35.09469282246,-34.88991299436,
    1.210761867948));
#4105 = CARTESIAN_POINT('',(-34.95313046245,-34.93759155188,
    1.210910139076));
#4106 = CARTESIAN_POINT('',(-34.66283063575,-34.99849290288,
    1.211162653387));
#4107 = CARTESIAN_POINT('',(-34.51404607006,-35.01172712263,
    1.211266939701));
#4108 = CARTESIAN_POINT('',(-34.36422962932,-35.00718800576,
    1.211346979034));
#4109 = CARTESIAN_POINT('',(-34.21601308832,-34.98487995469,
    1.211401262678));
#4110 = CARTESIAN_POINT('',(-34.07198684494,-34.94526833152,
    1.211428948725));
#4111 = CARTESIAN_POINT('',(-33.79724449365,-34.83346559498,
    1.211431117026));
#4112 = CARTESIAN_POINT('',(-33.66648350103,-34.76125623046,
    1.211405599653));
#4113 = CARTESIAN_POINT('',(-33.54480496837,-34.67373409711,
    1.211353446141));
#4114 = CARTESIAN_POINT('',(-33.43438819627,-34.5723747866,
    1.211275460802));
#4115 = CARTESIAN_POINT('',(-33.33712024537,-34.4590127671,
    1.211173116712));
#4116 = CARTESIAN_POINT('',(-33.17213687063,-34.21317148729,
    1.210924659944));
#4117 = CARTESIAN_POINT('',(-33.10428791008,-34.08072402731,
    1.210778668746));
#4118 = CARTESIAN_POINT('',(-33.05240653056,-33.94070733933,
    1.210612883767));
#4119 = CARTESIAN_POINT('',(-33.01746525828,-33.79553540761,
    1.210430114698));
#4120 = CARTESIAN_POINT('',(-33.,-33.64775475317,1.210233608808));
#4121 = CARTESIAN_POINT('',(-33.,-33.5,1.210027053144));
#4122 = ORIENTED_EDGE('',*,*,#4123,.T.);
#4123 = EDGE_CURVE('',#4057,#4124,#4126,.T.);
#4124 = VERTEX_POINT('',#4125);
#4125 = CARTESIAN_POINT('',(-35.,-31.74476742887,2.1));
#4126 = HYPERBOLA('',#4127,1.372873362193,0.499685039255);
#4127 = AXIS2_PLACEMENT_3D('',#4128,#4129,#4130);
#4128 = CARTESIAN_POINT('',(-35.,-33.49923661431,-2.912054957164));
#4129 = DIRECTION('',(-1.,1.936E-14,0.));
#4130 = DIRECTION('',(0.,0.,1.));
#4131 = ORIENTED_EDGE('',*,*,#4132,.T.);
#4132 = EDGE_CURVE('',#4124,#4133,#4135,.T.);
#4133 = VERTEX_POINT('',#4134);
#4134 = CARTESIAN_POINT('',(-34.98767091612,-31.74130276064,2.1));
#4135 = CIRCLE('',#4136,1.824238816914);
#4136 = AXIS2_PLACEMENT_3D('',#4137,#4138,#4139);
#4137 = CARTESIAN_POINT('',(-34.50031496074,-33.49923661431,2.1));
#4138 = DIRECTION('',(0.,0.,-1.));
#4139 = DIRECTION('',(1.,0.,0.));
#4140 = ORIENTED_EDGE('',*,*,#4141,.F.);
#4141 = EDGE_CURVE('',#784,#4133,#4142,.T.);
#4142 = B_SPLINE_CURVE_WITH_KNOTS('',1,(#4143,#4144),.UNSPECIFIED.,.F.,
  .F.,(2,2),(0.,1.),.PIECEWISE_BEZIER_KNOTS.);
#4143 = CARTESIAN_POINT('',(-34.89043416203,-32.0920438975,1.1));
#4144 = CARTESIAN_POINT('',(-34.98767091612,-31.74130276064,2.1));
#4145 = CONICAL_SURFACE('',#4146,1.460268582648,0.349065850399);
#4146 = AXIS2_PLACEMENT_3D('',#4147,#4148,#4149);
#4147 = CARTESIAN_POINT('',(-34.50031496074,-33.49923661431,1.1));
#4148 = DIRECTION('',(0.,0.,1.));
#4149 = DIRECTION('',(1.,0.,0.));
#4150 = ADVANCED_FACE('',(#4151),#4163,.T.);
#4151 = FACE_BOUND('',#4152,.F.);
#4152 = EDGE_LOOP('',(#4153,#4154,#4155,#4162));
#4153 = ORIENTED_EDGE('',*,*,#783,.T.);
#4154 = ORIENTED_EDGE('',*,*,#4141,.T.);
#4155 = ORIENTED_EDGE('',*,*,#4156,.F.);
#4156 = EDGE_CURVE('',#3954,#4133,#4157,.T.);
#4157 = CIRCLE('',#4158,0.123535050372);
#4158 = AXIS2_PLACEMENT_3D('',#4159,#4160,#4161);
#4159 = CARTESIAN_POINT('',(-35.02067401963,-31.62225779506,2.1));
#4160 = DIRECTION('',(0.,0.,-1.));
#4161 = DIRECTION('',(-0.962784493544,-0.27027027027,-0.));
#4162 = ORIENTED_EDGE('',*,*,#3953,.F.);
#4163 = CONICAL_SURFACE('',#4164,0.487505284638,0.349065850399);
#4164 = AXIS2_PLACEMENT_3D('',#4165,#4166,#4167);
#4165 = CARTESIAN_POINT('',(-35.02067401963,-31.62225779506,1.1));
#4166 = DIRECTION('',(-0.,-0.,-1.));
#4167 = DIRECTION('',(-0.962784493544,-0.27027027027,-0.));
#4168 = ADVANCED_FACE('',(#4169),#4180,.F.);
#4169 = FACE_BOUND('',#4170,.T.);
#4170 = EDGE_LOOP('',(#4171,#4172,#4173,#4174));
#4171 = ORIENTED_EDGE('',*,*,#3281,.F.);
#4172 = ORIENTED_EDGE('',*,*,#829,.T.);
#4173 = ORIENTED_EDGE('',*,*,#3449,.T.);
#4174 = ORIENTED_EDGE('',*,*,#4175,.F.);
#4175 = EDGE_CURVE('',#3272,#3431,#4176,.T.);
#4176 = LINE('',#4177,#4178);
#4177 = CARTESIAN_POINT('',(-36.5,23.5,1.6));
#4178 = VECTOR('',#4179,1.);
#4179 = DIRECTION('',(0.,-1.,0.));
#4180 = PLANE('',#4181);
#4181 = AXIS2_PLACEMENT_3D('',#4182,#4183,#4184);
#4182 = CARTESIAN_POINT('',(-36.75,23.5,1.35));
#4183 = DIRECTION('',(0.707106781187,0.,-0.707106781187));
#4184 = DIRECTION('',(0.,1.,0.));
#4185 = ADVANCED_FACE('',(#4186),#4210,.T.);
#4186 = FACE_BOUND('',#4187,.T.);
#4187 = EDGE_LOOP('',(#4188,#4189,#4196,#4205));
#4188 = ORIENTED_EDGE('',*,*,#862,.T.);
#4189 = ORIENTED_EDGE('',*,*,#4190,.T.);
#4190 = EDGE_CURVE('',#865,#4191,#4193,.T.);
#4191 = VERTEX_POINT('',#4192);
#4192 = CARTESIAN_POINT('',(34.987670916127,-31.74130276064,2.1));
#4193 = B_SPLINE_CURVE_WITH_KNOTS('',1,(#4194,#4195),.UNSPECIFIED.,.F.,
  .F.,(2,2),(0.,1.),.PIECEWISE_BEZIER_KNOTS.);
#4194 = CARTESIAN_POINT('',(34.890434162032,-32.0920438975,1.1));
#4195 = CARTESIAN_POINT('',(34.987670916127,-31.74130276064,2.1));
#4196 = ORIENTED_EDGE('',*,*,#4197,.F.);
#4197 = EDGE_CURVE('',#4198,#4191,#4200,.T.);
#4198 = VERTEX_POINT('',#4199);
#4199 = CARTESIAN_POINT('',(35.057226675241,-31.50425435427,2.1));
#4200 = CIRCLE('',#4201,0.123535050372);
#4201 = AXIS2_PLACEMENT_3D('',#4202,#4203,#4204);
#4202 = CARTESIAN_POINT('',(35.020674019635,-31.62225779506,2.1));
#4203 = DIRECTION('',(-0.,0.,1.));
#4204 = DIRECTION('',(0.962784493544,-0.27027027027,0.));
#4205 = ORIENTED_EDGE('',*,*,#4206,.F.);
#4206 = EDGE_CURVE('',#863,#4198,#4207,.T.);
#4207 = B_SPLINE_CURVE_WITH_KNOTS('',1,(#4208,#4209),.UNSPECIFIED.,.F.,
  .F.,(2,2),(0.,1.),.PIECEWISE_BEZIER_KNOTS.);
#4208 = CARTESIAN_POINT('',(35.16492144352,-31.15658185275,1.1));
#4209 = CARTESIAN_POINT('',(35.057226675241,-31.50425435427,2.1));
#4210 = CONICAL_SURFACE('',#4211,0.487505284638,0.349065850399);
#4211 = AXIS2_PLACEMENT_3D('',#4212,#4213,#4214);
#4212 = CARTESIAN_POINT('',(35.020674019635,-31.62225779506,1.1));
#4213 = DIRECTION('',(0.,0.,-1.));
#4214 = DIRECTION('',(0.962784493544,-0.27027027027,0.));
#4215 = ADVANCED_FACE('',(#4216),#4329,.F.);
#4216 = FACE_BOUND('',#4217,.T.);
#4217 = EDGE_LOOP('',(#4218,#4219,#4226,#4293,#4312,#4321,#4328));
#4218 = ORIENTED_EDGE('',*,*,#891,.F.);
#4219 = ORIENTED_EDGE('',*,*,#4220,.T.);
#4220 = EDGE_CURVE('',#883,#4221,#4223,.T.);
#4221 = VERTEX_POINT('',#4222);
#4222 = CARTESIAN_POINT('',(33.970119270189,-32.09670872154,
    1.207504989793));
#4223 = B_SPLINE_CURVE_WITH_KNOTS('',1,(#4224,#4225),.UNSPECIFIED.,.F.,
  .F.,(2,2),(0.,1.),.PIECEWISE_BEZIER_KNOTS.);
#4224 = CARTESIAN_POINT('',(33.983955379637,-32.13330941403,1.1));
#4225 = CARTESIAN_POINT('',(33.855253358697,-31.79285365885,2.1));
#4226 = ORIENTED_EDGE('',*,*,#4227,.T.);
#4227 = EDGE_CURVE('',#4221,#4228,#4230,.T.);
#4228 = VERTEX_POINT('',#4229);
#4229 = CARTESIAN_POINT('',(36.,-33.5,1.2082963583));
#4230 = B_SPLINE_CURVE_WITH_KNOTS('',6,(#4231,#4232,#4233,#4234,#4235,
    #4236,#4237,#4238,#4239,#4240,#4241,#4242,#4243,#4244,#4245,#4246,
    #4247,#4248,#4249,#4250,#4251,#4252,#4253,#4254,#4255,#4256,#4257,
    #4258,#4259,#4260,#4261,#4262,#4263,#4264,#4265,#4266,#4267,#4268,
    #4269,#4270,#4271,#4272,#4273,#4274,#4275,#4276,#4277,#4278,#4279,
    #4280,#4281,#4282,#4283,#4284,#4285,#4286,#4287,#4288,#4289,#4290,
    #4291,#4292),.UNSPECIFIED.,.F.,.F.,(7,5,5,5,5,5,5,5,5,5,5,5,7),(0.,
    4.925365017487E-02,7.287493429635E-02,8.393161352259E-02,
    9.498823154515E-02,0.208563618996,0.321629429749,0.434689249435,
    0.547745618821,0.660801945885,0.773861649323,0.886927298907,1.),
  .UNSPECIFIED.);
#4231 = CARTESIAN_POINT('',(33.970119270189,-32.09670872154,
    1.207504989792));
#4232 = CARTESIAN_POINT('',(33.920001916588,-32.1156329608,
    1.207560385616));
#4233 = CARTESIAN_POINT('',(33.870695195817,-32.13670524751,
    1.207618317435));
#4234 = CARTESIAN_POINT('',(33.822314710538,-32.15988192646,
    1.207678657309));
#4235 = CARTESIAN_POINT('',(33.774972104756,-32.1851115014,
    1.207741268622));
#4236 = CARTESIAN_POINT('',(33.728775063815,-32.21233463502,
    1.207806006083));
#4237 = CARTESIAN_POINT('',(33.662271073277,-32.25546380222,
    1.207904708627));
#4238 = CARTESIAN_POINT('',(33.641002117964,-32.26988655528,
    1.207937155209));
#4239 = CARTESIAN_POINT('',(33.620031845707,-32.28474502141,
    1.207970038542));
#4240 = CARTESIAN_POINT('',(33.599371381504,-32.30003143728,
    1.208003341332));
#4241 = CARTESIAN_POINT('',(33.579031578107,-32.31573766299,
    1.208037045919));
#4242 = CARTESIAN_POINT('',(33.549657384098,-32.3393994899,
    1.208087090385));
#4243 = CARTESIAN_POINT('',(33.540364325988,-32.34703391298,
    1.208103130586));
#4244 = CARTESIAN_POINT('',(33.53114492583,-32.35475757863,
    1.208119253024));
#4245 = CARTESIAN_POINT('',(33.522000253367,-32.36256959707,
    1.208135455836));
#4246 = CARTESIAN_POINT('',(33.512931363947,-32.37046906153,
    1.208151737143));
#4247 = CARTESIAN_POINT('',(33.494947282876,-32.38644099059,
    1.208184452869));
#4248 = CARTESIAN_POINT('',(33.486032090171,-32.39451345441,
    1.208200887287));
#4249 = CARTESIAN_POINT('',(33.477194761338,-32.4026715158,
    1.208217396412));
#4250 = CARTESIAN_POINT('',(33.468436322112,-32.4109142346,
    1.208233978335));
#4251 = CARTESIAN_POINT('',(33.459757783027,-32.41924065432,
    1.208250631135));
#4252 = CARTESIAN_POINT('',(33.362843739091,-32.51402994287,
    1.208439121318));
#4253 = CARTESIAN_POINT('',(33.28305627214,-32.60914615095,
    1.208618177687));
#4254 = CARTESIAN_POINT('',(33.21289425174,-32.71193149171,
    1.208802395729));
#4255 = CARTESIAN_POINT('',(33.153246319391,-32.82115633131,
    1.208989542205));
#4256 = CARTESIAN_POINT('',(33.104804771511,-32.93547055563,
    1.209177329545));
#4257 = CARTESIAN_POINT('',(33.031405275398,-33.17082512422,
    1.209548741447));
#4258 = CARTESIAN_POINT('',(33.006337243169,-33.29185124994,
    1.209732409723));
#4259 = CARTESIAN_POINT('',(32.993271603956,-33.4150508052,
    1.209912183373));
#4260 = CARTESIAN_POINT('',(32.992406042007,-33.53893978894,
    1.210085874589));
#4261 = CARTESIAN_POINT('',(33.003712092253,-33.66202123542,
    1.210251408597));
#4262 = CARTESIAN_POINT('',(33.05009121593,-33.90359794138,
    1.210562344799));
#4263 = CARTESIAN_POINT('',(33.085166614695,-34.02211211642,
    1.210707772093));
#4264 = CARTESIAN_POINT('',(33.131847576176,-34.13687191039,
    1.210841252846));
#4265 = CARTESIAN_POINT('',(33.189607158143,-34.24647589999,1.2109611341
    ));
#4266 = CARTESIAN_POINT('',(33.257712947355,-34.34961813629,
    1.211066014857));
#4267 = CARTESIAN_POINT('',(33.412706953556,-34.54063490548,
    1.211243603623));
#4268 = CARTESIAN_POINT('',(33.499606583662,-34.62852467656,
    1.211316326348));
#4269 = CARTESIAN_POINT('',(33.594961477606,-34.70762253762,
    1.211371885464));
#4270 = CARTESIAN_POINT('',(33.697644958613,-34.77694233526,
    1.211409553683));
#4271 = CARTESIAN_POINT('',(33.806394409923,-34.83567920878,
    1.211428934856));
#4272 = CARTESIAN_POINT('',(34.03323770504,-34.93082515075,
    1.211431106579));
#4273 = CARTESIAN_POINT('',(34.151349092013,-34.96724158725,
    1.211413897311));
#4274 = CARTESIAN_POINT('',(34.272759072416,-34.99191436807,
    1.21137837455));
#4275 = CARTESIAN_POINT('',(34.396008658134,-35.00450681066,
    1.211324908421));
#4276 = CARTESIAN_POINT('',(34.519604794851,-35.00490625561,
    1.211254201157));
#4277 = CARTESIAN_POINT('',(34.764488293904,-34.98161197083,
    1.211080441465));
#4278 = CARTESIAN_POINT('',(34.88579452653,-34.95791571986,
    1.210977374632));
#4279 = CARTESIAN_POINT('',(35.004459894328,-34.92231047991,
    1.210859183118));
#4280 = CARTESIAN_POINT('',(35.119039504041,-34.87518895799,
    1.210727247073));
#4281 = CARTESIAN_POINT('',(35.228164344047,-34.81715734674,
    1.210583201288));
#4282 = CARTESIAN_POINT('',(35.432999745137,-34.68094870962,
    1.210274672363));
#4283 = CARTESIAN_POINT('',(35.528725435128,-34.60276009463,
    1.210110164298));
#4284 = CARTESIAN_POINT('',(35.616497483408,-34.51532270548,
    1.20993730643));
#4285 = CARTESIAN_POINT('',(35.695228048896,-34.41966529133,
    1.209758162802));
#4286 = CARTESIAN_POINT('',(35.763997022277,-34.31696884533,
    1.209574914251));
#4287 = CARTESIAN_POINT('',(35.880196090183,-34.10015598476,
    1.209204739721));
#4288 = CARTESIAN_POINT('',(35.927633830512,-33.98602210813,
    1.209017784915));
#4289 = CARTESIAN_POINT('',(35.963692305183,-33.86749366562,
    1.208831239684));
#4290 = CARTESIAN_POINT('',(35.987898724157,-33.74599118356,
    1.208647363348));
#4291 = CARTESIAN_POINT('',(36.,-33.62299012262,1.208468366147));
#4292 = CARTESIAN_POINT('',(36.,-33.5,1.2082963583));
#4293 = ORIENTED_EDGE('',*,*,#4294,.T.);
#4294 = EDGE_CURVE('',#4228,#4295,#4297,.T.);
#4295 = VERTEX_POINT('',#4296);
#4296 = CARTESIAN_POINT('',(35.,-32.08578643762,1.206895291019));
#4297 = B_SPLINE_CURVE_WITH_KNOTS('',7,(#4298,#4299,#4300,#4301,#4302,
    #4303,#4304,#4305,#4306,#4307,#4308,#4309,#4310,#4311),
  .UNSPECIFIED.,.F.,.F.,(8,6,8),(0.,0.315516743404,1.),.UNSPECIFIED.);
#4298 = CARTESIAN_POINT('',(36.,-33.5,1.2082963583));
#4299 = CARTESIAN_POINT('',(36.,-33.4167780978,1.2081799683));
#4300 = CARTESIAN_POINT('',(35.994613045679,-33.33355630769,1.208066683)
  );
#4301 = CARTESIAN_POINT('',(35.983839754605,-33.25075537645,
    1.207957090844));
#4302 = CARTESIAN_POINT('',(35.967720969142,-33.16879251599,
    1.20785175223));
#4303 = CARTESIAN_POINT('',(35.946337511698,-33.08807879281,
    1.207751195964));
#4304 = CARTESIAN_POINT('',(35.919809939967,-33.0090165174,
    1.207655915726));
#4305 = CARTESIAN_POINT('',(35.81993683197,-32.76490939677,1.20737209813
    ));
#4306 = CARTESIAN_POINT('',(35.728077838231,-32.6073327651,
    1.207204683396));
#4307 = CARTESIAN_POINT('',(35.61436281894,-32.46340241796,1.20706896527
    ));
#4308 = CARTESIAN_POINT('',(35.48131815377,-32.3366631313,1.206968449974
    ));
#4309 = CARTESIAN_POINT('',(35.332042629128,-32.23006597574,
    1.206905481535));
#4310 = CARTESIAN_POINT('',(35.170199834741,-32.14596116627,
    1.206881234999));
#4311 = CARTESIAN_POINT('',(35.,-32.08578643762,1.206895291019));
#4312 = ORIENTED_EDGE('',*,*,#4313,.T.);
#4313 = EDGE_CURVE('',#4295,#4314,#4316,.T.);
#4314 = VERTEX_POINT('',#4315);
#4315 = CARTESIAN_POINT('',(35.,-31.74476742887,2.1));
#4316 = HYPERBOLA('',#4317,1.372873362193,0.499685039255);
#4317 = AXIS2_PLACEMENT_3D('',#4318,#4319,#4320);
#4318 = CARTESIAN_POINT('',(35.,-33.49923661431,-2.912054957164));
#4319 = DIRECTION('',(-1.,-1.936E-14,0.));
#4320 = DIRECTION('',(0.,0.,1.));
#4321 = ORIENTED_EDGE('',*,*,#4322,.T.);
#4322 = EDGE_CURVE('',#4314,#4191,#4323,.T.);
#4323 = CIRCLE('',#4324,1.824238816914);
#4324 = AXIS2_PLACEMENT_3D('',#4325,#4326,#4327);
#4325 = CARTESIAN_POINT('',(34.500314960745,-33.49923661431,2.1));
#4326 = DIRECTION('',(0.,0.,1.));
#4327 = DIRECTION('',(-1.,0.,0.));
#4328 = ORIENTED_EDGE('',*,*,#4190,.F.);
#4329 = CONICAL_SURFACE('',#4330,1.460268582648,0.349065850399);
#4330 = AXIS2_PLACEMENT_3D('',#4331,#4332,#4333);
#4331 = CARTESIAN_POINT('',(34.500314960745,-33.49923661431,1.1));
#4332 = DIRECTION('',(0.,0.,1.));
#4333 = DIRECTION('',(-1.,0.,0.));
#4334 = ADVANCED_FACE('',(#4335),#4384,.T.);
#4335 = FACE_BOUND('',#4336,.T.);
#4336 = EDGE_LOOP('',(#4337,#4338,#4339,#4346,#4355,#4367,#4376));
#4337 = ORIENTED_EDGE('',*,*,#4220,.F.);
#4338 = ORIENTED_EDGE('',*,*,#882,.T.);
#4339 = ORIENTED_EDGE('',*,*,#4340,.T.);
#4340 = EDGE_CURVE('',#874,#4341,#4343,.T.);
#4341 = VERTEX_POINT('',#4342);
#4342 = CARTESIAN_POINT('',(33.757785511975,-31.51982597845,2.1));
#4343 = B_SPLINE_CURVE_WITH_KNOTS('',1,(#4344,#4345),.UNSPECIFIED.,.F.,
  .F.,(2,2),(0.,1.),.PIECEWISE_BEZIER_KNOTS.);
#4344 = CARTESIAN_POINT('',(33.641790321282,-31.17483402613,1.1));
#4345 = CARTESIAN_POINT('',(33.757785511975,-31.51982597845,2.1));
#4346 = ORIENTED_EDGE('',*,*,#4347,.F.);
#4347 = EDGE_CURVE('',#4348,#4341,#4350,.T.);
#4348 = VERTEX_POINT('',#4349);
#4349 = CARTESIAN_POINT('',(33.920902132732,-31.74297249306,2.1));
#4350 = CIRCLE('',#4351,0.144976703119);
#4351 = AXIS2_PLACEMENT_3D('',#4352,#4353,#4354);
#4352 = CARTESIAN_POINT('',(33.803988741638,-31.65724324817,2.1));
#4353 = DIRECTION('',(0.,0.,1.));
#4354 = DIRECTION('',(-0.962784493544,-0.27027027027,0.));
#4355 = ORIENTED_EDGE('',*,*,#4356,.F.);
#4356 = EDGE_CURVE('',#4357,#4348,#4359,.T.);
#4357 = VERTEX_POINT('',#4358);
#4358 = CARTESIAN_POINT('',(34.,-31.71884868694,1.933811259379));
#4359 = B_SPLINE_CURVE_WITH_KNOTS('',6,(#4360,#4361,#4362,#4363,#4364,
    #4365,#4366),.UNSPECIFIED.,.F.,.F.,(7,7),(0.,1.),
  .PIECEWISE_BEZIER_KNOTS.);
#4360 = CARTESIAN_POINT('',(34.,-31.71884868694,1.933811259372));
#4361 = CARTESIAN_POINT('',(33.985369587419,-31.72295569696,
    1.968775265664));
#4362 = CARTESIAN_POINT('',(33.971036806307,-31.72713465365,
    2.001793110876));
#4363 = CARTESIAN_POINT('',(33.95728445674,-31.73129645609,
    2.031899457988));
#4364 = CARTESIAN_POINT('',(33.944318479159,-31.73535124077,
    2.058371161235));
#4365 = CARTESIAN_POINT('',(33.932189121529,-31.73925241975,
    2.08103592815));
#4366 = CARTESIAN_POINT('',(33.920902132732,-31.74297249306,2.1));
#4367 = ORIENTED_EDGE('',*,*,#4368,.T.);
#4368 = EDGE_CURVE('',#4357,#4369,#4371,.T.);
#4369 = VERTEX_POINT('',#4370);
#4370 = CARTESIAN_POINT('',(33.999999999999,-32.08578643762,
    1.203591551531));
#4371 = HYPERBOLA('',#4372,0.538536506309,0.196011258362);
#4372 = AXIS2_PLACEMENT_3D('',#4373,#4374,#4375);
#4373 = CARTESIAN_POINT('',(34.,-31.65724324817,2.498320218166));
#4374 = DIRECTION('',(-1.,3.776E-12,0.));
#4375 = DIRECTION('',(0.,0.,-1.));
#4376 = ORIENTED_EDGE('',*,*,#4377,.T.);
#4377 = EDGE_CURVE('',#4369,#4221,#4378,.T.);
#4378 = B_SPLINE_CURVE_WITH_KNOTS('',4,(#4379,#4380,#4381,#4382,#4383),
  .UNSPECIFIED.,.F.,.F.,(5,5),(0.,1.),.PIECEWISE_BEZIER_KNOTS.);
#4379 = CARTESIAN_POINT('',(33.999999999999,-32.08578643762,
    1.203591551528));
#4380 = CARTESIAN_POINT('',(33.992501144334,-32.08843768347,
    1.205537039304));
#4381 = CARTESIAN_POINT('',(33.985021023663,-32.09114194942,
    1.206840767676));
#4382 = CARTESIAN_POINT('',(33.977560211049,-32.09389903318,
    1.207496765156));
#4383 = CARTESIAN_POINT('',(33.970119270189,-32.09670872154,
    1.207504989793));
#4384 = CONICAL_SURFACE('',#4385,0.508946937385,0.349065850399);
#4385 = AXIS2_PLACEMENT_3D('',#4386,#4387,#4388);
#4386 = CARTESIAN_POINT('',(33.803988741638,-31.65724324817,1.1));
#4387 = DIRECTION('',(0.,0.,-1.));
#4388 = DIRECTION('',(-0.962784493544,-0.27027027027,0.));
#4389 = ADVANCED_FACE('',(#4390),#4402,.T.);
#4390 = FACE_BOUND('',#4391,.T.);
#4391 = EDGE_LOOP('',(#4392,#4393,#4394,#4401));
#4392 = ORIENTED_EDGE('',*,*,#873,.T.);
#4393 = ORIENTED_EDGE('',*,*,#4206,.T.);
#4394 = ORIENTED_EDGE('',*,*,#4395,.F.);
#4395 = EDGE_CURVE('',#4341,#4198,#4396,.T.);
#4396 = CIRCLE('',#4397,2.114345707706);
#4397 = AXIS2_PLACEMENT_3D('',#4398,#4399,#4400);
#4398 = CARTESIAN_POINT('',(34.431615156455,-33.52392462421,2.1));
#4399 = DIRECTION('',(0.,0.,1.));
#4400 = DIRECTION('',(-1.,0.,0.));
#4401 = ORIENTED_EDGE('',*,*,#4340,.F.);
#4402 = CONICAL_SURFACE('',#4403,2.478315941972,0.349065850399);
#4403 = AXIS2_PLACEMENT_3D('',#4404,#4405,#4406);
#4404 = CARTESIAN_POINT('',(34.431615156455,-33.52392462421,1.1));
#4405 = DIRECTION('',(0.,0.,-1.));
#4406 = DIRECTION('',(-1.,0.,0.));
#4407 = ADVANCED_FACE('',(#4408),#4435,.F.);
#4408 = FACE_BOUND('',#4409,.F.);
#4409 = EDGE_LOOP('',(#4410,#4420,#4426,#4427,#4428,#4429));
#4410 = ORIENTED_EDGE('',*,*,#4411,.F.);
#4411 = EDGE_CURVE('',#4412,#4414,#4416,.T.);
#4412 = VERTEX_POINT('',#4413);
#4413 = CARTESIAN_POINT('',(36.5,-24.49999999998,1.6));
#4414 = VERTEX_POINT('',#4415);
#4415 = CARTESIAN_POINT('',(36.5,-24.49999999998,2.1));
#4416 = LINE('',#4417,#4418);
#4417 = CARTESIAN_POINT('',(36.5,-24.49999999998,1.1));
#4418 = VECTOR('',#4419,1.);
#4419 = DIRECTION('',(0.,0.,1.));
#4420 = ORIENTED_EDGE('',*,*,#4421,.F.);
#4421 = EDGE_CURVE('',#903,#4412,#4422,.T.);
#4422 = LINE('',#4423,#4424);
#4423 = CARTESIAN_POINT('',(36.5,-24.49999999998,1.6));
#4424 = VECTOR('',#4425,1.);
#4425 = DIRECTION('',(-0.707106781187,0.,0.707106781187));
#4426 = ORIENTED_EDGE('',*,*,#900,.F.);
#4427 = ORIENTED_EDGE('',*,*,#910,.F.);
#4428 = ORIENTED_EDGE('',*,*,#3078,.T.);
#4429 = ORIENTED_EDGE('',*,*,#4430,.T.);
#4430 = EDGE_CURVE('',#3079,#4414,#4431,.T.);
#4431 = LINE('',#4432,#4433);
#4432 = CARTESIAN_POINT('',(35.5,-24.49999999998,2.1));
#4433 = VECTOR('',#4434,1.);
#4434 = DIRECTION('',(1.,0.,0.));
#4435 = PLANE('',#4436);
#4436 = AXIS2_PLACEMENT_3D('',#4437,#4438,#4439);
#4437 = CARTESIAN_POINT('',(35.5,-24.49999999998,1.1));
#4438 = DIRECTION('',(0.,1.,0.));
#4439 = DIRECTION('',(1.,0.,0.));
#4440 = ADVANCED_FACE('',(#4441),#4459,.F.);
#4441 = FACE_BOUND('',#4442,.T.);
#4442 = EDGE_LOOP('',(#4443,#4444,#4445,#4453));
#4443 = ORIENTED_EDGE('',*,*,#4421,.F.);
#4444 = ORIENTED_EDGE('',*,*,#990,.T.);
#4445 = ORIENTED_EDGE('',*,*,#4446,.T.);
#4446 = EDGE_CURVE('',#983,#4447,#4449,.T.);
#4447 = VERTEX_POINT('',#4448);
#4448 = CARTESIAN_POINT('',(36.5,23.5,1.6));
#4449 = LINE('',#4450,#4451);
#4450 = CARTESIAN_POINT('',(36.75,23.5,1.35));
#4451 = VECTOR('',#4452,1.);
#4452 = DIRECTION('',(-0.707106781187,0.,0.707106781187));
#4453 = ORIENTED_EDGE('',*,*,#4454,.F.);
#4454 = EDGE_CURVE('',#4412,#4447,#4455,.T.);
#4455 = LINE('',#4456,#4457);
#4456 = CARTESIAN_POINT('',(36.5,-24.49999999998,1.6));
#4457 = VECTOR('',#4458,1.);
#4458 = DIRECTION('',(0.,1.,0.));
#4459 = PLANE('',#4460);
#4460 = AXIS2_PLACEMENT_3D('',#4461,#4462,#4463);
#4461 = CARTESIAN_POINT('',(36.75,-24.49999999998,1.35));
#4462 = DIRECTION('',(-0.707106781187,0.,-0.707106781187));
#4463 = DIRECTION('',(-0.,-1.,-0.));
#4464 = ADVANCED_FACE('',(#4465),#4471,.T.);
#4465 = FACE_BOUND('',#4466,.T.);
#4466 = EDGE_LOOP('',(#4467,#4468,#4469,#4470));
#4467 = ORIENTED_EDGE('',*,*,#3017,.T.);
#4468 = ORIENTED_EDGE('',*,*,#918,.T.);
#4469 = ORIENTED_EDGE('',*,*,#3072,.F.);
#4470 = ORIENTED_EDGE('',*,*,#3049,.F.);
#4471 = PLANE('',#4472);
#4472 = AXIS2_PLACEMENT_3D('',#4473,#4474,#4475);
#4473 = CARTESIAN_POINT('',(14.8,-24.5,0.));
#4474 = DIRECTION('',(0.,1.,0.));
#4475 = DIRECTION('',(1.,0.,0.));
#4476 = ADVANCED_FACE('',(#4477),#4497,.F.);
#4477 = FACE_BOUND('',#4478,.F.);
#4478 = EDGE_LOOP('',(#4479,#4487,#4493,#4494,#4495,#4496));
#4479 = ORIENTED_EDGE('',*,*,#4480,.T.);
#4480 = EDGE_CURVE('',#4447,#4481,#4483,.T.);
#4481 = VERTEX_POINT('',#4482);
#4482 = CARTESIAN_POINT('',(36.5,23.5,2.1));
#4483 = LINE('',#4484,#4485);
#4484 = CARTESIAN_POINT('',(36.5,23.5,1.1));
#4485 = VECTOR('',#4486,1.);
#4486 = DIRECTION('',(0.,0.,1.));
#4487 = ORIENTED_EDGE('',*,*,#4488,.T.);
#4488 = EDGE_CURVE('',#4481,#3203,#4489,.T.);
#4489 = LINE('',#4490,#4491);
#4490 = CARTESIAN_POINT('',(36.5,23.5,2.1));
#4491 = VECTOR('',#4492,1.);
#4492 = DIRECTION('',(-1.,0.,0.));
#4493 = ORIENTED_EDGE('',*,*,#3210,.F.);
#4494 = ORIENTED_EDGE('',*,*,#974,.F.);
#4495 = ORIENTED_EDGE('',*,*,#982,.T.);
#4496 = ORIENTED_EDGE('',*,*,#4446,.T.);
#4497 = PLANE('',#4498);
#4498 = AXIS2_PLACEMENT_3D('',#4499,#4500,#4501);
#4499 = CARTESIAN_POINT('',(36.5,23.5,1.1));
#4500 = DIRECTION('',(0.,-1.,0.));
#4501 = DIRECTION('',(-1.,0.,0.));
#4502 = ADVANCED_FACE('',(#4503),#4522,.F.);
#4503 = FACE_BOUND('',#4504,.F.);
#4504 = EDGE_LOOP('',(#4505,#4513,#4519,#4520,#4521));
#4505 = ORIENTED_EDGE('',*,*,#4506,.T.);
#4506 = EDGE_CURVE('',#935,#4507,#4509,.T.);
#4507 = VERTEX_POINT('',#4508);
#4508 = CARTESIAN_POINT('',(13.8,-24.5,1.6));
#4509 = LINE('',#4510,#4511);
#4510 = CARTESIAN_POINT('',(13.55,-24.5,1.35));
#4511 = VECTOR('',#4512,1.);
#4512 = DIRECTION('',(0.707106781187,0.,0.707106781187));
#4513 = ORIENTED_EDGE('',*,*,#4514,.T.);
#4514 = EDGE_CURVE('',#4507,#3004,#4515,.T.);
#4515 = LINE('',#4516,#4517);
#4516 = CARTESIAN_POINT('',(13.8,-24.5,1.6));
#4517 = VECTOR('',#4518,1.);
#4518 = DIRECTION('',(1.,0.,0.));
#4519 = ORIENTED_EDGE('',*,*,#3011,.F.);
#4520 = ORIENTED_EDGE('',*,*,#926,.F.);
#4521 = ORIENTED_EDGE('',*,*,#934,.T.);
#4522 = PLANE('',#4523);
#4523 = AXIS2_PLACEMENT_3D('',#4524,#4525,#4526);
#4524 = CARTESIAN_POINT('',(13.8,-24.5,1.1));
#4525 = DIRECTION('',(0.,1.,0.));
#4526 = DIRECTION('',(1.,0.,0.));
#4527 = ADVANCED_FACE('',(#4528),#4534,.T.);
#4528 = FACE_BOUND('',#4529,.T.);
#4529 = EDGE_LOOP('',(#4530,#4531,#4532,#4533));
#4530 = ORIENTED_EDGE('',*,*,#3216,.T.);
#4531 = ORIENTED_EDGE('',*,*,#966,.T.);
#4532 = ORIENTED_EDGE('',*,*,#2971,.F.);
#4533 = ORIENTED_EDGE('',*,*,#3243,.F.);
#4534 = PLANE('',#4535);
#4535 = AXIS2_PLACEMENT_3D('',#4536,#4537,#4538);
#4536 = CARTESIAN_POINT('',(35.5,23.5,0.));
#4537 = DIRECTION('',(0.,-1.,0.));
#4538 = DIRECTION('',(-1.,0.,0.));
#4539 = ADVANCED_FACE('',(#4540),#4558,.T.);
#4540 = FACE_BOUND('',#4541,.T.);
#4541 = EDGE_LOOP('',(#4542,#4550,#4551,#4552));
#4542 = ORIENTED_EDGE('',*,*,#4543,.F.);
#4543 = EDGE_CURVE('',#943,#4544,#4546,.T.);
#4544 = VERTEX_POINT('',#4545);
#4545 = CARTESIAN_POINT('',(13.8,23.5,1.6));
#4546 = LINE('',#4547,#4548);
#4547 = CARTESIAN_POINT('',(13.8,23.5,1.6));
#4548 = VECTOR('',#4549,1.);
#4549 = DIRECTION('',(0.707106781187,0.,0.707106781187));
#4550 = ORIENTED_EDGE('',*,*,#942,.T.);
#4551 = ORIENTED_EDGE('',*,*,#4506,.T.);
#4552 = ORIENTED_EDGE('',*,*,#4553,.F.);
#4553 = EDGE_CURVE('',#4544,#4507,#4554,.T.);
#4554 = LINE('',#4555,#4556);
#4555 = CARTESIAN_POINT('',(13.8,23.5,1.6));
#4556 = VECTOR('',#4557,1.);
#4557 = DIRECTION('',(0.,-1.,0.));
#4558 = PLANE('',#4559);
#4559 = AXIS2_PLACEMENT_3D('',#4560,#4561,#4562);
#4560 = CARTESIAN_POINT('',(13.55,23.5,1.35));
#4561 = DIRECTION('',(-0.707106781187,0.,0.707106781187));
#4562 = DIRECTION('',(0.,-1.,0.));
#4563 = ADVANCED_FACE('',(#4564),#4576,.F.);
#4564 = FACE_BOUND('',#4565,.F.);
#4565 = EDGE_LOOP('',(#4566,#4567,#4568,#4569,#4570));
#4566 = ORIENTED_EDGE('',*,*,#4543,.F.);
#4567 = ORIENTED_EDGE('',*,*,#950,.F.);
#4568 = ORIENTED_EDGE('',*,*,#958,.F.);
#4569 = ORIENTED_EDGE('',*,*,#2979,.T.);
#4570 = ORIENTED_EDGE('',*,*,#4571,.T.);
#4571 = EDGE_CURVE('',#2980,#4544,#4572,.T.);
#4572 = LINE('',#4573,#4574);
#4573 = CARTESIAN_POINT('',(14.8,23.5,1.6));
#4574 = VECTOR('',#4575,1.);
#4575 = DIRECTION('',(-1.,0.,0.));
#4576 = PLANE('',#4577);
#4577 = AXIS2_PLACEMENT_3D('',#4578,#4579,#4580);
#4578 = CARTESIAN_POINT('',(14.8,23.5,1.1));
#4579 = DIRECTION('',(0.,-1.,0.));
#4580 = DIRECTION('',(-1.,0.,0.));
#4581 = ADVANCED_FACE('',(#4582),#4606,.T.);
#4582 = FACE_BOUND('',#4583,.T.);
#4583 = EDGE_LOOP('',(#4584,#4585,#4592,#4601));
#4584 = ORIENTED_EDGE('',*,*,#998,.T.);
#4585 = ORIENTED_EDGE('',*,*,#4586,.T.);
#4586 = EDGE_CURVE('',#1001,#4587,#4589,.T.);
#4587 = VERTEX_POINT('',#4588);
#4588 = CARTESIAN_POINT('',(-34.98767091612,31.741302760643,2.1));
#4589 = B_SPLINE_CURVE_WITH_KNOTS('',1,(#4590,#4591),.UNSPECIFIED.,.F.,
  .F.,(2,2),(0.,1.),.PIECEWISE_BEZIER_KNOTS.);
#4590 = CARTESIAN_POINT('',(-34.89043416203,32.092043897502,1.1));
#4591 = CARTESIAN_POINT('',(-34.98767091612,31.741302760643,2.1));
#4592 = ORIENTED_EDGE('',*,*,#4593,.F.);
#4593 = EDGE_CURVE('',#4594,#4587,#4596,.T.);
#4594 = VERTEX_POINT('',#4595);
#4595 = CARTESIAN_POINT('',(-35.05722667524,31.504254354276,2.1));
#4596 = CIRCLE('',#4597,0.123535050372);
#4597 = AXIS2_PLACEMENT_3D('',#4598,#4599,#4600);
#4598 = CARTESIAN_POINT('',(-35.02067401963,31.622257795067,2.1));
#4599 = DIRECTION('',(0.,0.,1.));
#4600 = DIRECTION('',(-0.962784493544,0.27027027027,0.));
#4601 = ORIENTED_EDGE('',*,*,#4602,.F.);
#4602 = EDGE_CURVE('',#999,#4594,#4603,.T.);
#4603 = B_SPLINE_CURVE_WITH_KNOTS('',1,(#4604,#4605),.UNSPECIFIED.,.F.,
  .F.,(2,2),(0.,1.),.PIECEWISE_BEZIER_KNOTS.);
#4604 = CARTESIAN_POINT('',(-35.16492144352,31.15658185275,1.1));
#4605 = CARTESIAN_POINT('',(-35.05722667524,31.504254354276,2.1));
#4606 = CONICAL_SURFACE('',#4607,0.487505284638,0.349065850399);
#4607 = AXIS2_PLACEMENT_3D('',#4608,#4609,#4610);
#4608 = CARTESIAN_POINT('',(-35.02067401963,31.622257795067,1.1));
#4609 = DIRECTION('',(-0.,-0.,-1.));
#4610 = DIRECTION('',(-0.962784493544,0.27027027027,0.));
#4611 = ADVANCED_FACE('',(#4612),#4630,.T.);
#4612 = FACE_BOUND('',#4613,.T.);
#4613 = EDGE_LOOP('',(#4614,#4615,#4616,#4625));
#4614 = ORIENTED_EDGE('',*,*,#1009,.T.);
#4615 = ORIENTED_EDGE('',*,*,#4602,.T.);
#4616 = ORIENTED_EDGE('',*,*,#4617,.F.);
#4617 = EDGE_CURVE('',#4618,#4594,#4620,.T.);
#4618 = VERTEX_POINT('',#4619);
#4619 = CARTESIAN_POINT('',(-33.75778551197,31.519825978456,2.1));
#4620 = CIRCLE('',#4621,2.114345707706);
#4621 = AXIS2_PLACEMENT_3D('',#4622,#4623,#4624);
#4622 = CARTESIAN_POINT('',(-34.43161515645,33.52392462421,2.1));
#4623 = DIRECTION('',(0.,0.,1.));
#4624 = DIRECTION('',(1.,0.,0.));
#4625 = ORIENTED_EDGE('',*,*,#4626,.F.);
#4626 = EDGE_CURVE('',#1010,#4618,#4627,.T.);
#4627 = B_SPLINE_CURVE_WITH_KNOTS('',1,(#4628,#4629),.UNSPECIFIED.,.F.,
  .F.,(2,2),(0.,1.),.PIECEWISE_BEZIER_KNOTS.);
#4628 = CARTESIAN_POINT('',(-33.64179032128,31.174834026133,1.1));
#4629 = CARTESIAN_POINT('',(-33.75778551197,31.519825978456,2.1));
#4630 = CONICAL_SURFACE('',#4631,2.478315941972,0.349065850399);
#4631 = AXIS2_PLACEMENT_3D('',#4632,#4633,#4634);
#4632 = CARTESIAN_POINT('',(-34.43161515645,33.52392462421,1.1));
#4633 = DIRECTION('',(-0.,-0.,-1.));
#4634 = DIRECTION('',(1.,0.,0.));
#4635 = ADVANCED_FACE('',(#4636),#4764,.F.);
#4636 = FACE_BOUND('',#4637,.T.);
#4637 = EDGE_LOOP('',(#4638,#4639,#4646,#4677,#4747,#4756,#4763));
#4638 = ORIENTED_EDGE('',*,*,#1027,.F.);
#4639 = ORIENTED_EDGE('',*,*,#4640,.T.);
#4640 = EDGE_CURVE('',#1019,#4641,#4643,.T.);
#4641 = VERTEX_POINT('',#4642);
#4642 = CARTESIAN_POINT('',(-33.97011927018,32.096708721549,
    1.207504989793));
#4643 = B_SPLINE_CURVE_WITH_KNOTS('',1,(#4644,#4645),.UNSPECIFIED.,.F.,
  .F.,(2,2),(0.,1.),.PIECEWISE_BEZIER_KNOTS.);
#4644 = CARTESIAN_POINT('',(-33.98395537963,32.133309414036,1.1));
#4645 = CARTESIAN_POINT('',(-33.85525335869,31.792853658852,2.1));
#4646 = ORIENTED_EDGE('',*,*,#4647,.T.);
#4647 = EDGE_CURVE('',#4641,#4648,#4650,.T.);
#4648 = VERTEX_POINT('',#4649);
#4649 = CARTESIAN_POINT('',(-33.,33.5,1.210027053144));
#4650 = B_SPLINE_CURVE_WITH_KNOTS('',4,(#4651,#4652,#4653,#4654,#4655,
    #4656,#4657,#4658,#4659,#4660,#4661,#4662,#4663,#4664,#4665,#4666,
    #4667,#4668,#4669,#4670,#4671,#4672,#4673,#4674,#4675,#4676),
  .UNSPECIFIED.,.F.,.F.,(5,3,3,3,3,3,3,3,5),(0.,0.134681523922,
    0.269360836016,0.404037680639,0.538209355058,0.653785751448,
    0.768857568017,0.884429802795,1.),.UNSPECIFIED.);
#4651 = CARTESIAN_POINT('',(-33.97011927018,32.096708721549,
    1.207504989792));
#4652 = CARTESIAN_POINT('',(-33.91296329696,32.11829073326,
    1.207568165558));
#4653 = CARTESIAN_POINT('',(-33.85697896133,32.142976853147,
    1.207635005931));
#4654 = CARTESIAN_POINT('',(-33.80241979881,32.170671385299,
    1.207705230383));
#4655 = CARTESIAN_POINT('',(-33.6966221106,32.231805792799,
    1.207851795658));
#4656 = CARTESIAN_POINT('',(-33.64538326896,32.265245724449,
    1.207928136743));
#4657 = CARTESIAN_POINT('',(-33.59603866014,32.301423091061,
    1.208007211534));
#4658 = CARTESIAN_POINT('',(-33.5015580467,32.378908460602,
    1.208170104067));
#4659 = CARTESIAN_POINT('',(-33.45642173139,32.420216560594,
    1.208253922125));
#4660 = CARTESIAN_POINT('',(-33.41359855569,32.463918623683,
    1.208339751204));
#4661 = CARTESIAN_POINT('',(-33.33308778388,32.555531553599,
    1.208514327213));
#4662 = CARTESIAN_POINT('',(-33.29538132976,32.603426241845,
    1.208603062417));
#4663 = CARTESIAN_POINT('',(-33.26032511477,32.653293973584,
    1.20869302508));
#4664 = CARTESIAN_POINT('',(-33.20026905174,32.749367872743,
    1.208862022764));
#4665 = CARTESIAN_POINT('',(-33.17454872414,32.795123796552,
    1.20894084454));
#4666 = CARTESIAN_POINT('',(-33.15099110887,32.842030214408,
    1.209020025321));
#4667 = CARTESIAN_POINT('',(-33.10843380388,32.937622194301,
    1.209178241054));
#4668 = CARTESIAN_POINT('',(-33.08941460775,32.986299221404,
    1.209257275343));
#4669 = CARTESIAN_POINT('',(-33.07267708236,33.035807516715,
    1.209336153637));
#4670 = CARTESIAN_POINT('',(-33.04379613871,33.136380084992,
    1.209493431593));
#4671 = CARTESIAN_POINT('',(-33.03167297688,33.187450322508,
    1.209571827892));
#4672 = CARTESIAN_POINT('',(-33.02194575575,33.239030887598,
    1.209649553625));
#4673 = CARTESIAN_POINT('',(-33.00733119919,33.342872724454,
    1.209803161209));
#4674 = CARTESIAN_POINT('',(-33.00244375862,33.395134123492,
    1.209879043297));
#4675 = CARTESIAN_POINT('',(-33.,33.447566949097,1.209953753684));
#4676 = CARTESIAN_POINT('',(-33.,33.5,1.210027053144));
#4677 = ORIENTED_EDGE('',*,*,#4678,.T.);
#4678 = EDGE_CURVE('',#4648,#4679,#4681,.T.);
#4679 = VERTEX_POINT('',#4680);
#4680 = CARTESIAN_POINT('',(-35.,32.085786437627,1.206895291019));
#4681 = B_SPLINE_CURVE_WITH_KNOTS('',8,(#4682,#4683,#4684,#4685,#4686,
    #4687,#4688,#4689,#4690,#4691,#4692,#4693,#4694,#4695,#4696,#4697,
    #4698,#4699,#4700,#4701,#4702,#4703,#4704,#4705,#4706,#4707,#4708,
    #4709,#4710,#4711,#4712,#4713,#4714,#4715,#4716,#4717,#4718,#4719,
    #4720,#4721,#4722,#4723,#4724,#4725,#4726,#4727,#4728,#4729,#4730,
    #4731,#4732,#4733,#4734,#4735,#4736,#4737,#4738,#4739,#4740,#4741,
    #4742,#4743,#4744,#4745,#4746),.UNSPECIFIED.,.F.,.F.,(9,7,7,7,7,7,7,
    7,7,9),(0.,0.272844875283,0.537768110173,0.556548631026,
    0.57677402128,0.616503117598,0.695963592453,0.787708116606,
    0.848392010003,1.),.UNSPECIFIED.);
#4682 = CARTESIAN_POINT('',(-33.,33.5,1.210027053144));
#4683 = CARTESIAN_POINT('',(-33.,33.723620912507,1.210339666884));
#4684 = CARTESIAN_POINT('',(-33.03810042115,33.947662453191,
    1.210630866099));
#4685 = CARTESIAN_POINT('',(-33.11454874145,34.163877843601,
    1.21088898585));
#4686 = CARTESIAN_POINT('',(-33.22716348202,34.364698726529,
    1.211104715634));
#4687 = CARTESIAN_POINT('',(-33.37236474476,34.543386294241,
    1.211270712702));
#4688 = CARTESIAN_POINT('',(-33.5452095112,34.694125908807,
    1.211381710145));
#4689 = CARTESIAN_POINT('',(-33.73946460056,34.812097669408,
    1.211434570407));
#4690 = CARTESIAN_POINT('',(-34.14924479609,34.974490810121,
    1.211425241305));
#4691 = CARTESIAN_POINT('',(-34.36468613504,35.021224663492,
    1.211366331893));
#4692 = CARTESIAN_POINT('',(-34.58678887839,35.031733410588,
    1.211252957271));
#4693 = CARTESIAN_POINT('',(-34.80839965536,35.005248742514,
    1.211088163966));
#4694 = CARTESIAN_POINT('',(-35.02256686738,34.942448400428,
    1.21087689905));
#4695 = CARTESIAN_POINT('',(-35.22263378272,34.845446092545,
    1.210625945013));
#4696 = CARTESIAN_POINT('',(-35.40232829585,34.717763626537,
    1.210343832335));
#4697 = CARTESIAN_POINT('',(-35.56739266092,34.553997073229,
    1.210019688519));
#4698 = CARTESIAN_POINT('',(-35.57819238161,34.543027982899,
    1.209998125051));
#4699 = CARTESIAN_POINT('',(-35.58886319661,34.531932504064,
    1.209976459118));
#4700 = CARTESIAN_POINT('',(-35.59940338173,34.520712405763,
    1.209954694183));
#4701 = CARTESIAN_POINT('',(-35.60981124252,34.509369484599,
    1.209932833735));
#4702 = CARTESIAN_POINT('',(-35.6200851143,34.497905564749,
    1.209910881281));
#4703 = CARTESIAN_POINT('',(-35.63022336209,34.486322497956,
    1.209888840352));
#4704 = CARTESIAN_POINT('',(-35.65099482236,34.462021670094,
    1.209842886405));
#4705 = CARTESIAN_POINT('',(-35.66160610906,34.449285168986,
    1.209818959813));
#4706 = CARTESIAN_POINT('',(-35.67205623572,34.436415007839,
    1.209794939159));
#4707 = CARTESIAN_POINT('',(-35.68234324029,34.42341356782,
    1.209770828902));
#4708 = CARTESIAN_POINT('',(-35.69246520376,34.410283263634,
    1.209746633522));
#4709 = CARTESIAN_POINT('',(-35.70242025012,34.397026543527,
    1.209722357523));
#4710 = CARTESIAN_POINT('',(-35.71220654638,34.383645889279,
    1.20969800543));
#4711 = CARTESIAN_POINT('',(-35.74071070472,34.343621452261,
    1.209625605995));
#4712 = CARTESIAN_POINT('',(-35.75894109768,34.316630545944,
    1.20957735406));
#4713 = CARTESIAN_POINT('',(-35.77649988651,34.289190208718,
    1.20952886053));
#4714 = CARTESIAN_POINT('',(-35.79337417645,34.261319963358,
    1.209480160129));
#4715 = CARTESIAN_POINT('',(-35.80955177295,34.233039743964,
    1.209431287752));
#4716 = CARTESIAN_POINT('',(-35.82502118166,34.204369895956,
    1.20938227847));
#4717 = CARTESIAN_POINT('',(-35.83977160844,34.175331176078,
    1.209333167525));
#4718 = CARTESIAN_POINT('',(-35.88183646668,34.087170216937,
    1.209185633129));
#4719 = CARTESIAN_POINT('',(-35.90696390477,34.02700382411,
    1.209087009351));
#4720 = CARTESIAN_POINT('',(-35.92909429749,33.965615562459,
    1.208988403368));
#4721 = CARTESIAN_POINT('',(-35.94815889626,33.903179962028,
    1.208890098889));
#4722 = CARTESIAN_POINT('',(-35.96410132647,33.8398755606,1.208792378132
    ));
#4723 = CARTESIAN_POINT('',(-35.97687773396,33.775884369955,
    1.20869552099));
#4724 = CARTESIAN_POINT('',(-35.98645693141,33.711391342109,
    1.208599804201));
#4725 = CARTESIAN_POINT('',(-36.00016792968,33.57175752904,
    1.208396618119));
#4726 = CARTESIAN_POINT('',(-36.00322888892,33.496509101828,
    1.208289615334));
#4727 = CARTESIAN_POINT('',(-36.0019752576,33.421127556932,
    1.208184912773));
#4728 = CARTESIAN_POINT('',(-35.9964020741,33.345901801169,
    1.208082917594));
#4729 = CARTESIAN_POINT('',(-35.98652745869,33.271119502224,
    1.207984021963));
#4730 = CARTESIAN_POINT('',(-35.97239249222,33.197065945684,
    1.20788860151));
#4731 = CARTESIAN_POINT('',(-35.9540610947,33.124022892079,1.20779701379
    ));
#4732 = CARTESIAN_POINT('',(-35.91677630596,33.004805194466,
    1.207651775232));
#4733 = CARTESIAN_POINT('',(-35.90013438942,32.957905325834,
    1.207595777224));
#4734 = CARTESIAN_POINT('',(-35.8817191434,32.911647616494,
    1.207541700002));
#4735 = CARTESIAN_POINT('',(-35.8615596799,32.866110244164,
    1.207489636223));
#4736 = CARTESIAN_POINT('',(-35.83968917389,32.821369647924,
    1.20743967377));
#4737 = CARTESIAN_POINT('',(-35.81614480339,32.777500400333,
    1.207391895605));
#4738 = CARTESIAN_POINT('',(-35.79096768946,32.734575079542,
    1.207346379624));
#4739 = CARTESIAN_POINT('',(-35.69733557791,32.587957064577,
    1.207195318122));
#4740 = CARTESIAN_POINT('',(-35.62054536232,32.489561254969,
    1.207101990376));
#4741 = CARTESIAN_POINT('',(-35.53454410075,32.398603607714,
    1.207024382311));
#4742 = CARTESIAN_POINT('',(-35.44018356647,32.316080811225,
    1.206963398006));
#4743 = CARTESIAN_POINT('',(-35.33843208485,32.242865709376,
    1.206919700747));
#4744 = CARTESIAN_POINT('',(-35.23035929544,32.179703502591,
    1.206893716385));
#4745 = CARTESIAN_POINT('',(-35.11712898624,32.127197787852,
    1.206885617876));
#4746 = CARTESIAN_POINT('',(-35.,32.085786437627,1.206895291019));
#4747 = ORIENTED_EDGE('',*,*,#4748,.T.);
#4748 = EDGE_CURVE('',#4679,#4749,#4751,.T.);
#4749 = VERTEX_POINT('',#4750);
#4750 = CARTESIAN_POINT('',(-35.,31.74476742887,2.1));
#4751 = HYPERBOLA('',#4752,1.372873362193,0.499685039255);
#4752 = AXIS2_PLACEMENT_3D('',#4753,#4754,#4755);
#4753 = CARTESIAN_POINT('',(-35.,33.499236614316,-2.912054957164));
#4754 = DIRECTION('',(1.,0.,-0.));
#4755 = DIRECTION('',(0.,0.,1.));
#4756 = ORIENTED_EDGE('',*,*,#4757,.T.);
#4757 = EDGE_CURVE('',#4749,#4587,#4758,.T.);
#4758 = CIRCLE('',#4759,1.824238816914);
#4759 = AXIS2_PLACEMENT_3D('',#4760,#4761,#4762);
#4760 = CARTESIAN_POINT('',(-34.50031496074,33.499236614316,2.1));
#4761 = DIRECTION('',(0.,0.,1.));
#4762 = DIRECTION('',(1.,0.,0.));
#4763 = ORIENTED_EDGE('',*,*,#4586,.F.);
#4764 = CONICAL_SURFACE('',#4765,1.460268582648,0.349065850399);
#4765 = AXIS2_PLACEMENT_3D('',#4766,#4767,#4768);
#4766 = CARTESIAN_POINT('',(-34.50031496074,33.499236614316,1.1));
#4767 = DIRECTION('',(0.,0.,1.));
#4768 = DIRECTION('',(1.,0.,0.));
#4769 = ADVANCED_FACE('',(#4770),#4813,.T.);
#4770 = FACE_BOUND('',#4771,.T.);
#4771 = EDGE_LOOP('',(#4772,#4773,#4774,#4775,#4784,#4796,#4805));
#4772 = ORIENTED_EDGE('',*,*,#4640,.F.);
#4773 = ORIENTED_EDGE('',*,*,#1018,.T.);
#4774 = ORIENTED_EDGE('',*,*,#4626,.T.);
#4775 = ORIENTED_EDGE('',*,*,#4776,.F.);
#4776 = EDGE_CURVE('',#4777,#4618,#4779,.T.);
#4777 = VERTEX_POINT('',#4778);
#4778 = CARTESIAN_POINT('',(-33.92090213273,31.742972493065,2.1));
#4779 = CIRCLE('',#4780,0.144976703119);
#4780 = AXIS2_PLACEMENT_3D('',#4781,#4782,#4783);
#4781 = CARTESIAN_POINT('',(-33.80398874163,31.657243248171,2.1));
#4782 = DIRECTION('',(0.,-0.,1.));
#4783 = DIRECTION('',(0.962784493544,0.27027027027,0.));
#4784 = ORIENTED_EDGE('',*,*,#4785,.F.);
#4785 = EDGE_CURVE('',#4786,#4777,#4788,.T.);
#4786 = VERTEX_POINT('',#4787);
#4787 = CARTESIAN_POINT('',(-34.,31.718848686944,1.933811259379));
#4788 = B_SPLINE_CURVE_WITH_KNOTS('',6,(#4789,#4790,#4791,#4792,#4793,
    #4794,#4795),.UNSPECIFIED.,.F.,.F.,(7,7),(0.,1.),
  .PIECEWISE_BEZIER_KNOTS.);
#4789 = CARTESIAN_POINT('',(-34.,31.718848686944,1.933811259372));
#4790 = CARTESIAN_POINT('',(-33.98536943961,31.722955738457,
    1.968775618894));
#4791 = CARTESIAN_POINT('',(-33.97103659365,31.72713471636,
    2.001793595561));
#4792 = CARTESIAN_POINT('',(-33.95728424262,31.731296522812,
    2.031899905417));
#4793 = CARTESIAN_POINT('',(-33.94431837074,31.735351276419,
    2.058371346452));
#4794 = CARTESIAN_POINT('',(-33.93218910761,31.739252424337,
    2.081035951525));
#4795 = CARTESIAN_POINT('',(-33.92090213273,31.742972493065,2.1));
#4796 = ORIENTED_EDGE('',*,*,#4797,.T.);
#4797 = EDGE_CURVE('',#4786,#4798,#4800,.T.);
#4798 = VERTEX_POINT('',#4799);
#4799 = CARTESIAN_POINT('',(-34.,32.085786437627,1.20359155153));
#4800 = HYPERBOLA('',#4801,0.538536506308,0.196011258362);
#4801 = AXIS2_PLACEMENT_3D('',#4802,#4803,#4804);
#4802 = CARTESIAN_POINT('',(-34.,31.657243248171,2.498320218166));
#4803 = DIRECTION('',(1.,-0.,0.));
#4804 = DIRECTION('',(0.,0.,-1.));
#4805 = ORIENTED_EDGE('',*,*,#4806,.T.);
#4806 = EDGE_CURVE('',#4798,#4641,#4807,.T.);
#4807 = B_SPLINE_CURVE_WITH_KNOTS('',4,(#4808,#4809,#4810,#4811,#4812),
  .UNSPECIFIED.,.F.,.F.,(5,5),(0.,1.),.PIECEWISE_BEZIER_KNOTS.);
#4808 = CARTESIAN_POINT('',(-34.,32.085786437627,1.203591551527));
#4809 = CARTESIAN_POINT('',(-33.99255222505,32.08841962371,
    1.205523787026));
#4810 = CARTESIAN_POINT('',(-33.98507283698,32.091122811915,
    1.206836090839));
#4811 = CARTESIAN_POINT('',(-33.97758606835,32.093889269506,
    1.207496736575));
#4812 = CARTESIAN_POINT('',(-33.97011927018,32.096708721549,
    1.207504989793));
#4813 = CONICAL_SURFACE('',#4814,0.508946937385,0.349065850399);
#4814 = AXIS2_PLACEMENT_3D('',#4815,#4816,#4817);
#4815 = CARTESIAN_POINT('',(-33.80398874163,31.657243248171,1.1));
#4816 = DIRECTION('',(-0.,-0.,-1.));
#4817 = DIRECTION('',(0.962784493544,0.27027027027,0.));
#4818 = ADVANCED_FACE('',(#4819),#4844,.T.);
#4819 = FACE_BOUND('',#4820,.T.);
#4820 = EDGE_LOOP('',(#4821,#4829,#4837,#4843));
#4821 = ORIENTED_EDGE('',*,*,#4822,.T.);
#4822 = EDGE_CURVE('',#1037,#4823,#4825,.T.);
#4823 = VERTEX_POINT('',#4824);
#4824 = CARTESIAN_POINT('',(-18.87665881316,34.692741853225,0.8));
#4825 = LINE('',#4826,#4827);
#4826 = CARTESIAN_POINT('',(-18.87665881316,34.692741853225,1.1));
#4827 = VECTOR('',#4828,1.);
#4828 = DIRECTION('',(-0.,-0.,-1.));
#4829 = ORIENTED_EDGE('',*,*,#4830,.T.);
#4830 = EDGE_CURVE('',#4823,#4831,#4833,.T.);
#4831 = VERTEX_POINT('',#4832);
#4832 = CARTESIAN_POINT('',(-19.6104323906,33.948295205565,0.8));
#4833 = LINE('',#4834,#4835);
#4834 = CARTESIAN_POINT('',(-18.87665881316,34.692741853225,0.8));
#4835 = VECTOR('',#4836,1.);
#4836 = DIRECTION('',(-0.701983019577,-0.71219368168,0.));
#4837 = ORIENTED_EDGE('',*,*,#4838,.F.);
#4838 = EDGE_CURVE('',#1039,#4831,#4839,.T.);
#4839 = LINE('',#4840,#4841);
#4840 = CARTESIAN_POINT('',(-19.6104323906,33.948295205565,1.1));
#4841 = VECTOR('',#4842,1.);
#4842 = DIRECTION('',(-0.,-0.,-1.));
#4843 = ORIENTED_EDGE('',*,*,#1036,.F.);
#4844 = PLANE('',#4845);
#4845 = AXIS2_PLACEMENT_3D('',#4846,#4847,#4848);
#4846 = CARTESIAN_POINT('',(-18.87665881316,34.692741853225,1.1));
#4847 = DIRECTION('',(-0.71219368168,0.701983019577,0.));
#4848 = DIRECTION('',(-0.701983019577,-0.71219368168,0.));
#4849 = ADVANCED_FACE('',(#4850),#4868,.T.);
#4850 = FACE_BOUND('',#4851,.T.);
#4851 = EDGE_LOOP('',(#4852,#4860,#4866,#4867));
#4852 = ORIENTED_EDGE('',*,*,#4853,.T.);
#4853 = EDGE_CURVE('',#1111,#4854,#4856,.T.);
#4854 = VERTEX_POINT('',#4855);
#4855 = CARTESIAN_POINT('',(-18.79927905408,34.860842709148,0.8));
#4856 = LINE('',#4857,#4858);
#4857 = CARTESIAN_POINT('',(-18.79927905408,34.860842709148,1.1));
#4858 = VECTOR('',#4859,1.);
#4859 = DIRECTION('',(-0.,-0.,-1.));
#4860 = ORIENTED_EDGE('',*,*,#4861,.T.);
#4861 = EDGE_CURVE('',#4854,#4823,#4862,.T.);
#4862 = B_SPLINE_CURVE_WITH_KNOTS('',2,(#4863,#4864,#4865),
  .UNSPECIFIED.,.F.,.F.,(3,3),(0.,1.),.PIECEWISE_BEZIER_KNOTS.);
#4863 = CARTESIAN_POINT('',(-18.79927905408,34.860842709148,0.8));
#4864 = CARTESIAN_POINT('',(-18.79927905408,34.770121612301,0.8));
#4865 = CARTESIAN_POINT('',(-18.87665881316,34.692741853225,0.8));
#4866 = ORIENTED_EDGE('',*,*,#4822,.F.);
#4867 = ORIENTED_EDGE('',*,*,#1118,.F.);
#4868 = SURFACE_OF_LINEAR_EXTRUSION('',#4869,#4873);
#4869 = B_SPLINE_CURVE_WITH_KNOTS('',2,(#4870,#4871,#4872),
  .UNSPECIFIED.,.F.,.F.,(3,3),(0.,1.),.PIECEWISE_BEZIER_KNOTS.);
#4870 = CARTESIAN_POINT('',(-18.79927905408,34.860842709148,1.1));
#4871 = CARTESIAN_POINT('',(-18.79927905408,34.770121612301,1.1));
#4872 = CARTESIAN_POINT('',(-18.87665881316,34.692741853225,1.1));
#4873 = VECTOR('',#4874,1.);
#4874 = DIRECTION('',(0.,0.,1.));
#4875 = ADVANCED_FACE('',(#4876),#4894,.T.);
#4876 = FACE_BOUND('',#4877,.T.);
#4877 = EDGE_LOOP('',(#4878,#4879,#4887,#4893));
#4878 = ORIENTED_EDGE('',*,*,#4838,.T.);
#4879 = ORIENTED_EDGE('',*,*,#4880,.T.);
#4880 = EDGE_CURVE('',#4831,#4881,#4883,.T.);
#4881 = VERTEX_POINT('',#4882);
#4882 = CARTESIAN_POINT('',(-19.79987938696,33.862910643826,0.8));
#4883 = B_SPLINE_CURVE_WITH_KNOTS('',2,(#4884,#4885,#4886),
  .UNSPECIFIED.,.F.,.F.,(3,3),(0.,1.),.PIECEWISE_BEZIER_KNOTS.);
#4884 = CARTESIAN_POINT('',(-19.6104323906,33.948295205565,0.8));
#4885 = CARTESIAN_POINT('',(-19.70115348745,33.862910643826,0.8));
#4886 = CARTESIAN_POINT('',(-19.79987938696,33.862910643826,0.8));
#4887 = ORIENTED_EDGE('',*,*,#4888,.F.);
#4888 = EDGE_CURVE('',#1047,#4881,#4889,.T.);
#4889 = LINE('',#4890,#4891);
#4890 = CARTESIAN_POINT('',(-19.79987938696,33.862910643826,1.1));
#4891 = VECTOR('',#4892,1.);
#4892 = DIRECTION('',(-0.,-0.,-1.));
#4893 = ORIENTED_EDGE('',*,*,#1046,.F.);
#4894 = SURFACE_OF_LINEAR_EXTRUSION('',#4895,#4899);
#4895 = B_SPLINE_CURVE_WITH_KNOTS('',2,(#4896,#4897,#4898),
  .UNSPECIFIED.,.F.,.F.,(3,3),(0.,1.),.PIECEWISE_BEZIER_KNOTS.);
#4896 = CARTESIAN_POINT('',(-19.6104323906,33.948295205565,1.1));
#4897 = CARTESIAN_POINT('',(-19.70115348745,33.862910643826,1.1));
#4898 = CARTESIAN_POINT('',(-19.79987938696,33.862910643826,1.1));
#4899 = VECTOR('',#4900,1.);
#4900 = DIRECTION('',(0.,0.,1.));
#4901 = ADVANCED_FACE('',(#4902),#4920,.T.);
#4902 = FACE_BOUND('',#4903,.T.);
#4903 = EDGE_LOOP('',(#4904,#4912,#4918,#4919));
#4904 = ORIENTED_EDGE('',*,*,#4905,.T.);
#4905 = EDGE_CURVE('',#1103,#4906,#4908,.T.);
#4906 = VERTEX_POINT('',#4907);
#4907 = CARTESIAN_POINT('',(-19.00206738821,35.039616635289,0.8));
#4908 = LINE('',#4909,#4910);
#4909 = CARTESIAN_POINT('',(-19.00206738821,35.039616635289,1.1));
#4910 = VECTOR('',#4911,1.);
#4911 = DIRECTION('',(-0.,-0.,-1.));
#4912 = ORIENTED_EDGE('',*,*,#4913,.T.);
#4913 = EDGE_CURVE('',#4906,#4854,#4914,.T.);
#4914 = B_SPLINE_CURVE_WITH_KNOTS('',2,(#4915,#4916,#4917),
  .UNSPECIFIED.,.F.,.F.,(3,3),(0.,1.),.PIECEWISE_BEZIER_KNOTS.);
#4915 = CARTESIAN_POINT('',(-19.00206738821,35.039616635289,0.8));
#4916 = CARTESIAN_POINT('',(-18.79927905408,35.039616635289,0.8));
#4917 = CARTESIAN_POINT('',(-18.79927905408,34.860842709148,0.8));
#4918 = ORIENTED_EDGE('',*,*,#4853,.F.);
#4919 = ORIENTED_EDGE('',*,*,#1110,.F.);
#4920 = SURFACE_OF_LINEAR_EXTRUSION('',#4921,#4925);
#4921 = B_SPLINE_CURVE_WITH_KNOTS('',2,(#4922,#4923,#4924),
  .UNSPECIFIED.,.F.,.F.,(3,3),(0.,1.),.PIECEWISE_BEZIER_KNOTS.);
#4922 = CARTESIAN_POINT('',(-19.00206738821,35.039616635289,1.1));
#4923 = CARTESIAN_POINT('',(-18.79927905408,35.039616635289,1.1));
#4924 = CARTESIAN_POINT('',(-18.79927905408,34.860842709148,1.1));
#4925 = VECTOR('',#4926,1.);
#4926 = DIRECTION('',(0.,0.,1.));
#4927 = ADVANCED_FACE('',(#4928),#4946,.T.);
#4928 = FACE_BOUND('',#4929,.T.);
#4929 = EDGE_LOOP('',(#4930,#4931,#4939,#4945));
#4930 = ORIENTED_EDGE('',*,*,#4888,.T.);
#4931 = ORIENTED_EDGE('',*,*,#4932,.T.);
#4932 = EDGE_CURVE('',#4881,#4933,#4935,.T.);
#4933 = VERTEX_POINT('',#4934);
#4934 = CARTESIAN_POINT('',(-19.99999945353,34.084376850836,0.8));
#4935 = B_SPLINE_CURVE_WITH_KNOTS('',2,(#4936,#4937,#4938),
  .UNSPECIFIED.,.F.,.F.,(3,3),(0.,1.),.PIECEWISE_BEZIER_KNOTS.);
#4936 = CARTESIAN_POINT('',(-19.79987938696,33.862910643826,0.8));
#4937 = CARTESIAN_POINT('',(-19.99999945353,33.862910643826,0.8));
#4938 = CARTESIAN_POINT('',(-19.99999945353,34.084376850836,0.8));
#4939 = ORIENTED_EDGE('',*,*,#4940,.F.);
#4940 = EDGE_CURVE('',#1055,#4933,#4941,.T.);
#4941 = LINE('',#4942,#4943);
#4942 = CARTESIAN_POINT('',(-19.99999945353,34.084376850836,1.1));
#4943 = VECTOR('',#4944,1.);
#4944 = DIRECTION('',(-0.,-0.,-1.));
#4945 = ORIENTED_EDGE('',*,*,#1054,.F.);
#4946 = SURFACE_OF_LINEAR_EXTRUSION('',#4947,#4951);
#4947 = B_SPLINE_CURVE_WITH_KNOTS('',2,(#4948,#4949,#4950),
  .UNSPECIFIED.,.F.,.F.,(3,3),(0.,1.),.PIECEWISE_BEZIER_KNOTS.);
#4948 = CARTESIAN_POINT('',(-19.79987938696,33.862910643826,1.1));
#4949 = CARTESIAN_POINT('',(-19.99999945353,33.862910643826,1.1));
#4950 = CARTESIAN_POINT('',(-19.99999945353,34.084376850836,1.1));
#4951 = VECTOR('',#4952,1.);
#4952 = DIRECTION('',(0.,0.,1.));
#4953 = ADVANCED_FACE('',(#4954),#4972,.T.);
#4954 = FACE_BOUND('',#4955,.T.);
#4955 = EDGE_LOOP('',(#4956,#4964,#4970,#4971));
#4956 = ORIENTED_EDGE('',*,*,#4957,.T.);
#4957 = EDGE_CURVE('',#1095,#4958,#4960,.T.);
#4958 = VERTEX_POINT('',#4959);
#4959 = CARTESIAN_POINT('',(-19.14615383615,34.967573411322,0.8));
#4960 = LINE('',#4961,#4962);
#4961 = CARTESIAN_POINT('',(-19.14615383615,34.967573411322,1.1));
#4962 = VECTOR('',#4963,1.);
#4963 = DIRECTION('',(-0.,-0.,-1.));
#4964 = ORIENTED_EDGE('',*,*,#4965,.T.);
#4965 = EDGE_CURVE('',#4958,#4906,#4966,.T.);
#4966 = B_SPLINE_CURVE_WITH_KNOTS('',2,(#4967,#4968,#4969),
  .UNSPECIFIED.,.F.,.F.,(3,3),(0.,1.),.PIECEWISE_BEZIER_KNOTS.);
#4967 = CARTESIAN_POINT('',(-19.14615383615,34.967573411322,0.8));
#4968 = CARTESIAN_POINT('',(-19.07411061218,35.039616635289,0.8));
#4969 = CARTESIAN_POINT('',(-19.00206738821,35.039616635289,0.8));
#4970 = ORIENTED_EDGE('',*,*,#4905,.F.);
#4971 = ORIENTED_EDGE('',*,*,#1102,.F.);
#4972 = SURFACE_OF_LINEAR_EXTRUSION('',#4973,#4977);
#4973 = B_SPLINE_CURVE_WITH_KNOTS('',2,(#4974,#4975,#4976),
  .UNSPECIFIED.,.F.,.F.,(3,3),(0.,1.),.PIECEWISE_BEZIER_KNOTS.);
#4974 = CARTESIAN_POINT('',(-19.14615383615,34.967573411322,1.1));
#4975 = CARTESIAN_POINT('',(-19.07411061218,35.039616635289,1.1));
#4976 = CARTESIAN_POINT('',(-19.00206738821,35.039616635289,1.1));
#4977 = VECTOR('',#4978,1.);
#4978 = DIRECTION('',(0.,0.,1.));
#4979 = ADVANCED_FACE('',(#4980),#4998,.T.);
#4980 = FACE_BOUND('',#4981,.T.);
#4981 = EDGE_LOOP('',(#4982,#4983,#4991,#4997));
#4982 = ORIENTED_EDGE('',*,*,#4940,.T.);
#4983 = ORIENTED_EDGE('',*,*,#4984,.T.);
#4984 = EDGE_CURVE('',#4933,#4985,#4987,.T.);
#4985 = VERTEX_POINT('',#4986);
#4986 = CARTESIAN_POINT('',(-19.99999945353,37.651850570985,0.8));
#4987 = LINE('',#4988,#4989);
#4988 = CARTESIAN_POINT('',(-19.99999945353,34.084376850836,0.8));
#4989 = VECTOR('',#4990,1.);
#4990 = DIRECTION('',(1.2E-16,1.,0.));
#4991 = ORIENTED_EDGE('',*,*,#4992,.F.);
#4992 = EDGE_CURVE('',#1063,#4985,#4993,.T.);
#4993 = LINE('',#4994,#4995);
#4994 = CARTESIAN_POINT('',(-19.99999945353,37.651850570985,1.1));
#4995 = VECTOR('',#4996,1.);
#4996 = DIRECTION('',(-0.,-0.,-1.));
#4997 = ORIENTED_EDGE('',*,*,#1062,.F.);
#4998 = PLANE('',#4999);
#4999 = AXIS2_PLACEMENT_3D('',#5000,#5001,#5002);
#5000 = CARTESIAN_POINT('',(-19.99999945353,34.084376850836,1.1));
#5001 = DIRECTION('',(1.,-1.2E-16,0.));
#5002 = DIRECTION('',(1.2E-16,1.,0.));
#5003 = ADVANCED_FACE('',(#5004),#5022,.T.);
#5004 = FACE_BOUND('',#5005,.T.);
#5005 = EDGE_LOOP('',(#5006,#5014,#5020,#5021));
#5006 = ORIENTED_EDGE('',*,*,#5007,.T.);
#5007 = EDGE_CURVE('',#1087,#5008,#5010,.T.);
#5008 = VERTEX_POINT('',#5009);
#5009 = CARTESIAN_POINT('',(-19.6104323906,34.503294856867,0.8));
#5010 = LINE('',#5011,#5012);
#5011 = CARTESIAN_POINT('',(-19.6104323906,34.503294856867,1.1));
#5012 = VECTOR('',#5013,1.);
#5013 = DIRECTION('',(-0.,-0.,-1.));
#5014 = ORIENTED_EDGE('',*,*,#5015,.T.);
#5015 = EDGE_CURVE('',#5008,#4958,#5016,.T.);
#5016 = LINE('',#5017,#5018);
#5017 = CARTESIAN_POINT('',(-19.6104323906,34.503294856867,0.8));
#5018 = VECTOR('',#5019,1.);
#5019 = DIRECTION('',(0.707106781187,0.707106781187,0.));
#5020 = ORIENTED_EDGE('',*,*,#4957,.F.);
#5021 = ORIENTED_EDGE('',*,*,#1094,.F.);
#5022 = PLANE('',#5023);
#5023 = AXIS2_PLACEMENT_3D('',#5024,#5025,#5026);
#5024 = CARTESIAN_POINT('',(-19.6104323906,34.503294856867,1.1));
#5025 = DIRECTION('',(0.707106781187,-0.707106781187,0.));
#5026 = DIRECTION('',(0.707106781187,0.707106781187,0.));
#5027 = ADVANCED_FACE('',(#5028),#5046,.T.);
#5028 = FACE_BOUND('',#5029,.T.);
#5029 = EDGE_LOOP('',(#5030,#5031,#5039,#5045));
#5030 = ORIENTED_EDGE('',*,*,#4992,.T.);
#5031 = ORIENTED_EDGE('',*,*,#5032,.T.);
#5032 = EDGE_CURVE('',#4985,#5033,#5035,.T.);
#5033 = VERTEX_POINT('',#5034);
#5034 = CARTESIAN_POINT('',(-19.80788418962,37.878653313104,0.8));
#5035 = B_SPLINE_CURVE_WITH_KNOTS('',2,(#5036,#5037,#5038),
  .UNSPECIFIED.,.F.,.F.,(3,3),(0.,1.),.PIECEWISE_BEZIER_KNOTS.);
#5036 = CARTESIAN_POINT('',(-19.99999945353,37.651850570985,0.8));
#5037 = CARTESIAN_POINT('',(-19.99999945353,37.878653313104,0.8));
#5038 = CARTESIAN_POINT('',(-19.80788418962,37.878653313104,0.8));
#5039 = ORIENTED_EDGE('',*,*,#5040,.F.);
#5040 = EDGE_CURVE('',#1071,#5033,#5041,.T.);
#5041 = LINE('',#5042,#5043);
#5042 = CARTESIAN_POINT('',(-19.80788418962,37.878653313104,1.1));
#5043 = VECTOR('',#5044,1.);
#5044 = DIRECTION('',(-0.,-0.,-1.));
#5045 = ORIENTED_EDGE('',*,*,#1070,.F.);
#5046 = SURFACE_OF_LINEAR_EXTRUSION('',#5047,#5051);
#5047 = B_SPLINE_CURVE_WITH_KNOTS('',2,(#5048,#5049,#5050),
  .UNSPECIFIED.,.F.,.F.,(3,3),(0.,1.),.PIECEWISE_BEZIER_KNOTS.);
#5048 = CARTESIAN_POINT('',(-19.99999945353,37.651850570985,1.1));
#5049 = CARTESIAN_POINT('',(-19.99999945353,37.878653313104,1.1));
#5050 = CARTESIAN_POINT('',(-19.80788418962,37.878653313104,1.1));
#5051 = VECTOR('',#5052,1.);
#5052 = DIRECTION('',(0.,0.,1.));
#5053 = ADVANCED_FACE('',(#5054),#5072,.T.);
#5054 = FACE_BOUND('',#5055,.T.);
#5055 = EDGE_LOOP('',(#5056,#5064,#5070,#5071));
#5056 = ORIENTED_EDGE('',*,*,#5057,.T.);
#5057 = EDGE_CURVE('',#1079,#5058,#5060,.T.);
#5058 = VERTEX_POINT('',#5059);
#5059 = CARTESIAN_POINT('',(-19.6104323906,37.649182303431,0.8));
#5060 = LINE('',#5061,#5062);
#5061 = CARTESIAN_POINT('',(-19.6104323906,37.649182303431,1.1));
#5062 = VECTOR('',#5063,1.);
#5063 = DIRECTION('',(-0.,-0.,-1.));
#5064 = ORIENTED_EDGE('',*,*,#5065,.T.);
#5065 = EDGE_CURVE('',#5058,#5008,#5066,.T.);
#5066 = B_SPLINE_CURVE_WITH_KNOTS('',2,(#5067,#5068,#5069),
  .UNSPECIFIED.,.F.,.F.,(3,3),(0.,1.),.PIECEWISE_BEZIER_KNOTS.);
#5067 = CARTESIAN_POINT('',(-19.6104323906,37.649182303431,0.8));
#5068 = CARTESIAN_POINT('',(-19.6104323906,37.649182303431,0.8));
#5069 = CARTESIAN_POINT('',(-19.6104323906,34.503294856867,0.8));
#5070 = ORIENTED_EDGE('',*,*,#5007,.F.);
#5071 = ORIENTED_EDGE('',*,*,#1086,.F.);
#5072 = SURFACE_OF_LINEAR_EXTRUSION('',#5073,#5077);
#5073 = B_SPLINE_CURVE_WITH_KNOTS('',2,(#5074,#5075,#5076),
  .UNSPECIFIED.,.F.,.F.,(3,3),(0.,1.),.PIECEWISE_BEZIER_KNOTS.);
#5074 = CARTESIAN_POINT('',(-19.6104323906,37.649182303431,1.1));
#5075 = CARTESIAN_POINT('',(-19.6104323906,37.649182303431,1.1));
#5076 = CARTESIAN_POINT('',(-19.6104323906,34.503294856867,1.1));
#5077 = VECTOR('',#5078,1.);
#5078 = DIRECTION('',(0.,0.,1.));
#5079 = ADVANCED_FACE('',(#5080),#5091,.T.);
#5080 = FACE_BOUND('',#5081,.T.);
#5081 = EDGE_LOOP('',(#5082,#5083,#5089,#5090));
#5082 = ORIENTED_EDGE('',*,*,#5040,.T.);
#5083 = ORIENTED_EDGE('',*,*,#5084,.T.);
#5084 = EDGE_CURVE('',#5033,#5058,#5085,.T.);
#5085 = B_SPLINE_CURVE_WITH_KNOTS('',2,(#5086,#5087,#5088),
  .UNSPECIFIED.,.F.,.F.,(3,3),(0.,1.),.PIECEWISE_BEZIER_KNOTS.);
#5086 = CARTESIAN_POINT('',(-19.80788418962,37.878653313104,0.8));
#5087 = CARTESIAN_POINT('',(-19.6104323906,37.878653313104,0.8));
#5088 = CARTESIAN_POINT('',(-19.6104323906,37.649182303431,0.8));
#5089 = ORIENTED_EDGE('',*,*,#5057,.F.);
#5090 = ORIENTED_EDGE('',*,*,#1078,.F.);
#5091 = SURFACE_OF_LINEAR_EXTRUSION('',#5092,#5096);
#5092 = B_SPLINE_CURVE_WITH_KNOTS('',2,(#5093,#5094,#5095),
  .UNSPECIFIED.,.F.,.F.,(3,3),(0.,1.),.PIECEWISE_BEZIER_KNOTS.);
#5093 = CARTESIAN_POINT('',(-19.80788418962,37.878653313104,1.1));
#5094 = CARTESIAN_POINT('',(-19.6104323906,37.878653313104,1.1));
#5095 = CARTESIAN_POINT('',(-19.6104323906,37.649182303431,1.1));
#5096 = VECTOR('',#5097,1.);
#5097 = DIRECTION('',(0.,0.,1.));
#5098 = ADVANCED_FACE('',(#5099),#5124,.T.);
#5099 = FACE_BOUND('',#5100,.T.);
#5100 = EDGE_LOOP('',(#5101,#5109,#5117,#5123));
#5101 = ORIENTED_EDGE('',*,*,#5102,.T.);
#5102 = EDGE_CURVE('',#1127,#5103,#5105,.T.);
#5103 = VERTEX_POINT('',#5104);
#5104 = CARTESIAN_POINT('',(-15.69074735328,34.191107553009,0.8));
#5105 = LINE('',#5106,#5107);
#5106 = CARTESIAN_POINT('',(-15.69074735328,34.191107553009,1.1));
#5107 = VECTOR('',#5108,1.);
#5108 = DIRECTION('',(-0.,-0.,-1.));
#5109 = ORIENTED_EDGE('',*,*,#5110,.T.);
#5110 = EDGE_CURVE('',#5103,#5111,#5113,.T.);
#5111 = VERTEX_POINT('',#5112);
#5112 = CARTESIAN_POINT('',(-16.29644408811,33.862910643826,0.8));
#5113 = B_SPLINE_CURVE_WITH_KNOTS('',2,(#5114,#5115,#5116),
  .UNSPECIFIED.,.F.,.F.,(3,3),(0.,1.),.PIECEWISE_BEZIER_KNOTS.);
#5114 = CARTESIAN_POINT('',(-15.69074735328,34.191107553009,0.8));
#5115 = CARTESIAN_POINT('',(-15.89353568741,33.862910643826,0.8));
#5116 = CARTESIAN_POINT('',(-16.29644408811,33.862910643826,0.8));
#5117 = ORIENTED_EDGE('',*,*,#5118,.F.);
#5118 = EDGE_CURVE('',#1129,#5111,#5119,.T.);
#5119 = LINE('',#5120,#5121);
#5120 = CARTESIAN_POINT('',(-16.29644408811,33.862910643826,1.1));
#5121 = VECTOR('',#5122,1.);
#5122 = DIRECTION('',(-0.,-0.,-1.));
#5123 = ORIENTED_EDGE('',*,*,#1126,.F.);
#5124 = SURFACE_OF_LINEAR_EXTRUSION('',#5125,#5129);
#5125 = B_SPLINE_CURVE_WITH_KNOTS('',2,(#5126,#5127,#5128),
  .UNSPECIFIED.,.F.,.F.,(3,3),(0.,1.),.PIECEWISE_BEZIER_KNOTS.);
#5126 = CARTESIAN_POINT('',(-15.69074735328,34.191107553009,1.1));
#5127 = CARTESIAN_POINT('',(-15.89353568741,33.862910643826,1.1));
#5128 = CARTESIAN_POINT('',(-16.29644408811,33.862910643826,1.1));
#5129 = VECTOR('',#5130,1.);
#5130 = DIRECTION('',(0.,0.,1.));
#5131 = ADVANCED_FACE('',(#5132),#5150,.T.);
#5132 = FACE_BOUND('',#5133,.T.);
#5133 = EDGE_LOOP('',(#5134,#5142,#5148,#5149));
#5134 = ORIENTED_EDGE('',*,*,#5135,.T.);
#5135 = EDGE_CURVE('',#1209,#5136,#5138,.T.);
#5136 = VERTEX_POINT('',#5137);
#5137 = CARTESIAN_POINT('',(-15.32252643078,35.367813544472,0.8));
#5138 = LINE('',#5139,#5140);
#5139 = CARTESIAN_POINT('',(-15.32252643078,35.367813544472,1.1));
#5140 = VECTOR('',#5141,1.);
#5141 = DIRECTION('',(-0.,-0.,-1.));
#5142 = ORIENTED_EDGE('',*,*,#5143,.T.);
#5143 = EDGE_CURVE('',#5136,#5103,#5144,.T.);
#5144 = B_SPLINE_CURVE_WITH_KNOTS('',2,(#5145,#5146,#5147),
  .UNSPECIFIED.,.F.,.F.,(3,3),(0.,1.),.PIECEWISE_BEZIER_KNOTS.);
#5145 = CARTESIAN_POINT('',(-15.32252643078,35.367813544472,0.8));
#5146 = CARTESIAN_POINT('',(-15.46394461116,34.553991940399,0.8));
#5147 = CARTESIAN_POINT('',(-15.69074735328,34.191107553009,0.8));
#5148 = ORIENTED_EDGE('',*,*,#5102,.F.);
#5149 = ORIENTED_EDGE('',*,*,#1216,.F.);
#5150 = SURFACE_OF_LINEAR_EXTRUSION('',#5151,#5155);
#5151 = B_SPLINE_CURVE_WITH_KNOTS('',2,(#5152,#5153,#5154),
  .UNSPECIFIED.,.F.,.F.,(3,3),(0.,1.),.PIECEWISE_BEZIER_KNOTS.);
#5152 = CARTESIAN_POINT('',(-15.32252643078,35.367813544472,1.1));
#5153 = CARTESIAN_POINT('',(-15.46394461116,34.553991940399,1.1));
#5154 = CARTESIAN_POINT('',(-15.69074735328,34.191107553009,1.1));
#5155 = VECTOR('',#5156,1.);
#5156 = DIRECTION('',(0.,0.,1.));
#5157 = ADVANCED_FACE('',(#5158),#5176,.T.);
#5158 = FACE_BOUND('',#5159,.T.);
#5159 = EDGE_LOOP('',(#5160,#5161,#5169,#5175));
#5160 = ORIENTED_EDGE('',*,*,#5118,.T.);
#5161 = ORIENTED_EDGE('',*,*,#5162,.T.);
#5162 = EDGE_CURVE('',#5111,#5163,#5165,.T.);
#5163 = VERTEX_POINT('',#5164);
#5164 = CARTESIAN_POINT('',(-16.85411200697,34.145747004586,0.8));
#5165 = B_SPLINE_CURVE_WITH_KNOTS('',2,(#5166,#5167,#5168),
  .UNSPECIFIED.,.F.,.F.,(3,3),(0.,1.),.PIECEWISE_BEZIER_KNOTS.);
#5166 = CARTESIAN_POINT('',(-16.29644408811,33.862910643826,0.8));
#5167 = CARTESIAN_POINT('',(-16.66199674306,33.862910643826,0.8));
#5168 = CARTESIAN_POINT('',(-16.85411200697,34.145747004586,0.8));
#5169 = ORIENTED_EDGE('',*,*,#5170,.F.);
#5170 = EDGE_CURVE('',#1137,#5163,#5171,.T.);
#5171 = LINE('',#5172,#5173);
#5172 = CARTESIAN_POINT('',(-16.85411200697,34.145747004586,1.1));
#5173 = VECTOR('',#5174,1.);
#5174 = DIRECTION('',(-0.,-0.,-1.));
#5175 = ORIENTED_EDGE('',*,*,#1136,.F.);
#5176 = SURFACE_OF_LINEAR_EXTRUSION('',#5177,#5181);
#5177 = B_SPLINE_CURVE_WITH_KNOTS('',2,(#5178,#5179,#5180),
  .UNSPECIFIED.,.F.,.F.,(3,3),(0.,1.),.PIECEWISE_BEZIER_KNOTS.);
#5178 = CARTESIAN_POINT('',(-16.29644408811,33.862910643826,1.1));
#5179 = CARTESIAN_POINT('',(-16.66199674306,33.862910643826,1.1));
#5180 = CARTESIAN_POINT('',(-16.85411200697,34.145747004586,1.1));
#5181 = VECTOR('',#5182,1.);
#5182 = DIRECTION('',(0.,0.,1.));
#5183 = ADVANCED_FACE('',(#5184),#5202,.T.);
#5184 = FACE_BOUND('',#5185,.T.);
#5185 = EDGE_LOOP('',(#5186,#5194,#5200,#5201));
#5186 = ORIENTED_EDGE('',*,*,#5187,.T.);
#5187 = EDGE_CURVE('',#1201,#5188,#5190,.T.);
#5188 = VERTEX_POINT('',#5189);
#5189 = CARTESIAN_POINT('',(-15.27716588236,35.888125717568,0.8));
#5190 = LINE('',#5191,#5192);
#5191 = CARTESIAN_POINT('',(-15.27716588236,35.888125717568,1.1));
#5192 = VECTOR('',#5193,1.);
#5193 = DIRECTION('',(-0.,-0.,-1.));
#5194 = ORIENTED_EDGE('',*,*,#5195,.T.);
#5195 = EDGE_CURVE('',#5188,#5136,#5196,.T.);
#5196 = B_SPLINE_CURVE_WITH_KNOTS('',2,(#5197,#5198,#5199),
  .UNSPECIFIED.,.F.,.F.,(3,3),(0.,1.),.PIECEWISE_BEZIER_KNOTS.);
#5197 = CARTESIAN_POINT('',(-15.27716588236,35.888125717568,0.8));
#5198 = CARTESIAN_POINT('',(-15.27716588236,35.629303764797,0.8));
#5199 = CARTESIAN_POINT('',(-15.32252643078,35.367813544472,0.8));
#5200 = ORIENTED_EDGE('',*,*,#5135,.F.);
#5201 = ORIENTED_EDGE('',*,*,#1208,.F.);
#5202 = SURFACE_OF_LINEAR_EXTRUSION('',#5203,#5207);
#5203 = B_SPLINE_CURVE_WITH_KNOTS('',2,(#5204,#5205,#5206),
  .UNSPECIFIED.,.F.,.F.,(3,3),(0.,1.),.PIECEWISE_BEZIER_KNOTS.);
#5204 = CARTESIAN_POINT('',(-15.27716588236,35.888125717568,1.1));
#5205 = CARTESIAN_POINT('',(-15.27716588236,35.629303764797,1.1));
#5206 = CARTESIAN_POINT('',(-15.32252643078,35.367813544472,1.1));
#5207 = VECTOR('',#5208,1.);
#5208 = DIRECTION('',(0.,0.,1.));
#5209 = ADVANCED_FACE('',(#5210),#5228,.T.);
#5210 = FACE_BOUND('',#5211,.T.);
#5211 = EDGE_LOOP('',(#5212,#5213,#5221,#5227));
#5212 = ORIENTED_EDGE('',*,*,#5170,.T.);
#5213 = ORIENTED_EDGE('',*,*,#5214,.T.);
#5214 = EDGE_CURVE('',#5163,#5215,#5217,.T.);
#5215 = VERTEX_POINT('',#5216);
#5216 = CARTESIAN_POINT('',(-17.26502521034,35.370481812027,0.8));
#5217 = B_SPLINE_CURVE_WITH_KNOTS('',2,(#5218,#5219,#5220),
  .UNSPECIFIED.,.F.,.F.,(3,3),(0.,1.),.PIECEWISE_BEZIER_KNOTS.);
#5218 = CARTESIAN_POINT('',(-16.85411200697,34.145747004586,0.8));
#5219 = CARTESIAN_POINT('',(-17.1502897055,34.580674615943,0.8));
#5220 = CARTESIAN_POINT('',(-17.26502521034,35.370481812027,0.8));
#5221 = ORIENTED_EDGE('',*,*,#5222,.F.);
#5222 = EDGE_CURVE('',#1145,#5215,#5223,.T.);
#5223 = LINE('',#5224,#5225);
#5224 = CARTESIAN_POINT('',(-17.26502521034,35.370481812027,1.1));
#5225 = VECTOR('',#5226,1.);
#5226 = DIRECTION('',(-0.,-0.,-1.));
#5227 = ORIENTED_EDGE('',*,*,#1144,.F.);
#5228 = SURFACE_OF_LINEAR_EXTRUSION('',#5229,#5233);
#5229 = B_SPLINE_CURVE_WITH_KNOTS('',2,(#5230,#5231,#5232),
  .UNSPECIFIED.,.F.,.F.,(3,3),(0.,1.),.PIECEWISE_BEZIER_KNOTS.);
#5230 = CARTESIAN_POINT('',(-16.85411200697,34.145747004586,1.1));
#5231 = CARTESIAN_POINT('',(-17.1502897055,34.580674615943,1.1));
#5232 = CARTESIAN_POINT('',(-17.26502521034,35.370481812027,1.1));
#5233 = VECTOR('',#5234,1.);
#5234 = DIRECTION('',(0.,0.,1.));
#5235 = ADVANCED_FACE('',(#5236),#5254,.T.);
#5236 = FACE_BOUND('',#5237,.T.);
#5237 = EDGE_LOOP('',(#5238,#5246,#5252,#5253));
#5238 = ORIENTED_EDGE('',*,*,#5239,.T.);
#5239 = EDGE_CURVE('',#1193,#5240,#5242,.T.);
#5240 = VERTEX_POINT('',#5241);
#5241 = CARTESIAN_POINT('',(-15.31985816323,36.373750412458,0.8));
#5242 = LINE('',#5243,#5244);
#5243 = CARTESIAN_POINT('',(-15.31985816323,36.373750412458,1.1));
#5244 = VECTOR('',#5245,1.);
#5245 = DIRECTION('',(-0.,-0.,-1.));
#5246 = ORIENTED_EDGE('',*,*,#5247,.T.);
#5247 = EDGE_CURVE('',#5240,#5188,#5248,.T.);
#5248 = B_SPLINE_CURVE_WITH_KNOTS('',2,(#5249,#5250,#5251),
  .UNSPECIFIED.,.F.,.F.,(3,3),(0.,1.),.PIECEWISE_BEZIER_KNOTS.);
#5249 = CARTESIAN_POINT('',(-15.31985816323,36.373750412458,0.8));
#5250 = CARTESIAN_POINT('',(-15.27716588236,36.136274600122,0.8));
#5251 = CARTESIAN_POINT('',(-15.27716588236,35.888125717568,0.8));
#5252 = ORIENTED_EDGE('',*,*,#5187,.F.);
#5253 = ORIENTED_EDGE('',*,*,#1200,.F.);
#5254 = SURFACE_OF_LINEAR_EXTRUSION('',#5255,#5259);
#5255 = B_SPLINE_CURVE_WITH_KNOTS('',2,(#5256,#5257,#5258),
  .UNSPECIFIED.,.F.,.F.,(3,3),(0.,1.),.PIECEWISE_BEZIER_KNOTS.);
#5256 = CARTESIAN_POINT('',(-15.31985816323,36.373750412458,1.1));
#5257 = CARTESIAN_POINT('',(-15.27716588236,36.136274600122,1.1));
#5258 = CARTESIAN_POINT('',(-15.27716588236,35.888125717568,1.1));
#5259 = VECTOR('',#5260,1.);
#5260 = DIRECTION('',(0.,0.,1.));
#5261 = ADVANCED_FACE('',(#5262),#5280,.T.);
#5262 = FACE_BOUND('',#5263,.T.);
#5263 = EDGE_LOOP('',(#5264,#5265,#5273,#5279));
#5264 = ORIENTED_EDGE('',*,*,#5222,.T.);
#5265 = ORIENTED_EDGE('',*,*,#5266,.T.);
#5266 = EDGE_CURVE('',#5215,#5267,#5269,.T.);
#5267 = VERTEX_POINT('',#5268);
#5268 = CARTESIAN_POINT('',(-17.29971268854,35.850769971807,0.8));
#5269 = B_SPLINE_CURVE_WITH_KNOTS('',2,(#5270,#5271,#5272),
  .UNSPECIFIED.,.F.,.F.,(3,3),(0.,1.),.PIECEWISE_BEZIER_KNOTS.);
#5270 = CARTESIAN_POINT('',(-17.26502521034,35.370481812027,0.8));
#5271 = CARTESIAN_POINT('',(-17.29971268854,35.607957624363,0.8));
#5272 = CARTESIAN_POINT('',(-17.29971268854,35.850769971807,0.8));
#5273 = ORIENTED_EDGE('',*,*,#5274,.F.);
#5274 = EDGE_CURVE('',#1153,#5267,#5275,.T.);
#5275 = LINE('',#5276,#5277);
#5276 = CARTESIAN_POINT('',(-17.29971268854,35.850769971807,1.1));
#5277 = VECTOR('',#5278,1.);
#5278 = DIRECTION('',(-0.,-0.,-1.));
#5279 = ORIENTED_EDGE('',*,*,#1152,.F.);
#5280 = SURFACE_OF_LINEAR_EXTRUSION('',#5281,#5285);
#5281 = B_SPLINE_CURVE_WITH_KNOTS('',2,(#5282,#5283,#5284),
  .UNSPECIFIED.,.F.,.F.,(3,3),(0.,1.),.PIECEWISE_BEZIER_KNOTS.);
#5282 = CARTESIAN_POINT('',(-17.26502521034,35.370481812027,1.1));
#5283 = CARTESIAN_POINT('',(-17.29971268854,35.607957624363,1.1));
#5284 = CARTESIAN_POINT('',(-17.29971268854,35.850769971807,1.1));
#5285 = VECTOR('',#5286,1.);
#5286 = DIRECTION('',(0.,0.,1.));
#5287 = ADVANCED_FACE('',(#5288),#5306,.T.);
#5288 = FACE_BOUND('',#5289,.T.);
#5289 = EDGE_LOOP('',(#5290,#5298,#5304,#5305));
#5290 = ORIENTED_EDGE('',*,*,#5291,.T.);
#5291 = EDGE_CURVE('',#1185,#5292,#5294,.T.);
#5292 = VERTEX_POINT('',#5293);
#5293 = CARTESIAN_POINT('',(-15.71209349371,37.577139079464,0.8));
#5294 = LINE('',#5295,#5296);
#5295 = CARTESIAN_POINT('',(-15.71209349371,37.577139079464,1.1));
#5296 = VECTOR('',#5297,1.);
#5297 = DIRECTION('',(-0.,-0.,-1.));
#5298 = ORIENTED_EDGE('',*,*,#5299,.T.);
#5299 = EDGE_CURVE('',#5292,#5240,#5300,.T.);
#5300 = B_SPLINE_CURVE_WITH_KNOTS('',2,(#5301,#5302,#5303),
  .UNSPECIFIED.,.F.,.F.,(3,3),(0.,1.),.PIECEWISE_BEZIER_KNOTS.);
#5301 = CARTESIAN_POINT('',(-15.71209349371,37.577139079464,0.8));
#5302 = CARTESIAN_POINT('',(-15.46661287871,37.192908551639,0.8));
#5303 = CARTESIAN_POINT('',(-15.31985816323,36.373750412458,0.8));
#5304 = ORIENTED_EDGE('',*,*,#5239,.F.);
#5305 = ORIENTED_EDGE('',*,*,#1192,.F.);
#5306 = SURFACE_OF_LINEAR_EXTRUSION('',#5307,#5311);
#5307 = B_SPLINE_CURVE_WITH_KNOTS('',2,(#5308,#5309,#5310),
  .UNSPECIFIED.,.F.,.F.,(3,3),(0.,1.),.PIECEWISE_BEZIER_KNOTS.);
#5308 = CARTESIAN_POINT('',(-15.71209349371,37.577139079464,1.1));
#5309 = CARTESIAN_POINT('',(-15.46661287871,37.192908551639,1.1));
#5310 = CARTESIAN_POINT('',(-15.31985816323,36.373750412458,1.1));
#5311 = VECTOR('',#5312,1.);
#5312 = DIRECTION('',(0.,0.,1.));
#5313 = ADVANCED_FACE('',(#5314),#5332,.T.);
#5314 = FACE_BOUND('',#5315,.T.);
#5315 = EDGE_LOOP('',(#5316,#5317,#5325,#5331));
#5316 = ORIENTED_EDGE('',*,*,#5274,.T.);
#5317 = ORIENTED_EDGE('',*,*,#5318,.T.);
#5318 = EDGE_CURVE('',#5267,#5319,#5321,.T.);
#5319 = VERTEX_POINT('',#5320);
#5320 = CARTESIAN_POINT('',(-17.26235694278,36.360409074686,0.8));
#5321 = B_SPLINE_CURVE_WITH_KNOTS('',2,(#5322,#5323,#5324),
  .UNSPECIFIED.,.F.,.F.,(3,3),(0.,1.),.PIECEWISE_BEZIER_KNOTS.);
#5322 = CARTESIAN_POINT('',(-17.29971268854,35.850769971807,0.8));
#5323 = CARTESIAN_POINT('',(-17.29971268854,36.106923657024,0.8));
#5324 = CARTESIAN_POINT('',(-17.26235694278,36.360409074686,0.8));
#5325 = ORIENTED_EDGE('',*,*,#5326,.F.);
#5326 = EDGE_CURVE('',#1161,#5319,#5327,.T.);
#5327 = LINE('',#5328,#5329);
#5328 = CARTESIAN_POINT('',(-17.26235694278,36.360409074686,1.1));
#5329 = VECTOR('',#5330,1.);
#5330 = DIRECTION('',(-0.,-0.,-1.));
#5331 = ORIENTED_EDGE('',*,*,#1160,.F.);
#5332 = SURFACE_OF_LINEAR_EXTRUSION('',#5333,#5337);
#5333 = B_SPLINE_CURVE_WITH_KNOTS('',2,(#5334,#5335,#5336),
  .UNSPECIFIED.,.F.,.F.,(3,3),(0.,1.),.PIECEWISE_BEZIER_KNOTS.);
#5334 = CARTESIAN_POINT('',(-17.29971268854,35.850769971807,1.1));
#5335 = CARTESIAN_POINT('',(-17.29971268854,36.106923657024,1.1));
#5336 = CARTESIAN_POINT('',(-17.26235694278,36.360409074686,1.1));
#5337 = VECTOR('',#5338,1.);
#5338 = DIRECTION('',(0.,0.,1.));
#5339 = ADVANCED_FACE('',(#5340),#5358,.T.);
#5340 = FACE_BOUND('',#5341,.T.);
#5341 = EDGE_LOOP('',(#5342,#5350,#5356,#5357));
#5342 = ORIENTED_EDGE('',*,*,#5343,.T.);
#5343 = EDGE_CURVE('',#1177,#5344,#5346,.T.);
#5344 = VERTEX_POINT('',#5345);
#5345 = CARTESIAN_POINT('',(-16.28843928545,37.891994650876,0.8));
#5346 = LINE('',#5347,#5348);
#5347 = CARTESIAN_POINT('',(-16.28843928545,37.891994650876,1.1));
#5348 = VECTOR('',#5349,1.);
#5349 = DIRECTION('',(-0.,-0.,-1.));
#5350 = ORIENTED_EDGE('',*,*,#5351,.T.);
#5351 = EDGE_CURVE('',#5344,#5292,#5352,.T.);
#5352 = B_SPLINE_CURVE_WITH_KNOTS('',2,(#5353,#5354,#5355),
  .UNSPECIFIED.,.F.,.F.,(3,3),(0.,1.),.PIECEWISE_BEZIER_KNOTS.);
#5353 = CARTESIAN_POINT('',(-16.28843928545,37.891994650876,0.8));
#5354 = CARTESIAN_POINT('',(-15.91221356029,37.891994650876,0.8));
#5355 = CARTESIAN_POINT('',(-15.71209349371,37.577139079464,0.8));
#5356 = ORIENTED_EDGE('',*,*,#5291,.F.);
#5357 = ORIENTED_EDGE('',*,*,#1184,.F.);
#5358 = SURFACE_OF_LINEAR_EXTRUSION('',#5359,#5363);
#5359 = B_SPLINE_CURVE_WITH_KNOTS('',2,(#5360,#5361,#5362),
  .UNSPECIFIED.,.F.,.F.,(3,3),(0.,1.),.PIECEWISE_BEZIER_KNOTS.);
#5360 = CARTESIAN_POINT('',(-16.28843928545,37.891994650876,1.1));
#5361 = CARTESIAN_POINT('',(-15.91221356029,37.891994650876,1.1));
#5362 = CARTESIAN_POINT('',(-15.71209349371,37.577139079464,1.1));
#5363 = VECTOR('',#5364,1.);
#5364 = DIRECTION('',(0.,0.,1.));
#5365 = ADVANCED_FACE('',(#5366),#5384,.T.);
#5366 = FACE_BOUND('',#5367,.T.);
#5367 = EDGE_LOOP('',(#5368,#5369,#5377,#5383));
#5368 = ORIENTED_EDGE('',*,*,#5326,.T.);
#5369 = ORIENTED_EDGE('',*,*,#5370,.T.);
#5370 = EDGE_CURVE('',#5319,#5371,#5373,.T.);
#5371 = VERTEX_POINT('',#5372);
#5372 = CARTESIAN_POINT('',(-16.86478507719,37.587812149681,0.8));
#5373 = B_SPLINE_CURVE_WITH_KNOTS('',2,(#5374,#5375,#5376),
  .UNSPECIFIED.,.F.,.F.,(3,3),(0.,1.),.PIECEWISE_BEZIER_KNOTS.);
#5374 = CARTESIAN_POINT('',(-17.26235694278,36.360409074686,0.8));
#5375 = CARTESIAN_POINT('',(-17.14762143795,37.144879735661,0.8));
#5376 = CARTESIAN_POINT('',(-16.86478507719,37.587812149681,0.8));
#5377 = ORIENTED_EDGE('',*,*,#5378,.F.);
#5378 = EDGE_CURVE('',#1169,#5371,#5379,.T.);
#5379 = LINE('',#5380,#5381);
#5380 = CARTESIAN_POINT('',(-16.86478507719,37.587812149681,1.1));
#5381 = VECTOR('',#5382,1.);
#5382 = DIRECTION('',(-0.,-0.,-1.));
#5383 = ORIENTED_EDGE('',*,*,#1168,.F.);
#5384 = SURFACE_OF_LINEAR_EXTRUSION('',#5385,#5389);
#5385 = B_SPLINE_CURVE_WITH_KNOTS('',2,(#5386,#5387,#5388),
  .UNSPECIFIED.,.F.,.F.,(3,3),(0.,1.),.PIECEWISE_BEZIER_KNOTS.);
#5386 = CARTESIAN_POINT('',(-17.26235694278,36.360409074686,1.1));
#5387 = CARTESIAN_POINT('',(-17.14762143795,37.144879735661,1.1));
#5388 = CARTESIAN_POINT('',(-16.86478507719,37.587812149681,1.1));
#5389 = VECTOR('',#5390,1.);
#5390 = DIRECTION('',(0.,0.,1.));
#5391 = ADVANCED_FACE('',(#5392),#5403,.T.);
#5392 = FACE_BOUND('',#5393,.T.);
#5393 = EDGE_LOOP('',(#5394,#5395,#5401,#5402));
#5394 = ORIENTED_EDGE('',*,*,#5378,.T.);
#5395 = ORIENTED_EDGE('',*,*,#5396,.T.);
#5396 = EDGE_CURVE('',#5371,#5344,#5397,.T.);
#5397 = B_SPLINE_CURVE_WITH_KNOTS('',2,(#5398,#5399,#5400),
  .UNSPECIFIED.,.F.,.F.,(3,3),(0.,1.),.PIECEWISE_BEZIER_KNOTS.);
#5398 = CARTESIAN_POINT('',(-16.86478507719,37.587812149681,0.8));
#5399 = CARTESIAN_POINT('',(-16.67000154572,37.891994650876,0.8));
#5400 = CARTESIAN_POINT('',(-16.28843928545,37.891994650876,0.8));
#5401 = ORIENTED_EDGE('',*,*,#5343,.F.);
#5402 = ORIENTED_EDGE('',*,*,#1176,.F.);
#5403 = SURFACE_OF_LINEAR_EXTRUSION('',#5404,#5408);
#5404 = B_SPLINE_CURVE_WITH_KNOTS('',2,(#5405,#5406,#5407),
  .UNSPECIFIED.,.F.,.F.,(3,3),(0.,1.),.PIECEWISE_BEZIER_KNOTS.);
#5405 = CARTESIAN_POINT('',(-16.86478507719,37.587812149681,1.1));
#5406 = CARTESIAN_POINT('',(-16.67000154572,37.891994650876,1.1));
#5407 = CARTESIAN_POINT('',(-16.28843928545,37.891994650876,1.1));
#5408 = VECTOR('',#5409,1.);
#5409 = DIRECTION('',(0.,0.,1.));
#5410 = ADVANCED_FACE('',(#5411),#5436,.T.);
#5411 = FACE_BOUND('',#5412,.T.);
#5412 = EDGE_LOOP('',(#5413,#5421,#5429,#5435));
#5413 = ORIENTED_EDGE('',*,*,#5414,.T.);
#5414 = EDGE_CURVE('',#1225,#5415,#5417,.T.);
#5415 = VERTEX_POINT('',#5416);
#5416 = CARTESIAN_POINT('',(-18.3189908943,37.625167895442,0.8));
#5417 = LINE('',#5418,#5419);
#5418 = CARTESIAN_POINT('',(-18.3189908943,37.625167895442,1.1));
#5419 = VECTOR('',#5420,1.);
#5420 = DIRECTION('',(-0.,-0.,-1.));
#5421 = ORIENTED_EDGE('',*,*,#5422,.T.);
#5422 = EDGE_CURVE('',#5415,#5423,#5425,.T.);
#5423 = VERTEX_POINT('',#5424);
#5424 = CARTESIAN_POINT('',(-18.11353429262,37.891994650876,0.8));
#5425 = B_SPLINE_CURVE_WITH_KNOTS('',2,(#5426,#5427,#5428),
  .UNSPECIFIED.,.F.,.F.,(3,3),(0.,1.),.PIECEWISE_BEZIER_KNOTS.);
#5426 = CARTESIAN_POINT('',(-18.3189908943,37.625167895442,0.8));
#5427 = CARTESIAN_POINT('',(-18.3189908943,37.891994650876,0.8));
#5428 = CARTESIAN_POINT('',(-18.11353429262,37.891994650876,0.8));
#5429 = ORIENTED_EDGE('',*,*,#5430,.F.);
#5430 = EDGE_CURVE('',#1227,#5423,#5431,.T.);
#5431 = LINE('',#5432,#5433);
#5432 = CARTESIAN_POINT('',(-18.11353429262,37.891994650876,1.1));
#5433 = VECTOR('',#5434,1.);
#5434 = DIRECTION('',(-0.,-0.,-1.));
#5435 = ORIENTED_EDGE('',*,*,#1224,.F.);
#5436 = SURFACE_OF_LINEAR_EXTRUSION('',#5437,#5441);
#5437 = B_SPLINE_CURVE_WITH_KNOTS('',2,(#5438,#5439,#5440),
  .UNSPECIFIED.,.F.,.F.,(3,3),(0.,1.),.PIECEWISE_BEZIER_KNOTS.);
#5438 = CARTESIAN_POINT('',(-18.3189908943,37.625167895442,1.1));
#5439 = CARTESIAN_POINT('',(-18.3189908943,37.891994650876,1.1));
#5440 = CARTESIAN_POINT('',(-18.11353429262,37.891994650876,1.1));
#5441 = VECTOR('',#5442,1.);
#5442 = DIRECTION('',(0.,0.,1.));
#5443 = ADVANCED_FACE('',(#5444),#5462,.T.);
#5444 = FACE_BOUND('',#5445,.T.);
#5445 = EDGE_LOOP('',(#5446,#5454,#5460,#5461));
#5446 = ORIENTED_EDGE('',*,*,#5447,.T.);
#5447 = EDGE_CURVE('',#1243,#5448,#5450,.T.);
#5448 = VERTEX_POINT('',#5449);
#5449 = CARTESIAN_POINT('',(-18.10019295485,37.320985394248,0.8));
#5450 = LINE('',#5451,#5452);
#5451 = CARTESIAN_POINT('',(-18.10019295485,37.320985394248,1.1));
#5452 = VECTOR('',#5453,1.);
#5453 = DIRECTION('',(-0.,-0.,-1.));
#5454 = ORIENTED_EDGE('',*,*,#5455,.T.);
#5455 = EDGE_CURVE('',#5448,#5415,#5456,.T.);
#5456 = B_SPLINE_CURVE_WITH_KNOTS('',2,(#5457,#5458,#5459),
  .UNSPECIFIED.,.F.,.F.,(3,3),(0.,1.),.PIECEWISE_BEZIER_KNOTS.);
#5457 = CARTESIAN_POINT('',(-18.10019295485,37.320985394248,0.8));
#5458 = CARTESIAN_POINT('',(-18.3189908943,37.320985394248,0.8));
#5459 = CARTESIAN_POINT('',(-18.3189908943,37.625167895442,0.8));
#5460 = ORIENTED_EDGE('',*,*,#5414,.F.);
#5461 = ORIENTED_EDGE('',*,*,#1250,.F.);
#5462 = SURFACE_OF_LINEAR_EXTRUSION('',#5463,#5467);
#5463 = B_SPLINE_CURVE_WITH_KNOTS('',2,(#5464,#5465,#5466),
  .UNSPECIFIED.,.F.,.F.,(3,3),(0.,1.),.PIECEWISE_BEZIER_KNOTS.);
#5464 = CARTESIAN_POINT('',(-18.10019295485,37.320985394248,1.1));
#5465 = CARTESIAN_POINT('',(-18.3189908943,37.320985394248,1.1));
#5466 = CARTESIAN_POINT('',(-18.3189908943,37.625167895442,1.1));
#5467 = VECTOR('',#5468,1.);
#5468 = DIRECTION('',(0.,0.,1.));
#5469 = ADVANCED_FACE('',(#5470),#5488,.T.);
#5470 = FACE_BOUND('',#5471,.T.);
#5471 = EDGE_LOOP('',(#5472,#5473,#5481,#5487));
#5472 = ORIENTED_EDGE('',*,*,#5430,.T.);
#5473 = ORIENTED_EDGE('',*,*,#5474,.T.);
#5474 = EDGE_CURVE('',#5423,#5475,#5477,.T.);
#5475 = VERTEX_POINT('',#5476);
#5476 = CARTESIAN_POINT('',(-17.91341422604,37.606490022562,0.8));
#5477 = B_SPLINE_CURVE_WITH_KNOTS('',2,(#5478,#5479,#5480),
  .UNSPECIFIED.,.F.,.F.,(3,3),(0.,1.),.PIECEWISE_BEZIER_KNOTS.);
#5478 = CARTESIAN_POINT('',(-18.11353429262,37.891994650876,0.8));
#5479 = CARTESIAN_POINT('',(-17.91341422604,37.891994650876,0.8));
#5480 = CARTESIAN_POINT('',(-17.91341422604,37.606490022562,0.8));
#5481 = ORIENTED_EDGE('',*,*,#5482,.F.);
#5482 = EDGE_CURVE('',#1235,#5475,#5483,.T.);
#5483 = LINE('',#5484,#5485);
#5484 = CARTESIAN_POINT('',(-17.91341422604,37.606490022562,1.1));
#5485 = VECTOR('',#5486,1.);
#5486 = DIRECTION('',(-0.,-0.,-1.));
#5487 = ORIENTED_EDGE('',*,*,#1234,.F.);
#5488 = SURFACE_OF_LINEAR_EXTRUSION('',#5489,#5493);
#5489 = B_SPLINE_CURVE_WITH_KNOTS('',2,(#5490,#5491,#5492),
  .UNSPECIFIED.,.F.,.F.,(3,3),(0.,1.),.PIECEWISE_BEZIER_KNOTS.);
#5490 = CARTESIAN_POINT('',(-18.11353429262,37.891994650876,1.1));
#5491 = CARTESIAN_POINT('',(-17.91341422604,37.891994650876,1.1));
#5492 = CARTESIAN_POINT('',(-17.91341422604,37.606490022562,1.1));
#5493 = VECTOR('',#5494,1.);
#5494 = DIRECTION('',(0.,0.,1.));
#5495 = ADVANCED_FACE('',(#5496),#5507,.T.);
#5496 = FACE_BOUND('',#5497,.T.);
#5497 = EDGE_LOOP('',(#5498,#5499,#5505,#5506));
#5498 = ORIENTED_EDGE('',*,*,#5482,.T.);
#5499 = ORIENTED_EDGE('',*,*,#5500,.T.);
#5500 = EDGE_CURVE('',#5475,#5448,#5501,.T.);
#5501 = B_SPLINE_CURVE_WITH_KNOTS('',2,(#5502,#5503,#5504),
  .UNSPECIFIED.,.F.,.F.,(3,3),(0.,1.),.PIECEWISE_BEZIER_KNOTS.);
#5502 = CARTESIAN_POINT('',(-17.91341422604,37.606490022562,0.8));
#5503 = CARTESIAN_POINT('',(-17.91341422604,37.320985394248,0.8));
#5504 = CARTESIAN_POINT('',(-18.10019295485,37.320985394248,0.8));
#5505 = ORIENTED_EDGE('',*,*,#5447,.F.);
#5506 = ORIENTED_EDGE('',*,*,#1242,.F.);
#5507 = SURFACE_OF_LINEAR_EXTRUSION('',#5508,#5512);
#5508 = B_SPLINE_CURVE_WITH_KNOTS('',2,(#5509,#5510,#5511),
  .UNSPECIFIED.,.F.,.F.,(3,3),(0.,1.),.PIECEWISE_BEZIER_KNOTS.);
#5509 = CARTESIAN_POINT('',(-17.91341422604,37.606490022562,1.1));
#5510 = CARTESIAN_POINT('',(-17.91341422604,37.320985394248,1.1));
#5511 = CARTESIAN_POINT('',(-18.10019295485,37.320985394248,1.1));
#5512 = VECTOR('',#5513,1.);
#5513 = DIRECTION('',(0.,0.,1.));
#5514 = ADVANCED_FACE('',(#5515),#5540,.T.);
#5515 = FACE_BOUND('',#5516,.T.);
#5516 = EDGE_LOOP('',(#5517,#5525,#5533,#5539));
#5517 = ORIENTED_EDGE('',*,*,#5518,.T.);
#5518 = EDGE_CURVE('',#1259,#5519,#5521,.T.);
#5519 = VERTEX_POINT('',#5520);
#5520 = CARTESIAN_POINT('',(-13.7375755035,37.075504779248,0.8));
#5521 = LINE('',#5522,#5523);
#5522 = CARTESIAN_POINT('',(-13.7375755035,37.075504779248,1.1));
#5523 = VECTOR('',#5524,1.);
#5524 = DIRECTION('',(-0.,-0.,-1.));
#5525 = ORIENTED_EDGE('',*,*,#5526,.T.);
#5526 = EDGE_CURVE('',#5519,#5527,#5529,.T.);
#5527 = VERTEX_POINT('',#5528);
#5528 = CARTESIAN_POINT('',(-14.35661357611,35.221058828984,0.8));
#5529 = B_SPLINE_CURVE_WITH_KNOTS('',2,(#5530,#5531,#5532),
  .UNSPECIFIED.,.F.,.F.,(3,3),(0.,1.),.PIECEWISE_BEZIER_KNOTS.);
#5530 = CARTESIAN_POINT('',(-13.7375755035,37.075504779248,0.8));
#5531 = CARTESIAN_POINT('',(-13.7375755035,37.075504779248,0.8));
#5532 = CARTESIAN_POINT('',(-14.35661357611,35.221058828984,0.8));
#5533 = ORIENTED_EDGE('',*,*,#5534,.F.);
#5534 = EDGE_CURVE('',#1261,#5527,#5535,.T.);
#5535 = LINE('',#5536,#5537);
#5536 = CARTESIAN_POINT('',(-14.35661357611,35.221058828984,1.1));
#5537 = VECTOR('',#5538,1.);
#5538 = DIRECTION('',(-0.,-0.,-1.));
#5539 = ORIENTED_EDGE('',*,*,#1258,.F.);
#5540 = SURFACE_OF_LINEAR_EXTRUSION('',#5541,#5545);
#5541 = B_SPLINE_CURVE_WITH_KNOTS('',2,(#5542,#5543,#5544),
  .UNSPECIFIED.,.F.,.F.,(3,3),(0.,1.),.PIECEWISE_BEZIER_KNOTS.);
#5542 = CARTESIAN_POINT('',(-13.7375755035,37.075504779248,1.1));
#5543 = CARTESIAN_POINT('',(-13.7375755035,37.075504779248,1.1));
#5544 = CARTESIAN_POINT('',(-14.35661357611,35.221058828984,1.1));
#5545 = VECTOR('',#5546,1.);
#5546 = DIRECTION('',(0.,0.,1.));
#5547 = ADVANCED_FACE('',(#5548),#5566,.T.);
#5548 = FACE_BOUND('',#5549,.T.);
#5549 = EDGE_LOOP('',(#5550,#5558,#5564,#5565));
#5550 = ORIENTED_EDGE('',*,*,#5551,.T.);
#5551 = EDGE_CURVE('',#1341,#5552,#5554,.T.);
#5552 = VERTEX_POINT('',#5553);
#5553 = CARTESIAN_POINT('',(-13.12654223356,35.253078039636,0.8));
#5554 = LINE('',#5555,#5556);
#5555 = CARTESIAN_POINT('',(-13.12654223356,35.253078039636,1.1));
#5556 = VECTOR('',#5557,1.);
#5557 = DIRECTION('',(-0.,-0.,-1.));
#5558 = ORIENTED_EDGE('',*,*,#5559,.T.);
#5559 = EDGE_CURVE('',#5552,#5519,#5560,.T.);
#5560 = B_SPLINE_CURVE_WITH_KNOTS('',2,(#5561,#5562,#5563),
  .UNSPECIFIED.,.F.,.F.,(3,3),(0.,1.),.PIECEWISE_BEZIER_KNOTS.);
#5561 = CARTESIAN_POINT('',(-13.12654223356,35.253078039636,0.8));
#5562 = CARTESIAN_POINT('',(-13.12654223356,35.253078039636,0.8));
#5563 = CARTESIAN_POINT('',(-13.7375755035,37.075504779248,0.8));
#5564 = ORIENTED_EDGE('',*,*,#5518,.F.);
#5565 = ORIENTED_EDGE('',*,*,#1348,.F.);
#5566 = SURFACE_OF_LINEAR_EXTRUSION('',#5567,#5571);
#5567 = B_SPLINE_CURVE_WITH_KNOTS('',2,(#5568,#5569,#5570),
  .UNSPECIFIED.,.F.,.F.,(3,3),(0.,1.),.PIECEWISE_BEZIER_KNOTS.);
#5568 = CARTESIAN_POINT('',(-13.12654223356,35.253078039636,1.1));
#5569 = CARTESIAN_POINT('',(-13.12654223356,35.253078039636,1.1));
#5570 = CARTESIAN_POINT('',(-13.7375755035,37.075504779248,1.1));
#5571 = VECTOR('',#5572,1.);
#5572 = DIRECTION('',(0.,0.,1.));
#5573 = ADVANCED_FACE('',(#5574),#5592,.T.);
#5574 = FACE_BOUND('',#5575,.T.);
#5575 = EDGE_LOOP('',(#5576,#5577,#5585,#5591));
#5576 = ORIENTED_EDGE('',*,*,#5534,.T.);
#5577 = ORIENTED_EDGE('',*,*,#5578,.T.);
#5578 = EDGE_CURVE('',#5527,#5579,#5581,.T.);
#5579 = VERTEX_POINT('',#5580);
#5580 = CARTESIAN_POINT('',(-14.55406537513,35.079640648604,0.8));
#5581 = B_SPLINE_CURVE_WITH_KNOTS('',2,(#5582,#5583,#5584),
  .UNSPECIFIED.,.F.,.F.,(3,3),(0.,1.),.PIECEWISE_BEZIER_KNOTS.);
#5582 = CARTESIAN_POINT('',(-14.35661357611,35.221058828984,0.8));
#5583 = CARTESIAN_POINT('',(-14.40197412453,35.079640648604,0.8));
#5584 = CARTESIAN_POINT('',(-14.55406537513,35.079640648604,0.8));
#5585 = ORIENTED_EDGE('',*,*,#5586,.F.);
#5586 = EDGE_CURVE('',#1269,#5579,#5587,.T.);
#5587 = LINE('',#5588,#5589);
#5588 = CARTESIAN_POINT('',(-14.55406537513,35.079640648604,1.1));
#5589 = VECTOR('',#5590,1.);
#5590 = DIRECTION('',(-0.,-0.,-1.));
#5591 = ORIENTED_EDGE('',*,*,#1268,.F.);
#5592 = SURFACE_OF_LINEAR_EXTRUSION('',#5593,#5597);
#5593 = B_SPLINE_CURVE_WITH_KNOTS('',2,(#5594,#5595,#5596),
  .UNSPECIFIED.,.F.,.F.,(3,3),(0.,1.),.PIECEWISE_BEZIER_KNOTS.);
#5594 = CARTESIAN_POINT('',(-14.35661357611,35.221058828984,1.1));
#5595 = CARTESIAN_POINT('',(-14.40197412453,35.079640648604,1.1));
#5596 = CARTESIAN_POINT('',(-14.55406537513,35.079640648604,1.1));
#5597 = VECTOR('',#5598,1.);
#5598 = DIRECTION('',(0.,0.,1.));
#5599 = ADVANCED_FACE('',(#5600),#5618,.T.);
#5600 = FACE_BOUND('',#5601,.T.);
#5601 = EDGE_LOOP('',(#5602,#5610,#5616,#5617));
#5602 = ORIENTED_EDGE('',*,*,#5603,.T.);
#5603 = EDGE_CURVE('',#1333,#5604,#5606,.T.);
#5604 = VERTEX_POINT('',#5605);
#5605 = CARTESIAN_POINT('',(-12.96377791275,35.079640648604,0.8));
#5606 = LINE('',#5607,#5608);
#5607 = CARTESIAN_POINT('',(-12.96377791275,35.079640648604,1.1));
#5608 = VECTOR('',#5609,1.);
#5609 = DIRECTION('',(-0.,-0.,-1.));
#5610 = ORIENTED_EDGE('',*,*,#5611,.T.);
#5611 = EDGE_CURVE('',#5604,#5552,#5612,.T.);
#5612 = B_SPLINE_CURVE_WITH_KNOTS('',2,(#5613,#5614,#5615),
  .UNSPECIFIED.,.F.,.F.,(3,3),(0.,1.),.PIECEWISE_BEZIER_KNOTS.);
#5613 = CARTESIAN_POINT('',(-12.96377791275,35.079640648604,0.8));
#5614 = CARTESIAN_POINT('',(-13.07050861492,35.079640648604,0.8));
#5615 = CARTESIAN_POINT('',(-13.12654223356,35.253078039636,0.8));
#5616 = ORIENTED_EDGE('',*,*,#5551,.F.);
#5617 = ORIENTED_EDGE('',*,*,#1340,.F.);
#5618 = SURFACE_OF_LINEAR_EXTRUSION('',#5619,#5623);
#5619 = B_SPLINE_CURVE_WITH_KNOTS('',2,(#5620,#5621,#5622),
  .UNSPECIFIED.,.F.,.F.,(3,3),(0.,1.),.PIECEWISE_BEZIER_KNOTS.);
#5620 = CARTESIAN_POINT('',(-12.96377791275,35.079640648604,1.1));
#5621 = CARTESIAN_POINT('',(-13.07050861492,35.079640648604,1.1));
#5622 = CARTESIAN_POINT('',(-13.12654223356,35.253078039636,1.1));
#5623 = VECTOR('',#5624,1.);
#5624 = DIRECTION('',(0.,0.,1.));
#5625 = ADVANCED_FACE('',(#5626),#5644,.T.);
#5626 = FACE_BOUND('',#5627,.T.);
#5627 = EDGE_LOOP('',(#5628,#5629,#5637,#5643));
#5628 = ORIENTED_EDGE('',*,*,#5586,.T.);
#5629 = ORIENTED_EDGE('',*,*,#5630,.T.);
#5630 = EDGE_CURVE('',#5579,#5631,#5633,.T.);
#5631 = VERTEX_POINT('',#5632);
#5632 = CARTESIAN_POINT('',(-14.74351237149,35.245073236973,0.8));
#5633 = B_SPLINE_CURVE_WITH_KNOTS('',2,(#5634,#5635,#5636),
  .UNSPECIFIED.,.F.,.F.,(3,3),(0.,1.),.PIECEWISE_BEZIER_KNOTS.);
#5634 = CARTESIAN_POINT('',(-14.55406537513,35.079640648604,0.8));
#5635 = CARTESIAN_POINT('',(-14.74351237149,35.079640648604,0.8));
#5636 = CARTESIAN_POINT('',(-14.74351237149,35.245073236973,0.8));
#5637 = ORIENTED_EDGE('',*,*,#5638,.F.);
#5638 = EDGE_CURVE('',#1277,#5631,#5639,.T.);
#5639 = LINE('',#5640,#5641);
#5640 = CARTESIAN_POINT('',(-14.74351237149,35.245073236973,1.1));
#5641 = VECTOR('',#5642,1.);
#5642 = DIRECTION('',(-0.,-0.,-1.));
#5643 = ORIENTED_EDGE('',*,*,#1276,.F.);
#5644 = SURFACE_OF_LINEAR_EXTRUSION('',#5645,#5649);
#5645 = B_SPLINE_CURVE_WITH_KNOTS('',2,(#5646,#5647,#5648),
  .UNSPECIFIED.,.F.,.F.,(3,3),(0.,1.),.PIECEWISE_BEZIER_KNOTS.);
#5646 = CARTESIAN_POINT('',(-14.55406537513,35.079640648604,1.1));
#5647 = CARTESIAN_POINT('',(-14.74351237149,35.079640648604,1.1));
#5648 = CARTESIAN_POINT('',(-14.74351237149,35.245073236973,1.1));
#5649 = VECTOR('',#5650,1.);
#5650 = DIRECTION('',(0.,0.,1.));
#5651 = ADVANCED_FACE('',(#5652),#5670,.T.);
#5652 = FACE_BOUND('',#5653,.T.);
#5653 = EDGE_LOOP('',(#5654,#5662,#5668,#5669));
#5654 = ORIENTED_EDGE('',*,*,#5655,.T.);
#5655 = EDGE_CURVE('',#1325,#5656,#5658,.T.);
#5656 = VERTEX_POINT('',#5657);
#5657 = CARTESIAN_POINT('',(-12.73163863552,35.258414574744,0.8));
#5658 = LINE('',#5659,#5660);
#5659 = CARTESIAN_POINT('',(-12.73163863552,35.258414574744,1.1));
#5660 = VECTOR('',#5661,1.);
#5661 = DIRECTION('',(-0.,-0.,-1.));
#5662 = ORIENTED_EDGE('',*,*,#5663,.T.);
#5663 = EDGE_CURVE('',#5656,#5604,#5664,.T.);
#5664 = B_SPLINE_CURVE_WITH_KNOTS('',2,(#5665,#5666,#5667),
  .UNSPECIFIED.,.F.,.F.,(3,3),(0.,1.),.PIECEWISE_BEZIER_KNOTS.);
#5665 = CARTESIAN_POINT('',(-12.73163863552,35.258414574744,0.8));
#5666 = CARTESIAN_POINT('',(-12.73163863552,35.079640648604,0.8));
#5667 = CARTESIAN_POINT('',(-12.96377791275,35.079640648604,0.8));
#5668 = ORIENTED_EDGE('',*,*,#5603,.F.);
#5669 = ORIENTED_EDGE('',*,*,#1332,.F.);
#5670 = SURFACE_OF_LINEAR_EXTRUSION('',#5671,#5675);
#5671 = B_SPLINE_CURVE_WITH_KNOTS('',2,(#5672,#5673,#5674),
  .UNSPECIFIED.,.F.,.F.,(3,3),(0.,1.),.PIECEWISE_BEZIER_KNOTS.);
#5672 = CARTESIAN_POINT('',(-12.73163863552,35.258414574744,1.1));
#5673 = CARTESIAN_POINT('',(-12.73163863552,35.079640648604,1.1));
#5674 = CARTESIAN_POINT('',(-12.96377791275,35.079640648604,1.1));
#5675 = VECTOR('',#5676,1.);
#5676 = DIRECTION('',(0.,0.,1.));
#5677 = ADVANCED_FACE('',(#5678),#5696,.T.);
#5678 = FACE_BOUND('',#5679,.T.);
#5679 = EDGE_LOOP('',(#5680,#5681,#5689,#5695));
#5680 = ORIENTED_EDGE('',*,*,#5638,.T.);
#5681 = ORIENTED_EDGE('',*,*,#5682,.T.);
#5682 = EDGE_CURVE('',#5631,#5683,#5685,.T.);
#5683 = VERTEX_POINT('',#5684);
#5684 = CARTESIAN_POINT('',(-14.72483449861,35.351803939146,0.8));
#5685 = B_SPLINE_CURVE_WITH_KNOTS('',2,(#5686,#5687,#5688),
  .UNSPECIFIED.,.F.,.F.,(3,3),(0.,1.),.PIECEWISE_BEZIER_KNOTS.);
#5686 = CARTESIAN_POINT('',(-14.74351237149,35.245073236973,0.8));
#5687 = CARTESIAN_POINT('',(-14.74351237149,35.295770320505,0.8));
#5688 = CARTESIAN_POINT('',(-14.72483449861,35.351803939146,0.8));
#5689 = ORIENTED_EDGE('',*,*,#5690,.F.);
#5690 = EDGE_CURVE('',#1285,#5683,#5691,.T.);
#5691 = LINE('',#5692,#5693);
#5692 = CARTESIAN_POINT('',(-14.72483449861,35.351803939146,1.1));
#5693 = VECTOR('',#5694,1.);
#5694 = DIRECTION('',(-0.,-0.,-1.));
#5695 = ORIENTED_EDGE('',*,*,#1284,.F.);
#5696 = SURFACE_OF_LINEAR_EXTRUSION('',#5697,#5701);
#5697 = B_SPLINE_CURVE_WITH_KNOTS('',2,(#5698,#5699,#5700),
  .UNSPECIFIED.,.F.,.F.,(3,3),(0.,1.),.PIECEWISE_BEZIER_KNOTS.);
#5698 = CARTESIAN_POINT('',(-14.74351237149,35.245073236973,1.1));
#5699 = CARTESIAN_POINT('',(-14.74351237149,35.295770320505,1.1));
#5700 = CARTESIAN_POINT('',(-14.72483449861,35.351803939146,1.1));
#5701 = VECTOR('',#5702,1.);
#5702 = DIRECTION('',(0.,0.,1.));
#5703 = ADVANCED_FACE('',(#5704),#5722,.T.);
#5704 = FACE_BOUND('',#5705,.T.);
#5705 = EDGE_LOOP('',(#5706,#5714,#5720,#5721));
#5706 = ORIENTED_EDGE('',*,*,#5707,.T.);
#5707 = EDGE_CURVE('',#1317,#5708,#5710,.T.);
#5708 = VERTEX_POINT('',#5709);
#5709 = CARTESIAN_POINT('',(-12.75565304351,35.373150079581,0.8));
#5710 = LINE('',#5711,#5712);
#5711 = CARTESIAN_POINT('',(-12.75565304351,35.373150079581,1.1));
#5712 = VECTOR('',#5713,1.);
#5713 = DIRECTION('',(-0.,-0.,-1.));
#5714 = ORIENTED_EDGE('',*,*,#5715,.T.);
#5715 = EDGE_CURVE('',#5708,#5656,#5716,.T.);
#5716 = B_SPLINE_CURVE_WITH_KNOTS('',2,(#5717,#5718,#5719),
  .UNSPECIFIED.,.F.,.F.,(3,3),(0.,1.),.PIECEWISE_BEZIER_KNOTS.);
#5717 = CARTESIAN_POINT('',(-12.75565304351,35.373150079581,0.8));
#5718 = CARTESIAN_POINT('',(-12.73163863552,35.301106855614,0.8));
#5719 = CARTESIAN_POINT('',(-12.73163863552,35.258414574744,0.8));
#5720 = ORIENTED_EDGE('',*,*,#5655,.F.);
#5721 = ORIENTED_EDGE('',*,*,#1324,.F.);
#5722 = SURFACE_OF_LINEAR_EXTRUSION('',#5723,#5727);
#5723 = B_SPLINE_CURVE_WITH_KNOTS('',2,(#5724,#5725,#5726),
  .UNSPECIFIED.,.F.,.F.,(3,3),(0.,1.),.PIECEWISE_BEZIER_KNOTS.);
#5724 = CARTESIAN_POINT('',(-12.75565304351,35.373150079581,1.1));
#5725 = CARTESIAN_POINT('',(-12.73163863552,35.301106855614,1.1));
#5726 = CARTESIAN_POINT('',(-12.73163863552,35.258414574744,1.1));
#5727 = VECTOR('',#5728,1.);
#5728 = DIRECTION('',(0.,0.,1.));
#5729 = ADVANCED_FACE('',(#5730),#5748,.T.);
#5730 = FACE_BOUND('',#5731,.T.);
#5731 = EDGE_LOOP('',(#5732,#5733,#5741,#5747));
#5732 = ORIENTED_EDGE('',*,*,#5690,.T.);
#5733 = ORIENTED_EDGE('',*,*,#5734,.T.);
#5734 = EDGE_CURVE('',#5683,#5735,#5737,.T.);
#5735 = VERTEX_POINT('',#5736);
#5736 = CARTESIAN_POINT('',(-13.93502730252,37.710552457181,0.8));
#5737 = B_SPLINE_CURVE_WITH_KNOTS('',2,(#5738,#5739,#5740),
  .UNSPECIFIED.,.F.,.F.,(3,3),(0.,1.),.PIECEWISE_BEZIER_KNOTS.);
#5738 = CARTESIAN_POINT('',(-14.72483449861,35.351803939146,0.8));
#5739 = CARTESIAN_POINT('',(-14.72483449861,35.351803939146,0.8));
#5740 = CARTESIAN_POINT('',(-13.93502730252,37.710552457181,0.8));
#5741 = ORIENTED_EDGE('',*,*,#5742,.F.);
#5742 = EDGE_CURVE('',#1293,#5735,#5743,.T.);
#5743 = LINE('',#5744,#5745);
#5744 = CARTESIAN_POINT('',(-13.93502730252,37.710552457181,1.1));
#5745 = VECTOR('',#5746,1.);
#5746 = DIRECTION('',(-0.,-0.,-1.));
#5747 = ORIENTED_EDGE('',*,*,#1292,.F.);
#5748 = SURFACE_OF_LINEAR_EXTRUSION('',#5749,#5753);
#5749 = B_SPLINE_CURVE_WITH_KNOTS('',2,(#5750,#5751,#5752),
  .UNSPECIFIED.,.F.,.F.,(3,3),(0.,1.),.PIECEWISE_BEZIER_KNOTS.);
#5750 = CARTESIAN_POINT('',(-14.72483449861,35.351803939146,1.1));
#5751 = CARTESIAN_POINT('',(-14.72483449861,35.351803939146,1.1));
#5752 = CARTESIAN_POINT('',(-13.93502730252,37.710552457181,1.1));
#5753 = VECTOR('',#5754,1.);
#5754 = DIRECTION('',(0.,0.,1.));
#5755 = ADVANCED_FACE('',(#5756),#5774,.T.);
#5756 = FACE_BOUND('',#5757,.T.);
#5757 = EDGE_LOOP('',(#5758,#5766,#5772,#5773));
#5758 = ORIENTED_EDGE('',*,*,#5759,.T.);
#5759 = EDGE_CURVE('',#1309,#5760,#5762,.T.);
#5760 = VERTEX_POINT('',#5761);
#5761 = CARTESIAN_POINT('',(-13.54279197204,37.731898597616,0.8));
#5762 = LINE('',#5763,#5764);
#5763 = CARTESIAN_POINT('',(-13.54279197204,37.731898597616,1.1));
#5764 = VECTOR('',#5765,1.);
#5765 = DIRECTION('',(-0.,-0.,-1.));
#5766 = ORIENTED_EDGE('',*,*,#5767,.T.);
#5767 = EDGE_CURVE('',#5760,#5708,#5768,.T.);
#5768 = B_SPLINE_CURVE_WITH_KNOTS('',2,(#5769,#5770,#5771),
  .UNSPECIFIED.,.F.,.F.,(3,3),(0.,1.),.PIECEWISE_BEZIER_KNOTS.);
#5769 = CARTESIAN_POINT('',(-13.54279197204,37.731898597616,0.8));
#5770 = CARTESIAN_POINT('',(-13.54279197204,37.731898597616,0.8));
#5771 = CARTESIAN_POINT('',(-12.75565304351,35.373150079581,0.8));
#5772 = ORIENTED_EDGE('',*,*,#5707,.F.);
#5773 = ORIENTED_EDGE('',*,*,#1316,.F.);
#5774 = SURFACE_OF_LINEAR_EXTRUSION('',#5775,#5779);
#5775 = B_SPLINE_CURVE_WITH_KNOTS('',2,(#5776,#5777,#5778),
  .UNSPECIFIED.,.F.,.F.,(3,3),(0.,1.),.PIECEWISE_BEZIER_KNOTS.);
#5776 = CARTESIAN_POINT('',(-13.54279197204,37.731898597616,1.1));
#5777 = CARTESIAN_POINT('',(-13.54279197204,37.731898597616,1.1));
#5778 = CARTESIAN_POINT('',(-12.75565304351,35.373150079581,1.1));
#5779 = VECTOR('',#5780,1.);
#5780 = DIRECTION('',(0.,0.,1.));
#5781 = ADVANCED_FACE('',(#5782),#5800,.T.);
#5782 = FACE_BOUND('',#5783,.T.);
#5783 = EDGE_LOOP('',(#5784,#5785,#5793,#5799));
#5784 = ORIENTED_EDGE('',*,*,#5742,.T.);
#5785 = ORIENTED_EDGE('',*,*,#5786,.T.);
#5786 = EDGE_CURVE('',#5735,#5787,#5789,.T.);
#5787 = VERTEX_POINT('',#5788);
#5788 = CARTESIAN_POINT('',(-13.74024377106,37.891994650876,0.8));
#5789 = B_SPLINE_CURVE_WITH_KNOTS('',2,(#5790,#5791,#5792),
  .UNSPECIFIED.,.F.,.F.,(3,3),(0.,1.),.PIECEWISE_BEZIER_KNOTS.);
#5790 = CARTESIAN_POINT('',(-13.93502730252,37.710552457181,0.8));
#5791 = CARTESIAN_POINT('',(-13.87632541633,37.891994650876,0.8));
#5792 = CARTESIAN_POINT('',(-13.74024377106,37.891994650876,0.8));
#5793 = ORIENTED_EDGE('',*,*,#5794,.F.);
#5794 = EDGE_CURVE('',#1301,#5787,#5795,.T.);
#5795 = LINE('',#5796,#5797);
#5796 = CARTESIAN_POINT('',(-13.74024377106,37.891994650876,1.1));
#5797 = VECTOR('',#5798,1.);
#5798 = DIRECTION('',(-0.,-0.,-1.));
#5799 = ORIENTED_EDGE('',*,*,#1300,.F.);
#5800 = SURFACE_OF_LINEAR_EXTRUSION('',#5801,#5805);
#5801 = B_SPLINE_CURVE_WITH_KNOTS('',2,(#5802,#5803,#5804),
  .UNSPECIFIED.,.F.,.F.,(3,3),(0.,1.),.PIECEWISE_BEZIER_KNOTS.);
#5802 = CARTESIAN_POINT('',(-13.93502730252,37.710552457181,1.1));
#5803 = CARTESIAN_POINT('',(-13.87632541633,37.891994650876,1.1));
#5804 = CARTESIAN_POINT('',(-13.74024377106,37.891994650876,1.1));
#5805 = VECTOR('',#5806,1.);
#5806 = DIRECTION('',(0.,0.,1.));
#5807 = ADVANCED_FACE('',(#5808),#5819,.T.);
#5808 = FACE_BOUND('',#5809,.T.);
#5809 = EDGE_LOOP('',(#5810,#5811,#5817,#5818));
#5810 = ORIENTED_EDGE('',*,*,#5794,.T.);
#5811 = ORIENTED_EDGE('',*,*,#5812,.T.);
#5812 = EDGE_CURVE('',#5787,#5760,#5813,.T.);
#5813 = B_SPLINE_CURVE_WITH_KNOTS('',2,(#5814,#5815,#5816),
  .UNSPECIFIED.,.F.,.F.,(3,3),(0.,1.),.PIECEWISE_BEZIER_KNOTS.);
#5814 = CARTESIAN_POINT('',(-13.74024377106,37.891994650876,0.8));
#5815 = CARTESIAN_POINT('',(-13.59882559068,37.891994650876,0.8));
#5816 = CARTESIAN_POINT('',(-13.54279197204,37.731898597616,0.8));
#5817 = ORIENTED_EDGE('',*,*,#5759,.F.);
#5818 = ORIENTED_EDGE('',*,*,#1308,.F.);
#5819 = SURFACE_OF_LINEAR_EXTRUSION('',#5820,#5824);
#5820 = B_SPLINE_CURVE_WITH_KNOTS('',2,(#5821,#5822,#5823),
  .UNSPECIFIED.,.F.,.F.,(3,3),(0.,1.),.PIECEWISE_BEZIER_KNOTS.);
#5821 = CARTESIAN_POINT('',(-13.74024377106,37.891994650876,1.1));
#5822 = CARTESIAN_POINT('',(-13.59882559068,37.891994650876,1.1));
#5823 = CARTESIAN_POINT('',(-13.54279197204,37.731898597616,1.1));
#5824 = VECTOR('',#5825,1.);
#5825 = DIRECTION('',(0.,0.,1.));
#5826 = ADVANCED_FACE('',(#5827),#5852,.T.);
#5827 = FACE_BOUND('',#5828,.T.);
#5828 = EDGE_LOOP('',(#5829,#5837,#5845,#5851));
#5829 = ORIENTED_EDGE('',*,*,#5830,.T.);
#5830 = EDGE_CURVE('',#1357,#5831,#5833,.T.);
#5831 = VERTEX_POINT('',#5832);
#5832 = CARTESIAN_POINT('',(-10.19144792379,36.285697583164,0.8));
#5833 = LINE('',#5834,#5835);
#5834 = CARTESIAN_POINT('',(-10.19144792379,36.285697583164,1.1));
#5835 = VECTOR('',#5836,1.);
#5836 = DIRECTION('',(-0.,-0.,-1.));
#5837 = ORIENTED_EDGE('',*,*,#5838,.T.);
#5838 = EDGE_CURVE('',#5831,#5839,#5841,.T.);
#5839 = VERTEX_POINT('',#5840);
#5840 = CARTESIAN_POINT('',(-10.39690452547,36.101587121915,0.8));
#5841 = B_SPLINE_CURVE_WITH_KNOTS('',2,(#5842,#5843,#5844),
  .UNSPECIFIED.,.F.,.F.,(3,3),(0.,1.),.PIECEWISE_BEZIER_KNOTS.);
#5842 = CARTESIAN_POINT('',(-10.19144792379,36.285697583164,0.8));
#5843 = CARTESIAN_POINT('',(-10.19144792379,36.101587121915,0.8));
#5844 = CARTESIAN_POINT('',(-10.39690452547,36.101587121915,0.8));
#5845 = ORIENTED_EDGE('',*,*,#5846,.F.);
#5846 = EDGE_CURVE('',#1359,#5839,#5847,.T.);
#5847 = LINE('',#5848,#5849);
#5848 = CARTESIAN_POINT('',(-10.39690452547,36.101587121915,1.1));
#5849 = VECTOR('',#5850,1.);
#5850 = DIRECTION('',(-0.,-0.,-1.));
#5851 = ORIENTED_EDGE('',*,*,#1356,.F.);
#5852 = SURFACE_OF_LINEAR_EXTRUSION('',#5853,#5857);
#5853 = B_SPLINE_CURVE_WITH_KNOTS('',2,(#5854,#5855,#5856),
  .UNSPECIFIED.,.F.,.F.,(3,3),(0.,1.),.PIECEWISE_BEZIER_KNOTS.);
#5854 = CARTESIAN_POINT('',(-10.19144792379,36.285697583164,1.1));
#5855 = CARTESIAN_POINT('',(-10.19144792379,36.101587121915,1.1));
#5856 = CARTESIAN_POINT('',(-10.39690452547,36.101587121915,1.1));
#5857 = VECTOR('',#5858,1.);
#5858 = DIRECTION('',(0.,0.,1.));
#5859 = ADVANCED_FACE('',(#5860),#5878,.T.);
#5860 = FACE_BOUND('',#5861,.T.);
#5861 = EDGE_LOOP('',(#5862,#5870,#5876,#5877));
#5862 = ORIENTED_EDGE('',*,*,#5863,.T.);
#5863 = EDGE_CURVE('',#1391,#5864,#5866,.T.);
#5864 = VERTEX_POINT('',#5865);
#5865 = CARTESIAN_POINT('',(-10.38889972281,36.48581764974,0.8));
#5866 = LINE('',#5867,#5868);
#5867 = CARTESIAN_POINT('',(-10.38889972281,36.48581764974,1.1));
#5868 = VECTOR('',#5869,1.);
#5869 = DIRECTION('',(-0.,-0.,-1.));
#5870 = ORIENTED_EDGE('',*,*,#5871,.T.);
#5871 = EDGE_CURVE('',#5864,#5831,#5872,.T.);
#5872 = B_SPLINE_CURVE_WITH_KNOTS('',2,(#5873,#5874,#5875),
  .UNSPECIFIED.,.F.,.F.,(3,3),(0.,1.),.PIECEWISE_BEZIER_KNOTS.);
#5873 = CARTESIAN_POINT('',(-10.38889972281,36.48581764974,0.8));
#5874 = CARTESIAN_POINT('',(-10.19144792379,36.48581764974,0.8));
#5875 = CARTESIAN_POINT('',(-10.19144792379,36.285697583164,0.8));
#5876 = ORIENTED_EDGE('',*,*,#5830,.F.);
#5877 = ORIENTED_EDGE('',*,*,#1398,.F.);
#5878 = SURFACE_OF_LINEAR_EXTRUSION('',#5879,#5883);
#5879 = B_SPLINE_CURVE_WITH_KNOTS('',2,(#5880,#5881,#5882),
  .UNSPECIFIED.,.F.,.F.,(3,3),(0.,1.),.PIECEWISE_BEZIER_KNOTS.);
#5880 = CARTESIAN_POINT('',(-10.38889972281,36.48581764974,1.1));
#5881 = CARTESIAN_POINT('',(-10.19144792379,36.48581764974,1.1));
#5882 = CARTESIAN_POINT('',(-10.19144792379,36.285697583164,1.1));
#5883 = VECTOR('',#5884,1.);
#5884 = DIRECTION('',(0.,0.,1.));
#5885 = ADVANCED_FACE('',(#5886),#5904,.T.);
#5886 = FACE_BOUND('',#5887,.T.);
#5887 = EDGE_LOOP('',(#5888,#5889,#5897,#5903));
#5888 = ORIENTED_EDGE('',*,*,#5846,.T.);
#5889 = ORIENTED_EDGE('',*,*,#5890,.T.);
#5890 = EDGE_CURVE('',#5839,#5891,#5893,.T.);
#5891 = VERTEX_POINT('',#5892);
#5892 = CARTESIAN_POINT('',(-12.00586986074,36.101587121915,0.8));
#5893 = B_SPLINE_CURVE_WITH_KNOTS('',2,(#5894,#5895,#5896),
  .UNSPECIFIED.,.F.,.F.,(3,3),(0.,1.),.PIECEWISE_BEZIER_KNOTS.);
#5894 = CARTESIAN_POINT('',(-10.39690452547,36.101587121915,0.8));
#5895 = CARTESIAN_POINT('',(-10.39690452547,36.101587121915,0.8));
#5896 = CARTESIAN_POINT('',(-12.00586986074,36.101587121915,0.8));
#5897 = ORIENTED_EDGE('',*,*,#5898,.F.);
#5898 = EDGE_CURVE('',#1367,#5891,#5899,.T.);
#5899 = LINE('',#5900,#5901);
#5900 = CARTESIAN_POINT('',(-12.00586986074,36.101587121915,1.1));
#5901 = VECTOR('',#5902,1.);
#5902 = DIRECTION('',(-0.,-0.,-1.));
#5903 = ORIENTED_EDGE('',*,*,#1366,.F.);
#5904 = SURFACE_OF_LINEAR_EXTRUSION('',#5905,#5909);
#5905 = B_SPLINE_CURVE_WITH_KNOTS('',2,(#5906,#5907,#5908),
  .UNSPECIFIED.,.F.,.F.,(3,3),(0.,1.),.PIECEWISE_BEZIER_KNOTS.);
#5906 = CARTESIAN_POINT('',(-10.39690452547,36.101587121915,1.1));
#5907 = CARTESIAN_POINT('',(-10.39690452547,36.101587121915,1.1));
#5908 = CARTESIAN_POINT('',(-12.00586986074,36.101587121915,1.1));
#5909 = VECTOR('',#5910,1.);
#5910 = DIRECTION('',(0.,0.,1.));
#5911 = ADVANCED_FACE('',(#5912),#5930,.T.);
#5912 = FACE_BOUND('',#5913,.T.);
#5913 = EDGE_LOOP('',(#5914,#5922,#5928,#5929));
#5914 = ORIENTED_EDGE('',*,*,#5915,.T.);
#5915 = EDGE_CURVE('',#1383,#5916,#5918,.T.);
#5916 = VERTEX_POINT('',#5917);
#5917 = CARTESIAN_POINT('',(-11.99252852297,36.48581764974,0.8));
#5918 = LINE('',#5919,#5920);
#5919 = CARTESIAN_POINT('',(-11.99252852297,36.48581764974,1.1));
#5920 = VECTOR('',#5921,1.);
#5921 = DIRECTION('',(-0.,-0.,-1.));
#5922 = ORIENTED_EDGE('',*,*,#5923,.T.);
#5923 = EDGE_CURVE('',#5916,#5864,#5924,.T.);
#5924 = LINE('',#5925,#5926);
#5925 = CARTESIAN_POINT('',(-11.99252852297,36.48581764974,0.8));
#5926 = VECTOR('',#5927,1.);
#5927 = DIRECTION('',(1.,-1.2E-16,0.));
#5928 = ORIENTED_EDGE('',*,*,#5863,.F.);
#5929 = ORIENTED_EDGE('',*,*,#1390,.F.);
#5930 = PLANE('',#5931);
#5931 = AXIS2_PLACEMENT_3D('',#5932,#5933,#5934);
#5932 = CARTESIAN_POINT('',(-11.99252852297,36.48581764974,1.1));
#5933 = DIRECTION('',(-1.2E-16,-1.,0.));
#5934 = DIRECTION('',(1.,-1.2E-16,0.));
#5935 = ADVANCED_FACE('',(#5936),#5954,.T.);
#5936 = FACE_BOUND('',#5937,.T.);
#5937 = EDGE_LOOP('',(#5938,#5939,#5947,#5953));
#5938 = ORIENTED_EDGE('',*,*,#5898,.T.);
#5939 = ORIENTED_EDGE('',*,*,#5940,.T.);
#5940 = EDGE_CURVE('',#5891,#5941,#5943,.T.);
#5941 = VERTEX_POINT('',#5942);
#5942 = CARTESIAN_POINT('',(-12.19798512465,36.307043723599,0.8));
#5943 = B_SPLINE_CURVE_WITH_KNOTS('',2,(#5944,#5945,#5946),
  .UNSPECIFIED.,.F.,.F.,(3,3),(0.,1.),.PIECEWISE_BEZIER_KNOTS.);
#5944 = CARTESIAN_POINT('',(-12.00586986074,36.101587121915,0.8));
#5945 = CARTESIAN_POINT('',(-12.19798512465,36.101587121915,0.8));
#5946 = CARTESIAN_POINT('',(-12.19798512465,36.307043723599,0.8));
#5947 = ORIENTED_EDGE('',*,*,#5948,.F.);
#5948 = EDGE_CURVE('',#1375,#5941,#5949,.T.);
#5949 = LINE('',#5950,#5951);
#5950 = CARTESIAN_POINT('',(-12.19798512465,36.307043723599,1.1));
#5951 = VECTOR('',#5952,1.);
#5952 = DIRECTION('',(-0.,-0.,-1.));
#5953 = ORIENTED_EDGE('',*,*,#1374,.F.);
#5954 = SURFACE_OF_LINEAR_EXTRUSION('',#5955,#5959);
#5955 = B_SPLINE_CURVE_WITH_KNOTS('',2,(#5956,#5957,#5958),
  .UNSPECIFIED.,.F.,.F.,(3,3),(0.,1.),.PIECEWISE_BEZIER_KNOTS.);
#5956 = CARTESIAN_POINT('',(-12.00586986074,36.101587121915,1.1));
#5957 = CARTESIAN_POINT('',(-12.19798512465,36.101587121915,1.1));
#5958 = CARTESIAN_POINT('',(-12.19798512465,36.307043723599,1.1));
#5959 = VECTOR('',#5960,1.);
#5960 = DIRECTION('',(0.,0.,1.));
#5961 = ADVANCED_FACE('',(#5962),#5973,.T.);
#5962 = FACE_BOUND('',#5963,.T.);
#5963 = EDGE_LOOP('',(#5964,#5965,#5971,#5972));
#5964 = ORIENTED_EDGE('',*,*,#5948,.T.);
#5965 = ORIENTED_EDGE('',*,*,#5966,.T.);
#5966 = EDGE_CURVE('',#5941,#5916,#5967,.T.);
#5967 = B_SPLINE_CURVE_WITH_KNOTS('',2,(#5968,#5969,#5970),
  .UNSPECIFIED.,.F.,.F.,(3,3),(0.,1.),.PIECEWISE_BEZIER_KNOTS.);
#5968 = CARTESIAN_POINT('',(-12.19798512465,36.307043723599,0.8));
#5969 = CARTESIAN_POINT('',(-12.19798512465,36.48581764974,0.8));
#5970 = CARTESIAN_POINT('',(-11.99252852297,36.48581764974,0.8));
#5971 = ORIENTED_EDGE('',*,*,#5915,.F.);
#5972 = ORIENTED_EDGE('',*,*,#1382,.F.);
#5973 = SURFACE_OF_LINEAR_EXTRUSION('',#5974,#5978);
#5974 = B_SPLINE_CURVE_WITH_KNOTS('',2,(#5975,#5976,#5977),
  .UNSPECIFIED.,.F.,.F.,(3,3),(0.,1.),.PIECEWISE_BEZIER_KNOTS.);
#5975 = CARTESIAN_POINT('',(-12.19798512465,36.307043723599,1.1));
#5976 = CARTESIAN_POINT('',(-12.19798512465,36.48581764974,1.1));
#5977 = CARTESIAN_POINT('',(-11.99252852297,36.48581764974,1.1));
#5978 = VECTOR('',#5979,1.);
#5979 = DIRECTION('',(0.,0.,1.));
#5980 = ADVANCED_FACE('',(#5981),#6006,.T.);
#5981 = FACE_BOUND('',#5982,.T.);
#5982 = EDGE_LOOP('',(#5983,#5991,#5999,#6005));
#5983 = ORIENTED_EDGE('',*,*,#5984,.T.);
#5984 = EDGE_CURVE('',#1407,#5985,#5987,.T.);
#5985 = VERTEX_POINT('',#5986);
#5986 = CARTESIAN_POINT('',(-8.358348113963,34.121732596597,0.8));
#5987 = LINE('',#5988,#5989);
#5988 = CARTESIAN_POINT('',(-8.358348113963,34.121732596597,1.1));
#5989 = VECTOR('',#5990,1.);
#5990 = DIRECTION('',(-0.,-0.,-1.));
#5991 = ORIENTED_EDGE('',*,*,#5992,.T.);
#5992 = EDGE_CURVE('',#5985,#5993,#5995,.T.);
#5993 = VERTEX_POINT('',#5994);
#5994 = CARTESIAN_POINT('',(-9.030751537656,33.849569306054,0.8));
#5995 = B_SPLINE_CURVE_WITH_KNOTS('',2,(#5996,#5997,#5998),
  .UNSPECIFIED.,.F.,.F.,(3,3),(0.,1.),.PIECEWISE_BEZIER_KNOTS.);
#5996 = CARTESIAN_POINT('',(-8.358348113963,34.121732596597,0.8));
#5997 = CARTESIAN_POINT('',(-8.646521009832,33.849569306054,0.8));
#5998 = CARTESIAN_POINT('',(-9.030751537656,33.849569306054,0.8));
#5999 = ORIENTED_EDGE('',*,*,#6000,.F.);
#6000 = EDGE_CURVE('',#1409,#5993,#6001,.T.);
#6001 = LINE('',#6002,#6003);
#6002 = CARTESIAN_POINT('',(-9.030751537656,33.849569306054,1.1));
#6003 = VECTOR('',#6004,1.);
#6004 = DIRECTION('',(-0.,-0.,-1.));
#6005 = ORIENTED_EDGE('',*,*,#1406,.F.);
#6006 = SURFACE_OF_LINEAR_EXTRUSION('',#6007,#6011);
#6007 = B_SPLINE_CURVE_WITH_KNOTS('',2,(#6008,#6009,#6010),
  .UNSPECIFIED.,.F.,.F.,(3,3),(0.,1.),.PIECEWISE_BEZIER_KNOTS.);
#6008 = CARTESIAN_POINT('',(-8.358348113963,34.121732596597,1.1));
#6009 = CARTESIAN_POINT('',(-8.646521009832,33.849569306054,1.1));
#6010 = CARTESIAN_POINT('',(-9.030751537656,33.849569306054,1.1));
#6011 = VECTOR('',#6012,1.);
#6012 = DIRECTION('',(0.,0.,1.));
#6013 = ADVANCED_FACE('',(#6014),#6032,.T.);
#6014 = FACE_BOUND('',#6015,.T.);
#6015 = EDGE_LOOP('',(#6016,#6024,#6030,#6031));
#6016 = ORIENTED_EDGE('',*,*,#6017,.T.);
#6017 = EDGE_CURVE('',#1537,#6018,#6020,.T.);
#6018 = VERTEX_POINT('',#6019);
#6019 = CARTESIAN_POINT('',(-8.043492542551,34.818150428279,0.8));
#6020 = LINE('',#6021,#6022);
#6021 = CARTESIAN_POINT('',(-8.043492542551,34.818150428279,1.1));
#6022 = VECTOR('',#6023,1.);
#6023 = DIRECTION('',(-0.,-0.,-1.));
#6024 = ORIENTED_EDGE('',*,*,#6025,.T.);
#6025 = EDGE_CURVE('',#6018,#5985,#6026,.T.);
#6026 = B_SPLINE_CURVE_WITH_KNOTS('',2,(#6027,#6028,#6029),
  .UNSPECIFIED.,.F.,.F.,(3,3),(0.,1.),.PIECEWISE_BEZIER_KNOTS.);
#6027 = CARTESIAN_POINT('',(-8.043492542551,34.818150428279,0.8));
#6028 = CARTESIAN_POINT('',(-8.043492542551,34.417910295128,0.8));
#6029 = CARTESIAN_POINT('',(-8.358348113963,34.121732596597,0.8));
#6030 = ORIENTED_EDGE('',*,*,#5984,.F.);
#6031 = ORIENTED_EDGE('',*,*,#1544,.F.);
#6032 = SURFACE_OF_LINEAR_EXTRUSION('',#6033,#6037);
#6033 = B_SPLINE_CURVE_WITH_KNOTS('',2,(#6034,#6035,#6036),
  .UNSPECIFIED.,.F.,.F.,(3,3),(0.,1.),.PIECEWISE_BEZIER_KNOTS.);
#6034 = CARTESIAN_POINT('',(-8.043492542551,34.818150428279,1.1));
#6035 = CARTESIAN_POINT('',(-8.043492542551,34.417910295128,1.1));
#6036 = CARTESIAN_POINT('',(-8.358348113963,34.121732596597,1.1));
#6037 = VECTOR('',#6038,1.);
#6038 = DIRECTION('',(0.,0.,1.));
#6039 = ADVANCED_FACE('',(#6040),#6058,.T.);
#6040 = FACE_BOUND('',#6041,.T.);
#6041 = EDGE_LOOP('',(#6042,#6043,#6051,#6057));
#6042 = ORIENTED_EDGE('',*,*,#6000,.T.);
#6043 = ORIENTED_EDGE('',*,*,#6044,.T.);
#6044 = EDGE_CURVE('',#5993,#6045,#6047,.T.);
#6045 = VERTEX_POINT('',#6046);
#6046 = CARTESIAN_POINT('',(-9.847241409284,33.849569306054,0.8));
#6047 = B_SPLINE_CURVE_WITH_KNOTS('',2,(#6048,#6049,#6050),
  .UNSPECIFIED.,.F.,.F.,(3,3),(0.,1.),.PIECEWISE_BEZIER_KNOTS.);
#6048 = CARTESIAN_POINT('',(-9.030751537656,33.849569306054,0.8));
#6049 = CARTESIAN_POINT('',(-9.030751537656,33.849569306054,0.8));
#6050 = CARTESIAN_POINT('',(-9.847241409284,33.849569306054,0.8));
#6051 = ORIENTED_EDGE('',*,*,#6052,.F.);
#6052 = EDGE_CURVE('',#1417,#6045,#6053,.T.);
#6053 = LINE('',#6054,#6055);
#6054 = CARTESIAN_POINT('',(-9.847241409284,33.849569306054,1.1));
#6055 = VECTOR('',#6056,1.);
#6056 = DIRECTION('',(-0.,-0.,-1.));
#6057 = ORIENTED_EDGE('',*,*,#1416,.F.);
#6058 = SURFACE_OF_LINEAR_EXTRUSION('',#6059,#6063);
#6059 = B_SPLINE_CURVE_WITH_KNOTS('',2,(#6060,#6061,#6062),
  .UNSPECIFIED.,.F.,.F.,(3,3),(0.,1.),.PIECEWISE_BEZIER_KNOTS.);
#6060 = CARTESIAN_POINT('',(-9.030751537656,33.849569306054,1.1));
#6061 = CARTESIAN_POINT('',(-9.030751537656,33.849569306054,1.1));
#6062 = CARTESIAN_POINT('',(-9.847241409284,33.849569306054,1.1));
#6063 = VECTOR('',#6064,1.);
#6064 = DIRECTION('',(0.,0.,1.));
#6065 = ADVANCED_FACE('',(#6066),#6084,.T.);
#6066 = FACE_BOUND('',#6067,.T.);
#6067 = EDGE_LOOP('',(#6068,#6076,#6082,#6083));
#6068 = ORIENTED_EDGE('',*,*,#6069,.T.);
#6069 = EDGE_CURVE('',#1529,#6070,#6072,.T.);
#6070 = VERTEX_POINT('',#6071);
#6071 = CARTESIAN_POINT('',(-8.043492542551,36.907403923325,0.8));
#6072 = LINE('',#6073,#6074);
#6073 = CARTESIAN_POINT('',(-8.043492542551,36.907403923325,1.1));
#6074 = VECTOR('',#6075,1.);
#6075 = DIRECTION('',(-0.,-0.,-1.));
#6076 = ORIENTED_EDGE('',*,*,#6077,.T.);
#6077 = EDGE_CURVE('',#6070,#6018,#6078,.T.);
#6078 = LINE('',#6079,#6080);
#6079 = CARTESIAN_POINT('',(-8.043492542551,36.907403923325,0.8));
#6080 = VECTOR('',#6081,1.);
#6081 = DIRECTION('',(-1.2E-16,-1.,0.));
#6082 = ORIENTED_EDGE('',*,*,#6017,.F.);
#6083 = ORIENTED_EDGE('',*,*,#1536,.F.);
#6084 = PLANE('',#6085);
#6085 = AXIS2_PLACEMENT_3D('',#6086,#6087,#6088);
#6086 = CARTESIAN_POINT('',(-8.043492542551,36.907403923325,1.1));
#6087 = DIRECTION('',(-1.,1.2E-16,0.));
#6088 = DIRECTION('',(-1.2E-16,-1.,0.));
#6089 = ADVANCED_FACE('',(#6090),#6108,.T.);
#6090 = FACE_BOUND('',#6091,.T.);
#6091 = EDGE_LOOP('',(#6092,#6093,#6101,#6107));
#6092 = ORIENTED_EDGE('',*,*,#6052,.T.);
#6093 = ORIENTED_EDGE('',*,*,#6094,.T.);
#6094 = EDGE_CURVE('',#6045,#6095,#6097,.T.);
#6095 = VERTEX_POINT('',#6096);
#6096 = CARTESIAN_POINT('',(-10.0446932083,34.049689372629,0.8));
#6097 = B_SPLINE_CURVE_WITH_KNOTS('',2,(#6098,#6099,#6100),
  .UNSPECIFIED.,.F.,.F.,(3,3),(0.,1.),.PIECEWISE_BEZIER_KNOTS.);
#6098 = CARTESIAN_POINT('',(-9.847241409284,33.849569306054,0.8));
#6099 = CARTESIAN_POINT('',(-10.0446932083,33.849569306054,0.8));
#6100 = CARTESIAN_POINT('',(-10.0446932083,34.049689372629,0.8));
#6101 = ORIENTED_EDGE('',*,*,#6102,.F.);
#6102 = EDGE_CURVE('',#1425,#6095,#6103,.T.);
#6103 = LINE('',#6104,#6105);
#6104 = CARTESIAN_POINT('',(-10.0446932083,34.049689372629,1.1));
#6105 = VECTOR('',#6106,1.);
#6106 = DIRECTION('',(-0.,-0.,-1.));
#6107 = ORIENTED_EDGE('',*,*,#1424,.F.);
#6108 = SURFACE_OF_LINEAR_EXTRUSION('',#6109,#6113);
#6109 = B_SPLINE_CURVE_WITH_KNOTS('',2,(#6110,#6111,#6112),
  .UNSPECIFIED.,.F.,.F.,(3,3),(0.,1.),.PIECEWISE_BEZIER_KNOTS.);
#6110 = CARTESIAN_POINT('',(-9.847241409284,33.849569306054,1.1));
#6111 = CARTESIAN_POINT('',(-10.0446932083,33.849569306054,1.1));
#6112 = CARTESIAN_POINT('',(-10.0446932083,34.049689372629,1.1));
#6113 = VECTOR('',#6114,1.);
#6114 = DIRECTION('',(0.,0.,1.));
#6115 = ADVANCED_FACE('',(#6116),#6134,.T.);
#6116 = FACE_BOUND('',#6117,.T.);
#6117 = EDGE_LOOP('',(#6118,#6126,#6132,#6133));
#6118 = ORIENTED_EDGE('',*,*,#6119,.T.);
#6119 = EDGE_CURVE('',#1521,#6120,#6122,.T.);
#6120 = VERTEX_POINT('',#6121);
#6121 = CARTESIAN_POINT('',(-8.262290482007,37.529110263486,0.8));
#6122 = LINE('',#6123,#6124);
#6123 = CARTESIAN_POINT('',(-8.262290482007,37.529110263486,1.1));
#6124 = VECTOR('',#6125,1.);
#6125 = DIRECTION('',(-0.,-0.,-1.));
#6126 = ORIENTED_EDGE('',*,*,#6127,.T.);
#6127 = EDGE_CURVE('',#6120,#6070,#6128,.T.);
#6128 = B_SPLINE_CURVE_WITH_KNOTS('',2,(#6129,#6130,#6131),
  .UNSPECIFIED.,.F.,.F.,(3,3),(0.,1.),.PIECEWISE_BEZIER_KNOTS.);
#6129 = CARTESIAN_POINT('',(-8.262290482007,37.529110263486,0.8));
#6130 = CARTESIAN_POINT('',(-8.043492542551,37.286297916041,0.8));
#6131 = CARTESIAN_POINT('',(-8.043492542551,36.907403923325,0.8));
#6132 = ORIENTED_EDGE('',*,*,#6069,.F.);
#6133 = ORIENTED_EDGE('',*,*,#1528,.F.);
#6134 = SURFACE_OF_LINEAR_EXTRUSION('',#6135,#6139);
#6135 = B_SPLINE_CURVE_WITH_KNOTS('',2,(#6136,#6137,#6138),
  .UNSPECIFIED.,.F.,.F.,(3,3),(0.,1.),.PIECEWISE_BEZIER_KNOTS.);
#6136 = CARTESIAN_POINT('',(-8.262290482007,37.529110263486,1.1));
#6137 = CARTESIAN_POINT('',(-8.043492542551,37.286297916041,1.1));
#6138 = CARTESIAN_POINT('',(-8.043492542551,36.907403923325,1.1));
#6139 = VECTOR('',#6140,1.);
#6140 = DIRECTION('',(0.,0.,1.));
#6141 = ADVANCED_FACE('',(#6142),#6160,.T.);
#6142 = FACE_BOUND('',#6143,.T.);
#6143 = EDGE_LOOP('',(#6144,#6145,#6153,#6159));
#6144 = ORIENTED_EDGE('',*,*,#6102,.T.);
#6145 = ORIENTED_EDGE('',*,*,#6146,.T.);
#6146 = EDGE_CURVE('',#6095,#6147,#6149,.T.);
#6147 = VERTEX_POINT('',#6148);
#6148 = CARTESIAN_POINT('',(-9.831231803958,34.252477706759,0.8));
#6149 = B_SPLINE_CURVE_WITH_KNOTS('',2,(#6150,#6151,#6152),
  .UNSPECIFIED.,.F.,.F.,(3,3),(0.,1.),.PIECEWISE_BEZIER_KNOTS.);
#6150 = CARTESIAN_POINT('',(-10.0446932083,34.049689372629,0.8));
#6151 = CARTESIAN_POINT('',(-10.0446932083,34.252477706759,0.8));
#6152 = CARTESIAN_POINT('',(-9.831231803958,34.252477706759,0.8));
#6153 = ORIENTED_EDGE('',*,*,#6154,.F.);
#6154 = EDGE_CURVE('',#1433,#6147,#6155,.T.);
#6155 = LINE('',#6156,#6157);
#6156 = CARTESIAN_POINT('',(-9.831231803958,34.252477706759,1.1));
#6157 = VECTOR('',#6158,1.);
#6158 = DIRECTION('',(-0.,-0.,-1.));
#6159 = ORIENTED_EDGE('',*,*,#1432,.F.);
#6160 = SURFACE_OF_LINEAR_EXTRUSION('',#6161,#6165);
#6161 = B_SPLINE_CURVE_WITH_KNOTS('',2,(#6162,#6163,#6164),
  .UNSPECIFIED.,.F.,.F.,(3,3),(0.,1.),.PIECEWISE_BEZIER_KNOTS.);
#6162 = CARTESIAN_POINT('',(-10.0446932083,34.049689372629,1.1));
#6163 = CARTESIAN_POINT('',(-10.0446932083,34.252477706759,1.1));
#6164 = CARTESIAN_POINT('',(-9.831231803958,34.252477706759,1.1));
#6165 = VECTOR('',#6166,1.);
#6166 = DIRECTION('',(0.,0.,1.));
#6167 = ADVANCED_FACE('',(#6168),#6186,.T.);
#6168 = FACE_BOUND('',#6169,.T.);
#6169 = EDGE_LOOP('',(#6170,#6178,#6184,#6185));
#6170 = ORIENTED_EDGE('',*,*,#6171,.T.);
#6171 = EDGE_CURVE('',#1513,#6172,#6174,.T.);
#6172 = VERTEX_POINT('',#6173);
#6173 = CARTESIAN_POINT('',(-8.950703511026,37.883989848213,0.8));
#6174 = LINE('',#6175,#6176);
#6175 = CARTESIAN_POINT('',(-8.950703511026,37.883989848213,1.1));
#6176 = VECTOR('',#6177,1.);
#6177 = DIRECTION('',(-0.,-0.,-1.));
#6178 = ORIENTED_EDGE('',*,*,#6179,.T.);
#6179 = EDGE_CURVE('',#6172,#6120,#6180,.T.);
#6180 = B_SPLINE_CURVE_WITH_KNOTS('',2,(#6181,#6182,#6183),
  .UNSPECIFIED.,.F.,.F.,(3,3),(0.,1.),.PIECEWISE_BEZIER_KNOTS.);
#6181 = CARTESIAN_POINT('',(-8.950703511026,37.883989848213,0.8));
#6182 = CARTESIAN_POINT('',(-8.582482588527,37.883989848213,0.8));
#6183 = CARTESIAN_POINT('',(-8.262290482007,37.529110263486,0.8));
#6184 = ORIENTED_EDGE('',*,*,#6119,.F.);
#6185 = ORIENTED_EDGE('',*,*,#1520,.F.);
#6186 = SURFACE_OF_LINEAR_EXTRUSION('',#6187,#6191);
#6187 = B_SPLINE_CURVE_WITH_KNOTS('',2,(#6188,#6189,#6190),
  .UNSPECIFIED.,.F.,.F.,(3,3),(0.,1.),.PIECEWISE_BEZIER_KNOTS.);
#6188 = CARTESIAN_POINT('',(-8.950703511026,37.883989848213,1.1));
#6189 = CARTESIAN_POINT('',(-8.582482588527,37.883989848213,1.1));
#6190 = CARTESIAN_POINT('',(-8.262290482007,37.529110263486,1.1));
#6191 = VECTOR('',#6192,1.);
#6192 = DIRECTION('',(0.,0.,1.));
#6193 = ADVANCED_FACE('',(#6194),#6212,.T.);
#6194 = FACE_BOUND('',#6195,.T.);
#6195 = EDGE_LOOP('',(#6196,#6197,#6205,#6211));
#6196 = ORIENTED_EDGE('',*,*,#6154,.T.);
#6197 = ORIENTED_EDGE('',*,*,#6198,.T.);
#6198 = EDGE_CURVE('',#6147,#6199,#6201,.T.);
#6199 = VERTEX_POINT('',#6200);
#6200 = CARTESIAN_POINT('',(-9.028083270102,34.252477706759,0.8));
#6201 = LINE('',#6202,#6203);
#6202 = CARTESIAN_POINT('',(-9.831231803958,34.252477706759,0.8));
#6203 = VECTOR('',#6204,1.);
#6204 = DIRECTION('',(1.,-1.2E-16,0.));
#6205 = ORIENTED_EDGE('',*,*,#6206,.F.);
#6206 = EDGE_CURVE('',#1441,#6199,#6207,.T.);
#6207 = LINE('',#6208,#6209);
#6208 = CARTESIAN_POINT('',(-9.028083270102,34.252477706759,1.1));
#6209 = VECTOR('',#6210,1.);
#6210 = DIRECTION('',(-0.,-0.,-1.));
#6211 = ORIENTED_EDGE('',*,*,#1440,.F.);
#6212 = PLANE('',#6213);
#6213 = AXIS2_PLACEMENT_3D('',#6214,#6215,#6216);
#6214 = CARTESIAN_POINT('',(-9.831231803958,34.252477706759,1.1));
#6215 = DIRECTION('',(-1.2E-16,-1.,0.));
#6216 = DIRECTION('',(1.,-1.2E-16,0.));
#6217 = ADVANCED_FACE('',(#6218),#6236,.T.);
#6218 = FACE_BOUND('',#6219,.T.);
#6219 = EDGE_LOOP('',(#6220,#6228,#6234,#6235));
#6220 = ORIENTED_EDGE('',*,*,#6221,.T.);
#6221 = EDGE_CURVE('',#1505,#6222,#6224,.T.);
#6222 = VERTEX_POINT('',#6223);
#6223 = CARTESIAN_POINT('',(-9.860582747055,37.883989848213,0.8));
#6224 = LINE('',#6225,#6226);
#6225 = CARTESIAN_POINT('',(-9.860582747055,37.883989848213,1.1));
#6226 = VECTOR('',#6227,1.);
#6227 = DIRECTION('',(-0.,-0.,-1.));
#6228 = ORIENTED_EDGE('',*,*,#6229,.T.);
#6229 = EDGE_CURVE('',#6222,#6172,#6230,.T.);
#6230 = LINE('',#6231,#6232);
#6231 = CARTESIAN_POINT('',(-9.860582747055,37.883989848213,0.8));
#6232 = VECTOR('',#6233,1.);
#6233 = DIRECTION('',(1.,-1.2E-16,0.));
#6234 = ORIENTED_EDGE('',*,*,#6171,.F.);
#6235 = ORIENTED_EDGE('',*,*,#1512,.F.);
#6236 = PLANE('',#6237);
#6237 = AXIS2_PLACEMENT_3D('',#6238,#6239,#6240);
#6238 = CARTESIAN_POINT('',(-9.860582747055,37.883989848213,1.1));
#6239 = DIRECTION('',(-1.2E-16,-1.,0.));
#6240 = DIRECTION('',(1.,-1.2E-16,0.));
#6241 = ADVANCED_FACE('',(#6242),#6260,.T.);
#6242 = FACE_BOUND('',#6243,.T.);
#6243 = EDGE_LOOP('',(#6244,#6245,#6253,#6259));
#6244 = ORIENTED_EDGE('',*,*,#6206,.T.);
#6245 = ORIENTED_EDGE('',*,*,#6246,.T.);
#6246 = EDGE_CURVE('',#6199,#6247,#6249,.T.);
#6247 = VERTEX_POINT('',#6248);
#6248 = CARTESIAN_POINT('',(-8.593155658745,34.447261238226,0.8));
#6249 = B_SPLINE_CURVE_WITH_KNOTS('',2,(#6250,#6251,#6252),
  .UNSPECIFIED.,.F.,.F.,(3,3),(0.,1.),.PIECEWISE_BEZIER_KNOTS.);
#6250 = CARTESIAN_POINT('',(-9.028083270102,34.252477706759,0.8));
#6251 = CARTESIAN_POINT('',(-8.803948795537,34.252477706759,0.8));
#6252 = CARTESIAN_POINT('',(-8.593155658745,34.447261238226,0.8));
#6253 = ORIENTED_EDGE('',*,*,#6254,.F.);
#6254 = EDGE_CURVE('',#1449,#6247,#6255,.T.);
#6255 = LINE('',#6256,#6257);
#6256 = CARTESIAN_POINT('',(-8.593155658745,34.447261238226,1.1));
#6257 = VECTOR('',#6258,1.);
#6258 = DIRECTION('',(-0.,-0.,-1.));
#6259 = ORIENTED_EDGE('',*,*,#1448,.F.);
#6260 = SURFACE_OF_LINEAR_EXTRUSION('',#6261,#6265);
#6261 = B_SPLINE_CURVE_WITH_KNOTS('',2,(#6262,#6263,#6264),
  .UNSPECIFIED.,.F.,.F.,(3,3),(0.,1.),.PIECEWISE_BEZIER_KNOTS.);
#6262 = CARTESIAN_POINT('',(-9.028083270102,34.252477706759,1.1));
#6263 = CARTESIAN_POINT('',(-8.803948795537,34.252477706759,1.1));
#6264 = CARTESIAN_POINT('',(-8.593155658745,34.447261238226,1.1));
#6265 = VECTOR('',#6266,1.);
#6266 = DIRECTION('',(0.,0.,1.));
#6267 = ADVANCED_FACE('',(#6268),#6286,.T.);
#6268 = FACE_BOUND('',#6269,.T.);
#6269 = EDGE_LOOP('',(#6270,#6278,#6284,#6285));
#6270 = ORIENTED_EDGE('',*,*,#6271,.T.);
#6271 = EDGE_CURVE('',#1497,#6272,#6274,.T.);
#6272 = VERTEX_POINT('',#6273);
#6273 = CARTESIAN_POINT('',(-10.05536627852,37.699879386963,0.8));
#6274 = LINE('',#6275,#6276);
#6275 = CARTESIAN_POINT('',(-10.05536627852,37.699879386963,1.1));
#6276 = VECTOR('',#6277,1.);
#6277 = DIRECTION('',(-0.,-0.,-1.));
#6278 = ORIENTED_EDGE('',*,*,#6279,.T.);
#6279 = EDGE_CURVE('',#6272,#6222,#6280,.T.);
#6280 = B_SPLINE_CURVE_WITH_KNOTS('',2,(#6281,#6282,#6283),
  .UNSPECIFIED.,.F.,.F.,(3,3),(0.,1.),.PIECEWISE_BEZIER_KNOTS.);
#6281 = CARTESIAN_POINT('',(-10.05536627852,37.699879386963,0.8));
#6282 = CARTESIAN_POINT('',(-10.05536627852,37.883989848213,0.8));
#6283 = CARTESIAN_POINT('',(-9.860582747055,37.883989848213,0.8));
#6284 = ORIENTED_EDGE('',*,*,#6221,.F.);
#6285 = ORIENTED_EDGE('',*,*,#1504,.F.);
#6286 = SURFACE_OF_LINEAR_EXTRUSION('',#6287,#6291);
#6287 = B_SPLINE_CURVE_WITH_KNOTS('',2,(#6288,#6289,#6290),
  .UNSPECIFIED.,.F.,.F.,(3,3),(0.,1.),.PIECEWISE_BEZIER_KNOTS.);
#6288 = CARTESIAN_POINT('',(-10.05536627852,37.699879386963,1.1));
#6289 = CARTESIAN_POINT('',(-10.05536627852,37.883989848213,1.1));
#6290 = CARTESIAN_POINT('',(-9.860582747055,37.883989848213,1.1));
#6291 = VECTOR('',#6292,1.);
#6292 = DIRECTION('',(0.,0.,1.));
#6293 = ADVANCED_FACE('',(#6294),#6312,.T.);
#6294 = FACE_BOUND('',#6295,.T.);
#6295 = EDGE_LOOP('',(#6296,#6297,#6305,#6311));
#6296 = ORIENTED_EDGE('',*,*,#6254,.T.);
#6297 = ORIENTED_EDGE('',*,*,#6298,.T.);
#6298 = EDGE_CURVE('',#6247,#6299,#6301,.T.);
#6299 = VERTEX_POINT('',#6300);
#6300 = CARTESIAN_POINT('',(-8.433059605485,34.847501371376,0.8));
#6301 = B_SPLINE_CURVE_WITH_KNOTS('',2,(#6302,#6303,#6304),
  .UNSPECIFIED.,.F.,.F.,(3,3),(0.,1.),.PIECEWISE_BEZIER_KNOTS.);
#6302 = CARTESIAN_POINT('',(-8.593155658745,34.447261238226,0.8));
#6303 = CARTESIAN_POINT('',(-8.433059605485,34.596684221269,0.8));
#6304 = CARTESIAN_POINT('',(-8.433059605485,34.847501371376,0.8));
#6305 = ORIENTED_EDGE('',*,*,#6306,.F.);
#6306 = EDGE_CURVE('',#1457,#6299,#6307,.T.);
#6307 = LINE('',#6308,#6309);
#6308 = CARTESIAN_POINT('',(-8.433059605485,34.847501371376,1.1));
#6309 = VECTOR('',#6310,1.);
#6310 = DIRECTION('',(-0.,-0.,-1.));
#6311 = ORIENTED_EDGE('',*,*,#1456,.F.);
#6312 = SURFACE_OF_LINEAR_EXTRUSION('',#6313,#6317);
#6313 = B_SPLINE_CURVE_WITH_KNOTS('',2,(#6314,#6315,#6316),
  .UNSPECIFIED.,.F.,.F.,(3,3),(0.,1.),.PIECEWISE_BEZIER_KNOTS.);
#6314 = CARTESIAN_POINT('',(-8.593155658745,34.447261238226,1.1));
#6315 = CARTESIAN_POINT('',(-8.433059605485,34.596684221269,1.1));
#6316 = CARTESIAN_POINT('',(-8.433059605485,34.847501371376,1.1));
#6317 = VECTOR('',#6318,1.);
#6318 = DIRECTION('',(0.,0.,1.));
#6319 = ADVANCED_FACE('',(#6320),#6338,.T.);
#6320 = FACE_BOUND('',#6321,.T.);
#6321 = EDGE_LOOP('',(#6322,#6330,#6336,#6337));
#6322 = ORIENTED_EDGE('',*,*,#6323,.T.);
#6323 = EDGE_CURVE('',#1489,#6324,#6326,.T.);
#6324 = VERTEX_POINT('',#6325);
#6325 = CARTESIAN_POINT('',(-9.86325101461,37.505095855497,0.8));
#6326 = LINE('',#6327,#6328);
#6327 = CARTESIAN_POINT('',(-9.86325101461,37.505095855497,1.1));
#6328 = VECTOR('',#6329,1.);
#6329 = DIRECTION('',(-0.,-0.,-1.));
#6330 = ORIENTED_EDGE('',*,*,#6331,.T.);
#6331 = EDGE_CURVE('',#6324,#6272,#6332,.T.);
#6332 = B_SPLINE_CURVE_WITH_KNOTS('',2,(#6333,#6334,#6335),
  .UNSPECIFIED.,.F.,.F.,(3,3),(0.,1.),.PIECEWISE_BEZIER_KNOTS.);
#6333 = CARTESIAN_POINT('',(-9.86325101461,37.505095855497,0.8));
#6334 = CARTESIAN_POINT('',(-10.05536627852,37.505095855497,0.8));
#6335 = CARTESIAN_POINT('',(-10.05536627852,37.699879386963,0.8));
#6336 = ORIENTED_EDGE('',*,*,#6271,.F.);
#6337 = ORIENTED_EDGE('',*,*,#1496,.F.);
#6338 = SURFACE_OF_LINEAR_EXTRUSION('',#6339,#6343);
#6339 = B_SPLINE_CURVE_WITH_KNOTS('',2,(#6340,#6341,#6342),
  .UNSPECIFIED.,.F.,.F.,(3,3),(0.,1.),.PIECEWISE_BEZIER_KNOTS.);
#6340 = CARTESIAN_POINT('',(-9.86325101461,37.505095855497,1.1));
#6341 = CARTESIAN_POINT('',(-10.05536627852,37.505095855497,1.1));
#6342 = CARTESIAN_POINT('',(-10.05536627852,37.699879386963,1.1));
#6343 = VECTOR('',#6344,1.);
#6344 = DIRECTION('',(0.,0.,1.));
#6345 = ADVANCED_FACE('',(#6346),#6364,.T.);
#6346 = FACE_BOUND('',#6347,.T.);
#6347 = EDGE_LOOP('',(#6348,#6349,#6357,#6363));
#6348 = ORIENTED_EDGE('',*,*,#6306,.T.);
#6349 = ORIENTED_EDGE('',*,*,#6350,.T.);
#6350 = EDGE_CURVE('',#6299,#6351,#6353,.T.);
#6351 = VERTEX_POINT('',#6352);
#6352 = CARTESIAN_POINT('',(-8.433059605485,36.88605778289,0.8));
#6353 = LINE('',#6354,#6355);
#6354 = CARTESIAN_POINT('',(-8.433059605485,34.847501371376,0.8));
#6355 = VECTOR('',#6356,1.);
#6356 = DIRECTION('',(1.2E-16,1.,0.));
#6357 = ORIENTED_EDGE('',*,*,#6358,.F.);
#6358 = EDGE_CURVE('',#1465,#6351,#6359,.T.);
#6359 = LINE('',#6360,#6361);
#6360 = CARTESIAN_POINT('',(-8.433059605485,36.88605778289,1.1));
#6361 = VECTOR('',#6362,1.);
#6362 = DIRECTION('',(-0.,-0.,-1.));
#6363 = ORIENTED_EDGE('',*,*,#1464,.F.);
#6364 = PLANE('',#6365);
#6365 = AXIS2_PLACEMENT_3D('',#6366,#6367,#6368);
#6366 = CARTESIAN_POINT('',(-8.433059605485,34.847501371376,1.1));
#6367 = DIRECTION('',(1.,-1.2E-16,0.));
#6368 = DIRECTION('',(1.2E-16,1.,0.));
#6369 = ADVANCED_FACE('',(#6370),#6388,.T.);
#6370 = FACE_BOUND('',#6371,.T.);
#6371 = EDGE_LOOP('',(#6372,#6380,#6386,#6387));
#6372 = ORIENTED_EDGE('',*,*,#6373,.T.);
#6373 = EDGE_CURVE('',#1481,#6374,#6376,.T.);
#6374 = VERTEX_POINT('',#6375);
#6375 = CARTESIAN_POINT('',(-8.966713116352,37.505095855497,0.8));
#6376 = LINE('',#6377,#6378);
#6377 = CARTESIAN_POINT('',(-8.966713116352,37.505095855497,1.1));
#6378 = VECTOR('',#6379,1.);
#6379 = DIRECTION('',(-0.,-0.,-1.));
#6380 = ORIENTED_EDGE('',*,*,#6381,.T.);
#6381 = EDGE_CURVE('',#6374,#6324,#6382,.T.);
#6382 = LINE('',#6383,#6384);
#6383 = CARTESIAN_POINT('',(-8.966713116352,37.505095855497,0.8));
#6384 = VECTOR('',#6385,1.);
#6385 = DIRECTION('',(-1.,1.2E-16,0.));
#6386 = ORIENTED_EDGE('',*,*,#6323,.F.);
#6387 = ORIENTED_EDGE('',*,*,#1488,.F.);
#6388 = PLANE('',#6389);
#6389 = AXIS2_PLACEMENT_3D('',#6390,#6391,#6392);
#6390 = CARTESIAN_POINT('',(-8.966713116352,37.505095855497,1.1));
#6391 = DIRECTION('',(1.2E-16,1.,0.));
#6392 = DIRECTION('',(-1.,1.2E-16,0.));
#6393 = ADVANCED_FACE('',(#6394),#6412,.T.);
#6394 = FACE_BOUND('',#6395,.T.);
#6395 = EDGE_LOOP('',(#6396,#6397,#6405,#6411));
#6396 = ORIENTED_EDGE('',*,*,#6358,.T.);
#6397 = ORIENTED_EDGE('',*,*,#6398,.T.);
#6398 = EDGE_CURVE('',#6351,#6399,#6401,.T.);
#6399 = VERTEX_POINT('',#6400);
#6400 = CARTESIAN_POINT('',(-8.601160461408,37.318317126693,0.8));
#6401 = B_SPLINE_CURVE_WITH_KNOTS('',2,(#6402,#6403,#6404),
  .UNSPECIFIED.,.F.,.F.,(3,3),(0.,1.),.PIECEWISE_BEZIER_KNOTS.);
#6402 = CARTESIAN_POINT('',(-8.433059605485,36.88605778289,0.8));
#6403 = CARTESIAN_POINT('',(-8.433059605485,37.136874932998,0.8));
#6404 = CARTESIAN_POINT('',(-8.601160461408,37.318317126693,0.8));
#6405 = ORIENTED_EDGE('',*,*,#6406,.F.);
#6406 = EDGE_CURVE('',#1473,#6399,#6407,.T.);
#6407 = LINE('',#6408,#6409);
#6408 = CARTESIAN_POINT('',(-8.601160461408,37.318317126693,1.1));
#6409 = VECTOR('',#6410,1.);
#6410 = DIRECTION('',(-0.,-0.,-1.));
#6411 = ORIENTED_EDGE('',*,*,#1472,.F.);
#6412 = SURFACE_OF_LINEAR_EXTRUSION('',#6413,#6417);
#6413 = B_SPLINE_CURVE_WITH_KNOTS('',2,(#6414,#6415,#6416),
  .UNSPECIFIED.,.F.,.F.,(3,3),(0.,1.),.PIECEWISE_BEZIER_KNOTS.);
#6414 = CARTESIAN_POINT('',(-8.433059605485,36.88605778289,1.1));
#6415 = CARTESIAN_POINT('',(-8.433059605485,37.136874932998,1.1));
#6416 = CARTESIAN_POINT('',(-8.601160461408,37.318317126693,1.1));
#6417 = VECTOR('',#6418,1.);
#6418 = DIRECTION('',(0.,0.,1.));
#6419 = ADVANCED_FACE('',(#6420),#6431,.T.);
#6420 = FACE_BOUND('',#6421,.T.);
#6421 = EDGE_LOOP('',(#6422,#6423,#6429,#6430));
#6422 = ORIENTED_EDGE('',*,*,#6406,.T.);
#6423 = ORIENTED_EDGE('',*,*,#6424,.T.);
#6424 = EDGE_CURVE('',#6399,#6374,#6425,.T.);
#6425 = B_SPLINE_CURVE_WITH_KNOTS('',2,(#6426,#6427,#6428),
  .UNSPECIFIED.,.F.,.F.,(3,3),(0.,1.),.PIECEWISE_BEZIER_KNOTS.);
#6426 = CARTESIAN_POINT('',(-8.601160461408,37.318317126693,0.8));
#6427 = CARTESIAN_POINT('',(-8.777266119994,37.505095855497,0.8));
#6428 = CARTESIAN_POINT('',(-8.966713116352,37.505095855497,0.8));
#6429 = ORIENTED_EDGE('',*,*,#6373,.F.);
#6430 = ORIENTED_EDGE('',*,*,#1480,.F.);
#6431 = SURFACE_OF_LINEAR_EXTRUSION('',#6432,#6436);
#6432 = B_SPLINE_CURVE_WITH_KNOTS('',2,(#6433,#6434,#6435),
  .UNSPECIFIED.,.F.,.F.,(3,3),(0.,1.),.PIECEWISE_BEZIER_KNOTS.);
#6433 = CARTESIAN_POINT('',(-8.601160461408,37.318317126693,1.1));
#6434 = CARTESIAN_POINT('',(-8.777266119994,37.505095855497,1.1));
#6435 = CARTESIAN_POINT('',(-8.966713116352,37.505095855497,1.1));
#6436 = VECTOR('',#6437,1.);
#6437 = DIRECTION('',(0.,0.,1.));
#6438 = ADVANCED_FACE('',(#6439),#6464,.T.);
#6439 = FACE_BOUND('',#6440,.T.);
#6440 = EDGE_LOOP('',(#6441,#6449,#6457,#6463));
#6441 = ORIENTED_EDGE('',*,*,#6442,.T.);
#6442 = EDGE_CURVE('',#1553,#6443,#6445,.T.);
#6443 = VERTEX_POINT('',#6444);
#6444 = CARTESIAN_POINT('',(-5.529984506365,35.765385410069,0.8));
#6445 = LINE('',#6446,#6447);
#6446 = CARTESIAN_POINT('',(-5.529984506365,35.765385410069,1.1));
#6447 = VECTOR('',#6448,1.);
#6448 = DIRECTION('',(-0.,-0.,-1.));
#6449 = ORIENTED_EDGE('',*,*,#6450,.T.);
#6450 = EDGE_CURVE('',#6443,#6451,#6453,.T.);
#6451 = VERTEX_POINT('',#6452);
#6452 = CARTESIAN_POINT('',(-4.961643517291,34.87418404692,0.8));
#6453 = B_SPLINE_CURVE_WITH_KNOTS('',2,(#6454,#6455,#6456),
  .UNSPECIFIED.,.F.,.F.,(3,3),(0.,1.),.PIECEWISE_BEZIER_KNOTS.);
#6454 = CARTESIAN_POINT('',(-5.529984506365,35.765385410069,0.8));
#6455 = CARTESIAN_POINT('',(-4.961643517291,35.4772125142,0.8));
#6456 = CARTESIAN_POINT('',(-4.961643517291,34.87418404692,0.8));
#6457 = ORIENTED_EDGE('',*,*,#6458,.F.);
#6458 = EDGE_CURVE('',#1555,#6451,#6459,.T.);
#6459 = LINE('',#6460,#6461);
#6460 = CARTESIAN_POINT('',(-4.961643517291,34.87418404692,1.1));
#6461 = VECTOR('',#6462,1.);
#6462 = DIRECTION('',(-0.,-0.,-1.));
#6463 = ORIENTED_EDGE('',*,*,#1552,.F.);
#6464 = SURFACE_OF_LINEAR_EXTRUSION('',#6465,#6469);
#6465 = B_SPLINE_CURVE_WITH_KNOTS('',2,(#6466,#6467,#6468),
  .UNSPECIFIED.,.F.,.F.,(3,3),(0.,1.),.PIECEWISE_BEZIER_KNOTS.);
#6466 = CARTESIAN_POINT('',(-5.529984506365,35.765385410069,1.1));
#6467 = CARTESIAN_POINT('',(-4.961643517291,35.4772125142,1.1));
#6468 = CARTESIAN_POINT('',(-4.961643517291,34.87418404692,1.1));
#6469 = VECTOR('',#6470,1.);
#6470 = DIRECTION('',(0.,0.,1.));
#6471 = ADVANCED_FACE('',(#6472),#6490,.T.);
#6472 = FACE_BOUND('',#6473,.T.);
#6473 = EDGE_LOOP('',(#6474,#6482,#6488,#6489));
#6474 = ORIENTED_EDGE('',*,*,#6475,.T.);
#6475 = EDGE_CURVE('',#1731,#6476,#6478,.T.);
#6476 = VERTEX_POINT('',#6477);
#6477 = CARTESIAN_POINT('',(-6.57861365522,36.296370653382,0.8));
#6478 = LINE('',#6479,#6480);
#6479 = CARTESIAN_POINT('',(-6.57861365522,36.296370653382,1.1));
#6480 = VECTOR('',#6481,1.);
#6481 = DIRECTION('',(-0.,-0.,-1.));
#6482 = ORIENTED_EDGE('',*,*,#6483,.T.);
#6483 = EDGE_CURVE('',#6476,#6443,#6484,.T.);
#6484 = LINE('',#6485,#6486);
#6485 = CARTESIAN_POINT('',(-6.57861365522,36.296370653382,0.8));
#6486 = VECTOR('',#6487,1.);
#6487 = DIRECTION('',(0.892145577245,-0.451748014941,0.));
#6488 = ORIENTED_EDGE('',*,*,#6442,.F.);
#6489 = ORIENTED_EDGE('',*,*,#1738,.F.);
#6490 = PLANE('',#6491);
#6491 = AXIS2_PLACEMENT_3D('',#6492,#6493,#6494);
#6492 = CARTESIAN_POINT('',(-6.57861365522,36.296370653382,1.1));
#6493 = DIRECTION('',(-0.451748014941,-0.892145577245,0.));
#6494 = DIRECTION('',(0.892145577245,-0.451748014941,0.));
#6495 = ADVANCED_FACE('',(#6496),#6514,.T.);
#6496 = FACE_BOUND('',#6497,.T.);
#6497 = EDGE_LOOP('',(#6498,#6499,#6507,#6513));
#6498 = ORIENTED_EDGE('',*,*,#6458,.T.);
#6499 = ORIENTED_EDGE('',*,*,#6500,.T.);
#6500 = EDGE_CURVE('',#6451,#6501,#6503,.T.);
#6501 = VERTEX_POINT('',#6502);
#6502 = CARTESIAN_POINT('',(-5.24981641316,34.161756609912,0.8));
#6503 = B_SPLINE_CURVE_WITH_KNOTS('',2,(#6504,#6505,#6506),
  .UNSPECIFIED.,.F.,.F.,(3,3),(0.,1.),.PIECEWISE_BEZIER_KNOTS.);
#6504 = CARTESIAN_POINT('',(-4.961643517291,34.87418404692,0.8));
#6505 = CARTESIAN_POINT('',(-4.961643517291,34.457934308443,0.8));
#6506 = CARTESIAN_POINT('',(-5.24981641316,34.161756609912,0.8));
#6507 = ORIENTED_EDGE('',*,*,#6508,.F.);
#6508 = EDGE_CURVE('',#1563,#6501,#6509,.T.);
#6509 = LINE('',#6510,#6511);
#6510 = CARTESIAN_POINT('',(-5.24981641316,34.161756609912,1.1));
#6511 = VECTOR('',#6512,1.);
#6512 = DIRECTION('',(-0.,-0.,-1.));
#6513 = ORIENTED_EDGE('',*,*,#1562,.F.);
#6514 = SURFACE_OF_LINEAR_EXTRUSION('',#6515,#6519);
#6515 = B_SPLINE_CURVE_WITH_KNOTS('',2,(#6516,#6517,#6518),
  .UNSPECIFIED.,.F.,.F.,(3,3),(0.,1.),.PIECEWISE_BEZIER_KNOTS.);
#6516 = CARTESIAN_POINT('',(-4.961643517291,34.87418404692,1.1));
#6517 = CARTESIAN_POINT('',(-4.961643517291,34.457934308443,1.1));
#6518 = CARTESIAN_POINT('',(-5.24981641316,34.161756609912,1.1));
#6519 = VECTOR('',#6520,1.);
#6520 = DIRECTION('',(0.,0.,1.));
#6521 = ADVANCED_FACE('',(#6522),#6540,.T.);
#6522 = FACE_BOUND('',#6523,.T.);
#6523 = EDGE_LOOP('',(#6524,#6532,#6538,#6539));
#6524 = ORIENTED_EDGE('',*,*,#6525,.T.);
#6525 = EDGE_CURVE('',#1723,#6526,#6528,.T.);
#6526 = VERTEX_POINT('',#6527);
#6527 = CARTESIAN_POINT('',(-6.981522055925,36.870048177564,0.8));
#6528 = LINE('',#6529,#6530);
#6529 = CARTESIAN_POINT('',(-6.981522055925,36.870048177564,1.1));
#6530 = VECTOR('',#6531,1.);
#6531 = DIRECTION('',(-0.,-0.,-1.));
#6532 = ORIENTED_EDGE('',*,*,#6533,.T.);
#6533 = EDGE_CURVE('',#6526,#6476,#6534,.T.);
#6534 = B_SPLINE_CURVE_WITH_KNOTS('',2,(#6535,#6536,#6537),
  .UNSPECIFIED.,.F.,.F.,(3,3),(0.,1.),.PIECEWISE_BEZIER_KNOTS.);
#6535 = CARTESIAN_POINT('',(-6.981522055925,36.870048177564,0.8));
#6536 = CARTESIAN_POINT('',(-6.981522055925,36.499158987511,0.8));
#6537 = CARTESIAN_POINT('',(-6.57861365522,36.296370653382,0.8));
#6538 = ORIENTED_EDGE('',*,*,#6475,.F.);
#6539 = ORIENTED_EDGE('',*,*,#1730,.F.);
#6540 = SURFACE_OF_LINEAR_EXTRUSION('',#6541,#6545);
#6541 = B_SPLINE_CURVE_WITH_KNOTS('',2,(#6542,#6543,#6544),
  .UNSPECIFIED.,.F.,.F.,(3,3),(0.,1.),.PIECEWISE_BEZIER_KNOTS.);
#6542 = CARTESIAN_POINT('',(-6.981522055925,36.870048177564,1.1));
#6543 = CARTESIAN_POINT('',(-6.981522055925,36.499158987511,1.1));
#6544 = CARTESIAN_POINT('',(-6.57861365522,36.296370653382,1.1));
#6545 = VECTOR('',#6546,1.);
#6546 = DIRECTION('',(0.,0.,1.));
#6547 = ADVANCED_FACE('',(#6548),#6566,.T.);
#6548 = FACE_BOUND('',#6549,.T.);
#6549 = EDGE_LOOP('',(#6550,#6551,#6559,#6565));
#6550 = ORIENTED_EDGE('',*,*,#6508,.T.);
#6551 = ORIENTED_EDGE('',*,*,#6552,.T.);
#6552 = EDGE_CURVE('',#6501,#6553,#6555,.T.);
#6553 = VERTEX_POINT('',#6554);
#6554 = CARTESIAN_POINT('',(-5.946234244842,33.862910643826,0.8));
#6555 = B_SPLINE_CURVE_WITH_KNOTS('',2,(#6556,#6557,#6558),
  .UNSPECIFIED.,.F.,.F.,(3,3),(0.,1.),.PIECEWISE_BEZIER_KNOTS.);
#6556 = CARTESIAN_POINT('',(-5.24981641316,34.161756609912,0.8));
#6557 = CARTESIAN_POINT('',(-5.537989309028,33.862910643826,0.8));
#6558 = CARTESIAN_POINT('',(-5.946234244842,33.862910643826,0.8));
#6559 = ORIENTED_EDGE('',*,*,#6560,.F.);
#6560 = EDGE_CURVE('',#1571,#6553,#6561,.T.);
#6561 = LINE('',#6562,#6563);
#6562 = CARTESIAN_POINT('',(-5.946234244842,33.862910643826,1.1));
#6563 = VECTOR('',#6564,1.);
#6564 = DIRECTION('',(-0.,-0.,-1.));
#6565 = ORIENTED_EDGE('',*,*,#1570,.F.);
#6566 = SURFACE_OF_LINEAR_EXTRUSION('',#6567,#6571);
#6567 = B_SPLINE_CURVE_WITH_KNOTS('',2,(#6568,#6569,#6570),
  .UNSPECIFIED.,.F.,.F.,(3,3),(0.,1.),.PIECEWISE_BEZIER_KNOTS.);
#6568 = CARTESIAN_POINT('',(-5.24981641316,34.161756609912,1.1));
#6569 = CARTESIAN_POINT('',(-5.537989309028,33.862910643826,1.1));
#6570 = CARTESIAN_POINT('',(-5.946234244842,33.862910643826,1.1));
#6571 = VECTOR('',#6572,1.);
#6572 = DIRECTION('',(0.,0.,1.));
#6573 = ADVANCED_FACE('',(#6574),#6592,.T.);
#6574 = FACE_BOUND('',#6575,.T.);
#6575 = EDGE_LOOP('',(#6576,#6584,#6590,#6591));
#6576 = ORIENTED_EDGE('',*,*,#6577,.T.);
#6577 = EDGE_CURVE('',#1715,#6578,#6580,.T.);
#6578 = VERTEX_POINT('',#6579);
#6579 = CARTESIAN_POINT('',(-6.674671287176,37.422379561312,0.8));
#6580 = LINE('',#6581,#6582);
#6581 = CARTESIAN_POINT('',(-6.674671287176,37.422379561312,1.1));
#6582 = VECTOR('',#6583,1.);
#6583 = DIRECTION('',(-0.,-0.,-1.));
#6584 = ORIENTED_EDGE('',*,*,#6585,.T.);
#6585 = EDGE_CURVE('',#6578,#6526,#6586,.T.);
#6586 = B_SPLINE_CURVE_WITH_KNOTS('',2,(#6587,#6588,#6589),
  .UNSPECIFIED.,.F.,.F.,(3,3),(0.,1.),.PIECEWISE_BEZIER_KNOTS.);
#6587 = CARTESIAN_POINT('',(-6.674671287176,37.422379561312,0.8));
#6588 = CARTESIAN_POINT('',(-6.981522055925,37.262283508052,0.8));
#6589 = CARTESIAN_POINT('',(-6.981522055925,36.870048177564,0.8));
#6590 = ORIENTED_EDGE('',*,*,#6525,.F.);
#6591 = ORIENTED_EDGE('',*,*,#1722,.F.);
#6592 = SURFACE_OF_LINEAR_EXTRUSION('',#6593,#6597);
#6593 = B_SPLINE_CURVE_WITH_KNOTS('',2,(#6594,#6595,#6596),
  .UNSPECIFIED.,.F.,.F.,(3,3),(0.,1.),.PIECEWISE_BEZIER_KNOTS.);
#6594 = CARTESIAN_POINT('',(-6.674671287176,37.422379561312,1.1));
#6595 = CARTESIAN_POINT('',(-6.981522055925,37.262283508052,1.1));
#6596 = CARTESIAN_POINT('',(-6.981522055925,36.870048177564,1.1));
#6597 = VECTOR('',#6598,1.);
#6598 = DIRECTION('',(0.,0.,1.));
#6599 = ADVANCED_FACE('',(#6600),#6618,.T.);
#6600 = FACE_BOUND('',#6601,.T.);
#6601 = EDGE_LOOP('',(#6602,#6603,#6611,#6617));
#6602 = ORIENTED_EDGE('',*,*,#6560,.T.);
#6603 = ORIENTED_EDGE('',*,*,#6604,.T.);
#6604 = EDGE_CURVE('',#6553,#6605,#6607,.T.);
#6605 = VERTEX_POINT('',#6606);
#6606 = CARTESIAN_POINT('',(-6.973517253262,34.036348034858,0.8));
#6607 = B_SPLINE_CURVE_WITH_KNOTS('',2,(#6608,#6609,#6610),
  .UNSPECIFIED.,.F.,.F.,(3,3),(0.,1.),.PIECEWISE_BEZIER_KNOTS.);
#6608 = CARTESIAN_POINT('',(-5.946234244842,33.862910643826,0.8));
#6609 = CARTESIAN_POINT('',(-6.511906966361,33.862910643826,0.8));
#6610 = CARTESIAN_POINT('',(-6.973517253262,34.036348034858,0.8));
#6611 = ORIENTED_EDGE('',*,*,#6612,.F.);
#6612 = EDGE_CURVE('',#1579,#6605,#6613,.T.);
#6613 = LINE('',#6614,#6615);
#6614 = CARTESIAN_POINT('',(-6.973517253262,34.036348034858,1.1));
#6615 = VECTOR('',#6616,1.);
#6616 = DIRECTION('',(-0.,-0.,-1.));
#6617 = ORIENTED_EDGE('',*,*,#1578,.F.);
#6618 = SURFACE_OF_LINEAR_EXTRUSION('',#6619,#6623);
#6619 = B_SPLINE_CURVE_WITH_KNOTS('',2,(#6620,#6621,#6622),
  .UNSPECIFIED.,.F.,.F.,(3,3),(0.,1.),.PIECEWISE_BEZIER_KNOTS.);
#6620 = CARTESIAN_POINT('',(-5.946234244842,33.862910643826,1.1));
#6621 = CARTESIAN_POINT('',(-6.511906966361,33.862910643826,1.1));
#6622 = CARTESIAN_POINT('',(-6.973517253262,34.036348034858,1.1));
#6623 = VECTOR('',#6624,1.);
#6624 = DIRECTION('',(0.,0.,1.));
#6625 = ADVANCED_FACE('',(#6626),#6644,.T.);
#6626 = FACE_BOUND('',#6627,.T.);
#6627 = EDGE_LOOP('',(#6628,#6636,#6642,#6643));
#6628 = ORIENTED_EDGE('',*,*,#6629,.T.);
#6629 = EDGE_CURVE('',#1707,#6630,#6632,.T.);
#6630 = VERTEX_POINT('',#6631);
#6631 = CARTESIAN_POINT('',(-6.362483983318,37.494422785279,0.8));
#6632 = LINE('',#6633,#6634);
#6633 = CARTESIAN_POINT('',(-6.362483983318,37.494422785279,1.1));
#6634 = VECTOR('',#6635,1.);
#6635 = DIRECTION('',(-0.,-0.,-1.));
#6636 = ORIENTED_EDGE('',*,*,#6637,.T.);
#6637 = EDGE_CURVE('',#6630,#6578,#6638,.T.);
#6638 = B_SPLINE_CURVE_WITH_KNOTS('',2,(#6639,#6640,#6641),
  .UNSPECIFIED.,.F.,.F.,(3,3),(0.,1.),.PIECEWISE_BEZIER_KNOTS.);
#6639 = CARTESIAN_POINT('',(-6.362483983318,37.494422785279,0.8));
#6640 = CARTESIAN_POINT('',(-6.53592137435,37.494422785279,0.8));
#6641 = CARTESIAN_POINT('',(-6.674671287176,37.422379561312,0.8));
#6642 = ORIENTED_EDGE('',*,*,#6577,.F.);
#6643 = ORIENTED_EDGE('',*,*,#1714,.F.);
#6644 = SURFACE_OF_LINEAR_EXTRUSION('',#6645,#6649);
#6645 = B_SPLINE_CURVE_WITH_KNOTS('',2,(#6646,#6647,#6648),
  .UNSPECIFIED.,.F.,.F.,(3,3),(0.,1.),.PIECEWISE_BEZIER_KNOTS.);
#6646 = CARTESIAN_POINT('',(-6.362483983318,37.494422785279,1.1));
#6647 = CARTESIAN_POINT('',(-6.53592137435,37.494422785279,1.1));
#6648 = CARTESIAN_POINT('',(-6.674671287176,37.422379561312,1.1));
#6649 = VECTOR('',#6650,1.);
#6650 = DIRECTION('',(0.,0.,1.));
#6651 = ADVANCED_FACE('',(#6652),#6670,.T.);
#6652 = FACE_BOUND('',#6653,.T.);
#6653 = EDGE_LOOP('',(#6654,#6655,#6663,#6669));
#6654 = ORIENTED_EDGE('',*,*,#6612,.T.);
#6655 = ORIENTED_EDGE('',*,*,#6656,.T.);
#6656 = EDGE_CURVE('',#6605,#6657,#6659,.T.);
#6657 = VERTEX_POINT('',#6658);
#6658 = CARTESIAN_POINT('',(-7.165632517174,34.257814241868,0.8));
#6659 = B_SPLINE_CURVE_WITH_KNOTS('',2,(#6660,#6661,#6662),
  .UNSPECIFIED.,.F.,.F.,(3,3),(0.,1.),.PIECEWISE_BEZIER_KNOTS.);
#6660 = CARTESIAN_POINT('',(-6.973517253262,34.036348034858,0.8));
#6661 = CARTESIAN_POINT('',(-7.165632517174,34.108391258825,0.8));
#6662 = CARTESIAN_POINT('',(-7.165632517174,34.257814241868,0.8));
#6663 = ORIENTED_EDGE('',*,*,#6664,.F.);
#6664 = EDGE_CURVE('',#1587,#6657,#6665,.T.);
#6665 = LINE('',#6666,#6667);
#6666 = CARTESIAN_POINT('',(-7.165632517174,34.257814241868,1.1));
#6667 = VECTOR('',#6668,1.);
#6668 = DIRECTION('',(-0.,-0.,-1.));
#6669 = ORIENTED_EDGE('',*,*,#1586,.F.);
#6670 = SURFACE_OF_LINEAR_EXTRUSION('',#6671,#6675);
#6671 = B_SPLINE_CURVE_WITH_KNOTS('',2,(#6672,#6673,#6674),
  .UNSPECIFIED.,.F.,.F.,(3,3),(0.,1.),.PIECEWISE_BEZIER_KNOTS.);
#6672 = CARTESIAN_POINT('',(-6.973517253262,34.036348034858,1.1));
#6673 = CARTESIAN_POINT('',(-7.165632517174,34.108391258825,1.1));
#6674 = CARTESIAN_POINT('',(-7.165632517174,34.257814241868,1.1));
#6675 = VECTOR('',#6676,1.);
#6676 = DIRECTION('',(0.,0.,1.));
#6677 = ADVANCED_FACE('',(#6678),#6696,.T.);
#6678 = FACE_BOUND('',#6679,.T.);
#6679 = EDGE_LOOP('',(#6680,#6688,#6694,#6695));
#6680 = ORIENTED_EDGE('',*,*,#6681,.T.);
#6681 = EDGE_CURVE('',#1699,#6682,#6684,.T.);
#6682 = VERTEX_POINT('',#6683);
#6683 = CARTESIAN_POINT('',(-5.351210580224,37.192908551639,0.8));
#6684 = LINE('',#6685,#6686);
#6685 = CARTESIAN_POINT('',(-5.351210580224,37.192908551639,1.1));
#6686 = VECTOR('',#6687,1.);
#6687 = DIRECTION('',(-0.,-0.,-1.));
#6688 = ORIENTED_EDGE('',*,*,#6689,.T.);
#6689 = EDGE_CURVE('',#6682,#6630,#6690,.T.);
#6690 = B_SPLINE_CURVE_WITH_KNOTS('',2,(#6691,#6692,#6693),
  .UNSPECIFIED.,.F.,.F.,(3,3),(0.,1.),.PIECEWISE_BEZIER_KNOTS.);
#6691 = CARTESIAN_POINT('',(-5.351210580224,37.192908551639,0.8));
#6692 = CARTESIAN_POINT('',(-5.77279685381,37.494422785279,0.8));
#6693 = CARTESIAN_POINT('',(-6.362483983318,37.494422785279,0.8));
#6694 = ORIENTED_EDGE('',*,*,#6629,.F.);
#6695 = ORIENTED_EDGE('',*,*,#1706,.F.);
#6696 = SURFACE_OF_LINEAR_EXTRUSION('',#6697,#6701);
#6697 = B_SPLINE_CURVE_WITH_KNOTS('',2,(#6698,#6699,#6700),
  .UNSPECIFIED.,.F.,.F.,(3,3),(0.,1.),.PIECEWISE_BEZIER_KNOTS.);
#6698 = CARTESIAN_POINT('',(-5.351210580224,37.192908551639,1.1));
#6699 = CARTESIAN_POINT('',(-5.77279685381,37.494422785279,1.1));
#6700 = CARTESIAN_POINT('',(-6.362483983318,37.494422785279,1.1));
#6701 = VECTOR('',#6702,1.);
#6702 = DIRECTION('',(0.,0.,1.));
#6703 = ADVANCED_FACE('',(#6704),#6722,.T.);
#6704 = FACE_BOUND('',#6705,.T.);
#6705 = EDGE_LOOP('',(#6706,#6707,#6715,#6721));
#6706 = ORIENTED_EDGE('',*,*,#6664,.T.);
#6707 = ORIENTED_EDGE('',*,*,#6708,.T.);
#6708 = EDGE_CURVE('',#6657,#6709,#6711,.T.);
#6709 = VERTEX_POINT('',#6710);
#6710 = CARTESIAN_POINT('',(-6.981522055925,34.441924703117,0.8));
#6711 = B_SPLINE_CURVE_WITH_KNOTS('',2,(#6712,#6713,#6714),
  .UNSPECIFIED.,.F.,.F.,(3,3),(0.,1.),.PIECEWISE_BEZIER_KNOTS.);
#6712 = CARTESIAN_POINT('',(-7.165632517174,34.257814241868,0.8));
#6713 = CARTESIAN_POINT('',(-7.165632517174,34.441924703117,0.8));
#6714 = CARTESIAN_POINT('',(-6.981522055925,34.441924703117,0.8));
#6715 = ORIENTED_EDGE('',*,*,#6716,.F.);
#6716 = EDGE_CURVE('',#1595,#6709,#6717,.T.);
#6717 = LINE('',#6718,#6719);
#6718 = CARTESIAN_POINT('',(-6.981522055925,34.441924703117,1.1));
#6719 = VECTOR('',#6720,1.);
#6720 = DIRECTION('',(-0.,-0.,-1.));
#6721 = ORIENTED_EDGE('',*,*,#1594,.F.);
#6722 = SURFACE_OF_LINEAR_EXTRUSION('',#6723,#6727);
#6723 = B_SPLINE_CURVE_WITH_KNOTS('',2,(#6724,#6725,#6726),
  .UNSPECIFIED.,.F.,.F.,(3,3),(0.,1.),.PIECEWISE_BEZIER_KNOTS.);
#6724 = CARTESIAN_POINT('',(-7.165632517174,34.257814241868,1.1));
#6725 = CARTESIAN_POINT('',(-7.165632517174,34.441924703117,1.1));
#6726 = CARTESIAN_POINT('',(-6.981522055925,34.441924703117,1.1));
#6727 = VECTOR('',#6728,1.);
#6728 = DIRECTION('',(0.,0.,1.));
#6729 = ADVANCED_FACE('',(#6730),#6748,.T.);
#6730 = FACE_BOUND('',#6731,.T.);
#6731 = EDGE_LOOP('',(#6732,#6740,#6746,#6747));
#6732 = ORIENTED_EDGE('',*,*,#6733,.T.);
#6733 = EDGE_CURVE('',#1691,#6734,#6736,.T.);
#6734 = VERTEX_POINT('',#6735);
#6735 = CARTESIAN_POINT('',(-5.159095316312,37.1075239899,0.8));
#6736 = LINE('',#6737,#6738);
#6737 = CARTESIAN_POINT('',(-5.159095316312,37.1075239899,1.1));
#6738 = VECTOR('',#6739,1.);
#6739 = DIRECTION('',(-0.,-0.,-1.));
#6740 = ORIENTED_EDGE('',*,*,#6741,.T.);
#6741 = EDGE_CURVE('',#6734,#6682,#6742,.T.);
#6742 = B_SPLINE_CURVE_WITH_KNOTS('',2,(#6743,#6744,#6745),
  .UNSPECIFIED.,.F.,.F.,(3,3),(0.,1.),.PIECEWISE_BEZIER_KNOTS.);
#6743 = CARTESIAN_POINT('',(-5.159095316312,37.1075239899,0.8));
#6744 = CARTESIAN_POINT('',(-5.231138540279,37.1075239899,0.8));
#6745 = CARTESIAN_POINT('',(-5.351210580224,37.192908551639,0.8));
#6746 = ORIENTED_EDGE('',*,*,#6681,.F.);
#6747 = ORIENTED_EDGE('',*,*,#1698,.F.);
#6748 = SURFACE_OF_LINEAR_EXTRUSION('',#6749,#6753);
#6749 = B_SPLINE_CURVE_WITH_KNOTS('',2,(#6750,#6751,#6752),
  .UNSPECIFIED.,.F.,.F.,(3,3),(0.,1.),.PIECEWISE_BEZIER_KNOTS.);
#6750 = CARTESIAN_POINT('',(-5.159095316312,37.1075239899,1.1));
#6751 = CARTESIAN_POINT('',(-5.231138540279,37.1075239899,1.1));
#6752 = CARTESIAN_POINT('',(-5.351210580224,37.192908551639,1.1));
#6753 = VECTOR('',#6754,1.);
#6754 = DIRECTION('',(0.,0.,1.));
#6755 = ADVANCED_FACE('',(#6756),#6774,.T.);
#6756 = FACE_BOUND('',#6757,.T.);
#6757 = EDGE_LOOP('',(#6758,#6759,#6767,#6773));
#6758 = ORIENTED_EDGE('',*,*,#6716,.T.);
#6759 = ORIENTED_EDGE('',*,*,#6760,.T.);
#6760 = EDGE_CURVE('',#6709,#6761,#6763,.T.);
#6761 = VERTEX_POINT('',#6762);
#6762 = CARTESIAN_POINT('',(-6.73870970848,34.377886281813,0.8));
#6763 = B_SPLINE_CURVE_WITH_KNOTS('',2,(#6764,#6765,#6766),
  .UNSPECIFIED.,.F.,.F.,(3,3),(0.,1.),.PIECEWISE_BEZIER_KNOTS.);
#6764 = CARTESIAN_POINT('',(-6.981522055925,34.441924703117,0.8));
#6765 = CARTESIAN_POINT('',(-6.904142296849,34.441924703117,0.8));
#6766 = CARTESIAN_POINT('',(-6.73870970848,34.377886281813,0.8));
#6767 = ORIENTED_EDGE('',*,*,#6768,.F.);
#6768 = EDGE_CURVE('',#1603,#6761,#6769,.T.);
#6769 = LINE('',#6770,#6771);
#6770 = CARTESIAN_POINT('',(-6.73870970848,34.377886281813,1.1));
#6771 = VECTOR('',#6772,1.);
#6772 = DIRECTION('',(-0.,-0.,-1.));
#6773 = ORIENTED_EDGE('',*,*,#1602,.F.);
#6774 = SURFACE_OF_LINEAR_EXTRUSION('',#6775,#6779);
#6775 = B_SPLINE_CURVE_WITH_KNOTS('',2,(#6776,#6777,#6778),
  .UNSPECIFIED.,.F.,.F.,(3,3),(0.,1.),.PIECEWISE_BEZIER_KNOTS.);
#6776 = CARTESIAN_POINT('',(-6.981522055925,34.441924703117,1.1));
#6777 = CARTESIAN_POINT('',(-6.904142296849,34.441924703117,1.1));
#6778 = CARTESIAN_POINT('',(-6.73870970848,34.377886281813,1.1));
#6779 = VECTOR('',#6780,1.);
#6780 = DIRECTION('',(0.,0.,1.));
#6781 = ADVANCED_FACE('',(#6782),#6800,.T.);
#6782 = FACE_BOUND('',#6783,.T.);
#6783 = EDGE_LOOP('',(#6784,#6792,#6798,#6799));
#6784 = ORIENTED_EDGE('',*,*,#6785,.T.);
#6785 = EDGE_CURVE('',#1683,#6786,#6788,.T.);
#6786 = VERTEX_POINT('',#6787);
#6787 = CARTESIAN_POINT('',(-4.961643517291,37.29163445115,0.8));
#6788 = LINE('',#6789,#6790);
#6789 = CARTESIAN_POINT('',(-4.961643517291,37.29163445115,1.1));
#6790 = VECTOR('',#6791,1.);
#6791 = DIRECTION('',(-0.,-0.,-1.));
#6792 = ORIENTED_EDGE('',*,*,#6793,.T.);
#6793 = EDGE_CURVE('',#6786,#6734,#6794,.T.);
#6794 = B_SPLINE_CURVE_WITH_KNOTS('',2,(#6795,#6796,#6797),
  .UNSPECIFIED.,.F.,.F.,(3,3),(0.,1.),.PIECEWISE_BEZIER_KNOTS.);
#6795 = CARTESIAN_POINT('',(-4.961643517291,37.29163445115,0.8));
#6796 = CARTESIAN_POINT('',(-4.961643517291,37.1075239899,0.8));
#6797 = CARTESIAN_POINT('',(-5.159095316312,37.1075239899,0.8));
#6798 = ORIENTED_EDGE('',*,*,#6733,.F.);
#6799 = ORIENTED_EDGE('',*,*,#1690,.F.);
#6800 = SURFACE_OF_LINEAR_EXTRUSION('',#6801,#6805);
#6801 = B_SPLINE_CURVE_WITH_KNOTS('',2,(#6802,#6803,#6804),
  .UNSPECIFIED.,.F.,.F.,(3,3),(0.,1.),.PIECEWISE_BEZIER_KNOTS.);
#6802 = CARTESIAN_POINT('',(-4.961643517291,37.29163445115,1.1));
#6803 = CARTESIAN_POINT('',(-4.961643517291,37.1075239899,1.1));
#6804 = CARTESIAN_POINT('',(-5.159095316312,37.1075239899,1.1));
#6805 = VECTOR('',#6806,1.);
#6806 = DIRECTION('',(0.,0.,1.));
#6807 = ADVANCED_FACE('',(#6808),#6826,.T.);
#6808 = FACE_BOUND('',#6809,.T.);
#6809 = EDGE_LOOP('',(#6810,#6811,#6819,#6825));
#6810 = ORIENTED_EDGE('',*,*,#6768,.T.);
#6811 = ORIENTED_EDGE('',*,*,#6812,.T.);
#6812 = EDGE_CURVE('',#6761,#6813,#6815,.T.);
#6813 = VERTEX_POINT('',#6814);
#6814 = CARTESIAN_POINT('',(-6.004936131037,34.244472904096,0.8));
#6815 = B_SPLINE_CURVE_WITH_KNOTS('',2,(#6816,#6817,#6818),
  .UNSPECIFIED.,.F.,.F.,(3,3),(0.,1.),.PIECEWISE_BEZIER_KNOTS.);
#6816 = CARTESIAN_POINT('',(-6.73870970848,34.377886281813,0.8));
#6817 = CARTESIAN_POINT('',(-6.39450319397,34.244472904096,0.8));
#6818 = CARTESIAN_POINT('',(-6.004936131037,34.244472904096,0.8));
#6819 = ORIENTED_EDGE('',*,*,#6820,.F.);
#6820 = EDGE_CURVE('',#1611,#6813,#6821,.T.);
#6821 = LINE('',#6822,#6823);
#6822 = CARTESIAN_POINT('',(-6.004936131037,34.244472904096,1.1));
#6823 = VECTOR('',#6824,1.);
#6824 = DIRECTION('',(-0.,-0.,-1.));
#6825 = ORIENTED_EDGE('',*,*,#1610,.F.);
#6826 = SURFACE_OF_LINEAR_EXTRUSION('',#6827,#6831);
#6827 = B_SPLINE_CURVE_WITH_KNOTS('',2,(#6828,#6829,#6830),
  .UNSPECIFIED.,.F.,.F.,(3,3),(0.,1.),.PIECEWISE_BEZIER_KNOTS.);
#6828 = CARTESIAN_POINT('',(-6.73870970848,34.377886281813,1.1));
#6829 = CARTESIAN_POINT('',(-6.39450319397,34.244472904096,1.1));
#6830 = CARTESIAN_POINT('',(-6.004936131037,34.244472904096,1.1));
#6831 = VECTOR('',#6832,1.);
#6832 = DIRECTION('',(0.,0.,1.));
#6833 = ADVANCED_FACE('',(#6834),#6852,.T.);
#6834 = FACE_BOUND('',#6835,.T.);
#6835 = EDGE_LOOP('',(#6836,#6844,#6850,#6851));
#6836 = ORIENTED_EDGE('',*,*,#6837,.T.);
#6837 = EDGE_CURVE('',#1675,#6838,#6840,.T.);
#6838 = VERTEX_POINT('',#6839);
#6839 = CARTESIAN_POINT('',(-5.111066500334,37.510432390606,0.8));
#6840 = LINE('',#6841,#6842);
#6841 = CARTESIAN_POINT('',(-5.111066500334,37.510432390606,1.1));
#6842 = VECTOR('',#6843,1.);
#6843 = DIRECTION('',(-0.,-0.,-1.));
#6844 = ORIENTED_EDGE('',*,*,#6845,.T.);
#6845 = EDGE_CURVE('',#6838,#6786,#6846,.T.);
#6846 = B_SPLINE_CURVE_WITH_KNOTS('',2,(#6847,#6848,#6849),
  .UNSPECIFIED.,.F.,.F.,(3,3),(0.,1.),.PIECEWISE_BEZIER_KNOTS.);
#6847 = CARTESIAN_POINT('',(-5.111066500334,37.510432390605,0.8));
#6848 = CARTESIAN_POINT('',(-4.961643517291,37.411706491095,0.8));
#6849 = CARTESIAN_POINT('',(-4.961643517291,37.29163445115,0.8));
#6850 = ORIENTED_EDGE('',*,*,#6785,.F.);
#6851 = ORIENTED_EDGE('',*,*,#1682,.F.);
#6852 = SURFACE_OF_LINEAR_EXTRUSION('',#6853,#6857);
#6853 = B_SPLINE_CURVE_WITH_KNOTS('',2,(#6854,#6855,#6856),
  .UNSPECIFIED.,.F.,.F.,(3,3),(0.,1.),.PIECEWISE_BEZIER_KNOTS.);
#6854 = CARTESIAN_POINT('',(-5.111066500334,37.510432390605,1.1));
#6855 = CARTESIAN_POINT('',(-4.961643517291,37.411706491095,1.1));
#6856 = CARTESIAN_POINT('',(-4.961643517291,37.29163445115,1.1));
#6857 = VECTOR('',#6858,1.);
#6858 = DIRECTION('',(0.,0.,1.));
#6859 = ADVANCED_FACE('',(#6860),#6878,.T.);
#6860 = FACE_BOUND('',#6861,.T.);
#6861 = EDGE_LOOP('',(#6862,#6863,#6871,#6877));
#6862 = ORIENTED_EDGE('',*,*,#6820,.T.);
#6863 = ORIENTED_EDGE('',*,*,#6864,.T.);
#6864 = EDGE_CURVE('',#6813,#6865,#6867,.T.);
#6865 = VERTEX_POINT('',#6866);
#6866 = CARTESIAN_POINT('',(-5.468614352615,34.495290054204,0.8));
#6867 = B_SPLINE_CURVE_WITH_KNOTS('',2,(#6868,#6869,#6870),
  .UNSPECIFIED.,.F.,.F.,(3,3),(0.,1.),.PIECEWISE_BEZIER_KNOTS.);
#6868 = CARTESIAN_POINT('',(-6.004936131037,34.244472904096,0.8));
#6869 = CARTESIAN_POINT('',(-5.652724813865,34.244472904096,0.8));
#6870 = CARTESIAN_POINT('',(-5.468614352615,34.495290054204,0.8));
#6871 = ORIENTED_EDGE('',*,*,#6872,.F.);
#6872 = EDGE_CURVE('',#1619,#6865,#6873,.T.);
#6873 = LINE('',#6874,#6875);
#6874 = CARTESIAN_POINT('',(-5.468614352615,34.495290054204,1.1));
#6875 = VECTOR('',#6876,1.);
#6876 = DIRECTION('',(-0.,-0.,-1.));
#6877 = ORIENTED_EDGE('',*,*,#1618,.F.);
#6878 = SURFACE_OF_LINEAR_EXTRUSION('',#6879,#6883);
#6879 = B_SPLINE_CURVE_WITH_KNOTS('',2,(#6880,#6881,#6882),
  .UNSPECIFIED.,.F.,.F.,(3,3),(0.,1.),.PIECEWISE_BEZIER_KNOTS.);
#6880 = CARTESIAN_POINT('',(-6.004936131037,34.244472904096,1.1));
#6881 = CARTESIAN_POINT('',(-5.652724813865,34.244472904096,1.1));
#6882 = CARTESIAN_POINT('',(-5.468614352615,34.495290054204,1.1));
#6883 = VECTOR('',#6884,1.);
#6884 = DIRECTION('',(0.,0.,1.));
#6885 = ADVANCED_FACE('',(#6886),#6904,.T.);
#6886 = FACE_BOUND('',#6887,.T.);
#6887 = EDGE_LOOP('',(#6888,#6896,#6902,#6903));
#6888 = ORIENTED_EDGE('',*,*,#6889,.T.);
#6889 = EDGE_CURVE('',#1667,#6890,#6892,.T.);
#6890 = VERTEX_POINT('',#6891);
#6891 = CARTESIAN_POINT('',(-6.327796505112,37.891994650876,0.8));
#6892 = LINE('',#6893,#6894);
#6893 = CARTESIAN_POINT('',(-6.327796505112,37.891994650876,1.1));
#6894 = VECTOR('',#6895,1.);
#6895 = DIRECTION('',(-0.,-0.,-1.));
#6896 = ORIENTED_EDGE('',*,*,#6897,.T.);
#6897 = EDGE_CURVE('',#6890,#6838,#6898,.T.);
#6898 = B_SPLINE_CURVE_WITH_KNOTS('',2,(#6899,#6900,#6901),
  .UNSPECIFIED.,.F.,.F.,(3,3),(0.,1.),.PIECEWISE_BEZIER_KNOTS.);
#6899 = CARTESIAN_POINT('',(-6.327796505112,37.891994650876,0.8));
#6900 = CARTESIAN_POINT('',(-5.69274882718,37.891994650876,0.8));
#6901 = CARTESIAN_POINT('',(-5.111066500334,37.510432390606,0.8));
#6902 = ORIENTED_EDGE('',*,*,#6837,.F.);
#6903 = ORIENTED_EDGE('',*,*,#1674,.F.);
#6904 = SURFACE_OF_LINEAR_EXTRUSION('',#6905,#6909);
#6905 = B_SPLINE_CURVE_WITH_KNOTS('',2,(#6906,#6907,#6908),
  .UNSPECIFIED.,.F.,.F.,(3,3),(0.,1.),.PIECEWISE_BEZIER_KNOTS.);
#6906 = CARTESIAN_POINT('',(-6.327796505112,37.891994650876,1.1));
#6907 = CARTESIAN_POINT('',(-5.69274882718,37.891994650876,1.1));
#6908 = CARTESIAN_POINT('',(-5.111066500334,37.510432390606,1.1));
#6909 = VECTOR('',#6910,1.);
#6910 = DIRECTION('',(0.,0.,1.));
#6911 = ADVANCED_FACE('',(#6912),#6930,.T.);
#6912 = FACE_BOUND('',#6913,.T.);
#6913 = EDGE_LOOP('',(#6914,#6915,#6923,#6929));
#6914 = ORIENTED_EDGE('',*,*,#6872,.T.);
#6915 = ORIENTED_EDGE('',*,*,#6916,.T.);
#6916 = EDGE_CURVE('',#6865,#6917,#6919,.T.);
#6917 = VERTEX_POINT('',#6918);
#6918 = CARTESIAN_POINT('',(-5.356547115333,34.895530187354,0.8));
#6919 = B_SPLINE_CURVE_WITH_KNOTS('',2,(#6920,#6921,#6922),
  .UNSPECIFIED.,.F.,.F.,(3,3),(0.,1.),.PIECEWISE_BEZIER_KNOTS.);
#6920 = CARTESIAN_POINT('',(-5.468614352615,34.495290054204,0.8));
#6921 = CARTESIAN_POINT('',(-5.356547115333,34.647381304801,0.8));
#6922 = CARTESIAN_POINT('',(-5.356547115333,34.895530187354,0.8));
#6923 = ORIENTED_EDGE('',*,*,#6924,.F.);
#6924 = EDGE_CURVE('',#1627,#6917,#6925,.T.);
#6925 = LINE('',#6926,#6927);
#6926 = CARTESIAN_POINT('',(-5.356547115333,34.895530187354,1.1));
#6927 = VECTOR('',#6928,1.);
#6928 = DIRECTION('',(-0.,-0.,-1.));
#6929 = ORIENTED_EDGE('',*,*,#1626,.F.);
#6930 = SURFACE_OF_LINEAR_EXTRUSION('',#6931,#6935);
#6931 = B_SPLINE_CURVE_WITH_KNOTS('',2,(#6932,#6933,#6934),
  .UNSPECIFIED.,.F.,.F.,(3,3),(0.,1.),.PIECEWISE_BEZIER_KNOTS.);
#6932 = CARTESIAN_POINT('',(-5.468614352615,34.495290054204,1.1));
#6933 = CARTESIAN_POINT('',(-5.356547115333,34.647381304801,1.1));
#6934 = CARTESIAN_POINT('',(-5.356547115333,34.895530187354,1.1));
#6935 = VECTOR('',#6936,1.);
#6936 = DIRECTION('',(0.,0.,1.));
#6937 = ADVANCED_FACE('',(#6938),#6956,.T.);
#6938 = FACE_BOUND('',#6939,.T.);
#6939 = EDGE_LOOP('',(#6940,#6948,#6954,#6955));
#6940 = ORIENTED_EDGE('',*,*,#6941,.T.);
#6941 = EDGE_CURVE('',#1659,#6942,#6944,.T.);
#6942 = VERTEX_POINT('',#6943);
#6943 = CARTESIAN_POINT('',(-7.045560477229,37.633172698105,0.8));
#6944 = LINE('',#6945,#6946);
#6945 = CARTESIAN_POINT('',(-7.045560477229,37.633172698105,1.1));
#6946 = VECTOR('',#6947,1.);
#6947 = DIRECTION('',(-0.,-0.,-1.));
#6948 = ORIENTED_EDGE('',*,*,#6949,.T.);
#6949 = EDGE_CURVE('',#6942,#6890,#6950,.T.);
#6950 = B_SPLINE_CURVE_WITH_KNOTS('',2,(#6951,#6952,#6953),
  .UNSPECIFIED.,.F.,.F.,(3,3),(0.,1.),.PIECEWISE_BEZIER_KNOTS.);
#6951 = CARTESIAN_POINT('',(-7.045560477229,37.633172698105,0.8));
#6952 = CARTESIAN_POINT('',(-6.746714511143,37.891994650876,0.8));
#6953 = CARTESIAN_POINT('',(-6.327796505112,37.891994650876,0.8));
#6954 = ORIENTED_EDGE('',*,*,#6889,.F.);
#6955 = ORIENTED_EDGE('',*,*,#1666,.F.);
#6956 = SURFACE_OF_LINEAR_EXTRUSION('',#6957,#6961);
#6957 = B_SPLINE_CURVE_WITH_KNOTS('',2,(#6958,#6959,#6960),
  .UNSPECIFIED.,.F.,.F.,(3,3),(0.,1.),.PIECEWISE_BEZIER_KNOTS.);
#6958 = CARTESIAN_POINT('',(-7.045560477229,37.633172698105,1.1));
#6959 = CARTESIAN_POINT('',(-6.746714511143,37.891994650876,1.1));
#6960 = CARTESIAN_POINT('',(-6.327796505112,37.891994650876,1.1));
#6961 = VECTOR('',#6962,1.);
#6962 = DIRECTION('',(0.,0.,1.));
#6963 = ADVANCED_FACE('',(#6964),#6982,.T.);
#6964 = FACE_BOUND('',#6965,.T.);
#6965 = EDGE_LOOP('',(#6966,#6967,#6975,#6981));
#6966 = ORIENTED_EDGE('',*,*,#6924,.T.);
#6967 = ORIENTED_EDGE('',*,*,#6968,.T.);
#6968 = EDGE_CURVE('',#6917,#6969,#6971,.T.);
#6969 = VERTEX_POINT('',#6970);
#6970 = CARTESIAN_POINT('',(-5.770128586255,35.445193303548,0.8));
#6971 = B_SPLINE_CURVE_WITH_KNOTS('',2,(#6972,#6973,#6974),
  .UNSPECIFIED.,.F.,.F.,(3,3),(0.,1.),.PIECEWISE_BEZIER_KNOTS.);
#6972 = CARTESIAN_POINT('',(-5.356547115333,34.895530187354,0.8));
#6973 = CARTESIAN_POINT('',(-5.356547115333,35.234400166755,0.8));
#6974 = CARTESIAN_POINT('',(-5.770128586255,35.445193303548,0.8));
#6975 = ORIENTED_EDGE('',*,*,#6976,.F.);
#6976 = EDGE_CURVE('',#1635,#6969,#6977,.T.);
#6977 = LINE('',#6978,#6979);
#6978 = CARTESIAN_POINT('',(-5.770128586255,35.445193303548,1.1));
#6979 = VECTOR('',#6980,1.);
#6980 = DIRECTION('',(-0.,-0.,-1.));
#6981 = ORIENTED_EDGE('',*,*,#1634,.F.);
#6982 = SURFACE_OF_LINEAR_EXTRUSION('',#6983,#6987);
#6983 = B_SPLINE_CURVE_WITH_KNOTS('',2,(#6984,#6985,#6986),
  .UNSPECIFIED.,.F.,.F.,(3,3),(0.,1.),.PIECEWISE_BEZIER_KNOTS.);
#6984 = CARTESIAN_POINT('',(-5.356547115333,34.895530187354,1.1));
#6985 = CARTESIAN_POINT('',(-5.356547115333,35.234400166755,1.1));
#6986 = CARTESIAN_POINT('',(-5.770128586255,35.445193303548,1.1));
#6987 = VECTOR('',#6988,1.);
#6988 = DIRECTION('',(0.,0.,1.));
#6989 = ADVANCED_FACE('',(#6990),#7008,.T.);
#6990 = FACE_BOUND('',#6991,.T.);
#6991 = EDGE_LOOP('',(#6992,#7000,#7006,#7007));
#6992 = ORIENTED_EDGE('',*,*,#6993,.T.);
#6993 = EDGE_CURVE('',#1651,#6994,#6996,.T.);
#6994 = VERTEX_POINT('',#6995);
#6995 = CARTESIAN_POINT('',(-7.376425653967,36.883389515336,0.8));
#6996 = LINE('',#6997,#6998);
#6997 = CARTESIAN_POINT('',(-7.376425653967,36.883389515336,1.1));
#6998 = VECTOR('',#6999,1.);
#6999 = DIRECTION('',(-0.,-0.,-1.));
#7000 = ORIENTED_EDGE('',*,*,#7001,.T.);
#7001 = EDGE_CURVE('',#6994,#6942,#7002,.T.);
#7002 = B_SPLINE_CURVE_WITH_KNOTS('',2,(#7003,#7004,#7005),
  .UNSPECIFIED.,.F.,.F.,(3,3),(0.,1.),.PIECEWISE_BEZIER_KNOTS.);
#7003 = CARTESIAN_POINT('',(-7.376425653967,36.883389515336,0.8));
#7004 = CARTESIAN_POINT('',(-7.376425653967,37.347668069791,0.8));
#7005 = CARTESIAN_POINT('',(-7.045560477229,37.633172698105,0.8));
#7006 = ORIENTED_EDGE('',*,*,#6941,.F.);
#7007 = ORIENTED_EDGE('',*,*,#1658,.F.);
#7008 = SURFACE_OF_LINEAR_EXTRUSION('',#7009,#7013);
#7009 = B_SPLINE_CURVE_WITH_KNOTS('',2,(#7010,#7011,#7012),
  .UNSPECIFIED.,.F.,.F.,(3,3),(0.,1.),.PIECEWISE_BEZIER_KNOTS.);
#7010 = CARTESIAN_POINT('',(-7.376425653967,36.883389515336,1.1));
#7011 = CARTESIAN_POINT('',(-7.376425653967,37.347668069791,1.1));
#7012 = CARTESIAN_POINT('',(-7.045560477229,37.633172698105,1.1));
#7013 = VECTOR('',#7014,1.);
#7014 = DIRECTION('',(0.,0.,1.));
#7015 = ADVANCED_FACE('',(#7016),#7034,.T.);
#7016 = FACE_BOUND('',#7017,.T.);
#7017 = EDGE_LOOP('',(#7018,#7019,#7027,#7033));
#7018 = ORIENTED_EDGE('',*,*,#6976,.T.);
#7019 = ORIENTED_EDGE('',*,*,#7020,.T.);
#7020 = EDGE_CURVE('',#6969,#7021,#7023,.T.);
#7021 = VERTEX_POINT('',#7022);
#7022 = CARTESIAN_POINT('',(-6.744046243589,35.938822801101,0.8));
#7023 = LINE('',#7024,#7025);
#7024 = CARTESIAN_POINT('',(-5.770128586255,35.445193303548,0.8));
#7025 = VECTOR('',#7026,1.);
#7026 = DIRECTION('',(-0.891970083601,0.452094425935,0.));
#7027 = ORIENTED_EDGE('',*,*,#7028,.F.);
#7028 = EDGE_CURVE('',#1643,#7021,#7029,.T.);
#7029 = LINE('',#7030,#7031);
#7030 = CARTESIAN_POINT('',(-6.744046243589,35.938822801101,1.1));
#7031 = VECTOR('',#7032,1.);
#7032 = DIRECTION('',(-0.,-0.,-1.));
#7033 = ORIENTED_EDGE('',*,*,#1642,.F.);
#7034 = PLANE('',#7035);
#7035 = AXIS2_PLACEMENT_3D('',#7036,#7037,#7038);
#7036 = CARTESIAN_POINT('',(-5.770128586255,35.445193303548,1.1));
#7037 = DIRECTION('',(0.452094425935,0.891970083601,0.));
#7038 = DIRECTION('',(-0.891970083601,0.452094425935,0.));
#7039 = ADVANCED_FACE('',(#7040),#7051,.T.);
#7040 = FACE_BOUND('',#7041,.T.);
#7041 = EDGE_LOOP('',(#7042,#7043,#7049,#7050));
#7042 = ORIENTED_EDGE('',*,*,#7028,.T.);
#7043 = ORIENTED_EDGE('',*,*,#7044,.T.);
#7044 = EDGE_CURVE('',#7021,#6994,#7045,.T.);
#7045 = B_SPLINE_CURVE_WITH_KNOTS('',2,(#7046,#7047,#7048),
  .UNSPECIFIED.,.F.,.F.,(3,3),(0.,1.),.PIECEWISE_BEZIER_KNOTS.);
#7046 = CARTESIAN_POINT('',(-6.744046243589,35.938822801101,0.8));
#7047 = CARTESIAN_POINT('',(-7.376425653967,36.26435144273,0.8));
#7048 = CARTESIAN_POINT('',(-7.376425653967,36.883389515336,0.8));
#7049 = ORIENTED_EDGE('',*,*,#6993,.F.);
#7050 = ORIENTED_EDGE('',*,*,#1650,.F.);
#7051 = SURFACE_OF_LINEAR_EXTRUSION('',#7052,#7056);
#7052 = B_SPLINE_CURVE_WITH_KNOTS('',2,(#7053,#7054,#7055),
  .UNSPECIFIED.,.F.,.F.,(3,3),(0.,1.),.PIECEWISE_BEZIER_KNOTS.);
#7053 = CARTESIAN_POINT('',(-6.744046243589,35.938822801101,1.1));
#7054 = CARTESIAN_POINT('',(-7.376425653967,36.26435144273,1.1));
#7055 = CARTESIAN_POINT('',(-7.376425653967,36.883389515336,1.1));
#7056 = VECTOR('',#7057,1.);
#7057 = DIRECTION('',(0.,0.,1.));
#7058 = ADVANCED_FACE('',(#7059),#7084,.T.);
#7059 = FACE_BOUND('',#7060,.T.);
#7060 = EDGE_LOOP('',(#7061,#7069,#7077,#7083));
#7061 = ORIENTED_EDGE('',*,*,#7062,.T.);
#7062 = EDGE_CURVE('',#1747,#7063,#7065,.T.);
#7063 = VERTEX_POINT('',#7064);
#7064 = CARTESIAN_POINT('',(-3.037822610614,34.692741853225,0.8));
#7065 = LINE('',#7066,#7067);
#7066 = CARTESIAN_POINT('',(-3.037822610614,34.692741853225,1.1));
#7067 = VECTOR('',#7068,1.);
#7068 = DIRECTION('',(-0.,-0.,-1.));
#7069 = ORIENTED_EDGE('',*,*,#7070,.T.);
#7070 = EDGE_CURVE('',#7063,#7071,#7073,.T.);
#7071 = VERTEX_POINT('',#7072);
#7072 = CARTESIAN_POINT('',(-3.771596188056,33.948295205565,0.8));
#7073 = LINE('',#7074,#7075);
#7074 = CARTESIAN_POINT('',(-3.037822610614,34.692741853225,0.8));
#7075 = VECTOR('',#7076,1.);
#7076 = DIRECTION('',(-0.701983019577,-0.71219368168,0.));
#7077 = ORIENTED_EDGE('',*,*,#7078,.F.);
#7078 = EDGE_CURVE('',#1749,#7071,#7079,.T.);
#7079 = LINE('',#7080,#7081);
#7080 = CARTESIAN_POINT('',(-3.771596188056,33.948295205565,1.1));
#7081 = VECTOR('',#7082,1.);
#7082 = DIRECTION('',(-0.,-0.,-1.));
#7083 = ORIENTED_EDGE('',*,*,#1746,.F.);
#7084 = PLANE('',#7085);
#7085 = AXIS2_PLACEMENT_3D('',#7086,#7087,#7088);
#7086 = CARTESIAN_POINT('',(-3.037822610614,34.692741853225,1.1));
#7087 = DIRECTION('',(-0.71219368168,0.701983019577,0.));
#7088 = DIRECTION('',(-0.701983019577,-0.71219368168,0.));
#7089 = ADVANCED_FACE('',(#7090),#7108,.T.);
#7090 = FACE_BOUND('',#7091,.T.);
#7091 = EDGE_LOOP('',(#7092,#7100,#7106,#7107));
#7092 = ORIENTED_EDGE('',*,*,#7093,.T.);
#7093 = EDGE_CURVE('',#1821,#7094,#7096,.T.);
#7094 = VERTEX_POINT('',#7095);
#7095 = CARTESIAN_POINT('',(-2.960442851538,34.860842709148,0.8));
#7096 = LINE('',#7097,#7098);
#7097 = CARTESIAN_POINT('',(-2.960442851538,34.860842709148,1.1));
#7098 = VECTOR('',#7099,1.);
#7099 = DIRECTION('',(-0.,-0.,-1.));
#7100 = ORIENTED_EDGE('',*,*,#7101,.T.);
#7101 = EDGE_CURVE('',#7094,#7063,#7102,.T.);
#7102 = B_SPLINE_CURVE_WITH_KNOTS('',2,(#7103,#7104,#7105),
  .UNSPECIFIED.,.F.,.F.,(3,3),(0.,1.),.PIECEWISE_BEZIER_KNOTS.);
#7103 = CARTESIAN_POINT('',(-2.960442851538,34.860842709148,0.8));
#7104 = CARTESIAN_POINT('',(-2.960442851538,34.770121612301,0.8));
#7105 = CARTESIAN_POINT('',(-3.037822610614,34.692741853225,0.8));
#7106 = ORIENTED_EDGE('',*,*,#7062,.F.);
#7107 = ORIENTED_EDGE('',*,*,#1828,.F.);
#7108 = SURFACE_OF_LINEAR_EXTRUSION('',#7109,#7113);
#7109 = B_SPLINE_CURVE_WITH_KNOTS('',2,(#7110,#7111,#7112),
  .UNSPECIFIED.,.F.,.F.,(3,3),(0.,1.),.PIECEWISE_BEZIER_KNOTS.);
#7110 = CARTESIAN_POINT('',(-2.960442851538,34.860842709148,1.1));
#7111 = CARTESIAN_POINT('',(-2.960442851538,34.770121612301,1.1));
#7112 = CARTESIAN_POINT('',(-3.037822610614,34.692741853225,1.1));
#7113 = VECTOR('',#7114,1.);
#7114 = DIRECTION('',(0.,0.,1.));
#7115 = ADVANCED_FACE('',(#7116),#7134,.T.);
#7116 = FACE_BOUND('',#7117,.T.);
#7117 = EDGE_LOOP('',(#7118,#7119,#7127,#7133));
#7118 = ORIENTED_EDGE('',*,*,#7078,.T.);
#7119 = ORIENTED_EDGE('',*,*,#7120,.T.);
#7120 = EDGE_CURVE('',#7071,#7121,#7123,.T.);
#7121 = VERTEX_POINT('',#7122);
#7122 = CARTESIAN_POINT('',(-3.961043184414,33.862910643826,0.8));
#7123 = B_SPLINE_CURVE_WITH_KNOTS('',2,(#7124,#7125,#7126),
  .UNSPECIFIED.,.F.,.F.,(3,3),(0.,1.),.PIECEWISE_BEZIER_KNOTS.);
#7124 = CARTESIAN_POINT('',(-3.771596188056,33.948295205565,0.8));
#7125 = CARTESIAN_POINT('',(-3.862317284904,33.862910643826,0.8));
#7126 = CARTESIAN_POINT('',(-3.961043184414,33.862910643826,0.8));
#7127 = ORIENTED_EDGE('',*,*,#7128,.F.);
#7128 = EDGE_CURVE('',#1757,#7121,#7129,.T.);
#7129 = LINE('',#7130,#7131);
#7130 = CARTESIAN_POINT('',(-3.961043184414,33.862910643826,1.1));
#7131 = VECTOR('',#7132,1.);
#7132 = DIRECTION('',(-0.,-0.,-1.));
#7133 = ORIENTED_EDGE('',*,*,#1756,.F.);
#7134 = SURFACE_OF_LINEAR_EXTRUSION('',#7135,#7139);
#7135 = B_SPLINE_CURVE_WITH_KNOTS('',2,(#7136,#7137,#7138),
  .UNSPECIFIED.,.F.,.F.,(3,3),(0.,1.),.PIECEWISE_BEZIER_KNOTS.);
#7136 = CARTESIAN_POINT('',(-3.771596188056,33.948295205565,1.1));
#7137 = CARTESIAN_POINT('',(-3.862317284904,33.862910643826,1.1));
#7138 = CARTESIAN_POINT('',(-3.961043184414,33.862910643826,1.1));
#7139 = VECTOR('',#7140,1.);
#7140 = DIRECTION('',(0.,0.,1.));
#7141 = ADVANCED_FACE('',(#7142),#7160,.T.);
#7142 = FACE_BOUND('',#7143,.T.);
#7143 = EDGE_LOOP('',(#7144,#7152,#7158,#7159));
#7144 = ORIENTED_EDGE('',*,*,#7145,.T.);
#7145 = EDGE_CURVE('',#1813,#7146,#7148,.T.);
#7146 = VERTEX_POINT('',#7147);
#7147 = CARTESIAN_POINT('',(-3.163231185667,35.039616635289,0.8));
#7148 = LINE('',#7149,#7150);
#7149 = CARTESIAN_POINT('',(-3.163231185667,35.039616635289,1.1));
#7150 = VECTOR('',#7151,1.);
#7151 = DIRECTION('',(-0.,-0.,-1.));
#7152 = ORIENTED_EDGE('',*,*,#7153,.T.);
#7153 = EDGE_CURVE('',#7146,#7094,#7154,.T.);
#7154 = B_SPLINE_CURVE_WITH_KNOTS('',2,(#7155,#7156,#7157),
  .UNSPECIFIED.,.F.,.F.,(3,3),(0.,1.),.PIECEWISE_BEZIER_KNOTS.);
#7155 = CARTESIAN_POINT('',(-3.163231185667,35.039616635289,0.8));
#7156 = CARTESIAN_POINT('',(-2.960442851538,35.039616635289,0.8));
#7157 = CARTESIAN_POINT('',(-2.960442851538,34.860842709148,0.8));
#7158 = ORIENTED_EDGE('',*,*,#7093,.F.);
#7159 = ORIENTED_EDGE('',*,*,#1820,.F.);
#7160 = SURFACE_OF_LINEAR_EXTRUSION('',#7161,#7165);
#7161 = B_SPLINE_CURVE_WITH_KNOTS('',2,(#7162,#7163,#7164),
  .UNSPECIFIED.,.F.,.F.,(3,3),(0.,1.),.PIECEWISE_BEZIER_KNOTS.);
#7162 = CARTESIAN_POINT('',(-3.163231185667,35.039616635289,1.1));
#7163 = CARTESIAN_POINT('',(-2.960442851538,35.039616635289,1.1));
#7164 = CARTESIAN_POINT('',(-2.960442851538,34.860842709148,1.1));
#7165 = VECTOR('',#7166,1.);
#7166 = DIRECTION('',(0.,0.,1.));
#7167 = ADVANCED_FACE('',(#7168),#7186,.T.);
#7168 = FACE_BOUND('',#7169,.T.);
#7169 = EDGE_LOOP('',(#7170,#7171,#7179,#7185));
#7170 = ORIENTED_EDGE('',*,*,#7128,.T.);
#7171 = ORIENTED_EDGE('',*,*,#7172,.T.);
#7172 = EDGE_CURVE('',#7121,#7173,#7175,.T.);
#7173 = VERTEX_POINT('',#7174);
#7174 = CARTESIAN_POINT('',(-4.16116325099,34.084376850836,0.8));
#7175 = B_SPLINE_CURVE_WITH_KNOTS('',2,(#7176,#7177,#7178),
  .UNSPECIFIED.,.F.,.F.,(3,3),(0.,1.),.PIECEWISE_BEZIER_KNOTS.);
#7176 = CARTESIAN_POINT('',(-3.961043184414,33.862910643826,0.8));
#7177 = CARTESIAN_POINT('',(-4.16116325099,33.862910643826,0.8));
#7178 = CARTESIAN_POINT('',(-4.16116325099,34.084376850836,0.8));
#7179 = ORIENTED_EDGE('',*,*,#7180,.F.);
#7180 = EDGE_CURVE('',#1765,#7173,#7181,.T.);
#7181 = LINE('',#7182,#7183);
#7182 = CARTESIAN_POINT('',(-4.16116325099,34.084376850836,1.1));
#7183 = VECTOR('',#7184,1.);
#7184 = DIRECTION('',(-0.,-0.,-1.));
#7185 = ORIENTED_EDGE('',*,*,#1764,.F.);
#7186 = SURFACE_OF_LINEAR_EXTRUSION('',#7187,#7191);
#7187 = B_SPLINE_CURVE_WITH_KNOTS('',2,(#7188,#7189,#7190),
  .UNSPECIFIED.,.F.,.F.,(3,3),(0.,1.),.PIECEWISE_BEZIER_KNOTS.);
#7188 = CARTESIAN_POINT('',(-3.961043184414,33.862910643826,1.1));
#7189 = CARTESIAN_POINT('',(-4.16116325099,33.862910643826,1.1));
#7190 = CARTESIAN_POINT('',(-4.16116325099,34.084376850836,1.1));
#7191 = VECTOR('',#7192,1.);
#7192 = DIRECTION('',(0.,0.,1.));
#7193 = ADVANCED_FACE('',(#7194),#7212,.T.);
#7194 = FACE_BOUND('',#7195,.T.);
#7195 = EDGE_LOOP('',(#7196,#7204,#7210,#7211));
#7196 = ORIENTED_EDGE('',*,*,#7197,.T.);
#7197 = EDGE_CURVE('',#1805,#7198,#7200,.T.);
#7198 = VERTEX_POINT('',#7199);
#7199 = CARTESIAN_POINT('',(-3.307317633602,34.967573411322,0.8));
#7200 = LINE('',#7201,#7202);
#7201 = CARTESIAN_POINT('',(-3.307317633602,34.967573411322,1.1));
#7202 = VECTOR('',#7203,1.);
#7203 = DIRECTION('',(-0.,-0.,-1.));
#7204 = ORIENTED_EDGE('',*,*,#7205,.T.);
#7205 = EDGE_CURVE('',#7198,#7146,#7206,.T.);
#7206 = B_SPLINE_CURVE_WITH_KNOTS('',2,(#7207,#7208,#7209),
  .UNSPECIFIED.,.F.,.F.,(3,3),(0.,1.),.PIECEWISE_BEZIER_KNOTS.);
#7207 = CARTESIAN_POINT('',(-3.307317633602,34.967573411322,0.8));
#7208 = CARTESIAN_POINT('',(-3.235274409635,35.039616635289,0.8));
#7209 = CARTESIAN_POINT('',(-3.163231185667,35.039616635289,0.8));
#7210 = ORIENTED_EDGE('',*,*,#7145,.F.);
#7211 = ORIENTED_EDGE('',*,*,#1812,.F.);
#7212 = SURFACE_OF_LINEAR_EXTRUSION('',#7213,#7217);
#7213 = B_SPLINE_CURVE_WITH_KNOTS('',2,(#7214,#7215,#7216),
  .UNSPECIFIED.,.F.,.F.,(3,3),(0.,1.),.PIECEWISE_BEZIER_KNOTS.);
#7214 = CARTESIAN_POINT('',(-3.307317633602,34.967573411322,1.1));
#7215 = CARTESIAN_POINT('',(-3.235274409635,35.039616635289,1.1));
#7216 = CARTESIAN_POINT('',(-3.163231185667,35.039616635289,1.1));
#7217 = VECTOR('',#7218,1.);
#7218 = DIRECTION('',(0.,0.,1.));
#7219 = ADVANCED_FACE('',(#7220),#7238,.T.);
#7220 = FACE_BOUND('',#7221,.T.);
#7221 = EDGE_LOOP('',(#7222,#7223,#7231,#7237));
#7222 = ORIENTED_EDGE('',*,*,#7180,.T.);
#7223 = ORIENTED_EDGE('',*,*,#7224,.T.);
#7224 = EDGE_CURVE('',#7173,#7225,#7227,.T.);
#7225 = VERTEX_POINT('',#7226);
#7226 = CARTESIAN_POINT('',(-4.16116325099,37.651850570985,0.8));
#7227 = LINE('',#7228,#7229);
#7228 = CARTESIAN_POINT('',(-4.16116325099,34.084376850836,0.8));
#7229 = VECTOR('',#7230,1.);
#7230 = DIRECTION('',(1.2E-16,1.,0.));
#7231 = ORIENTED_EDGE('',*,*,#7232,.F.);
#7232 = EDGE_CURVE('',#1773,#7225,#7233,.T.);
#7233 = LINE('',#7234,#7235);
#7234 = CARTESIAN_POINT('',(-4.16116325099,37.651850570985,1.1));
#7235 = VECTOR('',#7236,1.);
#7236 = DIRECTION('',(-0.,-0.,-1.));
#7237 = ORIENTED_EDGE('',*,*,#1772,.F.);
#7238 = PLANE('',#7239);
#7239 = AXIS2_PLACEMENT_3D('',#7240,#7241,#7242);
#7240 = CARTESIAN_POINT('',(-4.16116325099,34.084376850836,1.1));
#7241 = DIRECTION('',(1.,-1.2E-16,0.));
#7242 = DIRECTION('',(1.2E-16,1.,0.));
#7243 = ADVANCED_FACE('',(#7244),#7262,.T.);
#7244 = FACE_BOUND('',#7245,.T.);
#7245 = EDGE_LOOP('',(#7246,#7254,#7260,#7261));
#7246 = ORIENTED_EDGE('',*,*,#7247,.T.);
#7247 = EDGE_CURVE('',#1797,#7248,#7250,.T.);
#7248 = VERTEX_POINT('',#7249);
#7249 = CARTESIAN_POINT('',(-3.771596188056,34.503294856867,0.8));
#7250 = LINE('',#7251,#7252);
#7251 = CARTESIAN_POINT('',(-3.771596188056,34.503294856867,1.1));
#7252 = VECTOR('',#7253,1.);
#7253 = DIRECTION('',(-0.,-0.,-1.));
#7254 = ORIENTED_EDGE('',*,*,#7255,.T.);
#7255 = EDGE_CURVE('',#7248,#7198,#7256,.T.);
#7256 = LINE('',#7257,#7258);
#7257 = CARTESIAN_POINT('',(-3.771596188056,34.503294856867,0.8));
#7258 = VECTOR('',#7259,1.);
#7259 = DIRECTION('',(0.707106781187,0.707106781187,0.));
#7260 = ORIENTED_EDGE('',*,*,#7197,.F.);
#7261 = ORIENTED_EDGE('',*,*,#1804,.F.);
#7262 = PLANE('',#7263);
#7263 = AXIS2_PLACEMENT_3D('',#7264,#7265,#7266);
#7264 = CARTESIAN_POINT('',(-3.771596188056,34.503294856867,1.1));
#7265 = DIRECTION('',(0.707106781187,-0.707106781187,0.));
#7266 = DIRECTION('',(0.707106781187,0.707106781187,0.));
#7267 = ADVANCED_FACE('',(#7268),#7286,.T.);
#7268 = FACE_BOUND('',#7269,.T.);
#7269 = EDGE_LOOP('',(#7270,#7271,#7279,#7285));
#7270 = ORIENTED_EDGE('',*,*,#7232,.T.);
#7271 = ORIENTED_EDGE('',*,*,#7272,.T.);
#7272 = EDGE_CURVE('',#7225,#7273,#7275,.T.);
#7273 = VERTEX_POINT('',#7274);
#7274 = CARTESIAN_POINT('',(-3.969047987077,37.878653313104,0.8));
#7275 = B_SPLINE_CURVE_WITH_KNOTS('',2,(#7276,#7277,#7278),
  .UNSPECIFIED.,.F.,.F.,(3,3),(0.,1.),.PIECEWISE_BEZIER_KNOTS.);
#7276 = CARTESIAN_POINT('',(-4.16116325099,37.651850570985,0.8));
#7277 = CARTESIAN_POINT('',(-4.16116325099,37.878653313104,0.8));
#7278 = CARTESIAN_POINT('',(-3.969047987077,37.878653313104,0.8));
#7279 = ORIENTED_EDGE('',*,*,#7280,.F.);
#7280 = EDGE_CURVE('',#1781,#7273,#7281,.T.);
#7281 = LINE('',#7282,#7283);
#7282 = CARTESIAN_POINT('',(-3.969047987077,37.878653313104,1.1));
#7283 = VECTOR('',#7284,1.);
#7284 = DIRECTION('',(-0.,-0.,-1.));
#7285 = ORIENTED_EDGE('',*,*,#1780,.F.);
#7286 = SURFACE_OF_LINEAR_EXTRUSION('',#7287,#7291);
#7287 = B_SPLINE_CURVE_WITH_KNOTS('',2,(#7288,#7289,#7290),
  .UNSPECIFIED.,.F.,.F.,(3,3),(0.,1.),.PIECEWISE_BEZIER_KNOTS.);
#7288 = CARTESIAN_POINT('',(-4.16116325099,37.651850570985,1.1));
#7289 = CARTESIAN_POINT('',(-4.16116325099,37.878653313104,1.1));
#7290 = CARTESIAN_POINT('',(-3.969047987077,37.878653313104,1.1));
#7291 = VECTOR('',#7292,1.);
#7292 = DIRECTION('',(0.,0.,1.));
#7293 = ADVANCED_FACE('',(#7294),#7312,.T.);
#7294 = FACE_BOUND('',#7295,.T.);
#7295 = EDGE_LOOP('',(#7296,#7304,#7310,#7311));
#7296 = ORIENTED_EDGE('',*,*,#7297,.T.);
#7297 = EDGE_CURVE('',#1789,#7298,#7300,.T.);
#7298 = VERTEX_POINT('',#7299);
#7299 = CARTESIAN_POINT('',(-3.771596188056,37.649182303431,0.8));
#7300 = LINE('',#7301,#7302);
#7301 = CARTESIAN_POINT('',(-3.771596188056,37.649182303431,1.1));
#7302 = VECTOR('',#7303,1.);
#7303 = DIRECTION('',(-0.,-0.,-1.));
#7304 = ORIENTED_EDGE('',*,*,#7305,.T.);
#7305 = EDGE_CURVE('',#7298,#7248,#7306,.T.);
#7306 = B_SPLINE_CURVE_WITH_KNOTS('',2,(#7307,#7308,#7309),
  .UNSPECIFIED.,.F.,.F.,(3,3),(0.,1.),.PIECEWISE_BEZIER_KNOTS.);
#7307 = CARTESIAN_POINT('',(-3.771596188056,37.649182303431,0.8));
#7308 = CARTESIAN_POINT('',(-3.771596188056,37.649182303431,0.8));
#7309 = CARTESIAN_POINT('',(-3.771596188056,34.503294856867,0.8));
#7310 = ORIENTED_EDGE('',*,*,#7247,.F.);
#7311 = ORIENTED_EDGE('',*,*,#1796,.F.);
#7312 = SURFACE_OF_LINEAR_EXTRUSION('',#7313,#7317);
#7313 = B_SPLINE_CURVE_WITH_KNOTS('',2,(#7314,#7315,#7316),
  .UNSPECIFIED.,.F.,.F.,(3,3),(0.,1.),.PIECEWISE_BEZIER_KNOTS.);
#7314 = CARTESIAN_POINT('',(-3.771596188056,37.649182303431,1.1));
#7315 = CARTESIAN_POINT('',(-3.771596188056,37.649182303431,1.1));
#7316 = CARTESIAN_POINT('',(-3.771596188056,34.503294856867,1.1));
#7317 = VECTOR('',#7318,1.);
#7318 = DIRECTION('',(0.,0.,1.));
#7319 = ADVANCED_FACE('',(#7320),#7331,.T.);
#7320 = FACE_BOUND('',#7321,.T.);
#7321 = EDGE_LOOP('',(#7322,#7323,#7329,#7330));
#7322 = ORIENTED_EDGE('',*,*,#7280,.T.);
#7323 = ORIENTED_EDGE('',*,*,#7324,.T.);
#7324 = EDGE_CURVE('',#7273,#7298,#7325,.T.);
#7325 = B_SPLINE_CURVE_WITH_KNOTS('',2,(#7326,#7327,#7328),
  .UNSPECIFIED.,.F.,.F.,(3,3),(0.,1.),.PIECEWISE_BEZIER_KNOTS.);
#7326 = CARTESIAN_POINT('',(-3.969047987077,37.878653313104,0.8));
#7327 = CARTESIAN_POINT('',(-3.771596188056,37.878653313104,0.8));
#7328 = CARTESIAN_POINT('',(-3.771596188056,37.649182303431,0.8));
#7329 = ORIENTED_EDGE('',*,*,#7297,.F.);
#7330 = ORIENTED_EDGE('',*,*,#1788,.F.);
#7331 = SURFACE_OF_LINEAR_EXTRUSION('',#7332,#7336);
#7332 = B_SPLINE_CURVE_WITH_KNOTS('',2,(#7333,#7334,#7335),
  .UNSPECIFIED.,.F.,.F.,(3,3),(0.,1.),.PIECEWISE_BEZIER_KNOTS.);
#7333 = CARTESIAN_POINT('',(-3.969047987077,37.878653313104,1.1));
#7334 = CARTESIAN_POINT('',(-3.771596188056,37.878653313104,1.1));
#7335 = CARTESIAN_POINT('',(-3.771596188056,37.649182303431,1.1));
#7336 = VECTOR('',#7337,1.);
#7337 = DIRECTION('',(0.,0.,1.));
#7338 = ADVANCED_FACE('',(#7339),#7364,.T.);
#7339 = FACE_BOUND('',#7340,.T.);
#7340 = EDGE_LOOP('',(#7341,#7349,#7357,#7363));
#7341 = ORIENTED_EDGE('',*,*,#7342,.T.);
#7342 = EDGE_CURVE('',#1837,#7343,#7345,.T.);
#7343 = VERTEX_POINT('',#7344);
#7344 = CARTESIAN_POINT('',(-0.553665517525,36.285697583164,0.8));
#7345 = LINE('',#7346,#7347);
#7346 = CARTESIAN_POINT('',(-0.553665517525,36.285697583164,1.1));
#7347 = VECTOR('',#7348,1.);
#7348 = DIRECTION('',(-0.,-0.,-1.));
#7349 = ORIENTED_EDGE('',*,*,#7350,.T.);
#7350 = EDGE_CURVE('',#7343,#7351,#7353,.T.);
#7351 = VERTEX_POINT('',#7352);
#7352 = CARTESIAN_POINT('',(-0.759122119209,36.101587121915,0.8));
#7353 = B_SPLINE_CURVE_WITH_KNOTS('',2,(#7354,#7355,#7356),
  .UNSPECIFIED.,.F.,.F.,(3,3),(0.,1.),.PIECEWISE_BEZIER_KNOTS.);
#7354 = CARTESIAN_POINT('',(-0.553665517525,36.285697583164,0.8));
#7355 = CARTESIAN_POINT('',(-0.553665517525,36.101587121915,0.8));
#7356 = CARTESIAN_POINT('',(-0.759122119209,36.101587121915,0.8));
#7357 = ORIENTED_EDGE('',*,*,#7358,.F.);
#7358 = EDGE_CURVE('',#1839,#7351,#7359,.T.);
#7359 = LINE('',#7360,#7361);
#7360 = CARTESIAN_POINT('',(-0.759122119209,36.101587121915,1.1));
#7361 = VECTOR('',#7362,1.);
#7362 = DIRECTION('',(-0.,-0.,-1.));
#7363 = ORIENTED_EDGE('',*,*,#1836,.F.);
#7364 = SURFACE_OF_LINEAR_EXTRUSION('',#7365,#7369);
#7365 = B_SPLINE_CURVE_WITH_KNOTS('',2,(#7366,#7367,#7368),
  .UNSPECIFIED.,.F.,.F.,(3,3),(0.,1.),.PIECEWISE_BEZIER_KNOTS.);
#7366 = CARTESIAN_POINT('',(-0.553665517525,36.285697583164,1.1));
#7367 = CARTESIAN_POINT('',(-0.553665517525,36.101587121915,1.1));
#7368 = CARTESIAN_POINT('',(-0.759122119209,36.101587121915,1.1));
#7369 = VECTOR('',#7370,1.);
#7370 = DIRECTION('',(0.,0.,1.));
#7371 = ADVANCED_FACE('',(#7372),#7390,.T.);
#7372 = FACE_BOUND('',#7373,.T.);
#7373 = EDGE_LOOP('',(#7374,#7382,#7388,#7389));
#7374 = ORIENTED_EDGE('',*,*,#7375,.T.);
#7375 = EDGE_CURVE('',#1871,#7376,#7378,.T.);
#7376 = VERTEX_POINT('',#7377);
#7377 = CARTESIAN_POINT('',(-0.751117316546,36.48581764974,0.8));
#7378 = LINE('',#7379,#7380);
#7379 = CARTESIAN_POINT('',(-0.751117316546,36.48581764974,1.1));
#7380 = VECTOR('',#7381,1.);
#7381 = DIRECTION('',(-0.,-0.,-1.));
#7382 = ORIENTED_EDGE('',*,*,#7383,.T.);
#7383 = EDGE_CURVE('',#7376,#7343,#7384,.T.);
#7384 = B_SPLINE_CURVE_WITH_KNOTS('',2,(#7385,#7386,#7387),
  .UNSPECIFIED.,.F.,.F.,(3,3),(0.,1.),.PIECEWISE_BEZIER_KNOTS.);
#7385 = CARTESIAN_POINT('',(-0.751117316546,36.48581764974,0.8));
#7386 = CARTESIAN_POINT('',(-0.553665517525,36.48581764974,0.8));
#7387 = CARTESIAN_POINT('',(-0.553665517525,36.285697583164,0.8));
#7388 = ORIENTED_EDGE('',*,*,#7342,.F.);
#7389 = ORIENTED_EDGE('',*,*,#1878,.F.);
#7390 = SURFACE_OF_LINEAR_EXTRUSION('',#7391,#7395);
#7391 = B_SPLINE_CURVE_WITH_KNOTS('',2,(#7392,#7393,#7394),
  .UNSPECIFIED.,.F.,.F.,(3,3),(0.,1.),.PIECEWISE_BEZIER_KNOTS.);
#7392 = CARTESIAN_POINT('',(-0.751117316546,36.48581764974,1.1));
#7393 = CARTESIAN_POINT('',(-0.553665517525,36.48581764974,1.1));
#7394 = CARTESIAN_POINT('',(-0.553665517525,36.285697583164,1.1));
#7395 = VECTOR('',#7396,1.);
#7396 = DIRECTION('',(0.,0.,1.));
#7397 = ADVANCED_FACE('',(#7398),#7416,.T.);
#7398 = FACE_BOUND('',#7399,.T.);
#7399 = EDGE_LOOP('',(#7400,#7401,#7409,#7415));
#7400 = ORIENTED_EDGE('',*,*,#7358,.T.);
#7401 = ORIENTED_EDGE('',*,*,#7402,.T.);
#7402 = EDGE_CURVE('',#7351,#7403,#7405,.T.);
#7403 = VERTEX_POINT('',#7404);
#7404 = CARTESIAN_POINT('',(-2.368087454475,36.101587121915,0.8));
#7405 = B_SPLINE_CURVE_WITH_KNOTS('',2,(#7406,#7407,#7408),
  .UNSPECIFIED.,.F.,.F.,(3,3),(0.,1.),.PIECEWISE_BEZIER_KNOTS.);
#7406 = CARTESIAN_POINT('',(-0.759122119209,36.101587121915,0.8));
#7407 = CARTESIAN_POINT('',(-0.759122119209,36.101587121915,0.8));
#7408 = CARTESIAN_POINT('',(-2.368087454475,36.101587121915,0.8));
#7409 = ORIENTED_EDGE('',*,*,#7410,.F.);
#7410 = EDGE_CURVE('',#1847,#7403,#7411,.T.);
#7411 = LINE('',#7412,#7413);
#7412 = CARTESIAN_POINT('',(-2.368087454475,36.101587121915,1.1));
#7413 = VECTOR('',#7414,1.);
#7414 = DIRECTION('',(-0.,-0.,-1.));
#7415 = ORIENTED_EDGE('',*,*,#1846,.F.);
#7416 = SURFACE_OF_LINEAR_EXTRUSION('',#7417,#7421);
#7417 = B_SPLINE_CURVE_WITH_KNOTS('',2,(#7418,#7419,#7420),
  .UNSPECIFIED.,.F.,.F.,(3,3),(0.,1.),.PIECEWISE_BEZIER_KNOTS.);
#7418 = CARTESIAN_POINT('',(-0.759122119209,36.101587121915,1.1));
#7419 = CARTESIAN_POINT('',(-0.759122119209,36.101587121915,1.1));
#7420 = CARTESIAN_POINT('',(-2.368087454475,36.101587121915,1.1));
#7421 = VECTOR('',#7422,1.);
#7422 = DIRECTION('',(0.,0.,1.));
#7423 = ADVANCED_FACE('',(#7424),#7442,.T.);
#7424 = FACE_BOUND('',#7425,.T.);
#7425 = EDGE_LOOP('',(#7426,#7434,#7440,#7441));
#7426 = ORIENTED_EDGE('',*,*,#7427,.T.);
#7427 = EDGE_CURVE('',#1863,#7428,#7430,.T.);
#7428 = VERTEX_POINT('',#7429);
#7429 = CARTESIAN_POINT('',(-2.354746116703,36.48581764974,0.8));
#7430 = LINE('',#7431,#7432);
#7431 = CARTESIAN_POINT('',(-2.354746116703,36.48581764974,1.1));
#7432 = VECTOR('',#7433,1.);
#7433 = DIRECTION('',(-0.,-0.,-1.));
#7434 = ORIENTED_EDGE('',*,*,#7435,.T.);
#7435 = EDGE_CURVE('',#7428,#7376,#7436,.T.);
#7436 = LINE('',#7437,#7438);
#7437 = CARTESIAN_POINT('',(-2.354746116703,36.48581764974,0.8));
#7438 = VECTOR('',#7439,1.);
#7439 = DIRECTION('',(1.,-1.2E-16,0.));
#7440 = ORIENTED_EDGE('',*,*,#7375,.F.);
#7441 = ORIENTED_EDGE('',*,*,#1870,.F.);
#7442 = PLANE('',#7443);
#7443 = AXIS2_PLACEMENT_3D('',#7444,#7445,#7446);
#7444 = CARTESIAN_POINT('',(-2.354746116703,36.48581764974,1.1));
#7445 = DIRECTION('',(-1.2E-16,-1.,0.));
#7446 = DIRECTION('',(1.,-1.2E-16,0.));
#7447 = ADVANCED_FACE('',(#7448),#7466,.T.);
#7448 = FACE_BOUND('',#7449,.T.);
#7449 = EDGE_LOOP('',(#7450,#7451,#7459,#7465));
#7450 = ORIENTED_EDGE('',*,*,#7410,.T.);
#7451 = ORIENTED_EDGE('',*,*,#7452,.T.);
#7452 = EDGE_CURVE('',#7403,#7453,#7455,.T.);
#7453 = VERTEX_POINT('',#7454);
#7454 = CARTESIAN_POINT('',(-2.560202718387,36.307043723599,0.8));
#7455 = B_SPLINE_CURVE_WITH_KNOTS('',2,(#7456,#7457,#7458),
  .UNSPECIFIED.,.F.,.F.,(3,3),(0.,1.),.PIECEWISE_BEZIER_KNOTS.);
#7456 = CARTESIAN_POINT('',(-2.368087454475,36.101587121915,0.8));
#7457 = CARTESIAN_POINT('',(-2.560202718387,36.101587121915,0.8));
#7458 = CARTESIAN_POINT('',(-2.560202718387,36.307043723599,0.8));
#7459 = ORIENTED_EDGE('',*,*,#7460,.F.);
#7460 = EDGE_CURVE('',#1855,#7453,#7461,.T.);
#7461 = LINE('',#7462,#7463);
#7462 = CARTESIAN_POINT('',(-2.560202718387,36.307043723599,1.1));
#7463 = VECTOR('',#7464,1.);
#7464 = DIRECTION('',(-0.,-0.,-1.));
#7465 = ORIENTED_EDGE('',*,*,#1854,.F.);
#7466 = SURFACE_OF_LINEAR_EXTRUSION('',#7467,#7471);
#7467 = B_SPLINE_CURVE_WITH_KNOTS('',2,(#7468,#7469,#7470),
  .UNSPECIFIED.,.F.,.F.,(3,3),(0.,1.),.PIECEWISE_BEZIER_KNOTS.);
#7468 = CARTESIAN_POINT('',(-2.368087454475,36.101587121915,1.1));
#7469 = CARTESIAN_POINT('',(-2.560202718387,36.101587121915,1.1));
#7470 = CARTESIAN_POINT('',(-2.560202718387,36.307043723599,1.1));
#7471 = VECTOR('',#7472,1.);
#7472 = DIRECTION('',(0.,0.,1.));
#7473 = ADVANCED_FACE('',(#7474),#7485,.T.);
#7474 = FACE_BOUND('',#7475,.T.);
#7475 = EDGE_LOOP('',(#7476,#7477,#7483,#7484));
#7476 = ORIENTED_EDGE('',*,*,#7460,.T.);
#7477 = ORIENTED_EDGE('',*,*,#7478,.T.);
#7478 = EDGE_CURVE('',#7453,#7428,#7479,.T.);
#7479 = B_SPLINE_CURVE_WITH_KNOTS('',2,(#7480,#7481,#7482),
  .UNSPECIFIED.,.F.,.F.,(3,3),(0.,1.),.PIECEWISE_BEZIER_KNOTS.);
#7480 = CARTESIAN_POINT('',(-2.560202718387,36.307043723599,0.8));
#7481 = CARTESIAN_POINT('',(-2.560202718387,36.48581764974,0.8));
#7482 = CARTESIAN_POINT('',(-2.354746116703,36.48581764974,0.8));
#7483 = ORIENTED_EDGE('',*,*,#7427,.F.);
#7484 = ORIENTED_EDGE('',*,*,#1862,.F.);
#7485 = SURFACE_OF_LINEAR_EXTRUSION('',#7486,#7490);
#7486 = B_SPLINE_CURVE_WITH_KNOTS('',2,(#7487,#7488,#7489),
  .UNSPECIFIED.,.F.,.F.,(3,3),(0.,1.),.PIECEWISE_BEZIER_KNOTS.);
#7487 = CARTESIAN_POINT('',(-2.560202718387,36.307043723599,1.1));
#7488 = CARTESIAN_POINT('',(-2.560202718387,36.48581764974,1.1));
#7489 = CARTESIAN_POINT('',(-2.354746116703,36.48581764974,1.1));
#7490 = VECTOR('',#7491,1.);
#7491 = DIRECTION('',(0.,0.,1.));
#7492 = ADVANCED_FACE('',(#7493),#7518,.T.);
#7493 = FACE_BOUND('',#7494,.T.);
#7494 = EDGE_LOOP('',(#7495,#7503,#7511,#7517));
#7495 = ORIENTED_EDGE('',*,*,#7496,.T.);
#7496 = EDGE_CURVE('',#1887,#7497,#7499,.T.);
#7497 = VERTEX_POINT('',#7498);
#7498 = CARTESIAN_POINT('',(0.801814400079,36.968774077075,0.8));
#7499 = LINE('',#7500,#7501);
#7500 = CARTESIAN_POINT('',(0.801814400079,36.968774077075,1.1));
#7501 = VECTOR('',#7502,1.);
#7502 = DIRECTION('',(-0.,-0.,-1.));
#7503 = ORIENTED_EDGE('',*,*,#7504,.T.);
#7504 = EDGE_CURVE('',#7497,#7505,#7507,.T.);
#7505 = VERTEX_POINT('',#7506);
#7506 = CARTESIAN_POINT('',(0.142752314157,34.036348034858,0.8));
#7507 = LINE('',#7508,#7509);
#7508 = CARTESIAN_POINT('',(0.801814400079,36.968774077075,0.8));
#7509 = VECTOR('',#7510,1.);
#7510 = DIRECTION('',(-0.219279815359,-0.975662012469,0.));
#7511 = ORIENTED_EDGE('',*,*,#7512,.F.);
#7512 = EDGE_CURVE('',#1889,#7505,#7513,.T.);
#7513 = LINE('',#7514,#7515);
#7514 = CARTESIAN_POINT('',(0.142752314157,34.036348034858,1.1));
#7515 = VECTOR('',#7516,1.);
#7516 = DIRECTION('',(-0.,-0.,-1.));
#7517 = ORIENTED_EDGE('',*,*,#1886,.F.);
#7518 = PLANE('',#7519);
#7519 = AXIS2_PLACEMENT_3D('',#7520,#7521,#7522);
#7520 = CARTESIAN_POINT('',(0.801814400079,36.968774077075,1.1));
#7521 = DIRECTION('',(-0.975662012469,0.219279815359,0.));
#7522 = DIRECTION('',(-0.219279815359,-0.975662012469,0.));
#7523 = ADVANCED_FACE('',(#7524),#7542,.T.);
#7524 = FACE_BOUND('',#7525,.T.);
#7525 = EDGE_LOOP('',(#7526,#7534,#7540,#7541));
#7526 = ORIENTED_EDGE('',*,*,#7527,.T.);
#7527 = EDGE_CURVE('',#2033,#7528,#7530,.T.);
#7528 = VERTEX_POINT('',#7529);
#7529 = CARTESIAN_POINT('',(1.372823656707,35.263751109853,0.8));
#7530 = LINE('',#7531,#7532);
#7531 = CARTESIAN_POINT('',(1.372823656707,35.263751109853,1.1));
#7532 = VECTOR('',#7533,1.);
#7533 = DIRECTION('',(-0.,-0.,-1.));
#7534 = ORIENTED_EDGE('',*,*,#7535,.T.);
#7535 = EDGE_CURVE('',#7528,#7497,#7536,.T.);
#7536 = LINE('',#7537,#7538);
#7537 = CARTESIAN_POINT('',(1.372823656707,35.263751109853,0.8));
#7538 = VECTOR('',#7539,1.);
#7539 = DIRECTION('',(-0.317562997974,0.948237176195,0.));
#7540 = ORIENTED_EDGE('',*,*,#7496,.F.);
#7541 = ORIENTED_EDGE('',*,*,#2040,.F.);
#7542 = PLANE('',#7543);
#7543 = AXIS2_PLACEMENT_3D('',#7544,#7545,#7546);
#7544 = CARTESIAN_POINT('',(1.372823656707,35.263751109853,1.1));
#7545 = DIRECTION('',(0.948237176195,0.317562997974,0.));
#7546 = DIRECTION('',(-0.317562997974,0.948237176195,0.));
#7547 = ADVANCED_FACE('',(#7548),#7566,.T.);
#7548 = FACE_BOUND('',#7549,.T.);
#7549 = EDGE_LOOP('',(#7550,#7551,#7559,#7565));
#7550 = ORIENTED_EDGE('',*,*,#7512,.T.);
#7551 = ORIENTED_EDGE('',*,*,#7552,.T.);
#7552 = EDGE_CURVE('',#7505,#7553,#7555,.T.);
#7553 = VERTEX_POINT('',#7554);
#7554 = CARTESIAN_POINT('',(-4.402641464657E-02,33.873583714043,0.8));
#7555 = B_SPLINE_CURVE_WITH_KNOTS('',2,(#7556,#7557,#7558),
  .UNSPECIFIED.,.F.,.F.,(3,3),(0.,1.),.PIECEWISE_BEZIER_KNOTS.);
#7556 = CARTESIAN_POINT('',(0.142752314157,34.036348034858,0.8));
#7557 = CARTESIAN_POINT('',(0.102728300842,33.873583714043,0.8));
#7558 = CARTESIAN_POINT('',(-4.402641464657E-02,33.873583714043,0.8));
#7559 = ORIENTED_EDGE('',*,*,#7560,.F.);
#7560 = EDGE_CURVE('',#1897,#7553,#7561,.T.);
#7561 = LINE('',#7562,#7563);
#7562 = CARTESIAN_POINT('',(-4.402641464657E-02,33.873583714043,1.1));
#7563 = VECTOR('',#7564,1.);
#7564 = DIRECTION('',(-0.,-0.,-1.));
#7565 = ORIENTED_EDGE('',*,*,#1896,.F.);
#7566 = SURFACE_OF_LINEAR_EXTRUSION('',#7567,#7571);
#7567 = B_SPLINE_CURVE_WITH_KNOTS('',2,(#7568,#7569,#7570),
  .UNSPECIFIED.,.F.,.F.,(3,3),(0.,1.),.PIECEWISE_BEZIER_KNOTS.);
#7568 = CARTESIAN_POINT('',(0.142752314157,34.036348034858,1.1));
#7569 = CARTESIAN_POINT('',(0.102728300842,33.873583714043,1.1));
#7570 = CARTESIAN_POINT('',(-4.402641464657E-02,33.873583714043,1.1));
#7571 = VECTOR('',#7572,1.);
#7572 = DIRECTION('',(0.,0.,1.));
#7573 = ADVANCED_FACE('',(#7574),#7592,.T.);
#7574 = FACE_BOUND('',#7575,.T.);
#7575 = EDGE_LOOP('',(#7576,#7584,#7590,#7591));
#7576 = ORIENTED_EDGE('',*,*,#7577,.T.);
#7577 = EDGE_CURVE('',#2025,#7578,#7580,.T.);
#7578 = VERTEX_POINT('',#7579);
#7579 = CARTESIAN_POINT('',(1.564938920619,35.068967578386,0.8));
#7580 = LINE('',#7581,#7582);
#7581 = CARTESIAN_POINT('',(1.564938920619,35.068967578386,1.1));
#7582 = VECTOR('',#7583,1.);
#7583 = DIRECTION('',(-0.,-0.,-1.));
#7584 = ORIENTED_EDGE('',*,*,#7585,.T.);
#7585 = EDGE_CURVE('',#7578,#7528,#7586,.T.);
#7586 = B_SPLINE_CURVE_WITH_KNOTS('',2,(#7587,#7588,#7589),
  .UNSPECIFIED.,.F.,.F.,(3,3),(0.,1.),.PIECEWISE_BEZIER_KNOTS.);
#7587 = CARTESIAN_POINT('',(1.564938920619,35.068967578386,0.8));
#7588 = CARTESIAN_POINT('',(1.436862078011,35.068967578386,0.8));
#7589 = CARTESIAN_POINT('',(1.372823656707,35.263751109853,0.8));
#7590 = ORIENTED_EDGE('',*,*,#7527,.F.);
#7591 = ORIENTED_EDGE('',*,*,#2032,.F.);
#7592 = SURFACE_OF_LINEAR_EXTRUSION('',#7593,#7597);
#7593 = B_SPLINE_CURVE_WITH_KNOTS('',2,(#7594,#7595,#7596),
  .UNSPECIFIED.,.F.,.F.,(3,3),(0.,1.),.PIECEWISE_BEZIER_KNOTS.);
#7594 = CARTESIAN_POINT('',(1.564938920619,35.068967578386,1.1));
#7595 = CARTESIAN_POINT('',(1.436862078011,35.068967578386,1.1));
#7596 = CARTESIAN_POINT('',(1.372823656707,35.263751109853,1.1));
#7597 = VECTOR('',#7598,1.);
#7598 = DIRECTION('',(0.,0.,1.));
#7599 = ADVANCED_FACE('',(#7600),#7618,.T.);
#7600 = FACE_BOUND('',#7601,.T.);
#7601 = EDGE_LOOP('',(#7602,#7603,#7611,#7617));
#7602 = ORIENTED_EDGE('',*,*,#7560,.T.);
#7603 = ORIENTED_EDGE('',*,*,#7604,.T.);
#7604 = EDGE_CURVE('',#7553,#7605,#7607,.T.);
#7605 = VERTEX_POINT('',#7606);
#7606 = CARTESIAN_POINT('',(-0.236141678559,34.039016302412,0.8));
#7607 = B_SPLINE_CURVE_WITH_KNOTS('',2,(#7608,#7609,#7610),
  .UNSPECIFIED.,.F.,.F.,(3,3),(0.,1.),.PIECEWISE_BEZIER_KNOTS.);
#7608 = CARTESIAN_POINT('',(-4.402641464657E-02,33.873583714043,0.8));
#7609 = CARTESIAN_POINT('',(-0.236141678559,33.873583714043,0.8));
#7610 = CARTESIAN_POINT('',(-0.236141678559,34.039016302412,0.8));
#7611 = ORIENTED_EDGE('',*,*,#7612,.F.);
#7612 = EDGE_CURVE('',#1905,#7605,#7613,.T.);
#7613 = LINE('',#7614,#7615);
#7614 = CARTESIAN_POINT('',(-0.236141678559,34.039016302412,1.1));
#7615 = VECTOR('',#7616,1.);
#7616 = DIRECTION('',(-0.,-0.,-1.));
#7617 = ORIENTED_EDGE('',*,*,#1904,.F.);
#7618 = SURFACE_OF_LINEAR_EXTRUSION('',#7619,#7623);
#7619 = B_SPLINE_CURVE_WITH_KNOTS('',2,(#7620,#7621,#7622),
  .UNSPECIFIED.,.F.,.F.,(3,3),(0.,1.),.PIECEWISE_BEZIER_KNOTS.);
#7620 = CARTESIAN_POINT('',(-4.402641464657E-02,33.873583714043,1.1));
#7621 = CARTESIAN_POINT('',(-0.236141678559,33.873583714043,1.1));
#7622 = CARTESIAN_POINT('',(-0.236141678559,34.039016302412,1.1));
#7623 = VECTOR('',#7624,1.);
#7624 = DIRECTION('',(0.,0.,1.));
#7625 = ADVANCED_FACE('',(#7626),#7644,.T.);
#7626 = FACE_BOUND('',#7627,.T.);
#7627 = EDGE_LOOP('',(#7628,#7636,#7642,#7643));
#7628 = ORIENTED_EDGE('',*,*,#7629,.T.);
#7629 = EDGE_CURVE('',#2017,#7630,#7632,.T.);
#7630 = VERTEX_POINT('',#7631);
#7631 = CARTESIAN_POINT('',(1.778400324966,35.247741504527,0.8));
#7632 = LINE('',#7633,#7634);
#7633 = CARTESIAN_POINT('',(1.778400324966,35.247741504527,1.1));
#7634 = VECTOR('',#7635,1.);
#7635 = DIRECTION('',(-0.,-0.,-1.));
#7636 = ORIENTED_EDGE('',*,*,#7637,.T.);
#7637 = EDGE_CURVE('',#7630,#7578,#7638,.T.);
#7638 = B_SPLINE_CURVE_WITH_KNOTS('',2,(#7639,#7640,#7641),
  .UNSPECIFIED.,.F.,.F.,(3,3),(0.,1.),.PIECEWISE_BEZIER_KNOTS.);
#7639 = CARTESIAN_POINT('',(1.778400324966,35.247741504527,0.8));
#7640 = CARTESIAN_POINT('',(1.717030171216,35.068967578386,0.8));
#7641 = CARTESIAN_POINT('',(1.564938920619,35.068967578386,0.8));
#7642 = ORIENTED_EDGE('',*,*,#7577,.F.);
#7643 = ORIENTED_EDGE('',*,*,#2024,.F.);
#7644 = SURFACE_OF_LINEAR_EXTRUSION('',#7645,#7649);
#7645 = B_SPLINE_CURVE_WITH_KNOTS('',2,(#7646,#7647,#7648),
  .UNSPECIFIED.,.F.,.F.,(3,3),(0.,1.),.PIECEWISE_BEZIER_KNOTS.);
#7646 = CARTESIAN_POINT('',(1.778400324966,35.247741504527,1.1));
#7647 = CARTESIAN_POINT('',(1.717030171216,35.068967578386,1.1));
#7648 = CARTESIAN_POINT('',(1.564938920619,35.068967578386,1.1));
#7649 = VECTOR('',#7650,1.);
#7650 = DIRECTION('',(0.,0.,1.));
#7651 = ADVANCED_FACE('',(#7652),#7670,.T.);
#7652 = FACE_BOUND('',#7653,.T.);
#7653 = EDGE_LOOP('',(#7654,#7655,#7663,#7669));
#7654 = ORIENTED_EDGE('',*,*,#7612,.T.);
#7655 = ORIENTED_EDGE('',*,*,#7656,.T.);
#7656 = EDGE_CURVE('',#7605,#7657,#7659,.T.);
#7657 = VERTEX_POINT('',#7658);
#7658 = CARTESIAN_POINT('',(-0.220132073233,34.177766215238,0.8));
#7659 = B_SPLINE_CURVE_WITH_KNOTS('',2,(#7660,#7661,#7662),
  .UNSPECIFIED.,.F.,.F.,(3,3),(0.,1.),.PIECEWISE_BEZIER_KNOTS.);
#7660 = CARTESIAN_POINT('',(-0.236141678559,34.039016302412,0.8));
#7661 = CARTESIAN_POINT('',(-0.236141678559,34.105722991271,0.8));
#7662 = CARTESIAN_POINT('',(-0.220132073233,34.177766215238,0.8));
#7663 = ORIENTED_EDGE('',*,*,#7664,.F.);
#7664 = EDGE_CURVE('',#1913,#7657,#7665,.T.);
#7665 = LINE('',#7666,#7667);
#7666 = CARTESIAN_POINT('',(-0.220132073233,34.177766215238,1.1));
#7667 = VECTOR('',#7668,1.);
#7668 = DIRECTION('',(-0.,-0.,-1.));
#7669 = ORIENTED_EDGE('',*,*,#1912,.F.);
#7670 = SURFACE_OF_LINEAR_EXTRUSION('',#7671,#7675);
#7671 = B_SPLINE_CURVE_WITH_KNOTS('',2,(#7672,#7673,#7674),
  .UNSPECIFIED.,.F.,.F.,(3,3),(0.,1.),.PIECEWISE_BEZIER_KNOTS.);
#7672 = CARTESIAN_POINT('',(-0.236141678559,34.039016302412,1.1));
#7673 = CARTESIAN_POINT('',(-0.236141678559,34.105722991271,1.1));
#7674 = CARTESIAN_POINT('',(-0.220132073233,34.177766215238,1.1));
#7675 = VECTOR('',#7676,1.);
#7676 = DIRECTION('',(0.,0.,1.));
#7677 = ADVANCED_FACE('',(#7678),#7696,.T.);
#7678 = FACE_BOUND('',#7679,.T.);
#7679 = EDGE_LOOP('',(#7680,#7688,#7694,#7695));
#7680 = ORIENTED_EDGE('',*,*,#7681,.T.);
#7681 = EDGE_CURVE('',#2009,#7682,#7684,.T.);
#7682 = VERTEX_POINT('',#7683);
#7683 = CARTESIAN_POINT('',(2.354746116703,36.958101006858,0.8));
#7684 = LINE('',#7685,#7686);
#7685 = CARTESIAN_POINT('',(2.354746116703,36.958101006858,1.1));
#7686 = VECTOR('',#7687,1.);
#7687 = DIRECTION('',(-0.,-0.,-1.));
#7688 = ORIENTED_EDGE('',*,*,#7689,.T.);
#7689 = EDGE_CURVE('',#7682,#7630,#7690,.T.);
#7690 = LINE('',#7691,#7692);
#7691 = CARTESIAN_POINT('',(2.354746116703,36.958101006858,0.8));
#7692 = VECTOR('',#7693,1.);
#7693 = DIRECTION('',(-0.319330676488,-0.947643350134,0.));
#7694 = ORIENTED_EDGE('',*,*,#7629,.F.);
#7695 = ORIENTED_EDGE('',*,*,#2016,.F.);
#7696 = PLANE('',#7697);
#7697 = AXIS2_PLACEMENT_3D('',#7698,#7699,#7700);
#7698 = CARTESIAN_POINT('',(2.354746116703,36.958101006858,1.1));
#7699 = DIRECTION('',(-0.947643350134,0.319330676488,0.));
#7700 = DIRECTION('',(-0.319330676488,-0.947643350134,0.));
#7701 = ADVANCED_FACE('',(#7702),#7720,.T.);
#7702 = FACE_BOUND('',#7703,.T.);
#7703 = EDGE_LOOP('',(#7704,#7705,#7713,#7719));
#7704 = ORIENTED_EDGE('',*,*,#7664,.T.);
#7705 = ORIENTED_EDGE('',*,*,#7706,.T.);
#7706 = EDGE_CURVE('',#7657,#7707,#7709,.T.);
#7707 = VERTEX_POINT('',#7708);
#7708 = CARTESIAN_POINT('',(0.569675122851,37.697211119409,0.8));
#7709 = LINE('',#7710,#7711);
#7710 = CARTESIAN_POINT('',(-0.220132073233,34.177766215238,0.8));
#7711 = VECTOR('',#7712,1.);
#7712 = DIRECTION('',(0.218966478451,0.975732382016,0.));
#7713 = ORIENTED_EDGE('',*,*,#7714,.F.);
#7714 = EDGE_CURVE('',#1921,#7707,#7715,.T.);
#7715 = LINE('',#7716,#7717);
#7716 = CARTESIAN_POINT('',(0.569675122851,37.697211119409,1.1));
#7717 = VECTOR('',#7718,1.);
#7718 = DIRECTION('',(-0.,-0.,-1.));
#7719 = ORIENTED_EDGE('',*,*,#1920,.F.);
#7720 = PLANE('',#7721);
#7721 = AXIS2_PLACEMENT_3D('',#7722,#7723,#7724);
#7722 = CARTESIAN_POINT('',(-0.220132073233,34.177766215238,1.1));
#7723 = DIRECTION('',(0.975732382016,-0.218966478451,0.));
#7724 = DIRECTION('',(0.218966478451,0.975732382016,0.));
#7725 = ADVANCED_FACE('',(#7726),#7744,.T.);
#7726 = FACE_BOUND('',#7727,.T.);
#7727 = EDGE_LOOP('',(#7728,#7736,#7742,#7743));
#7728 = ORIENTED_EDGE('',*,*,#7729,.T.);
#7729 = EDGE_CURVE('',#2001,#7730,#7732,.T.);
#7730 = VERTEX_POINT('',#7731);
#7731 = CARTESIAN_POINT('',(3.003135132407,34.036348034858,0.8));
#7732 = LINE('',#7733,#7734);
#7733 = CARTESIAN_POINT('',(3.003135132407,34.036348034858,1.1));
#7734 = VECTOR('',#7735,1.);
#7735 = DIRECTION('',(-0.,-0.,-1.));
#7736 = ORIENTED_EDGE('',*,*,#7737,.T.);
#7737 = EDGE_CURVE('',#7730,#7682,#7738,.T.);
#7738 = LINE('',#7739,#7740);
#7739 = CARTESIAN_POINT('',(3.003135132407,34.036348034858,0.8));
#7740 = VECTOR('',#7741,1.);
#7741 = DIRECTION('',(-0.216647249671,0.97624995222,0.));
#7742 = ORIENTED_EDGE('',*,*,#7681,.F.);
#7743 = ORIENTED_EDGE('',*,*,#2008,.F.);
#7744 = PLANE('',#7745);
#7745 = AXIS2_PLACEMENT_3D('',#7746,#7747,#7748);
#7746 = CARTESIAN_POINT('',(3.003135132407,34.036348034858,1.1));
#7747 = DIRECTION('',(0.97624995222,0.216647249671,0.));
#7748 = DIRECTION('',(-0.216647249671,0.97624995222,0.));
#7749 = ADVANCED_FACE('',(#7750),#7768,.T.);
#7750 = FACE_BOUND('',#7751,.T.);
#7751 = EDGE_LOOP('',(#7752,#7753,#7761,#7767));
#7752 = ORIENTED_EDGE('',*,*,#7714,.T.);
#7753 = ORIENTED_EDGE('',*,*,#7754,.T.);
#7754 = EDGE_CURVE('',#7707,#7755,#7757,.T.);
#7755 = VERTEX_POINT('',#7756);
#7756 = CARTESIAN_POINT('',(0.756453851655,37.891994650876,0.8));
#7757 = B_SPLINE_CURVE_WITH_KNOTS('',2,(#7758,#7759,#7760),
  .UNSPECIFIED.,.F.,.F.,(3,3),(0.,1.),.PIECEWISE_BEZIER_KNOTS.);
#7758 = CARTESIAN_POINT('',(0.569675122851,37.697211119409,0.8));
#7759 = CARTESIAN_POINT('',(0.609699136166,37.891994650876,0.8));
#7760 = CARTESIAN_POINT('',(0.756453851655,37.891994650876,0.8));
#7761 = ORIENTED_EDGE('',*,*,#7762,.F.);
#7762 = EDGE_CURVE('',#1929,#7755,#7763,.T.);
#7763 = LINE('',#7764,#7765);
#7764 = CARTESIAN_POINT('',(0.756453851655,37.891994650876,1.1));
#7765 = VECTOR('',#7766,1.);
#7766 = DIRECTION('',(-0.,-0.,-1.));
#7767 = ORIENTED_EDGE('',*,*,#1928,.F.);
#7768 = SURFACE_OF_LINEAR_EXTRUSION('',#7769,#7773);
#7769 = B_SPLINE_CURVE_WITH_KNOTS('',2,(#7770,#7771,#7772),
  .UNSPECIFIED.,.F.,.F.,(3,3),(0.,1.),.PIECEWISE_BEZIER_KNOTS.);
#7770 = CARTESIAN_POINT('',(0.569675122851,37.697211119409,1.1));
#7771 = CARTESIAN_POINT('',(0.609699136166,37.891994650876,1.1));
#7772 = CARTESIAN_POINT('',(0.756453851655,37.891994650876,1.1));
#7773 = VECTOR('',#7774,1.);
#7774 = DIRECTION('',(0.,0.,1.));
#7775 = ADVANCED_FACE('',(#7776),#7794,.T.);
#7776 = FACE_BOUND('',#7777,.T.);
#7777 = EDGE_LOOP('',(#7778,#7786,#7792,#7793));
#7778 = ORIENTED_EDGE('',*,*,#7779,.T.);
#7779 = EDGE_CURVE('',#1993,#7780,#7782,.T.);
#7780 = VERTEX_POINT('',#7781);
#7781 = CARTESIAN_POINT('',(3.184577326102,33.862910643826,0.8));
#7782 = LINE('',#7783,#7784);
#7783 = CARTESIAN_POINT('',(3.184577326102,33.862910643826,1.1));
#7784 = VECTOR('',#7785,1.);
#7785 = DIRECTION('',(-0.,-0.,-1.));
#7786 = ORIENTED_EDGE('',*,*,#7787,.T.);
#7787 = EDGE_CURVE('',#7780,#7730,#7788,.T.);
#7788 = B_SPLINE_CURVE_WITH_KNOTS('',2,(#7789,#7790,#7791),
  .UNSPECIFIED.,.F.,.F.,(3,3),(0.,1.),.PIECEWISE_BEZIER_KNOTS.);
#7789 = CARTESIAN_POINT('',(3.184577326102,33.862910643826,0.8));
#7790 = CARTESIAN_POINT('',(3.040490878168,33.862910643826,0.8));
#7791 = CARTESIAN_POINT('',(3.003135132407,34.036348034858,0.8));
#7792 = ORIENTED_EDGE('',*,*,#7729,.F.);
#7793 = ORIENTED_EDGE('',*,*,#2000,.F.);
#7794 = SURFACE_OF_LINEAR_EXTRUSION('',#7795,#7799);
#7795 = B_SPLINE_CURVE_WITH_KNOTS('',2,(#7796,#7797,#7798),
  .UNSPECIFIED.,.F.,.F.,(3,3),(0.,1.),.PIECEWISE_BEZIER_KNOTS.);
#7796 = CARTESIAN_POINT('',(3.184577326102,33.862910643826,1.1));
#7797 = CARTESIAN_POINT('',(3.040490878168,33.862910643826,1.1));
#7798 = CARTESIAN_POINT('',(3.003135132407,34.036348034858,1.1));
#7799 = VECTOR('',#7800,1.);
#7800 = DIRECTION('',(0.,0.,1.));
#7801 = ADVANCED_FACE('',(#7802),#7820,.T.);
#7802 = FACE_BOUND('',#7803,.T.);
#7803 = EDGE_LOOP('',(#7804,#7805,#7813,#7819));
#7804 = ORIENTED_EDGE('',*,*,#7762,.T.);
#7805 = ORIENTED_EDGE('',*,*,#7806,.T.);
#7806 = EDGE_CURVE('',#7755,#7807,#7809,.T.);
#7807 = VERTEX_POINT('',#7808);
#7808 = CARTESIAN_POINT('',(0.969915256002,37.713220724735,0.8));
#7809 = B_SPLINE_CURVE_WITH_KNOTS('',2,(#7810,#7811,#7812),
  .UNSPECIFIED.,.F.,.F.,(3,3),(0.,1.),.PIECEWISE_BEZIER_KNOTS.);
#7810 = CARTESIAN_POINT('',(0.756453851655,37.891994650876,0.8));
#7811 = CARTESIAN_POINT('',(0.911213369806,37.891994650876,0.8));
#7812 = CARTESIAN_POINT('',(0.969915256002,37.713220724735,0.8));
#7813 = ORIENTED_EDGE('',*,*,#7814,.F.);
#7814 = EDGE_CURVE('',#1937,#7807,#7815,.T.);
#7815 = LINE('',#7816,#7817);
#7816 = CARTESIAN_POINT('',(0.969915256002,37.713220724735,1.1));
#7817 = VECTOR('',#7818,1.);
#7818 = DIRECTION('',(-0.,-0.,-1.));
#7819 = ORIENTED_EDGE('',*,*,#1936,.F.);
#7820 = SURFACE_OF_LINEAR_EXTRUSION('',#7821,#7825);
#7821 = B_SPLINE_CURVE_WITH_KNOTS('',2,(#7822,#7823,#7824),
  .UNSPECIFIED.,.F.,.F.,(3,3),(0.,1.),.PIECEWISE_BEZIER_KNOTS.);
#7822 = CARTESIAN_POINT('',(0.756453851655,37.891994650876,1.1));
#7823 = CARTESIAN_POINT('',(0.911213369806,37.891994650876,1.1));
#7824 = CARTESIAN_POINT('',(0.969915256002,37.713220724735,1.1));
#7825 = VECTOR('',#7826,1.);
#7826 = DIRECTION('',(0.,0.,1.));
#7827 = ADVANCED_FACE('',(#7828),#7846,.T.);
#7828 = FACE_BOUND('',#7829,.T.);
#7829 = EDGE_LOOP('',(#7830,#7838,#7844,#7845));
#7830 = ORIENTED_EDGE('',*,*,#7831,.T.);
#7831 = EDGE_CURVE('',#1985,#7832,#7834,.T.);
#7832 = VERTEX_POINT('',#7833);
#7833 = CARTESIAN_POINT('',(3.390033927786,34.044352837521,0.8));
#7834 = LINE('',#7835,#7836);
#7835 = CARTESIAN_POINT('',(3.390033927786,34.044352837521,1.1));
#7836 = VECTOR('',#7837,1.);
#7837 = DIRECTION('',(-0.,-0.,-1.));
#7838 = ORIENTED_EDGE('',*,*,#7839,.T.);
#7839 = EDGE_CURVE('',#7832,#7780,#7840,.T.);
#7840 = B_SPLINE_CURVE_WITH_KNOTS('',2,(#7841,#7842,#7843),
  .UNSPECIFIED.,.F.,.F.,(3,3),(0.,1.),.PIECEWISE_BEZIER_KNOTS.);
#7841 = CARTESIAN_POINT('',(3.390033927786,34.044352837521,0.8));
#7842 = CARTESIAN_POINT('',(3.390033927786,33.862910643826,0.8));
#7843 = CARTESIAN_POINT('',(3.184577326102,33.862910643826,0.8));
#7844 = ORIENTED_EDGE('',*,*,#7779,.F.);
#7845 = ORIENTED_EDGE('',*,*,#1992,.F.);
#7846 = SURFACE_OF_LINEAR_EXTRUSION('',#7847,#7851);
#7847 = B_SPLINE_CURVE_WITH_KNOTS('',2,(#7848,#7849,#7850),
  .UNSPECIFIED.,.F.,.F.,(3,3),(0.,1.),.PIECEWISE_BEZIER_KNOTS.);
#7848 = CARTESIAN_POINT('',(3.390033927786,34.044352837521,1.1));
#7849 = CARTESIAN_POINT('',(3.390033927786,33.862910643826,1.1));
#7850 = CARTESIAN_POINT('',(3.184577326102,33.862910643826,1.1));
#7851 = VECTOR('',#7852,1.);
#7852 = DIRECTION('',(0.,0.,1.));
#7853 = ADVANCED_FACE('',(#7854),#7872,.T.);
#7854 = FACE_BOUND('',#7855,.T.);
#7855 = EDGE_LOOP('',(#7856,#7857,#7865,#7871));
#7856 = ORIENTED_EDGE('',*,*,#7814,.T.);
#7857 = ORIENTED_EDGE('',*,*,#7858,.T.);
#7858 = EDGE_CURVE('',#7807,#7859,#7861,.T.);
#7859 = VERTEX_POINT('',#7860);
#7860 = CARTESIAN_POINT('',(1.580948525945,35.885457450014,0.8));
#7861 = LINE('',#7862,#7863);
#7862 = CARTESIAN_POINT('',(0.969915256002,37.713220724735,0.8));
#7863 = VECTOR('',#7864,1.);
#7864 = DIRECTION('',(0.317058365387,-0.948406027468,0.));
#7865 = ORIENTED_EDGE('',*,*,#7866,.F.);
#7866 = EDGE_CURVE('',#1945,#7859,#7867,.T.);
#7867 = LINE('',#7868,#7869);
#7868 = CARTESIAN_POINT('',(1.580948525945,35.885457450014,1.1));
#7869 = VECTOR('',#7870,1.);
#7870 = DIRECTION('',(-0.,-0.,-1.));
#7871 = ORIENTED_EDGE('',*,*,#1944,.F.);
#7872 = PLANE('',#7873);
#7873 = AXIS2_PLACEMENT_3D('',#7874,#7875,#7876);
#7874 = CARTESIAN_POINT('',(0.969915256002,37.713220724735,1.1));
#7875 = DIRECTION('',(-0.948406027468,-0.317058365387,0.));
#7876 = DIRECTION('',(0.317058365387,-0.948406027468,0.));
#7877 = ADVANCED_FACE('',(#7878),#7896,.T.);
#7878 = FACE_BOUND('',#7879,.T.);
#7879 = EDGE_LOOP('',(#7880,#7888,#7894,#7895));
#7880 = ORIENTED_EDGE('',*,*,#7881,.T.);
#7881 = EDGE_CURVE('',#1977,#7882,#7884,.T.);
#7882 = VERTEX_POINT('',#7883);
#7883 = CARTESIAN_POINT('',(3.382029125123,34.143078737031,0.8));
#7884 = LINE('',#7885,#7886);
#7885 = CARTESIAN_POINT('',(3.382029125123,34.143078737031,1.1));
#7886 = VECTOR('',#7887,1.);
#7887 = DIRECTION('',(-0.,-0.,-1.));
#7888 = ORIENTED_EDGE('',*,*,#7889,.T.);
#7889 = EDGE_CURVE('',#7882,#7832,#7890,.T.);
#7890 = B_SPLINE_CURVE_WITH_KNOTS('',2,(#7891,#7892,#7893),
  .UNSPECIFIED.,.F.,.F.,(3,3),(0.,1.),.PIECEWISE_BEZIER_KNOTS.);
#7891 = CARTESIAN_POINT('',(3.382029125123,34.143078737031,0.8));
#7892 = CARTESIAN_POINT('',(3.390033927786,34.103054723716,0.8));
#7893 = CARTESIAN_POINT('',(3.390033927786,34.044352837521,0.8));
#7894 = ORIENTED_EDGE('',*,*,#7831,.F.);
#7895 = ORIENTED_EDGE('',*,*,#1984,.F.);
#7896 = SURFACE_OF_LINEAR_EXTRUSION('',#7897,#7901);
#7897 = B_SPLINE_CURVE_WITH_KNOTS('',2,(#7898,#7899,#7900),
  .UNSPECIFIED.,.F.,.F.,(3,3),(0.,1.),.PIECEWISE_BEZIER_KNOTS.);
#7898 = CARTESIAN_POINT('',(3.382029125123,34.143078737031,1.1));
#7899 = CARTESIAN_POINT('',(3.390033927786,34.103054723716,1.1));
#7900 = CARTESIAN_POINT('',(3.390033927786,34.044352837521,1.1));
#7901 = VECTOR('',#7902,1.);
#7902 = DIRECTION('',(0.,0.,1.));
#7903 = ADVANCED_FACE('',(#7904),#7922,.T.);
#7904 = FACE_BOUND('',#7905,.T.);
#7905 = EDGE_LOOP('',(#7906,#7907,#7915,#7921));
#7906 = ORIENTED_EDGE('',*,*,#7866,.T.);
#7907 = ORIENTED_EDGE('',*,*,#7908,.T.);
#7908 = EDGE_CURVE('',#7859,#7909,#7911,.T.);
#7909 = VERTEX_POINT('',#7910);
#7910 = CARTESIAN_POINT('',(2.189313528334,37.723893794953,0.8));
#7911 = LINE('',#7912,#7913);
#7912 = CARTESIAN_POINT('',(1.580948525945,35.885457450014,0.8));
#7913 = VECTOR('',#7914,1.);
#7914 = DIRECTION('',(0.314160172291,0.949369994336,0.));
#7915 = ORIENTED_EDGE('',*,*,#7916,.F.);
#7916 = EDGE_CURVE('',#1953,#7909,#7917,.T.);
#7917 = LINE('',#7918,#7919);
#7918 = CARTESIAN_POINT('',(2.189313528334,37.723893794953,1.1));
#7919 = VECTOR('',#7920,1.);
#7920 = DIRECTION('',(-0.,-0.,-1.));
#7921 = ORIENTED_EDGE('',*,*,#1952,.F.);
#7922 = PLANE('',#7923);
#7923 = AXIS2_PLACEMENT_3D('',#7924,#7925,#7926);
#7924 = CARTESIAN_POINT('',(1.580948525945,35.885457450014,1.1));
#7925 = DIRECTION('',(0.949369994336,-0.314160172291,0.));
#7926 = DIRECTION('',(0.314160172291,0.949369994336,0.));
#7927 = ADVANCED_FACE('',(#7928),#7946,.T.);
#7928 = FACE_BOUND('',#7929,.T.);
#7929 = EDGE_LOOP('',(#7930,#7938,#7944,#7945));
#7930 = ORIENTED_EDGE('',*,*,#7931,.T.);
#7931 = EDGE_CURVE('',#1969,#7932,#7934,.T.);
#7932 = VERTEX_POINT('',#7933);
#7933 = CARTESIAN_POINT('',(2.581548858822,37.729230330061,0.8));
#7934 = LINE('',#7935,#7936);
#7935 = CARTESIAN_POINT('',(2.581548858822,37.729230330061,1.1));
#7936 = VECTOR('',#7937,1.);
#7937 = DIRECTION('',(-0.,-0.,-1.));
#7938 = ORIENTED_EDGE('',*,*,#7939,.T.);
#7939 = EDGE_CURVE('',#7932,#7882,#7940,.T.);
#7940 = LINE('',#7941,#7942);
#7941 = CARTESIAN_POINT('',(2.581548858822,37.729230330061,0.8));
#7942 = VECTOR('',#7943,1.);
#7943 = DIRECTION('',(0.217853032587,-0.975981585991,0.));
#7944 = ORIENTED_EDGE('',*,*,#7881,.F.);
#7945 = ORIENTED_EDGE('',*,*,#1976,.F.);
#7946 = PLANE('',#7947);
#7947 = AXIS2_PLACEMENT_3D('',#7948,#7949,#7950);
#7948 = CARTESIAN_POINT('',(2.581548858822,37.729230330061,1.1));
#7949 = DIRECTION('',(-0.975981585991,-0.217853032587,0.));
#7950 = DIRECTION('',(0.217853032587,-0.975981585991,0.));
#7951 = ADVANCED_FACE('',(#7952),#7970,.T.);
#7952 = FACE_BOUND('',#7953,.T.);
#7953 = EDGE_LOOP('',(#7954,#7955,#7963,#7969));
#7954 = ORIENTED_EDGE('',*,*,#7916,.T.);
#7955 = ORIENTED_EDGE('',*,*,#7956,.T.);
#7956 = EDGE_CURVE('',#7909,#7957,#7959,.T.);
#7957 = VERTEX_POINT('',#7958);
#7958 = CARTESIAN_POINT('',(2.381428792246,37.891994650876,0.8));
#7959 = B_SPLINE_CURVE_WITH_KNOTS('',2,(#7960,#7961,#7962),
  .UNSPECIFIED.,.F.,.F.,(3,3),(0.,1.),.PIECEWISE_BEZIER_KNOTS.);
#7960 = CARTESIAN_POINT('',(2.189313528334,37.723893794953,0.8));
#7961 = CARTESIAN_POINT('',(2.245347146975,37.891994650876,0.8));
#7962 = CARTESIAN_POINT('',(2.381428792246,37.891994650876,0.8));
#7963 = ORIENTED_EDGE('',*,*,#7964,.F.);
#7964 = EDGE_CURVE('',#1961,#7957,#7965,.T.);
#7965 = LINE('',#7966,#7967);
#7966 = CARTESIAN_POINT('',(2.381428792246,37.891994650876,1.1));
#7967 = VECTOR('',#7968,1.);
#7968 = DIRECTION('',(-0.,-0.,-1.));
#7969 = ORIENTED_EDGE('',*,*,#1960,.F.);
#7970 = SURFACE_OF_LINEAR_EXTRUSION('',#7971,#7975);
#7971 = B_SPLINE_CURVE_WITH_KNOTS('',2,(#7972,#7973,#7974),
  .UNSPECIFIED.,.F.,.F.,(3,3),(0.,1.),.PIECEWISE_BEZIER_KNOTS.);
#7972 = CARTESIAN_POINT('',(2.189313528334,37.723893794953,1.1));
#7973 = CARTESIAN_POINT('',(2.245347146975,37.891994650876,1.1));
#7974 = CARTESIAN_POINT('',(2.381428792246,37.891994650876,1.1));
#7975 = VECTOR('',#7976,1.);
#7976 = DIRECTION('',(0.,0.,1.));
#7977 = ADVANCED_FACE('',(#7978),#7989,.T.);
#7978 = FACE_BOUND('',#7979,.T.);
#7979 = EDGE_LOOP('',(#7980,#7981,#7987,#7988));
#7980 = ORIENTED_EDGE('',*,*,#7964,.T.);
#7981 = ORIENTED_EDGE('',*,*,#7982,.T.);
#7982 = EDGE_CURVE('',#7957,#7932,#7983,.T.);
#7983 = B_SPLINE_CURVE_WITH_KNOTS('',2,(#7984,#7985,#7986),
  .UNSPECIFIED.,.F.,.F.,(3,3),(0.,1.),.PIECEWISE_BEZIER_KNOTS.);
#7984 = CARTESIAN_POINT('',(2.381428792246,37.891994650876,0.8));
#7985 = CARTESIAN_POINT('',(2.544193113061,37.891994650876,0.8));
#7986 = CARTESIAN_POINT('',(2.581548858822,37.729230330061,0.8));
#7987 = ORIENTED_EDGE('',*,*,#7931,.F.);
#7988 = ORIENTED_EDGE('',*,*,#1968,.F.);
#7989 = SURFACE_OF_LINEAR_EXTRUSION('',#7990,#7994);
#7990 = B_SPLINE_CURVE_WITH_KNOTS('',2,(#7991,#7992,#7993),
  .UNSPECIFIED.,.F.,.F.,(3,3),(0.,1.),.PIECEWISE_BEZIER_KNOTS.);
#7991 = CARTESIAN_POINT('',(2.381428792246,37.891994650876,1.1));
#7992 = CARTESIAN_POINT('',(2.544193113061,37.891994650876,1.1));
#7993 = CARTESIAN_POINT('',(2.581548858822,37.729230330061,1.1));
#7994 = VECTOR('',#7995,1.);
#7995 = DIRECTION('',(0.,0.,1.));
#7996 = ADVANCED_FACE('',(#7997),#8022,.T.);
#7997 = FACE_BOUND('',#7998,.T.);
#7998 = EDGE_LOOP('',(#7999,#8007,#8015,#8021));
#7999 = ORIENTED_EDGE('',*,*,#8000,.T.);
#8000 = EDGE_CURVE('',#2049,#8001,#8003,.T.);
#8001 = VERTEX_POINT('',#8002);
#8002 = CARTESIAN_POINT('',(5.770128586255,35.765385410069,0.8));
#8003 = LINE('',#8004,#8005);
#8004 = CARTESIAN_POINT('',(5.770128586255,35.765385410069,1.1));
#8005 = VECTOR('',#8006,1.);
#8006 = DIRECTION('',(-0.,-0.,-1.));
#8007 = ORIENTED_EDGE('',*,*,#8008,.T.);
#8008 = EDGE_CURVE('',#8001,#8009,#8011,.T.);
#8009 = VERTEX_POINT('',#8010);
#8010 = CARTESIAN_POINT('',(6.338469575329,34.87418404692,0.8));
#8011 = B_SPLINE_CURVE_WITH_KNOTS('',2,(#8012,#8013,#8014),
  .UNSPECIFIED.,.F.,.F.,(3,3),(0.,1.),.PIECEWISE_BEZIER_KNOTS.);
#8012 = CARTESIAN_POINT('',(5.770128586255,35.765385410069,0.8));
#8013 = CARTESIAN_POINT('',(6.338469575329,35.4772125142,0.8));
#8014 = CARTESIAN_POINT('',(6.338469575329,34.87418404692,0.8));
#8015 = ORIENTED_EDGE('',*,*,#8016,.F.);
#8016 = EDGE_CURVE('',#2051,#8009,#8017,.T.);
#8017 = LINE('',#8018,#8019);
#8018 = CARTESIAN_POINT('',(6.338469575329,34.87418404692,1.1));
#8019 = VECTOR('',#8020,1.);
#8020 = DIRECTION('',(-0.,-0.,-1.));
#8021 = ORIENTED_EDGE('',*,*,#2048,.F.);
#8022 = SURFACE_OF_LINEAR_EXTRUSION('',#8023,#8027);
#8023 = B_SPLINE_CURVE_WITH_KNOTS('',2,(#8024,#8025,#8026),
  .UNSPECIFIED.,.F.,.F.,(3,3),(0.,1.),.PIECEWISE_BEZIER_KNOTS.);
#8024 = CARTESIAN_POINT('',(5.770128586255,35.765385410069,1.1));
#8025 = CARTESIAN_POINT('',(6.338469575329,35.4772125142,1.1));
#8026 = CARTESIAN_POINT('',(6.338469575329,34.87418404692,1.1));
#8027 = VECTOR('',#8028,1.);
#8028 = DIRECTION('',(0.,0.,1.));
#8029 = ADVANCED_FACE('',(#8030),#8048,.T.);
#8030 = FACE_BOUND('',#8031,.T.);
#8031 = EDGE_LOOP('',(#8032,#8040,#8046,#8047));
#8032 = ORIENTED_EDGE('',*,*,#8033,.T.);
#8033 = EDGE_CURVE('',#2227,#8034,#8036,.T.);
#8034 = VERTEX_POINT('',#8035);
#8035 = CARTESIAN_POINT('',(4.721499437401,36.296370653382,0.8));
#8036 = LINE('',#8037,#8038);
#8037 = CARTESIAN_POINT('',(4.721499437401,36.296370653382,1.1));
#8038 = VECTOR('',#8039,1.);
#8039 = DIRECTION('',(-0.,-0.,-1.));
#8040 = ORIENTED_EDGE('',*,*,#8041,.T.);
#8041 = EDGE_CURVE('',#8034,#8001,#8042,.T.);
#8042 = LINE('',#8043,#8044);
#8043 = CARTESIAN_POINT('',(4.721499437401,36.296370653382,0.8));
#8044 = VECTOR('',#8045,1.);
#8045 = DIRECTION('',(0.892145577245,-0.451748014941,0.));
#8046 = ORIENTED_EDGE('',*,*,#8000,.F.);
#8047 = ORIENTED_EDGE('',*,*,#2234,.F.);
#8048 = PLANE('',#8049);
#8049 = AXIS2_PLACEMENT_3D('',#8050,#8051,#8052);
#8050 = CARTESIAN_POINT('',(4.721499437401,36.296370653382,1.1));
#8051 = DIRECTION('',(-0.451748014941,-0.892145577245,0.));
#8052 = DIRECTION('',(0.892145577245,-0.451748014941,0.));
#8053 = ADVANCED_FACE('',(#8054),#8072,.T.);
#8054 = FACE_BOUND('',#8055,.T.);
#8055 = EDGE_LOOP('',(#8056,#8057,#8065,#8071));
#8056 = ORIENTED_EDGE('',*,*,#8016,.T.);
#8057 = ORIENTED_EDGE('',*,*,#8058,.T.);
#8058 = EDGE_CURVE('',#8009,#8059,#8061,.T.);
#8059 = VERTEX_POINT('',#8060);
#8060 = CARTESIAN_POINT('',(6.050296679461,34.161756609912,0.8));
#8061 = B_SPLINE_CURVE_WITH_KNOTS('',2,(#8062,#8063,#8064),
  .UNSPECIFIED.,.F.,.F.,(3,3),(0.,1.),.PIECEWISE_BEZIER_KNOTS.);
#8062 = CARTESIAN_POINT('',(6.338469575329,34.87418404692,0.8));
#8063 = CARTESIAN_POINT('',(6.338469575329,34.457934308443,0.8));
#8064 = CARTESIAN_POINT('',(6.050296679461,34.161756609912,0.8));
#8065 = ORIENTED_EDGE('',*,*,#8066,.F.);
#8066 = EDGE_CURVE('',#2059,#8059,#8067,.T.);
#8067 = LINE('',#8068,#8069);
#8068 = CARTESIAN_POINT('',(6.050296679461,34.161756609912,1.1));
#8069 = VECTOR('',#8070,1.);
#8070 = DIRECTION('',(-0.,-0.,-1.));
#8071 = ORIENTED_EDGE('',*,*,#2058,.F.);
#8072 = SURFACE_OF_LINEAR_EXTRUSION('',#8073,#8077);
#8073 = B_SPLINE_CURVE_WITH_KNOTS('',2,(#8074,#8075,#8076),
  .UNSPECIFIED.,.F.,.F.,(3,3),(0.,1.),.PIECEWISE_BEZIER_KNOTS.);
#8074 = CARTESIAN_POINT('',(6.338469575329,34.87418404692,1.1));
#8075 = CARTESIAN_POINT('',(6.338469575329,34.457934308443,1.1));
#8076 = CARTESIAN_POINT('',(6.050296679461,34.161756609912,1.1));
#8077 = VECTOR('',#8078,1.);
#8078 = DIRECTION('',(0.,0.,1.));
#8079 = ADVANCED_FACE('',(#8080),#8098,.T.);
#8080 = FACE_BOUND('',#8081,.T.);
#8081 = EDGE_LOOP('',(#8082,#8090,#8096,#8097));
#8082 = ORIENTED_EDGE('',*,*,#8083,.T.);
#8083 = EDGE_CURVE('',#2219,#8084,#8086,.T.);
#8084 = VERTEX_POINT('',#8085);
#8085 = CARTESIAN_POINT('',(4.318591036696,36.870048177564,0.8));
#8086 = LINE('',#8087,#8088);
#8087 = CARTESIAN_POINT('',(4.318591036696,36.870048177564,1.1));
#8088 = VECTOR('',#8089,1.);
#8089 = DIRECTION('',(-0.,-0.,-1.));
#8090 = ORIENTED_EDGE('',*,*,#8091,.T.);
#8091 = EDGE_CURVE('',#8084,#8034,#8092,.T.);
#8092 = B_SPLINE_CURVE_WITH_KNOTS('',2,(#8093,#8094,#8095),
  .UNSPECIFIED.,.F.,.F.,(3,3),(0.,1.),.PIECEWISE_BEZIER_KNOTS.);
#8093 = CARTESIAN_POINT('',(4.318591036696,36.870048177564,0.8));
#8094 = CARTESIAN_POINT('',(4.318591036696,36.499158987511,0.8));
#8095 = CARTESIAN_POINT('',(4.721499437401,36.296370653382,0.8));
#8096 = ORIENTED_EDGE('',*,*,#8033,.F.);
#8097 = ORIENTED_EDGE('',*,*,#2226,.F.);
#8098 = SURFACE_OF_LINEAR_EXTRUSION('',#8099,#8103);
#8099 = B_SPLINE_CURVE_WITH_KNOTS('',2,(#8100,#8101,#8102),
  .UNSPECIFIED.,.F.,.F.,(3,3),(0.,1.),.PIECEWISE_BEZIER_KNOTS.);
#8100 = CARTESIAN_POINT('',(4.318591036696,36.870048177564,1.1));
#8101 = CARTESIAN_POINT('',(4.318591036696,36.499158987511,1.1));
#8102 = CARTESIAN_POINT('',(4.721499437401,36.296370653382,1.1));
#8103 = VECTOR('',#8104,1.);
#8104 = DIRECTION('',(0.,0.,1.));
#8105 = ADVANCED_FACE('',(#8106),#8124,.T.);
#8106 = FACE_BOUND('',#8107,.T.);
#8107 = EDGE_LOOP('',(#8108,#8109,#8117,#8123));
#8108 = ORIENTED_EDGE('',*,*,#8066,.T.);
#8109 = ORIENTED_EDGE('',*,*,#8110,.T.);
#8110 = EDGE_CURVE('',#8059,#8111,#8113,.T.);
#8111 = VERTEX_POINT('',#8112);
#8112 = CARTESIAN_POINT('',(5.353878847779,33.862910643826,0.8));
#8113 = B_SPLINE_CURVE_WITH_KNOTS('',2,(#8114,#8115,#8116),
  .UNSPECIFIED.,.F.,.F.,(3,3),(0.,1.),.PIECEWISE_BEZIER_KNOTS.);
#8114 = CARTESIAN_POINT('',(6.050296679461,34.161756609912,0.8));
#8115 = CARTESIAN_POINT('',(5.762123783592,33.862910643826,0.8));
#8116 = CARTESIAN_POINT('',(5.353878847779,33.862910643826,0.8));
#8117 = ORIENTED_EDGE('',*,*,#8118,.F.);
#8118 = EDGE_CURVE('',#2067,#8111,#8119,.T.);
#8119 = LINE('',#8120,#8121);
#8120 = CARTESIAN_POINT('',(5.353878847779,33.862910643826,1.1));
#8121 = VECTOR('',#8122,1.);
#8122 = DIRECTION('',(-0.,-0.,-1.));
#8123 = ORIENTED_EDGE('',*,*,#2066,.F.);
#8124 = SURFACE_OF_LINEAR_EXTRUSION('',#8125,#8129);
#8125 = B_SPLINE_CURVE_WITH_KNOTS('',2,(#8126,#8127,#8128),
  .UNSPECIFIED.,.F.,.F.,(3,3),(0.,1.),.PIECEWISE_BEZIER_KNOTS.);
#8126 = CARTESIAN_POINT('',(6.050296679461,34.161756609912,1.1));
#8127 = CARTESIAN_POINT('',(5.762123783592,33.862910643826,1.1));
#8128 = CARTESIAN_POINT('',(5.353878847779,33.862910643826,1.1));
#8129 = VECTOR('',#8130,1.);
#8130 = DIRECTION('',(0.,0.,1.));
#8131 = ADVANCED_FACE('',(#8132),#8150,.T.);
#8132 = FACE_BOUND('',#8133,.T.);
#8133 = EDGE_LOOP('',(#8134,#8142,#8148,#8149));
#8134 = ORIENTED_EDGE('',*,*,#8135,.T.);
#8135 = EDGE_CURVE('',#2211,#8136,#8138,.T.);
#8136 = VERTEX_POINT('',#8137);
#8137 = CARTESIAN_POINT('',(4.625441805445,37.422379561312,0.8));
#8138 = LINE('',#8139,#8140);
#8139 = CARTESIAN_POINT('',(4.625441805445,37.422379561312,1.1));
#8140 = VECTOR('',#8141,1.);
#8141 = DIRECTION('',(-0.,-0.,-1.));
#8142 = ORIENTED_EDGE('',*,*,#8143,.T.);
#8143 = EDGE_CURVE('',#8136,#8084,#8144,.T.);
#8144 = B_SPLINE_CURVE_WITH_KNOTS('',2,(#8145,#8146,#8147),
  .UNSPECIFIED.,.F.,.F.,(3,3),(0.,1.),.PIECEWISE_BEZIER_KNOTS.);
#8145 = CARTESIAN_POINT('',(4.625441805445,37.422379561312,0.8));
#8146 = CARTESIAN_POINT('',(4.318591036696,37.262283508052,0.8));
#8147 = CARTESIAN_POINT('',(4.318591036696,36.870048177564,0.8));
#8148 = ORIENTED_EDGE('',*,*,#8083,.F.);
#8149 = ORIENTED_EDGE('',*,*,#2218,.F.);
#8150 = SURFACE_OF_LINEAR_EXTRUSION('',#8151,#8155);
#8151 = B_SPLINE_CURVE_WITH_KNOTS('',2,(#8152,#8153,#8154),
  .UNSPECIFIED.,.F.,.F.,(3,3),(0.,1.),.PIECEWISE_BEZIER_KNOTS.);
#8152 = CARTESIAN_POINT('',(4.625441805445,37.422379561312,1.1));
#8153 = CARTESIAN_POINT('',(4.318591036696,37.262283508052,1.1));
#8154 = CARTESIAN_POINT('',(4.318591036696,36.870048177564,1.1));
#8155 = VECTOR('',#8156,1.);
#8156 = DIRECTION('',(0.,0.,1.));
#8157 = ADVANCED_FACE('',(#8158),#8176,.T.);
#8158 = FACE_BOUND('',#8159,.T.);
#8159 = EDGE_LOOP('',(#8160,#8161,#8169,#8175));
#8160 = ORIENTED_EDGE('',*,*,#8118,.T.);
#8161 = ORIENTED_EDGE('',*,*,#8162,.T.);
#8162 = EDGE_CURVE('',#8111,#8163,#8165,.T.);
#8163 = VERTEX_POINT('',#8164);
#8164 = CARTESIAN_POINT('',(4.326595839359,34.036348034858,0.8));
#8165 = B_SPLINE_CURVE_WITH_KNOTS('',2,(#8166,#8167,#8168),
  .UNSPECIFIED.,.F.,.F.,(3,3),(0.,1.),.PIECEWISE_BEZIER_KNOTS.);
#8166 = CARTESIAN_POINT('',(5.353878847779,33.862910643826,0.8));
#8167 = CARTESIAN_POINT('',(4.788206126259,33.862910643826,0.8));
#8168 = CARTESIAN_POINT('',(4.326595839359,34.036348034858,0.8));
#8169 = ORIENTED_EDGE('',*,*,#8170,.F.);
#8170 = EDGE_CURVE('',#2075,#8163,#8171,.T.);
#8171 = LINE('',#8172,#8173);
#8172 = CARTESIAN_POINT('',(4.326595839359,34.036348034858,1.1));
#8173 = VECTOR('',#8174,1.);
#8174 = DIRECTION('',(-0.,-0.,-1.));
#8175 = ORIENTED_EDGE('',*,*,#2074,.F.);
#8176 = SURFACE_OF_LINEAR_EXTRUSION('',#8177,#8181);
#8177 = B_SPLINE_CURVE_WITH_KNOTS('',2,(#8178,#8179,#8180),
  .UNSPECIFIED.,.F.,.F.,(3,3),(0.,1.),.PIECEWISE_BEZIER_KNOTS.);
#8178 = CARTESIAN_POINT('',(5.353878847779,33.862910643826,1.1));
#8179 = CARTESIAN_POINT('',(4.788206126259,33.862910643826,1.1));
#8180 = CARTESIAN_POINT('',(4.326595839359,34.036348034858,1.1));
#8181 = VECTOR('',#8182,1.);
#8182 = DIRECTION('',(0.,0.,1.));
#8183 = ADVANCED_FACE('',(#8184),#8202,.T.);
#8184 = FACE_BOUND('',#8185,.T.);
#8185 = EDGE_LOOP('',(#8186,#8194,#8200,#8201));
#8186 = ORIENTED_EDGE('',*,*,#8187,.T.);
#8187 = EDGE_CURVE('',#2203,#8188,#8190,.T.);
#8188 = VERTEX_POINT('',#8189);
#8189 = CARTESIAN_POINT('',(4.937629109302,37.494422785279,0.8));
#8190 = LINE('',#8191,#8192);
#8191 = CARTESIAN_POINT('',(4.937629109302,37.494422785279,1.1));
#8192 = VECTOR('',#8193,1.);
#8193 = DIRECTION('',(-0.,-0.,-1.));
#8194 = ORIENTED_EDGE('',*,*,#8195,.T.);
#8195 = EDGE_CURVE('',#8188,#8136,#8196,.T.);
#8196 = B_SPLINE_CURVE_WITH_KNOTS('',2,(#8197,#8198,#8199),
  .UNSPECIFIED.,.F.,.F.,(3,3),(0.,1.),.PIECEWISE_BEZIER_KNOTS.);
#8197 = CARTESIAN_POINT('',(4.937629109302,37.494422785279,0.8));
#8198 = CARTESIAN_POINT('',(4.76419171827,37.494422785279,0.8));
#8199 = CARTESIAN_POINT('',(4.625441805445,37.422379561312,0.8));
#8200 = ORIENTED_EDGE('',*,*,#8135,.F.);
#8201 = ORIENTED_EDGE('',*,*,#2210,.F.);
#8202 = SURFACE_OF_LINEAR_EXTRUSION('',#8203,#8207);
#8203 = B_SPLINE_CURVE_WITH_KNOTS('',2,(#8204,#8205,#8206),
  .UNSPECIFIED.,.F.,.F.,(3,3),(0.,1.),.PIECEWISE_BEZIER_KNOTS.);
#8204 = CARTESIAN_POINT('',(4.937629109302,37.494422785279,1.1));
#8205 = CARTESIAN_POINT('',(4.76419171827,37.494422785279,1.1));
#8206 = CARTESIAN_POINT('',(4.625441805445,37.422379561312,1.1));
#8207 = VECTOR('',#8208,1.);
#8208 = DIRECTION('',(0.,0.,1.));
#8209 = ADVANCED_FACE('',(#8210),#8228,.T.);
#8210 = FACE_BOUND('',#8211,.T.);
#8211 = EDGE_LOOP('',(#8212,#8213,#8221,#8227));
#8212 = ORIENTED_EDGE('',*,*,#8170,.T.);
#8213 = ORIENTED_EDGE('',*,*,#8214,.T.);
#8214 = EDGE_CURVE('',#8163,#8215,#8217,.T.);
#8215 = VERTEX_POINT('',#8216);
#8216 = CARTESIAN_POINT('',(4.134480575446,34.257814241868,0.8));
#8217 = B_SPLINE_CURVE_WITH_KNOTS('',2,(#8218,#8219,#8220),
  .UNSPECIFIED.,.F.,.F.,(3,3),(0.,1.),.PIECEWISE_BEZIER_KNOTS.);
#8218 = CARTESIAN_POINT('',(4.326595839359,34.036348034858,0.8));
#8219 = CARTESIAN_POINT('',(4.134480575446,34.108391258825,0.8));
#8220 = CARTESIAN_POINT('',(4.134480575446,34.257814241868,0.8));
#8221 = ORIENTED_EDGE('',*,*,#8222,.F.);
#8222 = EDGE_CURVE('',#2083,#8215,#8223,.T.);
#8223 = LINE('',#8224,#8225);
#8224 = CARTESIAN_POINT('',(4.134480575446,34.257814241868,1.1));
#8225 = VECTOR('',#8226,1.);
#8226 = DIRECTION('',(-0.,-0.,-1.));
#8227 = ORIENTED_EDGE('',*,*,#2082,.F.);
#8228 = SURFACE_OF_LINEAR_EXTRUSION('',#8229,#8233);
#8229 = B_SPLINE_CURVE_WITH_KNOTS('',2,(#8230,#8231,#8232),
  .UNSPECIFIED.,.F.,.F.,(3,3),(0.,1.),.PIECEWISE_BEZIER_KNOTS.);
#8230 = CARTESIAN_POINT('',(4.326595839359,34.036348034858,1.1));
#8231 = CARTESIAN_POINT('',(4.134480575446,34.108391258825,1.1));
#8232 = CARTESIAN_POINT('',(4.134480575446,34.257814241868,1.1));
#8233 = VECTOR('',#8234,1.);
#8234 = DIRECTION('',(0.,0.,1.));
#8235 = ADVANCED_FACE('',(#8236),#8254,.T.);
#8236 = FACE_BOUND('',#8237,.T.);
#8237 = EDGE_LOOP('',(#8238,#8246,#8252,#8253));
#8238 = ORIENTED_EDGE('',*,*,#8239,.T.);
#8239 = EDGE_CURVE('',#2195,#8240,#8242,.T.);
#8240 = VERTEX_POINT('',#8241);
#8241 = CARTESIAN_POINT('',(5.948902512396,37.192908551639,0.8));
#8242 = LINE('',#8243,#8244);
#8243 = CARTESIAN_POINT('',(5.948902512396,37.192908551639,1.1));
#8244 = VECTOR('',#8245,1.);
#8245 = DIRECTION('',(-0.,-0.,-1.));
#8246 = ORIENTED_EDGE('',*,*,#8247,.T.);
#8247 = EDGE_CURVE('',#8240,#8188,#8248,.T.);
#8248 = B_SPLINE_CURVE_WITH_KNOTS('',2,(#8249,#8250,#8251),
  .UNSPECIFIED.,.F.,.F.,(3,3),(0.,1.),.PIECEWISE_BEZIER_KNOTS.);
#8249 = CARTESIAN_POINT('',(5.948902512396,37.192908551639,0.8));
#8250 = CARTESIAN_POINT('',(5.527316238811,37.494422785279,0.8));
#8251 = CARTESIAN_POINT('',(4.937629109302,37.494422785279,0.8));
#8252 = ORIENTED_EDGE('',*,*,#8187,.F.);
#8253 = ORIENTED_EDGE('',*,*,#2202,.F.);
#8254 = SURFACE_OF_LINEAR_EXTRUSION('',#8255,#8259);
#8255 = B_SPLINE_CURVE_WITH_KNOTS('',2,(#8256,#8257,#8258),
  .UNSPECIFIED.,.F.,.F.,(3,3),(0.,1.),.PIECEWISE_BEZIER_KNOTS.);
#8256 = CARTESIAN_POINT('',(5.948902512396,37.192908551639,1.1));
#8257 = CARTESIAN_POINT('',(5.527316238811,37.494422785279,1.1));
#8258 = CARTESIAN_POINT('',(4.937629109302,37.494422785279,1.1));
#8259 = VECTOR('',#8260,1.);
#8260 = DIRECTION('',(0.,0.,1.));
#8261 = ADVANCED_FACE('',(#8262),#8280,.T.);
#8262 = FACE_BOUND('',#8263,.T.);
#8263 = EDGE_LOOP('',(#8264,#8265,#8273,#8279));
#8264 = ORIENTED_EDGE('',*,*,#8222,.T.);
#8265 = ORIENTED_EDGE('',*,*,#8266,.T.);
#8266 = EDGE_CURVE('',#8215,#8267,#8269,.T.);
#8267 = VERTEX_POINT('',#8268);
#8268 = CARTESIAN_POINT('',(4.318591036696,34.441924703117,0.8));
#8269 = B_SPLINE_CURVE_WITH_KNOTS('',2,(#8270,#8271,#8272),
  .UNSPECIFIED.,.F.,.F.,(3,3),(0.,1.),.PIECEWISE_BEZIER_KNOTS.);
#8270 = CARTESIAN_POINT('',(4.134480575446,34.257814241868,0.8));
#8271 = CARTESIAN_POINT('',(4.134480575446,34.441924703117,0.8));
#8272 = CARTESIAN_POINT('',(4.318591036696,34.441924703117,0.8));
#8273 = ORIENTED_EDGE('',*,*,#8274,.F.);
#8274 = EDGE_CURVE('',#2091,#8267,#8275,.T.);
#8275 = LINE('',#8276,#8277);
#8276 = CARTESIAN_POINT('',(4.318591036696,34.441924703117,1.1));
#8277 = VECTOR('',#8278,1.);
#8278 = DIRECTION('',(-0.,-0.,-1.));
#8279 = ORIENTED_EDGE('',*,*,#2090,.F.);
#8280 = SURFACE_OF_LINEAR_EXTRUSION('',#8281,#8285);
#8281 = B_SPLINE_CURVE_WITH_KNOTS('',2,(#8282,#8283,#8284),
  .UNSPECIFIED.,.F.,.F.,(3,3),(0.,1.),.PIECEWISE_BEZIER_KNOTS.);
#8282 = CARTESIAN_POINT('',(4.134480575446,34.257814241868,1.1));
#8283 = CARTESIAN_POINT('',(4.134480575446,34.441924703117,1.1));
#8284 = CARTESIAN_POINT('',(4.318591036696,34.441924703117,1.1));
#8285 = VECTOR('',#8286,1.);
#8286 = DIRECTION('',(0.,0.,1.));
#8287 = ADVANCED_FACE('',(#8288),#8306,.T.);
#8288 = FACE_BOUND('',#8289,.T.);
#8289 = EDGE_LOOP('',(#8290,#8298,#8304,#8305));
#8290 = ORIENTED_EDGE('',*,*,#8291,.T.);
#8291 = EDGE_CURVE('',#2187,#8292,#8294,.T.);
#8292 = VERTEX_POINT('',#8293);
#8293 = CARTESIAN_POINT('',(6.141017776308,37.1075239899,0.8));
#8294 = LINE('',#8295,#8296);
#8295 = CARTESIAN_POINT('',(6.141017776308,37.1075239899,1.1));
#8296 = VECTOR('',#8297,1.);
#8297 = DIRECTION('',(-0.,-0.,-1.));
#8298 = ORIENTED_EDGE('',*,*,#8299,.T.);
#8299 = EDGE_CURVE('',#8292,#8240,#8300,.T.);
#8300 = B_SPLINE_CURVE_WITH_KNOTS('',2,(#8301,#8302,#8303),
  .UNSPECIFIED.,.F.,.F.,(3,3),(0.,1.),.PIECEWISE_BEZIER_KNOTS.);
#8301 = CARTESIAN_POINT('',(6.141017776308,37.1075239899,0.8));
#8302 = CARTESIAN_POINT('',(6.068974552341,37.1075239899,0.8));
#8303 = CARTESIAN_POINT('',(5.948902512396,37.192908551639,0.8));
#8304 = ORIENTED_EDGE('',*,*,#8239,.F.);
#8305 = ORIENTED_EDGE('',*,*,#2194,.F.);
#8306 = SURFACE_OF_LINEAR_EXTRUSION('',#8307,#8311);
#8307 = B_SPLINE_CURVE_WITH_KNOTS('',2,(#8308,#8309,#8310),
  .UNSPECIFIED.,.F.,.F.,(3,3),(0.,1.),.PIECEWISE_BEZIER_KNOTS.);
#8308 = CARTESIAN_POINT('',(6.141017776308,37.1075239899,1.1));
#8309 = CARTESIAN_POINT('',(6.068974552341,37.1075239899,1.1));
#8310 = CARTESIAN_POINT('',(5.948902512396,37.192908551639,1.1));
#8311 = VECTOR('',#8312,1.);
#8312 = DIRECTION('',(0.,0.,1.));
#8313 = ADVANCED_FACE('',(#8314),#8332,.T.);
#8314 = FACE_BOUND('',#8315,.T.);
#8315 = EDGE_LOOP('',(#8316,#8317,#8325,#8331));
#8316 = ORIENTED_EDGE('',*,*,#8274,.T.);
#8317 = ORIENTED_EDGE('',*,*,#8318,.T.);
#8318 = EDGE_CURVE('',#8267,#8319,#8321,.T.);
#8319 = VERTEX_POINT('',#8320);
#8320 = CARTESIAN_POINT('',(4.56140338414,34.377886281813,0.8));
#8321 = B_SPLINE_CURVE_WITH_KNOTS('',2,(#8322,#8323,#8324),
  .UNSPECIFIED.,.F.,.F.,(3,3),(0.,1.),.PIECEWISE_BEZIER_KNOTS.);
#8322 = CARTESIAN_POINT('',(4.318591036696,34.441924703117,0.8));
#8323 = CARTESIAN_POINT('',(4.395970795771,34.441924703117,0.8));
#8324 = CARTESIAN_POINT('',(4.56140338414,34.377886281813,0.8));
#8325 = ORIENTED_EDGE('',*,*,#8326,.F.);
#8326 = EDGE_CURVE('',#2099,#8319,#8327,.T.);
#8327 = LINE('',#8328,#8329);
#8328 = CARTESIAN_POINT('',(4.56140338414,34.377886281813,1.1));
#8329 = VECTOR('',#8330,1.);
#8330 = DIRECTION('',(-0.,-0.,-1.));
#8331 = ORIENTED_EDGE('',*,*,#2098,.F.);
#8332 = SURFACE_OF_LINEAR_EXTRUSION('',#8333,#8337);
#8333 = B_SPLINE_CURVE_WITH_KNOTS('',2,(#8334,#8335,#8336),
  .UNSPECIFIED.,.F.,.F.,(3,3),(0.,1.),.PIECEWISE_BEZIER_KNOTS.);
#8334 = CARTESIAN_POINT('',(4.318591036696,34.441924703117,1.1));
#8335 = CARTESIAN_POINT('',(4.395970795771,34.441924703117,1.1));
#8336 = CARTESIAN_POINT('',(4.56140338414,34.377886281813,1.1));
#8337 = VECTOR('',#8338,1.);
#8338 = DIRECTION('',(0.,0.,1.));
#8339 = ADVANCED_FACE('',(#8340),#8358,.T.);
#8340 = FACE_BOUND('',#8341,.T.);
#8341 = EDGE_LOOP('',(#8342,#8350,#8356,#8357));
#8342 = ORIENTED_EDGE('',*,*,#8343,.T.);
#8343 = EDGE_CURVE('',#2179,#8344,#8346,.T.);
#8344 = VERTEX_POINT('',#8345);
#8345 = CARTESIAN_POINT('',(6.338469575329,37.29163445115,0.8));
#8346 = LINE('',#8347,#8348);
#8347 = CARTESIAN_POINT('',(6.338469575329,37.29163445115,1.1));
#8348 = VECTOR('',#8349,1.);
#8349 = DIRECTION('',(-0.,-0.,-1.));
#8350 = ORIENTED_EDGE('',*,*,#8351,.T.);
#8351 = EDGE_CURVE('',#8344,#8292,#8352,.T.);
#8352 = B_SPLINE_CURVE_WITH_KNOTS('',2,(#8353,#8354,#8355),
  .UNSPECIFIED.,.F.,.F.,(3,3),(0.,1.),.PIECEWISE_BEZIER_KNOTS.);
#8353 = CARTESIAN_POINT('',(6.338469575329,37.29163445115,0.8));
#8354 = CARTESIAN_POINT('',(6.338469575329,37.1075239899,0.8));
#8355 = CARTESIAN_POINT('',(6.141017776308,37.1075239899,0.8));
#8356 = ORIENTED_EDGE('',*,*,#8291,.F.);
#8357 = ORIENTED_EDGE('',*,*,#2186,.F.);
#8358 = SURFACE_OF_LINEAR_EXTRUSION('',#8359,#8363);
#8359 = B_SPLINE_CURVE_WITH_KNOTS('',2,(#8360,#8361,#8362),
  .UNSPECIFIED.,.F.,.F.,(3,3),(0.,1.),.PIECEWISE_BEZIER_KNOTS.);
#8360 = CARTESIAN_POINT('',(6.338469575329,37.29163445115,1.1));
#8361 = CARTESIAN_POINT('',(6.338469575329,37.1075239899,1.1));
#8362 = CARTESIAN_POINT('',(6.141017776308,37.1075239899,1.1));
#8363 = VECTOR('',#8364,1.);
#8364 = DIRECTION('',(0.,0.,1.));
#8365 = ADVANCED_FACE('',(#8366),#8384,.T.);
#8366 = FACE_BOUND('',#8367,.T.);
#8367 = EDGE_LOOP('',(#8368,#8369,#8377,#8383));
#8368 = ORIENTED_EDGE('',*,*,#8326,.T.);
#8369 = ORIENTED_EDGE('',*,*,#8370,.T.);
#8370 = EDGE_CURVE('',#8319,#8371,#8373,.T.);
#8371 = VERTEX_POINT('',#8372);
#8372 = CARTESIAN_POINT('',(5.295176961583,34.244472904096,0.8));
#8373 = B_SPLINE_CURVE_WITH_KNOTS('',2,(#8374,#8375,#8376),
  .UNSPECIFIED.,.F.,.F.,(3,3),(0.,1.),.PIECEWISE_BEZIER_KNOTS.);
#8374 = CARTESIAN_POINT('',(4.56140338414,34.377886281813,0.8));
#8375 = CARTESIAN_POINT('',(4.90560989865,34.244472904096,0.8));
#8376 = CARTESIAN_POINT('',(5.295176961583,34.244472904096,0.8));
#8377 = ORIENTED_EDGE('',*,*,#8378,.F.);
#8378 = EDGE_CURVE('',#2107,#8371,#8379,.T.);
#8379 = LINE('',#8380,#8381);
#8380 = CARTESIAN_POINT('',(5.295176961583,34.244472904096,1.1));
#8381 = VECTOR('',#8382,1.);
#8382 = DIRECTION('',(-0.,-0.,-1.));
#8383 = ORIENTED_EDGE('',*,*,#2106,.F.);
#8384 = SURFACE_OF_LINEAR_EXTRUSION('',#8385,#8389);
#8385 = B_SPLINE_CURVE_WITH_KNOTS('',2,(#8386,#8387,#8388),
  .UNSPECIFIED.,.F.,.F.,(3,3),(0.,1.),.PIECEWISE_BEZIER_KNOTS.);
#8386 = CARTESIAN_POINT('',(4.56140338414,34.377886281813,1.1));
#8387 = CARTESIAN_POINT('',(4.90560989865,34.244472904096,1.1));
#8388 = CARTESIAN_POINT('',(5.295176961583,34.244472904096,1.1));
#8389 = VECTOR('',#8390,1.);
#8390 = DIRECTION('',(0.,0.,1.));
#8391 = ADVANCED_FACE('',(#8392),#8410,.T.);
#8392 = FACE_BOUND('',#8393,.T.);
#8393 = EDGE_LOOP('',(#8394,#8402,#8408,#8409));
#8394 = ORIENTED_EDGE('',*,*,#8395,.T.);
#8395 = EDGE_CURVE('',#2171,#8396,#8398,.T.);
#8396 = VERTEX_POINT('',#8397);
#8397 = CARTESIAN_POINT('',(6.189046592286,37.510432390605,0.8));
#8398 = LINE('',#8399,#8400);
#8399 = CARTESIAN_POINT('',(6.189046592286,37.510432390605,1.1));
#8400 = VECTOR('',#8401,1.);
#8401 = DIRECTION('',(-0.,-0.,-1.));
#8402 = ORIENTED_EDGE('',*,*,#8403,.T.);
#8403 = EDGE_CURVE('',#8396,#8344,#8404,.T.);
#8404 = B_SPLINE_CURVE_WITH_KNOTS('',2,(#8405,#8406,#8407),
  .UNSPECIFIED.,.F.,.F.,(3,3),(0.,1.),.PIECEWISE_BEZIER_KNOTS.);
#8405 = CARTESIAN_POINT('',(6.189046592286,37.510432390605,0.8));
#8406 = CARTESIAN_POINT('',(6.338469575329,37.411706491095,0.8));
#8407 = CARTESIAN_POINT('',(6.338469575329,37.29163445115,0.8));
#8408 = ORIENTED_EDGE('',*,*,#8343,.F.);
#8409 = ORIENTED_EDGE('',*,*,#2178,.F.);
#8410 = SURFACE_OF_LINEAR_EXTRUSION('',#8411,#8415);
#8411 = B_SPLINE_CURVE_WITH_KNOTS('',2,(#8412,#8413,#8414),
  .UNSPECIFIED.,.F.,.F.,(3,3),(0.,1.),.PIECEWISE_BEZIER_KNOTS.);
#8412 = CARTESIAN_POINT('',(6.189046592286,37.510432390605,1.1));
#8413 = CARTESIAN_POINT('',(6.338469575329,37.411706491095,1.1));
#8414 = CARTESIAN_POINT('',(6.338469575329,37.29163445115,1.1));
#8415 = VECTOR('',#8416,1.);
#8416 = DIRECTION('',(0.,0.,1.));
#8417 = ADVANCED_FACE('',(#8418),#8436,.T.);
#8418 = FACE_BOUND('',#8419,.T.);
#8419 = EDGE_LOOP('',(#8420,#8421,#8429,#8435));
#8420 = ORIENTED_EDGE('',*,*,#8378,.T.);
#8421 = ORIENTED_EDGE('',*,*,#8422,.T.);
#8422 = EDGE_CURVE('',#8371,#8423,#8425,.T.);
#8423 = VERTEX_POINT('',#8424);
#8424 = CARTESIAN_POINT('',(5.831498740005,34.495290054204,0.8));
#8425 = B_SPLINE_CURVE_WITH_KNOTS('',2,(#8426,#8427,#8428),
  .UNSPECIFIED.,.F.,.F.,(3,3),(0.,1.),.PIECEWISE_BEZIER_KNOTS.);
#8426 = CARTESIAN_POINT('',(5.295176961583,34.244472904096,0.8));
#8427 = CARTESIAN_POINT('',(5.647388278756,34.244472904096,0.8));
#8428 = CARTESIAN_POINT('',(5.831498740005,34.495290054204,0.8));
#8429 = ORIENTED_EDGE('',*,*,#8430,.F.);
#8430 = EDGE_CURVE('',#2115,#8423,#8431,.T.);
#8431 = LINE('',#8432,#8433);
#8432 = CARTESIAN_POINT('',(5.831498740005,34.495290054204,1.1));
#8433 = VECTOR('',#8434,1.);
#8434 = DIRECTION('',(-0.,-0.,-1.));
#8435 = ORIENTED_EDGE('',*,*,#2114,.F.);
#8436 = SURFACE_OF_LINEAR_EXTRUSION('',#8437,#8441);
#8437 = B_SPLINE_CURVE_WITH_KNOTS('',2,(#8438,#8439,#8440),
  .UNSPECIFIED.,.F.,.F.,(3,3),(0.,1.),.PIECEWISE_BEZIER_KNOTS.);
#8438 = CARTESIAN_POINT('',(5.295176961583,34.244472904096,1.1));
#8439 = CARTESIAN_POINT('',(5.647388278756,34.244472904096,1.1));
#8440 = CARTESIAN_POINT('',(5.831498740005,34.495290054204,1.1));
#8441 = VECTOR('',#8442,1.);
#8442 = DIRECTION('',(0.,0.,1.));
#8443 = ADVANCED_FACE('',(#8444),#8462,.T.);
#8444 = FACE_BOUND('',#8445,.T.);
#8445 = EDGE_LOOP('',(#8446,#8454,#8460,#8461));
#8446 = ORIENTED_EDGE('',*,*,#8447,.T.);
#8447 = EDGE_CURVE('',#2163,#8448,#8450,.T.);
#8448 = VERTEX_POINT('',#8449);
#8449 = CARTESIAN_POINT('',(4.972316587508,37.891994650876,0.8));
#8450 = LINE('',#8451,#8452);
#8451 = CARTESIAN_POINT('',(4.972316587508,37.891994650876,1.1));
#8452 = VECTOR('',#8453,1.);
#8453 = DIRECTION('',(-0.,-0.,-1.));
#8454 = ORIENTED_EDGE('',*,*,#8455,.T.);
#8455 = EDGE_CURVE('',#8448,#8396,#8456,.T.);
#8456 = B_SPLINE_CURVE_WITH_KNOTS('',2,(#8457,#8458,#8459),
  .UNSPECIFIED.,.F.,.F.,(3,3),(0.,1.),.PIECEWISE_BEZIER_KNOTS.);
#8457 = CARTESIAN_POINT('',(4.972316587508,37.891994650876,0.8));
#8458 = CARTESIAN_POINT('',(5.607364265441,37.891994650876,0.8));
#8459 = CARTESIAN_POINT('',(6.189046592286,37.510432390605,0.8));
#8460 = ORIENTED_EDGE('',*,*,#8395,.F.);
#8461 = ORIENTED_EDGE('',*,*,#2170,.F.);
#8462 = SURFACE_OF_LINEAR_EXTRUSION('',#8463,#8467);
#8463 = B_SPLINE_CURVE_WITH_KNOTS('',2,(#8464,#8465,#8466),
  .UNSPECIFIED.,.F.,.F.,(3,3),(0.,1.),.PIECEWISE_BEZIER_KNOTS.);
#8464 = CARTESIAN_POINT('',(4.972316587508,37.891994650876,1.1));
#8465 = CARTESIAN_POINT('',(5.607364265441,37.891994650876,1.1));
#8466 = CARTESIAN_POINT('',(6.189046592286,37.510432390605,1.1));
#8467 = VECTOR('',#8468,1.);
#8468 = DIRECTION('',(0.,0.,1.));
#8469 = ADVANCED_FACE('',(#8470),#8488,.T.);
#8470 = FACE_BOUND('',#8471,.T.);
#8471 = EDGE_LOOP('',(#8472,#8473,#8481,#8487));
#8472 = ORIENTED_EDGE('',*,*,#8430,.T.);
#8473 = ORIENTED_EDGE('',*,*,#8474,.T.);
#8474 = EDGE_CURVE('',#8423,#8475,#8477,.T.);
#8475 = VERTEX_POINT('',#8476);
#8476 = CARTESIAN_POINT('',(5.943565977287,34.895530187354,0.8));
#8477 = B_SPLINE_CURVE_WITH_KNOTS('',2,(#8478,#8479,#8480),
  .UNSPECIFIED.,.F.,.F.,(3,3),(0.,1.),.PIECEWISE_BEZIER_KNOTS.);
#8478 = CARTESIAN_POINT('',(5.831498740005,34.495290054204,0.8));
#8479 = CARTESIAN_POINT('',(5.943565977287,34.647381304801,0.8));
#8480 = CARTESIAN_POINT('',(5.943565977287,34.895530187354,0.8));
#8481 = ORIENTED_EDGE('',*,*,#8482,.F.);
#8482 = EDGE_CURVE('',#2123,#8475,#8483,.T.);
#8483 = LINE('',#8484,#8485);
#8484 = CARTESIAN_POINT('',(5.943565977287,34.895530187354,1.1));
#8485 = VECTOR('',#8486,1.);
#8486 = DIRECTION('',(-0.,-0.,-1.));
#8487 = ORIENTED_EDGE('',*,*,#2122,.F.);
#8488 = SURFACE_OF_LINEAR_EXTRUSION('',#8489,#8493);
#8489 = B_SPLINE_CURVE_WITH_KNOTS('',2,(#8490,#8491,#8492),
  .UNSPECIFIED.,.F.,.F.,(3,3),(0.,1.),.PIECEWISE_BEZIER_KNOTS.);
#8490 = CARTESIAN_POINT('',(5.831498740005,34.495290054204,1.1));
#8491 = CARTESIAN_POINT('',(5.943565977287,34.647381304801,1.1));
#8492 = CARTESIAN_POINT('',(5.943565977287,34.895530187354,1.1));
#8493 = VECTOR('',#8494,1.);
#8494 = DIRECTION('',(0.,0.,1.));
#8495 = ADVANCED_FACE('',(#8496),#8514,.T.);
#8496 = FACE_BOUND('',#8497,.T.);
#8497 = EDGE_LOOP('',(#8498,#8506,#8512,#8513));
#8498 = ORIENTED_EDGE('',*,*,#8499,.T.);
#8499 = EDGE_CURVE('',#2155,#8500,#8502,.T.);
#8500 = VERTEX_POINT('',#8501);
#8501 = CARTESIAN_POINT('',(4.254552615392,37.633172698105,0.8));
#8502 = LINE('',#8503,#8504);
#8503 = CARTESIAN_POINT('',(4.254552615392,37.633172698105,1.1));
#8504 = VECTOR('',#8505,1.);
#8505 = DIRECTION('',(-0.,-0.,-1.));
#8506 = ORIENTED_EDGE('',*,*,#8507,.T.);
#8507 = EDGE_CURVE('',#8500,#8448,#8508,.T.);
#8508 = B_SPLINE_CURVE_WITH_KNOTS('',2,(#8509,#8510,#8511),
  .UNSPECIFIED.,.F.,.F.,(3,3),(0.,1.),.PIECEWISE_BEZIER_KNOTS.);
#8509 = CARTESIAN_POINT('',(4.254552615392,37.633172698105,0.8));
#8510 = CARTESIAN_POINT('',(4.553398581477,37.891994650876,0.8));
#8511 = CARTESIAN_POINT('',(4.972316587508,37.891994650876,0.8));
#8512 = ORIENTED_EDGE('',*,*,#8447,.F.);
#8513 = ORIENTED_EDGE('',*,*,#2162,.F.);
#8514 = SURFACE_OF_LINEAR_EXTRUSION('',#8515,#8519);
#8515 = B_SPLINE_CURVE_WITH_KNOTS('',2,(#8516,#8517,#8518),
  .UNSPECIFIED.,.F.,.F.,(3,3),(0.,1.),.PIECEWISE_BEZIER_KNOTS.);
#8516 = CARTESIAN_POINT('',(4.254552615392,37.633172698105,1.1));
#8517 = CARTESIAN_POINT('',(4.553398581477,37.891994650876,1.1));
#8518 = CARTESIAN_POINT('',(4.972316587508,37.891994650876,1.1));
#8519 = VECTOR('',#8520,1.);
#8520 = DIRECTION('',(0.,0.,1.));
#8521 = ADVANCED_FACE('',(#8522),#8540,.T.);
#8522 = FACE_BOUND('',#8523,.T.);
#8523 = EDGE_LOOP('',(#8524,#8525,#8533,#8539));
#8524 = ORIENTED_EDGE('',*,*,#8482,.T.);
#8525 = ORIENTED_EDGE('',*,*,#8526,.T.);
#8526 = EDGE_CURVE('',#8475,#8527,#8529,.T.);
#8527 = VERTEX_POINT('',#8528);
#8528 = CARTESIAN_POINT('',(5.529984506365,35.445193303548,0.8));
#8529 = B_SPLINE_CURVE_WITH_KNOTS('',2,(#8530,#8531,#8532),
  .UNSPECIFIED.,.F.,.F.,(3,3),(0.,1.),.PIECEWISE_BEZIER_KNOTS.);
#8530 = CARTESIAN_POINT('',(5.943565977287,34.895530187354,0.8));
#8531 = CARTESIAN_POINT('',(5.943565977287,35.234400166755,0.8));
#8532 = CARTESIAN_POINT('',(5.529984506365,35.445193303548,0.8));
#8533 = ORIENTED_EDGE('',*,*,#8534,.F.);
#8534 = EDGE_CURVE('',#2131,#8527,#8535,.T.);
#8535 = LINE('',#8536,#8537);
#8536 = CARTESIAN_POINT('',(5.529984506365,35.445193303548,1.1));
#8537 = VECTOR('',#8538,1.);
#8538 = DIRECTION('',(-0.,-0.,-1.));
#8539 = ORIENTED_EDGE('',*,*,#2130,.F.);
#8540 = SURFACE_OF_LINEAR_EXTRUSION('',#8541,#8545);
#8541 = B_SPLINE_CURVE_WITH_KNOTS('',2,(#8542,#8543,#8544),
  .UNSPECIFIED.,.F.,.F.,(3,3),(0.,1.),.PIECEWISE_BEZIER_KNOTS.);
#8542 = CARTESIAN_POINT('',(5.943565977287,34.895530187354,1.1));
#8543 = CARTESIAN_POINT('',(5.943565977287,35.234400166755,1.1));
#8544 = CARTESIAN_POINT('',(5.529984506365,35.445193303548,1.1));
#8545 = VECTOR('',#8546,1.);
#8546 = DIRECTION('',(0.,0.,1.));
#8547 = ADVANCED_FACE('',(#8548),#8566,.T.);
#8548 = FACE_BOUND('',#8549,.T.);
#8549 = EDGE_LOOP('',(#8550,#8558,#8564,#8565));
#8550 = ORIENTED_EDGE('',*,*,#8551,.T.);
#8551 = EDGE_CURVE('',#2147,#8552,#8554,.T.);
#8552 = VERTEX_POINT('',#8553);
#8553 = CARTESIAN_POINT('',(3.923687438654,36.883389515336,0.8));
#8554 = LINE('',#8555,#8556);
#8555 = CARTESIAN_POINT('',(3.923687438654,36.883389515336,1.1));
#8556 = VECTOR('',#8557,1.);
#8557 = DIRECTION('',(-0.,-0.,-1.));
#8558 = ORIENTED_EDGE('',*,*,#8559,.T.);
#8559 = EDGE_CURVE('',#8552,#8500,#8560,.T.);
#8560 = B_SPLINE_CURVE_WITH_KNOTS('',2,(#8561,#8562,#8563),
  .UNSPECIFIED.,.F.,.F.,(3,3),(0.,1.),.PIECEWISE_BEZIER_KNOTS.);
#8561 = CARTESIAN_POINT('',(3.923687438654,36.883389515336,0.8));
#8562 = CARTESIAN_POINT('',(3.923687438654,37.347668069791,0.8));
#8563 = CARTESIAN_POINT('',(4.254552615392,37.633172698105,0.8));
#8564 = ORIENTED_EDGE('',*,*,#8499,.F.);
#8565 = ORIENTED_EDGE('',*,*,#2154,.F.);
#8566 = SURFACE_OF_LINEAR_EXTRUSION('',#8567,#8571);
#8567 = B_SPLINE_CURVE_WITH_KNOTS('',2,(#8568,#8569,#8570),
  .UNSPECIFIED.,.F.,.F.,(3,3),(0.,1.),.PIECEWISE_BEZIER_KNOTS.);
#8568 = CARTESIAN_POINT('',(3.923687438654,36.883389515336,1.1));
#8569 = CARTESIAN_POINT('',(3.923687438654,37.347668069791,1.1));
#8570 = CARTESIAN_POINT('',(4.254552615392,37.633172698105,1.1));
#8571 = VECTOR('',#8572,1.);
#8572 = DIRECTION('',(0.,0.,1.));
#8573 = ADVANCED_FACE('',(#8574),#8592,.T.);
#8574 = FACE_BOUND('',#8575,.T.);
#8575 = EDGE_LOOP('',(#8576,#8577,#8585,#8591));
#8576 = ORIENTED_EDGE('',*,*,#8534,.T.);
#8577 = ORIENTED_EDGE('',*,*,#8578,.T.);
#8578 = EDGE_CURVE('',#8527,#8579,#8581,.T.);
#8579 = VERTEX_POINT('',#8580);
#8580 = CARTESIAN_POINT('',(4.556066849032,35.938822801101,0.8));
#8581 = LINE('',#8582,#8583);
#8582 = CARTESIAN_POINT('',(5.529984506365,35.445193303548,0.8));
#8583 = VECTOR('',#8584,1.);
#8584 = DIRECTION('',(-0.891970083601,0.452094425935,0.));
#8585 = ORIENTED_EDGE('',*,*,#8586,.F.);
#8586 = EDGE_CURVE('',#2139,#8579,#8587,.T.);
#8587 = LINE('',#8588,#8589);
#8588 = CARTESIAN_POINT('',(4.556066849032,35.938822801101,1.1));
#8589 = VECTOR('',#8590,1.);
#8590 = DIRECTION('',(-0.,-0.,-1.));
#8591 = ORIENTED_EDGE('',*,*,#2138,.F.);
#8592 = PLANE('',#8593);
#8593 = AXIS2_PLACEMENT_3D('',#8594,#8595,#8596);
#8594 = CARTESIAN_POINT('',(5.529984506365,35.445193303548,1.1));
#8595 = DIRECTION('',(0.452094425935,0.891970083601,0.));
#8596 = DIRECTION('',(-0.891970083601,0.452094425935,0.));
#8597 = ADVANCED_FACE('',(#8598),#8609,.T.);
#8598 = FACE_BOUND('',#8599,.T.);
#8599 = EDGE_LOOP('',(#8600,#8601,#8607,#8608));
#8600 = ORIENTED_EDGE('',*,*,#8586,.T.);
#8601 = ORIENTED_EDGE('',*,*,#8602,.T.);
#8602 = EDGE_CURVE('',#8579,#8552,#8603,.T.);
#8603 = B_SPLINE_CURVE_WITH_KNOTS('',2,(#8604,#8605,#8606),
  .UNSPECIFIED.,.F.,.F.,(3,3),(0.,1.),.PIECEWISE_BEZIER_KNOTS.);
#8604 = CARTESIAN_POINT('',(4.556066849032,35.938822801101,0.8));
#8605 = CARTESIAN_POINT('',(3.923687438654,36.26435144273,0.8));
#8606 = CARTESIAN_POINT('',(3.923687438654,36.883389515336,0.8));
#8607 = ORIENTED_EDGE('',*,*,#8551,.F.);
#8608 = ORIENTED_EDGE('',*,*,#2146,.F.);
#8609 = SURFACE_OF_LINEAR_EXTRUSION('',#8610,#8614);
#8610 = B_SPLINE_CURVE_WITH_KNOTS('',2,(#8611,#8612,#8613),
  .UNSPECIFIED.,.F.,.F.,(3,3),(0.,1.),.PIECEWISE_BEZIER_KNOTS.);
#8611 = CARTESIAN_POINT('',(4.556066849032,35.938822801101,1.1));
#8612 = CARTESIAN_POINT('',(3.923687438654,36.26435144273,1.1));
#8613 = CARTESIAN_POINT('',(3.923687438654,36.883389515336,1.1));
#8614 = VECTOR('',#8615,1.);
#8615 = DIRECTION('',(0.,0.,1.));
#8616 = ADVANCED_FACE('',(#8617),#8642,.T.);
#8617 = FACE_BOUND('',#8618,.T.);
#8618 = EDGE_LOOP('',(#8619,#8627,#8635,#8641));
#8619 = ORIENTED_EDGE('',*,*,#8620,.T.);
#8620 = EDGE_CURVE('',#2243,#8621,#8623,.T.);
#8621 = VERTEX_POINT('',#8622);
#8622 = CARTESIAN_POINT('',(8.262290482007,34.692741853225,0.8));
#8623 = LINE('',#8624,#8625);
#8624 = CARTESIAN_POINT('',(8.262290482007,34.692741853225,1.1));
#8625 = VECTOR('',#8626,1.);
#8626 = DIRECTION('',(-0.,-0.,-1.));
#8627 = ORIENTED_EDGE('',*,*,#8628,.T.);
#8628 = EDGE_CURVE('',#8621,#8629,#8631,.T.);
#8629 = VERTEX_POINT('',#8630);
#8630 = CARTESIAN_POINT('',(7.528516904564,33.948295205565,0.8));
#8631 = LINE('',#8632,#8633);
#8632 = CARTESIAN_POINT('',(8.262290482007,34.692741853225,0.8));
#8633 = VECTOR('',#8634,1.);
#8634 = DIRECTION('',(-0.701983019577,-0.71219368168,0.));
#8635 = ORIENTED_EDGE('',*,*,#8636,.F.);
#8636 = EDGE_CURVE('',#2245,#8629,#8637,.T.);
#8637 = LINE('',#8638,#8639);
#8638 = CARTESIAN_POINT('',(7.528516904564,33.948295205565,1.1));
#8639 = VECTOR('',#8640,1.);
#8640 = DIRECTION('',(-0.,-0.,-1.));
#8641 = ORIENTED_EDGE('',*,*,#2242,.F.);
#8642 = PLANE('',#8643);
#8643 = AXIS2_PLACEMENT_3D('',#8644,#8645,#8646);
#8644 = CARTESIAN_POINT('',(8.262290482007,34.692741853225,1.1));
#8645 = DIRECTION('',(-0.71219368168,0.701983019577,0.));
#8646 = DIRECTION('',(-0.701983019577,-0.71219368168,0.));
#8647 = ADVANCED_FACE('',(#8648),#8666,.T.);
#8648 = FACE_BOUND('',#8649,.T.);
#8649 = EDGE_LOOP('',(#8650,#8658,#8664,#8665));
#8650 = ORIENTED_EDGE('',*,*,#8651,.T.);
#8651 = EDGE_CURVE('',#2317,#8652,#8654,.T.);
#8652 = VERTEX_POINT('',#8653);
#8653 = CARTESIAN_POINT('',(8.339670241083,34.860842709148,0.8));
#8654 = LINE('',#8655,#8656);
#8655 = CARTESIAN_POINT('',(8.339670241083,34.860842709148,1.1));
#8656 = VECTOR('',#8657,1.);
#8657 = DIRECTION('',(-0.,-0.,-1.));
#8658 = ORIENTED_EDGE('',*,*,#8659,.T.);
#8659 = EDGE_CURVE('',#8652,#8621,#8660,.T.);
#8660 = B_SPLINE_CURVE_WITH_KNOTS('',2,(#8661,#8662,#8663),
  .UNSPECIFIED.,.F.,.F.,(3,3),(0.,1.),.PIECEWISE_BEZIER_KNOTS.);
#8661 = CARTESIAN_POINT('',(8.339670241083,34.860842709148,0.8));
#8662 = CARTESIAN_POINT('',(8.339670241083,34.770121612301,0.8));
#8663 = CARTESIAN_POINT('',(8.262290482007,34.692741853225,0.8));
#8664 = ORIENTED_EDGE('',*,*,#8620,.F.);
#8665 = ORIENTED_EDGE('',*,*,#2324,.F.);
#8666 = SURFACE_OF_LINEAR_EXTRUSION('',#8667,#8671);
#8667 = B_SPLINE_CURVE_WITH_KNOTS('',2,(#8668,#8669,#8670),
  .UNSPECIFIED.,.F.,.F.,(3,3),(0.,1.),.PIECEWISE_BEZIER_KNOTS.);
#8668 = CARTESIAN_POINT('',(8.339670241083,34.860842709148,1.1));
#8669 = CARTESIAN_POINT('',(8.339670241083,34.770121612301,1.1));
#8670 = CARTESIAN_POINT('',(8.262290482007,34.692741853225,1.1));
#8671 = VECTOR('',#8672,1.);
#8672 = DIRECTION('',(0.,0.,1.));
#8673 = ADVANCED_FACE('',(#8674),#8692,.T.);
#8674 = FACE_BOUND('',#8675,.T.);
#8675 = EDGE_LOOP('',(#8676,#8677,#8685,#8691));
#8676 = ORIENTED_EDGE('',*,*,#8636,.T.);
#8677 = ORIENTED_EDGE('',*,*,#8678,.T.);
#8678 = EDGE_CURVE('',#8629,#8679,#8681,.T.);
#8679 = VERTEX_POINT('',#8680);
#8680 = CARTESIAN_POINT('',(7.339069908206,33.862910643826,0.8));
#8681 = B_SPLINE_CURVE_WITH_KNOTS('',2,(#8682,#8683,#8684),
  .UNSPECIFIED.,.F.,.F.,(3,3),(0.,1.),.PIECEWISE_BEZIER_KNOTS.);
#8682 = CARTESIAN_POINT('',(7.528516904564,33.948295205565,0.8));
#8683 = CARTESIAN_POINT('',(7.437795807717,33.862910643826,0.8));
#8684 = CARTESIAN_POINT('',(7.339069908206,33.862910643826,0.8));
#8685 = ORIENTED_EDGE('',*,*,#8686,.F.);
#8686 = EDGE_CURVE('',#2253,#8679,#8687,.T.);
#8687 = LINE('',#8688,#8689);
#8688 = CARTESIAN_POINT('',(7.339069908206,33.862910643826,1.1));
#8689 = VECTOR('',#8690,1.);
#8690 = DIRECTION('',(-0.,-0.,-1.));
#8691 = ORIENTED_EDGE('',*,*,#2252,.F.);
#8692 = SURFACE_OF_LINEAR_EXTRUSION('',#8693,#8697);
#8693 = B_SPLINE_CURVE_WITH_KNOTS('',2,(#8694,#8695,#8696),
  .UNSPECIFIED.,.F.,.F.,(3,3),(0.,1.),.PIECEWISE_BEZIER_KNOTS.);
#8694 = CARTESIAN_POINT('',(7.528516904564,33.948295205565,1.1));
#8695 = CARTESIAN_POINT('',(7.437795807717,33.862910643826,1.1));
#8696 = CARTESIAN_POINT('',(7.339069908206,33.862910643826,1.1));
#8697 = VECTOR('',#8698,1.);
#8698 = DIRECTION('',(0.,0.,1.));
#8699 = ADVANCED_FACE('',(#8700),#8718,.T.);
#8700 = FACE_BOUND('',#8701,.T.);
#8701 = EDGE_LOOP('',(#8702,#8710,#8716,#8717));
#8702 = ORIENTED_EDGE('',*,*,#8703,.T.);
#8703 = EDGE_CURVE('',#2309,#8704,#8706,.T.);
#8704 = VERTEX_POINT('',#8705);
#8705 = CARTESIAN_POINT('',(8.136881906953,35.039616635289,0.8));
#8706 = LINE('',#8707,#8708);
#8707 = CARTESIAN_POINT('',(8.136881906953,35.039616635289,1.1));
#8708 = VECTOR('',#8709,1.);
#8709 = DIRECTION('',(-0.,-0.,-1.));
#8710 = ORIENTED_EDGE('',*,*,#8711,.T.);
#8711 = EDGE_CURVE('',#8704,#8652,#8712,.T.);
#8712 = B_SPLINE_CURVE_WITH_KNOTS('',2,(#8713,#8714,#8715),
  .UNSPECIFIED.,.F.,.F.,(3,3),(0.,1.),.PIECEWISE_BEZIER_KNOTS.);
#8713 = CARTESIAN_POINT('',(8.136881906953,35.039616635289,0.8));
#8714 = CARTESIAN_POINT('',(8.339670241083,35.039616635289,0.8));
#8715 = CARTESIAN_POINT('',(8.339670241083,34.860842709148,0.8));
#8716 = ORIENTED_EDGE('',*,*,#8651,.F.);
#8717 = ORIENTED_EDGE('',*,*,#2316,.F.);
#8718 = SURFACE_OF_LINEAR_EXTRUSION('',#8719,#8723);
#8719 = B_SPLINE_CURVE_WITH_KNOTS('',2,(#8720,#8721,#8722),
  .UNSPECIFIED.,.F.,.F.,(3,3),(0.,1.),.PIECEWISE_BEZIER_KNOTS.);
#8720 = CARTESIAN_POINT('',(8.136881906953,35.039616635289,1.1));
#8721 = CARTESIAN_POINT('',(8.339670241083,35.039616635289,1.1));
#8722 = CARTESIAN_POINT('',(8.339670241083,34.860842709148,1.1));
#8723 = VECTOR('',#8724,1.);
#8724 = DIRECTION('',(0.,0.,1.));
#8725 = ADVANCED_FACE('',(#8726),#8744,.T.);
#8726 = FACE_BOUND('',#8727,.T.);
#8727 = EDGE_LOOP('',(#8728,#8729,#8737,#8743));
#8728 = ORIENTED_EDGE('',*,*,#8686,.T.);
#8729 = ORIENTED_EDGE('',*,*,#8730,.T.);
#8730 = EDGE_CURVE('',#8679,#8731,#8733,.T.);
#8731 = VERTEX_POINT('',#8732);
#8732 = CARTESIAN_POINT('',(7.138949841631,34.084376850836,0.8));
#8733 = B_SPLINE_CURVE_WITH_KNOTS('',2,(#8734,#8735,#8736),
  .UNSPECIFIED.,.F.,.F.,(3,3),(0.,1.),.PIECEWISE_BEZIER_KNOTS.);
#8734 = CARTESIAN_POINT('',(7.339069908206,33.862910643826,0.8));
#8735 = CARTESIAN_POINT('',(7.138949841631,33.862910643826,0.8));
#8736 = CARTESIAN_POINT('',(7.138949841631,34.084376850836,0.8));
#8737 = ORIENTED_EDGE('',*,*,#8738,.F.);
#8738 = EDGE_CURVE('',#2261,#8731,#8739,.T.);
#8739 = LINE('',#8740,#8741);
#8740 = CARTESIAN_POINT('',(7.138949841631,34.084376850836,1.1));
#8741 = VECTOR('',#8742,1.);
#8742 = DIRECTION('',(-0.,-0.,-1.));
#8743 = ORIENTED_EDGE('',*,*,#2260,.F.);
#8744 = SURFACE_OF_LINEAR_EXTRUSION('',#8745,#8749);
#8745 = B_SPLINE_CURVE_WITH_KNOTS('',2,(#8746,#8747,#8748),
  .UNSPECIFIED.,.F.,.F.,(3,3),(0.,1.),.PIECEWISE_BEZIER_KNOTS.);
#8746 = CARTESIAN_POINT('',(7.339069908206,33.862910643826,1.1));
#8747 = CARTESIAN_POINT('',(7.138949841631,33.862910643826,1.1));
#8748 = CARTESIAN_POINT('',(7.138949841631,34.084376850836,1.1));
#8749 = VECTOR('',#8750,1.);
#8750 = DIRECTION('',(0.,0.,1.));
#8751 = ADVANCED_FACE('',(#8752),#8770,.T.);
#8752 = FACE_BOUND('',#8753,.T.);
#8753 = EDGE_LOOP('',(#8754,#8762,#8768,#8769));
#8754 = ORIENTED_EDGE('',*,*,#8755,.T.);
#8755 = EDGE_CURVE('',#2301,#8756,#8758,.T.);
#8756 = VERTEX_POINT('',#8757);
#8757 = CARTESIAN_POINT('',(7.992795459019,34.967573411322,0.8));
#8758 = LINE('',#8759,#8760);
#8759 = CARTESIAN_POINT('',(7.992795459019,34.967573411322,1.1));
#8760 = VECTOR('',#8761,1.);
#8761 = DIRECTION('',(-0.,-0.,-1.));
#8762 = ORIENTED_EDGE('',*,*,#8763,.T.);
#8763 = EDGE_CURVE('',#8756,#8704,#8764,.T.);
#8764 = B_SPLINE_CURVE_WITH_KNOTS('',2,(#8765,#8766,#8767),
  .UNSPECIFIED.,.F.,.F.,(3,3),(0.,1.),.PIECEWISE_BEZIER_KNOTS.);
#8765 = CARTESIAN_POINT('',(7.992795459019,34.967573411322,0.8));
#8766 = CARTESIAN_POINT('',(8.064838682986,35.039616635289,0.8));
#8767 = CARTESIAN_POINT('',(8.136881906953,35.039616635289,0.8));
#8768 = ORIENTED_EDGE('',*,*,#8703,.F.);
#8769 = ORIENTED_EDGE('',*,*,#2308,.F.);
#8770 = SURFACE_OF_LINEAR_EXTRUSION('',#8771,#8775);
#8771 = B_SPLINE_CURVE_WITH_KNOTS('',2,(#8772,#8773,#8774),
  .UNSPECIFIED.,.F.,.F.,(3,3),(0.,1.),.PIECEWISE_BEZIER_KNOTS.);
#8772 = CARTESIAN_POINT('',(7.992795459019,34.967573411322,1.1));
#8773 = CARTESIAN_POINT('',(8.064838682986,35.039616635289,1.1));
#8774 = CARTESIAN_POINT('',(8.136881906953,35.039616635289,1.1));
#8775 = VECTOR('',#8776,1.);
#8776 = DIRECTION('',(0.,0.,1.));
#8777 = ADVANCED_FACE('',(#8778),#8796,.T.);
#8778 = FACE_BOUND('',#8779,.T.);
#8779 = EDGE_LOOP('',(#8780,#8781,#8789,#8795));
#8780 = ORIENTED_EDGE('',*,*,#8738,.T.);
#8781 = ORIENTED_EDGE('',*,*,#8782,.T.);
#8782 = EDGE_CURVE('',#8731,#8783,#8785,.T.);
#8783 = VERTEX_POINT('',#8784);
#8784 = CARTESIAN_POINT('',(7.138949841631,37.651850570985,0.8));
#8785 = LINE('',#8786,#8787);
#8786 = CARTESIAN_POINT('',(7.138949841631,34.084376850836,0.8));
#8787 = VECTOR('',#8788,1.);
#8788 = DIRECTION('',(1.2E-16,1.,0.));
#8789 = ORIENTED_EDGE('',*,*,#8790,.F.);
#8790 = EDGE_CURVE('',#2269,#8783,#8791,.T.);
#8791 = LINE('',#8792,#8793);
#8792 = CARTESIAN_POINT('',(7.138949841631,37.651850570985,1.1));
#8793 = VECTOR('',#8794,1.);
#8794 = DIRECTION('',(-0.,-0.,-1.));
#8795 = ORIENTED_EDGE('',*,*,#2268,.F.);
#8796 = PLANE('',#8797);
#8797 = AXIS2_PLACEMENT_3D('',#8798,#8799,#8800);
#8798 = CARTESIAN_POINT('',(7.138949841631,34.084376850836,1.1));
#8799 = DIRECTION('',(1.,-1.2E-16,0.));
#8800 = DIRECTION('',(1.2E-16,1.,0.));
#8801 = ADVANCED_FACE('',(#8802),#8820,.T.);
#8802 = FACE_BOUND('',#8803,.T.);
#8803 = EDGE_LOOP('',(#8804,#8812,#8818,#8819));
#8804 = ORIENTED_EDGE('',*,*,#8805,.T.);
#8805 = EDGE_CURVE('',#2293,#8806,#8808,.T.);
#8806 = VERTEX_POINT('',#8807);
#8807 = CARTESIAN_POINT('',(7.528516904564,34.503294856867,0.8));
#8808 = LINE('',#8809,#8810);
#8809 = CARTESIAN_POINT('',(7.528516904564,34.503294856867,1.1));
#8810 = VECTOR('',#8811,1.);
#8811 = DIRECTION('',(-0.,-0.,-1.));
#8812 = ORIENTED_EDGE('',*,*,#8813,.T.);
#8813 = EDGE_CURVE('',#8806,#8756,#8814,.T.);
#8814 = LINE('',#8815,#8816);
#8815 = CARTESIAN_POINT('',(7.528516904564,34.503294856867,0.8));
#8816 = VECTOR('',#8817,1.);
#8817 = DIRECTION('',(0.707106781187,0.707106781187,0.));
#8818 = ORIENTED_EDGE('',*,*,#8755,.F.);
#8819 = ORIENTED_EDGE('',*,*,#2300,.F.);
#8820 = PLANE('',#8821);
#8821 = AXIS2_PLACEMENT_3D('',#8822,#8823,#8824);
#8822 = CARTESIAN_POINT('',(7.528516904564,34.503294856867,1.1));
#8823 = DIRECTION('',(0.707106781187,-0.707106781187,0.));
#8824 = DIRECTION('',(0.707106781187,0.707106781187,0.));
#8825 = ADVANCED_FACE('',(#8826),#8844,.T.);
#8826 = FACE_BOUND('',#8827,.T.);
#8827 = EDGE_LOOP('',(#8828,#8829,#8837,#8843));
#8828 = ORIENTED_EDGE('',*,*,#8790,.T.);
#8829 = ORIENTED_EDGE('',*,*,#8830,.T.);
#8830 = EDGE_CURVE('',#8783,#8831,#8833,.T.);
#8831 = VERTEX_POINT('',#8832);
#8832 = CARTESIAN_POINT('',(7.331065105543,37.878653313104,0.8));
#8833 = B_SPLINE_CURVE_WITH_KNOTS('',2,(#8834,#8835,#8836),
  .UNSPECIFIED.,.F.,.F.,(3,3),(0.,1.),.PIECEWISE_BEZIER_KNOTS.);
#8834 = CARTESIAN_POINT('',(7.138949841631,37.651850570985,0.8));
#8835 = CARTESIAN_POINT('',(7.138949841631,37.878653313104,0.8));
#8836 = CARTESIAN_POINT('',(7.331065105543,37.878653313104,0.8));
#8837 = ORIENTED_EDGE('',*,*,#8838,.F.);
#8838 = EDGE_CURVE('',#2277,#8831,#8839,.T.);
#8839 = LINE('',#8840,#8841);
#8840 = CARTESIAN_POINT('',(7.331065105543,37.878653313104,1.1));
#8841 = VECTOR('',#8842,1.);
#8842 = DIRECTION('',(-0.,-0.,-1.));
#8843 = ORIENTED_EDGE('',*,*,#2276,.F.);
#8844 = SURFACE_OF_LINEAR_EXTRUSION('',#8845,#8849);
#8845 = B_SPLINE_CURVE_WITH_KNOTS('',2,(#8846,#8847,#8848),
  .UNSPECIFIED.,.F.,.F.,(3,3),(0.,1.),.PIECEWISE_BEZIER_KNOTS.);
#8846 = CARTESIAN_POINT('',(7.138949841631,37.651850570985,1.1));
#8847 = CARTESIAN_POINT('',(7.138949841631,37.878653313104,1.1));
#8848 = CARTESIAN_POINT('',(7.331065105543,37.878653313104,1.1));
#8849 = VECTOR('',#8850,1.);
#8850 = DIRECTION('',(0.,0.,1.));
#8851 = ADVANCED_FACE('',(#8852),#8870,.T.);
#8852 = FACE_BOUND('',#8853,.T.);
#8853 = EDGE_LOOP('',(#8854,#8862,#8868,#8869));
#8854 = ORIENTED_EDGE('',*,*,#8855,.T.);
#8855 = EDGE_CURVE('',#2285,#8856,#8858,.T.);
#8856 = VERTEX_POINT('',#8857);
#8857 = CARTESIAN_POINT('',(7.528516904564,37.649182303431,0.8));
#8858 = LINE('',#8859,#8860);
#8859 = CARTESIAN_POINT('',(7.528516904564,37.649182303431,1.1));
#8860 = VECTOR('',#8861,1.);
#8861 = DIRECTION('',(-0.,-0.,-1.));
#8862 = ORIENTED_EDGE('',*,*,#8863,.T.);
#8863 = EDGE_CURVE('',#8856,#8806,#8864,.T.);
#8864 = B_SPLINE_CURVE_WITH_KNOTS('',2,(#8865,#8866,#8867),
  .UNSPECIFIED.,.F.,.F.,(3,3),(0.,1.),.PIECEWISE_BEZIER_KNOTS.);
#8865 = CARTESIAN_POINT('',(7.528516904564,37.649182303431,0.8));
#8866 = CARTESIAN_POINT('',(7.528516904564,37.649182303431,0.8));
#8867 = CARTESIAN_POINT('',(7.528516904564,34.503294856867,0.8));
#8868 = ORIENTED_EDGE('',*,*,#8805,.F.);
#8869 = ORIENTED_EDGE('',*,*,#2292,.F.);
#8870 = SURFACE_OF_LINEAR_EXTRUSION('',#8871,#8875);
#8871 = B_SPLINE_CURVE_WITH_KNOTS('',2,(#8872,#8873,#8874),
  .UNSPECIFIED.,.F.,.F.,(3,3),(0.,1.),.PIECEWISE_BEZIER_KNOTS.);
#8872 = CARTESIAN_POINT('',(7.528516904564,37.649182303431,1.1));
#8873 = CARTESIAN_POINT('',(7.528516904564,37.649182303431,1.1));
#8874 = CARTESIAN_POINT('',(7.528516904564,34.503294856867,1.1));
#8875 = VECTOR('',#8876,1.);
#8876 = DIRECTION('',(0.,0.,1.));
#8877 = ADVANCED_FACE('',(#8878),#8889,.T.);
#8878 = FACE_BOUND('',#8879,.T.);
#8879 = EDGE_LOOP('',(#8880,#8881,#8887,#8888));
#8880 = ORIENTED_EDGE('',*,*,#8838,.T.);
#8881 = ORIENTED_EDGE('',*,*,#8882,.T.);
#8882 = EDGE_CURVE('',#8831,#8856,#8883,.T.);
#8883 = B_SPLINE_CURVE_WITH_KNOTS('',2,(#8884,#8885,#8886),
  .UNSPECIFIED.,.F.,.F.,(3,3),(0.,1.),.PIECEWISE_BEZIER_KNOTS.);
#8884 = CARTESIAN_POINT('',(7.331065105543,37.878653313104,0.8));
#8885 = CARTESIAN_POINT('',(7.528516904564,37.878653313104,0.8));
#8886 = CARTESIAN_POINT('',(7.528516904564,37.649182303431,0.8));
#8887 = ORIENTED_EDGE('',*,*,#8855,.F.);
#8888 = ORIENTED_EDGE('',*,*,#2284,.F.);
#8889 = SURFACE_OF_LINEAR_EXTRUSION('',#8890,#8894);
#8890 = B_SPLINE_CURVE_WITH_KNOTS('',2,(#8891,#8892,#8893),
  .UNSPECIFIED.,.F.,.F.,(3,3),(0.,1.),.PIECEWISE_BEZIER_KNOTS.);
#8891 = CARTESIAN_POINT('',(7.331065105543,37.878653313104,1.1));
#8892 = CARTESIAN_POINT('',(7.528516904564,37.878653313104,1.1));
#8893 = CARTESIAN_POINT('',(7.528516904564,37.649182303431,1.1));
#8894 = VECTOR('',#8895,1.);
#8895 = DIRECTION('',(0.,0.,1.));
#8896 = ADVANCED_FACE('',(#8897),#8922,.T.);
#8897 = FACE_BOUND('',#8898,.T.);
#8898 = EDGE_LOOP('',(#8899,#8907,#8915,#8921));
#8899 = ORIENTED_EDGE('',*,*,#8900,.T.);
#8900 = EDGE_CURVE('',#2333,#8901,#8903,.T.);
#8901 = VERTEX_POINT('',#8902);
#8902 = CARTESIAN_POINT('',(10.746447575095,36.285697583164,0.8));
#8903 = LINE('',#8904,#8905);
#8904 = CARTESIAN_POINT('',(10.746447575095,36.285697583164,1.1));
#8905 = VECTOR('',#8906,1.);
#8906 = DIRECTION('',(-0.,-0.,-1.));
#8907 = ORIENTED_EDGE('',*,*,#8908,.T.);
#8908 = EDGE_CURVE('',#8901,#8909,#8911,.T.);
#8909 = VERTEX_POINT('',#8910);
#8910 = CARTESIAN_POINT('',(10.540990973411,36.101587121915,0.8));
#8911 = B_SPLINE_CURVE_WITH_KNOTS('',2,(#8912,#8913,#8914),
  .UNSPECIFIED.,.F.,.F.,(3,3),(0.,1.),.PIECEWISE_BEZIER_KNOTS.);
#8912 = CARTESIAN_POINT('',(10.746447575095,36.285697583164,0.8));
#8913 = CARTESIAN_POINT('',(10.746447575095,36.101587121915,0.8));
#8914 = CARTESIAN_POINT('',(10.540990973411,36.101587121915,0.8));
#8915 = ORIENTED_EDGE('',*,*,#8916,.F.);
#8916 = EDGE_CURVE('',#2335,#8909,#8917,.T.);
#8917 = LINE('',#8918,#8919);
#8918 = CARTESIAN_POINT('',(10.540990973411,36.101587121915,1.1));
#8919 = VECTOR('',#8920,1.);
#8920 = DIRECTION('',(-0.,-0.,-1.));
#8921 = ORIENTED_EDGE('',*,*,#2332,.F.);
#8922 = SURFACE_OF_LINEAR_EXTRUSION('',#8923,#8927);
#8923 = B_SPLINE_CURVE_WITH_KNOTS('',2,(#8924,#8925,#8926),
  .UNSPECIFIED.,.F.,.F.,(3,3),(0.,1.),.PIECEWISE_BEZIER_KNOTS.);
#8924 = CARTESIAN_POINT('',(10.746447575095,36.285697583164,1.1));
#8925 = CARTESIAN_POINT('',(10.746447575095,36.101587121915,1.1));
#8926 = CARTESIAN_POINT('',(10.540990973411,36.101587121915,1.1));
#8927 = VECTOR('',#8928,1.);
#8928 = DIRECTION('',(0.,0.,1.));
#8929 = ADVANCED_FACE('',(#8930),#8948,.T.);
#8930 = FACE_BOUND('',#8931,.T.);
#8931 = EDGE_LOOP('',(#8932,#8940,#8946,#8947));
#8932 = ORIENTED_EDGE('',*,*,#8933,.T.);
#8933 = EDGE_CURVE('',#2367,#8934,#8936,.T.);
#8934 = VERTEX_POINT('',#8935);
#8935 = CARTESIAN_POINT('',(10.548995776074,36.48581764974,0.8));
#8936 = LINE('',#8937,#8938);
#8937 = CARTESIAN_POINT('',(10.548995776074,36.48581764974,1.1));
#8938 = VECTOR('',#8939,1.);
#8939 = DIRECTION('',(-0.,-0.,-1.));
#8940 = ORIENTED_EDGE('',*,*,#8941,.T.);
#8941 = EDGE_CURVE('',#8934,#8901,#8942,.T.);
#8942 = B_SPLINE_CURVE_WITH_KNOTS('',2,(#8943,#8944,#8945),
  .UNSPECIFIED.,.F.,.F.,(3,3),(0.,1.),.PIECEWISE_BEZIER_KNOTS.);
#8943 = CARTESIAN_POINT('',(10.548995776074,36.48581764974,0.8));
#8944 = CARTESIAN_POINT('',(10.746447575095,36.48581764974,0.8));
#8945 = CARTESIAN_POINT('',(10.746447575095,36.285697583164,0.8));
#8946 = ORIENTED_EDGE('',*,*,#8900,.F.);
#8947 = ORIENTED_EDGE('',*,*,#2374,.F.);
#8948 = SURFACE_OF_LINEAR_EXTRUSION('',#8949,#8953);
#8949 = B_SPLINE_CURVE_WITH_KNOTS('',2,(#8950,#8951,#8952),
  .UNSPECIFIED.,.F.,.F.,(3,3),(0.,1.),.PIECEWISE_BEZIER_KNOTS.);
#8950 = CARTESIAN_POINT('',(10.548995776074,36.48581764974,1.1));
#8951 = CARTESIAN_POINT('',(10.746447575095,36.48581764974,1.1));
#8952 = CARTESIAN_POINT('',(10.746447575095,36.285697583164,1.1));
#8953 = VECTOR('',#8954,1.);
#8954 = DIRECTION('',(0.,0.,1.));
#8955 = ADVANCED_FACE('',(#8956),#8974,.T.);
#8956 = FACE_BOUND('',#8957,.T.);
#8957 = EDGE_LOOP('',(#8958,#8959,#8967,#8973));
#8958 = ORIENTED_EDGE('',*,*,#8916,.T.);
#8959 = ORIENTED_EDGE('',*,*,#8960,.T.);
#8960 = EDGE_CURVE('',#8909,#8961,#8963,.T.);
#8961 = VERTEX_POINT('',#8962);
#8962 = CARTESIAN_POINT('',(8.932025638146,36.101587121915,0.8));
#8963 = B_SPLINE_CURVE_WITH_KNOTS('',2,(#8964,#8965,#8966),
  .UNSPECIFIED.,.F.,.F.,(3,3),(0.,1.),.PIECEWISE_BEZIER_KNOTS.);
#8964 = CARTESIAN_POINT('',(10.540990973411,36.101587121915,0.8));
#8965 = CARTESIAN_POINT('',(10.540990973411,36.101587121915,0.8));
#8966 = CARTESIAN_POINT('',(8.932025638146,36.101587121915,0.8));
#8967 = ORIENTED_EDGE('',*,*,#8968,.F.);
#8968 = EDGE_CURVE('',#2343,#8961,#8969,.T.);
#8969 = LINE('',#8970,#8971);
#8970 = CARTESIAN_POINT('',(8.932025638146,36.101587121915,1.1));
#8971 = VECTOR('',#8972,1.);
#8972 = DIRECTION('',(-0.,-0.,-1.));
#8973 = ORIENTED_EDGE('',*,*,#2342,.F.);
#8974 = SURFACE_OF_LINEAR_EXTRUSION('',#8975,#8979);
#8975 = B_SPLINE_CURVE_WITH_KNOTS('',2,(#8976,#8977,#8978),
  .UNSPECIFIED.,.F.,.F.,(3,3),(0.,1.),.PIECEWISE_BEZIER_KNOTS.);
#8976 = CARTESIAN_POINT('',(10.540990973411,36.101587121915,1.1));
#8977 = CARTESIAN_POINT('',(10.540990973411,36.101587121915,1.1));
#8978 = CARTESIAN_POINT('',(8.932025638146,36.101587121915,1.1));
#8979 = VECTOR('',#8980,1.);
#8980 = DIRECTION('',(0.,0.,1.));
#8981 = ADVANCED_FACE('',(#8982),#9000,.T.);
#8982 = FACE_BOUND('',#8983,.T.);
#8983 = EDGE_LOOP('',(#8984,#8992,#8998,#8999));
#8984 = ORIENTED_EDGE('',*,*,#8985,.T.);
#8985 = EDGE_CURVE('',#2359,#8986,#8988,.T.);
#8986 = VERTEX_POINT('',#8987);
#8987 = CARTESIAN_POINT('',(8.945366975917,36.48581764974,0.8));
#8988 = LINE('',#8989,#8990);
#8989 = CARTESIAN_POINT('',(8.945366975917,36.48581764974,1.1));
#8990 = VECTOR('',#8991,1.);
#8991 = DIRECTION('',(-0.,-0.,-1.));
#8992 = ORIENTED_EDGE('',*,*,#8993,.T.);
#8993 = EDGE_CURVE('',#8986,#8934,#8994,.T.);
#8994 = LINE('',#8995,#8996);
#8995 = CARTESIAN_POINT('',(8.945366975917,36.48581764974,0.8));
#8996 = VECTOR('',#8997,1.);
#8997 = DIRECTION('',(1.,-1.2E-16,0.));
#8998 = ORIENTED_EDGE('',*,*,#8933,.F.);
#8999 = ORIENTED_EDGE('',*,*,#2366,.F.);
#9000 = PLANE('',#9001);
#9001 = AXIS2_PLACEMENT_3D('',#9002,#9003,#9004);
#9002 = CARTESIAN_POINT('',(8.945366975917,36.48581764974,1.1));
#9003 = DIRECTION('',(-1.2E-16,-1.,0.));
#9004 = DIRECTION('',(1.,-1.2E-16,0.));
#9005 = ADVANCED_FACE('',(#9006),#9024,.T.);
#9006 = FACE_BOUND('',#9007,.T.);
#9007 = EDGE_LOOP('',(#9008,#9009,#9017,#9023));
#9008 = ORIENTED_EDGE('',*,*,#8968,.T.);
#9009 = ORIENTED_EDGE('',*,*,#9010,.T.);
#9010 = EDGE_CURVE('',#8961,#9011,#9013,.T.);
#9011 = VERTEX_POINT('',#9012);
#9012 = CARTESIAN_POINT('',(8.739910374233,36.307043723599,0.8));
#9013 = B_SPLINE_CURVE_WITH_KNOTS('',2,(#9014,#9015,#9016),
  .UNSPECIFIED.,.F.,.F.,(3,3),(0.,1.),.PIECEWISE_BEZIER_KNOTS.);
#9014 = CARTESIAN_POINT('',(8.932025638146,36.101587121915,0.8));
#9015 = CARTESIAN_POINT('',(8.739910374233,36.101587121915,0.8));
#9016 = CARTESIAN_POINT('',(8.739910374233,36.307043723599,0.8));
#9017 = ORIENTED_EDGE('',*,*,#9018,.F.);
#9018 = EDGE_CURVE('',#2351,#9011,#9019,.T.);
#9019 = LINE('',#9020,#9021);
#9020 = CARTESIAN_POINT('',(8.739910374233,36.307043723599,1.1));
#9021 = VECTOR('',#9022,1.);
#9022 = DIRECTION('',(-0.,-0.,-1.));
#9023 = ORIENTED_EDGE('',*,*,#2350,.F.);
#9024 = SURFACE_OF_LINEAR_EXTRUSION('',#9025,#9029);
#9025 = B_SPLINE_CURVE_WITH_KNOTS('',2,(#9026,#9027,#9028),
  .UNSPECIFIED.,.F.,.F.,(3,3),(0.,1.),.PIECEWISE_BEZIER_KNOTS.);
#9026 = CARTESIAN_POINT('',(8.932025638146,36.101587121915,1.1));
#9027 = CARTESIAN_POINT('',(8.739910374233,36.101587121915,1.1));
#9028 = CARTESIAN_POINT('',(8.739910374233,36.307043723599,1.1));
#9029 = VECTOR('',#9030,1.);
#9030 = DIRECTION('',(0.,0.,1.));
#9031 = ADVANCED_FACE('',(#9032),#9043,.T.);
#9032 = FACE_BOUND('',#9033,.T.);
#9033 = EDGE_LOOP('',(#9034,#9035,#9041,#9042));
#9034 = ORIENTED_EDGE('',*,*,#9018,.T.);
#9035 = ORIENTED_EDGE('',*,*,#9036,.T.);
#9036 = EDGE_CURVE('',#9011,#8986,#9037,.T.);
#9037 = B_SPLINE_CURVE_WITH_KNOTS('',2,(#9038,#9039,#9040),
  .UNSPECIFIED.,.F.,.F.,(3,3),(0.,1.),.PIECEWISE_BEZIER_KNOTS.);
#9038 = CARTESIAN_POINT('',(8.739910374233,36.307043723599,0.8));
#9039 = CARTESIAN_POINT('',(8.739910374233,36.48581764974,0.8));
#9040 = CARTESIAN_POINT('',(8.945366975917,36.48581764974,0.8));
#9041 = ORIENTED_EDGE('',*,*,#8985,.F.);
#9042 = ORIENTED_EDGE('',*,*,#2358,.F.);
#9043 = SURFACE_OF_LINEAR_EXTRUSION('',#9044,#9048);
#9044 = B_SPLINE_CURVE_WITH_KNOTS('',2,(#9045,#9046,#9047),
  .UNSPECIFIED.,.F.,.F.,(3,3),(0.,1.),.PIECEWISE_BEZIER_KNOTS.);
#9045 = CARTESIAN_POINT('',(8.739910374233,36.307043723599,1.1));
#9046 = CARTESIAN_POINT('',(8.739910374233,36.48581764974,1.1));
#9047 = CARTESIAN_POINT('',(8.945366975917,36.48581764974,1.1));
#9048 = VECTOR('',#9049,1.);
#9049 = DIRECTION('',(0.,0.,1.));
#9050 = ADVANCED_FACE('',(#9051),#9076,.T.);
#9051 = FACE_BOUND('',#9052,.T.);
#9052 = EDGE_LOOP('',(#9053,#9061,#9069,#9075));
#9053 = ORIENTED_EDGE('',*,*,#9054,.T.);
#9054 = EDGE_CURVE('',#2383,#9055,#9057,.T.);
#9055 = VERTEX_POINT('',#9056);
#9056 = CARTESIAN_POINT('',(12.934426969652,36.272356245393,0.8));
#9057 = LINE('',#9058,#9059);
#9058 = CARTESIAN_POINT('',(12.934426969652,36.272356245393,1.1));
#9059 = VECTOR('',#9060,1.);
#9060 = DIRECTION('',(-0.,-0.,-1.));
#9061 = ORIENTED_EDGE('',*,*,#9062,.T.);
#9062 = EDGE_CURVE('',#9055,#9063,#9065,.T.);
#9063 = VERTEX_POINT('',#9064);
#9064 = CARTESIAN_POINT('',(12.934426969652,37.657187106094,0.8));
#9065 = LINE('',#9066,#9067);
#9066 = CARTESIAN_POINT('',(12.934426969652,36.272356245393,0.8));
#9067 = VECTOR('',#9068,1.);
#9068 = DIRECTION('',(1.2E-16,1.,0.));
#9069 = ORIENTED_EDGE('',*,*,#9070,.F.);
#9070 = EDGE_CURVE('',#2385,#9063,#9071,.T.);
#9071 = LINE('',#9072,#9073);
#9072 = CARTESIAN_POINT('',(12.934426969652,37.657187106094,1.1));
#9073 = VECTOR('',#9074,1.);
#9074 = DIRECTION('',(-0.,-0.,-1.));
#9075 = ORIENTED_EDGE('',*,*,#2382,.F.);
#9076 = PLANE('',#9077);
#9077 = AXIS2_PLACEMENT_3D('',#9078,#9079,#9080);
#9078 = CARTESIAN_POINT('',(12.934426969652,36.272356245393,1.1));
#9079 = DIRECTION('',(1.,-1.2E-16,0.));
#9080 = DIRECTION('',(1.2E-16,1.,0.));
#9081 = ADVANCED_FACE('',(#9082),#9100,.T.);
#9082 = FACE_BOUND('',#9083,.T.);
#9083 = EDGE_LOOP('',(#9084,#9092,#9098,#9099));
#9084 = ORIENTED_EDGE('',*,*,#9085,.T.);
#9085 = EDGE_CURVE('',#2457,#9086,#9088,.T.);
#9086 = VERTEX_POINT('',#9087);
#9087 = CARTESIAN_POINT('',(12.048562141612,36.272356245393,0.8));
#9088 = LINE('',#9089,#9090);
#9089 = CARTESIAN_POINT('',(12.048562141612,36.272356245393,1.1));
#9090 = VECTOR('',#9091,1.);
#9091 = DIRECTION('',(-0.,-0.,-1.));
#9092 = ORIENTED_EDGE('',*,*,#9093,.T.);
#9093 = EDGE_CURVE('',#9086,#9055,#9094,.T.);
#9094 = LINE('',#9095,#9096);
#9095 = CARTESIAN_POINT('',(12.048562141612,36.272356245393,0.8));
#9096 = VECTOR('',#9097,1.);
#9097 = DIRECTION('',(1.,-1.2E-16,0.));
#9098 = ORIENTED_EDGE('',*,*,#9054,.F.);
#9099 = ORIENTED_EDGE('',*,*,#2464,.F.);
#9100 = PLANE('',#9101);
#9101 = AXIS2_PLACEMENT_3D('',#9102,#9103,#9104);
#9102 = CARTESIAN_POINT('',(12.048562141612,36.272356245393,1.1));
#9103 = DIRECTION('',(-1.2E-16,-1.,0.));
#9104 = DIRECTION('',(1.,-1.2E-16,0.));
#9105 = ADVANCED_FACE('',(#9106),#9124,.T.);
#9106 = FACE_BOUND('',#9107,.T.);
#9107 = EDGE_LOOP('',(#9108,#9109,#9117,#9123));
#9108 = ORIENTED_EDGE('',*,*,#9070,.T.);
#9109 = ORIENTED_EDGE('',*,*,#9110,.T.);
#9110 = EDGE_CURVE('',#9063,#9111,#9113,.T.);
#9111 = VERTEX_POINT('',#9112);
#9112 = CARTESIAN_POINT('',(13.131878768673,37.878653313104,0.8));
#9113 = B_SPLINE_CURVE_WITH_KNOTS('',2,(#9114,#9115,#9116),
  .UNSPECIFIED.,.F.,.F.,(3,3),(0.,1.),.PIECEWISE_BEZIER_KNOTS.);
#9114 = CARTESIAN_POINT('',(12.934426969652,37.657187106094,0.8));
#9115 = CARTESIAN_POINT('',(12.934426969652,37.878653313104,0.8));
#9116 = CARTESIAN_POINT('',(13.131878768673,37.878653313104,0.8));
#9117 = ORIENTED_EDGE('',*,*,#9118,.F.);
#9118 = EDGE_CURVE('',#2393,#9111,#9119,.T.);
#9119 = LINE('',#9120,#9121);
#9120 = CARTESIAN_POINT('',(13.131878768673,37.878653313104,1.1));
#9121 = VECTOR('',#9122,1.);
#9122 = DIRECTION('',(-0.,-0.,-1.));
#9123 = ORIENTED_EDGE('',*,*,#2392,.F.);
#9124 = SURFACE_OF_LINEAR_EXTRUSION('',#9125,#9129);
#9125 = B_SPLINE_CURVE_WITH_KNOTS('',2,(#9126,#9127,#9128),
  .UNSPECIFIED.,.F.,.F.,(3,3),(0.,1.),.PIECEWISE_BEZIER_KNOTS.);
#9126 = CARTESIAN_POINT('',(12.934426969652,37.657187106094,1.1));
#9127 = CARTESIAN_POINT('',(12.934426969652,37.878653313104,1.1));
#9128 = CARTESIAN_POINT('',(13.131878768673,37.878653313104,1.1));
#9129 = VECTOR('',#9130,1.);
#9130 = DIRECTION('',(0.,0.,1.));
#9131 = ADVANCED_FACE('',(#9132),#9150,.T.);
#9132 = FACE_BOUND('',#9133,.T.);
#9133 = EDGE_LOOP('',(#9134,#9142,#9148,#9149));
#9134 = ORIENTED_EDGE('',*,*,#9135,.T.);
#9135 = EDGE_CURVE('',#2449,#9136,#9138,.T.);
#9136 = VERTEX_POINT('',#9137);
#9137 = CARTESIAN_POINT('',(11.13067810292,35.757380607406,0.8));
#9138 = LINE('',#9139,#9140);
#9139 = CARTESIAN_POINT('',(11.13067810292,35.757380607406,1.1));
#9140 = VECTOR('',#9141,1.);
#9141 = DIRECTION('',(-0.,-0.,-1.));
#9142 = ORIENTED_EDGE('',*,*,#9143,.T.);
#9143 = EDGE_CURVE('',#9136,#9086,#9144,.T.);
#9144 = B_SPLINE_CURVE_WITH_KNOTS('',2,(#9145,#9146,#9147),
  .UNSPECIFIED.,.F.,.F.,(3,3),(0.,1.),.PIECEWISE_BEZIER_KNOTS.);
#9145 = CARTESIAN_POINT('',(11.13067810292,35.757380607406,0.8));
#9146 = CARTESIAN_POINT('',(11.517576898299,36.272356245393,0.8));
#9147 = CARTESIAN_POINT('',(12.048562141612,36.272356245393,0.8));
#9148 = ORIENTED_EDGE('',*,*,#9085,.F.);
#9149 = ORIENTED_EDGE('',*,*,#2456,.F.);
#9150 = SURFACE_OF_LINEAR_EXTRUSION('',#9151,#9155);
#9151 = B_SPLINE_CURVE_WITH_KNOTS('',2,(#9152,#9153,#9154),
  .UNSPECIFIED.,.F.,.F.,(3,3),(0.,1.),.PIECEWISE_BEZIER_KNOTS.);
#9152 = CARTESIAN_POINT('',(11.13067810292,35.757380607406,1.1));
#9153 = CARTESIAN_POINT('',(11.517576898299,36.272356245393,1.1));
#9154 = CARTESIAN_POINT('',(12.048562141612,36.272356245393,1.1));
#9155 = VECTOR('',#9156,1.);
#9156 = DIRECTION('',(0.,0.,1.));
#9157 = ADVANCED_FACE('',(#9158),#9176,.T.);
#9158 = FACE_BOUND('',#9159,.T.);
#9159 = EDGE_LOOP('',(#9160,#9161,#9169,#9175));
#9160 = ORIENTED_EDGE('',*,*,#9118,.T.);
#9161 = ORIENTED_EDGE('',*,*,#9162,.T.);
#9162 = EDGE_CURVE('',#9111,#9163,#9165,.T.);
#9163 = VERTEX_POINT('',#9164);
#9164 = CARTESIAN_POINT('',(13.329330567694,37.651850570985,0.8));
#9165 = B_SPLINE_CURVE_WITH_KNOTS('',2,(#9166,#9167,#9168),
  .UNSPECIFIED.,.F.,.F.,(3,3),(0.,1.),.PIECEWISE_BEZIER_KNOTS.);
#9166 = CARTESIAN_POINT('',(13.131878768673,37.878653313104,0.8));
#9167 = CARTESIAN_POINT('',(13.329330567694,37.878653313104,0.8));
#9168 = CARTESIAN_POINT('',(13.329330567694,37.651850570985,0.8));
#9169 = ORIENTED_EDGE('',*,*,#9170,.F.);
#9170 = EDGE_CURVE('',#2401,#9163,#9171,.T.);
#9171 = LINE('',#9172,#9173);
#9172 = CARTESIAN_POINT('',(13.329330567694,37.651850570985,1.1));
#9173 = VECTOR('',#9174,1.);
#9174 = DIRECTION('',(-0.,-0.,-1.));
#9175 = ORIENTED_EDGE('',*,*,#2400,.F.);
#9176 = SURFACE_OF_LINEAR_EXTRUSION('',#9177,#9181);
#9177 = B_SPLINE_CURVE_WITH_KNOTS('',2,(#9178,#9179,#9180),
  .UNSPECIFIED.,.F.,.F.,(3,3),(0.,1.),.PIECEWISE_BEZIER_KNOTS.);
#9178 = CARTESIAN_POINT('',(13.131878768673,37.878653313104,1.1));
#9179 = CARTESIAN_POINT('',(13.329330567694,37.878653313104,1.1));
#9180 = CARTESIAN_POINT('',(13.329330567694,37.651850570985,1.1));
#9181 = VECTOR('',#9182,1.);
#9182 = DIRECTION('',(0.,0.,1.));
#9183 = ADVANCED_FACE('',(#9184),#9202,.T.);
#9184 = FACE_BOUND('',#9185,.T.);
#9185 = EDGE_LOOP('',(#9186,#9194,#9200,#9201));
#9186 = ORIENTED_EDGE('',*,*,#9187,.T.);
#9187 = EDGE_CURVE('',#2441,#9188,#9190,.T.);
#9188 = VERTEX_POINT('',#9189);
#9189 = CARTESIAN_POINT('',(10.922553233682,34.994256086865,0.8));
#9190 = LINE('',#9191,#9192);
#9191 = CARTESIAN_POINT('',(10.922553233682,34.994256086865,1.1));
#9192 = VECTOR('',#9193,1.);
#9193 = DIRECTION('',(-0.,-0.,-1.));
#9194 = ORIENTED_EDGE('',*,*,#9195,.T.);
#9195 = EDGE_CURVE('',#9188,#9136,#9196,.T.);
#9196 = B_SPLINE_CURVE_WITH_KNOTS('',2,(#9197,#9198,#9199),
  .UNSPECIFIED.,.F.,.F.,(3,3),(0.,1.),.PIECEWISE_BEZIER_KNOTS.);
#9197 = CARTESIAN_POINT('',(10.922553233682,34.994256086865,0.8));
#9198 = CARTESIAN_POINT('',(10.922553233682,35.479880781754,0.8));
#9199 = CARTESIAN_POINT('',(11.13067810292,35.757380607406,0.8));
#9200 = ORIENTED_EDGE('',*,*,#9135,.F.);
#9201 = ORIENTED_EDGE('',*,*,#2448,.F.);
#9202 = SURFACE_OF_LINEAR_EXTRUSION('',#9203,#9207);
#9203 = B_SPLINE_CURVE_WITH_KNOTS('',2,(#9204,#9205,#9206),
  .UNSPECIFIED.,.F.,.F.,(3,3),(0.,1.),.PIECEWISE_BEZIER_KNOTS.);
#9204 = CARTESIAN_POINT('',(10.922553233682,34.994256086865,1.1));
#9205 = CARTESIAN_POINT('',(10.922553233682,35.479880781754,1.1));
#9206 = CARTESIAN_POINT('',(11.13067810292,35.757380607406,1.1));
#9207 = VECTOR('',#9208,1.);
#9208 = DIRECTION('',(0.,0.,1.));
#9209 = ADVANCED_FACE('',(#9210),#9228,.T.);
#9210 = FACE_BOUND('',#9211,.T.);
#9211 = EDGE_LOOP('',(#9212,#9213,#9221,#9227));
#9212 = ORIENTED_EDGE('',*,*,#9170,.T.);
#9213 = ORIENTED_EDGE('',*,*,#9214,.T.);
#9214 = EDGE_CURVE('',#9163,#9215,#9217,.T.);
#9215 = VERTEX_POINT('',#9216);
#9216 = CARTESIAN_POINT('',(13.329330567694,34.073703780618,0.8));
#9217 = LINE('',#9218,#9219);
#9218 = CARTESIAN_POINT('',(13.329330567694,37.651850570985,0.8));
#9219 = VECTOR('',#9220,1.);
#9220 = DIRECTION('',(-1.2E-16,-1.,0.));
#9221 = ORIENTED_EDGE('',*,*,#9222,.F.);
#9222 = EDGE_CURVE('',#2409,#9215,#9223,.T.);
#9223 = LINE('',#9224,#9225);
#9224 = CARTESIAN_POINT('',(13.329330567694,34.073703780618,1.1));
#9225 = VECTOR('',#9226,1.);
#9226 = DIRECTION('',(-0.,-0.,-1.));
#9227 = ORIENTED_EDGE('',*,*,#2408,.F.);
#9228 = PLANE('',#9229);
#9229 = AXIS2_PLACEMENT_3D('',#9230,#9231,#9232);
#9230 = CARTESIAN_POINT('',(13.329330567694,37.651850570985,1.1));
#9231 = DIRECTION('',(-1.,1.2E-16,0.));
#9232 = DIRECTION('',(-1.2E-16,-1.,0.));
#9233 = ADVANCED_FACE('',(#9234),#9252,.T.);
#9234 = FACE_BOUND('',#9235,.T.);
#9235 = EDGE_LOOP('',(#9236,#9244,#9250,#9251));
#9236 = ORIENTED_EDGE('',*,*,#9237,.T.);
#9237 = EDGE_CURVE('',#2433,#9238,#9240,.T.);
#9238 = VERTEX_POINT('',#9239);
#9239 = CARTESIAN_POINT('',(11.221399199768,34.263150776976,0.8));
#9240 = LINE('',#9241,#9242);
#9241 = CARTESIAN_POINT('',(11.221399199768,34.263150776976,1.1));
#9242 = VECTOR('',#9243,1.);
#9243 = DIRECTION('',(-0.,-0.,-1.));
#9244 = ORIENTED_EDGE('',*,*,#9245,.T.);
#9245 = EDGE_CURVE('',#9238,#9188,#9246,.T.);
#9246 = B_SPLINE_CURVE_WITH_KNOTS('',2,(#9247,#9248,#9249),
  .UNSPECIFIED.,.F.,.F.,(3,3),(0.,1.),.PIECEWISE_BEZIER_KNOTS.);
#9247 = CARTESIAN_POINT('',(11.221399199768,34.263150776976,0.8));
#9248 = CARTESIAN_POINT('',(10.922553233682,34.596684221269,0.8));
#9249 = CARTESIAN_POINT('',(10.922553233682,34.994256086865,0.8));
#9250 = ORIENTED_EDGE('',*,*,#9187,.F.);
#9251 = ORIENTED_EDGE('',*,*,#2440,.F.);
#9252 = SURFACE_OF_LINEAR_EXTRUSION('',#9253,#9257);
#9253 = B_SPLINE_CURVE_WITH_KNOTS('',2,(#9254,#9255,#9256),
  .UNSPECIFIED.,.F.,.F.,(3,3),(0.,1.),.PIECEWISE_BEZIER_KNOTS.);
#9254 = CARTESIAN_POINT('',(11.221399199768,34.263150776976,1.1));
#9255 = CARTESIAN_POINT('',(10.922553233682,34.596684221269,1.1));
#9256 = CARTESIAN_POINT('',(10.922553233682,34.994256086865,1.1));
#9257 = VECTOR('',#9258,1.);
#9258 = DIRECTION('',(0.,0.,1.));
#9259 = ADVANCED_FACE('',(#9260),#9278,.T.);
#9260 = FACE_BOUND('',#9261,.T.);
#9261 = EDGE_LOOP('',(#9262,#9263,#9271,#9277));
#9262 = ORIENTED_EDGE('',*,*,#9222,.T.);
#9263 = ORIENTED_EDGE('',*,*,#9264,.T.);
#9264 = EDGE_CURVE('',#9215,#9265,#9267,.T.);
#9265 = VERTEX_POINT('',#9266);
#9266 = CARTESIAN_POINT('',(13.110532628239,33.862910643826,0.8));
#9267 = B_SPLINE_CURVE_WITH_KNOTS('',2,(#9268,#9269,#9270),
  .UNSPECIFIED.,.F.,.F.,(3,3),(0.,1.),.PIECEWISE_BEZIER_KNOTS.);
#9268 = CARTESIAN_POINT('',(13.329330567694,34.073703780618,0.8));
#9269 = CARTESIAN_POINT('',(13.329330567694,33.862910643826,0.8));
#9270 = CARTESIAN_POINT('',(13.110532628239,33.862910643826,0.8));
#9271 = ORIENTED_EDGE('',*,*,#9272,.F.);
#9272 = EDGE_CURVE('',#2417,#9265,#9273,.T.);
#9273 = LINE('',#9274,#9275);
#9274 = CARTESIAN_POINT('',(13.110532628239,33.862910643826,1.1));
#9275 = VECTOR('',#9276,1.);
#9276 = DIRECTION('',(-0.,-0.,-1.));
#9277 = ORIENTED_EDGE('',*,*,#2416,.F.);
#9278 = SURFACE_OF_LINEAR_EXTRUSION('',#9279,#9283);
#9279 = B_SPLINE_CURVE_WITH_KNOTS('',2,(#9280,#9281,#9282),
  .UNSPECIFIED.,.F.,.F.,(3,3),(0.,1.),.PIECEWISE_BEZIER_KNOTS.);
#9280 = CARTESIAN_POINT('',(13.329330567694,34.073703780618,1.1));
#9281 = CARTESIAN_POINT('',(13.329330567694,33.862910643826,1.1));
#9282 = CARTESIAN_POINT('',(13.110532628239,33.862910643826,1.1));
#9283 = VECTOR('',#9284,1.);
#9284 = DIRECTION('',(0.,0.,1.));
#9285 = ADVANCED_FACE('',(#9286),#9304,.T.);
#9286 = FACE_BOUND('',#9287,.T.);
#9287 = EDGE_LOOP('',(#9288,#9296,#9302,#9303));
#9288 = ORIENTED_EDGE('',*,*,#9289,.T.);
#9289 = EDGE_CURVE('',#2425,#9290,#9292,.T.);
#9290 = VERTEX_POINT('',#9291);
#9291 = CARTESIAN_POINT('',(12.07791308471,33.862910643826,0.8));
#9292 = LINE('',#9293,#9294);
#9293 = CARTESIAN_POINT('',(12.07791308471,33.862910643826,1.1));
#9294 = VECTOR('',#9295,1.);
#9295 = DIRECTION('',(-0.,-0.,-1.));
#9296 = ORIENTED_EDGE('',*,*,#9297,.T.);
#9297 = EDGE_CURVE('',#9290,#9238,#9298,.T.);
#9298 = B_SPLINE_CURVE_WITH_KNOTS('',2,(#9299,#9300,#9301),
  .UNSPECIFIED.,.F.,.F.,(3,3),(0.,1.),.PIECEWISE_BEZIER_KNOTS.);
#9299 = CARTESIAN_POINT('',(12.07791308471,33.862910643826,0.8));
#9300 = CARTESIAN_POINT('',(11.578947052049,33.862910643826,0.8));
#9301 = CARTESIAN_POINT('',(11.221399199768,34.263150776976,0.8));
#9302 = ORIENTED_EDGE('',*,*,#9237,.F.);
#9303 = ORIENTED_EDGE('',*,*,#2432,.F.);
#9304 = SURFACE_OF_LINEAR_EXTRUSION('',#9305,#9309);
#9305 = B_SPLINE_CURVE_WITH_KNOTS('',2,(#9306,#9307,#9308),
  .UNSPECIFIED.,.F.,.F.,(3,3),(0.,1.),.PIECEWISE_BEZIER_KNOTS.);
#9306 = CARTESIAN_POINT('',(12.07791308471,33.862910643826,1.1));
#9307 = CARTESIAN_POINT('',(11.578947052049,33.862910643826,1.1));
#9308 = CARTESIAN_POINT('',(11.221399199768,34.263150776976,1.1));
#9309 = VECTOR('',#9310,1.);
#9310 = DIRECTION('',(0.,0.,1.));
#9311 = ADVANCED_FACE('',(#9312),#9323,.T.);
#9312 = FACE_BOUND('',#9313,.T.);
#9313 = EDGE_LOOP('',(#9314,#9315,#9321,#9322));
#9314 = ORIENTED_EDGE('',*,*,#9272,.T.);
#9315 = ORIENTED_EDGE('',*,*,#9316,.T.);
#9316 = EDGE_CURVE('',#9265,#9290,#9317,.T.);
#9317 = LINE('',#9318,#9319);
#9318 = CARTESIAN_POINT('',(13.110532628239,33.862910643826,0.8));
#9319 = VECTOR('',#9320,1.);
#9320 = DIRECTION('',(-1.,1.2E-16,0.));
#9321 = ORIENTED_EDGE('',*,*,#9289,.F.);
#9322 = ORIENTED_EDGE('',*,*,#2424,.F.);
#9323 = PLANE('',#9324);
#9324 = AXIS2_PLACEMENT_3D('',#9325,#9326,#9327);
#9325 = CARTESIAN_POINT('',(13.110532628239,33.862910643826,1.1));
#9326 = DIRECTION('',(1.2E-16,1.,0.));
#9327 = DIRECTION('',(-1.,1.2E-16,0.));
#9328 = ADVANCED_FACE('',(#9329),#9354,.T.);
#9329 = FACE_BOUND('',#9330,.T.);
#9330 = EDGE_LOOP('',(#9331,#9339,#9347,#9353));
#9331 = ORIENTED_EDGE('',*,*,#9332,.T.);
#9332 = EDGE_CURVE('',#2473,#9333,#9335,.T.);
#9333 = VERTEX_POINT('',#9334);
#9334 = CARTESIAN_POINT('',(14.244546338832,36.069567911263,0.8));
#9335 = LINE('',#9336,#9337);
#9336 = CARTESIAN_POINT('',(14.244546338832,36.069567911263,1.1));
#9337 = VECTOR('',#9338,1.);
#9338 = DIRECTION('',(-0.,-0.,-1.));
#9339 = ORIENTED_EDGE('',*,*,#9340,.T.);
#9340 = EDGE_CURVE('',#9333,#9341,#9343,.T.);
#9341 = VERTEX_POINT('',#9342);
#9342 = CARTESIAN_POINT('',(14.076445482909,36.66459157588,0.8));
#9343 = B_SPLINE_CURVE_WITH_KNOTS('',2,(#9344,#9345,#9346),
  .UNSPECIFIED.,.F.,.F.,(3,3),(0.,1.),.PIECEWISE_BEZIER_KNOTS.);
#9344 = CARTESIAN_POINT('',(14.244546338832,36.069567911263,0.8));
#9345 = CARTESIAN_POINT('',(14.076445482909,36.339062934251,0.8));
#9346 = CARTESIAN_POINT('',(14.076445482909,36.66459157588,0.8));
#9347 = ORIENTED_EDGE('',*,*,#9348,.F.);
#9348 = EDGE_CURVE('',#2475,#9341,#9349,.T.);
#9349 = LINE('',#9350,#9351);
#9350 = CARTESIAN_POINT('',(14.076445482909,36.66459157588,1.1));
#9351 = VECTOR('',#9352,1.);
#9352 = DIRECTION('',(-0.,-0.,-1.));
#9353 = ORIENTED_EDGE('',*,*,#2472,.F.);
#9354 = SURFACE_OF_LINEAR_EXTRUSION('',#9355,#9359);
#9355 = B_SPLINE_CURVE_WITH_KNOTS('',2,(#9356,#9357,#9358),
  .UNSPECIFIED.,.F.,.F.,(3,3),(0.,1.),.PIECEWISE_BEZIER_KNOTS.);
#9356 = CARTESIAN_POINT('',(14.244546338832,36.069567911263,1.1));
#9357 = CARTESIAN_POINT('',(14.076445482909,36.339062934251,1.1));
#9358 = CARTESIAN_POINT('',(14.076445482909,36.66459157588,1.1));
#9359 = VECTOR('',#9360,1.);
#9360 = DIRECTION('',(0.,0.,1.));
#9361 = ADVANCED_FACE('',(#9362),#9380,.T.);
#9362 = FACE_BOUND('',#9363,.T.);
#9363 = EDGE_LOOP('',(#9364,#9372,#9378,#9379));
#9364 = ORIENTED_EDGE('',*,*,#9365,.T.);
#9365 = EDGE_CURVE('',#2555,#9366,#9368,.T.);
#9366 = VERTEX_POINT('',#9367);
#9367 = CARTESIAN_POINT('',(14.658127809755,35.655986440341,0.8));
#9368 = LINE('',#9369,#9370);
#9369 = CARTESIAN_POINT('',(14.658127809755,35.655986440341,1.1));
#9370 = VECTOR('',#9371,1.);
#9371 = DIRECTION('',(-0.,-0.,-1.));
#9372 = ORIENTED_EDGE('',*,*,#9373,.T.);
#9373 = EDGE_CURVE('',#9366,#9333,#9374,.T.);
#9374 = B_SPLINE_CURVE_WITH_KNOTS('',2,(#9375,#9376,#9377),
  .UNSPECIFIED.,.F.,.F.,(3,3),(0.,1.),.PIECEWISE_BEZIER_KNOTS.);
#9375 = CARTESIAN_POINT('',(14.658127809755,35.655986440341,0.8));
#9376 = CARTESIAN_POINT('',(14.409978927201,35.800072888275,0.8));
#9377 = CARTESIAN_POINT('',(14.244546338832,36.069567911263,0.8));
#9378 = ORIENTED_EDGE('',*,*,#9332,.F.);
#9379 = ORIENTED_EDGE('',*,*,#2562,.F.);
#9380 = SURFACE_OF_LINEAR_EXTRUSION('',#9381,#9385);
#9381 = B_SPLINE_CURVE_WITH_KNOTS('',2,(#9382,#9383,#9384),
  .UNSPECIFIED.,.F.,.F.,(3,3),(0.,1.),.PIECEWISE_BEZIER_KNOTS.);
#9382 = CARTESIAN_POINT('',(14.658127809755,35.655986440341,1.1));
#9383 = CARTESIAN_POINT('',(14.409978927201,35.800072888275,1.1));
#9384 = CARTESIAN_POINT('',(14.244546338832,36.069567911263,1.1));
#9385 = VECTOR('',#9386,1.);
#9386 = DIRECTION('',(0.,0.,1.));
#9387 = ADVANCED_FACE('',(#9388),#9406,.T.);
#9388 = FACE_BOUND('',#9389,.T.);
#9389 = EDGE_LOOP('',(#9390,#9391,#9399,#9405));
#9390 = ORIENTED_EDGE('',*,*,#9348,.T.);
#9391 = ORIENTED_EDGE('',*,*,#9392,.T.);
#9392 = EDGE_CURVE('',#9341,#9393,#9395,.T.);
#9393 = VERTEX_POINT('',#9394);
#9394 = CARTESIAN_POINT('',(14.450002940516,37.571802544355,0.8));
#9395 = B_SPLINE_CURVE_WITH_KNOTS('',2,(#9396,#9397,#9398),
  .UNSPECIFIED.,.F.,.F.,(3,3),(0.,1.),.PIECEWISE_BEZIER_KNOTS.);
#9396 = CARTESIAN_POINT('',(14.076445482909,36.66459157588,0.8));
#9397 = CARTESIAN_POINT('',(14.076445482909,37.251610437835,0.8));
#9398 = CARTESIAN_POINT('',(14.450002940516,37.571802544355,0.8));
#9399 = ORIENTED_EDGE('',*,*,#9400,.F.);
#9400 = EDGE_CURVE('',#2483,#9393,#9401,.T.);
#9401 = LINE('',#9402,#9403);
#9402 = CARTESIAN_POINT('',(14.450002940516,37.571802544355,1.1));
#9403 = VECTOR('',#9404,1.);
#9404 = DIRECTION('',(-0.,-0.,-1.));
#9405 = ORIENTED_EDGE('',*,*,#2482,.F.);
#9406 = SURFACE_OF_LINEAR_EXTRUSION('',#9407,#9411);
#9407 = B_SPLINE_CURVE_WITH_KNOTS('',2,(#9408,#9409,#9410),
  .UNSPECIFIED.,.F.,.F.,(3,3),(0.,1.),.PIECEWISE_BEZIER_KNOTS.);
#9408 = CARTESIAN_POINT('',(14.076445482909,36.66459157588,1.1));
#9409 = CARTESIAN_POINT('',(14.076445482909,37.251610437835,1.1));
#9410 = CARTESIAN_POINT('',(14.450002940516,37.571802544355,1.1));
#9411 = VECTOR('',#9412,1.);
#9412 = DIRECTION('',(0.,0.,1.));
#9413 = ADVANCED_FACE('',(#9414),#9432,.T.);
#9414 = FACE_BOUND('',#9415,.T.);
#9415 = EDGE_LOOP('',(#9416,#9424,#9430,#9431));
#9416 = ORIENTED_EDGE('',*,*,#9417,.T.);
#9417 = EDGE_CURVE('',#2547,#9418,#9420,.T.);
#9418 = VERTEX_POINT('',#9419);
#9419 = CARTESIAN_POINT('',(14.284570352147,34.871515779365,0.8));
#9420 = LINE('',#9421,#9422);
#9421 = CARTESIAN_POINT('',(14.284570352147,34.871515779365,1.1));
#9422 = VECTOR('',#9423,1.);
#9423 = DIRECTION('',(-0.,-0.,-1.));
#9424 = ORIENTED_EDGE('',*,*,#9425,.T.);
#9425 = EDGE_CURVE('',#9418,#9366,#9426,.T.);
#9426 = B_SPLINE_CURVE_WITH_KNOTS('',2,(#9427,#9428,#9429),
  .UNSPECIFIED.,.F.,.F.,(3,3),(0.,1.),.PIECEWISE_BEZIER_KNOTS.);
#9427 = CARTESIAN_POINT('',(14.284570352147,34.871515779365,0.8));
#9428 = CARTESIAN_POINT('',(14.284570352147,35.362477009364,0.8));
#9429 = CARTESIAN_POINT('',(14.658127809755,35.655986440341,0.8));
#9430 = ORIENTED_EDGE('',*,*,#9365,.F.);
#9431 = ORIENTED_EDGE('',*,*,#2554,.F.);
#9432 = SURFACE_OF_LINEAR_EXTRUSION('',#9433,#9437);
#9433 = B_SPLINE_CURVE_WITH_KNOTS('',2,(#9434,#9435,#9436),
  .UNSPECIFIED.,.F.,.F.,(3,3),(0.,1.),.PIECEWISE_BEZIER_KNOTS.);
#9434 = CARTESIAN_POINT('',(14.284570352147,34.871515779365,1.1));
#9435 = CARTESIAN_POINT('',(14.284570352147,35.362477009364,1.1));
#9436 = CARTESIAN_POINT('',(14.658127809755,35.655986440341,1.1));
#9437 = VECTOR('',#9438,1.);
#9438 = DIRECTION('',(0.,0.,1.));
#9439 = ADVANCED_FACE('',(#9440),#9458,.T.);
#9440 = FACE_BOUND('',#9441,.T.);
#9441 = EDGE_LOOP('',(#9442,#9443,#9451,#9457));
#9442 = ORIENTED_EDGE('',*,*,#9400,.T.);
#9443 = ORIENTED_EDGE('',*,*,#9444,.T.);
#9444 = EDGE_CURVE('',#9393,#9445,#9447,.T.);
#9445 = VERTEX_POINT('',#9446);
#9446 = CARTESIAN_POINT('',(15.151757307307,37.891994650876,0.8));
#9447 = B_SPLINE_CURVE_WITH_KNOTS('',2,(#9448,#9449,#9450),
  .UNSPECIFIED.,.F.,.F.,(3,3),(0.,1.),.PIECEWISE_BEZIER_KNOTS.);
#9448 = CARTESIAN_POINT('',(14.450002940516,37.571802544355,0.8));
#9449 = CARTESIAN_POINT('',(14.820892130569,37.891994650876,0.8));
#9450 = CARTESIAN_POINT('',(15.151757307307,37.891994650876,0.8));
#9451 = ORIENTED_EDGE('',*,*,#9452,.F.);
#9452 = EDGE_CURVE('',#2491,#9445,#9453,.T.);
#9453 = LINE('',#9454,#9455);
#9454 = CARTESIAN_POINT('',(15.151757307307,37.891994650876,1.1));
#9455 = VECTOR('',#9456,1.);
#9456 = DIRECTION('',(-0.,-0.,-1.));
#9457 = ORIENTED_EDGE('',*,*,#2490,.F.);
#9458 = SURFACE_OF_LINEAR_EXTRUSION('',#9459,#9463);
#9459 = B_SPLINE_CURVE_WITH_KNOTS('',2,(#9460,#9461,#9462),
  .UNSPECIFIED.,.F.,.F.,(3,3),(0.,1.),.PIECEWISE_BEZIER_KNOTS.);
#9460 = CARTESIAN_POINT('',(14.450002940516,37.571802544355,1.1));
#9461 = CARTESIAN_POINT('',(14.820892130569,37.891994650876,1.1));
#9462 = CARTESIAN_POINT('',(15.151757307307,37.891994650876,1.1));
#9463 = VECTOR('',#9464,1.);
#9464 = DIRECTION('',(0.,0.,1.));
#9465 = ADVANCED_FACE('',(#9466),#9484,.T.);
#9466 = FACE_BOUND('',#9467,.T.);
#9467 = EDGE_LOOP('',(#9468,#9476,#9482,#9483));
#9468 = ORIENTED_EDGE('',*,*,#9469,.T.);
#9469 = EDGE_CURVE('',#2539,#9470,#9472,.T.);
#9470 = VERTEX_POINT('',#9471);
#9471 = CARTESIAN_POINT('',(14.690147020407,34.065698977955,0.8));
#9472 = LINE('',#9473,#9474);
#9473 = CARTESIAN_POINT('',(14.690147020407,34.065698977955,1.1));
#9474 = VECTOR('',#9475,1.);
#9475 = DIRECTION('',(-0.,-0.,-1.));
#9476 = ORIENTED_EDGE('',*,*,#9477,.T.);
#9477 = EDGE_CURVE('',#9470,#9418,#9478,.T.);
#9478 = B_SPLINE_CURVE_WITH_KNOTS('',2,(#9479,#9480,#9481),
  .UNSPECIFIED.,.F.,.F.,(3,3),(0.,1.),.PIECEWISE_BEZIER_KNOTS.);
#9479 = CARTESIAN_POINT('',(14.690147020407,34.065698977955,0.8));
#9480 = CARTESIAN_POINT('',(14.284570352147,34.420578562682,0.8));
#9481 = CARTESIAN_POINT('',(14.284570352147,34.871515779365,0.8));
#9482 = ORIENTED_EDGE('',*,*,#9417,.F.);
#9483 = ORIENTED_EDGE('',*,*,#2546,.F.);
#9484 = SURFACE_OF_LINEAR_EXTRUSION('',#9485,#9489);
#9485 = B_SPLINE_CURVE_WITH_KNOTS('',2,(#9486,#9487,#9488),
  .UNSPECIFIED.,.F.,.F.,(3,3),(0.,1.),.PIECEWISE_BEZIER_KNOTS.);
#9486 = CARTESIAN_POINT('',(14.690147020407,34.065698977955,1.1));
#9487 = CARTESIAN_POINT('',(14.284570352147,34.420578562682,1.1));
#9488 = CARTESIAN_POINT('',(14.284570352147,34.871515779365,1.1));
#9489 = VECTOR('',#9490,1.);
#9490 = DIRECTION('',(0.,0.,1.));
#9491 = ADVANCED_FACE('',(#9492),#9510,.T.);
#9492 = FACE_BOUND('',#9493,.T.);
#9493 = EDGE_LOOP('',(#9494,#9495,#9503,#9509));
#9494 = ORIENTED_EDGE('',*,*,#9452,.T.);
#9495 = ORIENTED_EDGE('',*,*,#9496,.T.);
#9496 = EDGE_CURVE('',#9445,#9497,#9499,.T.);
#9497 = VERTEX_POINT('',#9498);
#9498 = CARTESIAN_POINT('',(16.323126763661,37.891994650876,0.8));
#9499 = LINE('',#9500,#9501);
#9500 = CARTESIAN_POINT('',(15.151757307307,37.891994650876,0.8));
#9501 = VECTOR('',#9502,1.);
#9502 = DIRECTION('',(1.,-1.2E-16,0.));
#9503 = ORIENTED_EDGE('',*,*,#9504,.F.);
#9504 = EDGE_CURVE('',#2499,#9497,#9505,.T.);
#9505 = LINE('',#9506,#9507);
#9506 = CARTESIAN_POINT('',(16.323126763661,37.891994650876,1.1));
#9507 = VECTOR('',#9508,1.);
#9508 = DIRECTION('',(-0.,-0.,-1.));
#9509 = ORIENTED_EDGE('',*,*,#2498,.F.);
#9510 = PLANE('',#9511);
#9511 = AXIS2_PLACEMENT_3D('',#9512,#9513,#9514);
#9512 = CARTESIAN_POINT('',(15.151757307307,37.891994650876,1.1));
#9513 = DIRECTION('',(-1.2E-16,-1.,0.));
#9514 = DIRECTION('',(1.,-1.2E-16,0.));
#9515 = ADVANCED_FACE('',(#9516),#9534,.T.);
#9516 = FACE_BOUND('',#9517,.T.);
#9517 = EDGE_LOOP('',(#9518,#9526,#9532,#9533));
#9518 = ORIENTED_EDGE('',*,*,#9519,.T.);
#9519 = EDGE_CURVE('',#2531,#9520,#9522,.T.);
#9520 = VERTEX_POINT('',#9521);
#9521 = CARTESIAN_POINT('',(15.429257132958,33.862910643826,0.8));
#9522 = LINE('',#9523,#9524);
#9523 = CARTESIAN_POINT('',(15.429257132958,33.862910643826,1.1));
#9524 = VECTOR('',#9525,1.);
#9525 = DIRECTION('',(-0.,-0.,-1.));
#9526 = ORIENTED_EDGE('',*,*,#9527,.T.);
#9527 = EDGE_CURVE('',#9520,#9470,#9528,.T.);
#9528 = B_SPLINE_CURVE_WITH_KNOTS('',2,(#9529,#9530,#9531),
  .UNSPECIFIED.,.F.,.F.,(3,3),(0.,1.),.PIECEWISE_BEZIER_KNOTS.);
#9529 = CARTESIAN_POINT('',(15.429257132958,33.862910643826,0.8));
#9530 = CARTESIAN_POINT('',(14.922286297634,33.862910643826,0.8));
#9531 = CARTESIAN_POINT('',(14.690147020407,34.065698977955,0.8));
#9532 = ORIENTED_EDGE('',*,*,#9469,.F.);
#9533 = ORIENTED_EDGE('',*,*,#2538,.F.);
#9534 = SURFACE_OF_LINEAR_EXTRUSION('',#9535,#9539);
#9535 = B_SPLINE_CURVE_WITH_KNOTS('',2,(#9536,#9537,#9538),
  .UNSPECIFIED.,.F.,.F.,(3,3),(0.,1.),.PIECEWISE_BEZIER_KNOTS.);
#9536 = CARTESIAN_POINT('',(15.429257132958,33.862910643826,1.1));
#9537 = CARTESIAN_POINT('',(14.922286297634,33.862910643826,1.1));
#9538 = CARTESIAN_POINT('',(14.690147020407,34.065698977955,1.1));
#9539 = VECTOR('',#9540,1.);
#9540 = DIRECTION('',(0.,0.,1.));
#9541 = ADVANCED_FACE('',(#9542),#9560,.T.);
#9542 = FACE_BOUND('',#9543,.T.);
#9543 = EDGE_LOOP('',(#9544,#9545,#9553,#9559));
#9544 = ORIENTED_EDGE('',*,*,#9504,.T.);
#9545 = ORIENTED_EDGE('',*,*,#9546,.T.);
#9546 = EDGE_CURVE('',#9497,#9547,#9549,.T.);
#9547 = VERTEX_POINT('',#9548);
#9548 = CARTESIAN_POINT('',(16.509905492465,37.649182303431,0.8));
#9549 = B_SPLINE_CURVE_WITH_KNOTS('',2,(#9550,#9551,#9552),
  .UNSPECIFIED.,.F.,.F.,(3,3),(0.,1.),.PIECEWISE_BEZIER_KNOTS.);
#9550 = CARTESIAN_POINT('',(16.323126763661,37.891994650876,0.8));
#9551 = CARTESIAN_POINT('',(16.509905492465,37.891994650876,0.8));
#9552 = CARTESIAN_POINT('',(16.509905492465,37.649182303431,0.8));
#9553 = ORIENTED_EDGE('',*,*,#9554,.F.);
#9554 = EDGE_CURVE('',#2507,#9547,#9555,.T.);
#9555 = LINE('',#9556,#9557);
#9556 = CARTESIAN_POINT('',(16.509905492465,37.649182303431,1.1));
#9557 = VECTOR('',#9558,1.);
#9558 = DIRECTION('',(-0.,-0.,-1.));
#9559 = ORIENTED_EDGE('',*,*,#2506,.F.);
#9560 = SURFACE_OF_LINEAR_EXTRUSION('',#9561,#9565);
#9561 = B_SPLINE_CURVE_WITH_KNOTS('',2,(#9562,#9563,#9564),
  .UNSPECIFIED.,.F.,.F.,(3,3),(0.,1.),.PIECEWISE_BEZIER_KNOTS.);
#9562 = CARTESIAN_POINT('',(16.323126763661,37.891994650876,1.1));
#9563 = CARTESIAN_POINT('',(16.509905492465,37.891994650876,1.1));
#9564 = CARTESIAN_POINT('',(16.509905492465,37.649182303431,1.1));
#9565 = VECTOR('',#9566,1.);
#9566 = DIRECTION('',(0.,0.,1.));
#9567 = ADVANCED_FACE('',(#9568),#9586,.T.);
#9568 = FACE_BOUND('',#9569,.T.);
#9569 = EDGE_LOOP('',(#9570,#9578,#9584,#9585));
#9570 = ORIENTED_EDGE('',*,*,#9571,.T.);
#9571 = EDGE_CURVE('',#2523,#9572,#9574,.T.);
#9572 = VERTEX_POINT('',#9573);
#9573 = CARTESIAN_POINT('',(16.261756609912,33.862910643826,0.8));
#9574 = LINE('',#9575,#9576);
#9575 = CARTESIAN_POINT('',(16.261756609912,33.862910643826,1.1));
#9576 = VECTOR('',#9577,1.);
#9577 = DIRECTION('',(-0.,-0.,-1.));
#9578 = ORIENTED_EDGE('',*,*,#9579,.T.);
#9579 = EDGE_CURVE('',#9572,#9520,#9580,.T.);
#9580 = LINE('',#9581,#9582);
#9581 = CARTESIAN_POINT('',(16.261756609912,33.862910643826,0.8));
#9582 = VECTOR('',#9583,1.);
#9583 = DIRECTION('',(-1.,1.2E-16,0.));
#9584 = ORIENTED_EDGE('',*,*,#9519,.F.);
#9585 = ORIENTED_EDGE('',*,*,#2530,.F.);
#9586 = PLANE('',#9587);
#9587 = AXIS2_PLACEMENT_3D('',#9588,#9589,#9590);
#9588 = CARTESIAN_POINT('',(16.261756609912,33.862910643826,1.1));
#9589 = DIRECTION('',(1.2E-16,1.,0.));
#9590 = DIRECTION('',(-1.,1.2E-16,0.));
#9591 = ADVANCED_FACE('',(#9592),#9610,.T.);
#9592 = FACE_BOUND('',#9593,.T.);
#9593 = EDGE_LOOP('',(#9594,#9595,#9603,#9609));
#9594 = ORIENTED_EDGE('',*,*,#9554,.T.);
#9595 = ORIENTED_EDGE('',*,*,#9596,.T.);
#9596 = EDGE_CURVE('',#9547,#9597,#9599,.T.);
#9597 = VERTEX_POINT('',#9598);
#9598 = CARTESIAN_POINT('',(16.509905492465,34.113727793933,0.8));
#9599 = LINE('',#9600,#9601);
#9600 = CARTESIAN_POINT('',(16.509905492465,37.649182303431,0.8));
#9601 = VECTOR('',#9602,1.);
#9602 = DIRECTION('',(-1.2E-16,-1.,0.));
#9603 = ORIENTED_EDGE('',*,*,#9604,.F.);
#9604 = EDGE_CURVE('',#2515,#9597,#9605,.T.);
#9605 = LINE('',#9606,#9607);
#9606 = CARTESIAN_POINT('',(16.509905492465,34.113727793933,1.1));
#9607 = VECTOR('',#9608,1.);
#9608 = DIRECTION('',(-0.,-0.,-1.));
#9609 = ORIENTED_EDGE('',*,*,#2514,.F.);
#9610 = PLANE('',#9611);
#9611 = AXIS2_PLACEMENT_3D('',#9612,#9613,#9614);
#9612 = CARTESIAN_POINT('',(16.509905492465,37.649182303431,1.1));
#9613 = DIRECTION('',(-1.,1.2E-16,0.));
#9614 = DIRECTION('',(-1.2E-16,-1.,0.));
#9615 = ADVANCED_FACE('',(#9616),#9627,.T.);
#9616 = FACE_BOUND('',#9617,.T.);
#9617 = EDGE_LOOP('',(#9618,#9619,#9625,#9626));
#9618 = ORIENTED_EDGE('',*,*,#9604,.T.);
#9619 = ORIENTED_EDGE('',*,*,#9620,.T.);
#9620 = EDGE_CURVE('',#9597,#9572,#9621,.T.);
#9621 = B_SPLINE_CURVE_WITH_KNOTS('',2,(#9622,#9623,#9624),
  .UNSPECIFIED.,.F.,.F.,(3,3),(0.,1.),.PIECEWISE_BEZIER_KNOTS.);
#9622 = CARTESIAN_POINT('',(16.509905492465,34.113727793933,0.8));
#9623 = CARTESIAN_POINT('',(16.509905492465,33.862910643826,0.8));
#9624 = CARTESIAN_POINT('',(16.261756609912,33.862910643826,0.8));
#9625 = ORIENTED_EDGE('',*,*,#9571,.F.);
#9626 = ORIENTED_EDGE('',*,*,#2522,.F.);
#9627 = SURFACE_OF_LINEAR_EXTRUSION('',#9628,#9632);
#9628 = B_SPLINE_CURVE_WITH_KNOTS('',2,(#9629,#9630,#9631),
  .UNSPECIFIED.,.F.,.F.,(3,3),(0.,1.),.PIECEWISE_BEZIER_KNOTS.);
#9629 = CARTESIAN_POINT('',(16.509905492465,34.113727793933,1.1));
#9630 = CARTESIAN_POINT('',(16.509905492465,33.862910643826,1.1));
#9631 = CARTESIAN_POINT('',(16.261756609912,33.862910643826,1.1));
#9632 = VECTOR('',#9633,1.);
#9633 = DIRECTION('',(0.,0.,1.));
#9634 = ADVANCED_FACE('',(#9635),#9660,.T.);
#9635 = FACE_BOUND('',#9636,.T.);
#9636 = EDGE_LOOP('',(#9637,#9645,#9653,#9659));
#9637 = ORIENTED_EDGE('',*,*,#9638,.T.);
#9638 = EDGE_CURVE('',#2571,#9639,#9641,.T.);
#9639 = VERTEX_POINT('',#9640);
#9640 = CARTESIAN_POINT('',(19.941297567343,37.505095855497,0.8));
#9641 = LINE('',#9642,#9643);
#9642 = CARTESIAN_POINT('',(19.941297567343,37.505095855497,1.1));
#9643 = VECTOR('',#9644,1.);
#9644 = DIRECTION('',(-0.,-0.,-1.));
#9645 = ORIENTED_EDGE('',*,*,#9646,.T.);
#9646 = EDGE_CURVE('',#9639,#9647,#9649,.T.);
#9647 = VERTEX_POINT('',#9648);
#9648 = CARTESIAN_POINT('',(18.761923308326,34.009665359314,0.8));
#9649 = LINE('',#9650,#9651);
#9650 = CARTESIAN_POINT('',(19.941297567343,37.505095855497,0.8));
#9651 = VECTOR('',#9652,1.);
#9652 = DIRECTION('',(-0.319697476206,-0.947519669298,0.));
#9653 = ORIENTED_EDGE('',*,*,#9654,.F.);
#9654 = EDGE_CURVE('',#2573,#9647,#9655,.T.);
#9655 = LINE('',#9656,#9657);
#9656 = CARTESIAN_POINT('',(18.761923308326,34.009665359314,1.1));
#9657 = VECTOR('',#9658,1.);
#9658 = DIRECTION('',(-0.,-0.,-1.));
#9659 = ORIENTED_EDGE('',*,*,#2570,.F.);
#9660 = PLANE('',#9661);
#9661 = AXIS2_PLACEMENT_3D('',#9662,#9663,#9664);
#9662 = CARTESIAN_POINT('',(19.941297567343,37.505095855497,1.1));
#9663 = DIRECTION('',(-0.947519669298,0.319697476206,0.));
#9664 = DIRECTION('',(-0.319697476206,-0.947519669298,0.));
#9665 = ADVANCED_FACE('',(#9666),#9684,.T.);
#9666 = FACE_BOUND('',#9667,.T.);
#9667 = EDGE_LOOP('',(#9668,#9676,#9682,#9683));
#9668 = ORIENTED_EDGE('',*,*,#9669,.T.);
#9669 = EDGE_CURVE('',#2661,#9670,#9672,.T.);
#9670 = VERTEX_POINT('',#9671);
#9671 = CARTESIAN_POINT('',(19.999999453539,37.705215922072,0.8));
#9672 = LINE('',#9673,#9674);
#9673 = CARTESIAN_POINT('',(19.999999453539,37.705215922072,1.1));
#9674 = VECTOR('',#9675,1.);
#9675 = DIRECTION('',(-0.,-0.,-1.));
#9676 = ORIENTED_EDGE('',*,*,#9677,.T.);
#9677 = EDGE_CURVE('',#9670,#9639,#9678,.T.);
#9678 = B_SPLINE_CURVE_WITH_KNOTS('',2,(#9679,#9680,#9681),
  .UNSPECIFIED.,.F.,.F.,(3,3),(0.,1.),.PIECEWISE_BEZIER_KNOTS.);
#9679 = CARTESIAN_POINT('',(19.999999453539,37.705215922072,0.8));
#9680 = CARTESIAN_POINT('',(19.999999453539,37.678533246529,0.8));
#9681 = CARTESIAN_POINT('',(19.941297567343,37.505095855497,0.8));
#9682 = ORIENTED_EDGE('',*,*,#9638,.F.);
#9683 = ORIENTED_EDGE('',*,*,#2668,.F.);
#9684 = SURFACE_OF_LINEAR_EXTRUSION('',#9685,#9689);
#9685 = B_SPLINE_CURVE_WITH_KNOTS('',2,(#9686,#9687,#9688),
  .UNSPECIFIED.,.F.,.F.,(3,3),(0.,1.),.PIECEWISE_BEZIER_KNOTS.);
#9686 = CARTESIAN_POINT('',(19.999999453539,37.705215922072,1.1));
#9687 = CARTESIAN_POINT('',(19.999999453539,37.678533246529,1.1));
#9688 = CARTESIAN_POINT('',(19.941297567343,37.505095855497,1.1));
#9689 = VECTOR('',#9690,1.);
#9690 = DIRECTION('',(0.,0.,1.));
#9691 = ADVANCED_FACE('',(#9692),#9710,.T.);
#9692 = FACE_BOUND('',#9693,.T.);
#9693 = EDGE_LOOP('',(#9694,#9695,#9703,#9709));
#9694 = ORIENTED_EDGE('',*,*,#9654,.T.);
#9695 = ORIENTED_EDGE('',*,*,#9696,.T.);
#9696 = EDGE_CURVE('',#9647,#9697,#9699,.T.);
#9697 = VERTEX_POINT('',#9698);
#9698 = CARTESIAN_POINT('',(18.575144579522,33.862910643826,0.8));
#9699 = B_SPLINE_CURVE_WITH_KNOTS('',2,(#9700,#9701,#9702),
  .UNSPECIFIED.,.F.,.F.,(3,3),(0.,1.),.PIECEWISE_BEZIER_KNOTS.);
#9700 = CARTESIAN_POINT('',(18.761923308326,34.009665359314,0.8));
#9701 = CARTESIAN_POINT('',(18.713894492348,33.862910643826,0.8));
#9702 = CARTESIAN_POINT('',(18.575144579522,33.862910643826,0.8));
#9703 = ORIENTED_EDGE('',*,*,#9704,.F.);
#9704 = EDGE_CURVE('',#2581,#9697,#9705,.T.);
#9705 = LINE('',#9706,#9707);
#9706 = CARTESIAN_POINT('',(18.575144579522,33.862910643826,1.1));
#9707 = VECTOR('',#9708,1.);
#9708 = DIRECTION('',(-0.,-0.,-1.));
#9709 = ORIENTED_EDGE('',*,*,#2580,.F.);
#9710 = SURFACE_OF_LINEAR_EXTRUSION('',#9711,#9715);
#9711 = B_SPLINE_CURVE_WITH_KNOTS('',2,(#9712,#9713,#9714),
  .UNSPECIFIED.,.F.,.F.,(3,3),(0.,1.),.PIECEWISE_BEZIER_KNOTS.);
#9712 = CARTESIAN_POINT('',(18.761923308326,34.009665359314,1.1));
#9713 = CARTESIAN_POINT('',(18.713894492348,33.862910643826,1.1));
#9714 = CARTESIAN_POINT('',(18.575144579522,33.862910643826,1.1));
#9715 = VECTOR('',#9716,1.);
#9716 = DIRECTION('',(0.,0.,1.));
#9717 = ADVANCED_FACE('',(#9718),#9736,.T.);
#9718 = FACE_BOUND('',#9719,.T.);
#9719 = EDGE_LOOP('',(#9720,#9728,#9734,#9735));
#9720 = ORIENTED_EDGE('',*,*,#9721,.T.);
#9721 = EDGE_CURVE('',#2653,#9722,#9724,.T.);
#9722 = VERTEX_POINT('',#9723);
#9723 = CARTESIAN_POINT('',(19.7918745843,37.899999453539,0.8));
#9724 = LINE('',#9725,#9726);
#9725 = CARTESIAN_POINT('',(19.7918745843,37.899999453539,1.1));
#9726 = VECTOR('',#9727,1.);
#9727 = DIRECTION('',(-0.,-0.,-1.));
#9728 = ORIENTED_EDGE('',*,*,#9729,.T.);
#9729 = EDGE_CURVE('',#9722,#9670,#9730,.T.);
#9730 = B_SPLINE_CURVE_WITH_KNOTS('',2,(#9731,#9732,#9733),
  .UNSPECIFIED.,.F.,.F.,(3,3),(0.,1.),.PIECEWISE_BEZIER_KNOTS.);
#9731 = CARTESIAN_POINT('',(19.7918745843,37.899999453539,0.8));
#9732 = CARTESIAN_POINT('',(19.999999453539,37.899999453539,0.8));
#9733 = CARTESIAN_POINT('',(19.999999453539,37.705215922072,0.8));
#9734 = ORIENTED_EDGE('',*,*,#9669,.F.);
#9735 = ORIENTED_EDGE('',*,*,#2660,.F.);
#9736 = SURFACE_OF_LINEAR_EXTRUSION('',#9737,#9741);
#9737 = B_SPLINE_CURVE_WITH_KNOTS('',2,(#9738,#9739,#9740),
  .UNSPECIFIED.,.F.,.F.,(3,3),(0.,1.),.PIECEWISE_BEZIER_KNOTS.);
#9738 = CARTESIAN_POINT('',(19.7918745843,37.899999453539,1.1));
#9739 = CARTESIAN_POINT('',(19.999999453539,37.899999453539,1.1));
#9740 = CARTESIAN_POINT('',(19.999999453539,37.705215922072,1.1));
#9741 = VECTOR('',#9742,1.);
#9742 = DIRECTION('',(0.,0.,1.));
#9743 = ADVANCED_FACE('',(#9744),#9762,.T.);
#9744 = FACE_BOUND('',#9745,.T.);
#9745 = EDGE_LOOP('',(#9746,#9747,#9755,#9761));
#9746 = ORIENTED_EDGE('',*,*,#9704,.T.);
#9747 = ORIENTED_EDGE('',*,*,#9748,.T.);
#9748 = EDGE_CURVE('',#9697,#9749,#9751,.T.);
#9749 = VERTEX_POINT('',#9750);
#9750 = CARTESIAN_POINT('',(18.393702385827,34.009665359314,0.8));
#9751 = B_SPLINE_CURVE_WITH_KNOTS('',2,(#9752,#9753,#9754),
  .UNSPECIFIED.,.F.,.F.,(3,3),(0.,1.),.PIECEWISE_BEZIER_KNOTS.);
#9752 = CARTESIAN_POINT('',(18.575144579522,33.862910643826,0.8));
#9753 = CARTESIAN_POINT('',(18.441731201806,33.862910643826,0.8));
#9754 = CARTESIAN_POINT('',(18.393702385827,34.009665359314,0.8));
#9755 = ORIENTED_EDGE('',*,*,#9756,.F.);
#9756 = EDGE_CURVE('',#2589,#9749,#9757,.T.);
#9757 = LINE('',#9758,#9759);
#9758 = CARTESIAN_POINT('',(18.393702385827,34.009665359314,1.1));
#9759 = VECTOR('',#9760,1.);
#9760 = DIRECTION('',(-0.,-0.,-1.));
#9761 = ORIENTED_EDGE('',*,*,#2588,.F.);
#9762 = SURFACE_OF_LINEAR_EXTRUSION('',#9763,#9767);
#9763 = B_SPLINE_CURVE_WITH_KNOTS('',2,(#9764,#9765,#9766),
  .UNSPECIFIED.,.F.,.F.,(3,3),(0.,1.),.PIECEWISE_BEZIER_KNOTS.);
#9764 = CARTESIAN_POINT('',(18.575144579522,33.862910643826,1.1));
#9765 = CARTESIAN_POINT('',(18.441731201806,33.862910643826,1.1));
#9766 = CARTESIAN_POINT('',(18.393702385827,34.009665359314,1.1));
#9767 = VECTOR('',#9768,1.);
#9768 = DIRECTION('',(0.,0.,1.));
#9769 = ADVANCED_FACE('',(#9770),#9788,.T.);
#9770 = FACE_BOUND('',#9771,.T.);
#9771 = EDGE_LOOP('',(#9772,#9780,#9786,#9787));
#9772 = ORIENTED_EDGE('',*,*,#9773,.T.);
#9773 = EDGE_CURVE('',#2645,#9774,#9776,.T.);
#9774 = VERTEX_POINT('',#9775);
#9775 = CARTESIAN_POINT('',(19.610432390605,37.737235132724,0.8));
#9776 = LINE('',#9777,#9778);
#9777 = CARTESIAN_POINT('',(19.610432390605,37.737235132724,1.1));
#9778 = VECTOR('',#9779,1.);
#9779 = DIRECTION('',(-0.,-0.,-1.));
#9780 = ORIENTED_EDGE('',*,*,#9781,.T.);
#9781 = EDGE_CURVE('',#9774,#9722,#9782,.T.);
#9782 = B_SPLINE_CURVE_WITH_KNOTS('',2,(#9783,#9784,#9785),
  .UNSPECIFIED.,.F.,.F.,(3,3),(0.,1.),.PIECEWISE_BEZIER_KNOTS.);
#9783 = CARTESIAN_POINT('',(19.610432390605,37.737235132724,0.8));
#9784 = CARTESIAN_POINT('',(19.666466009247,37.899999453539,0.8));
#9785 = CARTESIAN_POINT('',(19.7918745843,37.899999453539,0.8));
#9786 = ORIENTED_EDGE('',*,*,#9721,.F.);
#9787 = ORIENTED_EDGE('',*,*,#2652,.F.);
#9788 = SURFACE_OF_LINEAR_EXTRUSION('',#9789,#9793);
#9789 = B_SPLINE_CURVE_WITH_KNOTS('',2,(#9790,#9791,#9792),
  .UNSPECIFIED.,.F.,.F.,(3,3),(0.,1.),.PIECEWISE_BEZIER_KNOTS.);
#9790 = CARTESIAN_POINT('',(19.610432390605,37.737235132724,1.1));
#9791 = CARTESIAN_POINT('',(19.666466009247,37.899999453539,1.1));
#9792 = CARTESIAN_POINT('',(19.7918745843,37.899999453539,1.1));
#9793 = VECTOR('',#9794,1.);
#9794 = DIRECTION('',(0.,0.,1.));
#9795 = ADVANCED_FACE('',(#9796),#9814,.T.);
#9796 = FACE_BOUND('',#9797,.T.);
#9797 = EDGE_LOOP('',(#9798,#9799,#9807,#9813));
#9798 = ORIENTED_EDGE('',*,*,#9756,.T.);
#9799 = ORIENTED_EDGE('',*,*,#9800,.T.);
#9800 = EDGE_CURVE('',#9749,#9801,#9803,.T.);
#9801 = VERTEX_POINT('',#9802);
#9802 = CARTESIAN_POINT('',(17.200986789038,37.595816952344,0.8));
#9803 = LINE('',#9804,#9805);
#9804 = CARTESIAN_POINT('',(18.393702385827,34.009665359314,0.8));
#9805 = VECTOR('',#9806,1.);
#9806 = DIRECTION('',(-0.315592274397,0.948894892146,0.));
#9807 = ORIENTED_EDGE('',*,*,#9808,.F.);
#9808 = EDGE_CURVE('',#2597,#9801,#9809,.T.);
#9809 = LINE('',#9810,#9811);
#9810 = CARTESIAN_POINT('',(17.200986789038,37.595816952344,1.1));
#9811 = VECTOR('',#9812,1.);
#9812 = DIRECTION('',(-0.,-0.,-1.));
#9813 = ORIENTED_EDGE('',*,*,#2596,.F.);
#9814 = PLANE('',#9815);
#9815 = AXIS2_PLACEMENT_3D('',#9816,#9817,#9818);
#9816 = CARTESIAN_POINT('',(18.393702385827,34.009665359314,1.1));
#9817 = DIRECTION('',(0.948894892146,0.315592274397,0.));
#9818 = DIRECTION('',(-0.315592274397,0.948894892146,0.));
#9819 = ADVANCED_FACE('',(#9820),#9838,.T.);
#9820 = FACE_BOUND('',#9821,.T.);
#9821 = EDGE_LOOP('',(#9822,#9830,#9836,#9837));
#9822 = ORIENTED_EDGE('',*,*,#9823,.T.);
#9823 = EDGE_CURVE('',#2637,#9824,#9826,.T.);
#9824 = VERTEX_POINT('',#9825);
#9825 = CARTESIAN_POINT('',(19.319591227183,36.872716445119,0.8));
#9826 = LINE('',#9827,#9828);
#9827 = CARTESIAN_POINT('',(19.319591227183,36.872716445119,1.1));
#9828 = VECTOR('',#9829,1.);
#9829 = DIRECTION('',(-0.,-0.,-1.));
#9830 = ORIENTED_EDGE('',*,*,#9831,.T.);
#9831 = EDGE_CURVE('',#9824,#9774,#9832,.T.);
#9832 = LINE('',#9833,#9834);
#9833 = CARTESIAN_POINT('',(19.319591227183,36.872716445119,0.8));
#9834 = VECTOR('',#9835,1.);
#9835 = DIRECTION('',(0.318859331739,0.947802050305,0.));
#9836 = ORIENTED_EDGE('',*,*,#9773,.F.);
#9837 = ORIENTED_EDGE('',*,*,#2644,.F.);
#9838 = PLANE('',#9839);
#9839 = AXIS2_PLACEMENT_3D('',#9840,#9841,#9842);
#9840 = CARTESIAN_POINT('',(19.319591227183,36.872716445119,1.1));
#9841 = DIRECTION('',(0.947802050305,-0.318859331739,0.));
#9842 = DIRECTION('',(0.318859331739,0.947802050305,0.));
#9843 = ADVANCED_FACE('',(#9844),#9862,.T.);
#9844 = FACE_BOUND('',#9845,.T.);
#9845 = EDGE_LOOP('',(#9846,#9847,#9855,#9861));
#9846 = ORIENTED_EDGE('',*,*,#9808,.T.);
#9847 = ORIENTED_EDGE('',*,*,#9848,.T.);
#9848 = EDGE_CURVE('',#9801,#9849,#9851,.T.);
#9849 = VERTEX_POINT('',#9850);
#9850 = CARTESIAN_POINT('',(17.176972381049,37.713220724735,0.8));
#9851 = B_SPLINE_CURVE_WITH_KNOTS('',2,(#9852,#9853,#9854),
  .UNSPECIFIED.,.F.,.F.,(3,3),(0.,1.),.PIECEWISE_BEZIER_KNOTS.);
#9852 = CARTESIAN_POINT('',(17.200986789038,37.595816952344,0.8));
#9853 = CARTESIAN_POINT('',(17.176972381049,37.667860176311,0.8));
#9854 = CARTESIAN_POINT('',(17.176972381049,37.713220724735,0.8));
#9855 = ORIENTED_EDGE('',*,*,#9856,.F.);
#9856 = EDGE_CURVE('',#2605,#9849,#9857,.T.);
#9857 = LINE('',#9858,#9859);
#9858 = CARTESIAN_POINT('',(17.176972381049,37.713220724735,1.1));
#9859 = VECTOR('',#9860,1.);
#9860 = DIRECTION('',(-0.,-0.,-1.));
#9861 = ORIENTED_EDGE('',*,*,#2604,.F.);
#9862 = SURFACE_OF_LINEAR_EXTRUSION('',#9863,#9867);
#9863 = B_SPLINE_CURVE_WITH_KNOTS('',2,(#9864,#9865,#9866),
  .UNSPECIFIED.,.F.,.F.,(3,3),(0.,1.),.PIECEWISE_BEZIER_KNOTS.);
#9864 = CARTESIAN_POINT('',(17.200986789038,37.595816952344,1.1));
#9865 = CARTESIAN_POINT('',(17.176972381049,37.667860176311,1.1));
#9866 = CARTESIAN_POINT('',(17.176972381049,37.713220724735,1.1));
#9867 = VECTOR('',#9868,1.);
#9868 = DIRECTION('',(0.,0.,1.));
#9869 = ADVANCED_FACE('',(#9870),#9888,.T.);
#9870 = FACE_BOUND('',#9871,.T.);
#9871 = EDGE_LOOP('',(#9872,#9880,#9886,#9887));
#9872 = ORIENTED_EDGE('',*,*,#9873,.T.);
#9873 = EDGE_CURVE('',#2629,#9874,#9876,.T.);
#9874 = VERTEX_POINT('',#9875);
#9875 = CARTESIAN_POINT('',(17.84137100208,36.872716445119,0.8));
#9876 = LINE('',#9877,#9878);
#9877 = CARTESIAN_POINT('',(17.84137100208,36.872716445119,1.1));
#9878 = VECTOR('',#9879,1.);
#9879 = DIRECTION('',(-0.,-0.,-1.));
#9880 = ORIENTED_EDGE('',*,*,#9881,.T.);
#9881 = EDGE_CURVE('',#9874,#9824,#9882,.T.);
#9882 = LINE('',#9883,#9884);
#9883 = CARTESIAN_POINT('',(17.84137100208,36.872716445119,0.8));
#9884 = VECTOR('',#9885,1.);
#9885 = DIRECTION('',(1.,-1.2E-16,0.));
#9886 = ORIENTED_EDGE('',*,*,#9823,.F.);
#9887 = ORIENTED_EDGE('',*,*,#2636,.F.);
#9888 = PLANE('',#9889);
#9889 = AXIS2_PLACEMENT_3D('',#9890,#9891,#9892);
#9890 = CARTESIAN_POINT('',(17.84137100208,36.872716445119,1.1));
#9891 = DIRECTION('',(-1.2E-16,-1.,0.));
#9892 = DIRECTION('',(1.,-1.2E-16,0.));
#9893 = ADVANCED_FACE('',(#9894),#9912,.T.);
#9894 = FACE_BOUND('',#9895,.T.);
#9895 = EDGE_LOOP('',(#9896,#9897,#9905,#9911));
#9896 = ORIENTED_EDGE('',*,*,#9856,.T.);
#9897 = ORIENTED_EDGE('',*,*,#9898,.T.);
#9898 = EDGE_CURVE('',#9849,#9899,#9901,.T.);
#9899 = VERTEX_POINT('',#9900);
#9900 = CARTESIAN_POINT('',(17.369087644962,37.891994650876,0.8));
#9901 = B_SPLINE_CURVE_WITH_KNOTS('',2,(#9902,#9903,#9904),
  .UNSPECIFIED.,.F.,.F.,(3,3),(0.,1.),.PIECEWISE_BEZIER_KNOTS.);
#9902 = CARTESIAN_POINT('',(17.176972381049,37.713220724735,0.8));
#9903 = CARTESIAN_POINT('',(17.176972381049,37.870648510441,0.8));
#9904 = CARTESIAN_POINT('',(17.369087644962,37.891994650876,0.8));
#9905 = ORIENTED_EDGE('',*,*,#9906,.F.);
#9906 = EDGE_CURVE('',#2613,#9899,#9907,.T.);
#9907 = LINE('',#9908,#9909);
#9908 = CARTESIAN_POINT('',(17.369087644962,37.891994650876,1.1));
#9909 = VECTOR('',#9910,1.);
#9910 = DIRECTION('',(-0.,-0.,-1.));
#9911 = ORIENTED_EDGE('',*,*,#2612,.F.);
#9912 = SURFACE_OF_LINEAR_EXTRUSION('',#9913,#9917);
#9913 = B_SPLINE_CURVE_WITH_KNOTS('',2,(#9914,#9915,#9916),
  .UNSPECIFIED.,.F.,.F.,(3,3),(0.,1.),.PIECEWISE_BEZIER_KNOTS.);
#9914 = CARTESIAN_POINT('',(17.176972381049,37.713220724735,1.1));
#9915 = CARTESIAN_POINT('',(17.176972381049,37.870648510441,1.1));
#9916 = CARTESIAN_POINT('',(17.369087644962,37.891994650876,1.1));
#9917 = VECTOR('',#9918,1.);
#9918 = DIRECTION('',(0.,0.,1.));
#9919 = ADVANCED_FACE('',(#9920),#9938,.T.);
#9920 = FACE_BOUND('',#9921,.T.);
#9921 = EDGE_LOOP('',(#9922,#9930,#9936,#9937));
#9922 = ORIENTED_EDGE('',*,*,#9923,.T.);
#9923 = EDGE_CURVE('',#2621,#9924,#9926,.T.);
#9924 = VERTEX_POINT('',#9925);
#9925 = CARTESIAN_POINT('',(17.569207711537,37.71588899229,0.8));
#9926 = LINE('',#9927,#9928);
#9927 = CARTESIAN_POINT('',(17.569207711537,37.71588899229,1.1));
#9928 = VECTOR('',#9929,1.);
#9929 = DIRECTION('',(-0.,-0.,-1.));
#9930 = ORIENTED_EDGE('',*,*,#9931,.T.);
#9931 = EDGE_CURVE('',#9924,#9874,#9932,.T.);
#9932 = B_SPLINE_CURVE_WITH_KNOTS('',2,(#9933,#9934,#9935),
  .UNSPECIFIED.,.F.,.F.,(3,3),(0.,1.),.PIECEWISE_BEZIER_KNOTS.);
#9933 = CARTESIAN_POINT('',(17.569207711537,37.71588899229,0.8));
#9934 = CARTESIAN_POINT('',(17.569207711537,37.71588899229,0.8));
#9935 = CARTESIAN_POINT('',(17.84137100208,36.872716445119,0.8));
#9936 = ORIENTED_EDGE('',*,*,#9873,.F.);
#9937 = ORIENTED_EDGE('',*,*,#2628,.F.);
#9938 = SURFACE_OF_LINEAR_EXTRUSION('',#9939,#9943);
#9939 = B_SPLINE_CURVE_WITH_KNOTS('',2,(#9940,#9941,#9942),
  .UNSPECIFIED.,.F.,.F.,(3,3),(0.,1.),.PIECEWISE_BEZIER_KNOTS.);
#9940 = CARTESIAN_POINT('',(17.569207711537,37.71588899229,1.1));
#9941 = CARTESIAN_POINT('',(17.569207711537,37.71588899229,1.1));
#9942 = CARTESIAN_POINT('',(17.84137100208,36.872716445119,1.1));
#9943 = VECTOR('',#9944,1.);
#9944 = DIRECTION('',(0.,0.,1.));
#9945 = ADVANCED_FACE('',(#9946),#9957,.T.);
#9946 = FACE_BOUND('',#9947,.T.);
#9947 = EDGE_LOOP('',(#9948,#9949,#9955,#9956));
#9948 = ORIENTED_EDGE('',*,*,#9906,.T.);
#9949 = ORIENTED_EDGE('',*,*,#9950,.T.);
#9950 = EDGE_CURVE('',#9899,#9924,#9951,.T.);
#9951 = B_SPLINE_CURVE_WITH_KNOTS('',2,(#9952,#9953,#9954),
  .UNSPECIFIED.,.F.,.F.,(3,3),(0.,1.),.PIECEWISE_BEZIER_KNOTS.);
#9952 = CARTESIAN_POINT('',(17.369087644962,37.891994650876,0.8));
#9953 = CARTESIAN_POINT('',(17.510505825342,37.891994650876,0.8));
#9954 = CARTESIAN_POINT('',(17.569207711537,37.71588899229,0.8));
#9955 = ORIENTED_EDGE('',*,*,#9923,.F.);
#9956 = ORIENTED_EDGE('',*,*,#2620,.F.);
#9957 = SURFACE_OF_LINEAR_EXTRUSION('',#9958,#9962);
#9958 = B_SPLINE_CURVE_WITH_KNOTS('',2,(#9959,#9960,#9961),
  .UNSPECIFIED.,.F.,.F.,(3,3),(0.,1.),.PIECEWISE_BEZIER_KNOTS.);
#9959 = CARTESIAN_POINT('',(17.369087644962,37.891994650876,1.1));
#9960 = CARTESIAN_POINT('',(17.510505825342,37.891994650876,1.1));
#9961 = CARTESIAN_POINT('',(17.569207711537,37.71588899229,1.1));
#9962 = VECTOR('',#9963,1.);
#9963 = DIRECTION('',(0.,0.,1.));
#9964 = ADVANCED_FACE('',(#9965),#9989,.T.);
#9965 = FACE_BOUND('',#9966,.F.);
#9966 = EDGE_LOOP('',(#9967,#9968,#9975,#9984));
#9967 = ORIENTED_EDGE('',*,*,#2676,.T.);
#9968 = ORIENTED_EDGE('',*,*,#9969,.T.);
#9969 = EDGE_CURVE('',#2679,#9970,#9972,.T.);
#9970 = VERTEX_POINT('',#9971);
#9971 = CARTESIAN_POINT('',(35.057226675241,31.504254354276,2.1));
#9972 = B_SPLINE_CURVE_WITH_KNOTS('',1,(#9973,#9974),.UNSPECIFIED.,.F.,
  .F.,(2,2),(0.,1.),.PIECEWISE_BEZIER_KNOTS.);
#9973 = CARTESIAN_POINT('',(35.16492144352,31.15658185275,1.1));
#9974 = CARTESIAN_POINT('',(35.057226675241,31.504254354276,2.1));
#9975 = ORIENTED_EDGE('',*,*,#9976,.F.);
#9976 = EDGE_CURVE('',#9977,#9970,#9979,.T.);
#9977 = VERTEX_POINT('',#9978);
#9978 = CARTESIAN_POINT('',(33.757785511975,31.519825978456,2.1));
#9979 = CIRCLE('',#9980,2.114345707706);
#9980 = AXIS2_PLACEMENT_3D('',#9981,#9982,#9983);
#9981 = CARTESIAN_POINT('',(34.431615156455,33.52392462421,2.1));
#9982 = DIRECTION('',(0.,0.,-1.));
#9983 = DIRECTION('',(-1.,-0.,-0.));
#9984 = ORIENTED_EDGE('',*,*,#9985,.F.);
#9985 = EDGE_CURVE('',#2677,#9977,#9986,.T.);
#9986 = B_SPLINE_CURVE_WITH_KNOTS('',1,(#9987,#9988),.UNSPECIFIED.,.F.,
  .F.,(2,2),(0.,1.),.PIECEWISE_BEZIER_KNOTS.);
#9987 = CARTESIAN_POINT('',(33.641790321282,31.174834026133,1.1));
#9988 = CARTESIAN_POINT('',(33.757785511975,31.519825978456,2.1));
#9989 = CONICAL_SURFACE('',#9990,2.478315941972,0.349065850399);
#9990 = AXIS2_PLACEMENT_3D('',#9991,#9992,#9993);
#9991 = CARTESIAN_POINT('',(34.431615156455,33.52392462421,1.1));
#9992 = DIRECTION('',(-0.,-0.,-1.));
#9993 = DIRECTION('',(-1.,-0.,-0.));
#9994 = ADVANCED_FACE('',(#9995),#10044,.T.);
#9995 = FACE_BOUND('',#9996,.F.);
#9996 = EDGE_LOOP('',(#9997,#10004,#10005,#10006,#10015,#10027,#10036));
#9997 = ORIENTED_EDGE('',*,*,#9998,.F.);
#9998 = EDGE_CURVE('',#2697,#9999,#10001,.T.);
#9999 = VERTEX_POINT('',#10000);
#10000 = CARTESIAN_POINT('',(33.970119270189,32.096708721549,
    1.207504989793));
#10001 = B_SPLINE_CURVE_WITH_KNOTS('',1,(#10002,#10003),.UNSPECIFIED.,
  .F.,.F.,(2,2),(0.,1.),.PIECEWISE_BEZIER_KNOTS.);
#10002 = CARTESIAN_POINT('',(33.983955379637,32.133309414036,1.1));
#10003 = CARTESIAN_POINT('',(33.855253358697,31.792853658852,2.1));
#10004 = ORIENTED_EDGE('',*,*,#2705,.T.);
#10005 = ORIENTED_EDGE('',*,*,#9985,.T.);
#10006 = ORIENTED_EDGE('',*,*,#10007,.F.);
#10007 = EDGE_CURVE('',#10008,#9977,#10010,.T.);
#10008 = VERTEX_POINT('',#10009);
#10009 = CARTESIAN_POINT('',(33.920902132732,31.742972493065,2.1));
#10010 = CIRCLE('',#10011,0.144976703119);
#10011 = AXIS2_PLACEMENT_3D('',#10012,#10013,#10014);
#10012 = CARTESIAN_POINT('',(33.803988741638,31.657243248171,2.1));
#10013 = DIRECTION('',(0.,0.,-1.));
#10014 = DIRECTION('',(-0.962784493544,0.27027027027,0.));
#10015 = ORIENTED_EDGE('',*,*,#10016,.T.);
#10016 = EDGE_CURVE('',#10008,#10017,#10019,.T.);
#10017 = VERTEX_POINT('',#10018);
#10018 = CARTESIAN_POINT('',(34.,31.718848686944,1.933811259379));
#10019 = B_SPLINE_CURVE_WITH_KNOTS('',6,(#10020,#10021,#10022,#10023,
    #10024,#10025,#10026),.UNSPECIFIED.,.F.,.F.,(7,7),(0.,1.),
  .PIECEWISE_BEZIER_KNOTS.);
#10020 = CARTESIAN_POINT('',(33.920902132732,31.742972493065,
    2.09999999999));
#10021 = CARTESIAN_POINT('',(33.932189113834,31.739252422287,
    2.081035941068));
#10022 = CARTESIAN_POINT('',(33.944318384456,31.735351272003,
    2.058371320966));
#10023 = CARTESIAN_POINT('',(33.957284262996,31.731296516482,
    2.031899862997));
#10024 = CARTESIAN_POINT('',(33.971036616476,31.727134709561,
    2.001793544142));
#10025 = CARTESIAN_POINT('',(33.985369458157,31.722955733251,
    1.968775574578));
#10026 = CARTESIAN_POINT('',(34.,31.718848686944,1.933811259374));
#10027 = ORIENTED_EDGE('',*,*,#10028,.T.);
#10028 = EDGE_CURVE('',#10017,#10029,#10031,.T.);
#10029 = VERTEX_POINT('',#10030);
#10030 = CARTESIAN_POINT('',(34.,32.085786437627,1.20359155153));
#10031 = HYPERBOLA('',#10032,0.538536506308,0.196011258362);
#10032 = AXIS2_PLACEMENT_3D('',#10033,#10034,#10035);
#10033 = CARTESIAN_POINT('',(34.,31.657243248171,2.498320218166));
#10034 = DIRECTION('',(1.,-0.,0.));
#10035 = DIRECTION('',(0.,0.,-1.));
#10036 = ORIENTED_EDGE('',*,*,#10037,.F.);
#10037 = EDGE_CURVE('',#9999,#10029,#10038,.T.);
#10038 = B_SPLINE_CURVE_WITH_KNOTS('',4,(#10039,#10040,#10041,#10042,
    #10043),.UNSPECIFIED.,.F.,.F.,(5,5),(0.,1.),
  .PIECEWISE_BEZIER_KNOTS.);
#10039 = CARTESIAN_POINT('',(33.970119270189,32.096708721549,
    1.20750498979));
#10040 = CARTESIAN_POINT('',(33.977586069862,32.093889268938,
    1.207496736571));
#10041 = CARTESIAN_POINT('',(33.985072836298,32.091122812158,
    1.206836091035));
#10042 = CARTESIAN_POINT('',(33.992552227755,32.088419622756,
    1.205523786324));
#10043 = CARTESIAN_POINT('',(34.,32.085786437627,1.203591551525));
#10044 = CONICAL_SURFACE('',#10045,0.508946937385,0.349065850399);
#10045 = AXIS2_PLACEMENT_3D('',#10046,#10047,#10048);
#10046 = CARTESIAN_POINT('',(33.803988741638,31.657243248171,1.1));
#10047 = DIRECTION('',(-0.,-0.,-1.));
#10048 = DIRECTION('',(-0.962784493544,0.27027027027,0.));
#10049 = ADVANCED_FACE('',(#10050),#10190,.F.);
#10050 = FACE_BOUND('',#10051,.F.);
#10051 = EDGE_LOOP('',(#10052,#10053,#10054,#10103,#10167,#10176,#10185)
  );
#10052 = ORIENTED_EDGE('',*,*,#2696,.F.);
#10053 = ORIENTED_EDGE('',*,*,#9998,.T.);
#10054 = ORIENTED_EDGE('',*,*,#10055,.F.);
#10055 = EDGE_CURVE('',#10056,#9999,#10058,.T.);
#10056 = VERTEX_POINT('',#10057);
#10057 = CARTESIAN_POINT('',(36.,33.5,1.2082963583));
#10058 = B_SPLINE_CURVE_WITH_KNOTS('',7,(#10059,#10060,#10061,#10062,
    #10063,#10064,#10065,#10066,#10067,#10068,#10069,#10070,#10071,
    #10072,#10073,#10074,#10075,#10076,#10077,#10078,#10079,#10080,
    #10081,#10082,#10083,#10084,#10085,#10086,#10087,#10088,#10089,
    #10090,#10091,#10092,#10093,#10094,#10095,#10096,#10097,#10098,
    #10099,#10100,#10101,#10102),.UNSPECIFIED.,.F.,.F.,(8,6,6,6,6,6,6,8)
  ,(0.,0.230737982566,0.453481850888,0.676950766843,0.89971703593,
    0.921493648256,0.946174090977,1.),.UNSPECIFIED.);
#10059 = CARTESIAN_POINT('',(36.,33.5,1.2082963583));
#10060 = CARTESIAN_POINT('',(36.,33.715067082519,1.208597140389));
#10061 = CARTESIAN_POINT('',(35.964024071457,33.930371320764,
    1.208918987346));
#10062 = CARTESIAN_POINT('',(35.891934779295,34.138256555023,
    1.20925126449));
#10063 = CARTESIAN_POINT('',(35.785816788037,34.331585829553,
    1.209582785848));
#10064 = CARTESIAN_POINT('',(35.649139246457,34.504030533929,
    1.209902704174));
#10065 = CARTESIAN_POINT('',(35.486802465567,34.649993882533,
    1.210200375977));
#10066 = CARTESIAN_POINT('',(35.130162627155,34.876956734805,
    1.2107233076));
#10067 = CARTESIAN_POINT('',(34.9368130676,34.960253901749,
    1.210951230592));
#10068 = CARTESIAN_POINT('',(34.731020758131,35.011587534882,
    1.211141639345));
#10069 = CARTESIAN_POINT('',(34.519175099768,35.029019918197,
    1.211288150452));
#10070 = CARTESIAN_POINT('',(34.307755150928,35.012016647348,
    1.211386289131));
#10071 = CARTESIAN_POINT('',(34.103382164647,34.961442429058,
    1.211433449878));
#10072 = CARTESIAN_POINT('',(33.720654739904,34.798469028764,
    1.211426369962));
#10073 = CARTESIAN_POINT('',(33.542021833696,34.685713563743,
    1.211371791958));
#10074 = CARTESIAN_POINT('',(33.38285514269,34.544435578177,
    1.211266130062));
#10075 = CARTESIAN_POINT('',(33.248414260478,34.378856755525,
    1.211112247253));
#10076 = CARTESIAN_POINT('',(33.14283581846,34.194073911084,
    1.210914873106));
#10077 = CARTESIAN_POINT('',(33.069168626421,33.996102068249,
    1.210680647073));
#10078 = CARTESIAN_POINT('',(32.988256966912,33.588069387965,
    1.210156950238));
#10079 = CARTESIAN_POINT('',(32.980727658199,33.37766167869,
    1.209867158967));
#10080 = CARTESIAN_POINT('',(33.007502089036,33.167254349307,
    1.209557557594));
#10081 = CARTESIAN_POINT('',(33.068065045971,32.963504496466,
    1.209237743763));
#10082 = CARTESIAN_POINT('',(33.160561901473,32.772642213611,
    1.208917496101));
#10083 = CARTESIAN_POINT('',(33.281783837185,32.600521198903,
    1.208606854314));
#10084 = CARTESIAN_POINT('',(33.441037665504,32.43745081773,
    1.20828690114));
#10085 = CARTESIAN_POINT('',(33.45544848923,32.423153264419,
    1.208258589871));
#10086 = CARTESIAN_POINT('',(33.470084291727,32.409083966291,
    1.208230467785));
#10087 = CARTESIAN_POINT('',(33.484940728351,32.395247163314,
    1.208202543326));
#10088 = CARTESIAN_POINT('',(33.500013356591,32.381646990205,
    1.208174824844));
#10089 = CARTESIAN_POINT('',(33.515297636067,32.368287476431,
    1.208147320603));
#10090 = CARTESIAN_POINT('',(33.548345927329,32.340308788746,
    1.208089119009));
#10091 = CARTESIAN_POINT('',(33.566168835842,32.32575918667,
    1.208058484915));
#10092 = CARTESIAN_POINT('',(33.584250899778,32.311529453771,
    1.208028148388));
#10093 = CARTESIAN_POINT('',(33.602585221715,32.297625114809,
    1.207998121144));
#10094 = CARTESIAN_POINT('',(33.621164761108,32.284051505517,
    1.207968414718));
#10095 = CARTESIAN_POINT('',(33.639982334281,32.270813772601,
    1.207939040464));
#10096 = CARTESIAN_POINT('',(33.700573264466,32.22978985379,
    1.207846695655));
#10097 = CARTESIAN_POINT('',(33.743213495291,32.20328382504,
    1.207785014483));
#10098 = CARTESIAN_POINT('',(33.786874940539,32.178450413514,
    1.207725082427));
#10099 = CARTESIAN_POINT('',(33.831478769034,32.155336481276,
    1.207667010634));
#10100 = CARTESIAN_POINT('',(33.876943684798,32.133984126431,
    1.20761090502));
#10101 = CARTESIAN_POINT('',(33.923185927045,32.114430683126,
    1.207556866259));
#10102 = CARTESIAN_POINT('',(33.970119270189,32.096708721549,
    1.207504989793));
#10103 = ORIENTED_EDGE('',*,*,#10104,.F.);
#10104 = EDGE_CURVE('',#10105,#10056,#10107,.T.);
#10105 = VERTEX_POINT('',#10106);
#10106 = CARTESIAN_POINT('',(35.,32.085786437627,1.206895291019));
#10107 = B_SPLINE_CURVE_WITH_KNOTS('',4,(#10108,#10109,#10110,#10111,
    #10112,#10113,#10114,#10115,#10116,#10117,#10118,#10119,#10120,
    #10121,#10122,#10123,#10124,#10125,#10126,#10127,#10128,#10129,
    #10130,#10131,#10132,#10133,#10134,#10135,#10136,#10137,#10138,
    #10139,#10140,#10141,#10142,#10143,#10144,#10145,#10146,#10147,
    #10148,#10149,#10150,#10151,#10152,#10153,#10154,#10155,#10156,
    #10157,#10158,#10159,#10160,#10161,#10162,#10163,#10164,#10165,
    #10166),.UNSPECIFIED.,.F.,.F.,(5,3,3,3,3,3,3,3,3,3,3,3,3,3,3,3,3,3,3
    ,5),(0.,1.40707223962E-02,2.763891999205E-02,4.22121698036E-02,
    5.6785419599E-02,7.135866878712E-02,8.492686524229E-02,
    9.799253447625E-02,0.112565778751,0.129651647654,0.144224884951,
    0.156285492019,0.18191427109,0.220608668009,0.344731832624,
    0.467849092583,0.591467683882,0.714582279263,0.857292486358,1.),
  .UNSPECIFIED.);
#10108 = CARTESIAN_POINT('',(35.,32.085786437627,1.206895291019));
#10109 = CARTESIAN_POINT('',(35.006123556345,32.087951441735,
    1.206894785302));
#10110 = CARTESIAN_POINT('',(35.012234613148,32.090151799162,
    1.206894336261));
#10111 = CARTESIAN_POINT('',(35.018332864281,32.092387401668,
    1.20689394392));
#10112 = CARTESIAN_POINT('',(35.030285820741,32.096847772305,
    1.206893284659));
#10113 = CARTESIAN_POINT('',(35.036141445769,32.099070075857,
    1.20689301376));
#10114 = CARTESIAN_POINT('',(35.04198460785,32.101324944595,
    1.206892795615));
#10115 = CARTESIAN_POINT('',(35.054077347856,32.106069031548,
    1.206892452595));
#10116 = CARTESIAN_POINT('',(35.060324969399,32.108563236589,
    1.206892335827));
#10117 = CARTESIAN_POINT('',(35.066557564754,32.111094755559,
    1.206892279935));
#10118 = CARTESIAN_POINT('',(35.078992036251,32.116232145852,
    1.206892289905));
#10119 = CARTESIAN_POINT('',(35.085193912399,32.118838017177,
    1.206892355766));
#10120 = CARTESIAN_POINT('',(35.091380095536,32.121480926929,
    1.206892482503));
#10121 = CARTESIAN_POINT('',(35.103720413751,32.126840535759,
    1.206892857708));
#10122 = CARTESIAN_POINT('',(35.109874548835,32.129557234837,
    1.206893106177));
#10123 = CARTESIAN_POINT('',(35.116012329133,32.132310684923,
    1.206893415502));
#10124 = CARTESIAN_POINT('',(35.127832378555,32.137698370332,
    1.206894130295));
#10125 = CARTESIAN_POINT('',(35.133516869444,32.140327731268,
    1.206894527661));
#10126 = CARTESIAN_POINT('',(35.139186634137,32.14298869846,
    1.206894977746));
#10127 = CARTESIAN_POINT('',(35.150286748665,32.148273874462,
    1.206895964683));
#10128 = CARTESIAN_POINT('',(35.155718188247,32.150895794515,
    1.206896497704));
#10129 = CARTESIAN_POINT('',(35.161135493783,32.153546795161,
    1.206897079569));
#10130 = CARTESIAN_POINT('',(35.172564786056,32.159215952972,
    1.206898413699));
#10131 = CARTESIAN_POINT('',(35.178573266078,32.162241180007,
    1.20689917788));
#10132 = CARTESIAN_POINT('',(35.184563549257,32.165302281693,
    1.206900002754));
#10133 = CARTESIAN_POINT('',(35.197536694748,32.172029834265,
    1.206901926467));
#10134 = CARTESIAN_POINT('',(35.204512621425,32.175709659931,
    1.206903048022));
#10135 = CARTESIAN_POINT('',(35.211462579256,32.179438301345,
    1.20690425286));
#10136 = CARTESIAN_POINT('',(35.224291376311,32.186437190536,
    1.206906639498));
#10137 = CARTESIAN_POINT('',(35.230177430908,32.189694212294,
    1.206907798629));
#10138 = CARTESIAN_POINT('',(35.236043904968,32.192986372608,
    1.206909018221));
#10139 = CARTESIAN_POINT('',(35.246729032642,32.199066971364,
    1.206911357504));
#10140 = CARTESIAN_POINT('',(35.251553954914,32.201844393814,
    1.206912458164));
#10141 = CARTESIAN_POINT('',(35.256365074039,32.204645659298,
    1.206913600148));
#10142 = CARTESIAN_POINT('',(35.271356131493,32.213473796627,
    1.206917297849));
#10143 = CARTESIAN_POINT('',(35.281486923778,32.219584126821,
    1.206919998691));
#10144 = CARTESIAN_POINT('',(35.291552899781,32.22580065901,
    1.206922885522));
#10145 = CARTESIAN_POINT('',(35.316649673397,32.241666842203,
    1.206930596413));
#10146 = CARTESIAN_POINT('',(35.331595416413,32.251451037794,
    1.206935657793));
#10147 = CARTESIAN_POINT('',(35.346383920688,32.26147132265,
    1.206941140215));
#10148 = CARTESIAN_POINT('',(35.40792581355,32.304611590961,
    1.206965971305));
#10149 = CARTESIAN_POINT('',(35.453167182999,32.339888867903,
    1.206989210689));
#10150 = CARTESIAN_POINT('',(35.496550810998,32.377427396811,
    1.207016685651));
#10151 = CARTESIAN_POINT('',(35.57894466857,32.456396541579,
    1.207079604157));
#10152 = CARTESIAN_POINT('',(35.617987645011,32.497793297221,
    1.207114981436));
#10153 = CARTESIAN_POINT('',(35.654886861926,32.541112015904,
    1.207154284352));
#10154 = CARTESIAN_POINT('',(35.724272985286,32.63143115151,
    1.207240586065));
#10155 = CARTESIAN_POINT('',(35.756741442955,32.678446010953,
    1.207287615709));
#10156 = CARTESIAN_POINT('',(35.786780322349,32.727049380648,
    1.207338268999));
#10157 = CARTESIAN_POINT('',(35.841673888535,32.826842561352,
    1.207446183784));
#10158 = CARTESIAN_POINT('',(35.866549314237,32.878021204609,
    1.207503417696));
#10159 = CARTESIAN_POINT('',(35.888804332976,32.930392793251,
    1.207563831519));
#10160 = CARTESIAN_POINT('',(35.931036504527,33.045605509939,
    1.207700615706));
#10161 = CARTESIAN_POINT('',(35.950087417003,33.10878660362,
    1.207777995707));
#10162 = CARTESIAN_POINT('',(35.965399536331,33.172976785631,
    1.207858942732));
#10163 = CARTESIAN_POINT('',(35.988426825447,33.302704776328,
    1.208027101052));
#10164 = CARTESIAN_POINT('',(35.996142216,33.368242992461,1.208114312792
    ));
#10165 = CARTESIAN_POINT('',(36.,33.434121377514,1.208204223746));
#10166 = CARTESIAN_POINT('',(36.,33.5,1.2082963583));
#10167 = ORIENTED_EDGE('',*,*,#10168,.T.);
#10168 = EDGE_CURVE('',#10105,#10169,#10171,.T.);
#10169 = VERTEX_POINT('',#10170);
#10170 = CARTESIAN_POINT('',(35.,31.74476742887,2.1));
#10171 = HYPERBOLA('',#10172,1.372873362193,0.499685039255);
#10172 = AXIS2_PLACEMENT_3D('',#10173,#10174,#10175);
#10173 = CARTESIAN_POINT('',(35.,33.499236614316,-2.912054957164));
#10174 = DIRECTION('',(1.,0.,-0.));
#10175 = DIRECTION('',(0.,0.,1.));
#10176 = ORIENTED_EDGE('',*,*,#10177,.T.);
#10177 = EDGE_CURVE('',#10169,#10178,#10180,.T.);
#10178 = VERTEX_POINT('',#10179);
#10179 = CARTESIAN_POINT('',(34.987670916127,31.741302760643,2.1));
#10180 = CIRCLE('',#10181,1.824238816914);
#10181 = AXIS2_PLACEMENT_3D('',#10182,#10183,#10184);
#10182 = CARTESIAN_POINT('',(34.500314960745,33.499236614316,2.1));
#10183 = DIRECTION('',(0.,0.,-1.));
#10184 = DIRECTION('',(-1.,-0.,-0.));
#10185 = ORIENTED_EDGE('',*,*,#10186,.F.);
#10186 = EDGE_CURVE('',#2688,#10178,#10187,.T.);
#10187 = B_SPLINE_CURVE_WITH_KNOTS('',1,(#10188,#10189),.UNSPECIFIED.,
  .F.,.F.,(2,2),(0.,1.),.PIECEWISE_BEZIER_KNOTS.);
#10188 = CARTESIAN_POINT('',(34.890434162032,32.092043897502,1.1));
#10189 = CARTESIAN_POINT('',(34.987670916127,31.741302760643,2.1));
#10190 = CONICAL_SURFACE('',#10191,1.460268582648,0.349065850399);
#10191 = AXIS2_PLACEMENT_3D('',#10192,#10193,#10194);
#10192 = CARTESIAN_POINT('',(34.500314960745,33.499236614316,1.1));
#10193 = DIRECTION('',(0.,0.,1.));
#10194 = DIRECTION('',(-1.,-0.,-0.));
#10195 = ADVANCED_FACE('',(#10196),#10208,.T.);
#10196 = FACE_BOUND('',#10197,.F.);
#10197 = EDGE_LOOP('',(#10198,#10199,#10200,#10207));
#10198 = ORIENTED_EDGE('',*,*,#2687,.T.);
#10199 = ORIENTED_EDGE('',*,*,#10186,.T.);
#10200 = ORIENTED_EDGE('',*,*,#10201,.F.);
#10201 = EDGE_CURVE('',#9970,#10178,#10202,.T.);
#10202 = CIRCLE('',#10203,0.123535050372);
#10203 = AXIS2_PLACEMENT_3D('',#10204,#10205,#10206);
#10204 = CARTESIAN_POINT('',(35.020674019635,31.622257795067,2.1));
#10205 = DIRECTION('',(0.,0.,-1.));
#10206 = DIRECTION('',(0.962784493544,0.27027027027,0.));
#10207 = ORIENTED_EDGE('',*,*,#9969,.F.);
#10208 = CONICAL_SURFACE('',#10209,0.487505284638,0.349065850399);
#10209 = AXIS2_PLACEMENT_3D('',#10210,#10211,#10212);
#10210 = CARTESIAN_POINT('',(35.020674019635,31.622257795067,1.1));
#10211 = DIRECTION('',(-0.,-0.,-1.));
#10212 = DIRECTION('',(0.962784493544,0.27027027027,0.));
#10213 = ADVANCED_FACE('',(#10214),#10246,.T.);
#10214 = FACE_BOUND('',#10215,.T.);
#10215 = EDGE_LOOP('',(#10216,#10217,#10223,#10224,#10225,#10226,#10227,
    #10228,#10229,#10230,#10231,#10232,#10238,#10239,#10240,#10241,
    #10242,#10243,#10244,#10245));
#10216 = ORIENTED_EDGE('',*,*,#3863,.F.);
#10217 = ORIENTED_EDGE('',*,*,#10218,.F.);
#10218 = EDGE_CURVE('',#2902,#3853,#10219,.T.);
#10219 = LINE('',#10220,#10221);
#10220 = CARTESIAN_POINT('',(-2.5,46.5,5.1));
#10221 = VECTOR('',#10222,1.);
#10222 = DIRECTION('',(0.,-1.,0.));
#10223 = ORIENTED_EDGE('',*,*,#2901,.T.);
#10224 = ORIENTED_EDGE('',*,*,#2956,.T.);
#10225 = ORIENTED_EDGE('',*,*,#2746,.T.);
#10226 = ORIENTED_EDGE('',*,*,#2778,.T.);
#10227 = ORIENTED_EDGE('',*,*,#2802,.T.);
#10228 = ORIENTED_EDGE('',*,*,#2827,.T.);
#10229 = ORIENTED_EDGE('',*,*,#2851,.T.);
#10230 = ORIENTED_EDGE('',*,*,#2876,.T.);
#10231 = ORIENTED_EDGE('',*,*,#2939,.T.);
#10232 = ORIENTED_EDGE('',*,*,#10233,.F.);
#10233 = EDGE_CURVE('',#3826,#2929,#10234,.T.);
#10234 = LINE('',#10235,#10236);
#10235 = CARTESIAN_POINT('',(2.5,44.9,5.1));
#10236 = VECTOR('',#10237,1.);
#10237 = DIRECTION('',(0.,1.,0.));
#10238 = ORIENTED_EDGE('',*,*,#3825,.F.);
#10239 = ORIENTED_EDGE('',*,*,#3783,.F.);
#10240 = ORIENTED_EDGE('',*,*,#3727,.F.);
#10241 = ORIENTED_EDGE('',*,*,#3758,.T.);
#10242 = ORIENTED_EDGE('',*,*,#3808,.F.);
#10243 = ORIENTED_EDGE('',*,*,#3894,.T.);
#10244 = ORIENTED_EDGE('',*,*,#3937,.F.);
#10245 = ORIENTED_EDGE('',*,*,#3912,.T.);
#10246 = PLANE('',#10247);
#10247 = AXIS2_PLACEMENT_3D('',#10248,#10249,#10250);
#10248 = CARTESIAN_POINT('',(7.9E-16,5.5E-15,5.1));
#10249 = DIRECTION('',(0.,0.,1.));
#10250 = DIRECTION('',(1.,0.,0.));
#10251 = ADVANCED_FACE('',(#10252),#10263,.T.);
#10252 = FACE_BOUND('',#10253,.T.);
#10253 = EDGE_LOOP('',(#10254,#10255,#10256,#10257));
#10254 = ORIENTED_EDGE('',*,*,#3833,.F.);
#10255 = ORIENTED_EDGE('',*,*,#10233,.T.);
#10256 = ORIENTED_EDGE('',*,*,#2928,.T.);
#10257 = ORIENTED_EDGE('',*,*,#10258,.F.);
#10258 = EDGE_CURVE('',#3834,#2921,#10259,.T.);
#10259 = LINE('',#10260,#10261);
#10260 = CARTESIAN_POINT('',(2.604762308475,44.9,2.1));
#10261 = VECTOR('',#10262,1.);
#10262 = DIRECTION('',(0.,1.,0.));
#10263 = B_SPLINE_SURFACE_WITH_KNOTS('',1,1,(
    (#10264,#10265)
    ,(#10266,#10267
    )),.UNSPECIFIED.,.F.,.F.,.F.,(2,2),(2,2),(-0.104762308475,
    1.704762308475),(0.,1.),.PIECEWISE_BEZIER_KNOTS.);
#10264 = CARTESIAN_POINT('',(2.5,44.9,5.1));
#10265 = CARTESIAN_POINT('',(2.604762308475,44.795237691525,2.1));
#10266 = CARTESIAN_POINT('',(2.5,46.5,5.1));
#10267 = CARTESIAN_POINT('',(2.604762308475,46.604762308475,2.1));
#10268 = ADVANCED_FACE('',(#10269),#10280,.F.);
#10269 = FACE_BOUND('',#10270,.F.);
#10270 = EDGE_LOOP('',(#10271,#10277,#10278,#10279));
#10271 = ORIENTED_EDGE('',*,*,#10272,.F.);
#10272 = EDGE_CURVE('',#2910,#3845,#10273,.T.);
#10273 = LINE('',#10274,#10275);
#10274 = CARTESIAN_POINT('',(-2.604762308475,46.5,2.1));
#10275 = VECTOR('',#10276,1.);
#10276 = DIRECTION('',(0.,-1.,0.));
#10277 = ORIENTED_EDGE('',*,*,#2920,.F.);
#10278 = ORIENTED_EDGE('',*,*,#10258,.F.);
#10279 = ORIENTED_EDGE('',*,*,#3844,.F.);
#10280 = PLANE('',#10281);
#10281 = AXIS2_PLACEMENT_3D('',#10282,#10283,#10284);
#10282 = CARTESIAN_POINT('',(-2.604762308475,46.604762308475,2.1));
#10283 = DIRECTION('',(0.,0.,-1.));
#10284 = DIRECTION('',(0.944636467671,-0.328118795477,0.));
#10285 = ADVANCED_FACE('',(#10286),#10292,.T.);
#10286 = FACE_BOUND('',#10287,.T.);
#10287 = EDGE_LOOP('',(#10288,#10289,#10290,#10291));
#10288 = ORIENTED_EDGE('',*,*,#2909,.F.);
#10289 = ORIENTED_EDGE('',*,*,#10218,.T.);
#10290 = ORIENTED_EDGE('',*,*,#3852,.T.);
#10291 = ORIENTED_EDGE('',*,*,#10272,.F.);
#10292 = B_SPLINE_SURFACE_WITH_KNOTS('',1,1,(
    (#10293,#10294)
    ,(#10295,#10296
    )),.UNSPECIFIED.,.F.,.F.,.F.,(2,2),(2,2),(-0.104762308475,
    1.704762308475),(0.,1.),.PIECEWISE_BEZIER_KNOTS.);
#10293 = CARTESIAN_POINT('',(-2.5,46.5,5.1));
#10294 = CARTESIAN_POINT('',(-2.604762308475,46.604762308475,2.1));
#10295 = CARTESIAN_POINT('',(-2.5,44.9,5.1));
#10296 = CARTESIAN_POINT('',(-2.604762308475,44.795237691525,2.1));
#10297 = ADVANCED_FACE('',(#10298),#10316,.F.);
#10298 = FACE_BOUND('',#10299,.T.);
#10299 = EDGE_LOOP('',(#10300,#10301,#10302,#10310));
#10300 = ORIENTED_EDGE('',*,*,#2987,.F.);
#10301 = ORIENTED_EDGE('',*,*,#4571,.T.);
#10302 = ORIENTED_EDGE('',*,*,#10303,.T.);
#10303 = EDGE_CURVE('',#4544,#10304,#10306,.T.);
#10304 = VERTEX_POINT('',#10305);
#10305 = CARTESIAN_POINT('',(13.8,22.,3.1));
#10306 = LINE('',#10307,#10308);
#10307 = CARTESIAN_POINT('',(13.8,23.25,1.85));
#10308 = VECTOR('',#10309,1.);
#10309 = DIRECTION('',(0.,-0.707106781187,0.707106781187));
#10310 = ORIENTED_EDGE('',*,*,#10311,.F.);
#10311 = EDGE_CURVE('',#2988,#10304,#10312,.T.);
#10312 = LINE('',#10313,#10314);
#10313 = CARTESIAN_POINT('',(14.8,22.,3.1));
#10314 = VECTOR('',#10315,1.);
#10315 = DIRECTION('',(-1.,0.,0.));
#10316 = PLANE('',#10317);
#10317 = AXIS2_PLACEMENT_3D('',#10318,#10319,#10320);
#10318 = CARTESIAN_POINT('',(14.8,22.75,2.35));
#10319 = DIRECTION('',(0.,-0.707106781187,-0.707106781187));
#10320 = DIRECTION('',(1.,0.,0.));
#10321 = ADVANCED_FACE('',(#10322),#10340,.T.);
#10322 = FACE_BOUND('',#10323,.T.);
#10323 = EDGE_LOOP('',(#10324,#10332,#10338,#10339));
#10324 = ORIENTED_EDGE('',*,*,#10325,.T.);
#10325 = EDGE_CURVE('',#10304,#10326,#10328,.T.);
#10326 = VERTEX_POINT('',#10327);
#10327 = CARTESIAN_POINT('',(13.8,-23.,3.1));
#10328 = LINE('',#10329,#10330);
#10329 = CARTESIAN_POINT('',(13.8,23.5,3.1));
#10330 = VECTOR('',#10331,1.);
#10331 = DIRECTION('',(0.,-1.,0.));
#10332 = ORIENTED_EDGE('',*,*,#10333,.T.);
#10333 = EDGE_CURVE('',#10326,#2996,#10334,.T.);
#10334 = LINE('',#10335,#10336);
#10335 = CARTESIAN_POINT('',(13.8,-23.,3.1));
#10336 = VECTOR('',#10337,1.);
#10337 = DIRECTION('',(1.,0.,0.));
#10338 = ORIENTED_EDGE('',*,*,#2995,.T.);
#10339 = ORIENTED_EDGE('',*,*,#10311,.T.);
#10340 = PLANE('',#10341);
#10341 = AXIS2_PLACEMENT_3D('',#10342,#10343,#10344);
#10342 = CARTESIAN_POINT('',(10.25,-0.5,3.1));
#10343 = DIRECTION('',(0.,0.,1.));
#10344 = DIRECTION('',(1.,0.,0.));
#10345 = ADVANCED_FACE('',(#10346),#10357,.F.);
#10346 = FACE_BOUND('',#10347,.T.);
#10347 = EDGE_LOOP('',(#10348,#10354,#10355,#10356));
#10348 = ORIENTED_EDGE('',*,*,#10349,.F.);
#10349 = EDGE_CURVE('',#4507,#10326,#10350,.T.);
#10350 = LINE('',#10351,#10352);
#10351 = CARTESIAN_POINT('',(13.8,-12.25,13.85));
#10352 = VECTOR('',#10353,1.);
#10353 = DIRECTION('',(0.,0.707106781187,0.707106781187));
#10354 = ORIENTED_EDGE('',*,*,#4514,.T.);
#10355 = ORIENTED_EDGE('',*,*,#3003,.T.);
#10356 = ORIENTED_EDGE('',*,*,#10333,.F.);
#10357 = PLANE('',#10358);
#10358 = AXIS2_PLACEMENT_3D('',#10359,#10360,#10361);
#10359 = CARTESIAN_POINT('',(13.8,-23.75,2.35));
#10360 = DIRECTION('',(0.,0.707106781187,-0.707106781187));
#10361 = DIRECTION('',(-1.,-0.,-0.));
#10362 = ADVANCED_FACE('',(#10363),#10381,.F.);
#10363 = FACE_BOUND('',#10364,.T.);
#10364 = EDGE_LOOP('',(#10365,#10366,#10367,#10375));
#10365 = ORIENTED_EDGE('',*,*,#3086,.F.);
#10366 = ORIENTED_EDGE('',*,*,#4430,.T.);
#10367 = ORIENTED_EDGE('',*,*,#10368,.T.);
#10368 = EDGE_CURVE('',#4414,#10369,#10371,.T.);
#10369 = VERTEX_POINT('',#10370);
#10370 = CARTESIAN_POINT('',(36.5,-21.49999999998,5.1));
#10371 = LINE('',#10372,#10373);
#10372 = CARTESIAN_POINT('',(36.5,-17.19758064514,9.402419354837));
#10373 = VECTOR('',#10374,1.);
#10374 = DIRECTION('',(-5.2E-16,0.707106781187,0.707106781187));
#10375 = ORIENTED_EDGE('',*,*,#10376,.F.);
#10376 = EDGE_CURVE('',#3087,#10369,#10377,.T.);
#10377 = LINE('',#10378,#10379);
#10378 = CARTESIAN_POINT('',(35.5,-21.49999999998,5.1));
#10379 = VECTOR('',#10380,1.);
#10380 = DIRECTION('',(1.,0.,0.));
#10381 = PLANE('',#10382);
#10382 = AXIS2_PLACEMENT_3D('',#10383,#10384,#10385);
#10383 = CARTESIAN_POINT('',(35.5,-22.99999999998,3.6));
#10384 = DIRECTION('',(0.,0.707106781187,-0.707106781187));
#10385 = DIRECTION('',(-1.,-0.,-0.));
#10386 = ADVANCED_FACE('',(#10387),#10405,.T.);
#10387 = FACE_BOUND('',#10388,.T.);
#10388 = EDGE_LOOP('',(#10389,#10397,#10403,#10404));
#10389 = ORIENTED_EDGE('',*,*,#10390,.T.);
#10390 = EDGE_CURVE('',#10369,#10391,#10393,.T.);
#10391 = VERTEX_POINT('',#10392);
#10392 = CARTESIAN_POINT('',(36.5,-20.49999999999,5.1));
#10393 = LINE('',#10394,#10395);
#10394 = CARTESIAN_POINT('',(36.5,-24.49999999998,5.1));
#10395 = VECTOR('',#10396,1.);
#10396 = DIRECTION('',(0.,1.,0.));
#10397 = ORIENTED_EDGE('',*,*,#10398,.T.);
#10398 = EDGE_CURVE('',#10391,#3095,#10399,.T.);
#10399 = LINE('',#10400,#10401);
#10400 = CARTESIAN_POINT('',(36.5,-20.49999999999,5.1));
#10401 = VECTOR('',#10402,1.);
#10402 = DIRECTION('',(-1.,0.,0.));
#10403 = ORIENTED_EDGE('',*,*,#3094,.T.);
#10404 = ORIENTED_EDGE('',*,*,#10376,.T.);
#10405 = PLANE('',#10406);
#10406 = AXIS2_PLACEMENT_3D('',#10407,#10408,#10409);
#10407 = CARTESIAN_POINT('',(-6.14025E-12,-0.499999999996,5.1));
#10408 = DIRECTION('',(0.,0.,1.));
#10409 = DIRECTION('',(1.,0.,0.));
#10410 = ADVANCED_FACE('',(#10411),#10430,.F.);
#10411 = FACE_BOUND('',#10412,.F.);
#10412 = EDGE_LOOP('',(#10413,#10422,#10423,#10424));
#10413 = ORIENTED_EDGE('',*,*,#10414,.T.);
#10414 = EDGE_CURVE('',#10415,#10391,#10417,.T.);
#10415 = VERTEX_POINT('',#10416);
#10416 = CARTESIAN_POINT('',(36.5,-19.49999999999,6.1));
#10417 = CIRCLE('',#10418,1.);
#10418 = AXIS2_PLACEMENT_3D('',#10419,#10420,#10421);
#10419 = CARTESIAN_POINT('',(36.5,-20.49999999999,6.1));
#10420 = DIRECTION('',(-1.,0.,0.));
#10421 = DIRECTION('',(0.,0.,-1.));
#10422 = ORIENTED_EDGE('',*,*,#10398,.T.);
#10423 = ORIENTED_EDGE('',*,*,#3102,.F.);
#10424 = ORIENTED_EDGE('',*,*,#10425,.F.);
#10425 = EDGE_CURVE('',#10415,#3103,#10426,.T.);
#10426 = LINE('',#10427,#10428);
#10427 = CARTESIAN_POINT('',(36.5,-19.49999999999,6.1));
#10428 = VECTOR('',#10429,1.);
#10429 = DIRECTION('',(-1.,0.,0.));
#10430 = CYLINDRICAL_SURFACE('',#10431,1.);
#10431 = AXIS2_PLACEMENT_3D('',#10432,#10433,#10434);
#10432 = CARTESIAN_POINT('',(36.5,-20.49999999999,6.1));
#10433 = DIRECTION('',(-1.,0.,0.));
#10434 = DIRECTION('',(0.,1.,0.));
#10435 = ADVANCED_FACE('',(#10436),#10454,.T.);
#10436 = FACE_BOUND('',#10437,.T.);
#10437 = EDGE_LOOP('',(#10438,#10446,#10452,#10453));
#10438 = ORIENTED_EDGE('',*,*,#10439,.T.);
#10439 = EDGE_CURVE('',#10415,#10440,#10442,.T.);
#10440 = VERTEX_POINT('',#10441);
#10441 = CARTESIAN_POINT('',(36.5,-19.49999999999,10.1));
#10442 = LINE('',#10443,#10444);
#10443 = CARTESIAN_POINT('',(36.5,-19.49999999999,5.1));
#10444 = VECTOR('',#10445,1.);
#10445 = DIRECTION('',(0.,0.,1.));
#10446 = ORIENTED_EDGE('',*,*,#10447,.T.);
#10447 = EDGE_CURVE('',#10440,#3112,#10448,.T.);
#10448 = LINE('',#10449,#10450);
#10449 = CARTESIAN_POINT('',(36.5,-19.49999999999,10.1));
#10450 = VECTOR('',#10451,1.);
#10451 = DIRECTION('',(-1.,0.,0.));
#10452 = ORIENTED_EDGE('',*,*,#3111,.F.);
#10453 = ORIENTED_EDGE('',*,*,#10425,.F.);
#10454 = PLANE('',#10455);
#10455 = AXIS2_PLACEMENT_3D('',#10456,#10457,#10458);
#10456 = CARTESIAN_POINT('',(36.5,-19.49999999999,5.1));
#10457 = DIRECTION('',(0.,-1.,0.));
#10458 = DIRECTION('',(-1.,0.,0.));
#10459 = ADVANCED_FACE('',(#10460),#10483,.F.);
#10460 = FACE_BOUND('',#10461,.F.);
#10461 = EDGE_LOOP('',(#10462,#10463,#10470,#10478));
#10462 = ORIENTED_EDGE('',*,*,#3119,.T.);
#10463 = ORIENTED_EDGE('',*,*,#10464,.T.);
#10464 = EDGE_CURVE('',#3120,#10465,#10467,.T.);
#10465 = VERTEX_POINT('',#10466);
#10466 = CARTESIAN_POINT('',(35.745569121806,-13.74556912179,12.1));
#10467 = B_SPLINE_CURVE_WITH_KNOTS('',1,(#10468,#10469),.UNSPECIFIED.,
  .F.,.F.,(2,2),(0.,1.),.PIECEWISE_BEZIER_KNOTS.);
#10468 = CARTESIAN_POINT('',(35.5,-13.49999999999,10.1));
#10469 = CARTESIAN_POINT('',(35.745569121806,-13.74556912179,12.1));
#10470 = ORIENTED_EDGE('',*,*,#10471,.F.);
#10471 = EDGE_CURVE('',#10472,#10465,#10474,.T.);
#10472 = VERTEX_POINT('',#10473);
#10473 = CARTESIAN_POINT('',(35.745569121806,-19.25443087818,12.1));
#10474 = LINE('',#10475,#10476);
#10475 = CARTESIAN_POINT('',(35.745569121806,-19.49999999999,12.1));
#10476 = VECTOR('',#10477,1.);
#10477 = DIRECTION('',(0.,1.,0.));
#10478 = ORIENTED_EDGE('',*,*,#10479,.F.);
#10479 = EDGE_CURVE('',#3112,#10472,#10480,.T.);
#10480 = B_SPLINE_CURVE_WITH_KNOTS('',1,(#10481,#10482),.UNSPECIFIED.,
  .F.,.F.,(2,2),(0.,1.),.PIECEWISE_BEZIER_KNOTS.);
#10481 = CARTESIAN_POINT('',(35.5,-19.49999999999,10.1));
#10482 = CARTESIAN_POINT('',(35.745569121806,-19.25443087818,12.1));
#10483 = B_SPLINE_SURFACE_WITH_KNOTS('',1,1,(
    (#10484,#10485)
    ,(#10486,#10487
    )),.UNSPECIFIED.,.F.,.F.,.F.,(2,2),(2,2),(0.,6.),(0.,1.),
  .PIECEWISE_BEZIER_KNOTS.);
#10484 = CARTESIAN_POINT('',(35.5,-19.49999999999,10.1));
#10485 = CARTESIAN_POINT('',(35.745569121806,-19.25443087818,12.1));
#10486 = CARTESIAN_POINT('',(35.5,-13.49999999999,10.1));
#10487 = CARTESIAN_POINT('',(35.745569121806,-13.74556912179,12.1));
#10488 = ADVANCED_FACE('',(#10489),#10514,.T.);
#10489 = FACE_BOUND('',#10490,.T.);
#10490 = EDGE_LOOP('',(#10491,#10492,#10500,#10508));
#10491 = ORIENTED_EDGE('',*,*,#3127,.T.);
#10492 = ORIENTED_EDGE('',*,*,#10493,.T.);
#10493 = EDGE_CURVE('',#3120,#10494,#10496,.T.);
#10494 = VERTEX_POINT('',#10495);
#10495 = CARTESIAN_POINT('',(36.5,-13.49999999999,10.1));
#10496 = LINE('',#10497,#10498);
#10497 = CARTESIAN_POINT('',(35.5,-13.49999999999,10.1));
#10498 = VECTOR('',#10499,1.);
#10499 = DIRECTION('',(1.,0.,0.));
#10500 = ORIENTED_EDGE('',*,*,#10501,.F.);
#10501 = EDGE_CURVE('',#10502,#10494,#10504,.T.);
#10502 = VERTEX_POINT('',#10503);
#10503 = CARTESIAN_POINT('',(36.5,-13.49999999999,6.1));
#10504 = LINE('',#10505,#10506);
#10505 = CARTESIAN_POINT('',(36.5,-13.49999999999,5.1));
#10506 = VECTOR('',#10507,1.);
#10507 = DIRECTION('',(0.,0.,1.));
#10508 = ORIENTED_EDGE('',*,*,#10509,.F.);
#10509 = EDGE_CURVE('',#3128,#10502,#10510,.T.);
#10510 = LINE('',#10511,#10512);
#10511 = CARTESIAN_POINT('',(35.5,-13.49999999999,6.1));
#10512 = VECTOR('',#10513,1.);
#10513 = DIRECTION('',(1.,0.,0.));
#10514 = PLANE('',#10515);
#10515 = AXIS2_PLACEMENT_3D('',#10516,#10517,#10518);
#10516 = CARTESIAN_POINT('',(35.5,-13.49999999999,5.1));
#10517 = DIRECTION('',(0.,1.,0.));
#10518 = DIRECTION('',(1.,0.,0.));
#10519 = ADVANCED_FACE('',(#10520),#10538,.F.);
#10520 = FACE_BOUND('',#10521,.T.);
#10521 = EDGE_LOOP('',(#10522,#10530,#10531,#10532));
#10522 = ORIENTED_EDGE('',*,*,#10523,.F.);
#10523 = EDGE_CURVE('',#4481,#10524,#10526,.T.);
#10524 = VERTEX_POINT('',#10525);
#10525 = CARTESIAN_POINT('',(36.5,20.5,5.1));
#10526 = LINE('',#10527,#10528);
#10527 = CARTESIAN_POINT('',(36.5,16.197580645163,9.402419354837));
#10528 = VECTOR('',#10529,1.);
#10529 = DIRECTION('',(-5.2E-16,-0.707106781187,0.707106781187));
#10530 = ORIENTED_EDGE('',*,*,#4488,.T.);
#10531 = ORIENTED_EDGE('',*,*,#3202,.T.);
#10532 = ORIENTED_EDGE('',*,*,#10533,.F.);
#10533 = EDGE_CURVE('',#10524,#3195,#10534,.T.);
#10534 = LINE('',#10535,#10536);
#10535 = CARTESIAN_POINT('',(36.5,20.5,5.1));
#10536 = VECTOR('',#10537,1.);
#10537 = DIRECTION('',(-1.,0.,0.));
#10538 = PLANE('',#10539);
#10539 = AXIS2_PLACEMENT_3D('',#10540,#10541,#10542);
#10540 = CARTESIAN_POINT('',(36.5,22.,3.6));
#10541 = DIRECTION('',(0.,-0.707106781187,-0.707106781187));
#10542 = DIRECTION('',(1.,0.,0.));
#10543 = ADVANCED_FACE('',(#10544),#10563,.F.);
#10544 = FACE_BOUND('',#10545,.T.);
#10545 = EDGE_LOOP('',(#10546,#10547,#10548,#10557));
#10546 = ORIENTED_EDGE('',*,*,#3135,.T.);
#10547 = ORIENTED_EDGE('',*,*,#10509,.T.);
#10548 = ORIENTED_EDGE('',*,*,#10549,.F.);
#10549 = EDGE_CURVE('',#10550,#10502,#10552,.T.);
#10550 = VERTEX_POINT('',#10551);
#10551 = CARTESIAN_POINT('',(36.5,-12.49999999999,5.1));
#10552 = CIRCLE('',#10553,1.);
#10553 = AXIS2_PLACEMENT_3D('',#10554,#10555,#10556);
#10554 = CARTESIAN_POINT('',(36.5,-12.49999999999,6.1));
#10555 = DIRECTION('',(-1.,0.,0.));
#10556 = DIRECTION('',(0.,0.,1.));
#10557 = ORIENTED_EDGE('',*,*,#10558,.F.);
#10558 = EDGE_CURVE('',#3136,#10550,#10559,.T.);
#10559 = LINE('',#10560,#10561);
#10560 = CARTESIAN_POINT('',(35.5,-12.49999999999,5.1));
#10561 = VECTOR('',#10562,1.);
#10562 = DIRECTION('',(1.,0.,0.));
#10563 = CYLINDRICAL_SURFACE('',#10564,1.);
#10564 = AXIS2_PLACEMENT_3D('',#10565,#10566,#10567);
#10565 = CARTESIAN_POINT('',(35.5,-12.49999999999,6.1));
#10566 = DIRECTION('',(1.,0.,0.));
#10567 = DIRECTION('',(0.,0.,-1.));
#10568 = ADVANCED_FACE('',(#10569),#10587,.T.);
#10569 = FACE_BOUND('',#10570,.T.);
#10570 = EDGE_LOOP('',(#10571,#10579,#10580,#10581));
#10571 = ORIENTED_EDGE('',*,*,#10572,.T.);
#10572 = EDGE_CURVE('',#10573,#10524,#10575,.T.);
#10573 = VERTEX_POINT('',#10574);
#10574 = CARTESIAN_POINT('',(36.5,19.5,5.1));
#10575 = LINE('',#10576,#10577);
#10576 = CARTESIAN_POINT('',(36.5,-24.49999999998,5.1));
#10577 = VECTOR('',#10578,1.);
#10578 = DIRECTION('',(0.,1.,0.));
#10579 = ORIENTED_EDGE('',*,*,#10533,.T.);
#10580 = ORIENTED_EDGE('',*,*,#3194,.T.);
#10581 = ORIENTED_EDGE('',*,*,#10582,.F.);
#10582 = EDGE_CURVE('',#10573,#3186,#10583,.T.);
#10583 = LINE('',#10584,#10585);
#10584 = CARTESIAN_POINT('',(36.5,19.5,5.1));
#10585 = VECTOR('',#10586,1.);
#10586 = DIRECTION('',(-1.,0.,0.));
#10587 = PLANE('',#10588);
#10588 = AXIS2_PLACEMENT_3D('',#10589,#10590,#10591);
#10589 = CARTESIAN_POINT('',(-6.14025E-12,-0.499999999996,5.1));
#10590 = DIRECTION('',(0.,0.,1.));
#10591 = DIRECTION('',(1.,0.,0.));
#10592 = ADVANCED_FACE('',(#10593),#10611,.T.);
#10593 = FACE_BOUND('',#10594,.T.);
#10594 = EDGE_LOOP('',(#10595,#10603,#10609,#10610));
#10595 = ORIENTED_EDGE('',*,*,#10596,.T.);
#10596 = EDGE_CURVE('',#10550,#10597,#10599,.T.);
#10597 = VERTEX_POINT('',#10598);
#10598 = CARTESIAN_POINT('',(36.5,11.5,5.1));
#10599 = LINE('',#10600,#10601);
#10600 = CARTESIAN_POINT('',(36.5,-24.49999999998,5.1));
#10601 = VECTOR('',#10602,1.);
#10602 = DIRECTION('',(0.,1.,0.));
#10603 = ORIENTED_EDGE('',*,*,#10604,.F.);
#10604 = EDGE_CURVE('',#3145,#10597,#10605,.T.);
#10605 = LINE('',#10606,#10607);
#10606 = CARTESIAN_POINT('',(35.5,11.5,5.1));
#10607 = VECTOR('',#10608,1.);
#10608 = DIRECTION('',(1.,0.,0.));
#10609 = ORIENTED_EDGE('',*,*,#3144,.T.);
#10610 = ORIENTED_EDGE('',*,*,#10558,.T.);
#10611 = PLANE('',#10612);
#10612 = AXIS2_PLACEMENT_3D('',#10613,#10614,#10615);
#10613 = CARTESIAN_POINT('',(-6.14025E-12,-0.499999999996,5.1));
#10614 = DIRECTION('',(0.,0.,1.));
#10615 = DIRECTION('',(1.,0.,0.));
#10616 = ADVANCED_FACE('',(#10617),#10636,.F.);
#10617 = FACE_BOUND('',#10618,.F.);
#10618 = EDGE_LOOP('',(#10619,#10628,#10634,#10635));
#10619 = ORIENTED_EDGE('',*,*,#10620,.T.);
#10620 = EDGE_CURVE('',#10573,#10621,#10623,.T.);
#10621 = VERTEX_POINT('',#10622);
#10622 = CARTESIAN_POINT('',(36.5,18.5,6.1));
#10623 = CIRCLE('',#10624,1.);
#10624 = AXIS2_PLACEMENT_3D('',#10625,#10626,#10627);
#10625 = CARTESIAN_POINT('',(36.5,19.5,6.1));
#10626 = DIRECTION('',(-1.,0.,0.));
#10627 = DIRECTION('',(0.,0.,-1.));
#10628 = ORIENTED_EDGE('',*,*,#10629,.T.);
#10629 = EDGE_CURVE('',#10621,#3178,#10630,.T.);
#10630 = LINE('',#10631,#10632);
#10631 = CARTESIAN_POINT('',(36.5,18.5,6.1));
#10632 = VECTOR('',#10633,1.);
#10633 = DIRECTION('',(-1.,0.,0.));
#10634 = ORIENTED_EDGE('',*,*,#3185,.F.);
#10635 = ORIENTED_EDGE('',*,*,#10582,.F.);
#10636 = CYLINDRICAL_SURFACE('',#10637,1.);
#10637 = AXIS2_PLACEMENT_3D('',#10638,#10639,#10640);
#10638 = CARTESIAN_POINT('',(36.5,19.5,6.1));
#10639 = DIRECTION('',(-1.,0.,0.));
#10640 = DIRECTION('',(0.,0.,-1.));
#10641 = ADVANCED_FACE('',(#10642),#10661,.F.);
#10642 = FACE_BOUND('',#10643,.T.);
#10643 = EDGE_LOOP('',(#10644,#10645,#10646,#10655));
#10644 = ORIENTED_EDGE('',*,*,#3152,.T.);
#10645 = ORIENTED_EDGE('',*,*,#10604,.T.);
#10646 = ORIENTED_EDGE('',*,*,#10647,.F.);
#10647 = EDGE_CURVE('',#10648,#10597,#10650,.T.);
#10648 = VERTEX_POINT('',#10649);
#10649 = CARTESIAN_POINT('',(36.5,12.5,6.1));
#10650 = CIRCLE('',#10651,1.);
#10651 = AXIS2_PLACEMENT_3D('',#10652,#10653,#10654);
#10652 = CARTESIAN_POINT('',(36.5,11.5,6.1));
#10653 = DIRECTION('',(-1.,0.,0.));
#10654 = DIRECTION('',(0.,0.,1.));
#10655 = ORIENTED_EDGE('',*,*,#10656,.F.);
#10656 = EDGE_CURVE('',#3153,#10648,#10657,.T.);
#10657 = LINE('',#10658,#10659);
#10658 = CARTESIAN_POINT('',(35.5,12.5,6.1));
#10659 = VECTOR('',#10660,1.);
#10660 = DIRECTION('',(1.,0.,0.));
#10661 = CYLINDRICAL_SURFACE('',#10662,1.);
#10662 = AXIS2_PLACEMENT_3D('',#10663,#10664,#10665);
#10663 = CARTESIAN_POINT('',(35.5,11.5,6.1));
#10664 = DIRECTION('',(1.,0.,0.));
#10665 = DIRECTION('',(0.,1.,0.));
#10666 = ADVANCED_FACE('',(#10667),#10685,.F.);
#10667 = FACE_BOUND('',#10668,.F.);
#10668 = EDGE_LOOP('',(#10669,#10677,#10683,#10684));
#10669 = ORIENTED_EDGE('',*,*,#10670,.T.);
#10670 = EDGE_CURVE('',#10621,#10671,#10673,.T.);
#10671 = VERTEX_POINT('',#10672);
#10672 = CARTESIAN_POINT('',(36.5,18.5,10.1));
#10673 = LINE('',#10674,#10675);
#10674 = CARTESIAN_POINT('',(36.5,18.5,5.1));
#10675 = VECTOR('',#10676,1.);
#10676 = DIRECTION('',(0.,0.,1.));
#10677 = ORIENTED_EDGE('',*,*,#10678,.T.);
#10678 = EDGE_CURVE('',#10671,#3170,#10679,.T.);
#10679 = LINE('',#10680,#10681);
#10680 = CARTESIAN_POINT('',(36.5,18.5,10.1));
#10681 = VECTOR('',#10682,1.);
#10682 = DIRECTION('',(-1.,0.,0.));
#10683 = ORIENTED_EDGE('',*,*,#3177,.F.);
#10684 = ORIENTED_EDGE('',*,*,#10629,.F.);
#10685 = PLANE('',#10686);
#10686 = AXIS2_PLACEMENT_3D('',#10687,#10688,#10689);
#10687 = CARTESIAN_POINT('',(36.5,18.5,5.1));
#10688 = DIRECTION('',(0.,-1.,0.));
#10689 = DIRECTION('',(-1.,0.,0.));
#10690 = ADVANCED_FACE('',(#10691),#10709,.F.);
#10691 = FACE_BOUND('',#10692,.F.);
#10692 = EDGE_LOOP('',(#10693,#10694,#10702,#10708));
#10693 = ORIENTED_EDGE('',*,*,#3161,.T.);
#10694 = ORIENTED_EDGE('',*,*,#10695,.T.);
#10695 = EDGE_CURVE('',#3162,#10696,#10698,.T.);
#10696 = VERTEX_POINT('',#10697);
#10697 = CARTESIAN_POINT('',(36.5,12.5,10.1));
#10698 = LINE('',#10699,#10700);
#10699 = CARTESIAN_POINT('',(35.5,12.5,10.1));
#10700 = VECTOR('',#10701,1.);
#10701 = DIRECTION('',(1.,0.,0.));
#10702 = ORIENTED_EDGE('',*,*,#10703,.F.);
#10703 = EDGE_CURVE('',#10648,#10696,#10704,.T.);
#10704 = LINE('',#10705,#10706);
#10705 = CARTESIAN_POINT('',(36.5,12.5,5.1));
#10706 = VECTOR('',#10707,1.);
#10707 = DIRECTION('',(0.,0.,1.));
#10708 = ORIENTED_EDGE('',*,*,#10656,.F.);
#10709 = PLANE('',#10710);
#10710 = AXIS2_PLACEMENT_3D('',#10711,#10712,#10713);
#10711 = CARTESIAN_POINT('',(35.5,12.5,5.1));
#10712 = DIRECTION('',(0.,1.,0.));
#10713 = DIRECTION('',(1.,0.,0.));
#10714 = ADVANCED_FACE('',(#10715),#10738,.T.);
#10715 = FACE_BOUND('',#10716,.T.);
#10716 = EDGE_LOOP('',(#10717,#10718,#10725,#10733));
#10717 = ORIENTED_EDGE('',*,*,#3169,.T.);
#10718 = ORIENTED_EDGE('',*,*,#10719,.T.);
#10719 = EDGE_CURVE('',#3162,#10720,#10722,.T.);
#10720 = VERTEX_POINT('',#10721);
#10721 = CARTESIAN_POINT('',(35.745569121806,12.745569121806,12.1));
#10722 = B_SPLINE_CURVE_WITH_KNOTS('',1,(#10723,#10724),.UNSPECIFIED.,
  .F.,.F.,(2,2),(0.,1.),.PIECEWISE_BEZIER_KNOTS.);
#10723 = CARTESIAN_POINT('',(35.5,12.5,10.1));
#10724 = CARTESIAN_POINT('',(35.745569121806,12.745569121806,12.1));
#10725 = ORIENTED_EDGE('',*,*,#10726,.F.);
#10726 = EDGE_CURVE('',#10727,#10720,#10729,.T.);
#10727 = VERTEX_POINT('',#10728);
#10728 = CARTESIAN_POINT('',(35.745569121806,18.254430878194,12.1));
#10729 = LINE('',#10730,#10731);
#10730 = CARTESIAN_POINT('',(35.745569121806,18.5,12.1));
#10731 = VECTOR('',#10732,1.);
#10732 = DIRECTION('',(0.,-1.,0.));
#10733 = ORIENTED_EDGE('',*,*,#10734,.F.);
#10734 = EDGE_CURVE('',#3170,#10727,#10735,.T.);
#10735 = B_SPLINE_CURVE_WITH_KNOTS('',1,(#10736,#10737),.UNSPECIFIED.,
  .F.,.F.,(2,2),(0.,1.),.PIECEWISE_BEZIER_KNOTS.);
#10736 = CARTESIAN_POINT('',(35.5,18.5,10.1));
#10737 = CARTESIAN_POINT('',(35.745569121806,18.254430878194,12.1));
#10738 = B_SPLINE_SURFACE_WITH_KNOTS('',1,1,(
    (#10739,#10740)
    ,(#10741,#10742
    )),.UNSPECIFIED.,.F.,.F.,.F.,(2,2),(2,2),(0.,6.),(0.,1.),
  .PIECEWISE_BEZIER_KNOTS.);
#10739 = CARTESIAN_POINT('',(35.5,18.5,10.1));
#10740 = CARTESIAN_POINT('',(35.745569121806,18.254430878194,12.1));
#10741 = CARTESIAN_POINT('',(35.5,12.5,10.1));
#10742 = CARTESIAN_POINT('',(35.745569121806,12.745569121806,12.1));
#10743 = ADVANCED_FACE('',(#10744),#10774,.T.);
#10744 = FACE_BOUND('',#10745,.T.);
#10745 = EDGE_LOOP('',(#10746,#10747,#10748,#10749,#10750,#10751,#10757,
    #10758,#10759,#10760,#10761,#10762,#10768,#10769,#10770,#10771,
    #10772,#10773));
#10746 = ORIENTED_EDGE('',*,*,#3430,.T.);
#10747 = ORIENTED_EDGE('',*,*,#3494,.F.);
#10748 = ORIENTED_EDGE('',*,*,#3552,.F.);
#10749 = ORIENTED_EDGE('',*,*,#3600,.T.);
#10750 = ORIENTED_EDGE('',*,*,#3650,.T.);
#10751 = ORIENTED_EDGE('',*,*,#10752,.T.);
#10752 = EDGE_CURVE('',#3643,#3666,#10753,.T.);
#10753 = LINE('',#10754,#10755);
#10754 = CARTESIAN_POINT('',(-36.5,-19.49999999999,10.1));
#10755 = VECTOR('',#10756,1.);
#10756 = DIRECTION('',(0.,1.,0.));
#10757 = ORIENTED_EDGE('',*,*,#3665,.F.);
#10758 = ORIENTED_EDGE('',*,*,#3616,.T.);
#10759 = ORIENTED_EDGE('',*,*,#3569,.F.);
#10760 = ORIENTED_EDGE('',*,*,#3518,.T.);
#10761 = ORIENTED_EDGE('',*,*,#3463,.T.);
#10762 = ORIENTED_EDGE('',*,*,#10763,.F.);
#10763 = EDGE_CURVE('',#3379,#3466,#10764,.T.);
#10764 = LINE('',#10765,#10766);
#10765 = CARTESIAN_POINT('',(-36.5,18.5,10.1));
#10766 = VECTOR('',#10767,1.);
#10767 = DIRECTION('',(0.,-1.,0.));
#10768 = ORIENTED_EDGE('',*,*,#3386,.F.);
#10769 = ORIENTED_EDGE('',*,*,#3361,.F.);
#10770 = ORIENTED_EDGE('',*,*,#3330,.F.);
#10771 = ORIENTED_EDGE('',*,*,#3306,.F.);
#10772 = ORIENTED_EDGE('',*,*,#3271,.F.);
#10773 = ORIENTED_EDGE('',*,*,#4175,.T.);
#10774 = PLANE('',#10775);
#10775 = AXIS2_PLACEMENT_3D('',#10776,#10777,#10778);
#10776 = CARTESIAN_POINT('',(-36.5,-0.499999999999,4.309677419355));
#10777 = DIRECTION('',(-1.,-0.,-0.));
#10778 = DIRECTION('',(0.,0.,-1.));
#10779 = ADVANCED_FACE('',(#10780),#10797,.T.);
#10780 = FACE_BOUND('',#10781,.T.);
#10781 = EDGE_LOOP('',(#10782,#10783,#10790,#10796));
#10782 = ORIENTED_EDGE('',*,*,#3378,.T.);
#10783 = ORIENTED_EDGE('',*,*,#10784,.T.);
#10784 = EDGE_CURVE('',#3379,#10785,#10787,.T.);
#10785 = VERTEX_POINT('',#10786);
#10786 = CARTESIAN_POINT('',(-36.25443087819,18.254430878194,12.1));
#10787 = B_SPLINE_CURVE_WITH_KNOTS('',1,(#10788,#10789),.UNSPECIFIED.,
  .F.,.F.,(2,2),(0.,1.),.PIECEWISE_BEZIER_KNOTS.);
#10788 = CARTESIAN_POINT('',(-36.5,18.5,10.1));
#10789 = CARTESIAN_POINT('',(-36.25443087819,18.254430878194,12.1));
#10790 = ORIENTED_EDGE('',*,*,#10791,.F.);
#10791 = EDGE_CURVE('',#3403,#10785,#10792,.T.);
#10792 = LINE('',#10793,#10794);
#10793 = CARTESIAN_POINT('',(-35.5,18.254430878194,12.1));
#10794 = VECTOR('',#10795,1.);
#10795 = DIRECTION('',(-1.,0.,0.));
#10796 = ORIENTED_EDGE('',*,*,#3402,.F.);
#10797 = B_SPLINE_SURFACE_WITH_KNOTS('',1,1,(
    (#10798,#10799)
    ,(#10800,#10801
    )),.UNSPECIFIED.,.F.,.F.,.F.,(2,2),(2,2),(0.,1.),(0.,1.),
  .PIECEWISE_BEZIER_KNOTS.);
#10798 = CARTESIAN_POINT('',(-35.5,18.5,10.1));
#10799 = CARTESIAN_POINT('',(-35.7455691218,18.254430878194,12.1));
#10800 = CARTESIAN_POINT('',(-36.5,18.5,10.1));
#10801 = CARTESIAN_POINT('',(-36.25443087819,18.254430878194,12.1));
#10802 = ADVANCED_FACE('',(#10803),#10821,.F.);
#10803 = FACE_BOUND('',#10804,.T.);
#10804 = EDGE_LOOP('',(#10805,#10813,#10819,#10820));
#10805 = ORIENTED_EDGE('',*,*,#10806,.T.);
#10806 = EDGE_CURVE('',#10785,#10807,#10809,.T.);
#10807 = VERTEX_POINT('',#10808);
#10808 = CARTESIAN_POINT('',(-36.25443087819,12.745569121806,12.1));
#10809 = LINE('',#10810,#10811);
#10810 = CARTESIAN_POINT('',(-36.25443087819,18.5,12.1));
#10811 = VECTOR('',#10812,1.);
#10812 = DIRECTION('',(0.,-1.,0.));
#10813 = ORIENTED_EDGE('',*,*,#10814,.T.);
#10814 = EDGE_CURVE('',#10807,#3410,#10815,.T.);
#10815 = LINE('',#10816,#10817);
#10816 = CARTESIAN_POINT('',(-36.5,12.745569121806,12.1));
#10817 = VECTOR('',#10818,1.);
#10818 = DIRECTION('',(1.,0.,0.));
#10819 = ORIENTED_EDGE('',*,*,#3409,.T.);
#10820 = ORIENTED_EDGE('',*,*,#10791,.T.);
#10821 = PLANE('',#10822);
#10822 = AXIS2_PLACEMENT_3D('',#10823,#10824,#10825);
#10823 = CARTESIAN_POINT('',(-36.25443087819,18.254430878194,12.1));
#10824 = DIRECTION('',(0.,0.,-1.));
#10825 = DIRECTION('',(9.197991235818E-02,-0.995760862719,0.));
#10826 = ADVANCED_FACE('',(#10827),#10837,.T.);
#10827 = FACE_BOUND('',#10828,.T.);
#10828 = EDGE_LOOP('',(#10829,#10830,#10831,#10832));
#10829 = ORIENTED_EDGE('',*,*,#3473,.T.);
#10830 = ORIENTED_EDGE('',*,*,#3417,.T.);
#10831 = ORIENTED_EDGE('',*,*,#10814,.F.);
#10832 = ORIENTED_EDGE('',*,*,#10833,.F.);
#10833 = EDGE_CURVE('',#3466,#10807,#10834,.T.);
#10834 = B_SPLINE_CURVE_WITH_KNOTS('',1,(#10835,#10836),.UNSPECIFIED.,
  .F.,.F.,(2,2),(0.,1.),.PIECEWISE_BEZIER_KNOTS.);
#10835 = CARTESIAN_POINT('',(-36.5,12.5,10.1));
#10836 = CARTESIAN_POINT('',(-36.25443087819,12.745569121806,12.1));
#10837 = B_SPLINE_SURFACE_WITH_KNOTS('',1,1,(
    (#10838,#10839)
    ,(#10840,#10841
    )),.UNSPECIFIED.,.F.,.F.,.F.,(2,2),(2,2),(0.,1.),(0.,1.),
  .PIECEWISE_BEZIER_KNOTS.);
#10838 = CARTESIAN_POINT('',(-36.5,12.5,10.1));
#10839 = CARTESIAN_POINT('',(-36.25443087819,12.745569121806,12.1));
#10840 = CARTESIAN_POINT('',(-35.5,12.5,10.1));
#10841 = CARTESIAN_POINT('',(-35.7455691218,12.745569121806,12.1));
#10842 = ADVANCED_FACE('',(#10843),#10860,.F.);
#10843 = FACE_BOUND('',#10844,.F.);
#10844 = EDGE_LOOP('',(#10845,#10846,#10853,#10859));
#10845 = ORIENTED_EDGE('',*,*,#3642,.T.);
#10846 = ORIENTED_EDGE('',*,*,#10847,.T.);
#10847 = EDGE_CURVE('',#3643,#10848,#10850,.T.);
#10848 = VERTEX_POINT('',#10849);
#10849 = CARTESIAN_POINT('',(-36.25443087819,-19.25443087818,12.1));
#10850 = B_SPLINE_CURVE_WITH_KNOTS('',1,(#10851,#10852),.UNSPECIFIED.,
  .F.,.F.,(2,2),(0.,1.),.PIECEWISE_BEZIER_KNOTS.);
#10851 = CARTESIAN_POINT('',(-36.5,-19.49999999999,10.1));
#10852 = CARTESIAN_POINT('',(-36.25443087819,-19.25443087818,12.1));
#10853 = ORIENTED_EDGE('',*,*,#10854,.F.);
#10854 = EDGE_CURVE('',#3691,#10848,#10855,.T.);
#10855 = LINE('',#10856,#10857);
#10856 = CARTESIAN_POINT('',(-35.5,-19.25443087818,12.1));
#10857 = VECTOR('',#10858,1.);
#10858 = DIRECTION('',(-1.,0.,0.));
#10859 = ORIENTED_EDGE('',*,*,#3690,.F.);
#10860 = B_SPLINE_SURFACE_WITH_KNOTS('',1,1,(
    (#10861,#10862)
    ,(#10863,#10864
    )),.UNSPECIFIED.,.F.,.F.,.F.,(2,2),(2,2),(0.,1.),(0.,1.),
  .PIECEWISE_BEZIER_KNOTS.);
#10861 = CARTESIAN_POINT('',(-35.5,-19.49999999999,10.1));
#10862 = CARTESIAN_POINT('',(-35.7455691218,-19.25443087818,12.1));
#10863 = CARTESIAN_POINT('',(-36.5,-19.49999999999,10.1));
#10864 = CARTESIAN_POINT('',(-36.25443087819,-19.25443087818,12.1));
#10865 = ADVANCED_FACE('',(#10866),#10883,.F.);
#10866 = FACE_BOUND('',#10867,.F.);
#10867 = EDGE_LOOP('',(#10868,#10869,#10870,#10878));
#10868 = ORIENTED_EDGE('',*,*,#3673,.T.);
#10869 = ORIENTED_EDGE('',*,*,#3705,.T.);
#10870 = ORIENTED_EDGE('',*,*,#10871,.F.);
#10871 = EDGE_CURVE('',#10872,#3698,#10874,.T.);
#10872 = VERTEX_POINT('',#10873);
#10873 = CARTESIAN_POINT('',(-36.25443087819,-13.74556912179,12.1));
#10874 = LINE('',#10875,#10876);
#10875 = CARTESIAN_POINT('',(-36.5,-13.74556912179,12.1));
#10876 = VECTOR('',#10877,1.);
#10877 = DIRECTION('',(1.,0.,0.));
#10878 = ORIENTED_EDGE('',*,*,#10879,.F.);
#10879 = EDGE_CURVE('',#3666,#10872,#10880,.T.);
#10880 = B_SPLINE_CURVE_WITH_KNOTS('',1,(#10881,#10882),.UNSPECIFIED.,
  .F.,.F.,(2,2),(0.,1.),.PIECEWISE_BEZIER_KNOTS.);
#10881 = CARTESIAN_POINT('',(-36.5,-13.49999999999,10.1));
#10882 = CARTESIAN_POINT('',(-36.25443087819,-13.74556912179,12.1));
#10883 = B_SPLINE_SURFACE_WITH_KNOTS('',1,1,(
    (#10884,#10885)
    ,(#10886,#10887
    )),.UNSPECIFIED.,.F.,.F.,.F.,(2,2),(2,2),(0.,1.),(0.,1.),
  .PIECEWISE_BEZIER_KNOTS.);
#10884 = CARTESIAN_POINT('',(-36.5,-13.49999999999,10.1));
#10885 = CARTESIAN_POINT('',(-36.25443087819,-13.74556912179,12.1));
#10886 = CARTESIAN_POINT('',(-35.5,-13.49999999999,10.1));
#10887 = CARTESIAN_POINT('',(-35.7455691218,-13.74556912179,12.1));
#10888 = ADVANCED_FACE('',(#10889),#10900,.T.);
#10889 = FACE_BOUND('',#10890,.F.);
#10890 = EDGE_LOOP('',(#10891,#10897,#10898,#10899));
#10891 = ORIENTED_EDGE('',*,*,#10892,.T.);
#10892 = EDGE_CURVE('',#10848,#10872,#10893,.T.);
#10893 = LINE('',#10894,#10895);
#10894 = CARTESIAN_POINT('',(-36.25443087819,-19.49999999999,12.1));
#10895 = VECTOR('',#10896,1.);
#10896 = DIRECTION('',(0.,1.,0.));
#10897 = ORIENTED_EDGE('',*,*,#10871,.T.);
#10898 = ORIENTED_EDGE('',*,*,#3697,.T.);
#10899 = ORIENTED_EDGE('',*,*,#10854,.T.);
#10900 = PLANE('',#10901);
#10901 = AXIS2_PLACEMENT_3D('',#10902,#10903,#10904);
#10902 = CARTESIAN_POINT('',(-36.25443087819,-19.25443087818,12.1));
#10903 = DIRECTION('',(0.,0.,1.));
#10904 = DIRECTION('',(9.197991235818E-02,0.995760862719,0.));
#10905 = ADVANCED_FACE('',(#10906),#10927,.T.);
#10906 = FACE_BOUND('',#10907,.F.);
#10907 = EDGE_LOOP('',(#10908,#10909,#10910,#10911,#10919,#10926));
#10908 = ORIENTED_EDGE('',*,*,#3960,.T.);
#10909 = ORIENTED_EDGE('',*,*,#4156,.T.);
#10910 = ORIENTED_EDGE('',*,*,#4132,.F.);
#10911 = ORIENTED_EDGE('',*,*,#10912,.F.);
#10912 = EDGE_CURVE('',#10913,#4124,#10915,.T.);
#10913 = VERTEX_POINT('',#10914);
#10914 = CARTESIAN_POINT('',(-35.,-31.71884868694,2.1));
#10915 = LINE('',#10916,#10917);
#10916 = CARTESIAN_POINT('',(-35.,-31.85402211634,2.1));
#10917 = VECTOR('',#10918,1.);
#10918 = DIRECTION('',(-1.936E-14,-1.,0.));
#10919 = ORIENTED_EDGE('',*,*,#10920,.F.);
#10920 = EDGE_CURVE('',#3992,#10913,#10921,.T.);
#10921 = CIRCLE('',#10922,1.85);
#10922 = AXIS2_PLACEMENT_3D('',#10923,#10924,#10925);
#10923 = CARTESIAN_POINT('',(-34.5,-33.5,2.1));
#10924 = DIRECTION('',(0.,0.,-1.));
#10925 = DIRECTION('',(1.,0.,0.));
#10926 = ORIENTED_EDGE('',*,*,#3991,.T.);
#10927 = PLANE('',#10928);
#10928 = AXIS2_PLACEMENT_3D('',#10929,#10930,#10931);
#10929 = CARTESIAN_POINT('',(-35.02067401963,-31.62225779506,2.1));
#10930 = DIRECTION('',(0.,0.,1.));
#10931 = DIRECTION('',(0.962784493544,0.27027027027,0.));
#10932 = ADVANCED_FACE('',(#10933),#10961,.F.);
#10933 = FACE_BOUND('',#10934,.T.);
#10934 = EDGE_LOOP('',(#10935,#10936,#10944,#10953,#10959,#10960));
#10935 = ORIENTED_EDGE('',*,*,#4056,.F.);
#10936 = ORIENTED_EDGE('',*,*,#10937,.T.);
#10937 = EDGE_CURVE('',#4057,#10938,#10940,.T.);
#10938 = VERTEX_POINT('',#10939);
#10939 = CARTESIAN_POINT('',(-35.,-32.08578643762,5.1));
#10940 = LINE('',#10941,#10942);
#10941 = CARTESIAN_POINT('',(-35.,-32.08578643762,1.1));
#10942 = VECTOR('',#10943,1.);
#10943 = DIRECTION('',(0.,0.,1.));
#10944 = ORIENTED_EDGE('',*,*,#10945,.T.);
#10945 = EDGE_CURVE('',#10938,#10946,#10948,.T.);
#10946 = VERTEX_POINT('',#10947);
#10947 = CARTESIAN_POINT('',(-34.,-32.08578643762,5.1));
#10948 = CIRCLE('',#10949,1.5);
#10949 = AXIS2_PLACEMENT_3D('',#10950,#10951,#10952);
#10950 = CARTESIAN_POINT('',(-34.5,-33.5,5.1));
#10951 = DIRECTION('',(0.,0.,1.));
#10952 = DIRECTION('',(1.,0.,0.));
#10953 = ORIENTED_EDGE('',*,*,#10954,.F.);
#10954 = EDGE_CURVE('',#4013,#10946,#10955,.T.);
#10955 = LINE('',#10956,#10957);
#10956 = CARTESIAN_POINT('',(-34.,-32.08578643762,1.1));
#10957 = VECTOR('',#10958,1.);
#10958 = DIRECTION('',(0.,0.,1.));
#10959 = ORIENTED_EDGE('',*,*,#4021,.F.);
#10960 = ORIENTED_EDGE('',*,*,#4039,.F.);
#10961 = CYLINDRICAL_SURFACE('',#10962,1.5);
#10962 = AXIS2_PLACEMENT_3D('',#10963,#10964,#10965);
#10963 = CARTESIAN_POINT('',(-34.5,-33.5,1.1));
#10964 = DIRECTION('',(-0.,-0.,-1.));
#10965 = DIRECTION('',(1.,0.,0.));
#10966 = ADVANCED_FACE('',(#10967),#10985,.T.);
#10967 = FACE_BOUND('',#10968,.T.);
#10968 = EDGE_LOOP('',(#10969,#10970,#10971,#10979));
#10969 = ORIENTED_EDGE('',*,*,#4012,.T.);
#10970 = ORIENTED_EDGE('',*,*,#10954,.T.);
#10971 = ORIENTED_EDGE('',*,*,#10972,.T.);
#10972 = EDGE_CURVE('',#10946,#10973,#10975,.T.);
#10973 = VERTEX_POINT('',#10974);
#10974 = CARTESIAN_POINT('',(-34.,-31.71884868694,5.1));
#10975 = LINE('',#10976,#10977);
#10976 = CARTESIAN_POINT('',(-34.,-32.08578643762,5.1));
#10977 = VECTOR('',#10978,1.);
#10978 = DIRECTION('',(0.,1.,0.));
#10979 = ORIENTED_EDGE('',*,*,#10980,.F.);
#10980 = EDGE_CURVE('',#4001,#10973,#10981,.T.);
#10981 = LINE('',#10982,#10983);
#10982 = CARTESIAN_POINT('',(-34.,-31.71884868694,1.1));
#10983 = VECTOR('',#10984,1.);
#10984 = DIRECTION('',(0.,0.,1.));
#10985 = PLANE('',#10986);
#10986 = AXIS2_PLACEMENT_3D('',#10987,#10988,#10989);
#10987 = CARTESIAN_POINT('',(-34.,-32.08578643762,1.1));
#10988 = DIRECTION('',(-1.,0.,0.));
#10989 = DIRECTION('',(0.,1.,0.));
#10990 = ADVANCED_FACE('',(#10991),#11011,.T.);
#10991 = FACE_BOUND('',#10992,.F.);
#10992 = EDGE_LOOP('',(#10993,#10994,#11002,#11009,#11010));
#10993 = ORIENTED_EDGE('',*,*,#10920,.T.);
#10994 = ORIENTED_EDGE('',*,*,#10995,.T.);
#10995 = EDGE_CURVE('',#10913,#10996,#10998,.T.);
#10996 = VERTEX_POINT('',#10997);
#10997 = CARTESIAN_POINT('',(-35.,-31.71884868694,5.1));
#10998 = LINE('',#10999,#11000);
#10999 = CARTESIAN_POINT('',(-35.,-31.71884868694,1.1));
#11000 = VECTOR('',#11001,1.);
#11001 = DIRECTION('',(0.,0.,1.));
#11002 = ORIENTED_EDGE('',*,*,#11003,.T.);
#11003 = EDGE_CURVE('',#10996,#10973,#11004,.T.);
#11004 = CIRCLE('',#11005,1.85);
#11005 = AXIS2_PLACEMENT_3D('',#11006,#11007,#11008);
#11006 = CARTESIAN_POINT('',(-34.5,-33.5,5.1));
#11007 = DIRECTION('',(0.,0.,1.));
#11008 = DIRECTION('',(1.,0.,0.));
#11009 = ORIENTED_EDGE('',*,*,#10980,.F.);
#11010 = ORIENTED_EDGE('',*,*,#4000,.F.);
#11011 = CYLINDRICAL_SURFACE('',#11012,1.85);
#11012 = AXIS2_PLACEMENT_3D('',#11013,#11014,#11015);
#11013 = CARTESIAN_POINT('',(-34.5,-33.5,1.1));
#11014 = DIRECTION('',(-0.,-0.,-1.));
#11015 = DIRECTION('',(1.,0.,0.));
#11016 = ADVANCED_FACE('',(#11017),#11029,.F.);
#11017 = FACE_BOUND('',#11018,.F.);
#11018 = EDGE_LOOP('',(#11019,#11020,#11021,#11027,#11028));
#11019 = ORIENTED_EDGE('',*,*,#4123,.F.);
#11020 = ORIENTED_EDGE('',*,*,#10937,.T.);
#11021 = ORIENTED_EDGE('',*,*,#11022,.T.);
#11022 = EDGE_CURVE('',#10938,#10996,#11023,.T.);
#11023 = LINE('',#11024,#11025);
#11024 = CARTESIAN_POINT('',(-35.,-32.08578643762,5.1));
#11025 = VECTOR('',#11026,1.);
#11026 = DIRECTION('',(1.936E-14,1.,0.));
#11027 = ORIENTED_EDGE('',*,*,#10995,.F.);
#11028 = ORIENTED_EDGE('',*,*,#10912,.T.);
#11029 = PLANE('',#11030);
#11030 = AXIS2_PLACEMENT_3D('',#11031,#11032,#11033);
#11031 = CARTESIAN_POINT('',(-35.,-32.08578643762,1.1));
#11032 = DIRECTION('',(-1.,1.936E-14,0.));
#11033 = DIRECTION('',(1.936E-14,1.,0.));
#11034 = ADVANCED_FACE('',(#11035),#11056,.T.);
#11035 = FACE_BOUND('',#11036,.T.);
#11036 = EDGE_LOOP('',(#11037,#11038,#11039,#11040,#11048,#11055));
#11037 = ORIENTED_EDGE('',*,*,#4395,.T.);
#11038 = ORIENTED_EDGE('',*,*,#4197,.T.);
#11039 = ORIENTED_EDGE('',*,*,#4322,.F.);
#11040 = ORIENTED_EDGE('',*,*,#11041,.T.);
#11041 = EDGE_CURVE('',#4314,#11042,#11044,.T.);
#11042 = VERTEX_POINT('',#11043);
#11043 = CARTESIAN_POINT('',(35.,-31.71884868694,2.1));
#11044 = LINE('',#11045,#11046);
#11045 = CARTESIAN_POINT('',(35.,-31.85402211634,2.1));
#11046 = VECTOR('',#11047,1.);
#11047 = DIRECTION('',(-1.936E-14,1.,0.));
#11048 = ORIENTED_EDGE('',*,*,#11049,.T.);
#11049 = EDGE_CURVE('',#11042,#4348,#11050,.T.);
#11050 = CIRCLE('',#11051,1.85);
#11051 = AXIS2_PLACEMENT_3D('',#11052,#11053,#11054);
#11052 = CARTESIAN_POINT('',(34.5,-33.5,2.1));
#11053 = DIRECTION('',(0.,0.,-1.));
#11054 = DIRECTION('',(1.,0.,0.));
#11055 = ORIENTED_EDGE('',*,*,#4347,.T.);
#11056 = PLANE('',#11057);
#11057 = AXIS2_PLACEMENT_3D('',#11058,#11059,#11060);
#11058 = CARTESIAN_POINT('',(35.020674019635,-31.62225779506,2.1));
#11059 = DIRECTION('',(0.,0.,1.));
#11060 = DIRECTION('',(0.962784493544,-0.27027027027,0.));
#11061 = ADVANCED_FACE('',(#11062),#11088,.T.);
#11062 = FACE_BOUND('',#11063,.T.);
#11063 = EDGE_LOOP('',(#11064,#11065,#11073,#11081,#11087));
#11064 = ORIENTED_EDGE('',*,*,#4313,.F.);
#11065 = ORIENTED_EDGE('',*,*,#11066,.T.);
#11066 = EDGE_CURVE('',#4295,#11067,#11069,.T.);
#11067 = VERTEX_POINT('',#11068);
#11068 = CARTESIAN_POINT('',(35.,-32.08578643762,5.1));
#11069 = LINE('',#11070,#11071);
#11070 = CARTESIAN_POINT('',(35.,-32.08578643762,1.1));
#11071 = VECTOR('',#11072,1.);
#11072 = DIRECTION('',(0.,0.,1.));
#11073 = ORIENTED_EDGE('',*,*,#11074,.T.);
#11074 = EDGE_CURVE('',#11067,#11075,#11077,.T.);
#11075 = VERTEX_POINT('',#11076);
#11076 = CARTESIAN_POINT('',(35.,-31.71884868694,5.1));
#11077 = LINE('',#11078,#11079);
#11078 = CARTESIAN_POINT('',(35.,-32.08578643762,5.1));
#11079 = VECTOR('',#11080,1.);
#11080 = DIRECTION('',(-1.936E-14,1.,0.));
#11081 = ORIENTED_EDGE('',*,*,#11082,.F.);
#11082 = EDGE_CURVE('',#11042,#11075,#11083,.T.);
#11083 = LINE('',#11084,#11085);
#11084 = CARTESIAN_POINT('',(35.,-31.71884868694,1.1));
#11085 = VECTOR('',#11086,1.);
#11086 = DIRECTION('',(0.,0.,1.));
#11087 = ORIENTED_EDGE('',*,*,#11041,.F.);
#11088 = PLANE('',#11089);
#11089 = AXIS2_PLACEMENT_3D('',#11090,#11091,#11092);
#11090 = CARTESIAN_POINT('',(35.,-32.08578643762,1.1));
#11091 = DIRECTION('',(-1.,-1.936E-14,0.));
#11092 = DIRECTION('',(-1.936E-14,1.,0.));
#11093 = ADVANCED_FACE('',(#11094),#11115,.F.);
#11094 = FACE_BOUND('',#11095,.T.);
#11095 = EDGE_LOOP('',(#11096,#11097,#11105,#11112,#11113,#11114));
#11096 = ORIENTED_EDGE('',*,*,#4377,.F.);
#11097 = ORIENTED_EDGE('',*,*,#11098,.T.);
#11098 = EDGE_CURVE('',#4369,#11099,#11101,.T.);
#11099 = VERTEX_POINT('',#11100);
#11100 = CARTESIAN_POINT('',(33.999999999999,-32.08578643762,5.1));
#11101 = LINE('',#11102,#11103);
#11102 = CARTESIAN_POINT('',(33.999999999999,-32.08578643762,1.1));
#11103 = VECTOR('',#11104,1.);
#11104 = DIRECTION('',(0.,0.,1.));
#11105 = ORIENTED_EDGE('',*,*,#11106,.T.);
#11106 = EDGE_CURVE('',#11099,#11067,#11107,.T.);
#11107 = CIRCLE('',#11108,1.5);
#11108 = AXIS2_PLACEMENT_3D('',#11109,#11110,#11111);
#11109 = CARTESIAN_POINT('',(34.5,-33.5,5.1));
#11110 = DIRECTION('',(0.,0.,1.));
#11111 = DIRECTION('',(1.,0.,0.));
#11112 = ORIENTED_EDGE('',*,*,#11066,.F.);
#11113 = ORIENTED_EDGE('',*,*,#4294,.F.);
#11114 = ORIENTED_EDGE('',*,*,#4227,.F.);
#11115 = CYLINDRICAL_SURFACE('',#11116,1.5);
#11116 = AXIS2_PLACEMENT_3D('',#11117,#11118,#11119);
#11117 = CARTESIAN_POINT('',(34.5,-33.5,1.1));
#11118 = DIRECTION('',(-0.,-0.,-1.));
#11119 = DIRECTION('',(1.,0.,0.));
#11120 = ADVANCED_FACE('',(#11121),#11139,.F.);
#11121 = FACE_BOUND('',#11122,.F.);
#11122 = EDGE_LOOP('',(#11123,#11124,#11125,#11133));
#11123 = ORIENTED_EDGE('',*,*,#4368,.T.);
#11124 = ORIENTED_EDGE('',*,*,#11098,.T.);
#11125 = ORIENTED_EDGE('',*,*,#11126,.T.);
#11126 = EDGE_CURVE('',#11099,#11127,#11129,.T.);
#11127 = VERTEX_POINT('',#11128);
#11128 = CARTESIAN_POINT('',(34.,-31.71884868694,5.1));
#11129 = LINE('',#11130,#11131);
#11130 = CARTESIAN_POINT('',(33.999999999999,-32.08578643762,5.1));
#11131 = VECTOR('',#11132,1.);
#11132 = DIRECTION('',(3.776E-12,1.,0.));
#11133 = ORIENTED_EDGE('',*,*,#11134,.F.);
#11134 = EDGE_CURVE('',#4357,#11127,#11135,.T.);
#11135 = LINE('',#11136,#11137);
#11136 = CARTESIAN_POINT('',(34.,-31.71884868694,1.1));
#11137 = VECTOR('',#11138,1.);
#11138 = DIRECTION('',(0.,0.,1.));
#11139 = PLANE('',#11140);
#11140 = AXIS2_PLACEMENT_3D('',#11141,#11142,#11143);
#11141 = CARTESIAN_POINT('',(33.999999999999,-32.08578643762,1.1));
#11142 = DIRECTION('',(-1.,3.776E-12,0.));
#11143 = DIRECTION('',(3.776E-12,1.,0.));
#11144 = ADVANCED_FACE('',(#11145),#11158,.T.);
#11145 = FACE_BOUND('',#11146,.F.);
#11146 = EDGE_LOOP('',(#11147,#11148,#11149,#11156,#11157));
#11147 = ORIENTED_EDGE('',*,*,#4356,.F.);
#11148 = ORIENTED_EDGE('',*,*,#11134,.T.);
#11149 = ORIENTED_EDGE('',*,*,#11150,.T.);
#11150 = EDGE_CURVE('',#11127,#11075,#11151,.T.);
#11151 = CIRCLE('',#11152,1.85);
#11152 = AXIS2_PLACEMENT_3D('',#11153,#11154,#11155);
#11153 = CARTESIAN_POINT('',(34.5,-33.5,5.1));
#11154 = DIRECTION('',(0.,0.,1.));
#11155 = DIRECTION('',(1.,0.,0.));
#11156 = ORIENTED_EDGE('',*,*,#11082,.F.);
#11157 = ORIENTED_EDGE('',*,*,#11049,.T.);
#11158 = CYLINDRICAL_SURFACE('',#11159,1.85);
#11159 = AXIS2_PLACEMENT_3D('',#11160,#11161,#11162);
#11160 = CARTESIAN_POINT('',(34.5,-33.5,1.1));
#11161 = DIRECTION('',(-0.,-0.,-1.));
#11162 = DIRECTION('',(1.,0.,0.));
#11163 = ADVANCED_FACE('',(#11164),#11194,.T.);
#11164 = FACE_BOUND('',#11165,.T.);
#11165 = EDGE_LOOP('',(#11166,#11167,#11168,#11169,#11170,#11171,#11177,
    #11178,#11179,#11180,#11181,#11182,#11188,#11189,#11190,#11191,
    #11192,#11193));
#11166 = ORIENTED_EDGE('',*,*,#4480,.T.);
#11167 = ORIENTED_EDGE('',*,*,#10523,.T.);
#11168 = ORIENTED_EDGE('',*,*,#10572,.F.);
#11169 = ORIENTED_EDGE('',*,*,#10620,.T.);
#11170 = ORIENTED_EDGE('',*,*,#10670,.T.);
#11171 = ORIENTED_EDGE('',*,*,#11172,.F.);
#11172 = EDGE_CURVE('',#10696,#10671,#11173,.T.);
#11173 = LINE('',#11174,#11175);
#11174 = CARTESIAN_POINT('',(36.5,12.5,10.1));
#11175 = VECTOR('',#11176,1.);
#11176 = DIRECTION('',(0.,1.,0.));
#11177 = ORIENTED_EDGE('',*,*,#10703,.F.);
#11178 = ORIENTED_EDGE('',*,*,#10647,.T.);
#11179 = ORIENTED_EDGE('',*,*,#10596,.F.);
#11180 = ORIENTED_EDGE('',*,*,#10549,.T.);
#11181 = ORIENTED_EDGE('',*,*,#10501,.T.);
#11182 = ORIENTED_EDGE('',*,*,#11183,.T.);
#11183 = EDGE_CURVE('',#10494,#10440,#11184,.T.);
#11184 = LINE('',#11185,#11186);
#11185 = CARTESIAN_POINT('',(36.5,-13.49999999999,10.1));
#11186 = VECTOR('',#11187,1.);
#11187 = DIRECTION('',(0.,-1.,0.));
#11188 = ORIENTED_EDGE('',*,*,#10439,.F.);
#11189 = ORIENTED_EDGE('',*,*,#10414,.T.);
#11190 = ORIENTED_EDGE('',*,*,#10390,.F.);
#11191 = ORIENTED_EDGE('',*,*,#10368,.F.);
#11192 = ORIENTED_EDGE('',*,*,#4411,.F.);
#11193 = ORIENTED_EDGE('',*,*,#4454,.T.);
#11194 = PLANE('',#11195);
#11195 = AXIS2_PLACEMENT_3D('',#11196,#11197,#11198);
#11196 = CARTESIAN_POINT('',(36.5,-0.499999999992,4.309677419355));
#11197 = DIRECTION('',(1.,0.,7.4E-16));
#11198 = DIRECTION('',(-7.4E-16,0.,1.));
#11199 = ADVANCED_FACE('',(#11200),#11206,.F.);
#11200 = FACE_BOUND('',#11201,.F.);
#11201 = EDGE_LOOP('',(#11202,#11203,#11204,#11205));
#11202 = ORIENTED_EDGE('',*,*,#4553,.F.);
#11203 = ORIENTED_EDGE('',*,*,#10303,.T.);
#11204 = ORIENTED_EDGE('',*,*,#10325,.T.);
#11205 = ORIENTED_EDGE('',*,*,#10349,.F.);
#11206 = PLANE('',#11207);
#11207 = AXIS2_PLACEMENT_3D('',#11208,#11209,#11210);
#11208 = CARTESIAN_POINT('',(13.8,23.5,1.1));
#11209 = DIRECTION('',(1.,0.,0.));
#11210 = DIRECTION('',(0.,-1.,0.));
#11211 = ADVANCED_FACE('',(#11212),#11233,.T.);
#11212 = FACE_BOUND('',#11213,.T.);
#11213 = EDGE_LOOP('',(#11214,#11215,#11216,#11217,#11225,#11232));
#11214 = ORIENTED_EDGE('',*,*,#4617,.T.);
#11215 = ORIENTED_EDGE('',*,*,#4593,.T.);
#11216 = ORIENTED_EDGE('',*,*,#4757,.F.);
#11217 = ORIENTED_EDGE('',*,*,#11218,.T.);
#11218 = EDGE_CURVE('',#4749,#11219,#11221,.T.);
#11219 = VERTEX_POINT('',#11220);
#11220 = CARTESIAN_POINT('',(-35.,31.718848686944,2.1));
#11221 = LINE('',#11222,#11223);
#11222 = CARTESIAN_POINT('',(-35.,31.854022116347,2.1));
#11223 = VECTOR('',#11224,1.);
#11224 = DIRECTION('',(0.,-1.,0.));
#11225 = ORIENTED_EDGE('',*,*,#11226,.T.);
#11226 = EDGE_CURVE('',#11219,#4777,#11227,.T.);
#11227 = CIRCLE('',#11228,1.85);
#11228 = AXIS2_PLACEMENT_3D('',#11229,#11230,#11231);
#11229 = CARTESIAN_POINT('',(-34.5,33.5,2.1));
#11230 = DIRECTION('',(0.,0.,-1.));
#11231 = DIRECTION('',(1.,0.,0.));
#11232 = ORIENTED_EDGE('',*,*,#4776,.T.);
#11233 = PLANE('',#11234);
#11234 = AXIS2_PLACEMENT_3D('',#11235,#11236,#11237);
#11235 = CARTESIAN_POINT('',(-35.02067401963,31.622257795067,2.1));
#11236 = DIRECTION('',(0.,0.,1.));
#11237 = DIRECTION('',(-0.962784493544,0.27027027027,0.));
#11238 = ADVANCED_FACE('',(#11239),#11265,.T.);
#11239 = FACE_BOUND('',#11240,.T.);
#11240 = EDGE_LOOP('',(#11241,#11242,#11250,#11258,#11264));
#11241 = ORIENTED_EDGE('',*,*,#4748,.F.);
#11242 = ORIENTED_EDGE('',*,*,#11243,.T.);
#11243 = EDGE_CURVE('',#4679,#11244,#11246,.T.);
#11244 = VERTEX_POINT('',#11245);
#11245 = CARTESIAN_POINT('',(-35.,32.085786437627,5.1));
#11246 = LINE('',#11247,#11248);
#11247 = CARTESIAN_POINT('',(-35.,32.085786437627,1.1));
#11248 = VECTOR('',#11249,1.);
#11249 = DIRECTION('',(0.,0.,1.));
#11250 = ORIENTED_EDGE('',*,*,#11251,.T.);
#11251 = EDGE_CURVE('',#11244,#11252,#11254,.T.);
#11252 = VERTEX_POINT('',#11253);
#11253 = CARTESIAN_POINT('',(-35.,31.718848686944,5.1));
#11254 = LINE('',#11255,#11256);
#11255 = CARTESIAN_POINT('',(-35.,32.085786437627,5.1));
#11256 = VECTOR('',#11257,1.);
#11257 = DIRECTION('',(0.,-1.,0.));
#11258 = ORIENTED_EDGE('',*,*,#11259,.F.);
#11259 = EDGE_CURVE('',#11219,#11252,#11260,.T.);
#11260 = LINE('',#11261,#11262);
#11261 = CARTESIAN_POINT('',(-35.,31.718848686944,1.1));
#11262 = VECTOR('',#11263,1.);
#11263 = DIRECTION('',(0.,0.,1.));
#11264 = ORIENTED_EDGE('',*,*,#11218,.F.);
#11265 = PLANE('',#11266);
#11266 = AXIS2_PLACEMENT_3D('',#11267,#11268,#11269);
#11267 = CARTESIAN_POINT('',(-35.,32.085786437627,1.1));
#11268 = DIRECTION('',(1.,0.,0.));
#11269 = DIRECTION('',(0.,-1.,0.));
#11270 = ADVANCED_FACE('',(#11271),#11292,.F.);
#11271 = FACE_BOUND('',#11272,.T.);
#11272 = EDGE_LOOP('',(#11273,#11274,#11282,#11289,#11290,#11291));
#11273 = ORIENTED_EDGE('',*,*,#4806,.F.);
#11274 = ORIENTED_EDGE('',*,*,#11275,.T.);
#11275 = EDGE_CURVE('',#4798,#11276,#11278,.T.);
#11276 = VERTEX_POINT('',#11277);
#11277 = CARTESIAN_POINT('',(-34.,32.085786437627,5.1));
#11278 = LINE('',#11279,#11280);
#11279 = CARTESIAN_POINT('',(-34.,32.085786437627,1.1));
#11280 = VECTOR('',#11281,1.);
#11281 = DIRECTION('',(0.,0.,1.));
#11282 = ORIENTED_EDGE('',*,*,#11283,.T.);
#11283 = EDGE_CURVE('',#11276,#11244,#11284,.T.);
#11284 = CIRCLE('',#11285,1.5);
#11285 = AXIS2_PLACEMENT_3D('',#11286,#11287,#11288);
#11286 = CARTESIAN_POINT('',(-34.5,33.5,5.1));
#11287 = DIRECTION('',(0.,0.,1.));
#11288 = DIRECTION('',(1.,0.,0.));
#11289 = ORIENTED_EDGE('',*,*,#11243,.F.);
#11290 = ORIENTED_EDGE('',*,*,#4678,.F.);
#11291 = ORIENTED_EDGE('',*,*,#4647,.F.);
#11292 = CYLINDRICAL_SURFACE('',#11293,1.5);
#11293 = AXIS2_PLACEMENT_3D('',#11294,#11295,#11296);
#11294 = CARTESIAN_POINT('',(-34.5,33.5,1.1));
#11295 = DIRECTION('',(-0.,-0.,-1.));
#11296 = DIRECTION('',(1.,0.,0.));
#11297 = ADVANCED_FACE('',(#11298),#11316,.F.);
#11298 = FACE_BOUND('',#11299,.F.);
#11299 = EDGE_LOOP('',(#11300,#11301,#11302,#11310));
#11300 = ORIENTED_EDGE('',*,*,#4797,.T.);
#11301 = ORIENTED_EDGE('',*,*,#11275,.T.);
#11302 = ORIENTED_EDGE('',*,*,#11303,.T.);
#11303 = EDGE_CURVE('',#11276,#11304,#11306,.T.);
#11304 = VERTEX_POINT('',#11305);
#11305 = CARTESIAN_POINT('',(-34.,31.718848686944,5.1));
#11306 = LINE('',#11307,#11308);
#11307 = CARTESIAN_POINT('',(-34.,32.085786437627,5.1));
#11308 = VECTOR('',#11309,1.);
#11309 = DIRECTION('',(0.,-1.,0.));
#11310 = ORIENTED_EDGE('',*,*,#11311,.F.);
#11311 = EDGE_CURVE('',#4786,#11304,#11312,.T.);
#11312 = LINE('',#11313,#11314);
#11313 = CARTESIAN_POINT('',(-34.,31.718848686944,1.1));
#11314 = VECTOR('',#11315,1.);
#11315 = DIRECTION('',(0.,0.,1.));
#11316 = PLANE('',#11317);
#11317 = AXIS2_PLACEMENT_3D('',#11318,#11319,#11320);
#11318 = CARTESIAN_POINT('',(-34.,32.085786437627,1.1));
#11319 = DIRECTION('',(1.,0.,0.));
#11320 = DIRECTION('',(0.,-1.,0.));
#11321 = ADVANCED_FACE('',(#11322),#11335,.T.);
#11322 = FACE_BOUND('',#11323,.F.);
#11323 = EDGE_LOOP('',(#11324,#11325,#11326,#11333,#11334));
#11324 = ORIENTED_EDGE('',*,*,#4785,.F.);
#11325 = ORIENTED_EDGE('',*,*,#11311,.T.);
#11326 = ORIENTED_EDGE('',*,*,#11327,.T.);
#11327 = EDGE_CURVE('',#11304,#11252,#11328,.T.);
#11328 = CIRCLE('',#11329,1.85);
#11329 = AXIS2_PLACEMENT_3D('',#11330,#11331,#11332);
#11330 = CARTESIAN_POINT('',(-34.5,33.5,5.1));
#11331 = DIRECTION('',(0.,0.,1.));
#11332 = DIRECTION('',(1.,0.,0.));
#11333 = ORIENTED_EDGE('',*,*,#11259,.F.);
#11334 = ORIENTED_EDGE('',*,*,#11226,.T.);
#11335 = CYLINDRICAL_SURFACE('',#11336,1.85);
#11336 = AXIS2_PLACEMENT_3D('',#11337,#11338,#11339);
#11337 = CARTESIAN_POINT('',(-34.5,33.5,1.1));
#11338 = DIRECTION('',(-0.,-0.,-1.));
#11339 = DIRECTION('',(1.,0.,0.));
#11340 = ADVANCED_FACE('',(#11341),#11354,.T.);
#11341 = FACE_BOUND('',#11342,.F.);
#11342 = EDGE_LOOP('',(#11343,#11344,#11345,#11346,#11347,#11348,#11349,
    #11350,#11351,#11352,#11353));
#11343 = ORIENTED_EDGE('',*,*,#4880,.T.);
#11344 = ORIENTED_EDGE('',*,*,#4932,.T.);
#11345 = ORIENTED_EDGE('',*,*,#4984,.T.);
#11346 = ORIENTED_EDGE('',*,*,#5032,.T.);
#11347 = ORIENTED_EDGE('',*,*,#5084,.T.);
#11348 = ORIENTED_EDGE('',*,*,#5065,.T.);
#11349 = ORIENTED_EDGE('',*,*,#5015,.T.);
#11350 = ORIENTED_EDGE('',*,*,#4965,.T.);
#11351 = ORIENTED_EDGE('',*,*,#4913,.T.);
#11352 = ORIENTED_EDGE('',*,*,#4861,.T.);
#11353 = ORIENTED_EDGE('',*,*,#4830,.T.);
#11354 = PLANE('',#11355);
#11355 = AXIS2_PLACEMENT_3D('',#11356,#11357,#11358);
#11356 = CARTESIAN_POINT('',(0.790944888991,35.910299950554,0.8));
#11357 = DIRECTION('',(0.,0.,1.));
#11358 = DIRECTION('',(1.,0.,0.));
#11359 = ADVANCED_FACE('',(#11360,#11374),#11472,.T.);
#11360 = FACE_BOUND('',#11361,.F.);
#11361 = EDGE_LOOP('',(#11362,#11363,#11364,#11365,#11366,#11367,#11368,
    #11369,#11370,#11371,#11372,#11373));
#11362 = ORIENTED_EDGE('',*,*,#5162,.T.);
#11363 = ORIENTED_EDGE('',*,*,#5214,.T.);
#11364 = ORIENTED_EDGE('',*,*,#5266,.T.);
#11365 = ORIENTED_EDGE('',*,*,#5318,.T.);
#11366 = ORIENTED_EDGE('',*,*,#5370,.T.);
#11367 = ORIENTED_EDGE('',*,*,#5396,.T.);
#11368 = ORIENTED_EDGE('',*,*,#5351,.T.);
#11369 = ORIENTED_EDGE('',*,*,#5299,.T.);
#11370 = ORIENTED_EDGE('',*,*,#5247,.T.);
#11371 = ORIENTED_EDGE('',*,*,#5195,.T.);
#11372 = ORIENTED_EDGE('',*,*,#5143,.T.);
#11373 = ORIENTED_EDGE('',*,*,#5110,.T.);
#11374 = FACE_BOUND('',#11375,.F.);
#11375 = EDGE_LOOP('',(#11376,#11386,#11394,#11402,#11410,#11418,#11426,
    #11434,#11442,#11450,#11458,#11466));
#11376 = ORIENTED_EDGE('',*,*,#11377,.T.);
#11377 = EDGE_CURVE('',#11378,#11380,#11382,.T.);
#11378 = VERTEX_POINT('',#11379);
#11379 = CARTESIAN_POINT('',(-16.28310275034,34.24714117165,0.8));
#11380 = VERTEX_POINT('',#11381);
#11381 = CARTESIAN_POINT('',(-16.02161253002,34.407237224911,0.8));
#11382 = B_SPLINE_CURVE_WITH_KNOTS('',2,(#11383,#11384,#11385),
  .UNSPECIFIED.,.F.,.F.,(3,3),(0.,1.),.PIECEWISE_BEZIER_KNOTS.);
#11383 = CARTESIAN_POINT('',(-16.28310275034,34.24714117165,0.8));
#11384 = CARTESIAN_POINT('',(-16.10166055665,34.24714117165,0.8));
#11385 = CARTESIAN_POINT('',(-16.02161253002,34.407237224911,0.8));
#11386 = ORIENTED_EDGE('',*,*,#11387,.T.);
#11387 = EDGE_CURVE('',#11380,#11388,#11390,.T.);
#11388 = VERTEX_POINT('',#11389);
#11389 = CARTESIAN_POINT('',(-15.71743002882,35.349135671592,0.8));
#11390 = B_SPLINE_CURVE_WITH_KNOTS('',2,(#11391,#11392,#11393),
  .UNSPECIFIED.,.F.,.F.,(3,3),(0.,1.),.PIECEWISE_BEZIER_KNOTS.);
#11391 = CARTESIAN_POINT('',(-16.02161253002,34.407237224911,0.8));
#11392 = CARTESIAN_POINT('',(-15.81348766078,34.818150428279,0.8));
#11393 = CARTESIAN_POINT('',(-15.71743002882,35.349135671592,0.8));
#11394 = ORIENTED_EDGE('',*,*,#11395,.T.);
#11395 = EDGE_CURVE('',#11388,#11396,#11398,.T.);
#11396 = VERTEX_POINT('',#11397);
#11397 = CARTESIAN_POINT('',(-15.6720694804,35.853438239362,0.8));
#11398 = B_SPLINE_CURVE_WITH_KNOTS('',2,(#11399,#11400,#11401),
  .UNSPECIFIED.,.F.,.F.,(3,3),(0.,1.),.PIECEWISE_BEZIER_KNOTS.);
#11399 = CARTESIAN_POINT('',(-15.71743002882,35.349135671592,0.8));
#11400 = CARTESIAN_POINT('',(-15.6720694804,35.597284554145,0.8));
#11401 = CARTESIAN_POINT('',(-15.6720694804,35.853438239362,0.8));
#11402 = ORIENTED_EDGE('',*,*,#11403,.T.);
#11403 = EDGE_CURVE('',#11396,#11404,#11406,.T.);
#11404 = VERTEX_POINT('',#11405);
#11405 = CARTESIAN_POINT('',(-15.69608388839,36.224327429415,0.8));
#11406 = B_SPLINE_CURVE_WITH_KNOTS('',2,(#11407,#11408,#11409),
  .UNSPECIFIED.,.F.,.F.,(3,3),(0.,1.),.PIECEWISE_BEZIER_KNOTS.);
#11407 = CARTESIAN_POINT('',(-15.6720694804,35.853438239362,0.8));
#11408 = CARTESIAN_POINT('',(-15.6720694804,36.040216968165,0.8));
#11409 = CARTESIAN_POINT('',(-15.69608388839,36.224327429415,0.8));
#11410 = ORIENTED_EDGE('',*,*,#11411,.T.);
#11411 = EDGE_CURVE('',#11404,#11412,#11414,.T.);
#11412 = VERTEX_POINT('',#11413);
#11413 = CARTESIAN_POINT('',(-15.96024237627,37.24894217028,0.8));
#11414 = B_SPLINE_CURVE_WITH_KNOTS('',2,(#11415,#11416,#11417),
  .UNSPECIFIED.,.F.,.F.,(3,3),(0.,1.),.PIECEWISE_BEZIER_KNOTS.);
#11415 = CARTESIAN_POINT('',(-15.69608388839,36.224327429415,0.8));
#11416 = CARTESIAN_POINT('',(-15.77346364746,36.827355896695,0.8));
#11417 = CARTESIAN_POINT('',(-15.96024237627,37.24894217028,0.8));
#11418 = ORIENTED_EDGE('',*,*,#11419,.T.);
#11419 = EDGE_CURVE('',#11412,#11420,#11422,.T.);
#11420 = VERTEX_POINT('',#11421);
#11421 = CARTESIAN_POINT('',(-16.28043448279,37.502427587942,0.8));
#11422 = B_SPLINE_CURVE_WITH_KNOTS('',2,(#11423,#11424,#11425),
  .UNSPECIFIED.,.F.,.F.,(3,3),(0.,1.),.PIECEWISE_BEZIER_KNOTS.);
#11423 = CARTESIAN_POINT('',(-15.96024237627,37.24894217028,0.8));
#11424 = CARTESIAN_POINT('',(-16.07230961355,37.502427587942,0.8));
#11425 = CARTESIAN_POINT('',(-16.28043448279,37.502427587942,0.8));
#11426 = ORIENTED_EDGE('',*,*,#11427,.T.);
#11427 = EDGE_CURVE('',#11420,#11428,#11430,.T.);
#11428 = VERTEX_POINT('',#11429);
#11429 = CARTESIAN_POINT('',(-16.60062658931,37.272956578269,0.8));
#11430 = B_SPLINE_CURVE_WITH_KNOTS('',2,(#11431,#11432,#11433),
  .UNSPECIFIED.,.F.,.F.,(3,3),(0.,1.),.PIECEWISE_BEZIER_KNOTS.);
#11431 = CARTESIAN_POINT('',(-16.28043448279,37.502427587942,0.8));
#11432 = CARTESIAN_POINT('',(-16.48055454936,37.502427587942,0.8));
#11433 = CARTESIAN_POINT('',(-16.60062658931,37.272956578269,0.8));
#11434 = ORIENTED_EDGE('',*,*,#11435,.T.);
#11435 = EDGE_CURVE('',#11428,#11436,#11438,.T.);
#11436 = VERTEX_POINT('',#11437);
#11437 = CARTESIAN_POINT('',(-16.86478507719,36.341731201806,0.8));
#11438 = B_SPLINE_CURVE_WITH_KNOTS('',2,(#11439,#11440,#11441),
  .UNSPECIFIED.,.F.,.F.,(3,3),(0.,1.),.PIECEWISE_BEZIER_KNOTS.);
#11439 = CARTESIAN_POINT('',(-16.60062658931,37.272956578269,0.8));
#11440 = CARTESIAN_POINT('',(-16.77673224789,36.934086598869,0.8));
#11441 = CARTESIAN_POINT('',(-16.86478507719,36.341731201806,0.8));
#11442 = ORIENTED_EDGE('',*,*,#11443,.T.);
#11443 = EDGE_CURVE('',#11436,#11444,#11446,.T.);
#11444 = VERTEX_POINT('',#11445);
#11445 = CARTESIAN_POINT('',(-16.90214082295,35.850769971807,0.8));
#11446 = B_SPLINE_CURVE_WITH_KNOTS('',2,(#11447,#11448,#11449),
  .UNSPECIFIED.,.F.,.F.,(3,3),(0.,1.),.PIECEWISE_BEZIER_KNOTS.);
#11447 = CARTESIAN_POINT('',(-16.86478507719,36.341731201806,0.8));
#11448 = CARTESIAN_POINT('',(-16.90214082295,36.088245784143,0.8));
#11449 = CARTESIAN_POINT('',(-16.90214082295,35.850769971807,0.8));
#11450 = ORIENTED_EDGE('',*,*,#11451,.T.);
#11451 = EDGE_CURVE('',#11444,#11452,#11454,.T.);
#11452 = VERTEX_POINT('',#11453);
#11453 = CARTESIAN_POINT('',(-16.86478507719,35.391827952461,0.8));
#11454 = B_SPLINE_CURVE_WITH_KNOTS('',2,(#11455,#11456,#11457),
  .UNSPECIFIED.,.F.,.F.,(3,3),(0.,1.),.PIECEWISE_BEZIER_KNOTS.);
#11455 = CARTESIAN_POINT('',(-16.90214082295,35.850769971807,0.8));
#11456 = CARTESIAN_POINT('',(-16.90214082295,35.613294159471,0.8));
#11457 = CARTESIAN_POINT('',(-16.86478507719,35.391827952461,0.8));
#11458 = ORIENTED_EDGE('',*,*,#11459,.T.);
#11459 = EDGE_CURVE('',#11452,#11460,#11462,.T.);
#11460 = VERTEX_POINT('',#11461);
#11461 = CARTESIAN_POINT('',(-16.54992950578,34.401900689802,0.8));
#11462 = B_SPLINE_CURVE_WITH_KNOTS('',2,(#11463,#11464,#11465),
  .UNSPECIFIED.,.F.,.F.,(3,3),(0.,1.),.PIECEWISE_BEZIER_KNOTS.);
#11463 = CARTESIAN_POINT('',(-16.86478507719,35.391827952461,0.8));
#11464 = CARTESIAN_POINT('',(-16.76872744523,34.828823498496,0.8));
#11465 = CARTESIAN_POINT('',(-16.54992950578,34.401900689802,0.8));
#11466 = ORIENTED_EDGE('',*,*,#11467,.T.);
#11467 = EDGE_CURVE('',#11460,#11378,#11468,.T.);
#11468 = B_SPLINE_CURVE_WITH_KNOTS('',2,(#11469,#11470,#11471),
  .UNSPECIFIED.,.F.,.F.,(3,3),(0.,1.),.PIECEWISE_BEZIER_KNOTS.);
#11469 = CARTESIAN_POINT('',(-16.54992950578,34.401900689802,0.8));
#11470 = CARTESIAN_POINT('',(-16.46988147915,34.24714117165,0.8));
#11471 = CARTESIAN_POINT('',(-16.28310275034,34.24714117165,0.8));
#11472 = PLANE('',#11473);
#11473 = AXIS2_PLACEMENT_3D('',#11474,#11475,#11476);
#11474 = CARTESIAN_POINT('',(0.790944888991,35.910299950554,0.8));
#11475 = DIRECTION('',(0.,0.,1.));
#11476 = DIRECTION('',(1.,0.,0.));
#11477 = ADVANCED_FACE('',(#11478),#11484,.T.);
#11478 = FACE_BOUND('',#11479,.F.);
#11479 = EDGE_LOOP('',(#11480,#11481,#11482,#11483));
#11480 = ORIENTED_EDGE('',*,*,#5474,.T.);
#11481 = ORIENTED_EDGE('',*,*,#5500,.T.);
#11482 = ORIENTED_EDGE('',*,*,#5455,.T.);
#11483 = ORIENTED_EDGE('',*,*,#5422,.T.);
#11484 = PLANE('',#11485);
#11485 = AXIS2_PLACEMENT_3D('',#11486,#11487,#11488);
#11486 = CARTESIAN_POINT('',(0.790944888991,35.910299950554,0.8));
#11487 = DIRECTION('',(0.,0.,1.));
#11488 = DIRECTION('',(1.,0.,0.));
#11489 = ADVANCED_FACE('',(#11490),#11504,.T.);
#11490 = FACE_BOUND('',#11491,.F.);
#11491 = EDGE_LOOP('',(#11492,#11493,#11494,#11495,#11496,#11497,#11498,
    #11499,#11500,#11501,#11502,#11503));
#11492 = ORIENTED_EDGE('',*,*,#5578,.T.);
#11493 = ORIENTED_EDGE('',*,*,#5630,.T.);
#11494 = ORIENTED_EDGE('',*,*,#5682,.T.);
#11495 = ORIENTED_EDGE('',*,*,#5734,.T.);
#11496 = ORIENTED_EDGE('',*,*,#5786,.T.);
#11497 = ORIENTED_EDGE('',*,*,#5812,.T.);
#11498 = ORIENTED_EDGE('',*,*,#5767,.T.);
#11499 = ORIENTED_EDGE('',*,*,#5715,.T.);
#11500 = ORIENTED_EDGE('',*,*,#5663,.T.);
#11501 = ORIENTED_EDGE('',*,*,#5611,.T.);
#11502 = ORIENTED_EDGE('',*,*,#5559,.T.);
#11503 = ORIENTED_EDGE('',*,*,#5526,.T.);
#11504 = PLANE('',#11505);
#11505 = AXIS2_PLACEMENT_3D('',#11506,#11507,#11508);
#11506 = CARTESIAN_POINT('',(0.790944888991,35.910299950554,0.8));
#11507 = DIRECTION('',(0.,0.,1.));
#11508 = DIRECTION('',(1.,0.,0.));
#11509 = ADVANCED_FACE('',(#11510),#11518,.T.);
#11510 = FACE_BOUND('',#11511,.F.);
#11511 = EDGE_LOOP('',(#11512,#11513,#11514,#11515,#11516,#11517));
#11512 = ORIENTED_EDGE('',*,*,#5890,.T.);
#11513 = ORIENTED_EDGE('',*,*,#5940,.T.);
#11514 = ORIENTED_EDGE('',*,*,#5966,.T.);
#11515 = ORIENTED_EDGE('',*,*,#5923,.T.);
#11516 = ORIENTED_EDGE('',*,*,#5871,.T.);
#11517 = ORIENTED_EDGE('',*,*,#5838,.T.);
#11518 = PLANE('',#11519);
#11519 = AXIS2_PLACEMENT_3D('',#11520,#11521,#11522);
#11520 = CARTESIAN_POINT('',(0.790944888991,35.910299950554,0.8));
#11521 = DIRECTION('',(0.,0.,1.));
#11522 = DIRECTION('',(1.,0.,0.));
#11523 = ADVANCED_FACE('',(#11524),#11544,.T.);
#11524 = FACE_BOUND('',#11525,.F.);
#11525 = EDGE_LOOP('',(#11526,#11527,#11528,#11529,#11530,#11531,#11532,
    #11533,#11534,#11535,#11536,#11537,#11538,#11539,#11540,#11541,
    #11542,#11543));
#11526 = ORIENTED_EDGE('',*,*,#6044,.T.);
#11527 = ORIENTED_EDGE('',*,*,#6094,.T.);
#11528 = ORIENTED_EDGE('',*,*,#6146,.T.);
#11529 = ORIENTED_EDGE('',*,*,#6198,.T.);
#11530 = ORIENTED_EDGE('',*,*,#6246,.T.);
#11531 = ORIENTED_EDGE('',*,*,#6298,.T.);
#11532 = ORIENTED_EDGE('',*,*,#6350,.T.);
#11533 = ORIENTED_EDGE('',*,*,#6398,.T.);
#11534 = ORIENTED_EDGE('',*,*,#6424,.T.);
#11535 = ORIENTED_EDGE('',*,*,#6381,.T.);
#11536 = ORIENTED_EDGE('',*,*,#6331,.T.);
#11537 = ORIENTED_EDGE('',*,*,#6279,.T.);
#11538 = ORIENTED_EDGE('',*,*,#6229,.T.);
#11539 = ORIENTED_EDGE('',*,*,#6179,.T.);
#11540 = ORIENTED_EDGE('',*,*,#6127,.T.);
#11541 = ORIENTED_EDGE('',*,*,#6077,.T.);
#11542 = ORIENTED_EDGE('',*,*,#6025,.T.);
#11543 = ORIENTED_EDGE('',*,*,#5992,.T.);
#11544 = PLANE('',#11545);
#11545 = AXIS2_PLACEMENT_3D('',#11546,#11547,#11548);
#11546 = CARTESIAN_POINT('',(0.790944888991,35.910299950554,0.8));
#11547 = DIRECTION('',(0.,0.,1.));
#11548 = DIRECTION('',(1.,0.,0.));
#11549 = ADVANCED_FACE('',(#11550),#11576,.T.);
#11550 = FACE_BOUND('',#11551,.F.);
#11551 = EDGE_LOOP('',(#11552,#11553,#11554,#11555,#11556,#11557,#11558,
    #11559,#11560,#11561,#11562,#11563,#11564,#11565,#11566,#11567,
    #11568,#11569,#11570,#11571,#11572,#11573,#11574,#11575));
#11552 = ORIENTED_EDGE('',*,*,#6500,.T.);
#11553 = ORIENTED_EDGE('',*,*,#6552,.T.);
#11554 = ORIENTED_EDGE('',*,*,#6604,.T.);
#11555 = ORIENTED_EDGE('',*,*,#6656,.T.);
#11556 = ORIENTED_EDGE('',*,*,#6708,.T.);
#11557 = ORIENTED_EDGE('',*,*,#6760,.T.);
#11558 = ORIENTED_EDGE('',*,*,#6812,.T.);
#11559 = ORIENTED_EDGE('',*,*,#6864,.T.);
#11560 = ORIENTED_EDGE('',*,*,#6916,.T.);
#11561 = ORIENTED_EDGE('',*,*,#6968,.T.);
#11562 = ORIENTED_EDGE('',*,*,#7020,.T.);
#11563 = ORIENTED_EDGE('',*,*,#7044,.T.);
#11564 = ORIENTED_EDGE('',*,*,#7001,.T.);
#11565 = ORIENTED_EDGE('',*,*,#6949,.T.);
#11566 = ORIENTED_EDGE('',*,*,#6897,.T.);
#11567 = ORIENTED_EDGE('',*,*,#6845,.T.);
#11568 = ORIENTED_EDGE('',*,*,#6793,.T.);
#11569 = ORIENTED_EDGE('',*,*,#6741,.T.);
#11570 = ORIENTED_EDGE('',*,*,#6689,.T.);
#11571 = ORIENTED_EDGE('',*,*,#6637,.T.);
#11572 = ORIENTED_EDGE('',*,*,#6585,.T.);
#11573 = ORIENTED_EDGE('',*,*,#6533,.T.);
#11574 = ORIENTED_EDGE('',*,*,#6483,.T.);
#11575 = ORIENTED_EDGE('',*,*,#6450,.T.);
#11576 = PLANE('',#11577);
#11577 = AXIS2_PLACEMENT_3D('',#11578,#11579,#11580);
#11578 = CARTESIAN_POINT('',(0.790944888991,35.910299950554,0.8));
#11579 = DIRECTION('',(0.,0.,1.));
#11580 = DIRECTION('',(1.,0.,0.));
#11581 = ADVANCED_FACE('',(#11582),#11595,.T.);
#11582 = FACE_BOUND('',#11583,.F.);
#11583 = EDGE_LOOP('',(#11584,#11585,#11586,#11587,#11588,#11589,#11590,
    #11591,#11592,#11593,#11594));
#11584 = ORIENTED_EDGE('',*,*,#7120,.T.);
#11585 = ORIENTED_EDGE('',*,*,#7172,.T.);
#11586 = ORIENTED_EDGE('',*,*,#7224,.T.);
#11587 = ORIENTED_EDGE('',*,*,#7272,.T.);
#11588 = ORIENTED_EDGE('',*,*,#7324,.T.);
#11589 = ORIENTED_EDGE('',*,*,#7305,.T.);
#11590 = ORIENTED_EDGE('',*,*,#7255,.T.);
#11591 = ORIENTED_EDGE('',*,*,#7205,.T.);
#11592 = ORIENTED_EDGE('',*,*,#7153,.T.);
#11593 = ORIENTED_EDGE('',*,*,#7101,.T.);
#11594 = ORIENTED_EDGE('',*,*,#7070,.T.);
#11595 = PLANE('',#11596);
#11596 = AXIS2_PLACEMENT_3D('',#11597,#11598,#11599);
#11597 = CARTESIAN_POINT('',(0.790944888991,35.910299950554,0.8));
#11598 = DIRECTION('',(0.,0.,1.));
#11599 = DIRECTION('',(1.,0.,0.));
#11600 = ADVANCED_FACE('',(#11601),#11609,.T.);
#11601 = FACE_BOUND('',#11602,.F.);
#11602 = EDGE_LOOP('',(#11603,#11604,#11605,#11606,#11607,#11608));
#11603 = ORIENTED_EDGE('',*,*,#7402,.T.);
#11604 = ORIENTED_EDGE('',*,*,#7452,.T.);
#11605 = ORIENTED_EDGE('',*,*,#7478,.T.);
#11606 = ORIENTED_EDGE('',*,*,#7435,.T.);
#11607 = ORIENTED_EDGE('',*,*,#7383,.T.);
#11608 = ORIENTED_EDGE('',*,*,#7350,.T.);
#11609 = PLANE('',#11610);
#11610 = AXIS2_PLACEMENT_3D('',#11611,#11612,#11613);
#11611 = CARTESIAN_POINT('',(0.790944888991,35.910299950554,0.8));
#11612 = DIRECTION('',(0.,0.,1.));
#11613 = DIRECTION('',(1.,0.,0.));
#11614 = ADVANCED_FACE('',(#11615),#11637,.T.);
#11615 = FACE_BOUND('',#11616,.F.);
#11616 = EDGE_LOOP('',(#11617,#11618,#11619,#11620,#11621,#11622,#11623,
    #11624,#11625,#11626,#11627,#11628,#11629,#11630,#11631,#11632,
    #11633,#11634,#11635,#11636));
#11617 = ORIENTED_EDGE('',*,*,#7552,.T.);
#11618 = ORIENTED_EDGE('',*,*,#7604,.T.);
#11619 = ORIENTED_EDGE('',*,*,#7656,.T.);
#11620 = ORIENTED_EDGE('',*,*,#7706,.T.);
#11621 = ORIENTED_EDGE('',*,*,#7754,.T.);
#11622 = ORIENTED_EDGE('',*,*,#7806,.T.);
#11623 = ORIENTED_EDGE('',*,*,#7858,.T.);
#11624 = ORIENTED_EDGE('',*,*,#7908,.T.);
#11625 = ORIENTED_EDGE('',*,*,#7956,.T.);
#11626 = ORIENTED_EDGE('',*,*,#7982,.T.);
#11627 = ORIENTED_EDGE('',*,*,#7939,.T.);
#11628 = ORIENTED_EDGE('',*,*,#7889,.T.);
#11629 = ORIENTED_EDGE('',*,*,#7839,.T.);
#11630 = ORIENTED_EDGE('',*,*,#7787,.T.);
#11631 = ORIENTED_EDGE('',*,*,#7737,.T.);
#11632 = ORIENTED_EDGE('',*,*,#7689,.T.);
#11633 = ORIENTED_EDGE('',*,*,#7637,.T.);
#11634 = ORIENTED_EDGE('',*,*,#7585,.T.);
#11635 = ORIENTED_EDGE('',*,*,#7535,.T.);
#11636 = ORIENTED_EDGE('',*,*,#7504,.T.);
#11637 = PLANE('',#11638);
#11638 = AXIS2_PLACEMENT_3D('',#11639,#11640,#11641);
#11639 = CARTESIAN_POINT('',(0.790944888991,35.910299950554,0.8));
#11640 = DIRECTION('',(0.,0.,1.));
#11641 = DIRECTION('',(1.,0.,0.));
#11642 = ADVANCED_FACE('',(#11643),#11669,.T.);
#11643 = FACE_BOUND('',#11644,.F.);
#11644 = EDGE_LOOP('',(#11645,#11646,#11647,#11648,#11649,#11650,#11651,
    #11652,#11653,#11654,#11655,#11656,#11657,#11658,#11659,#11660,
    #11661,#11662,#11663,#11664,#11665,#11666,#11667,#11668));
#11645 = ORIENTED_EDGE('',*,*,#8058,.T.);
#11646 = ORIENTED_EDGE('',*,*,#8110,.T.);
#11647 = ORIENTED_EDGE('',*,*,#8162,.T.);
#11648 = ORIENTED_EDGE('',*,*,#8214,.T.);
#11649 = ORIENTED_EDGE('',*,*,#8266,.T.);
#11650 = ORIENTED_EDGE('',*,*,#8318,.T.);
#11651 = ORIENTED_EDGE('',*,*,#8370,.T.);
#11652 = ORIENTED_EDGE('',*,*,#8422,.T.);
#11653 = ORIENTED_EDGE('',*,*,#8474,.T.);
#11654 = ORIENTED_EDGE('',*,*,#8526,.T.);
#11655 = ORIENTED_EDGE('',*,*,#8578,.T.);
#11656 = ORIENTED_EDGE('',*,*,#8602,.T.);
#11657 = ORIENTED_EDGE('',*,*,#8559,.T.);
#11658 = ORIENTED_EDGE('',*,*,#8507,.T.);
#11659 = ORIENTED_EDGE('',*,*,#8455,.T.);
#11660 = ORIENTED_EDGE('',*,*,#8403,.T.);
#11661 = ORIENTED_EDGE('',*,*,#8351,.T.);
#11662 = ORIENTED_EDGE('',*,*,#8299,.T.);
#11663 = ORIENTED_EDGE('',*,*,#8247,.T.);
#11664 = ORIENTED_EDGE('',*,*,#8195,.T.);
#11665 = ORIENTED_EDGE('',*,*,#8143,.T.);
#11666 = ORIENTED_EDGE('',*,*,#8091,.T.);
#11667 = ORIENTED_EDGE('',*,*,#8041,.T.);
#11668 = ORIENTED_EDGE('',*,*,#8008,.T.);
#11669 = PLANE('',#11670);
#11670 = AXIS2_PLACEMENT_3D('',#11671,#11672,#11673);
#11671 = CARTESIAN_POINT('',(0.790944888991,35.910299950554,0.8));
#11672 = DIRECTION('',(0.,0.,1.));
#11673 = DIRECTION('',(1.,0.,0.));
#11674 = ADVANCED_FACE('',(#11675),#11688,.T.);
#11675 = FACE_BOUND('',#11676,.F.);
#11676 = EDGE_LOOP('',(#11677,#11678,#11679,#11680,#11681,#11682,#11683,
    #11684,#11685,#11686,#11687));
#11677 = ORIENTED_EDGE('',*,*,#8678,.T.);
#11678 = ORIENTED_EDGE('',*,*,#8730,.T.);
#11679 = ORIENTED_EDGE('',*,*,#8782,.T.);
#11680 = ORIENTED_EDGE('',*,*,#8830,.T.);
#11681 = ORIENTED_EDGE('',*,*,#8882,.T.);
#11682 = ORIENTED_EDGE('',*,*,#8863,.T.);
#11683 = ORIENTED_EDGE('',*,*,#8813,.T.);
#11684 = ORIENTED_EDGE('',*,*,#8763,.T.);
#11685 = ORIENTED_EDGE('',*,*,#8711,.T.);
#11686 = ORIENTED_EDGE('',*,*,#8659,.T.);
#11687 = ORIENTED_EDGE('',*,*,#8628,.T.);
#11688 = PLANE('',#11689);
#11689 = AXIS2_PLACEMENT_3D('',#11690,#11691,#11692);
#11690 = CARTESIAN_POINT('',(0.790944888991,35.910299950554,0.8));
#11691 = DIRECTION('',(0.,0.,1.));
#11692 = DIRECTION('',(1.,0.,0.));
#11693 = ADVANCED_FACE('',(#11694),#11702,.T.);
#11694 = FACE_BOUND('',#11695,.F.);
#11695 = EDGE_LOOP('',(#11696,#11697,#11698,#11699,#11700,#11701));
#11696 = ORIENTED_EDGE('',*,*,#8960,.T.);
#11697 = ORIENTED_EDGE('',*,*,#9010,.T.);
#11698 = ORIENTED_EDGE('',*,*,#9036,.T.);
#11699 = ORIENTED_EDGE('',*,*,#8993,.T.);
#11700 = ORIENTED_EDGE('',*,*,#8941,.T.);
#11701 = ORIENTED_EDGE('',*,*,#8908,.T.);
#11702 = PLANE('',#11703);
#11703 = AXIS2_PLACEMENT_3D('',#11704,#11705,#11706);
#11704 = CARTESIAN_POINT('',(0.790944888991,35.910299950554,0.8));
#11705 = DIRECTION('',(0.,0.,1.));
#11706 = DIRECTION('',(1.,0.,0.));
#11707 = ADVANCED_FACE('',(#11708,#11721),#11779,.T.);
#11708 = FACE_BOUND('',#11709,.F.);
#11709 = EDGE_LOOP('',(#11710,#11711,#11712,#11713,#11714,#11715,#11716,
    #11717,#11718,#11719,#11720));
#11710 = ORIENTED_EDGE('',*,*,#9110,.T.);
#11711 = ORIENTED_EDGE('',*,*,#9162,.T.);
#11712 = ORIENTED_EDGE('',*,*,#9214,.T.);
#11713 = ORIENTED_EDGE('',*,*,#9264,.T.);
#11714 = ORIENTED_EDGE('',*,*,#9316,.T.);
#11715 = ORIENTED_EDGE('',*,*,#9297,.T.);
#11716 = ORIENTED_EDGE('',*,*,#9245,.T.);
#11717 = ORIENTED_EDGE('',*,*,#9195,.T.);
#11718 = ORIENTED_EDGE('',*,*,#9143,.T.);
#11719 = ORIENTED_EDGE('',*,*,#9093,.T.);
#11720 = ORIENTED_EDGE('',*,*,#9062,.T.);
#11721 = FACE_BOUND('',#11722,.F.);
#11722 = EDGE_LOOP('',(#11723,#11733,#11741,#11749,#11757,#11765,#11773)
  );
#11723 = ORIENTED_EDGE('',*,*,#11724,.T.);
#11724 = EDGE_CURVE('',#11725,#11727,#11729,.T.);
#11725 = VERTEX_POINT('',#11726);
#11726 = CARTESIAN_POINT('',(12.934426969652,34.24714117165,0.8));
#11727 = VERTEX_POINT('',#11728);
#11728 = CARTESIAN_POINT('',(12.934426969652,35.877452647351,0.8));
#11729 = B_SPLINE_CURVE_WITH_KNOTS('',2,(#11730,#11731,#11732),
  .UNSPECIFIED.,.F.,.F.,(3,3),(0.,1.),.PIECEWISE_BEZIER_KNOTS.);
#11730 = CARTESIAN_POINT('',(12.934426969652,34.24714117165,0.8));
#11731 = CARTESIAN_POINT('',(12.934426969652,34.24714117165,0.8));
#11732 = CARTESIAN_POINT('',(12.934426969652,35.877452647351,0.8));
#11733 = ORIENTED_EDGE('',*,*,#11734,.T.);
#11734 = EDGE_CURVE('',#11727,#11735,#11737,.T.);
#11735 = VERTEX_POINT('',#11736);
#11736 = CARTESIAN_POINT('',(12.048562141612,35.877452647351,0.8));
#11737 = LINE('',#11738,#11739);
#11738 = CARTESIAN_POINT('',(12.934426969652,35.877452647351,0.8));
#11739 = VECTOR('',#11740,1.);
#11740 = DIRECTION('',(-1.,1.2E-16,0.));
#11741 = ORIENTED_EDGE('',*,*,#11742,.T.);
#11742 = EDGE_CURVE('',#11735,#11743,#11745,.T.);
#11743 = VERTEX_POINT('',#11744);
#11744 = CARTESIAN_POINT('',(11.541591306288,35.639976835015,0.8));
#11745 = B_SPLINE_CURVE_WITH_KNOTS('',2,(#11746,#11747,#11748),
  .UNSPECIFIED.,.F.,.F.,(3,3),(0.,1.),.PIECEWISE_BEZIER_KNOTS.);
#11746 = CARTESIAN_POINT('',(12.048562141612,35.877452647351,0.8));
#11747 = CARTESIAN_POINT('',(11.779067118624,35.877452647351,0.8));
#11748 = CARTESIAN_POINT('',(11.541591306288,35.639976835015,0.8));
#11749 = ORIENTED_EDGE('',*,*,#11750,.T.);
#11750 = EDGE_CURVE('',#11743,#11751,#11753,.T.);
#11751 = VERTEX_POINT('',#11752);
#11752 = CARTESIAN_POINT('',(11.306783761506,35.058294508169,0.8));
#11753 = B_SPLINE_CURVE_WITH_KNOTS('',2,(#11754,#11755,#11756),
  .UNSPECIFIED.,.F.,.F.,(3,3),(0.,1.),.PIECEWISE_BEZIER_KNOTS.);
#11754 = CARTESIAN_POINT('',(11.541591306288,35.639976835015,0.8));
#11755 = CARTESIAN_POINT('',(11.306783761506,35.405169290233,0.8));
#11756 = CARTESIAN_POINT('',(11.306783761506,35.058294508169,0.8));
#11757 = ORIENTED_EDGE('',*,*,#11758,.T.);
#11758 = EDGE_CURVE('',#11751,#11759,#11761,.T.);
#11759 = VERTEX_POINT('',#11760);
#11760 = CARTESIAN_POINT('',(11.544259573842,34.479280448878,0.8));
#11761 = B_SPLINE_CURVE_WITH_KNOTS('',2,(#11762,#11763,#11764),
  .UNSPECIFIED.,.F.,.F.,(3,3),(0.,1.),.PIECEWISE_BEZIER_KNOTS.);
#11762 = CARTESIAN_POINT('',(11.306783761506,35.058294508169,0.8));
#11763 = CARTESIAN_POINT('',(11.306783761506,34.711419726105,0.8));
#11764 = CARTESIAN_POINT('',(11.544259573842,34.479280448878,0.8));
#11765 = ORIENTED_EDGE('',*,*,#11766,.T.);
#11766 = EDGE_CURVE('',#11759,#11767,#11769,.T.);
#11767 = VERTEX_POINT('',#11768);
#11768 = CARTESIAN_POINT('',(12.160629378894,34.24714117165,0.8));
#11769 = B_SPLINE_CURVE_WITH_KNOTS('',2,(#11770,#11771,#11772),
  .UNSPECIFIED.,.F.,.F.,(3,3),(0.,1.),.PIECEWISE_BEZIER_KNOTS.);
#11770 = CARTESIAN_POINT('',(11.544259573842,34.479280448878,0.8));
#11771 = CARTESIAN_POINT('',(11.779067118624,34.24714117165,0.8));
#11772 = CARTESIAN_POINT('',(12.160629378894,34.24714117165,0.8));
#11773 = ORIENTED_EDGE('',*,*,#11774,.T.);
#11774 = EDGE_CURVE('',#11767,#11725,#11775,.T.);
#11775 = LINE('',#11776,#11777);
#11776 = CARTESIAN_POINT('',(12.160629378894,34.24714117165,0.8));
#11777 = VECTOR('',#11778,1.);
#11778 = DIRECTION('',(1.,-1.2E-16,0.));
#11779 = PLANE('',#11780);
#11780 = AXIS2_PLACEMENT_3D('',#11781,#11782,#11783);
#11781 = CARTESIAN_POINT('',(0.790944888991,35.910299950554,0.8));
#11782 = DIRECTION('',(0.,0.,1.));
#11783 = DIRECTION('',(1.,0.,0.));
#11784 = ADVANCED_FACE('',(#11785,#11799,#11857),#11915,.T.);
#11785 = FACE_BOUND('',#11786,.F.);
#11786 = EDGE_LOOP('',(#11787,#11788,#11789,#11790,#11791,#11792,#11793,
    #11794,#11795,#11796,#11797,#11798));
#11787 = ORIENTED_EDGE('',*,*,#9392,.T.);
#11788 = ORIENTED_EDGE('',*,*,#9444,.T.);
#11789 = ORIENTED_EDGE('',*,*,#9496,.T.);
#11790 = ORIENTED_EDGE('',*,*,#9546,.T.);
#11791 = ORIENTED_EDGE('',*,*,#9596,.T.);
#11792 = ORIENTED_EDGE('',*,*,#9620,.T.);
#11793 = ORIENTED_EDGE('',*,*,#9579,.T.);
#11794 = ORIENTED_EDGE('',*,*,#9527,.T.);
#11795 = ORIENTED_EDGE('',*,*,#9477,.T.);
#11796 = ORIENTED_EDGE('',*,*,#9425,.T.);
#11797 = ORIENTED_EDGE('',*,*,#9373,.T.);
#11798 = ORIENTED_EDGE('',*,*,#9340,.T.);
#11799 = FACE_BOUND('',#11800,.F.);
#11800 = EDGE_LOOP('',(#11801,#11811,#11819,#11827,#11835,#11843,#11851)
  );
#11801 = ORIENTED_EDGE('',*,*,#11802,.T.);
#11802 = EDGE_CURVE('',#11803,#11805,#11807,.T.);
#11803 = VERTEX_POINT('',#11804);
#11804 = CARTESIAN_POINT('',(16.098992289097,35.896130520231,0.8));
#11805 = VERTEX_POINT('',#11806);
#11806 = CARTESIAN_POINT('',(16.098992289097,37.521105460823,0.8));
#11807 = LINE('',#11808,#11809);
#11808 = CARTESIAN_POINT('',(16.098992289097,35.896130520231,0.8));
#11809 = VECTOR('',#11810,1.);
#11810 = DIRECTION('',(1.2E-16,1.,0.));
#11811 = ORIENTED_EDGE('',*,*,#11812,.T.);
#11812 = EDGE_CURVE('',#11805,#11813,#11815,.T.);
#11813 = VERTEX_POINT('',#11814);
#11814 = CARTESIAN_POINT('',(15.266492812144,37.521105460823,0.8));
#11815 = LINE('',#11816,#11817);
#11816 = CARTESIAN_POINT('',(16.098992289097,37.521105460823,0.8));
#11817 = VECTOR('',#11818,1.);
#11818 = DIRECTION('',(-1.,1.2E-16,0.));
#11819 = ORIENTED_EDGE('',*,*,#11820,.T.);
#11820 = EDGE_CURVE('',#11813,#11821,#11823,.T.);
#11821 = VERTEX_POINT('',#11822);
#11822 = CARTESIAN_POINT('',(14.684810485298,37.270288310715,0.8));
#11823 = B_SPLINE_CURVE_WITH_KNOTS('',2,(#11824,#11825,#11826),
  .UNSPECIFIED.,.F.,.F.,(3,3),(0.,1.),.PIECEWISE_BEZIER_KNOTS.);
#11824 = CARTESIAN_POINT('',(15.266492812144,37.521105460823,0.8));
#11825 = CARTESIAN_POINT('',(14.903608424754,37.521105460823,0.8));
#11826 = CARTESIAN_POINT('',(14.684810485298,37.270288310715,0.8));
#11827 = ORIENTED_EDGE('',*,*,#11828,.T.);
#11828 = EDGE_CURVE('',#11821,#11829,#11831,.T.);
#11829 = VERTEX_POINT('',#11830);
#11830 = CARTESIAN_POINT('',(14.466012545842,36.715288659413,0.8));
#11831 = B_SPLINE_CURVE_WITH_KNOTS('',2,(#11832,#11833,#11834),
  .UNSPECIFIED.,.F.,.F.,(3,3),(0.,1.),.PIECEWISE_BEZIER_KNOTS.);
#11832 = CARTESIAN_POINT('',(14.684810485298,37.270288310715,0.8));
#11833 = CARTESIAN_POINT('',(14.466012545842,37.019471160607,0.8));
#11834 = CARTESIAN_POINT('',(14.466012545842,36.715288659413,0.8));
#11835 = ORIENTED_EDGE('',*,*,#11836,.T.);
#11836 = EDGE_CURVE('',#11829,#11837,#11839,.T.);
#11837 = VERTEX_POINT('',#11838);
#11838 = CARTESIAN_POINT('',(14.671469147526,36.152284205448,0.8));
#11839 = B_SPLINE_CURVE_WITH_KNOTS('',2,(#11840,#11841,#11842),
  .UNSPECIFIED.,.F.,.F.,(3,3),(0.,1.),.PIECEWISE_BEZIER_KNOTS.);
#11840 = CARTESIAN_POINT('',(14.466012545842,36.715288659413,0.8));
#11841 = CARTESIAN_POINT('',(14.466012545842,36.411106158218,0.8));
#11842 = CARTESIAN_POINT('',(14.671469147526,36.152284205448,0.8));
#11843 = ORIENTED_EDGE('',*,*,#11844,.T.);
#11844 = EDGE_CURVE('',#11837,#11845,#11847,.T.);
#11845 = VERTEX_POINT('',#11846);
#11846 = CARTESIAN_POINT('',(15.258488009481,35.896130520231,0.8));
#11847 = B_SPLINE_CURVE_WITH_KNOTS('',2,(#11848,#11849,#11850),
  .UNSPECIFIED.,.F.,.F.,(3,3),(0.,1.),.PIECEWISE_BEZIER_KNOTS.);
#11848 = CARTESIAN_POINT('',(14.671469147526,36.152284205448,0.8));
#11849 = CARTESIAN_POINT('',(14.874257481656,35.896130520231,0.8));
#11850 = CARTESIAN_POINT('',(15.258488009481,35.896130520231,0.8));
#11851 = ORIENTED_EDGE('',*,*,#11852,.T.);
#11852 = EDGE_CURVE('',#11845,#11803,#11853,.T.);
#11853 = LINE('',#11854,#11855);
#11854 = CARTESIAN_POINT('',(15.258488009481,35.896130520231,0.8));
#11855 = VECTOR('',#11856,1.);
#11856 = DIRECTION('',(1.,-1.2E-16,0.));
#11857 = FACE_BOUND('',#11858,.F.);
#11858 = EDGE_LOOP('',(#11859,#11869,#11877,#11885,#11893,#11901,#11909)
  );
#11859 = ORIENTED_EDGE('',*,*,#11860,.T.);
#11860 = EDGE_CURVE('',#11861,#11863,#11865,.T.);
#11861 = VERTEX_POINT('',#11862);
#11862 = CARTESIAN_POINT('',(16.098992289097,34.260482509422,0.8));
#11863 = VERTEX_POINT('',#11864);
#11864 = CARTESIAN_POINT('',(16.098992289097,35.479880781754,0.8));
#11865 = LINE('',#11866,#11867);
#11866 = CARTESIAN_POINT('',(16.098992289097,34.260482509422,0.8));
#11867 = VECTOR('',#11868,1.);
#11868 = DIRECTION('',(1.2E-16,1.,0.));
#11869 = ORIENTED_EDGE('',*,*,#11870,.T.);
#11870 = EDGE_CURVE('',#11863,#11871,#11873,.T.);
#11871 = VERTEX_POINT('',#11872);
#11872 = CARTESIAN_POINT('',(15.285170685024,35.479880781754,0.8));
#11873 = LINE('',#11874,#11875);
#11874 = CARTESIAN_POINT('',(16.098992289097,35.479880781754,0.8));
#11875 = VECTOR('',#11876,1.);
#11876 = DIRECTION('',(-1.,1.2E-16,0.));
#11877 = ORIENTED_EDGE('',*,*,#11878,.T.);
#11878 = EDGE_CURVE('',#11871,#11879,#11881,.T.);
#11879 = VERTEX_POINT('',#11880);
#11880 = CARTESIAN_POINT('',(14.826228665678,35.314448193386,0.8));
#11881 = B_SPLINE_CURVE_WITH_KNOTS('',2,(#11882,#11883,#11884),
  .UNSPECIFIED.,.F.,.F.,(3,3),(0.,1.),.PIECEWISE_BEZIER_KNOTS.);
#11882 = CARTESIAN_POINT('',(15.285170685024,35.479880781754,0.8));
#11883 = CARTESIAN_POINT('',(14.978319916275,35.479880781754,0.8));
#11884 = CARTESIAN_POINT('',(14.826228665678,35.314448193385,0.8));
#11885 = ORIENTED_EDGE('',*,*,#11886,.T.);
#11886 = EDGE_CURVE('',#11879,#11887,#11889,.T.);
#11887 = VERTEX_POINT('',#11888);
#11888 = CARTESIAN_POINT('',(14.671469147526,34.898198454909,0.8));
#11889 = B_SPLINE_CURVE_WITH_KNOTS('',2,(#11890,#11891,#11892),
  .UNSPECIFIED.,.F.,.F.,(3,3),(0.,1.),.PIECEWISE_BEZIER_KNOTS.);
#11890 = CARTESIAN_POINT('',(14.826228665678,35.314448193386,0.8));
#11891 = CARTESIAN_POINT('',(14.671469147526,35.146347337462,0.8));
#11892 = CARTESIAN_POINT('',(14.671469147526,34.898198454909,0.8));
#11893 = ORIENTED_EDGE('',*,*,#11894,.T.);
#11894 = EDGE_CURVE('',#11887,#11895,#11897,.T.);
#11895 = VERTEX_POINT('',#11896);
#11896 = CARTESIAN_POINT('',(14.834233468341,34.455266040889,0.8));
#11897 = B_SPLINE_CURVE_WITH_KNOTS('',2,(#11898,#11899,#11900),
  .UNSPECIFIED.,.F.,.F.,(3,3),(0.,1.),.PIECEWISE_BEZIER_KNOTS.);
#11898 = CARTESIAN_POINT('',(14.671469147526,34.898198454909,0.8));
#11899 = CARTESIAN_POINT('',(14.671469147526,34.647381304801,0.8));
#11900 = CARTESIAN_POINT('',(14.834233468341,34.455266040889,0.8));
#11901 = ORIENTED_EDGE('',*,*,#11902,.T.);
#11902 = EDGE_CURVE('',#11895,#11903,#11905,.T.);
#11903 = VERTEX_POINT('',#11904);
#11904 = CARTESIAN_POINT('',(15.295843755241,34.260482509422,0.8));
#11905 = B_SPLINE_CURVE_WITH_KNOTS('',2,(#11906,#11907,#11908),
  .UNSPECIFIED.,.F.,.F.,(3,3),(0.,1.),.PIECEWISE_BEZIER_KNOTS.);
#11906 = CARTESIAN_POINT('',(14.834233468341,34.455266040889,0.8));
#11907 = CARTESIAN_POINT('',(14.996997789155,34.260482509422,0.8));
#11908 = CARTESIAN_POINT('',(15.295843755241,34.260482509422,0.8));
#11909 = ORIENTED_EDGE('',*,*,#11910,.T.);
#11910 = EDGE_CURVE('',#11903,#11861,#11911,.T.);
#11911 = LINE('',#11912,#11913);
#11912 = CARTESIAN_POINT('',(15.295843755241,34.260482509422,0.8));
#11913 = VECTOR('',#11914,1.);
#11914 = DIRECTION('',(1.,-1.2E-16,0.));
#11915 = PLANE('',#11916);
#11916 = AXIS2_PLACEMENT_3D('',#11917,#11918,#11919);
#11917 = CARTESIAN_POINT('',(0.790944888991,35.910299950554,0.8));
#11918 = DIRECTION('',(0.,0.,1.));
#11919 = DIRECTION('',(1.,0.,0.));
#11920 = ADVANCED_FACE('',(#11921,#11936),#11962,.T.);
#11921 = FACE_BOUND('',#11922,.F.);
#11922 = EDGE_LOOP('',(#11923,#11924,#11925,#11926,#11927,#11928,#11929,
    #11930,#11931,#11932,#11933,#11934,#11935));
#11923 = ORIENTED_EDGE('',*,*,#9696,.T.);
#11924 = ORIENTED_EDGE('',*,*,#9748,.T.);
#11925 = ORIENTED_EDGE('',*,*,#9800,.T.);
#11926 = ORIENTED_EDGE('',*,*,#9848,.T.);
#11927 = ORIENTED_EDGE('',*,*,#9898,.T.);
#11928 = ORIENTED_EDGE('',*,*,#9950,.T.);
#11929 = ORIENTED_EDGE('',*,*,#9931,.T.);
#11930 = ORIENTED_EDGE('',*,*,#9881,.T.);
#11931 = ORIENTED_EDGE('',*,*,#9831,.T.);
#11932 = ORIENTED_EDGE('',*,*,#9781,.T.);
#11933 = ORIENTED_EDGE('',*,*,#9729,.T.);
#11934 = ORIENTED_EDGE('',*,*,#9677,.T.);
#11935 = ORIENTED_EDGE('',*,*,#9646,.T.);
#11936 = FACE_BOUND('',#11937,.F.);
#11937 = EDGE_LOOP('',(#11938,#11948,#11956));
#11938 = ORIENTED_EDGE('',*,*,#11939,.T.);
#11939 = EDGE_CURVE('',#11940,#11942,#11944,.T.);
#11940 = VERTEX_POINT('',#11941);
#11941 = CARTESIAN_POINT('',(18.58581764974,34.674063980344,0.8));
#11942 = VERTEX_POINT('',#11943);
#11943 = CARTESIAN_POINT('',(19.199519187237,36.496490719957,0.8));
#11944 = LINE('',#11945,#11946);
#11945 = CARTESIAN_POINT('',(18.58581764974,34.674063980344,0.8));
#11946 = VECTOR('',#11947,1.);
#11947 = DIRECTION('',(0.319140162784,0.947707526876,0.));
#11948 = ORIENTED_EDGE('',*,*,#11949,.T.);
#11949 = EDGE_CURVE('',#11942,#11950,#11952,.T.);
#11950 = VERTEX_POINT('',#11951);
#11951 = CARTESIAN_POINT('',(17.969447844688,36.496490719957,0.8));
#11952 = LINE('',#11953,#11954);
#11953 = CARTESIAN_POINT('',(19.199519187237,36.496490719957,0.8));
#11954 = VECTOR('',#11955,1.);
#11955 = DIRECTION('',(-1.,1.2E-16,0.));
#11956 = ORIENTED_EDGE('',*,*,#11957,.T.);
#11957 = EDGE_CURVE('',#11950,#11940,#11958,.T.);
#11958 = LINE('',#11959,#11960);
#11959 = CARTESIAN_POINT('',(17.969447844688,36.496490719957,0.8));
#11960 = VECTOR('',#11961,1.);
#11961 = DIRECTION('',(0.320385576111,-0.947287222874,0.));
#11962 = PLANE('',#11963);
#11963 = AXIS2_PLACEMENT_3D('',#11964,#11965,#11966);
#11964 = CARTESIAN_POINT('',(0.790944888991,35.910299950554,0.8));
#11965 = DIRECTION('',(0.,0.,1.));
#11966 = DIRECTION('',(1.,0.,0.));
#11967 = ADVANCED_FACE('',(#11968),#11989,.T.);
#11968 = FACE_BOUND('',#11969,.F.);
#11969 = EDGE_LOOP('',(#11970,#11971,#11972,#11973,#11981,#11988));
#11970 = ORIENTED_EDGE('',*,*,#9976,.T.);
#11971 = ORIENTED_EDGE('',*,*,#10201,.T.);
#11972 = ORIENTED_EDGE('',*,*,#10177,.F.);
#11973 = ORIENTED_EDGE('',*,*,#11974,.F.);
#11974 = EDGE_CURVE('',#11975,#10169,#11977,.T.);
#11975 = VERTEX_POINT('',#11976);
#11976 = CARTESIAN_POINT('',(35.,31.718848686944,2.1));
#11977 = LINE('',#11978,#11979);
#11978 = CARTESIAN_POINT('',(35.,31.854022116347,2.1));
#11979 = VECTOR('',#11980,1.);
#11980 = DIRECTION('',(0.,1.,0.));
#11981 = ORIENTED_EDGE('',*,*,#11982,.F.);
#11982 = EDGE_CURVE('',#10008,#11975,#11983,.T.);
#11983 = CIRCLE('',#11984,1.85);
#11984 = AXIS2_PLACEMENT_3D('',#11985,#11986,#11987);
#11985 = CARTESIAN_POINT('',(34.5,33.5,2.1));
#11986 = DIRECTION('',(0.,0.,-1.));
#11987 = DIRECTION('',(1.,0.,0.));
#11988 = ORIENTED_EDGE('',*,*,#10007,.T.);
#11989 = PLANE('',#11990);
#11990 = AXIS2_PLACEMENT_3D('',#11991,#11992,#11993);
#11991 = CARTESIAN_POINT('',(35.020674019635,31.622257795067,2.1));
#11992 = DIRECTION('',(0.,0.,1.));
#11993 = DIRECTION('',(-0.962784493544,-0.27027027027,-0.));
#11994 = ADVANCED_FACE('',(#11995),#12023,.F.);
#11995 = FACE_BOUND('',#11996,.T.);
#11996 = EDGE_LOOP('',(#11997,#11998,#12006,#12015,#12021,#12022));
#11997 = ORIENTED_EDGE('',*,*,#10104,.F.);
#11998 = ORIENTED_EDGE('',*,*,#11999,.T.);
#11999 = EDGE_CURVE('',#10105,#12000,#12002,.T.);
#12000 = VERTEX_POINT('',#12001);
#12001 = CARTESIAN_POINT('',(35.,32.085786437627,5.1));
#12002 = LINE('',#12003,#12004);
#12003 = CARTESIAN_POINT('',(35.,32.085786437627,1.1));
#12004 = VECTOR('',#12005,1.);
#12005 = DIRECTION('',(0.,0.,1.));
#12006 = ORIENTED_EDGE('',*,*,#12007,.T.);
#12007 = EDGE_CURVE('',#12000,#12008,#12010,.T.);
#12008 = VERTEX_POINT('',#12009);
#12009 = CARTESIAN_POINT('',(34.,32.085786437627,5.1));
#12010 = CIRCLE('',#12011,1.5);
#12011 = AXIS2_PLACEMENT_3D('',#12012,#12013,#12014);
#12012 = CARTESIAN_POINT('',(34.5,33.5,5.1));
#12013 = DIRECTION('',(0.,0.,1.));
#12014 = DIRECTION('',(1.,0.,0.));
#12015 = ORIENTED_EDGE('',*,*,#12016,.F.);
#12016 = EDGE_CURVE('',#10029,#12008,#12017,.T.);
#12017 = LINE('',#12018,#12019);
#12018 = CARTESIAN_POINT('',(34.,32.085786437627,1.1));
#12019 = VECTOR('',#12020,1.);
#12020 = DIRECTION('',(0.,0.,1.));
#12021 = ORIENTED_EDGE('',*,*,#10037,.F.);
#12022 = ORIENTED_EDGE('',*,*,#10055,.F.);
#12023 = CYLINDRICAL_SURFACE('',#12024,1.5);
#12024 = AXIS2_PLACEMENT_3D('',#12025,#12026,#12027);
#12025 = CARTESIAN_POINT('',(34.5,33.5,1.1));
#12026 = DIRECTION('',(-0.,-0.,-1.));
#12027 = DIRECTION('',(1.,0.,0.));
#12028 = ADVANCED_FACE('',(#12029),#12047,.T.);
#12029 = FACE_BOUND('',#12030,.T.);
#12030 = EDGE_LOOP('',(#12031,#12032,#12033,#12041));
#12031 = ORIENTED_EDGE('',*,*,#10028,.T.);
#12032 = ORIENTED_EDGE('',*,*,#12016,.T.);
#12033 = ORIENTED_EDGE('',*,*,#12034,.T.);
#12034 = EDGE_CURVE('',#12008,#12035,#12037,.T.);
#12035 = VERTEX_POINT('',#12036);
#12036 = CARTESIAN_POINT('',(34.,31.718848686944,5.1));
#12037 = LINE('',#12038,#12039);
#12038 = CARTESIAN_POINT('',(34.,32.085786437627,5.1));
#12039 = VECTOR('',#12040,1.);
#12040 = DIRECTION('',(0.,-1.,0.));
#12041 = ORIENTED_EDGE('',*,*,#12042,.F.);
#12042 = EDGE_CURVE('',#10017,#12035,#12043,.T.);
#12043 = LINE('',#12044,#12045);
#12044 = CARTESIAN_POINT('',(34.,31.718848686944,1.1));
#12045 = VECTOR('',#12046,1.);
#12046 = DIRECTION('',(0.,0.,1.));
#12047 = PLANE('',#12048);
#12048 = AXIS2_PLACEMENT_3D('',#12049,#12050,#12051);
#12049 = CARTESIAN_POINT('',(34.,32.085786437627,1.1));
#12050 = DIRECTION('',(1.,0.,0.));
#12051 = DIRECTION('',(0.,-1.,0.));
#12052 = ADVANCED_FACE('',(#12053),#12073,.T.);
#12053 = FACE_BOUND('',#12054,.F.);
#12054 = EDGE_LOOP('',(#12055,#12056,#12064,#12071,#12072));
#12055 = ORIENTED_EDGE('',*,*,#11982,.T.);
#12056 = ORIENTED_EDGE('',*,*,#12057,.T.);
#12057 = EDGE_CURVE('',#11975,#12058,#12060,.T.);
#12058 = VERTEX_POINT('',#12059);
#12059 = CARTESIAN_POINT('',(35.,31.718848686944,5.1));
#12060 = LINE('',#12061,#12062);
#12061 = CARTESIAN_POINT('',(35.,31.718848686944,1.1));
#12062 = VECTOR('',#12063,1.);
#12063 = DIRECTION('',(0.,0.,1.));
#12064 = ORIENTED_EDGE('',*,*,#12065,.T.);
#12065 = EDGE_CURVE('',#12058,#12035,#12066,.T.);
#12066 = CIRCLE('',#12067,1.85);
#12067 = AXIS2_PLACEMENT_3D('',#12068,#12069,#12070);
#12068 = CARTESIAN_POINT('',(34.5,33.5,5.1));
#12069 = DIRECTION('',(0.,0.,1.));
#12070 = DIRECTION('',(1.,0.,0.));
#12071 = ORIENTED_EDGE('',*,*,#12042,.F.);
#12072 = ORIENTED_EDGE('',*,*,#10016,.F.);
#12073 = CYLINDRICAL_SURFACE('',#12074,1.85);
#12074 = AXIS2_PLACEMENT_3D('',#12075,#12076,#12077);
#12075 = CARTESIAN_POINT('',(34.5,33.5,1.1));
#12076 = DIRECTION('',(-0.,-0.,-1.));
#12077 = DIRECTION('',(1.,0.,0.));
#12078 = ADVANCED_FACE('',(#12079),#12091,.F.);
#12079 = FACE_BOUND('',#12080,.F.);
#12080 = EDGE_LOOP('',(#12081,#12082,#12083,#12089,#12090));
#12081 = ORIENTED_EDGE('',*,*,#10168,.F.);
#12082 = ORIENTED_EDGE('',*,*,#11999,.T.);
#12083 = ORIENTED_EDGE('',*,*,#12084,.T.);
#12084 = EDGE_CURVE('',#12000,#12058,#12085,.T.);
#12085 = LINE('',#12086,#12087);
#12086 = CARTESIAN_POINT('',(35.,32.085786437627,5.1));
#12087 = VECTOR('',#12088,1.);
#12088 = DIRECTION('',(0.,-1.,0.));
#12089 = ORIENTED_EDGE('',*,*,#12057,.F.);
#12090 = ORIENTED_EDGE('',*,*,#11974,.T.);
#12091 = PLANE('',#12092);
#12092 = AXIS2_PLACEMENT_3D('',#12093,#12094,#12095);
#12093 = CARTESIAN_POINT('',(35.,32.085786437627,1.1));
#12094 = DIRECTION('',(1.,0.,0.));
#12095 = DIRECTION('',(0.,-1.,0.));
#12096 = ADVANCED_FACE('',(#12097),#12114,.F.);
#12097 = FACE_BOUND('',#12098,.F.);
#12098 = EDGE_LOOP('',(#12099,#12100,#12101,#12109));
#12099 = ORIENTED_EDGE('',*,*,#10447,.T.);
#12100 = ORIENTED_EDGE('',*,*,#10479,.T.);
#12101 = ORIENTED_EDGE('',*,*,#12102,.F.);
#12102 = EDGE_CURVE('',#12103,#10472,#12105,.T.);
#12103 = VERTEX_POINT('',#12104);
#12104 = CARTESIAN_POINT('',(36.254430878194,-19.25443087818,12.1));
#12105 = LINE('',#12106,#12107);
#12106 = CARTESIAN_POINT('',(36.5,-19.25443087818,12.1));
#12107 = VECTOR('',#12108,1.);
#12108 = DIRECTION('',(-1.,0.,0.));
#12109 = ORIENTED_EDGE('',*,*,#12110,.F.);
#12110 = EDGE_CURVE('',#10440,#12103,#12111,.T.);
#12111 = B_SPLINE_CURVE_WITH_KNOTS('',1,(#12112,#12113),.UNSPECIFIED.,
  .F.,.F.,(2,2),(0.,1.),.PIECEWISE_BEZIER_KNOTS.);
#12112 = CARTESIAN_POINT('',(36.5,-19.49999999999,10.1));
#12113 = CARTESIAN_POINT('',(36.254430878194,-19.25443087818,12.1));
#12114 = B_SPLINE_SURFACE_WITH_KNOTS('',1,1,(
    (#12115,#12116)
    ,(#12117,#12118
    )),.UNSPECIFIED.,.F.,.F.,.F.,(2,2),(2,2),(0.,1.),(0.,1.),
  .PIECEWISE_BEZIER_KNOTS.);
#12115 = CARTESIAN_POINT('',(36.5,-19.49999999999,10.1));
#12116 = CARTESIAN_POINT('',(36.254430878194,-19.25443087818,12.1));
#12117 = CARTESIAN_POINT('',(35.5,-19.49999999999,10.1));
#12118 = CARTESIAN_POINT('',(35.745569121806,-19.25443087818,12.1));
#12119 = ADVANCED_FACE('',(#12120),#12137,.F.);
#12120 = FACE_BOUND('',#12121,.F.);
#12121 = EDGE_LOOP('',(#12122,#12123,#12130,#12136));
#12122 = ORIENTED_EDGE('',*,*,#10493,.T.);
#12123 = ORIENTED_EDGE('',*,*,#12124,.T.);
#12124 = EDGE_CURVE('',#10494,#12125,#12127,.T.);
#12125 = VERTEX_POINT('',#12126);
#12126 = CARTESIAN_POINT('',(36.254430878194,-13.74556912179,12.1));
#12127 = B_SPLINE_CURVE_WITH_KNOTS('',1,(#12128,#12129),.UNSPECIFIED.,
  .F.,.F.,(2,2),(0.,1.),.PIECEWISE_BEZIER_KNOTS.);
#12128 = CARTESIAN_POINT('',(36.5,-13.49999999999,10.1));
#12129 = CARTESIAN_POINT('',(36.254430878194,-13.74556912179,12.1));
#12130 = ORIENTED_EDGE('',*,*,#12131,.F.);
#12131 = EDGE_CURVE('',#10465,#12125,#12132,.T.);
#12132 = LINE('',#12133,#12134);
#12133 = CARTESIAN_POINT('',(35.5,-13.74556912179,12.1));
#12134 = VECTOR('',#12135,1.);
#12135 = DIRECTION('',(1.,0.,0.));
#12136 = ORIENTED_EDGE('',*,*,#10464,.F.);
#12137 = B_SPLINE_SURFACE_WITH_KNOTS('',1,1,(
    (#12138,#12139)
    ,(#12140,#12141
    )),.UNSPECIFIED.,.F.,.F.,.F.,(2,2),(2,2),(0.,1.),(0.,1.),
  .PIECEWISE_BEZIER_KNOTS.);
#12138 = CARTESIAN_POINT('',(35.5,-13.49999999999,10.1));
#12139 = CARTESIAN_POINT('',(35.745569121806,-13.74556912179,12.1));
#12140 = CARTESIAN_POINT('',(36.5,-13.49999999999,10.1));
#12141 = CARTESIAN_POINT('',(36.254430878194,-13.74556912179,12.1));
#12142 = ADVANCED_FACE('',(#12143),#12154,.T.);
#12143 = FACE_BOUND('',#12144,.F.);
#12144 = EDGE_LOOP('',(#12145,#12146,#12147,#12153));
#12145 = ORIENTED_EDGE('',*,*,#10471,.T.);
#12146 = ORIENTED_EDGE('',*,*,#12131,.T.);
#12147 = ORIENTED_EDGE('',*,*,#12148,.T.);
#12148 = EDGE_CURVE('',#12125,#12103,#12149,.T.);
#12149 = LINE('',#12150,#12151);
#12150 = CARTESIAN_POINT('',(36.254430878194,-13.49999999999,12.1));
#12151 = VECTOR('',#12152,1.);
#12152 = DIRECTION('',(0.,-1.,0.));
#12153 = ORIENTED_EDGE('',*,*,#12102,.T.);
#12154 = PLANE('',#12155);
#12155 = AXIS2_PLACEMENT_3D('',#12156,#12157,#12158);
#12156 = CARTESIAN_POINT('',(35.745569121806,-19.25443087818,12.1));
#12157 = DIRECTION('',(0.,0.,1.));
#12158 = DIRECTION('',(9.197991235818E-02,0.995760862719,0.));
#12159 = ADVANCED_FACE('',(#12160),#12177,.T.);
#12160 = FACE_BOUND('',#12161,.T.);
#12161 = EDGE_LOOP('',(#12162,#12163,#12164,#12172));
#12162 = ORIENTED_EDGE('',*,*,#10678,.T.);
#12163 = ORIENTED_EDGE('',*,*,#10734,.T.);
#12164 = ORIENTED_EDGE('',*,*,#12165,.F.);
#12165 = EDGE_CURVE('',#12166,#10727,#12168,.T.);
#12166 = VERTEX_POINT('',#12167);
#12167 = CARTESIAN_POINT('',(36.254430878194,18.254430878194,12.1));
#12168 = LINE('',#12169,#12170);
#12169 = CARTESIAN_POINT('',(36.5,18.254430878194,12.1));
#12170 = VECTOR('',#12171,1.);
#12171 = DIRECTION('',(-1.,0.,0.));
#12172 = ORIENTED_EDGE('',*,*,#12173,.F.);
#12173 = EDGE_CURVE('',#10671,#12166,#12174,.T.);
#12174 = B_SPLINE_CURVE_WITH_KNOTS('',1,(#12175,#12176),.UNSPECIFIED.,
  .F.,.F.,(2,2),(0.,1.),.PIECEWISE_BEZIER_KNOTS.);
#12175 = CARTESIAN_POINT('',(36.5,18.5,10.1));
#12176 = CARTESIAN_POINT('',(36.254430878194,18.254430878194,12.1));
#12177 = B_SPLINE_SURFACE_WITH_KNOTS('',1,1,(
    (#12178,#12179)
    ,(#12180,#12181
    )),.UNSPECIFIED.,.F.,.F.,.F.,(2,2),(2,2),(0.,1.),(0.,1.),
  .PIECEWISE_BEZIER_KNOTS.);
#12178 = CARTESIAN_POINT('',(36.5,18.5,10.1));
#12179 = CARTESIAN_POINT('',(36.254430878194,18.254430878194,12.1));
#12180 = CARTESIAN_POINT('',(35.5,18.5,10.1));
#12181 = CARTESIAN_POINT('',(35.745569121806,18.254430878194,12.1));
#12182 = ADVANCED_FACE('',(#12183),#12200,.T.);
#12183 = FACE_BOUND('',#12184,.T.);
#12184 = EDGE_LOOP('',(#12185,#12186,#12193,#12199));
#12185 = ORIENTED_EDGE('',*,*,#10695,.T.);
#12186 = ORIENTED_EDGE('',*,*,#12187,.T.);
#12187 = EDGE_CURVE('',#10696,#12188,#12190,.T.);
#12188 = VERTEX_POINT('',#12189);
#12189 = CARTESIAN_POINT('',(36.254430878194,12.745569121806,12.1));
#12190 = B_SPLINE_CURVE_WITH_KNOTS('',1,(#12191,#12192),.UNSPECIFIED.,
  .F.,.F.,(2,2),(0.,1.),.PIECEWISE_BEZIER_KNOTS.);
#12191 = CARTESIAN_POINT('',(36.5,12.5,10.1));
#12192 = CARTESIAN_POINT('',(36.254430878194,12.745569121806,12.1));
#12193 = ORIENTED_EDGE('',*,*,#12194,.F.);
#12194 = EDGE_CURVE('',#10720,#12188,#12195,.T.);
#12195 = LINE('',#12196,#12197);
#12196 = CARTESIAN_POINT('',(35.5,12.745569121806,12.1));
#12197 = VECTOR('',#12198,1.);
#12198 = DIRECTION('',(1.,0.,0.));
#12199 = ORIENTED_EDGE('',*,*,#10719,.F.);
#12200 = B_SPLINE_SURFACE_WITH_KNOTS('',1,1,(
    (#12201,#12202)
    ,(#12203,#12204
    )),.UNSPECIFIED.,.F.,.F.,.F.,(2,2),(2,2),(0.,1.),(0.,1.),
  .PIECEWISE_BEZIER_KNOTS.);
#12201 = CARTESIAN_POINT('',(35.5,12.5,10.1));
#12202 = CARTESIAN_POINT('',(35.745569121806,12.745569121806,12.1));
#12203 = CARTESIAN_POINT('',(36.5,12.5,10.1));
#12204 = CARTESIAN_POINT('',(36.254430878194,12.745569121806,12.1));
#12205 = ADVANCED_FACE('',(#12206),#12217,.F.);
#12206 = FACE_BOUND('',#12207,.T.);
#12207 = EDGE_LOOP('',(#12208,#12209,#12210,#12216));
#12208 = ORIENTED_EDGE('',*,*,#10726,.T.);
#12209 = ORIENTED_EDGE('',*,*,#12194,.T.);
#12210 = ORIENTED_EDGE('',*,*,#12211,.T.);
#12211 = EDGE_CURVE('',#12188,#12166,#12212,.T.);
#12212 = LINE('',#12213,#12214);
#12213 = CARTESIAN_POINT('',(36.254430878194,12.5,12.1));
#12214 = VECTOR('',#12215,1.);
#12215 = DIRECTION('',(0.,1.,0.));
#12216 = ORIENTED_EDGE('',*,*,#12165,.T.);
#12217 = PLANE('',#12218);
#12218 = AXIS2_PLACEMENT_3D('',#12219,#12220,#12221);
#12219 = CARTESIAN_POINT('',(35.745569121806,18.254430878194,12.1));
#12220 = DIRECTION('',(0.,0.,-1.));
#12221 = DIRECTION('',(9.197991235818E-02,-0.995760862719,0.));
#12222 = ADVANCED_FACE('',(#12223),#12229,.F.);
#12223 = FACE_BOUND('',#12224,.F.);
#12224 = EDGE_LOOP('',(#12225,#12226,#12227,#12228));
#12225 = ORIENTED_EDGE('',*,*,#10752,.T.);
#12226 = ORIENTED_EDGE('',*,*,#10879,.T.);
#12227 = ORIENTED_EDGE('',*,*,#10892,.F.);
#12228 = ORIENTED_EDGE('',*,*,#10847,.F.);
#12229 = B_SPLINE_SURFACE_WITH_KNOTS('',1,1,(
    (#12230,#12231)
    ,(#12232,#12233
    )),.UNSPECIFIED.,.F.,.F.,.F.,(2,2),(2,2),(0.,6.),(0.,1.),
  .PIECEWISE_BEZIER_KNOTS.);
#12230 = CARTESIAN_POINT('',(-36.5,-19.49999999999,10.1));
#12231 = CARTESIAN_POINT('',(-36.25443087819,-19.25443087818,12.1));
#12232 = CARTESIAN_POINT('',(-36.5,-13.49999999999,10.1));
#12233 = CARTESIAN_POINT('',(-36.25443087819,-13.74556912179,12.1));
#12234 = ADVANCED_FACE('',(#12235),#12241,.T.);
#12235 = FACE_BOUND('',#12236,.T.);
#12236 = EDGE_LOOP('',(#12237,#12238,#12239,#12240));
#12237 = ORIENTED_EDGE('',*,*,#10763,.T.);
#12238 = ORIENTED_EDGE('',*,*,#10833,.T.);
#12239 = ORIENTED_EDGE('',*,*,#10806,.F.);
#12240 = ORIENTED_EDGE('',*,*,#10784,.F.);
#12241 = B_SPLINE_SURFACE_WITH_KNOTS('',1,1,(
    (#12242,#12243)
    ,(#12244,#12245
    )),.UNSPECIFIED.,.F.,.F.,.F.,(2,2),(2,2),(0.,6.),(0.,1.),
  .PIECEWISE_BEZIER_KNOTS.);
#12242 = CARTESIAN_POINT('',(-36.5,18.5,10.1));
#12243 = CARTESIAN_POINT('',(-36.25443087819,18.254430878194,12.1));
#12244 = CARTESIAN_POINT('',(-36.5,12.5,10.1));
#12245 = CARTESIAN_POINT('',(-36.25443087819,12.745569121806,12.1));
#12246 = ADVANCED_FACE('',(#12247),#12253,.T.);
#12247 = FACE_BOUND('',#12248,.T.);
#12248 = EDGE_LOOP('',(#12249,#12250,#12251,#12252));
#12249 = ORIENTED_EDGE('',*,*,#11022,.T.);
#12250 = ORIENTED_EDGE('',*,*,#11003,.T.);
#12251 = ORIENTED_EDGE('',*,*,#10972,.F.);
#12252 = ORIENTED_EDGE('',*,*,#10945,.F.);
#12253 = PLANE('',#12254);
#12254 = AXIS2_PLACEMENT_3D('',#12255,#12256,#12257);
#12255 = CARTESIAN_POINT('',(-1.809E-13,1.6703E-13,5.1));
#12256 = DIRECTION('',(0.,0.,1.));
#12257 = DIRECTION('',(1.,0.,0.));
#12258 = ADVANCED_FACE('',(#12259),#12265,.T.);
#12259 = FACE_BOUND('',#12260,.T.);
#12260 = EDGE_LOOP('',(#12261,#12262,#12263,#12264));
#12261 = ORIENTED_EDGE('',*,*,#11126,.T.);
#12262 = ORIENTED_EDGE('',*,*,#11150,.T.);
#12263 = ORIENTED_EDGE('',*,*,#11074,.F.);
#12264 = ORIENTED_EDGE('',*,*,#11106,.F.);
#12265 = PLANE('',#12266);
#12266 = AXIS2_PLACEMENT_3D('',#12267,#12268,#12269);
#12267 = CARTESIAN_POINT('',(-1.809E-13,1.6703E-13,5.1));
#12268 = DIRECTION('',(0.,0.,1.));
#12269 = DIRECTION('',(1.,0.,0.));
#12270 = ADVANCED_FACE('',(#12271),#12277,.T.);
#12271 = FACE_BOUND('',#12272,.T.);
#12272 = EDGE_LOOP('',(#12273,#12274,#12275,#12276));
#12273 = ORIENTED_EDGE('',*,*,#11172,.T.);
#12274 = ORIENTED_EDGE('',*,*,#12173,.T.);
#12275 = ORIENTED_EDGE('',*,*,#12211,.F.);
#12276 = ORIENTED_EDGE('',*,*,#12187,.F.);
#12277 = B_SPLINE_SURFACE_WITH_KNOTS('',1,1,(
    (#12278,#12279)
    ,(#12280,#12281
    )),.UNSPECIFIED.,.F.,.F.,.F.,(2,2),(2,2),(0.,6.),(0.,1.),
  .PIECEWISE_BEZIER_KNOTS.);
#12278 = CARTESIAN_POINT('',(36.5,12.5,10.1));
#12279 = CARTESIAN_POINT('',(36.254430878194,12.745569121806,12.1));
#12280 = CARTESIAN_POINT('',(36.5,18.5,10.1));
#12281 = CARTESIAN_POINT('',(36.254430878194,18.254430878194,12.1));
#12282 = ADVANCED_FACE('',(#12283),#12289,.F.);
#12283 = FACE_BOUND('',#12284,.F.);
#12284 = EDGE_LOOP('',(#12285,#12286,#12287,#12288));
#12285 = ORIENTED_EDGE('',*,*,#11183,.T.);
#12286 = ORIENTED_EDGE('',*,*,#12110,.T.);
#12287 = ORIENTED_EDGE('',*,*,#12148,.F.);
#12288 = ORIENTED_EDGE('',*,*,#12124,.F.);
#12289 = B_SPLINE_SURFACE_WITH_KNOTS('',1,1,(
    (#12290,#12291)
    ,(#12292,#12293
    )),.UNSPECIFIED.,.F.,.F.,.F.,(2,2),(2,2),(0.,6.),(0.,1.),
  .PIECEWISE_BEZIER_KNOTS.);
#12290 = CARTESIAN_POINT('',(36.5,-13.49999999999,10.1));
#12291 = CARTESIAN_POINT('',(36.254430878194,-13.74556912179,12.1));
#12292 = CARTESIAN_POINT('',(36.5,-19.49999999999,10.1));
#12293 = CARTESIAN_POINT('',(36.254430878194,-19.25443087818,12.1));
#12294 = ADVANCED_FACE('',(#12295),#12301,.T.);
#12295 = FACE_BOUND('',#12296,.T.);
#12296 = EDGE_LOOP('',(#12297,#12298,#12299,#12300));
#12297 = ORIENTED_EDGE('',*,*,#11303,.T.);
#12298 = ORIENTED_EDGE('',*,*,#11327,.T.);
#12299 = ORIENTED_EDGE('',*,*,#11251,.F.);
#12300 = ORIENTED_EDGE('',*,*,#11283,.F.);
#12301 = PLANE('',#12302);
#12302 = AXIS2_PLACEMENT_3D('',#12303,#12304,#12305);
#12303 = CARTESIAN_POINT('',(-1.809E-13,1.6703E-13,5.1));
#12304 = DIRECTION('',(0.,0.,1.));
#12305 = DIRECTION('',(1.,0.,0.));
#12306 = ADVANCED_FACE('',(#12307),#12332,.T.);
#12307 = FACE_BOUND('',#12308,.T.);
#12308 = EDGE_LOOP('',(#12309,#12317,#12318,#12326));
#12309 = ORIENTED_EDGE('',*,*,#12310,.T.);
#12310 = EDGE_CURVE('',#12311,#11378,#12313,.T.);
#12311 = VERTEX_POINT('',#12312);
#12312 = CARTESIAN_POINT('',(-16.28310275034,34.24714117165,1.1));
#12313 = LINE('',#12314,#12315);
#12314 = CARTESIAN_POINT('',(-16.28310275034,34.24714117165,1.1));
#12315 = VECTOR('',#12316,1.);
#12316 = DIRECTION('',(-0.,-0.,-1.));
#12317 = ORIENTED_EDGE('',*,*,#11377,.T.);
#12318 = ORIENTED_EDGE('',*,*,#12319,.F.);
#12319 = EDGE_CURVE('',#12320,#11380,#12322,.T.);
#12320 = VERTEX_POINT('',#12321);
#12321 = CARTESIAN_POINT('',(-16.02161253002,34.407237224911,1.1));
#12322 = LINE('',#12323,#12324);
#12323 = CARTESIAN_POINT('',(-16.02161253002,34.407237224911,1.1));
#12324 = VECTOR('',#12325,1.);
#12325 = DIRECTION('',(-0.,-0.,-1.));
#12326 = ORIENTED_EDGE('',*,*,#12327,.F.);
#12327 = EDGE_CURVE('',#12311,#12320,#12328,.T.);
#12328 = B_SPLINE_CURVE_WITH_KNOTS('',2,(#12329,#12330,#12331),
  .UNSPECIFIED.,.F.,.F.,(3,3),(0.,1.),.PIECEWISE_BEZIER_KNOTS.);
#12329 = CARTESIAN_POINT('',(-16.28310275034,34.24714117165,1.1));
#12330 = CARTESIAN_POINT('',(-16.10166055665,34.24714117165,1.1));
#12331 = CARTESIAN_POINT('',(-16.02161253002,34.407237224911,1.1));
#12332 = SURFACE_OF_LINEAR_EXTRUSION('',#12333,#12337);
#12333 = B_SPLINE_CURVE_WITH_KNOTS('',2,(#12334,#12335,#12336),
  .UNSPECIFIED.,.F.,.F.,(3,3),(0.,1.),.PIECEWISE_BEZIER_KNOTS.);
#12334 = CARTESIAN_POINT('',(-16.28310275034,34.24714117165,1.1));
#12335 = CARTESIAN_POINT('',(-16.10166055665,34.24714117165,1.1));
#12336 = CARTESIAN_POINT('',(-16.02161253002,34.407237224911,1.1));
#12337 = VECTOR('',#12338,1.);
#12338 = DIRECTION('',(0.,0.,1.));
#12339 = ADVANCED_FACE('',(#12340),#12358,.T.);
#12340 = FACE_BOUND('',#12341,.T.);
#12341 = EDGE_LOOP('',(#12342,#12343,#12344,#12352));
#12342 = ORIENTED_EDGE('',*,*,#12319,.T.);
#12343 = ORIENTED_EDGE('',*,*,#11387,.T.);
#12344 = ORIENTED_EDGE('',*,*,#12345,.F.);
#12345 = EDGE_CURVE('',#12346,#11388,#12348,.T.);
#12346 = VERTEX_POINT('',#12347);
#12347 = CARTESIAN_POINT('',(-15.71743002882,35.349135671592,1.1));
#12348 = LINE('',#12349,#12350);
#12349 = CARTESIAN_POINT('',(-15.71743002882,35.349135671592,1.1));
#12350 = VECTOR('',#12351,1.);
#12351 = DIRECTION('',(-0.,-0.,-1.));
#12352 = ORIENTED_EDGE('',*,*,#12353,.F.);
#12353 = EDGE_CURVE('',#12320,#12346,#12354,.T.);
#12354 = B_SPLINE_CURVE_WITH_KNOTS('',2,(#12355,#12356,#12357),
  .UNSPECIFIED.,.F.,.F.,(3,3),(0.,1.),.PIECEWISE_BEZIER_KNOTS.);
#12355 = CARTESIAN_POINT('',(-16.02161253002,34.407237224911,1.1));
#12356 = CARTESIAN_POINT('',(-15.81348766078,34.818150428279,1.1));
#12357 = CARTESIAN_POINT('',(-15.71743002882,35.349135671592,1.1));
#12358 = SURFACE_OF_LINEAR_EXTRUSION('',#12359,#12363);
#12359 = B_SPLINE_CURVE_WITH_KNOTS('',2,(#12360,#12361,#12362),
  .UNSPECIFIED.,.F.,.F.,(3,3),(0.,1.),.PIECEWISE_BEZIER_KNOTS.);
#12360 = CARTESIAN_POINT('',(-16.02161253002,34.407237224911,1.1));
#12361 = CARTESIAN_POINT('',(-15.81348766078,34.818150428279,1.1));
#12362 = CARTESIAN_POINT('',(-15.71743002882,35.349135671592,1.1));
#12363 = VECTOR('',#12364,1.);
#12364 = DIRECTION('',(0.,0.,1.));
#12365 = ADVANCED_FACE('',(#12366),#12384,.T.);
#12366 = FACE_BOUND('',#12367,.T.);
#12367 = EDGE_LOOP('',(#12368,#12369,#12370,#12378));
#12368 = ORIENTED_EDGE('',*,*,#12345,.T.);
#12369 = ORIENTED_EDGE('',*,*,#11395,.T.);
#12370 = ORIENTED_EDGE('',*,*,#12371,.F.);
#12371 = EDGE_CURVE('',#12372,#11396,#12374,.T.);
#12372 = VERTEX_POINT('',#12373);
#12373 = CARTESIAN_POINT('',(-15.6720694804,35.853438239362,1.1));
#12374 = LINE('',#12375,#12376);
#12375 = CARTESIAN_POINT('',(-15.6720694804,35.853438239362,1.1));
#12376 = VECTOR('',#12377,1.);
#12377 = DIRECTION('',(-0.,-0.,-1.));
#12378 = ORIENTED_EDGE('',*,*,#12379,.F.);
#12379 = EDGE_CURVE('',#12346,#12372,#12380,.T.);
#12380 = B_SPLINE_CURVE_WITH_KNOTS('',2,(#12381,#12382,#12383),
  .UNSPECIFIED.,.F.,.F.,(3,3),(0.,1.),.PIECEWISE_BEZIER_KNOTS.);
#12381 = CARTESIAN_POINT('',(-15.71743002882,35.349135671592,1.1));
#12382 = CARTESIAN_POINT('',(-15.6720694804,35.597284554145,1.1));
#12383 = CARTESIAN_POINT('',(-15.6720694804,35.853438239362,1.1));
#12384 = SURFACE_OF_LINEAR_EXTRUSION('',#12385,#12389);
#12385 = B_SPLINE_CURVE_WITH_KNOTS('',2,(#12386,#12387,#12388),
  .UNSPECIFIED.,.F.,.F.,(3,3),(0.,1.),.PIECEWISE_BEZIER_KNOTS.);
#12386 = CARTESIAN_POINT('',(-15.71743002882,35.349135671592,1.1));
#12387 = CARTESIAN_POINT('',(-15.6720694804,35.597284554145,1.1));
#12388 = CARTESIAN_POINT('',(-15.6720694804,35.853438239362,1.1));
#12389 = VECTOR('',#12390,1.);
#12390 = DIRECTION('',(0.,0.,1.));
#12391 = ADVANCED_FACE('',(#12392),#12410,.T.);
#12392 = FACE_BOUND('',#12393,.T.);
#12393 = EDGE_LOOP('',(#12394,#12395,#12396,#12404));
#12394 = ORIENTED_EDGE('',*,*,#12371,.T.);
#12395 = ORIENTED_EDGE('',*,*,#11403,.T.);
#12396 = ORIENTED_EDGE('',*,*,#12397,.F.);
#12397 = EDGE_CURVE('',#12398,#11404,#12400,.T.);
#12398 = VERTEX_POINT('',#12399);
#12399 = CARTESIAN_POINT('',(-15.69608388839,36.224327429415,1.1));
#12400 = LINE('',#12401,#12402);
#12401 = CARTESIAN_POINT('',(-15.69608388839,36.224327429415,1.1));
#12402 = VECTOR('',#12403,1.);
#12403 = DIRECTION('',(-0.,-0.,-1.));
#12404 = ORIENTED_EDGE('',*,*,#12405,.F.);
#12405 = EDGE_CURVE('',#12372,#12398,#12406,.T.);
#12406 = B_SPLINE_CURVE_WITH_KNOTS('',2,(#12407,#12408,#12409),
  .UNSPECIFIED.,.F.,.F.,(3,3),(0.,1.),.PIECEWISE_BEZIER_KNOTS.);
#12407 = CARTESIAN_POINT('',(-15.6720694804,35.853438239362,1.1));
#12408 = CARTESIAN_POINT('',(-15.6720694804,36.040216968165,1.1));
#12409 = CARTESIAN_POINT('',(-15.69608388839,36.224327429415,1.1));
#12410 = SURFACE_OF_LINEAR_EXTRUSION('',#12411,#12415);
#12411 = B_SPLINE_CURVE_WITH_KNOTS('',2,(#12412,#12413,#12414),
  .UNSPECIFIED.,.F.,.F.,(3,3),(0.,1.),.PIECEWISE_BEZIER_KNOTS.);
#12412 = CARTESIAN_POINT('',(-15.6720694804,35.853438239362,1.1));
#12413 = CARTESIAN_POINT('',(-15.6720694804,36.040216968165,1.1));
#12414 = CARTESIAN_POINT('',(-15.69608388839,36.224327429415,1.1));
#12415 = VECTOR('',#12416,1.);
#12416 = DIRECTION('',(0.,0.,1.));
#12417 = ADVANCED_FACE('',(#12418),#12436,.T.);
#12418 = FACE_BOUND('',#12419,.T.);
#12419 = EDGE_LOOP('',(#12420,#12421,#12422,#12430));
#12420 = ORIENTED_EDGE('',*,*,#12397,.T.);
#12421 = ORIENTED_EDGE('',*,*,#11411,.T.);
#12422 = ORIENTED_EDGE('',*,*,#12423,.F.);
#12423 = EDGE_CURVE('',#12424,#11412,#12426,.T.);
#12424 = VERTEX_POINT('',#12425);
#12425 = CARTESIAN_POINT('',(-15.96024237627,37.24894217028,1.1));
#12426 = LINE('',#12427,#12428);
#12427 = CARTESIAN_POINT('',(-15.96024237627,37.24894217028,1.1));
#12428 = VECTOR('',#12429,1.);
#12429 = DIRECTION('',(-0.,-0.,-1.));
#12430 = ORIENTED_EDGE('',*,*,#12431,.F.);
#12431 = EDGE_CURVE('',#12398,#12424,#12432,.T.);
#12432 = B_SPLINE_CURVE_WITH_KNOTS('',2,(#12433,#12434,#12435),
  .UNSPECIFIED.,.F.,.F.,(3,3),(0.,1.),.PIECEWISE_BEZIER_KNOTS.);
#12433 = CARTESIAN_POINT('',(-15.69608388839,36.224327429415,1.1));
#12434 = CARTESIAN_POINT('',(-15.77346364746,36.827355896695,1.1));
#12435 = CARTESIAN_POINT('',(-15.96024237627,37.24894217028,1.1));
#12436 = SURFACE_OF_LINEAR_EXTRUSION('',#12437,#12441);
#12437 = B_SPLINE_CURVE_WITH_KNOTS('',2,(#12438,#12439,#12440),
  .UNSPECIFIED.,.F.,.F.,(3,3),(0.,1.),.PIECEWISE_BEZIER_KNOTS.);
#12438 = CARTESIAN_POINT('',(-15.69608388839,36.224327429415,1.1));
#12439 = CARTESIAN_POINT('',(-15.77346364746,36.827355896695,1.1));
#12440 = CARTESIAN_POINT('',(-15.96024237627,37.24894217028,1.1));
#12441 = VECTOR('',#12442,1.);
#12442 = DIRECTION('',(0.,0.,1.));
#12443 = ADVANCED_FACE('',(#12444),#12462,.T.);
#12444 = FACE_BOUND('',#12445,.T.);
#12445 = EDGE_LOOP('',(#12446,#12447,#12448,#12456));
#12446 = ORIENTED_EDGE('',*,*,#12423,.T.);
#12447 = ORIENTED_EDGE('',*,*,#11419,.T.);
#12448 = ORIENTED_EDGE('',*,*,#12449,.F.);
#12449 = EDGE_CURVE('',#12450,#11420,#12452,.T.);
#12450 = VERTEX_POINT('',#12451);
#12451 = CARTESIAN_POINT('',(-16.28043448279,37.502427587942,1.1));
#12452 = LINE('',#12453,#12454);
#12453 = CARTESIAN_POINT('',(-16.28043448279,37.502427587942,1.1));
#12454 = VECTOR('',#12455,1.);
#12455 = DIRECTION('',(-0.,-0.,-1.));
#12456 = ORIENTED_EDGE('',*,*,#12457,.F.);
#12457 = EDGE_CURVE('',#12424,#12450,#12458,.T.);
#12458 = B_SPLINE_CURVE_WITH_KNOTS('',2,(#12459,#12460,#12461),
  .UNSPECIFIED.,.F.,.F.,(3,3),(0.,1.),.PIECEWISE_BEZIER_KNOTS.);
#12459 = CARTESIAN_POINT('',(-15.96024237627,37.24894217028,1.1));
#12460 = CARTESIAN_POINT('',(-16.07230961355,37.502427587942,1.1));
#12461 = CARTESIAN_POINT('',(-16.28043448279,37.502427587942,1.1));
#12462 = SURFACE_OF_LINEAR_EXTRUSION('',#12463,#12467);
#12463 = B_SPLINE_CURVE_WITH_KNOTS('',2,(#12464,#12465,#12466),
  .UNSPECIFIED.,.F.,.F.,(3,3),(0.,1.),.PIECEWISE_BEZIER_KNOTS.);
#12464 = CARTESIAN_POINT('',(-15.96024237627,37.24894217028,1.1));
#12465 = CARTESIAN_POINT('',(-16.07230961355,37.502427587942,1.1));
#12466 = CARTESIAN_POINT('',(-16.28043448279,37.502427587942,1.1));
#12467 = VECTOR('',#12468,1.);
#12468 = DIRECTION('',(0.,0.,1.));
#12469 = ADVANCED_FACE('',(#12470),#12488,.T.);
#12470 = FACE_BOUND('',#12471,.T.);
#12471 = EDGE_LOOP('',(#12472,#12473,#12474,#12482));
#12472 = ORIENTED_EDGE('',*,*,#12449,.T.);
#12473 = ORIENTED_EDGE('',*,*,#11427,.T.);
#12474 = ORIENTED_EDGE('',*,*,#12475,.F.);
#12475 = EDGE_CURVE('',#12476,#11428,#12478,.T.);
#12476 = VERTEX_POINT('',#12477);
#12477 = CARTESIAN_POINT('',(-16.60062658931,37.272956578269,1.1));
#12478 = LINE('',#12479,#12480);
#12479 = CARTESIAN_POINT('',(-16.60062658931,37.272956578269,1.1));
#12480 = VECTOR('',#12481,1.);
#12481 = DIRECTION('',(-0.,-0.,-1.));
#12482 = ORIENTED_EDGE('',*,*,#12483,.F.);
#12483 = EDGE_CURVE('',#12450,#12476,#12484,.T.);
#12484 = B_SPLINE_CURVE_WITH_KNOTS('',2,(#12485,#12486,#12487),
  .UNSPECIFIED.,.F.,.F.,(3,3),(0.,1.),.PIECEWISE_BEZIER_KNOTS.);
#12485 = CARTESIAN_POINT('',(-16.28043448279,37.502427587942,1.1));
#12486 = CARTESIAN_POINT('',(-16.48055454936,37.502427587942,1.1));
#12487 = CARTESIAN_POINT('',(-16.60062658931,37.272956578269,1.1));
#12488 = SURFACE_OF_LINEAR_EXTRUSION('',#12489,#12493);
#12489 = B_SPLINE_CURVE_WITH_KNOTS('',2,(#12490,#12491,#12492),
  .UNSPECIFIED.,.F.,.F.,(3,3),(0.,1.),.PIECEWISE_BEZIER_KNOTS.);
#12490 = CARTESIAN_POINT('',(-16.28043448279,37.502427587942,1.1));
#12491 = CARTESIAN_POINT('',(-16.48055454936,37.502427587942,1.1));
#12492 = CARTESIAN_POINT('',(-16.60062658931,37.272956578269,1.1));
#12493 = VECTOR('',#12494,1.);
#12494 = DIRECTION('',(0.,0.,1.));
#12495 = ADVANCED_FACE('',(#12496),#12514,.T.);
#12496 = FACE_BOUND('',#12497,.T.);
#12497 = EDGE_LOOP('',(#12498,#12499,#12500,#12508));
#12498 = ORIENTED_EDGE('',*,*,#12475,.T.);
#12499 = ORIENTED_EDGE('',*,*,#11435,.T.);
#12500 = ORIENTED_EDGE('',*,*,#12501,.F.);
#12501 = EDGE_CURVE('',#12502,#11436,#12504,.T.);
#12502 = VERTEX_POINT('',#12503);
#12503 = CARTESIAN_POINT('',(-16.86478507719,36.341731201806,1.1));
#12504 = LINE('',#12505,#12506);
#12505 = CARTESIAN_POINT('',(-16.86478507719,36.341731201806,1.1));
#12506 = VECTOR('',#12507,1.);
#12507 = DIRECTION('',(-0.,-0.,-1.));
#12508 = ORIENTED_EDGE('',*,*,#12509,.F.);
#12509 = EDGE_CURVE('',#12476,#12502,#12510,.T.);
#12510 = B_SPLINE_CURVE_WITH_KNOTS('',2,(#12511,#12512,#12513),
  .UNSPECIFIED.,.F.,.F.,(3,3),(0.,1.),.PIECEWISE_BEZIER_KNOTS.);
#12511 = CARTESIAN_POINT('',(-16.60062658931,37.272956578269,1.1));
#12512 = CARTESIAN_POINT('',(-16.77673224789,36.934086598869,1.1));
#12513 = CARTESIAN_POINT('',(-16.86478507719,36.341731201806,1.1));
#12514 = SURFACE_OF_LINEAR_EXTRUSION('',#12515,#12519);
#12515 = B_SPLINE_CURVE_WITH_KNOTS('',2,(#12516,#12517,#12518),
  .UNSPECIFIED.,.F.,.F.,(3,3),(0.,1.),.PIECEWISE_BEZIER_KNOTS.);
#12516 = CARTESIAN_POINT('',(-16.60062658931,37.272956578269,1.1));
#12517 = CARTESIAN_POINT('',(-16.77673224789,36.934086598869,1.1));
#12518 = CARTESIAN_POINT('',(-16.86478507719,36.341731201806,1.1));
#12519 = VECTOR('',#12520,1.);
#12520 = DIRECTION('',(0.,0.,1.));
#12521 = ADVANCED_FACE('',(#12522),#12540,.T.);
#12522 = FACE_BOUND('',#12523,.T.);
#12523 = EDGE_LOOP('',(#12524,#12525,#12526,#12534));
#12524 = ORIENTED_EDGE('',*,*,#12501,.T.);
#12525 = ORIENTED_EDGE('',*,*,#11443,.T.);
#12526 = ORIENTED_EDGE('',*,*,#12527,.F.);
#12527 = EDGE_CURVE('',#12528,#11444,#12530,.T.);
#12528 = VERTEX_POINT('',#12529);
#12529 = CARTESIAN_POINT('',(-16.90214082295,35.850769971807,1.1));
#12530 = LINE('',#12531,#12532);
#12531 = CARTESIAN_POINT('',(-16.90214082295,35.850769971807,1.1));
#12532 = VECTOR('',#12533,1.);
#12533 = DIRECTION('',(-0.,-0.,-1.));
#12534 = ORIENTED_EDGE('',*,*,#12535,.F.);
#12535 = EDGE_CURVE('',#12502,#12528,#12536,.T.);
#12536 = B_SPLINE_CURVE_WITH_KNOTS('',2,(#12537,#12538,#12539),
  .UNSPECIFIED.,.F.,.F.,(3,3),(0.,1.),.PIECEWISE_BEZIER_KNOTS.);
#12537 = CARTESIAN_POINT('',(-16.86478507719,36.341731201806,1.1));
#12538 = CARTESIAN_POINT('',(-16.90214082295,36.088245784143,1.1));
#12539 = CARTESIAN_POINT('',(-16.90214082295,35.850769971807,1.1));
#12540 = SURFACE_OF_LINEAR_EXTRUSION('',#12541,#12545);
#12541 = B_SPLINE_CURVE_WITH_KNOTS('',2,(#12542,#12543,#12544),
  .UNSPECIFIED.,.F.,.F.,(3,3),(0.,1.),.PIECEWISE_BEZIER_KNOTS.);
#12542 = CARTESIAN_POINT('',(-16.86478507719,36.341731201806,1.1));
#12543 = CARTESIAN_POINT('',(-16.90214082295,36.088245784143,1.1));
#12544 = CARTESIAN_POINT('',(-16.90214082295,35.850769971807,1.1));
#12545 = VECTOR('',#12546,1.);
#12546 = DIRECTION('',(0.,0.,1.));
#12547 = ADVANCED_FACE('',(#12548),#12566,.T.);
#12548 = FACE_BOUND('',#12549,.T.);
#12549 = EDGE_LOOP('',(#12550,#12551,#12552,#12560));
#12550 = ORIENTED_EDGE('',*,*,#12527,.T.);
#12551 = ORIENTED_EDGE('',*,*,#11451,.T.);
#12552 = ORIENTED_EDGE('',*,*,#12553,.F.);
#12553 = EDGE_CURVE('',#12554,#11452,#12556,.T.);
#12554 = VERTEX_POINT('',#12555);
#12555 = CARTESIAN_POINT('',(-16.86478507719,35.391827952461,1.1));
#12556 = LINE('',#12557,#12558);
#12557 = CARTESIAN_POINT('',(-16.86478507719,35.391827952461,1.1));
#12558 = VECTOR('',#12559,1.);
#12559 = DIRECTION('',(-0.,-0.,-1.));
#12560 = ORIENTED_EDGE('',*,*,#12561,.F.);
#12561 = EDGE_CURVE('',#12528,#12554,#12562,.T.);
#12562 = B_SPLINE_CURVE_WITH_KNOTS('',2,(#12563,#12564,#12565),
  .UNSPECIFIED.,.F.,.F.,(3,3),(0.,1.),.PIECEWISE_BEZIER_KNOTS.);
#12563 = CARTESIAN_POINT('',(-16.90214082295,35.850769971807,1.1));
#12564 = CARTESIAN_POINT('',(-16.90214082295,35.613294159471,1.1));
#12565 = CARTESIAN_POINT('',(-16.86478507719,35.391827952461,1.1));
#12566 = SURFACE_OF_LINEAR_EXTRUSION('',#12567,#12571);
#12567 = B_SPLINE_CURVE_WITH_KNOTS('',2,(#12568,#12569,#12570),
  .UNSPECIFIED.,.F.,.F.,(3,3),(0.,1.),.PIECEWISE_BEZIER_KNOTS.);
#12568 = CARTESIAN_POINT('',(-16.90214082295,35.850769971807,1.1));
#12569 = CARTESIAN_POINT('',(-16.90214082295,35.613294159471,1.1));
#12570 = CARTESIAN_POINT('',(-16.86478507719,35.391827952461,1.1));
#12571 = VECTOR('',#12572,1.);
#12572 = DIRECTION('',(0.,0.,1.));
#12573 = ADVANCED_FACE('',(#12574),#12592,.T.);
#12574 = FACE_BOUND('',#12575,.T.);
#12575 = EDGE_LOOP('',(#12576,#12577,#12578,#12586));
#12576 = ORIENTED_EDGE('',*,*,#12553,.T.);
#12577 = ORIENTED_EDGE('',*,*,#11459,.T.);
#12578 = ORIENTED_EDGE('',*,*,#12579,.F.);
#12579 = EDGE_CURVE('',#12580,#11460,#12582,.T.);
#12580 = VERTEX_POINT('',#12581);
#12581 = CARTESIAN_POINT('',(-16.54992950578,34.401900689802,1.1));
#12582 = LINE('',#12583,#12584);
#12583 = CARTESIAN_POINT('',(-16.54992950578,34.401900689802,1.1));
#12584 = VECTOR('',#12585,1.);
#12585 = DIRECTION('',(-0.,-0.,-1.));
#12586 = ORIENTED_EDGE('',*,*,#12587,.F.);
#12587 = EDGE_CURVE('',#12554,#12580,#12588,.T.);
#12588 = B_SPLINE_CURVE_WITH_KNOTS('',2,(#12589,#12590,#12591),
  .UNSPECIFIED.,.F.,.F.,(3,3),(0.,1.),.PIECEWISE_BEZIER_KNOTS.);
#12589 = CARTESIAN_POINT('',(-16.86478507719,35.391827952461,1.1));
#12590 = CARTESIAN_POINT('',(-16.76872744523,34.828823498496,1.1));
#12591 = CARTESIAN_POINT('',(-16.54992950578,34.401900689802,1.1));
#12592 = SURFACE_OF_LINEAR_EXTRUSION('',#12593,#12597);
#12593 = B_SPLINE_CURVE_WITH_KNOTS('',2,(#12594,#12595,#12596),
  .UNSPECIFIED.,.F.,.F.,(3,3),(0.,1.),.PIECEWISE_BEZIER_KNOTS.);
#12594 = CARTESIAN_POINT('',(-16.86478507719,35.391827952461,1.1));
#12595 = CARTESIAN_POINT('',(-16.76872744523,34.828823498496,1.1));
#12596 = CARTESIAN_POINT('',(-16.54992950578,34.401900689802,1.1));
#12597 = VECTOR('',#12598,1.);
#12598 = DIRECTION('',(0.,0.,1.));
#12599 = ADVANCED_FACE('',(#12600),#12611,.T.);
#12600 = FACE_BOUND('',#12601,.T.);
#12601 = EDGE_LOOP('',(#12602,#12603,#12604,#12605));
#12602 = ORIENTED_EDGE('',*,*,#12579,.T.);
#12603 = ORIENTED_EDGE('',*,*,#11467,.T.);
#12604 = ORIENTED_EDGE('',*,*,#12310,.F.);
#12605 = ORIENTED_EDGE('',*,*,#12606,.F.);
#12606 = EDGE_CURVE('',#12580,#12311,#12607,.T.);
#12607 = B_SPLINE_CURVE_WITH_KNOTS('',2,(#12608,#12609,#12610),
  .UNSPECIFIED.,.F.,.F.,(3,3),(0.,1.),.PIECEWISE_BEZIER_KNOTS.);
#12608 = CARTESIAN_POINT('',(-16.54992950578,34.401900689802,1.1));
#12609 = CARTESIAN_POINT('',(-16.46988147915,34.24714117165,1.1));
#12610 = CARTESIAN_POINT('',(-16.28310275034,34.24714117165,1.1));
#12611 = SURFACE_OF_LINEAR_EXTRUSION('',#12612,#12616);
#12612 = B_SPLINE_CURVE_WITH_KNOTS('',2,(#12613,#12614,#12615),
  .UNSPECIFIED.,.F.,.F.,(3,3),(0.,1.),.PIECEWISE_BEZIER_KNOTS.);
#12613 = CARTESIAN_POINT('',(-16.54992950578,34.401900689802,1.1));
#12614 = CARTESIAN_POINT('',(-16.46988147915,34.24714117165,1.1));
#12615 = CARTESIAN_POINT('',(-16.28310275034,34.24714117165,1.1));
#12616 = VECTOR('',#12617,1.);
#12617 = DIRECTION('',(0.,0.,1.));
#12618 = ADVANCED_FACE('',(#12619),#12644,.T.);
#12619 = FACE_BOUND('',#12620,.T.);
#12620 = EDGE_LOOP('',(#12621,#12629,#12630,#12638));
#12621 = ORIENTED_EDGE('',*,*,#12622,.T.);
#12622 = EDGE_CURVE('',#12623,#11725,#12625,.T.);
#12623 = VERTEX_POINT('',#12624);
#12624 = CARTESIAN_POINT('',(12.934426969652,34.24714117165,1.1));
#12625 = LINE('',#12626,#12627);
#12626 = CARTESIAN_POINT('',(12.934426969652,34.24714117165,1.1));
#12627 = VECTOR('',#12628,1.);
#12628 = DIRECTION('',(-0.,-0.,-1.));
#12629 = ORIENTED_EDGE('',*,*,#11724,.T.);
#12630 = ORIENTED_EDGE('',*,*,#12631,.F.);
#12631 = EDGE_CURVE('',#12632,#11727,#12634,.T.);
#12632 = VERTEX_POINT('',#12633);
#12633 = CARTESIAN_POINT('',(12.934426969652,35.877452647351,1.1));
#12634 = LINE('',#12635,#12636);
#12635 = CARTESIAN_POINT('',(12.934426969652,35.877452647351,1.1));
#12636 = VECTOR('',#12637,1.);
#12637 = DIRECTION('',(-0.,-0.,-1.));
#12638 = ORIENTED_EDGE('',*,*,#12639,.F.);
#12639 = EDGE_CURVE('',#12623,#12632,#12640,.T.);
#12640 = B_SPLINE_CURVE_WITH_KNOTS('',2,(#12641,#12642,#12643),
  .UNSPECIFIED.,.F.,.F.,(3,3),(0.,1.),.PIECEWISE_BEZIER_KNOTS.);
#12641 = CARTESIAN_POINT('',(12.934426969652,34.24714117165,1.1));
#12642 = CARTESIAN_POINT('',(12.934426969652,34.24714117165,1.1));
#12643 = CARTESIAN_POINT('',(12.934426969652,35.877452647351,1.1));
#12644 = SURFACE_OF_LINEAR_EXTRUSION('',#12645,#12649);
#12645 = B_SPLINE_CURVE_WITH_KNOTS('',2,(#12646,#12647,#12648),
  .UNSPECIFIED.,.F.,.F.,(3,3),(0.,1.),.PIECEWISE_BEZIER_KNOTS.);
#12646 = CARTESIAN_POINT('',(12.934426969652,34.24714117165,1.1));
#12647 = CARTESIAN_POINT('',(12.934426969652,34.24714117165,1.1));
#12648 = CARTESIAN_POINT('',(12.934426969652,35.877452647351,1.1));
#12649 = VECTOR('',#12650,1.);
#12650 = DIRECTION('',(0.,0.,1.));
#12651 = ADVANCED_FACE('',(#12652),#12670,.T.);
#12652 = FACE_BOUND('',#12653,.T.);
#12653 = EDGE_LOOP('',(#12654,#12655,#12656,#12664));
#12654 = ORIENTED_EDGE('',*,*,#12631,.T.);
#12655 = ORIENTED_EDGE('',*,*,#11734,.T.);
#12656 = ORIENTED_EDGE('',*,*,#12657,.F.);
#12657 = EDGE_CURVE('',#12658,#11735,#12660,.T.);
#12658 = VERTEX_POINT('',#12659);
#12659 = CARTESIAN_POINT('',(12.048562141612,35.877452647351,1.1));
#12660 = LINE('',#12661,#12662);
#12661 = CARTESIAN_POINT('',(12.048562141612,35.877452647351,1.1));
#12662 = VECTOR('',#12663,1.);
#12663 = DIRECTION('',(-0.,-0.,-1.));
#12664 = ORIENTED_EDGE('',*,*,#12665,.F.);
#12665 = EDGE_CURVE('',#12632,#12658,#12666,.T.);
#12666 = LINE('',#12667,#12668);
#12667 = CARTESIAN_POINT('',(12.934426969652,35.877452647351,1.1));
#12668 = VECTOR('',#12669,1.);
#12669 = DIRECTION('',(-1.,1.2E-16,0.));
#12670 = PLANE('',#12671);
#12671 = AXIS2_PLACEMENT_3D('',#12672,#12673,#12674);
#12672 = CARTESIAN_POINT('',(12.934426969652,35.877452647351,1.1));
#12673 = DIRECTION('',(1.2E-16,1.,0.));
#12674 = DIRECTION('',(-1.,1.2E-16,0.));
#12675 = ADVANCED_FACE('',(#12676),#12694,.T.);
#12676 = FACE_BOUND('',#12677,.T.);
#12677 = EDGE_LOOP('',(#12678,#12679,#12680,#12688));
#12678 = ORIENTED_EDGE('',*,*,#12657,.T.);
#12679 = ORIENTED_EDGE('',*,*,#11742,.T.);
#12680 = ORIENTED_EDGE('',*,*,#12681,.F.);
#12681 = EDGE_CURVE('',#12682,#11743,#12684,.T.);
#12682 = VERTEX_POINT('',#12683);
#12683 = CARTESIAN_POINT('',(11.541591306288,35.639976835015,1.1));
#12684 = LINE('',#12685,#12686);
#12685 = CARTESIAN_POINT('',(11.541591306288,35.639976835015,1.1));
#12686 = VECTOR('',#12687,1.);
#12687 = DIRECTION('',(-0.,-0.,-1.));
#12688 = ORIENTED_EDGE('',*,*,#12689,.F.);
#12689 = EDGE_CURVE('',#12658,#12682,#12690,.T.);
#12690 = B_SPLINE_CURVE_WITH_KNOTS('',2,(#12691,#12692,#12693),
  .UNSPECIFIED.,.F.,.F.,(3,3),(0.,1.),.PIECEWISE_BEZIER_KNOTS.);
#12691 = CARTESIAN_POINT('',(12.048562141612,35.877452647351,1.1));
#12692 = CARTESIAN_POINT('',(11.779067118624,35.877452647351,1.1));
#12693 = CARTESIAN_POINT('',(11.541591306288,35.639976835015,1.1));
#12694 = SURFACE_OF_LINEAR_EXTRUSION('',#12695,#12699);
#12695 = B_SPLINE_CURVE_WITH_KNOTS('',2,(#12696,#12697,#12698),
  .UNSPECIFIED.,.F.,.F.,(3,3),(0.,1.),.PIECEWISE_BEZIER_KNOTS.);
#12696 = CARTESIAN_POINT('',(12.048562141612,35.877452647351,1.1));
#12697 = CARTESIAN_POINT('',(11.779067118624,35.877452647351,1.1));
#12698 = CARTESIAN_POINT('',(11.541591306288,35.639976835015,1.1));
#12699 = VECTOR('',#12700,1.);
#12700 = DIRECTION('',(0.,0.,1.));
#12701 = ADVANCED_FACE('',(#12702),#12720,.T.);
#12702 = FACE_BOUND('',#12703,.T.);
#12703 = EDGE_LOOP('',(#12704,#12705,#12706,#12714));
#12704 = ORIENTED_EDGE('',*,*,#12681,.T.);
#12705 = ORIENTED_EDGE('',*,*,#11750,.T.);
#12706 = ORIENTED_EDGE('',*,*,#12707,.F.);
#12707 = EDGE_CURVE('',#12708,#11751,#12710,.T.);
#12708 = VERTEX_POINT('',#12709);
#12709 = CARTESIAN_POINT('',(11.306783761506,35.058294508169,1.1));
#12710 = LINE('',#12711,#12712);
#12711 = CARTESIAN_POINT('',(11.306783761506,35.058294508169,1.1));
#12712 = VECTOR('',#12713,1.);
#12713 = DIRECTION('',(-0.,-0.,-1.));
#12714 = ORIENTED_EDGE('',*,*,#12715,.F.);
#12715 = EDGE_CURVE('',#12682,#12708,#12716,.T.);
#12716 = B_SPLINE_CURVE_WITH_KNOTS('',2,(#12717,#12718,#12719),
  .UNSPECIFIED.,.F.,.F.,(3,3),(0.,1.),.PIECEWISE_BEZIER_KNOTS.);
#12717 = CARTESIAN_POINT('',(11.541591306288,35.639976835015,1.1));
#12718 = CARTESIAN_POINT('',(11.306783761506,35.405169290233,1.1));
#12719 = CARTESIAN_POINT('',(11.306783761506,35.058294508169,1.1));
#12720 = SURFACE_OF_LINEAR_EXTRUSION('',#12721,#12725);
#12721 = B_SPLINE_CURVE_WITH_KNOTS('',2,(#12722,#12723,#12724),
  .UNSPECIFIED.,.F.,.F.,(3,3),(0.,1.),.PIECEWISE_BEZIER_KNOTS.);
#12722 = CARTESIAN_POINT('',(11.541591306288,35.639976835015,1.1));
#12723 = CARTESIAN_POINT('',(11.306783761506,35.405169290233,1.1));
#12724 = CARTESIAN_POINT('',(11.306783761506,35.058294508169,1.1));
#12725 = VECTOR('',#12726,1.);
#12726 = DIRECTION('',(0.,0.,1.));
#12727 = ADVANCED_FACE('',(#12728),#12746,.T.);
#12728 = FACE_BOUND('',#12729,.T.);
#12729 = EDGE_LOOP('',(#12730,#12731,#12732,#12740));
#12730 = ORIENTED_EDGE('',*,*,#12707,.T.);
#12731 = ORIENTED_EDGE('',*,*,#11758,.T.);
#12732 = ORIENTED_EDGE('',*,*,#12733,.F.);
#12733 = EDGE_CURVE('',#12734,#11759,#12736,.T.);
#12734 = VERTEX_POINT('',#12735);
#12735 = CARTESIAN_POINT('',(11.544259573842,34.479280448878,1.1));
#12736 = LINE('',#12737,#12738);
#12737 = CARTESIAN_POINT('',(11.544259573842,34.479280448878,1.1));
#12738 = VECTOR('',#12739,1.);
#12739 = DIRECTION('',(-0.,-0.,-1.));
#12740 = ORIENTED_EDGE('',*,*,#12741,.F.);
#12741 = EDGE_CURVE('',#12708,#12734,#12742,.T.);
#12742 = B_SPLINE_CURVE_WITH_KNOTS('',2,(#12743,#12744,#12745),
  .UNSPECIFIED.,.F.,.F.,(3,3),(0.,1.),.PIECEWISE_BEZIER_KNOTS.);
#12743 = CARTESIAN_POINT('',(11.306783761506,35.058294508169,1.1));
#12744 = CARTESIAN_POINT('',(11.306783761506,34.711419726105,1.1));
#12745 = CARTESIAN_POINT('',(11.544259573842,34.479280448878,1.1));
#12746 = SURFACE_OF_LINEAR_EXTRUSION('',#12747,#12751);
#12747 = B_SPLINE_CURVE_WITH_KNOTS('',2,(#12748,#12749,#12750),
  .UNSPECIFIED.,.F.,.F.,(3,3),(0.,1.),.PIECEWISE_BEZIER_KNOTS.);
#12748 = CARTESIAN_POINT('',(11.306783761506,35.058294508169,1.1));
#12749 = CARTESIAN_POINT('',(11.306783761506,34.711419726105,1.1));
#12750 = CARTESIAN_POINT('',(11.544259573842,34.479280448878,1.1));
#12751 = VECTOR('',#12752,1.);
#12752 = DIRECTION('',(0.,0.,1.));
#12753 = ADVANCED_FACE('',(#12754),#12772,.T.);
#12754 = FACE_BOUND('',#12755,.T.);
#12755 = EDGE_LOOP('',(#12756,#12757,#12758,#12766));
#12756 = ORIENTED_EDGE('',*,*,#12733,.T.);
#12757 = ORIENTED_EDGE('',*,*,#11766,.T.);
#12758 = ORIENTED_EDGE('',*,*,#12759,.F.);
#12759 = EDGE_CURVE('',#12760,#11767,#12762,.T.);
#12760 = VERTEX_POINT('',#12761);
#12761 = CARTESIAN_POINT('',(12.160629378894,34.24714117165,1.1));
#12762 = LINE('',#12763,#12764);
#12763 = CARTESIAN_POINT('',(12.160629378894,34.24714117165,1.1));
#12764 = VECTOR('',#12765,1.);
#12765 = DIRECTION('',(-0.,-0.,-1.));
#12766 = ORIENTED_EDGE('',*,*,#12767,.F.);
#12767 = EDGE_CURVE('',#12734,#12760,#12768,.T.);
#12768 = B_SPLINE_CURVE_WITH_KNOTS('',2,(#12769,#12770,#12771),
  .UNSPECIFIED.,.F.,.F.,(3,3),(0.,1.),.PIECEWISE_BEZIER_KNOTS.);
#12769 = CARTESIAN_POINT('',(11.544259573842,34.479280448878,1.1));
#12770 = CARTESIAN_POINT('',(11.779067118624,34.24714117165,1.1));
#12771 = CARTESIAN_POINT('',(12.160629378894,34.24714117165,1.1));
#12772 = SURFACE_OF_LINEAR_EXTRUSION('',#12773,#12777);
#12773 = B_SPLINE_CURVE_WITH_KNOTS('',2,(#12774,#12775,#12776),
  .UNSPECIFIED.,.F.,.F.,(3,3),(0.,1.),.PIECEWISE_BEZIER_KNOTS.);
#12774 = CARTESIAN_POINT('',(11.544259573842,34.479280448878,1.1));
#12775 = CARTESIAN_POINT('',(11.779067118624,34.24714117165,1.1));
#12776 = CARTESIAN_POINT('',(12.160629378894,34.24714117165,1.1));
#12777 = VECTOR('',#12778,1.);
#12778 = DIRECTION('',(0.,0.,1.));
#12779 = ADVANCED_FACE('',(#12780),#12791,.T.);
#12780 = FACE_BOUND('',#12781,.T.);
#12781 = EDGE_LOOP('',(#12782,#12783,#12784,#12785));
#12782 = ORIENTED_EDGE('',*,*,#12759,.T.);
#12783 = ORIENTED_EDGE('',*,*,#11774,.T.);
#12784 = ORIENTED_EDGE('',*,*,#12622,.F.);
#12785 = ORIENTED_EDGE('',*,*,#12786,.F.);
#12786 = EDGE_CURVE('',#12760,#12623,#12787,.T.);
#12787 = LINE('',#12788,#12789);
#12788 = CARTESIAN_POINT('',(12.160629378894,34.24714117165,1.1));
#12789 = VECTOR('',#12790,1.);
#12790 = DIRECTION('',(1.,-1.2E-16,0.));
#12791 = PLANE('',#12792);
#12792 = AXIS2_PLACEMENT_3D('',#12793,#12794,#12795);
#12793 = CARTESIAN_POINT('',(12.160629378894,34.24714117165,1.1));
#12794 = DIRECTION('',(-1.2E-16,-1.,0.));
#12795 = DIRECTION('',(1.,-1.2E-16,0.));
#12796 = ADVANCED_FACE('',(#12797),#12822,.T.);
#12797 = FACE_BOUND('',#12798,.T.);
#12798 = EDGE_LOOP('',(#12799,#12807,#12808,#12816));
#12799 = ORIENTED_EDGE('',*,*,#12800,.T.);
#12800 = EDGE_CURVE('',#12801,#11803,#12803,.T.);
#12801 = VERTEX_POINT('',#12802);
#12802 = CARTESIAN_POINT('',(16.098992289097,35.896130520231,1.1));
#12803 = LINE('',#12804,#12805);
#12804 = CARTESIAN_POINT('',(16.098992289097,35.896130520231,1.1));
#12805 = VECTOR('',#12806,1.);
#12806 = DIRECTION('',(-0.,-0.,-1.));
#12807 = ORIENTED_EDGE('',*,*,#11802,.T.);
#12808 = ORIENTED_EDGE('',*,*,#12809,.F.);
#12809 = EDGE_CURVE('',#12810,#11805,#12812,.T.);
#12810 = VERTEX_POINT('',#12811);
#12811 = CARTESIAN_POINT('',(16.098992289097,37.521105460823,1.1));
#12812 = LINE('',#12813,#12814);
#12813 = CARTESIAN_POINT('',(16.098992289097,37.521105460823,1.1));
#12814 = VECTOR('',#12815,1.);
#12815 = DIRECTION('',(-0.,-0.,-1.));
#12816 = ORIENTED_EDGE('',*,*,#12817,.F.);
#12817 = EDGE_CURVE('',#12801,#12810,#12818,.T.);
#12818 = LINE('',#12819,#12820);
#12819 = CARTESIAN_POINT('',(16.098992289097,35.896130520231,1.1));
#12820 = VECTOR('',#12821,1.);
#12821 = DIRECTION('',(1.2E-16,1.,0.));
#12822 = PLANE('',#12823);
#12823 = AXIS2_PLACEMENT_3D('',#12824,#12825,#12826);
#12824 = CARTESIAN_POINT('',(16.098992289097,35.896130520231,1.1));
#12825 = DIRECTION('',(1.,-1.2E-16,0.));
#12826 = DIRECTION('',(1.2E-16,1.,0.));
#12827 = ADVANCED_FACE('',(#12828),#12846,.T.);
#12828 = FACE_BOUND('',#12829,.T.);
#12829 = EDGE_LOOP('',(#12830,#12831,#12832,#12840));
#12830 = ORIENTED_EDGE('',*,*,#12809,.T.);
#12831 = ORIENTED_EDGE('',*,*,#11812,.T.);
#12832 = ORIENTED_EDGE('',*,*,#12833,.F.);
#12833 = EDGE_CURVE('',#12834,#11813,#12836,.T.);
#12834 = VERTEX_POINT('',#12835);
#12835 = CARTESIAN_POINT('',(15.266492812144,37.521105460823,1.1));
#12836 = LINE('',#12837,#12838);
#12837 = CARTESIAN_POINT('',(15.266492812144,37.521105460823,1.1));
#12838 = VECTOR('',#12839,1.);
#12839 = DIRECTION('',(-0.,-0.,-1.));
#12840 = ORIENTED_EDGE('',*,*,#12841,.F.);
#12841 = EDGE_CURVE('',#12810,#12834,#12842,.T.);
#12842 = LINE('',#12843,#12844);
#12843 = CARTESIAN_POINT('',(16.098992289097,37.521105460823,1.1));
#12844 = VECTOR('',#12845,1.);
#12845 = DIRECTION('',(-1.,1.2E-16,0.));
#12846 = PLANE('',#12847);
#12847 = AXIS2_PLACEMENT_3D('',#12848,#12849,#12850);
#12848 = CARTESIAN_POINT('',(16.098992289097,37.521105460823,1.1));
#12849 = DIRECTION('',(1.2E-16,1.,0.));
#12850 = DIRECTION('',(-1.,1.2E-16,0.));
#12851 = ADVANCED_FACE('',(#12852),#12870,.T.);
#12852 = FACE_BOUND('',#12853,.T.);
#12853 = EDGE_LOOP('',(#12854,#12855,#12856,#12864));
#12854 = ORIENTED_EDGE('',*,*,#12833,.T.);
#12855 = ORIENTED_EDGE('',*,*,#11820,.T.);
#12856 = ORIENTED_EDGE('',*,*,#12857,.F.);
#12857 = EDGE_CURVE('',#12858,#11821,#12860,.T.);
#12858 = VERTEX_POINT('',#12859);
#12859 = CARTESIAN_POINT('',(14.684810485298,37.270288310715,1.1));
#12860 = LINE('',#12861,#12862);
#12861 = CARTESIAN_POINT('',(14.684810485298,37.270288310715,1.1));
#12862 = VECTOR('',#12863,1.);
#12863 = DIRECTION('',(-0.,-0.,-1.));
#12864 = ORIENTED_EDGE('',*,*,#12865,.F.);
#12865 = EDGE_CURVE('',#12834,#12858,#12866,.T.);
#12866 = B_SPLINE_CURVE_WITH_KNOTS('',2,(#12867,#12868,#12869),
  .UNSPECIFIED.,.F.,.F.,(3,3),(0.,1.),.PIECEWISE_BEZIER_KNOTS.);
#12867 = CARTESIAN_POINT('',(15.266492812144,37.521105460823,1.1));
#12868 = CARTESIAN_POINT('',(14.903608424754,37.521105460823,1.1));
#12869 = CARTESIAN_POINT('',(14.684810485298,37.270288310715,1.1));
#12870 = SURFACE_OF_LINEAR_EXTRUSION('',#12871,#12875);
#12871 = B_SPLINE_CURVE_WITH_KNOTS('',2,(#12872,#12873,#12874),
  .UNSPECIFIED.,.F.,.F.,(3,3),(0.,1.),.PIECEWISE_BEZIER_KNOTS.);
#12872 = CARTESIAN_POINT('',(15.266492812144,37.521105460823,1.1));
#12873 = CARTESIAN_POINT('',(14.903608424754,37.521105460823,1.1));
#12874 = CARTESIAN_POINT('',(14.684810485298,37.270288310715,1.1));
#12875 = VECTOR('',#12876,1.);
#12876 = DIRECTION('',(0.,0.,1.));
#12877 = ADVANCED_FACE('',(#12878),#12896,.T.);
#12878 = FACE_BOUND('',#12879,.T.);
#12879 = EDGE_LOOP('',(#12880,#12881,#12882,#12890));
#12880 = ORIENTED_EDGE('',*,*,#12857,.T.);
#12881 = ORIENTED_EDGE('',*,*,#11828,.T.);
#12882 = ORIENTED_EDGE('',*,*,#12883,.F.);
#12883 = EDGE_CURVE('',#12884,#11829,#12886,.T.);
#12884 = VERTEX_POINT('',#12885);
#12885 = CARTESIAN_POINT('',(14.466012545842,36.715288659413,1.1));
#12886 = LINE('',#12887,#12888);
#12887 = CARTESIAN_POINT('',(14.466012545842,36.715288659413,1.1));
#12888 = VECTOR('',#12889,1.);
#12889 = DIRECTION('',(-0.,-0.,-1.));
#12890 = ORIENTED_EDGE('',*,*,#12891,.F.);
#12891 = EDGE_CURVE('',#12858,#12884,#12892,.T.);
#12892 = B_SPLINE_CURVE_WITH_KNOTS('',2,(#12893,#12894,#12895),
  .UNSPECIFIED.,.F.,.F.,(3,3),(0.,1.),.PIECEWISE_BEZIER_KNOTS.);
#12893 = CARTESIAN_POINT('',(14.684810485298,37.270288310715,1.1));
#12894 = CARTESIAN_POINT('',(14.466012545842,37.019471160607,1.1));
#12895 = CARTESIAN_POINT('',(14.466012545842,36.715288659413,1.1));
#12896 = SURFACE_OF_LINEAR_EXTRUSION('',#12897,#12901);
#12897 = B_SPLINE_CURVE_WITH_KNOTS('',2,(#12898,#12899,#12900),
  .UNSPECIFIED.,.F.,.F.,(3,3),(0.,1.),.PIECEWISE_BEZIER_KNOTS.);
#12898 = CARTESIAN_POINT('',(14.684810485298,37.270288310715,1.1));
#12899 = CARTESIAN_POINT('',(14.466012545842,37.019471160607,1.1));
#12900 = CARTESIAN_POINT('',(14.466012545842,36.715288659413,1.1));
#12901 = VECTOR('',#12902,1.);
#12902 = DIRECTION('',(0.,0.,1.));
#12903 = ADVANCED_FACE('',(#12904),#12922,.T.);
#12904 = FACE_BOUND('',#12905,.T.);
#12905 = EDGE_LOOP('',(#12906,#12907,#12908,#12916));
#12906 = ORIENTED_EDGE('',*,*,#12883,.T.);
#12907 = ORIENTED_EDGE('',*,*,#11836,.T.);
#12908 = ORIENTED_EDGE('',*,*,#12909,.F.);
#12909 = EDGE_CURVE('',#12910,#11837,#12912,.T.);
#12910 = VERTEX_POINT('',#12911);
#12911 = CARTESIAN_POINT('',(14.671469147526,36.152284205448,1.1));
#12912 = LINE('',#12913,#12914);
#12913 = CARTESIAN_POINT('',(14.671469147526,36.152284205448,1.1));
#12914 = VECTOR('',#12915,1.);
#12915 = DIRECTION('',(-0.,-0.,-1.));
#12916 = ORIENTED_EDGE('',*,*,#12917,.F.);
#12917 = EDGE_CURVE('',#12884,#12910,#12918,.T.);
#12918 = B_SPLINE_CURVE_WITH_KNOTS('',2,(#12919,#12920,#12921),
  .UNSPECIFIED.,.F.,.F.,(3,3),(0.,1.),.PIECEWISE_BEZIER_KNOTS.);
#12919 = CARTESIAN_POINT('',(14.466012545842,36.715288659413,1.1));
#12920 = CARTESIAN_POINT('',(14.466012545842,36.411106158218,1.1));
#12921 = CARTESIAN_POINT('',(14.671469147526,36.152284205448,1.1));
#12922 = SURFACE_OF_LINEAR_EXTRUSION('',#12923,#12927);
#12923 = B_SPLINE_CURVE_WITH_KNOTS('',2,(#12924,#12925,#12926),
  .UNSPECIFIED.,.F.,.F.,(3,3),(0.,1.),.PIECEWISE_BEZIER_KNOTS.);
#12924 = CARTESIAN_POINT('',(14.466012545842,36.715288659413,1.1));
#12925 = CARTESIAN_POINT('',(14.466012545842,36.411106158218,1.1));
#12926 = CARTESIAN_POINT('',(14.671469147526,36.152284205448,1.1));
#12927 = VECTOR('',#12928,1.);
#12928 = DIRECTION('',(0.,0.,1.));
#12929 = ADVANCED_FACE('',(#12930),#12948,.T.);
#12930 = FACE_BOUND('',#12931,.T.);
#12931 = EDGE_LOOP('',(#12932,#12933,#12934,#12942));
#12932 = ORIENTED_EDGE('',*,*,#12909,.T.);
#12933 = ORIENTED_EDGE('',*,*,#11844,.T.);
#12934 = ORIENTED_EDGE('',*,*,#12935,.F.);
#12935 = EDGE_CURVE('',#12936,#11845,#12938,.T.);
#12936 = VERTEX_POINT('',#12937);
#12937 = CARTESIAN_POINT('',(15.258488009481,35.896130520231,1.1));
#12938 = LINE('',#12939,#12940);
#12939 = CARTESIAN_POINT('',(15.258488009481,35.896130520231,1.1));
#12940 = VECTOR('',#12941,1.);
#12941 = DIRECTION('',(-0.,-0.,-1.));
#12942 = ORIENTED_EDGE('',*,*,#12943,.F.);
#12943 = EDGE_CURVE('',#12910,#12936,#12944,.T.);
#12944 = B_SPLINE_CURVE_WITH_KNOTS('',2,(#12945,#12946,#12947),
  .UNSPECIFIED.,.F.,.F.,(3,3),(0.,1.),.PIECEWISE_BEZIER_KNOTS.);
#12945 = CARTESIAN_POINT('',(14.671469147526,36.152284205448,1.1));
#12946 = CARTESIAN_POINT('',(14.874257481656,35.896130520231,1.1));
#12947 = CARTESIAN_POINT('',(15.258488009481,35.896130520231,1.1));
#12948 = SURFACE_OF_LINEAR_EXTRUSION('',#12949,#12953);
#12949 = B_SPLINE_CURVE_WITH_KNOTS('',2,(#12950,#12951,#12952),
  .UNSPECIFIED.,.F.,.F.,(3,3),(0.,1.),.PIECEWISE_BEZIER_KNOTS.);
#12950 = CARTESIAN_POINT('',(14.671469147526,36.152284205448,1.1));
#12951 = CARTESIAN_POINT('',(14.874257481656,35.896130520231,1.1));
#12952 = CARTESIAN_POINT('',(15.258488009481,35.896130520231,1.1));
#12953 = VECTOR('',#12954,1.);
#12954 = DIRECTION('',(0.,0.,1.));
#12955 = ADVANCED_FACE('',(#12956),#12967,.T.);
#12956 = FACE_BOUND('',#12957,.T.);
#12957 = EDGE_LOOP('',(#12958,#12959,#12960,#12961));
#12958 = ORIENTED_EDGE('',*,*,#12935,.T.);
#12959 = ORIENTED_EDGE('',*,*,#11852,.T.);
#12960 = ORIENTED_EDGE('',*,*,#12800,.F.);
#12961 = ORIENTED_EDGE('',*,*,#12962,.F.);
#12962 = EDGE_CURVE('',#12936,#12801,#12963,.T.);
#12963 = LINE('',#12964,#12965);
#12964 = CARTESIAN_POINT('',(15.258488009481,35.896130520231,1.1));
#12965 = VECTOR('',#12966,1.);
#12966 = DIRECTION('',(1.,-1.2E-16,0.));
#12967 = PLANE('',#12968);
#12968 = AXIS2_PLACEMENT_3D('',#12969,#12970,#12971);
#12969 = CARTESIAN_POINT('',(15.258488009481,35.896130520231,1.1));
#12970 = DIRECTION('',(-1.2E-16,-1.,0.));
#12971 = DIRECTION('',(1.,-1.2E-16,0.));
#12972 = ADVANCED_FACE('',(#12973),#12998,.T.);
#12973 = FACE_BOUND('',#12974,.T.);
#12974 = EDGE_LOOP('',(#12975,#12983,#12984,#12992));
#12975 = ORIENTED_EDGE('',*,*,#12976,.T.);
#12976 = EDGE_CURVE('',#12977,#11861,#12979,.T.);
#12977 = VERTEX_POINT('',#12978);
#12978 = CARTESIAN_POINT('',(16.098992289097,34.260482509422,1.1));
#12979 = LINE('',#12980,#12981);
#12980 = CARTESIAN_POINT('',(16.098992289097,34.260482509422,1.1));
#12981 = VECTOR('',#12982,1.);
#12982 = DIRECTION('',(-0.,-0.,-1.));
#12983 = ORIENTED_EDGE('',*,*,#11860,.T.);
#12984 = ORIENTED_EDGE('',*,*,#12985,.F.);
#12985 = EDGE_CURVE('',#12986,#11863,#12988,.T.);
#12986 = VERTEX_POINT('',#12987);
#12987 = CARTESIAN_POINT('',(16.098992289097,35.479880781754,1.1));
#12988 = LINE('',#12989,#12990);
#12989 = CARTESIAN_POINT('',(16.098992289097,35.479880781754,1.1));
#12990 = VECTOR('',#12991,1.);
#12991 = DIRECTION('',(-0.,-0.,-1.));
#12992 = ORIENTED_EDGE('',*,*,#12993,.F.);
#12993 = EDGE_CURVE('',#12977,#12986,#12994,.T.);
#12994 = LINE('',#12995,#12996);
#12995 = CARTESIAN_POINT('',(16.098992289097,34.260482509422,1.1));
#12996 = VECTOR('',#12997,1.);
#12997 = DIRECTION('',(1.2E-16,1.,0.));
#12998 = PLANE('',#12999);
#12999 = AXIS2_PLACEMENT_3D('',#13000,#13001,#13002);
#13000 = CARTESIAN_POINT('',(16.098992289097,34.260482509422,1.1));
#13001 = DIRECTION('',(1.,-1.2E-16,0.));
#13002 = DIRECTION('',(1.2E-16,1.,0.));
#13003 = ADVANCED_FACE('',(#13004),#13022,.T.);
#13004 = FACE_BOUND('',#13005,.T.);
#13005 = EDGE_LOOP('',(#13006,#13007,#13008,#13016));
#13006 = ORIENTED_EDGE('',*,*,#12985,.T.);
#13007 = ORIENTED_EDGE('',*,*,#11870,.T.);
#13008 = ORIENTED_EDGE('',*,*,#13009,.F.);
#13009 = EDGE_CURVE('',#13010,#11871,#13012,.T.);
#13010 = VERTEX_POINT('',#13011);
#13011 = CARTESIAN_POINT('',(15.285170685024,35.479880781754,1.1));
#13012 = LINE('',#13013,#13014);
#13013 = CARTESIAN_POINT('',(15.285170685024,35.479880781754,1.1));
#13014 = VECTOR('',#13015,1.);
#13015 = DIRECTION('',(-0.,-0.,-1.));
#13016 = ORIENTED_EDGE('',*,*,#13017,.F.);
#13017 = EDGE_CURVE('',#12986,#13010,#13018,.T.);
#13018 = LINE('',#13019,#13020);
#13019 = CARTESIAN_POINT('',(16.098992289097,35.479880781754,1.1));
#13020 = VECTOR('',#13021,1.);
#13021 = DIRECTION('',(-1.,1.2E-16,0.));
#13022 = PLANE('',#13023);
#13023 = AXIS2_PLACEMENT_3D('',#13024,#13025,#13026);
#13024 = CARTESIAN_POINT('',(16.098992289097,35.479880781754,1.1));
#13025 = DIRECTION('',(1.2E-16,1.,0.));
#13026 = DIRECTION('',(-1.,1.2E-16,0.));
#13027 = ADVANCED_FACE('',(#13028),#13046,.T.);
#13028 = FACE_BOUND('',#13029,.T.);
#13029 = EDGE_LOOP('',(#13030,#13031,#13032,#13040));
#13030 = ORIENTED_EDGE('',*,*,#13009,.T.);
#13031 = ORIENTED_EDGE('',*,*,#11878,.T.);
#13032 = ORIENTED_EDGE('',*,*,#13033,.F.);
#13033 = EDGE_CURVE('',#13034,#11879,#13036,.T.);
#13034 = VERTEX_POINT('',#13035);
#13035 = CARTESIAN_POINT('',(14.826228665678,35.314448193386,1.1));
#13036 = LINE('',#13037,#13038);
#13037 = CARTESIAN_POINT('',(14.826228665678,35.314448193386,1.1));
#13038 = VECTOR('',#13039,1.);
#13039 = DIRECTION('',(-0.,-0.,-1.));
#13040 = ORIENTED_EDGE('',*,*,#13041,.F.);
#13041 = EDGE_CURVE('',#13010,#13034,#13042,.T.);
#13042 = B_SPLINE_CURVE_WITH_KNOTS('',2,(#13043,#13044,#13045),
  .UNSPECIFIED.,.F.,.F.,(3,3),(0.,1.),.PIECEWISE_BEZIER_KNOTS.);
#13043 = CARTESIAN_POINT('',(15.285170685024,35.479880781754,1.1));
#13044 = CARTESIAN_POINT('',(14.978319916275,35.479880781754,1.1));
#13045 = CARTESIAN_POINT('',(14.826228665678,35.314448193385,1.1));
#13046 = SURFACE_OF_LINEAR_EXTRUSION('',#13047,#13051);
#13047 = B_SPLINE_CURVE_WITH_KNOTS('',2,(#13048,#13049,#13050),
  .UNSPECIFIED.,.F.,.F.,(3,3),(0.,1.),.PIECEWISE_BEZIER_KNOTS.);
#13048 = CARTESIAN_POINT('',(15.285170685024,35.479880781754,1.1));
#13049 = CARTESIAN_POINT('',(14.978319916275,35.479880781754,1.1));
#13050 = CARTESIAN_POINT('',(14.826228665678,35.314448193385,1.1));
#13051 = VECTOR('',#13052,1.);
#13052 = DIRECTION('',(0.,0.,1.));
#13053 = ADVANCED_FACE('',(#13054),#13072,.T.);
#13054 = FACE_BOUND('',#13055,.T.);
#13055 = EDGE_LOOP('',(#13056,#13057,#13058,#13066));
#13056 = ORIENTED_EDGE('',*,*,#13033,.T.);
#13057 = ORIENTED_EDGE('',*,*,#11886,.T.);
#13058 = ORIENTED_EDGE('',*,*,#13059,.F.);
#13059 = EDGE_CURVE('',#13060,#11887,#13062,.T.);
#13060 = VERTEX_POINT('',#13061);
#13061 = CARTESIAN_POINT('',(14.671469147526,34.898198454909,1.1));
#13062 = LINE('',#13063,#13064);
#13063 = CARTESIAN_POINT('',(14.671469147526,34.898198454909,1.1));
#13064 = VECTOR('',#13065,1.);
#13065 = DIRECTION('',(-0.,-0.,-1.));
#13066 = ORIENTED_EDGE('',*,*,#13067,.F.);
#13067 = EDGE_CURVE('',#13034,#13060,#13068,.T.);
#13068 = B_SPLINE_CURVE_WITH_KNOTS('',2,(#13069,#13070,#13071),
  .UNSPECIFIED.,.F.,.F.,(3,3),(0.,1.),.PIECEWISE_BEZIER_KNOTS.);
#13069 = CARTESIAN_POINT('',(14.826228665678,35.314448193386,1.1));
#13070 = CARTESIAN_POINT('',(14.671469147526,35.146347337462,1.1));
#13071 = CARTESIAN_POINT('',(14.671469147526,34.898198454909,1.1));
#13072 = SURFACE_OF_LINEAR_EXTRUSION('',#13073,#13077);
#13073 = B_SPLINE_CURVE_WITH_KNOTS('',2,(#13074,#13075,#13076),
  .UNSPECIFIED.,.F.,.F.,(3,3),(0.,1.),.PIECEWISE_BEZIER_KNOTS.);
#13074 = CARTESIAN_POINT('',(14.826228665678,35.314448193386,1.1));
#13075 = CARTESIAN_POINT('',(14.671469147526,35.146347337462,1.1));
#13076 = CARTESIAN_POINT('',(14.671469147526,34.898198454909,1.1));
#13077 = VECTOR('',#13078,1.);
#13078 = DIRECTION('',(0.,0.,1.));
#13079 = ADVANCED_FACE('',(#13080),#13098,.T.);
#13080 = FACE_BOUND('',#13081,.T.);
#13081 = EDGE_LOOP('',(#13082,#13083,#13084,#13092));
#13082 = ORIENTED_EDGE('',*,*,#13059,.T.);
#13083 = ORIENTED_EDGE('',*,*,#11894,.T.);
#13084 = ORIENTED_EDGE('',*,*,#13085,.F.);
#13085 = EDGE_CURVE('',#13086,#11895,#13088,.T.);
#13086 = VERTEX_POINT('',#13087);
#13087 = CARTESIAN_POINT('',(14.834233468341,34.455266040889,1.1));
#13088 = LINE('',#13089,#13090);
#13089 = CARTESIAN_POINT('',(14.834233468341,34.455266040889,1.1));
#13090 = VECTOR('',#13091,1.);
#13091 = DIRECTION('',(-0.,-0.,-1.));
#13092 = ORIENTED_EDGE('',*,*,#13093,.F.);
#13093 = EDGE_CURVE('',#13060,#13086,#13094,.T.);
#13094 = B_SPLINE_CURVE_WITH_KNOTS('',2,(#13095,#13096,#13097),
  .UNSPECIFIED.,.F.,.F.,(3,3),(0.,1.),.PIECEWISE_BEZIER_KNOTS.);
#13095 = CARTESIAN_POINT('',(14.671469147526,34.898198454909,1.1));
#13096 = CARTESIAN_POINT('',(14.671469147526,34.647381304801,1.1));
#13097 = CARTESIAN_POINT('',(14.834233468341,34.455266040889,1.1));
#13098 = SURFACE_OF_LINEAR_EXTRUSION('',#13099,#13103);
#13099 = B_SPLINE_CURVE_WITH_KNOTS('',2,(#13100,#13101,#13102),
  .UNSPECIFIED.,.F.,.F.,(3,3),(0.,1.),.PIECEWISE_BEZIER_KNOTS.);
#13100 = CARTESIAN_POINT('',(14.671469147526,34.898198454909,1.1));
#13101 = CARTESIAN_POINT('',(14.671469147526,34.647381304801,1.1));
#13102 = CARTESIAN_POINT('',(14.834233468341,34.455266040889,1.1));
#13103 = VECTOR('',#13104,1.);
#13104 = DIRECTION('',(0.,0.,1.));
#13105 = ADVANCED_FACE('',(#13106),#13124,.T.);
#13106 = FACE_BOUND('',#13107,.T.);
#13107 = EDGE_LOOP('',(#13108,#13109,#13110,#13118));
#13108 = ORIENTED_EDGE('',*,*,#13085,.T.);
#13109 = ORIENTED_EDGE('',*,*,#11902,.T.);
#13110 = ORIENTED_EDGE('',*,*,#13111,.F.);
#13111 = EDGE_CURVE('',#13112,#11903,#13114,.T.);
#13112 = VERTEX_POINT('',#13113);
#13113 = CARTESIAN_POINT('',(15.295843755241,34.260482509422,1.1));
#13114 = LINE('',#13115,#13116);
#13115 = CARTESIAN_POINT('',(15.295843755241,34.260482509422,1.1));
#13116 = VECTOR('',#13117,1.);
#13117 = DIRECTION('',(-0.,-0.,-1.));
#13118 = ORIENTED_EDGE('',*,*,#13119,.F.);
#13119 = EDGE_CURVE('',#13086,#13112,#13120,.T.);
#13120 = B_SPLINE_CURVE_WITH_KNOTS('',2,(#13121,#13122,#13123),
  .UNSPECIFIED.,.F.,.F.,(3,3),(0.,1.),.PIECEWISE_BEZIER_KNOTS.);
#13121 = CARTESIAN_POINT('',(14.834233468341,34.455266040889,1.1));
#13122 = CARTESIAN_POINT('',(14.996997789155,34.260482509422,1.1));
#13123 = CARTESIAN_POINT('',(15.295843755241,34.260482509422,1.1));
#13124 = SURFACE_OF_LINEAR_EXTRUSION('',#13125,#13129);
#13125 = B_SPLINE_CURVE_WITH_KNOTS('',2,(#13126,#13127,#13128),
  .UNSPECIFIED.,.F.,.F.,(3,3),(0.,1.),.PIECEWISE_BEZIER_KNOTS.);
#13126 = CARTESIAN_POINT('',(14.834233468341,34.455266040889,1.1));
#13127 = CARTESIAN_POINT('',(14.996997789155,34.260482509422,1.1));
#13128 = CARTESIAN_POINT('',(15.295843755241,34.260482509422,1.1));
#13129 = VECTOR('',#13130,1.);
#13130 = DIRECTION('',(0.,0.,1.));
#13131 = ADVANCED_FACE('',(#13132),#13143,.T.);
#13132 = FACE_BOUND('',#13133,.T.);
#13133 = EDGE_LOOP('',(#13134,#13135,#13136,#13137));
#13134 = ORIENTED_EDGE('',*,*,#13111,.T.);
#13135 = ORIENTED_EDGE('',*,*,#11910,.T.);
#13136 = ORIENTED_EDGE('',*,*,#12976,.F.);
#13137 = ORIENTED_EDGE('',*,*,#13138,.F.);
#13138 = EDGE_CURVE('',#13112,#12977,#13139,.T.);
#13139 = LINE('',#13140,#13141);
#13140 = CARTESIAN_POINT('',(15.295843755241,34.260482509422,1.1));
#13141 = VECTOR('',#13142,1.);
#13142 = DIRECTION('',(1.,-1.2E-16,0.));
#13143 = PLANE('',#13144);
#13144 = AXIS2_PLACEMENT_3D('',#13145,#13146,#13147);
#13145 = CARTESIAN_POINT('',(15.295843755241,34.260482509422,1.1));
#13146 = DIRECTION('',(-1.2E-16,-1.,0.));
#13147 = DIRECTION('',(1.,-1.2E-16,0.));
#13148 = ADVANCED_FACE('',(#13149),#13174,.T.);
#13149 = FACE_BOUND('',#13150,.T.);
#13150 = EDGE_LOOP('',(#13151,#13159,#13160,#13168));
#13151 = ORIENTED_EDGE('',*,*,#13152,.T.);
#13152 = EDGE_CURVE('',#13153,#11940,#13155,.T.);
#13153 = VERTEX_POINT('',#13154);
#13154 = CARTESIAN_POINT('',(18.58581764974,34.674063980344,1.1));
#13155 = LINE('',#13156,#13157);
#13156 = CARTESIAN_POINT('',(18.58581764974,34.674063980344,1.1));
#13157 = VECTOR('',#13158,1.);
#13158 = DIRECTION('',(-0.,-0.,-1.));
#13159 = ORIENTED_EDGE('',*,*,#11939,.T.);
#13160 = ORIENTED_EDGE('',*,*,#13161,.F.);
#13161 = EDGE_CURVE('',#13162,#11942,#13164,.T.);
#13162 = VERTEX_POINT('',#13163);
#13163 = CARTESIAN_POINT('',(19.199519187237,36.496490719957,1.1));
#13164 = LINE('',#13165,#13166);
#13165 = CARTESIAN_POINT('',(19.199519187237,36.496490719957,1.1));
#13166 = VECTOR('',#13167,1.);
#13167 = DIRECTION('',(-0.,-0.,-1.));
#13168 = ORIENTED_EDGE('',*,*,#13169,.F.);
#13169 = EDGE_CURVE('',#13153,#13162,#13170,.T.);
#13170 = LINE('',#13171,#13172);
#13171 = CARTESIAN_POINT('',(18.58581764974,34.674063980344,1.1));
#13172 = VECTOR('',#13173,1.);
#13173 = DIRECTION('',(0.319140162784,0.947707526876,0.));
#13174 = PLANE('',#13175);
#13175 = AXIS2_PLACEMENT_3D('',#13176,#13177,#13178);
#13176 = CARTESIAN_POINT('',(18.58581764974,34.674063980344,1.1));
#13177 = DIRECTION('',(0.947707526876,-0.319140162784,0.));
#13178 = DIRECTION('',(0.319140162784,0.947707526876,0.));
#13179 = ADVANCED_FACE('',(#13180),#13198,.T.);
#13180 = FACE_BOUND('',#13181,.T.);
#13181 = EDGE_LOOP('',(#13182,#13183,#13184,#13192));
#13182 = ORIENTED_EDGE('',*,*,#13161,.T.);
#13183 = ORIENTED_EDGE('',*,*,#11949,.T.);
#13184 = ORIENTED_EDGE('',*,*,#13185,.F.);
#13185 = EDGE_CURVE('',#13186,#11950,#13188,.T.);
#13186 = VERTEX_POINT('',#13187);
#13187 = CARTESIAN_POINT('',(17.969447844688,36.496490719957,1.1));
#13188 = LINE('',#13189,#13190);
#13189 = CARTESIAN_POINT('',(17.969447844688,36.496490719957,1.1));
#13190 = VECTOR('',#13191,1.);
#13191 = DIRECTION('',(-0.,-0.,-1.));
#13192 = ORIENTED_EDGE('',*,*,#13193,.F.);
#13193 = EDGE_CURVE('',#13162,#13186,#13194,.T.);
#13194 = LINE('',#13195,#13196);
#13195 = CARTESIAN_POINT('',(19.199519187237,36.496490719957,1.1));
#13196 = VECTOR('',#13197,1.);
#13197 = DIRECTION('',(-1.,1.2E-16,0.));
#13198 = PLANE('',#13199);
#13199 = AXIS2_PLACEMENT_3D('',#13200,#13201,#13202);
#13200 = CARTESIAN_POINT('',(19.199519187237,36.496490719957,1.1));
#13201 = DIRECTION('',(1.2E-16,1.,0.));
#13202 = DIRECTION('',(-1.,1.2E-16,0.));
#13203 = ADVANCED_FACE('',(#13204),#13215,.T.);
#13204 = FACE_BOUND('',#13205,.T.);
#13205 = EDGE_LOOP('',(#13206,#13207,#13208,#13209));
#13206 = ORIENTED_EDGE('',*,*,#13185,.T.);
#13207 = ORIENTED_EDGE('',*,*,#11957,.T.);
#13208 = ORIENTED_EDGE('',*,*,#13152,.F.);
#13209 = ORIENTED_EDGE('',*,*,#13210,.F.);
#13210 = EDGE_CURVE('',#13186,#13153,#13211,.T.);
#13211 = LINE('',#13212,#13213);
#13212 = CARTESIAN_POINT('',(17.969447844688,36.496490719957,1.1));
#13213 = VECTOR('',#13214,1.);
#13214 = DIRECTION('',(0.320385576111,-0.947287222874,0.));
#13215 = PLANE('',#13216);
#13216 = AXIS2_PLACEMENT_3D('',#13217,#13218,#13219);
#13217 = CARTESIAN_POINT('',(17.969447844688,36.496490719957,1.1));
#13218 = DIRECTION('',(-0.947287222874,-0.320385576111,0.));
#13219 = DIRECTION('',(0.320385576111,-0.947287222874,0.));
#13220 = ADVANCED_FACE('',(#13221),#13227,.T.);
#13221 = FACE_BOUND('',#13222,.T.);
#13222 = EDGE_LOOP('',(#13223,#13224,#13225,#13226));
#13223 = ORIENTED_EDGE('',*,*,#12084,.T.);
#13224 = ORIENTED_EDGE('',*,*,#12065,.T.);
#13225 = ORIENTED_EDGE('',*,*,#12034,.F.);
#13226 = ORIENTED_EDGE('',*,*,#12007,.F.);
#13227 = PLANE('',#13228);
#13228 = AXIS2_PLACEMENT_3D('',#13229,#13230,#13231);
#13229 = CARTESIAN_POINT('',(-1.809E-13,1.6703E-13,5.1));
#13230 = DIRECTION('',(0.,0.,1.));
#13231 = DIRECTION('',(1.,0.,0.));
#13232 = ADVANCED_FACE('',(#13233),#13247,.T.);
#13233 = FACE_BOUND('',#13234,.T.);
#13234 = EDGE_LOOP('',(#13235,#13236,#13237,#13238,#13239,#13240,#13241,
    #13242,#13243,#13244,#13245,#13246));
#13235 = ORIENTED_EDGE('',*,*,#12606,.T.);
#13236 = ORIENTED_EDGE('',*,*,#12327,.T.);
#13237 = ORIENTED_EDGE('',*,*,#12353,.T.);
#13238 = ORIENTED_EDGE('',*,*,#12379,.T.);
#13239 = ORIENTED_EDGE('',*,*,#12405,.T.);
#13240 = ORIENTED_EDGE('',*,*,#12431,.T.);
#13241 = ORIENTED_EDGE('',*,*,#12457,.T.);
#13242 = ORIENTED_EDGE('',*,*,#12483,.T.);
#13243 = ORIENTED_EDGE('',*,*,#12509,.T.);
#13244 = ORIENTED_EDGE('',*,*,#12535,.T.);
#13245 = ORIENTED_EDGE('',*,*,#12561,.T.);
#13246 = ORIENTED_EDGE('',*,*,#12587,.T.);
#13247 = PLANE('',#13248);
#13248 = AXIS2_PLACEMENT_3D('',#13249,#13250,#13251);
#13249 = CARTESIAN_POINT('',(1.074713574091,-0.21279989134,1.1));
#13250 = DIRECTION('',(0.,0.,1.));
#13251 = DIRECTION('',(1.,0.,0.));
#13252 = ADVANCED_FACE('',(#13253),#13262,.T.);
#13253 = FACE_BOUND('',#13254,.T.);
#13254 = EDGE_LOOP('',(#13255,#13256,#13257,#13258,#13259,#13260,#13261)
  );
#13255 = ORIENTED_EDGE('',*,*,#12786,.T.);
#13256 = ORIENTED_EDGE('',*,*,#12639,.T.);
#13257 = ORIENTED_EDGE('',*,*,#12665,.T.);
#13258 = ORIENTED_EDGE('',*,*,#12689,.T.);
#13259 = ORIENTED_EDGE('',*,*,#12715,.T.);
#13260 = ORIENTED_EDGE('',*,*,#12741,.T.);
#13261 = ORIENTED_EDGE('',*,*,#12767,.T.);
#13262 = PLANE('',#13263);
#13263 = AXIS2_PLACEMENT_3D('',#13264,#13265,#13266);
#13264 = CARTESIAN_POINT('',(1.074713574091,-0.21279989134,1.1));
#13265 = DIRECTION('',(0.,0.,1.));
#13266 = DIRECTION('',(1.,0.,0.));
#13267 = ADVANCED_FACE('',(#13268),#13277,.T.);
#13268 = FACE_BOUND('',#13269,.T.);
#13269 = EDGE_LOOP('',(#13270,#13271,#13272,#13273,#13274,#13275,#13276)
  );
#13270 = ORIENTED_EDGE('',*,*,#12962,.T.);
#13271 = ORIENTED_EDGE('',*,*,#12817,.T.);
#13272 = ORIENTED_EDGE('',*,*,#12841,.T.);
#13273 = ORIENTED_EDGE('',*,*,#12865,.T.);
#13274 = ORIENTED_EDGE('',*,*,#12891,.T.);
#13275 = ORIENTED_EDGE('',*,*,#12917,.T.);
#13276 = ORIENTED_EDGE('',*,*,#12943,.T.);
#13277 = PLANE('',#13278);
#13278 = AXIS2_PLACEMENT_3D('',#13279,#13280,#13281);
#13279 = CARTESIAN_POINT('',(1.074713574091,-0.21279989134,1.1));
#13280 = DIRECTION('',(0.,0.,1.));
#13281 = DIRECTION('',(1.,0.,0.));
#13282 = ADVANCED_FACE('',(#13283),#13292,.T.);
#13283 = FACE_BOUND('',#13284,.T.);
#13284 = EDGE_LOOP('',(#13285,#13286,#13287,#13288,#13289,#13290,#13291)
  );
#13285 = ORIENTED_EDGE('',*,*,#13138,.T.);
#13286 = ORIENTED_EDGE('',*,*,#12993,.T.);
#13287 = ORIENTED_EDGE('',*,*,#13017,.T.);
#13288 = ORIENTED_EDGE('',*,*,#13041,.T.);
#13289 = ORIENTED_EDGE('',*,*,#13067,.T.);
#13290 = ORIENTED_EDGE('',*,*,#13093,.T.);
#13291 = ORIENTED_EDGE('',*,*,#13119,.T.);
#13292 = PLANE('',#13293);
#13293 = AXIS2_PLACEMENT_3D('',#13294,#13295,#13296);
#13294 = CARTESIAN_POINT('',(1.074713574091,-0.21279989134,1.1));
#13295 = DIRECTION('',(0.,0.,1.));
#13296 = DIRECTION('',(1.,0.,0.));
#13297 = ADVANCED_FACE('',(#13298),#13303,.T.);
#13298 = FACE_BOUND('',#13299,.T.);
#13299 = EDGE_LOOP('',(#13300,#13301,#13302));
#13300 = ORIENTED_EDGE('',*,*,#13210,.T.);
#13301 = ORIENTED_EDGE('',*,*,#13169,.T.);
#13302 = ORIENTED_EDGE('',*,*,#13193,.T.);
#13303 = PLANE('',#13304);
#13304 = AXIS2_PLACEMENT_3D('',#13305,#13306,#13307);
#13305 = CARTESIAN_POINT('',(1.074713574091,-0.21279989134,1.1));
#13306 = DIRECTION('',(0.,0.,1.));
#13307 = DIRECTION('',(1.,0.,0.));
#13308 = ( GEOMETRIC_REPRESENTATION_CONTEXT(3) 
GLOBAL_UNCERTAINTY_ASSIGNED_CONTEXT((#13312)) 
GLOBAL_UNIT_ASSIGNED_CONTEXT((#13309,#13310,#13311)) 
REPRESENTATION_CONTEXT('Context #1',
  '3D Context with UNIT and UNCERTAINTY') );
#13309 = ( LENGTH_UNIT() NAMED_UNIT(*) SI_UNIT(.MILLI.,.METRE.) );
#13310 = ( NAMED_UNIT(*) PLANE_ANGLE_UNIT() SI_UNIT($,.RADIAN.) );
#13311 = ( NAMED_UNIT(*) SI_UNIT($,.STERADIAN.) SOLID_ANGLE_UNIT() );
#13312 = UNCERTAINTY_MEASURE_WITH_UNIT(LENGTH_MEASURE(5.E-07),#13309,
  'distance_accuracy_value','confusion accuracy');
#13313 = PRODUCT_RELATED_PRODUCT_CATEGORY('part',$,(#7));
#13314 = MECHANICAL_DESIGN_GEOMETRIC_PRESENTATION_REPRESENTATION('',(
    #13315),#13308);
#13315 = STYLED_ITEM('color',(#13316),#15);
#13316 = PRESENTATION_STYLE_ASSIGNMENT((#13317,#13323));
#13317 = SURFACE_STYLE_USAGE(.BOTH.,#13318);
#13318 = SURFACE_SIDE_STYLE('',(#13319));
#13319 = SURFACE_STYLE_FILL_AREA(#13320);
#13320 = FILL_AREA_STYLE('',(#13321));
#13321 = FILL_AREA_STYLE_COLOUR('',#13322);
#13322 = COLOUR_RGB('',0.447058818107,0.474509808674,0.501960817233);
#13323 = CURVE_STYLE('',#13324,POSITIVE_LENGTH_MEASURE(0.1),#13325);
#13324 = DRAUGHTING_PRE_DEFINED_CURVE_FONT('continuous');
#13325 = DRAUGHTING_PRE_DEFINED_COLOUR('black');
ENDSEC;
END-ISO-10303-21;
